income,education,experience
140.16071200899304,13.745401188473625,11.809065608323262
133.96093543192913,19.50714306409916,14.203069781250642
105.2540126658666,17.31993941811405,25.63642179606541
164.20256739845115,15.986584841970366,10.200131581796764
134.1649275170813,11.560186404424366,26.08949054436514
158.2010262841268,11.559945203362027,2.644032929300745
79.4054849362871,10.580836121681994,23.30395311625892
172.32878117188847,18.661761457749353,25.42642899164209
157.3599043248525,16.011150117432088,5.454529585120163
195.77449988964867,17.080725777960456,12.910395971166013
166.4561724286324,10.205844942958024,4.964993239909669
218.74981225982336,19.699098521619945,21.19812386982653
270.2658957735743,18.324426408004218,16.060433041849702
117.18123510172705,12.123391106782762,19.059700401249632
132.60091788964198,11.818249672071007,5.894609008686334
48.7290654214972,11.834045098534338,6.352375861572586
58.15098856216595,13.042422429595376,1.244919765297191
95.28850278445029,15.247564316322379,9.662026055871891
85.89060653214601,14.319450186421157,16.79233984001025
114.0861509481354,12.912291401980418,25.738047419919862
115.07661790794097,16.118528947223794,20.00782342376042
54.438869028102594,11.394938606520418,13.061889701992543
169.14728017979223,12.921446485352181,28.593603431824135
73.72163582959428,13.663618432936918,21.577356017274955
202.8992087815547,14.56069984217036,27.9049560858765
101.43657557943115,17.851759613930135,15.82763919816497
207.5824879695546,11.996737821583597,7.767128243794188
201.6603862681525,15.142344384136116,1.5848005909416596
173.28799644328058,15.924145688620424,21.782545544515514
101.2893889681122,10.464504127199977,3.6390899401660235
63.04732648034287,16.075448519014383,9.083253848159016
221.93248657556182,11.705241236872915,15.974127236516921
174.30877004746336,10.650515929852794,16.93249763339243
238.41476334073207,19.488855372533333,18.01749590961408
189.20631372839682,19.656320330745594,4.987659910491019
116.09278377858229,18.083973481164612,11.392122144649463
211.39115875829233,13.046137691733707,18.515826813509
136.61391753750615,10.97672114006384,29.094565939013542
169.12967906338037,16.842330265121568,21.82893413099066
86.82433191771406,14.401524937396013,27.678112712818734
196.19384873142522,11.220382348447789,22.866361749425312
72.18718345147538,14.951769101112703,17.751509066772012
85.08032489752564,10.343885211152184,5.760701074090337
185.22136432378602,19.09320402078782,20.000569556775392
207.44110796228273,12.58779981600017,18.701386978797213
172.85791928546055,16.62522284353982,18.074075113717992
104.03970634031951,13.117110760894109,14.693576039647223
63.49375449615006,15.200680211778108,15.859698119678269
177.27408831033895,15.467102793432797,10.033275813543122
171.86011636890623,11.84854455525527,15.579380779269096
207.16431649734375,19.695846277645586,5.926677170354347
156.7321338421846,17.751328233611147,24.155231920811303
230.80576845286956,19.39498941564189,5.573308640961234
124.78790889184468,18.94827350427649,2.5489886966839927
153.490725989604,15.978999788110851,13.087380790714722
159.99598373121958,19.218742350231167,19.749223185181854
116.51107443750232,10.884925020519194,13.131504748006241
166.83408680037462,11.959828624191452,8.302623958539257
134.34957107604507,10.45227288910538,16.745135516713223
116.63845672119034,13.253303307632644,10.410070062365998
118.85348167233904,13.88677289689482,27.986030703798992
81.97924159376011,12.713490317738959,27.679354188107162
171.27867714438918,18.287375091519294,15.071154599162863
87.47897570604613,13.567533266935893,9.836519820547755
91.35852445455646,12.809345096873807,22.113972418699174
189.27707054030117,15.426960831582484,1.1013883044919992
141.37625568606563,11.409242249747626,14.243070181309538
191.33621852868677,18.021969807540398,10.089701828110005
138.39656610866652,10.745506436797708,27.616076553076642
215.91385123328544,19.86886936600517,0.3600908181804763
226.33365326982138,17.722447692966576,16.584446271550473
190.34204382399693,11.987156815341724,22.21990743199878
117.16595450716197,10.055221171236024,14.550539625721237
123.99508180675961,18.15461428454834,2.56209090488165
262.7392086636013,17.06857343847617,29.173841700837066
104.62794971260188,17.290071680409874,15.540312941282938
87.327016071307,17.71270346685946,18.42558732957034
100.03500997029734,10.740446517340903,7.09829348122522
72.63361546552329,13.584657285442725,14.504942553204113
244.71306247424053,11.158690595251297,12.874484758749656
170.4905306856612,18.631034258755935,2.246875260059512
121.07228803393396,16.23298126827558,3.1848106064240165
162.7591383798751,13.308980248526492,25.124175588563237
119.31693448305174,10.635583502860236,7.194598566197707
62.89225063504453,13.109823217156622,5.8487481449589165
135.91754850950656,13.251833220267471,15.147343537504177
198.3015567610814,17.29606178338064,23.062413940875388
114.74003059013899,16.37557471355213,1.8583955573696376
190.52486476192072,18.872127425763267,17.304237589147675
93.67091524693147,14.722149251619493,3.576313285217201
86.33216377920469,11.195942459383017,1.0938315247685537
92.53735229002237,17.13244787222995,1.5823185648665217
153.60802800496015,17.607850486168974,25.02492324625324
182.15994956800037,15.612771975694962,3.539174508841847
210.4131326845384,17.70967179954561,1.3545409323687585
129.9688204107935,14.937955963643908,13.13699661428737
174.6942250142623,15.22732829381994,25.319804158260744
159.00307437382946,14.275410183585496,7.872251294679058
85.54803958442908,10.254191267440952,12.651378525777492
71.44138187556733,11.078914269933044,1.1976759769125367
236.1716191986079,10.314291856867342,13.472355424046276
178.18318753145618,16.364104112637804,17.32839241911401
199.47754335302855,13.143559810763266,17.127211612564345
106.06270954373231,15.085706911647028,9.972800765230955
184.23975000411727,19.07566473926093,9.465995419894066
107.2055323022968,12.49292229148875,3.1987085680979366
98.13023116250206,14.103829230356297,11.003949619388052
158.32799012488735,17.555511385430485,2.98484006618894
114.48712927513922,12.287981654916225,22.99787834136155
103.09256668124883,10.76979909828793,28.988228932445576
128.17330022274768,12.89751452913768,29.102233700001207
76.08056887487972,11.612212872540045,25.952132981261816
192.54346231103418,19.29697652342573,18.023764480188575
187.1772605679457,18.08120379564417,21.025970917316396
88.13937788505018,16.334037565104236,8.556174080412422
116.64320205574006,18.714605901877178,18.92311260517862
96.80809997756242,18.036720768991145,13.669486483196323
156.1117575619322,11.865700588860358,14.460520193307975
118.2701253509944,18.925589984899776,22.73329681125474
181.53965637642267,15.393422419156508,8.45755066791755
75.86157713865329,18.074401551640626,9.541188350835597
116.59740065996678,18.96091299923493,27.7392537338591
166.15701121702858,13.180034749718638,1.6867288455291674
140.07910508707263,11.100519245276768,14.569028952400211
100.16704379011473,12.279351625419416,27.38402401223585
150.2586479689486,14.271077886262564,18.31089023454471
153.96300538137976,18.180147659224932,16.392212226363963
158.30702054393132,18.607305832563434,7.492325376880657
122.09440924413192,10.069521305311907,10.298264671933449
178.88478639096004,15.107473025775658,25.561452474140786
247.19491825669323,14.174110031487789,16.776543953053743
102.38074023036681,12.221078104707303,15.442265812703397
122.0333572653521,11.198653673336828,2.9873914062008677
132.62145226425162,13.37615171403628,0.48084469365369364
98.0850923711982,19.429097039125192,28.91055566061147
64.71067685244184,13.232029320207552,11.30958501860525
79.93825306892046,15.18790621743366,18.09639186298513
149.74257164386464,17.030189588951778,2.39145219561855
144.82392611124143,13.63629602379294,20.493428571691396
189.86816884813493,19.717820827209607,27.977001261178827
84.76092470891776,19.62447294942111,17.26995758992259
140.9045479676166,12.517822958253642,3.783459671262317
222.19768092519422,14.972485058923855,17.451645824204302
97.89231535732448,13.008783098167697,22.990416393139572
156.89514191695523,12.848404943774677,12.192496097220559
152.23350538176294,10.368869473545328,26.395132438244037
184.53817757492249,16.09564333979897,19.460488600720936
151.21509365722045,15.026790232288615,26.977467548676074
167.95386873180018,10.514787512499893,18.705159337420117
92.38452296968218,12.786464642366115,3.938639160144727
228.5302721191529,19.082658859666537,9.290751333155674
74.00628228809205,12.395618906669725,6.053848447573707
119.67559667995758,11.448948720912231,27.264794931505868
104.96239679325048,14.89452760277563,22.81200201862448
201.41358212984522,19.856504541106005,20.291951067300182
114.127458671892,12.420552715115004,9.028989588948651
71.51489055769954,16.721355474058786,5.5213431615064055
117.10218848249686,17.616196153287177,22.693532639667353
204.1979708074867,12.376375439923997,14.22473837637239
215.12359366833684,17.282163486118595,6.773686564518874
154.1360419320501,13.677831327192532,18.498659344958252
169.07725620621915,16.323058305935795,1.2100155641535593
176.81419682754574,16.335297107608948,9.785107623847605
151.6541695574585,15.357746840747584,14.05670983773404
164.46143858437216,10.902897700544083,4.438750023282175
97.80285985870249,18.35302495589238,29.53963432772519
112.53282167932373,13.207800649717358,6.272920937688427
88.61444528919911,11.865185103998542,3.9105939012979665
124.4123295564761,10.40775141554764,6.106046216606892
136.31895741607158,15.908929431882418,23.071833994791728
153.20382298122723,16.775643618422823,12.765169778155284
90.32421935740221,10.165878289278561,16.96247819257614
131.79628153525553,15.12093058299281,0.6302747095908223
73.4700955992338,12.264957751979379,1.0329392571994367
111.29636208945689,16.451727904094497,13.374766494810485
67.06509876524947,11.743664290049914,24.499657296048706
204.44676809806586,16.909377381024658,26.557166361226958
116.94817452875317,13.867353463005374,2.6011970278692065
187.877305542192,19.367299887367345,16.150893063030683
179.8093958106696,11.375209441459933,27.396890588378113
172.6745673356393,13.410663510502586,11.639182631936592
137.4291671857241,11.134735212405891,24.886974942851058
126.9858368944562,19.24693618278563,4.010869631983086
149.2955561185613,18.77339353380981,28.06183469003396
155.5382730629437,12.579416277151555,22.542699525939078
177.59129129979848,16.59984046034179,28.24003178360705
212.91029413709614,18.17222200201216,20.298517006575196
218.97559977664463,15.552008115994623,10.90211795998281
110.78533519819513,15.296505783560065,28.145435175741675
72.05709591532307,12.418522909004517,8.267003289275355
151.87035018549574,10.931027678058992,9.965175661851976
125.80832017493974,18.972157579533267,21.02425254005221
92.25966346869497,19.004180571633306,22.95948898576159
232.7906913594334,16.33101457273268,27.882104515474616
83.79305622514146,13.390297910487007,6.1440722716862854
223.72832834517973,13.492095746126608,23.939941056576718
208.64753965290797,17.259556788702394,22.156381601908905
213.76963472418473,18.97110259952577,1.913836687607936
116.27521554012448,18.870864242651173,11.61669423630621
110.91762968783324,17.798755458576238,8.482963711802958
133.10293715876924,16.42031646154288,9.134712730620912
126.44186454736752,10.841399649950489,29.488406386641024
94.43709580038143,11.616287140946138,19.283322404397836
149.65025627003206,18.98554188527079,21.530284733804987
116.1933409828694,16.0642905965959,29.298529119450276
72.06963150681267,10.091970516166297,11.316053473729161
177.32469644210798,11.01471542866032,24.055205053584178
95.7862177174744,16.63501769108056,13.035928899134861
88.36770131466655,10.050615838462187,26.086010154449394
129.15663318409298,11.608080514174986,5.419726239339095
232.99679507259393,15.487337893665861,28.43058531192839
89.14053348989523,16.918951976926934,6.56315125232639
101.1860594577222,16.519612595026004,9.786615209427946
137.974030083987,12.242693094605597,22.685767023203415
224.94783862584987,17.12179221347536,11.8126542469622
178.09325753442005,12.372490874968001,18.2463413029934
154.09121406780014,13.253996981592678,13.337205032082855
142.95299513716566,17.46491405118024,22.271098112693455
174.56259431624446,16.496328990472147,6.849937571058326
77.69097623147331,18.49223410494178,1.7537396171063102
185.92670267881755,16.576128923003434,8.997881924191987
189.53608035755184,15.683086033354716,14.229259946052908
201.8475012874283,10.936747678280925,5.040601565780357
95.71347796933915,13.677158030594335,10.64391868969166
73.6628426357813,12.652023676817254,11.999490548807056
144.29379304342655,12.439896433790835,1.7217553106482064
222.9546127320024,19.730105547524456,17.499217445526135
186.825527221239,13.930977246667604,26.530302839138624
95.47741942111846,18.920465551771134,4.552287388591573
119.1506440792441,16.31138625997263,17.934240402045422
146.46712601021457,17.948113035416483,19.942176147325387
136.75106226784908,15.026370931051922,12.58004041257865
213.25291143253256,15.76903884626359,21.0329276209281
143.08307698267888,14.925176938188638,12.32194630473036
166.18014457767305,11.952429877980444,15.139118639323048
132.67354332463466,17.224521152615054,0.2205913366328094
172.95731120513068,12.807723624408558,20.751603424040663
113.4697126514349,10.243159664314538,19.840280368341734
202.97252343730645,16.454722959071677,1.1520263197903369
99.76221328455838,11.771106794070489,11.047503221853992
193.1328791400717,19.404585843529144,29.370955223750023
107.65981148376686,19.539285770025874,12.622096877058503
165.65946688091006,19.148643902204483,15.058362153955251
145.35588988572803,13.701587002554444,27.297904744791555
111.67300645267177,10.154566165288674,21.517856275972694
264.59476584344696,19.283185625877255,17.462103933726706
104.90391428842699,14.281841483173142,23.934140440232177
202.20296925014586,19.666548190436696,25.930987993679196
229.1962789713936,19.636199770892528,13.706642152118006
80.65735729689563,18.5300945546736,14.253250947955062
163.14209768044938,12.944488920695857,11.581528069555073
125.27973195950212,13.850977286019253,29.001184200553816
101.98587141365252,18.51136671516857,20.914987628710513
120.57850123782478,13.169220051562776,2.496691986242169
229.72308911462753,11.694927466860925,25.888788699390552
71.838318563555,15.5680126245835,14.416798225088042
153.1016083482598,19.361547741607808,2.062617192674624
155.40090710518498,16.96029796674973,16.491517654899333
190.8790956657517,15.70061170089365,12.514928369271063
100.78890329045421,10.971764937707686,26.332482145878746
183.29967960472845,16.150072266991696,6.119838108281622
217.6178290708654,19.900538501042632,24.79393828476549
176.98264439447019,11.400840152365241,16.730660735563582
162.499287281931,15.183296523637367,1.6383090964040714
243.8547832508435,18.773730719279556,29.15535903976454
68.8935878585966,17.407686177542043,15.378457323095997
142.61348899972646,16.97015740995268,8.726305626947475
132.75716815089916,17.024840839871093,14.082205259677743
132.35229409686127,13.594911512197552,25.73573350552467
127.82626407116634,12.935918442644933,9.147093731551905
145.95394667124953,18.093611554785134,5.780291894601009
127.1886093660094,18.10113394679181,3.8721374079264437
251.59984954875318,18.670723185801037,8.935781951706337
101.47996887050247,19.132405525564714,23.401442611201304
180.52290219868465,15.113423988609378,14.148790955857852
121.85996509310348,15.015162946871996,6.824448110806199
166.120698559234,17.98295178966775,4.985549988292476
220.6119811078931,16.499639307777652,9.981884295311373
151.77450127705254,17.019668772577035,28.197731186571264
125.96772779074935,17.95792669436101,10.290801377700731
160.60718393505556,18.900053418175663,29.64372227863906
146.34649653600388,13.379951568515358,14.556913672960686
196.3706893467054,13.75582952639944,5.374917548704526
181.59889589967787,10.93981939840869,26.73420275380528
90.76466710224756,15.78280140996174,13.810661194044807
90.30626628647296,10.35942273796742,21.290140305135733
144.03873622134878,14.655980181324601,29.511347496274553
74.91330056554744,15.426446347075766,1.50526050959922
136.76645260398806,12.865412521282844,2.900836793627014
107.55732624826486,15.908332605690108,21.613702243882685
125.88414221854147,10.305002499390493,8.45475009886416
56.49174464069647,10.373481887492144,5.529041908502972
103.85936719170303,18.226005606596583,1.1808563945918849
138.11018192817292,13.601906414112628,0.6554013595860542
151.51997521409555,11.270605126518848,23.234568093593726
208.4224937253162,15.222432600548043,4.0330028210865
224.5409688353874,17.69993553098611,14.031618479134526
115.01448765976176,12.158210274968432,18.17690445538449
83.48924748475406,16.22890475819,12.850554017065388
149.68451247403564,10.85347464993768,0.8131995700869932
189.87835967405115,10.516817211686076,23.505045077637266
195.82905464135771,15.31354631568148,0.3153967362496046
109.52881261865662,15.406351216101065,22.85669683132452
235.11242937480986,16.374299014982064,26.799134813643683
134.93721645714078,17.260913337226615,12.985197631715168
212.02131260648596,19.758520794625348,16.066274192933946
190.26281833330037,15.163003483011954,14.309501778529613
101.12957646694151,13.22956472941246,11.676258558703164
233.15980642302193,17.951861947687036,26.622736061110807
128.07035686541946,12.708322512620743,26.818005320099715
210.18611036115684,14.389714207056361,10.074490939246036
104.98615457976645,10.78456381342266,18.45209262044094
183.40088686151154,10.253507434154574,27.807226864375924
109.2823346073609,19.62648414677925,28.861754968240547
177.09845240971248,18.359801205122057,15.268771212661425
142.12410734981864,16.95974206093698,13.584744158529803
137.27220837767823,14.089529444142698,8.360829477855773
127.35443511904596,11.732943200708458,28.7661561957123
143.49974305827502,11.56437042671086,4.284429134186021
102.29349402749429,12.502428981645954,17.39488728143175
165.32113421053614,15.492266647061205,8.476508025559166
115.88977098215575,17.145959227000624,8.370248710433899
217.98420595932396,16.601973767177313,12.149057621285653
77.17874323989463,12.799338969459429,29.963788074469637
73.68592709432818,19.548652806631942,1.648989205194662
112.73373256292618,17.378969166957685,17.356254546105944
136.62441406577818,15.543540525114008,2.4771647410583153
84.51536895118764,16.117207462343522,4.63562489971557
149.71371363645278,14.196000624277898,13.186888253186961
172.23958043758358,12.477309895011574,15.313803940393239
165.87668604443172,13.559726786512616,7.76377225093572
174.77017063313102,17.57846110464369,9.493713926232486
53.73995067552401,10.143934886297558,2.609010607677992
153.77764911228948,11.160726405069163,9.096593515327516
95.4534437012291,10.460026420217527,28.996753181416324
192.9106860588719,10.407288023189702,28.34122145017445
114.67460510290904,18.55460584011007,10.04634870410955
144.0172220815562,17.036578593800236,17.12561808836285
155.02023392589967,14.741738290873252,27.28786173332833
174.64247629855947,10.978341606510014,0.18551467922690024
92.11700145355576,14.916158751168323,24.320507110127757
169.05321779935358,14.734717707805657,28.45108658366757
69.57347540575837,11.732018699100152,2.739772030006712
165.06971225409617,14.33851649237973,4.843430580987631
265.99086333589895,13.985047343973735,28.822389083140664
146.75914552004545,16.158500980522163,16.12620430921039
105.73438230532582,16.350936508676437,0.42589903415171104
166.46394179326603,10.453040097720445,7.728959962905875
115.4147410026896,13.746126146264713,13.498310228065789
151.33201017652743,16.258599157142363,20.78726733074303
136.78272281566174,15.031362585800878,21.994811344103987
195.6306000278985,18.564898411883224,29.862645387763685
67.66703230711998,16.58693631618945,8.625335981512771
185.49754406604058,11.629344270814297,16.146603056054257
121.81764771566442,10.705687474004298,15.99970643578815
82.43851781493044,16.424192782063155,12.169357783417125
152.40312680962322,10.265113105416217,5.0748568152726055
128.62525309098442,15.857755812734633,29.323696895515276
109.7557840471072,19.402302414249576,25.59951559999758
200.7015354385603,15.75474177875879,14.949990848827117
209.8243803904284,13.881699262065219,18.097362680520895
198.1661734542464,16.432882184423534,6.817831606789869
188.42179047953408,14.582528904915167,16.313612111752406
195.87195756748122,15.45616789315935,20.849103993644274
80.13753990338351,19.41464808776525,15.455010851597663
153.72437571459622,13.861026378007743,29.708555117548237
229.99072895369156,19.611905638239143,18.340249687431786
144.92928443906237,19.053506419560637,11.12921137776507
168.27794243779033,11.957911347892964,23.164560828475143
140.32735192682992,10.693613008751655,5.1138753474492615
100.34120437384483,11.007780013774266,11.535474411187996
178.40774108313943,10.182218256515498,10.408768511327576
116.55212666064334,10.944429607559284,12.954212853233319
157.57496071877748,16.830067734163567,23.45339477786179
201.88030878371592,10.71188648460229,14.525190964902224
171.3849236274669,13.189756302937614,23.820433507978883
94.14354761599436,18.448753109694547,17.294667094195976
130.75002443980347,10.232719357358258,10.26208303972666
249.2369593981674,18.144684825889357,24.299362310504172
182.17631967798195,12.818547747734,7.148690116592747
175.8975822219052,11.181648276216563,6.731489393993865
198.50285294167887,16.967371653641507,15.135087721645073
118.4323030758076,16.28942846779884,7.825477378862668
188.40581963307957,18.77472013527053,0.27261104853648965
200.45837678434387,17.350710438038856,19.448925818964046
106.89262948141607,18.034809303848487,15.33281464417194
62.05896303971957,12.820345725713064,13.365534434794835
239.308401449446,11.774395437797228,29.00905543854946
243.06518508435175,17.506147516408582,17.13597551888741
229.63934298700724,18.06834739267264,25.902947333681535
216.67651087667352,19.905051420006732,4.183507086154805
150.51878761894338,14.126176769114265,17.07619389388283
176.0991616408994,13.720180857927831,26.039388801927085
169.806857042949,17.764129607419967,17.49317271839694
86.14478882445911,13.408035402530178,21.540425343810046
199.92298904588435,19.307573256035646,11.16130703436622
161.5744186463717,18.58412751843012,2.773485511111998
171.6746813831504,14.289940273750183,13.737008853812142
144.97822949148937,17.508710677914973,11.834381725165725
185.9816211259826,17.545428740846823,26.01180547136842
64.15100413590646,11.031238688359327,7.319859070574167
138.20541877071824,19.025529066795666,29.002026826053243
118.43973685988435,15.052523724478572,28.744143594134883
91.60846091837772,18.264574661077415,7.428949292143161
209.4343020031838,13.200496010306118,10.441558664319615
120.09179614191626,18.955232284962005,26.86667222621655
113.31698422039062,13.892016787341632,28.998666626883224
135.79926405967512,10.108376514802984,13.30317308508132
173.72110727610786,19.053819764192635,9.629911369226935
79.01648570490859,10.912866767861335,15.782820397546262
228.6775457274997,13.19313637590415,20.633076190972044
194.35636000842482,19.500619670508048,8.204235461249393
136.59511415437083,19.506071469375563,22.094195238572183
96.60642106155893,15.73437888123286,1.549720713439231
186.75137262835398,16.318372121697994,1.4788347829324933
192.1661015685511,14.484455219783198,11.588631154366357
172.6344438680203,12.932107716980646,10.604195761821618
80.65997451614058,13.28664545369916,9.468996461014568
160.06966867547075,16.725184560770384,14.7305928800673
203.94864515244254,17.523745294376802,9.622007469347137
97.56671071456073,17.915790437258487,5.767737554042758
134.15129114672297,17.89618142794554,9.284086472658027
166.3034229180631,10.912061030486903,29.247128184307048
113.45957309698383,14.944203047025814,12.333402509845458
180.39451072954736,10.575587600166443,13.341383305750073
181.1602008253654,15.495288823237356,17.2963496985342
161.43026862482577,14.41530501373377,29.500223052426797
228.00136321441204,18.877041827582996,7.248038293072891
72.46320464497708,13.509150125520787,20.438463315973014
171.39188432442884,11.170670164276059,21.479540806251723
96.16076829375781,11.429916820528359,18.219732503791978
83.86513272951846,17.61510631717472,2.657350189099322
159.90292517926395,16.18218063316261,20.306168274827293
122.11225092588832,11.011226761227903,1.9228413310852643
150.98369873998536,10.841068061149974,17.884279486496908
138.76049530125317,17.0096913145912,22.18743531665228
104.15624478134214,10.727630063641936,6.329096718598512
163.04758195060793,18.218600592903563,25.24866022628322
111.66845153729626,17.062422271564962,0.9106141659901279
122.01668638827196,10.813487806418998,25.314385909749184
144.72059215494602,10.84837714085192,13.809871519282952
213.9684515005343,19.866395785011754,6.527638197949335
165.73436363163438,13.742707957561203,4.01334434981904
211.31813645554126,13.706421470668909,28.599215027471175
82.45719278973824,18.127995672575025,2.179967627434701
195.60680415848506,19.47248577383859,5.97280259807777
139.91017934728453,19.860010638228708,10.43467042299138
171.13133511171432,17.533781852589417,18.607045468833615
142.11190840156186,13.762595855309158,16.34403255828295
204.20294815410276,10.835007166986689,3.7693047723694195
185.68862843746055,17.771469159274368,8.691839512146439
216.88295658809264,15.58404249735805,7.162553132580722
189.5918776143801,14.242220092469763,6.406285634710241
207.77429882797767,19.06354385094736,12.334330094399611
216.85532626453406,11.111974823061514,21.120943577749706
124.20453737735943,14.926251042908591,6.523587966517078
97.37750188866548,10.113536447674191,11.000366391089443
131.3215255376437,14.686606419941263,11.727522805234868
79.60463358850546,10.563032756818373,29.293695883062306
158.18819667295068,11.188179162680719,28.639990706372068
145.24921411094064,11.175262467771049,24.00412748256228
127.76885063952797,16.492103021160634,7.249767624575555
214.85160473744503,17.460448792654233,2.0411194227500906
197.6829274062044,15.833687650971596,9.507124131618742
92.4492481307237,19.62172548474542,8.003836483014926
105.98318494456288,13.74870579523704,15.177774004391816
150.86364803662715,12.857120862818608,23.331837302033794
168.62764640367908,18.6859912818946,25.74968816636574
206.16114734438344,12.235958385194527,25.345922562315256
182.83466933400265,19.632225394406113,10.790266836692034
137.45864027597435,10.121544746898163,20.61703030382049
210.5265799083997,19.69878826707639,9.385025925726602
140.40861193159654,10.431599119505762,1.8271662970554814
110.77162087741893,18.91143113698071,21.046957968088268
168.64714561956805,15.277011090862999,0.29482657709363536
150.6015562623189,19.929647961193,12.275477623754657
111.30858312634241,10.737965647353988,9.881378079062271
87.55946376644636,15.538542844013207,20.801326155565572
160.16980531428266,19.69302535619099,22.98736418281137
110.0332568927597,15.230978441701488,9.122839079138515
129.35077332576589,16.293986381352624,24.348810433345605
196.62646670773984,16.957486889846173,8.817502815148012
193.57568195013272,14.545410647677732,13.389790799596836
138.65577388979682,16.275580800840636,21.810555810424017
98.55411154398712,15.843143119231001,20.787606876743656
247.70164651847267,19.01158010490989,29.621054169366
47.62053773813026,10.454463803414578,6.754830726477956
180.84910090207293,12.809631895922303,19.869537406187472
184.77451990140338,19.504114840765588,18.29045724827332
153.6534266281891,18.902637838909165,27.452953634700897
114.66831088481418,14.55656752785713,4.690864249346252
83.94598894790415,16.20132597801537,22.55394490760799
114.44282540669279,12.773811829811327,17.04805848806305
73.71806139592762,11.881211597237613,8.239976093637162
170.9434736034421,14.636984049399821,14.233047424415222
94.14067239003819,13.533522280260527,10.013297912093934
128.62653921678353,15.83656111850872,17.379402083653826
148.2765641670273,10.777346369649848,26.670018324439976
142.6631284121897,19.743948076661663,17.07914953236606
89.23875312169795,19.862107444796028,18.95167254979752
68.62755247181147,16.98161714019745,15.562435413441284
38.65198994179206,15.360963663441204,1.5349651933642772
158.6818913450054,13.095276162863277,6.985756706282827
126.878114808595,18.137950197069486,14.760051882962482
180.77253441922568,16.84731172553879,9.307058512341143
114.95904650043937,11.626169393448913,5.452907932835826
161.62625968236298,19.109271844938426,15.12398525755315
165.25207498935748,18.22537242923169,9.68429380343551
155.31501799962692,19.49799913291924,7.7432292952024415
101.84919255417849,17.257195083883598,13.919562523211424
75.25369997508425,16.134151959357897,3.9985277424651944
174.20038156829895,14.182430362906189,27.832371992262217
151.21474964201764,19.327284833540133,26.031062937577172
164.30813567847338,18.660638895004084,21.22861757221606
128.70515669344843,10.452186701061894,3.186414827653686
131.32345752519817,10.26366974497252,23.27631763409079
158.37356039603117,13.764633668780496,24.23871984327057
186.45785681581967,18.10553330781833,23.03293853143013
180.7271080058198,19.872761293149445,3.418976613577235
179.58736879445522,11.504168911035283,19.317238712032943
169.7535191434544,15.94130715352135,25.029743872481955
170.22548964311207,13.808908566310215,17.32060203659003
224.66901811899996,19.699143978146033,19.39222125684267
129.27836084827132,18.421189231357086,13.750904382789185
137.59388043810193,18.383287047111377,15.861219596521579
164.76006857880702,14.686931597949703,1.0313057505517564
124.60960078823629,14.148195023376651,19.16889065919854
60.24342943433457,12.734070719307063,2.443416386734776
195.9807617223851,10.563754966509272,13.050437830206702
77.70847098827406,18.64722376255053,8.779652930022234
194.47682042286314,18.129010091300774,16.36283850635139
201.77360871262763,19.997176732861305,4.002490065696213
243.3631508269902,19.966368370739055,20.749302059199547
89.3944504927122,15.554317056026274,23.85034610785411
185.81722034293287,17.689874151805107,4.900633492294695
151.16389484685325,19.44765729882428,3.129392620556465
125.80773285982774,18.496473906774114,4.365464483620775
86.03657096256039,12.473481017431977,26.313826856955053
166.0714471752198,14.505441353100935,15.845677852690685
104.53392071341509,11.29159415151495,14.017829880225078
79.07640537427277,19.540510272587223,3.2013545730706285
182.67528061221302,16.0617463445088,19.486680202708854
193.9240412900833,12.286428055034627,26.039987756852696
219.44782101249604,16.717006844058567,24.845576079703587
226.17390739499714,16.18128240457896,18.78164126942404
110.8931688976585,13.581627180328406,2.258361499550209
190.17992886325732,11.13557592199629,3.3719108152803887
180.7480808393699,16.715731955927996,1.4792696132947403
97.79744069437008,15.203077009037933,7.724376494774079
88.53113696258069,17.723183917356394,4.069844014811332
131.59882512000823,15.201635011119933,7.801441207573017
116.45153256748307,18.521815003185402,11.55174167156885
181.91332498712808,15.519068387744856,28.28948352213407
177.35028042505445,15.609379715353862,18.31128179345076
214.76234956104474,18.76653602658345,25.04921357048887
184.5904568198344,14.03482866212397,21.31054502136997
58.729640977318866,11.340152284506408,3.3750939157989523
175.92247014996488,10.28782676313339,22.077612191218464
112.74138852809818,17.55137255673619,8.252966446773733
230.2916157620877,16.203095513534645,19.17323540984119
83.18918066953354,17.040797680992235,10.228859209289656
188.46253877250518,12.129641615089108,29.930167897939775
63.22558202618145,11.363714755867697,7.906544384903334
83.58057815425201,10.14544665667882,8.37391412322809
98.35820614985721,13.505875588065969,27.920167666871947
203.3765899375046,15.89917686854633,0.7393321390896801
225.39987622905943,13.922440450997323,20.900669636195907
131.18002838611767,14.374749220237291,21.759791722076343
235.52793669948858,19.041586944937485,25.09135732231198
166.99470577356072,13.482554670233004,29.23317931915426
210.76437467743042,15.139894891598107,29.268057574699572
198.93756517490374,17.836530127411432,1.9583027269939168
107.18945112855108,13.965427823212702,24.655179682587075
126.59325611107928,16.220867002278734,19.38929800972144
250.421222477952,18.62363708746745,19.420264031192737
236.35663671309538,19.495206236576422,3.850497798440844
198.83794481292827,11.470734809290379,19.5056149933696
263.20460372234646,19.265876251614944,29.474477418037434
80.50437410537967,14.921162930795383,27.35455708618341
182.942197379226,12.582443882989583,13.173919824145516
127.01128400502866,14.591357562382614,1.1984391985828302
232.4458993461383,19.80032575285477,10.868804700006145
141.258834941062,14.926180939928695,24.791709348016656
126.84709920630016,13.287516102875083,21.044973043954982
178.13469303527808,16.334008543167258,13.780309667818692
87.56790149398606,12.40145618778193,1.6530460547649328
72.40826782865499,10.75863328108664,12.806841834699078
195.93936769380608,11.288797219106492,14.070748191536506
213.71078871878888,11.280458389577724,27.85666598682408
86.14373145969904,11.519026935122943,19.232583107464784
154.39507452925585,11.388271726494102,9.349587499639467
176.0474635239313,16.408747448032145,15.759547933521642
123.39459801965762,11.818800843991449,1.981659234664802
117.81274111959848,13.456672833238631,29.177047069492104
203.15819134332153,18.967884099060118,10.80179705792178
150.22473101759465,14.739616402628723,14.336020647394074
138.42850731838357,16.67557738521027,10.658519227107679
167.84163540387192,11.723198712016298,20.475351903486004
79.53677914392507,11.922890188086708,19.866964749887792
123.48149540049889,10.40868616266479,21.45966931587407
75.80799462981969,11.689350630721645,8.044296888357625
90.48151013662789,12.785903390319586,9.47005443492198
139.79497774085712,11.770104842767468,3.7575369328862385
185.29542598971696,10.887025337570556,19.665299155383376
120.37875204050289,11.206358711006008,1.1939138200695765
119.56731821640741,14.607787680327258,17.930470065703773
142.41085727669216,12.063337184057925,26.090876545549015
215.0286604262129,13.642698610480755,26.724964448689008
170.29579677017304,15.034172708548569,13.471132811098851
208.8666107623139,16.90394828629365,13.779110646392214
123.40199220844595,10.39312139841099,2.309075490240521
203.3021700509391,17.994103989090426,20.122950763291072
106.35681918467805,16.279003894909078,24.637782611185365
109.1957349727617,10.817590319488719,7.339651638141391
143.39673115722226,18.73578624106777,12.639026449000939
167.3617519511782,19.208724005318132,25.16518010295811
186.42988547136827,10.610779598548637,26.313614029868642
156.31792063293966,12.768776481472038,7.295399407926778
89.96304437580937,18.062012797930613,16.517119036240928
111.26824884826371,17.482596903836583,5.774794519074812
91.18763617722392,11.845210193563773,3.056362924186696
105.33662920882465,12.093493233367102,27.333615041758726
173.86143865295642,13.70472102791382,24.615225126963274
214.5021360190456,14.845229851910213,22.801047054095218
206.90471886940614,16.18254771530296,1.4629895643942126
197.72513776338477,13.689136395697725,25.311863781307725
204.65413815845335,14.62534716133148,13.141322277161512
147.83587333691762,17.474709381337565,10.27185369887579
86.59161142809948,10.366832028905979,16.394290830761292
119.44813377097468,12.524369443440207,2.740597281706675
185.45326520652583,17.133495858845524,22.699396480571966
202.18997836300343,18.952068376871992,17.473052306648878
73.9662463202959,15.116774421156661,5.597702906195026
116.27274349429368,15.321134852653156,5.646965993071368
82.95159024010673,11.07172011339776,5.527459547180227
242.40416147632942,14.474123668234547,1.7100716265580196
129.05230607465126,15.326172664550231,17.633953481150545
180.92356847387825,12.424705036347296,25.210445327655243
161.72107371283923,12.69243230949381,0.524946419621658
88.57735729457598,13.772841631046226,1.4701393491382064
134.80889383871613,10.200711977777264,17.183108300608374
215.4372523550664,13.220791655831782,24.58487056158157
146.666567345136,12.114480069965447,9.802166717059007
214.6358933532158,13.274973521779147,10.488431964231665
111.27269959307486,11.197621318192512,17.890394924903276
71.04530473271701,18.90527280739895,8.22638667372441
203.06285183153005,15.935924535540487,0.7982509823305239
221.25190332029246,16.791023191444896,22.05685554304788
252.67747494174492,17.891712386073383,18.769497388243593
199.12454584789788,14.984421989290572,17.422679971669773
192.3716306967387,10.869202880874237,22.250523869754694
197.78258128780175,15.371065418185477,20.256925126861127
204.83208609653093,15.868411180208792,6.1764596453496345
136.64468953578262,17.4543947418433,10.574431408300534
110.61490958424565,14.316595462296794,3.78330425035875
176.07452758876158,11.275803027955638,3.895710402536431
121.74225107244928,12.837759057987245,20.285872390696177
173.89958288170155,13.63082296398635,25.758003209474946
144.67695016569823,16.45917241331601,28.88197751583417
161.83490482841466,15.70778304668912,18.850413526483333
129.96016209983236,13.560967258978462,5.5230397008287095
83.49268284286646,19.865152487929798,3.1695103634679214
222.09691066931612,16.057748193568873,24.385529146102733
143.1811472538667,12.372267917359945,17.36269429079998
157.0461218186873,11.017824726204037,18.548550630411597
93.43322264201372,11.528591391843321,23.443862662641276
63.61919751256274,12.459577283845082,21.09831683197355
93.10642399973733,11.606813732595556,25.0337475856829
149.57492420803703,11.865670240513058,1.6864171637963543
83.2663257944916,12.85095168693847,22.425619102395146
219.09311339562504,11.733735952947548,25.525582719662864
113.37947603597293,18.967654246264253,8.58405127374943
92.82607096271205,10.802337456616423,19.213418219797585
79.80789087223663,15.245113895702547,9.424861915109163
89.04509870817449,14.103968269896615,28.73913199447362
181.51212451945935,19.823786169086063,1.0027071730651127
170.43823499021875,11.120389021680523,17.39378531498865
133.46743256954602,13.978555990457416,4.995106411485453
115.21323792441797,19.694704332753687,21.36660615531476
126.58613297794972,18.655071258939802,5.276708502559862
146.26840399773613,18.170720709492798,7.0614978569507265
192.93262170929307,12.579028270449399,14.831124331372742
95.2887346653226,11.708875873900658,27.445048499906342
190.85520670970214,16.686432199244308,6.351431164439125
130.89085506382335,19.293759891275858,4.3272006335431055
126.76952038895409,15.567628930139298,22.769304955620917
137.62239759504416,15.716126894698998,15.018585970017929
96.96391194495051,12.799790936602841,27.353553371453142
193.1743632101343,17.69492933191937,4.3984367147952685
102.38247898381121,11.870437485575234,19.37783679069118
171.69819810432463,13.236792364042437,6.986374384554451
85.47741602018615,14.254364386164168,4.702812859549179
240.86126367865987,15.07610378684455,20.502882454718115
94.74504556749635,12.424097324150802,17.810538597261996
191.51635319415857,11.148368247392035,22.644823750869936
185.01991944394643,16.106200424416325,9.283877293385471
185.26849149514226,12.886305532402558,13.439149691465698
135.52148088915618,15.812382214226123,12.164150289912554
167.04909179854428,11.543627152742022,29.522683918995426
127.10536522392863,14.811401018548175,8.767468702181636
80.65581949444488,15.325894325515858,8.844517150403007
133.9796499717068,10.51823536822427,10.636446264858222
100.52981468058361,13.366042781939205,16.937822438709645
190.014349404534,11.344146769389742,7.569682327912357
88.97513423915535,10.633749704727677,27.458698211378216
165.9808292615308,19.89960232389945,7.970566945987905
175.1257323727816,13.22353844974723,26.87447194680584
168.0324811904904,18.09874445854635,3.1042519093975396
153.78862140375168,12.546406547637638,19.69688107198957
89.81049452859928,16.815027222239294,27.20956555314731
165.53092068987243,17.602278598896866,5.062483151946886
135.49362336593813,15.956387406078443,29.04980880297765
189.81011457341003,14.715761885501584,13.586500812465351
184.57424929471972,14.118409141472686,28.371453253230733
199.0602098268642,13.488682665429954,20.30460130890141
69.40028083874232,19.29529144247826,9.047606096206547
108.88547033877282,18.30619407787729,5.6490757475131925
101.57554840310034,19.650269106665124,9.11205138675298
46.15999216377176,11.242972234855447,2.7905222778802496
92.7984179110274,17.308674752036442,4.316038990299893
178.9221329961401,19.383404568210377,3.1398132103944345
95.61779266059644,11.8123306616566,12.688306312246732
135.6519951872477,10.664962673667775,23.867351287727594
230.7114019218069,17.41120649290059,4.241506626490206
176.3280444812773,15.744731131799119,3.909612995170076
126.51257632770093,18.418287767582722,19.302868485519923
111.15831957753642,11.397723766262896,5.915489459041988
145.67335536138205,17.952673118598902,2.9283011432697483
73.92914677637944,12.016273200477446,5.005457346167329
142.20891692755976,11.636559428657044,27.711941876303282
125.00308193758617,11.642657979309929,24.644137583285726
214.28549379994323,18.14574720231382,10.621936870652823
180.97854255982003,16.651972206962,19.674623019821784
143.66809135351124,15.230654247691193,16.118270210041143
125.5251151685655,13.588304841235026,20.313727904476917
114.73312867632492,18.772005408131083,20.48013457388278
180.54003311027134,13.924451074226354,18.862020451799786
147.96944274016226,18.16599439471577,7.983041056119258
75.23012047412209,14.391349085702185,1.1701926228845438
90.24211314581193,13.769444294249077,13.667003459703263
111.9959848716231,14.626797856696065,26.729216540721115
174.99243397187365,13.01377874164142,17.084917755557278
104.04092453445577,17.47609380176251,24.97173125105724
160.19677864042882,15.02720390092479,29.748730288836846
103.4663103371399,12.322126951468173,4.908486124148288
186.7369706372077,18.995745732745686,20.75332917425947
209.7835333194086,13.838912213732113,20.22880721100074
191.33934699979937,15.435528611139887,29.398663420748353
180.38676400924567,19.06472110964547,29.56802201858401
70.39861458622944,16.24237995913992,20.600358351723884
133.17527763783477,11.168980407083641,7.308443759465828
191.99596796571038,19.398321236134752,23.95667514391797
129.64919203628585,16.27708053071418,3.210874026331143
153.30547126711724,13.349056146570861,23.42097912514886
101.65667951758901,11.392720726633872,27.30588372434089
173.095431942064,17.94025189270296,11.485001843053057
103.53455194698135,16.200727559285134,18.919058849492416
212.21091588863266,15.334610919763215,12.90428196290479
123.65220788575606,18.938925830509575,13.132951649643854
188.33919296758097,17.88597211224531,9.311126673243601
91.18522535640108,11.516748797327512,22.86388861350974
143.43649688871204,13.117220677955482,28.085296924995156
153.74092785827818,12.484891398144658,28.222525777033834
105.27812437483671,17.43946292572677,5.243438546248015
158.68716219708062,10.335324347357794,26.242309489696982
199.76177966983906,15.698896848713165,22.122943242813665
151.1783562987729,17.624586857406904,7.585122020708678
158.18667840865635,18.767656367617494,2.0185383876454366
150.17997966506405,13.420817487159075,8.03991800653134
177.52284225799738,18.212573046720127,27.36624710344577
131.8614919656564,11.106317369552073,18.99536024687317
214.171278341415,18.46452291734518,21.631639826936155
124.891268443494,11.274886623319825,7.714570533272875
109.62502356747696,13.972872905603673,21.581644667244607
107.45907436763814,17.972953657795536,0.8436451883377127
59.440044301847976,11.499174273487737,11.259640373190415
107.43774377282266,12.292513952326415,18.802600456269936
179.1674703022529,17.222525683930662,4.382896966239606
229.83936845904037,17.200365365460744,24.690107233408042
98.99330310828172,16.411476328852974,7.0509389643575595
240.56909301064474,16.939484444671,19.568433384553387
156.61425822263726,15.427244433475963,12.15591427725989
160.22070429246526,12.517990589069527,17.881307864329415
162.9373922431192,13.456959935039194,3.223516578867244
152.4014149080962,11.815977168014257,0.5073839976482197
118.61447400940027,19.084505613336283,27.286932821409035
81.4005512536001,15.833917947661204,8.088900263015484
92.00692173810988,14.008514167636399,24.590310083413772
195.7993003049361,14.620058036441327,29.980509014166007
133.21052856076486,19.472833396118155,6.342937739967335
193.5751850239976,11.533514031160802,7.955122235500668
136.4310930255373,15.862298320167973,19.88579362903997
218.8254757503181,15.05888678884466,28.963459038018637
107.69859395502507,16.11454235434648,27.47443044572232
79.68835563907537,10.181101838208406,15.086265601967547
143.15432882569115,18.721239089441514,23.85330847580174
126.37123868377749,19.321182824836125,4.072375592997032
140.37397729046114,15.651331835892089,29.32314552612037
173.05393591100878,16.966508238768924,28.930597021079596
85.2475756976181,19.224993811772958,4.911868736375129
122.08049507634095,17.072386343133985,8.982693744093199
159.75256142000634,11.525390429142613,3.004649925203008
75.15356016025653,15.762883601668133,8.151527966945391
204.43919474060772,16.067150463828558,24.4786736824562
251.2525436872969,14.24130671302386,11.349468214957785
72.80753929252677,17.364442356247228,2.6519090144027513
120.10562611373886,19.343670147690148,10.266765743367136
144.87804086079058,19.255685129067764,29.441500027238405
191.38908920514237,14.508393714041322,18.890507857776086
162.29044503111862,11.132380458407553,12.484828392184733
197.06326060880755,19.848411989623347,4.9961554049181
234.97970149761443,18.38898086445934,29.585303918510842
95.17536120299242,11.246626812032668,24.625470277893864
208.32808434773025,19.208418826173723,8.444319073527582
158.90162043017688,18.69896362062128,2.1020608716356834
141.68185444431043,15.188380571260721,1.698766721326741
195.40580654640846,15.912754357449293,3.611344485166015
192.3655206966836,13.990027038701303,17.42305750843265
106.46785567721496,10.547616388220312,27.862902636164772
150.70295801294176,13.35197241645901,14.902302840179534
185.59701270302324,18.028534485980114,25.288364473685913
63.02037461768549,10.046320230046028,13.376598595794235
178.4817566790426,13.334991716911443,21.257506373034758
107.62159012579276,13.981686935909433,21.956182118595024
190.4648362608828,15.37395602937923,5.21891117710016
140.58185473434048,19.198556164127606,10.836481769274354
87.54037768642749,13.463459943659613,19.11906469614072
196.09394287834274,13.469532018962276,2.1208982455309853
213.0716833971418,17.375012481097485,10.846205632888697
172.51614526932138,14.522179408898072,16.043983988435773
128.0298077213268,12.24604822939982,29.88673479133916
92.1697748414558,14.524395161326934,14.236006878673223
129.692368511464,11.408570203797998,24.48170271342971
104.18290171205713,11.763869865062233,12.962018551998533
151.61926838316606,14.983677727394797,23.891721678591267
215.72863289439874,14.189254495045478,17.86244404860325
175.5799624975719,19.148459010681,26.59786324507195
189.5924217672334,13.62393899116633,12.328276570503297
171.36307168519198,15.805883502780434,18.129132594644368
143.37513657170257,16.322642879195303,18.900560418564822
173.12491533036888,10.130944565883336,12.5214882540142
132.20731249673264,16.635373720167106,4.329361310624446
180.66495538534525,11.780359668697514,2.8067822073700666
93.2275479517896,19.610703174694553,0.500146517988993
92.67769906505549,11.486627277531129,26.206027927356438
190.3482442111146,14.146241237270237,7.094247367160836
127.4560696749621,10.853496680786439,6.345202478453041
240.9215416649899,19.968742518459475,22.081062012781967
178.03739084158332,15.021950103312426,9.600483392621753
82.27964222147554,15.953850173200438,15.181340772355098
127.24920082384858,10.670764773884274,4.875331958923689
156.89584294557002,17.49960470399178,28.792371643859077
180.2918897221882,12.099055930955858,25.547442000517123
229.30854877101055,18.980542894407137,25.9136886889501
106.29657370370983,12.051396404820071,12.203212457160156
153.00241532958614,11.906877206636665,22.870836411215183
155.07391114077242,10.365496678480948,4.3162846616934045
57.85231421748166,14.720669451099992,0.25857007775340834
167.07348116348447,15.648411332626164,0.5991879773408437
170.36628541404087,10.657086394283525,17.598052122136814
184.201640553634,17.755276166950107,13.661847157438224
119.03527495739448,14.532888347480275,15.540460467255592
80.90616520804814,15.2439026932758,0.22389421251658215
141.25467382878512,14.407627469382282,12.680598589722772
83.92544460859258,14.00763060875326,21.542044836025823
223.71235879783552,15.59640331308218,13.280811059023076
73.83226847928464,11.552402459307125,21.966576189366666
160.7539712286719,11.81928130495271,6.9905689319050435
165.87687848990564,18.617856210135173,24.394260134451763
157.74209145801962,19.461154621336327,17.65293721360357
79.85392756765528,13.73309316279753,6.322892982897187
144.11404983523892,12.707446731435537,7.101614275614988
149.47898563008422,16.43999543239016,18.84091393708611
114.81776345737237,14.087341710980963,24.8981877963733
175.099138981603,10.253863556603449,12.468833460874656
103.66406664688512,11.561525973661904,7.749012873827766
145.41075935384376,17.159722288473976,26.010348207318014
154.4015394259318,16.589239419101514,20.078048752525046
78.05884068591398,10.270959925034834,13.442564618492295
213.97085908425538,12.219721619329494,14.637005858379055
100.4571128053407,12.310747965880713,6.127694038091892
77.01983299346217,16.718927435987283,18.804078901945317
149.3995648793433,10.197105377543641,10.76227531628666
172.4766907618229,11.041085819845739,29.869355300230477
156.38179990370082,17.999160853731894,14.405505457856636
174.39838423730419,11.785446620543336,14.576568185688396
81.40954226190217,16.527461078518748,16.975553622320156
129.10275416566913,12.381827810467264,27.5026800935624
186.33396761208934,10.994413927593452,24.02454299579251
75.71013050433655,12.431721909994542,13.533902093935243
219.58404739100342,17.22266931855659,21.56097797918388
79.8843135953487,18.55696468106286,17.58706496342285
251.73125846235314,18.302198645669915,14.771011461037467
99.76302054168787,13.971835296184548,5.769473183530516
149.49712702139357,16.680851365706463,13.918087903646727
75.5356742569927,12.04984295415821,7.37455761067724
80.70359441411235,12.931477302610134,27.44526449554964
106.71538245842862,18.9633581852112,10.062204404890409
99.88116453323553,10.13001923510736,28.567920436001167
117.51557285880692,10.85508530854468,15.991658702841336
152.7225924877017,12.078862551460274,18.94633136028481
136.03042068193162,10.265322038738198,16.28821333467983
162.70623568988597,11.814354350897974,3.8814185090010267
177.06469681560986,15.83041560969692,11.27463657023823
119.65594528111933,14.21424550592498,2.974383368328718
158.24268694765203,18.926717110769747,18.68862132550145
133.02501850799166,18.174435617384407,13.406225856013167
163.2449595286383,13.41817351697876,23.339549147128103
169.2481944019894,12.594234334312924,6.614114429981095
88.4033382567588,13.79692408167267,4.9369817528800475
61.96546261439852,15.902949425148078,12.189966928913034
163.03611359581137,12.680636408228763,27.797561496551435
134.16232887698015,16.24148907849134,21.312654450372353
216.46920258299448,14.094116521912404,12.56770874378756
177.37475774842264,15.520471808519803,15.518165092629317
79.38730261473972,14.361265291353167,2.52639033531295
108.37417472393706,12.944657595419176,29.537276891283394
165.1522235895976,19.484533069621566,19.992219140847567
173.02740136138968,17.63605794159761,8.562122053902675
103.92852086904199,11.401131757664526,17.57425182645733
218.69736249092202,18.68467975897913,3.284470982069819
163.96716120984252,14.874311982495136,28.975100064227508
122.6791468813143,18.945522268940913,5.243549636500978
79.14028382593501,17.99855255947315,19.440909541656424
148.58216671052915,14.252135044692334,7.363633876167913
120.35686435964561,10.224693083201174,21.526841479456074
173.07269418353928,12.68677359384946,23.304641017208432
144.23852866910778,15.416342146608669,20.202591867342978
142.09918907809987,16.334782198261472,18.434983807655776
195.68628495358067,12.578876854332023,26.77407281856035
175.72238256750796,11.39356074072824,2.3588013296927413
121.97660230202221,18.34930236799299,9.927442973405856
111.56194113896645,19.84402180703552,7.448624388925379
201.97825523243128,15.256901823026858,29.640418861962647
135.75258883564828,11.716792858483036,11.681693390006204
114.87328090097415,12.72307326519369,21.978380977211962
175.2167746953565,10.183906765474667,20.541754916430136
101.31930569549102,19.14298806560499,6.362437124321332
59.68450967594902,11.177510828901411,7.169930406346539
71.25664028277326,15.765164755142536,8.438536906591024
152.32892106481293,12.74055220687206,12.333818347781376
168.4294251222416,15.541780025157934,7.029751969515804
103.13040525075701,16.514203883518643,0.5895444824054341
142.70830652530407,18.297418037072017,26.381791704215864
143.27082587693764,12.064212717606033,28.96829494142652
155.67325101344113,10.109958286584805,10.247111610947039
72.27853323735461,11.368856300688073,10.155206382764186
235.17689733324053,19.00018641848105,0.2127543832311296
117.56612774784291,18.73890077562515,20.40752064991122
247.3944138882544,15.974131021703084,24.763196872458863
75.37891811192232,16.005168604336532,4.398249010800095
208.09870348680894,16.650366745462556,4.789990481014522
74.98129172221707,11.753712786234496,23.70249749914313
92.4784869946576,19.1441194592496,18.48872245062434
205.92876555239314,14.18770524892073,1.3458167288315104
174.41420384922768,13.831385282494974,18.676409713868452
131.0475039499251,15.189177052828375,9.267531685312981
139.64920957188428,10.46965966775055,11.061754664125377
144.5296996390412,11.662833687560795,23.091942548906406
242.44085583529744,17.380336164263703,24.328055780178317
104.04857905335001,10.827986679251264,12.01069880519492
140.11456698599017,16.031521094663884,28.414588080190644
117.64763447903388,12.45349109681321,12.193881538562167
141.15128995261358,13.892956140419766,23.1550810569033
202.44947772549685,12.886937367706999,14.516317936927772
121.93251012143048,13.556727164649491,26.92596979566252
127.03313649075206,17.190459051842456,27.23283730950536
130.80314274160642,12.97121715623175,2.6225042361325155
228.2712639752449,15.664046402968971,28.09479993930677
109.56934552012616,14.760504021990997,24.76604524561247
132.612058631979,16.63671165362648,23.739321429380006
220.80779183455638,19.36829739324758,6.027340190565673
98.91865883173087,17.325720972102502,24.153576262639948
196.09323461417173,12.149403785907568,25.503982040551104
179.3055795127973,10.311831350612847,8.674510033624529
130.9066805906146,12.62264044299825,28.567802350869712
200.95813966431012,15.950779307002549,1.4958043919749275
149.98794637982576,10.514258134842503,4.49727759741419
128.12072627379249,14.963662472012363,16.12743414154543
137.9258400230115,15.968428489168891,17.273774133669292
169.487230482728,13.342438908169608,19.354502499027102
152.08440317212538,17.70912203745822,0.5090738794639937
190.00230247460013,11.065982531337719,28.811003238663908
98.07033755584442,10.751377817358087,1.3376427820243197
127.12816118976724,17.281887562036033,4.291858581702072
82.78917221179168,14.954913162061985,0.4204355257817094
81.68546647981073,16.88402396427736,17.005752998822842
95.00436618433108,14.348273386037462,27.968006517629167
204.71739309741557,12.464020332391069,19.978414982413927
190.49177349220912,18.191023176741997,24.67972405441282
171.2356765310864,17.99415878968979,0.39843610375740246
182.97884381561275,16.946964708544268,16.260458954391783
165.6763657667693,12.721451372299628,13.786889325165657
164.31785992985152,15.902306668690871,14.969038326623792
208.06638778233534,13.609738969400269,2.1663955600556384
108.43404819845057,10.915820733266342,20.533060832079222
242.04508725620974,19.17313575462243,15.096612445759034
178.4300757941017,11.368186309189614,22.95446549583792
114.87139789065924,19.502373538208026,14.558719021851461
149.6429410516003,14.460057729579557,4.481449086792963
145.74780972918225,11.851329288386196,19.44770862233466
66.30805042576507,15.419009473783582,5.171590863154987
196.48193848059591,18.729458358764084,26.171836900644447
115.70618611673993,17.322248864095613,18.393487172077243
79.30622527902298,18.065611478614496,4.7161165067086275
228.20148093500282,16.587833667107173,28.870141724436206
175.55655408188954,16.922765645178526,15.55096390005962
236.79559163012996,18.491956515653193,2.18695355614965
173.7552991499567,12.496680088591859,18.804987132452016
102.58060851048744,14.894249636431404,7.595967210384307
132.7966870478784,12.212094418196022,24.110803556319073
198.36675490433728,19.87668007996647,24.53466220698572
269.3303613686962,19.440593396866134,29.368420675639857
99.5872704384448,10.394268113685058,15.056085930735112
199.61516616104447,17.055751725156885,13.648706391832114
224.34282171237118,19.25248317415666,22.60426816339442
149.8052062307381,11.805753451273336,3.9741196902577967
215.5902708980576,15.679452305526295,16.407465413793727
174.25281839677538,19.15488297588042,16.38742800392553
174.68289472616348,10.339459785857988,2.6841936843116168
214.937636449982,16.9742026724684,12.539522565207408
73.7508787706589,12.973490073725507,25.59854395701606
217.22181796499217,19.243961953765304,25.684608659839807
133.87225703631464,19.71058245165368,2.97712994759043
159.8155623498148,19.44266489113434,2.7216264824349254
173.8402362639184,14.742142166574638,7.880864310058059
104.99712153486561,18.620426509893136,26.242981876619805
136.4477962362305,18.445493985350705,3.867077552204968
173.84288468234752,13.191004732432557,21.59990407882339
48.59689728941321,18.289154741506774,3.0349685883930966
110.20299161364773,10.370076347154926,18.69413561243476
67.8772765789376,15.96269878482053,10.682018973574344
133.4438508073981,12.300088372877031,23.66741888897601
130.15519411393973,11.205668857772789,7.010713464760908
203.00076649587376,10.769532016292091,19.176054881698796
209.26670978869132,16.9628877587814,7.070476037276548
171.2608687415107,13.39874963768066,21.409808493364615
110.95068778511956,17.247667715287616,26.210341036822463
169.686901210644,10.653563407989424,3.804053973802801
196.38242121818644,13.152903378306103,25.997870657865107
167.7221914057771,15.394912923753372,17.80725763242894
181.5198086604107,17.907231648389637,3.813314726010719
208.22402516902736,13.1875250293207,12.826255660791361
155.89337207376826,16.258913764370092,4.825808804552937
148.05987865862377,18.85977748236187,21.010436665997084
195.8140643588169,16.158631881823045,22.76604403253849
59.656355102115874,12.329594747536337,3.173895608183969
113.68831753806786,10.24400781556538,15.18419558083933
139.0394344346577,18.700988739009297,24.438751680777514
84.89810893190301,10.212694108503872,28.084891246529896
60.749817758363015,18.747016726841995,15.4055360022531
113.00914785026856,15.289371340272119,28.50837670834221
205.72412987136795,19.390676985128962,16.070669113680893
221.19997772971286,17.987832357736654,11.82571483799724
271.82663828072117,19.979341105333376,25.446093856586863
91.69908125075891,13.507118154517102,14.789481313742671
157.3933909069827,17.67188288931127,14.15707531693569
211.15126892656994,14.01930913609242,14.709374682294849
107.221224907447,14.798756203039089,25.40355005609236
193.97666838314134,16.2750546321837,24.958246250641565
208.8425671483334,18.736771141863386,12.105599773206336
86.810589042042,19.840834691992953,9.99899579611575
220.0182219370865,17.68273413864518,14.757840721173878
181.50801499965254,14.177667821673337,17.18317529211327
72.481316697987,14.213570022770702,7.150116318839909
93.54732704363367,17.375823015888916,23.818652541467717
60.178963096962086,12.387771457683023,14.594482971972687
93.78126337551997,11.104741131313947,10.021366452598787
124.16488248818047,13.546221576407765,3.2046297889197186
148.34311485015888,12.872389916540817,7.165354812108208
119.05926212393217,12.9630812045599,28.47843515267951
184.20231471640184,12.336077510499099,9.152990604585797
84.34564213444077,10.42093189636362,5.065778681011059
73.14574641918718,10.178739347334139,13.820183749649797
116.24188610409453,19.877223897360317,9.21263230080746
131.5430625653068,14.277731337358624,1.0547775081358246
141.43443604868622,13.843266471596817,9.694356518382518
123.79759654767693,16.7964728269307,16.323258718184057
69.39346581782726,12.182538878650641,16.551371160599007
184.86564957972925,19.499611839502254,10.69676763530666
238.93750569980483,17.86345014415552,13.419082687578019
108.01925384301907,10.894110023122595,28.96553754704299
129.45319073790128,14.175807757849284,11.320454316909348
174.8710892346066,18.791183075621646,7.746804397799489
197.28842735090768,19.447320222914104,7.304011322002804
118.26413840170328,14.674015112498697,13.732938381124026
257.5018994439324,16.134113892107077,22.78560446150832
173.62373743016983,11.670339460920752,6.1796455256541964
160.4112978530473,19.911686261369766,21.278883814223043
146.29519079048598,12.316717013834435,0.6344947004824886
243.63536244783464,19.427317741351256,12.56798933951838
204.89544451174427,16.496466489923684,23.275951956083606
64.65573034578944,16.07736794878859,10.161988673232942
110.00622279505748,15.126885110165086,16.912113043361984
106.32522438214258,12.306698117177588,6.149376984777324
120.56849268945642,11.765280320055084,22.25986173378517
140.25214040870105,12.204862090701754,1.5683730980627886
144.8571710156675,11.864382621442545,25.57627934626501
194.27937857781924,17.795844735667533,5.945891592650044
224.27954171042722,13.501252591667301,26.23194095124992
108.89831832908567,10.578426765633964,10.57587723901552
246.43418012211603,19.69102630140811,21.680507234234597
176.89627901239058,18.83785884963426,9.576758933585655
125.16730503190743,19.27752283195213,27.177350137039426
183.96417861664787,19.94907822646435,3.7991137655512306
62.1528086399923,11.738952492194873,5.355593678177961
201.94421099588178,13.962420189026588,14.790903754764068
148.3345665108666,17.582384757040913,2.458153171144384
123.12327721885572,16.960206180537924,5.879405541052858
147.72564074617773,11.53895906339855,28.31299146636043
214.19910822782188,18.158331249906176,29.294689834436614
97.94759653989215,12.244405718366608,11.287779879912659
66.23547860017918,12.23817614822623,27.698580630418068
156.51012522339965,15.369744228934136,16.34474027020295
155.1028365246219,15.929399348417032,8.092273976213011
223.524844094751,15.800862078378112,21.07196163241796
176.47732448880387,10.914868373977548,19.767054197245717
201.04228437662707,18.774608626303802,29.673759573262
145.52191184477522,12.656000425887061,7.951418622278499
140.11815435204863,11.295149212828042,20.161785079852063
204.10438662359442,18.887480798689772,1.5607126508834068
89.30776307651577,19.556514982297532,3.4093811609015825
146.9934027198105,18.621276172654508,0.11755124853279786
201.85980142348365,18.09516074724878,29.983820431790193
89.6327115083147,16.55241980639022,24.068210914424334
167.58695262559976,15.508573706091394,23.601690442006223
213.55450656979778,10.869867599114102,15.29178225864539
105.40724675485615,14.084532130706988,9.002012487163197
135.86988586814826,13.72688517012314,4.537928533880278
161.89329814229296,12.597537837603262,8.54024216539391
186.43629401240048,17.23420113688585,11.279136657874174
131.03750103292666,14.958757350787709,22.689302909408823
119.66953003844402,10.81046215907648,16.18985366709457
126.06091662367726,12.201832019498113,2.324508796664481
164.39369188410214,16.83258763659596,0.5408702687673672
81.62046770506065,10.761308594903001,3.0699653860218943
113.80414849372241,18.512069140487686,12.31496141092138
252.55582380488886,14.951465270139742,27.99578751147055
155.55640001266678,14.80586577326648,19.122074436276648
225.33767851409095,15.924077846595177,24.054776996265453
212.34006987769163,18.246809659251493,13.991237835136456
184.51318242445836,13.47809207902193,10.849982495851284
96.97590519348952,16.780161525590636,3.252011181498682
208.6679328015926,15.65731963995791,26.27799066558615
76.20593480804753,12.670282701694212,23.494800870837086
193.75293962352808,18.78629986355158,5.043542927931753
150.47070567285314,17.974260216069283,15.367816916287815
130.27099473059158,16.584518346584254,14.621244237637347
248.21302529379295,18.505817290942417,18.752746580595858
251.7644332483126,18.672942009598025,28.385606819737838
84.9455016035955,17.08362976715035,17.39314325287439
162.52762413966022,18.37013328363672,16.206518003358557
124.28330987917344,16.974714616692836,1.5096879880399183
114.03950562260458,16.801407717603006,1.887224280540718
171.31681086394758,16.186113782151843,5.620403739803667
108.46227243339159,17.527166395576412,0.9741231507524484
184.5167898154235,11.586051052930737,22.30058686710037
121.3762700819887,18.808707591989283,21.699909119818894
190.60495110833062,18.71843527745232,4.081687032949288
130.81964733862935,10.292472830345591,25.082367023858428
96.56076380117835,18.258167505647627,4.6435810453833595
83.81485724237209,11.288698674734452,9.035267609920764
172.4191993547166,13.35118854259142,7.469306974840951
203.59633404445066,17.43508256291608,11.169212957191434
98.3479011665337,11.607598960483083,7.639912976698856
156.16023580368696,18.17967024119062,14.668527793153562
92.87498089267811,18.32134177957742,12.222236440640563
93.38995319526168,15.074677337608362,29.597084723379798
127.3588983528687,10.063858717168335,1.67779050384677
61.492189711714985,12.870381331749128,4.265441291620549
190.22875160793126,16.16926918375742,1.5847768172580745
200.17353935424342,19.811861780274235,18.775235849471272
238.57257096888293,16.318135270166685,1.6352783224115874
155.56697993234928,12.598035810641598,25.0931921212837
223.69356415000632,16.340057030996114,15.358158920457834
165.27826366649066,15.399853797158555,15.810228737446012
152.17113684769456,17.798453951511437,16.847835231365828
166.3298963765677,11.069806388269583,5.124411189186322
168.52267218976698,17.61027902502028,5.9307090934346265
61.05452255943378,15.412665786761103,9.56451968619014
194.36677182226234,19.629920038589947,17.804892474655542
183.65024866735922,13.418721660386861,6.3035332782064355
198.31696164419554,16.326218931339483,3.4899518139978367
188.95723251653752,19.320281055100175,29.103506592552964
155.28808460837976,11.025097279906792,0.6594544442886874
240.83645089317798,19.37228487236451,24.08092216008065
84.85037436346136,16.878857223008133,23.641054487250663
175.66553707698253,10.678370591051719,8.91642341535288
87.59522035836753,13.009635669468162,4.068798480219402
145.7482635862371,17.081720886452814,4.368859401162703
123.42416984093046,10.673506014687717,20.922948517115774
109.94207558382126,15.821704601762733,19.28419773258521
102.89422626272733,13.458830569529567,23.4823702275416
181.43918957962583,16.20915517767477,28.12443517197314
83.96431475600095,10.457420338125129,20.75782089799776
120.57231125833736,18.715368061523762,4.675546096543304
213.63732185475203,19.73488969177397,7.30327850296232
173.64611376783023,19.688778552856913,25.265811926193436
146.74694087368485,17.496518317429246,6.279182275026257
198.29998380493828,11.30086240130632,2.175669508634442
126.36034383727944,17.582631959290225,21.098401621267513
109.32055239865548,10.245869164588015,12.075790664704261
146.23609050993005,10.221235515289973,27.601201576377107
187.3930560640795,13.236102191495412,19.507652132809845
204.15773060423876,14.886431904046658,2.7125693337498227
231.24029228604167,17.70407417807793,28.435697017609822
194.15969470125492,16.832953766065053,7.756717909207377
110.86703286421894,14.459027063767483,10.116374712188573
83.11946137703762,12.736266662816659,12.067812410506262
141.44097028125418,19.97124500157711,1.5367288921293976
107.26148818809146,14.26181302235973,14.895462666918146
153.823508379556,14.513870243296754,3.6995547322587674
163.22567795080212,11.636238211916691,12.029109800650552
87.37377254779008,17.948095487499295,10.52129363976253
202.51358981746486,16.936822257814885,23.1852025027951
104.56437527976561,12.207696127887605,24.095115348981935
132.18549854499662,10.823810456158427,4.602386471672641
161.24507846386288,16.80499302074713,10.996535621376786
119.37581795909507,16.54511214281135,11.200594830954952
137.8073648973344,12.732595269982093,4.5423133180825515
107.780321821514,19.508635622504105,23.953605151535715
131.36274999188933,11.510578917809003,21.216849850062697
172.94613783936785,14.323348010426018,5.711453588911041
225.0836106423508,19.436159201675988,11.00165725781397
120.87451720309906,14.197273169261223,3.1741507456954263
164.56705318509944,16.385259476640854,18.846197912791318
164.19874869984898,13.975943979627942,3.64115773645859
258.98659293045375,12.7421520234867,29.578025058747535
123.31799655043943,19.83977647959828,23.42046224063587
129.98353417725497,14.09334006315043,11.707156487519851
210.0167656885651,18.940992036791343,17.356917968380632
148.17347707110062,12.299546058910861,27.340254486492263
80.60857752541142,12.131047040250833,16.622978411874783
140.29020065163326,10.311340828845113,5.2349545919386555
103.00266593435731,16.51666825375885,11.36110066743478
184.73355662859535,13.685263437237612,25.29434595089236
177.53932162130045,18.64358249839637,19.326390479688538
229.50403517897274,14.732099066915572,19.52173153001401
171.5370343913027,19.681934279147217,26.004644570654676
135.25517736047243,11.85525515703121,26.81919172387514
154.27439086925514,18.68623167955611,27.59377715338309
217.19909005423645,17.765968527917416,2.845475797594683
93.36485925577296,17.70921844644052,16.32378005889303
148.26474057230033,18.44783228116888,22.21528563654956
115.73733292625576,17.61023990942999,22.707805353810414
207.04552552188338,16.262203216314155,18.201486059100116
126.81721375141004,11.312448776823876,5.0036200555102255
123.64324647605683,10.32526179491252,23.92261661824993
146.23138268960963,19.20847847815687,21.60334000544837
182.56027425538826,16.16650314520738,2.5840731464710887
172.17426304953972,17.96537290976176,13.914294740231288
199.38990920970025,14.815223515125501,5.2193219856541075
198.91128240225362,11.173081889623944,10.124311371389156
180.40875274082507,11.251857922025504,0.542432766170563
134.75646230848722,16.855652872289713,12.009896052322746
206.70190361986894,14.303058948994627,16.496307634686314
67.71952890347823,12.005247267003368,18.587477784812606
123.15645279635307,14.91594546741437,19.9047103538613
190.54144114373418,10.642089370751341,25.088739393073798
99.7673540767359,15.819714019143987,6.463887218271901
105.80993214725149,12.689934044350977,3.6144546731540386
130.94425927176852,17.975591006371882,25.54611515693777
131.60635064160064,13.103619589235738,4.698384446779497
176.71410171366603,14.552201490818012,29.24280244008586
160.32848784815664,10.116205399081007,25.27614688195911
185.07264805204494,10.724468877945588,15.026298176687975
191.41313602504408,13.924935564066848,29.442642747660756
75.01722826037941,14.799388347171234,2.921301873240126
236.9431713469307,16.00020548119304,9.09197283525305
115.79666525793274,12.916625787093032,19.146732451218345
106.9400909232969,16.949818861265424,10.500206054195363
97.93595151229808,18.601223971892047,27.851176559423756
155.5342370510668,17.7985098889335,1.968782645334527
79.10792224849759,10.396188253483572,16.482354961828936
95.63175905307362,14.805069472578289,17.725988021853436
91.81799269754427,11.049301784181749,19.581843713316722
98.35248705194039,12.420450158625275,7.669986699954433
158.43597190574852,19.866625932671464,10.936992825595933
193.35358955751806,11.424955429015132,25.31041588994933
140.40635684416262,14.98888153451356,5.848283069104795
103.14991982622008,16.18155734318119,24.80603541520086
123.56904268981164,17.02464970544104,16.879662687082273
220.412723931048,15.596486834869141,22.865625335822465
61.769841515838294,10.097708474191837,21.408220987904148
209.0508368899082,13.264613082439919,6.22534486154637
106.07753676146335,15.177116433847115,17.064382093016185
219.15168140050804,10.878664991448334,26.03169458415277
113.0074874032904,13.506269312091808,12.96348710405788
170.96910558412475,10.332031087913666,28.997723106699503
145.83999789992424,10.785784971550207,13.566453003051542
169.98392503861942,13.969232762015961,4.283569100036541
102.55891505652255,11.327157540430603,11.683040402330198
148.40148333965286,15.675408482615582,28.551072191716116
194.17113830370604,16.894649691372656,9.591625480195628
95.53222842320251,18.00586699109083,26.042944796011884
70.09964962558155,12.001502442448102,26.437520450456695
110.00599565223735,11.674825822590698,10.505595729958833
66.9074203657145,11.045678403344002,2.4977297415189637
191.54828089192824,16.364302495436366,21.736737274764547
75.15347950674014,17.064757264869012,9.345368970419582
142.15962926965386,10.31586144825642,23.48770842772717
103.47215474759525,19.362122462436897,13.279645447812992
115.10222819827555,10.519712836514724,14.558002270278648
105.85747154270636,15.412963353010705,23.337282202456105
71.88150374975787,17.090605194509163,11.470899931848837
92.03709690236491,18.709691237460856,13.293820359687436
234.76901482751921,17.140869321324278,11.285714063088664
93.33440759597352,18.017280830697917,11.020215458318399
169.05450711036735,13.394501925428061,15.778397307043782
99.76573200891785,18.148251137465124,24.26398333503452
68.78920297016863,10.80114846384675,10.853049357676976
152.61728755744255,18.948166560605276,15.7276416161321
156.79071839951146,15.475923761537363,20.121819763278026
225.936827596893,18.172977699624937,8.083183389109651
205.78908531756335,14.523182845183001,8.325684147071776
230.79887672894927,16.43577695196525,28.002393810703644
169.15952239819757,15.264026609361132,21.70603719993266
151.01040393251915,17.31589521755332,17.315600286699265
107.99597985607969,10.816299820305895,19.43160163261836
181.19277994953396,10.603520839905638,0.878983293102551
160.26072298859626,12.471032340101464,18.543088966850906
157.57135932051182,11.595446801131883,15.285266196726058
110.0973798937227,18.717835665922017,16.37249039338307
62.81266876545897,12.192139873580443,10.782714804924513
246.64169746220975,19.75865255819131,2.4442169313882567
105.47126102694982,13.368957917711068,5.800177008361565
128.61035547102756,11.821179156886993,28.522341396380153
102.01213740092354,17.89698507142479,12.260986868128018
176.00045205068395,16.58707775500876,14.000494674925925
65.02713285023391,14.98195716453139,1.5812936956031698
163.36354337691054,15.553635509376312,1.1269868863194177
120.99761014785639,17.192017782722637,21.51544341140273
162.7748303789562,12.284547413312987,16.14283992363334
227.26618773315369,19.96333916056742,15.261179526488
96.26372545914934,19.74793162146783,7.29373591268006
165.864312716782,16.503256863469367,22.342521948897666
99.4884335793436,11.995424509291452,5.047097373254756
97.11024179765337,16.802282424312914,5.698042309830601
159.52200133211966,10.721984089791759,13.821365140448265
97.50686291498322,10.30652502205806,8.588395863358226
122.28068950229078,12.576828885112137,7.423889436994391
82.10772670169543,14.626229567393164,19.35712933659995
138.57555268362862,18.682725054083804,19.529152356556335
284.2466932566907,17.27169069766308,24.735512093997876
118.65435264600329,17.42706521199981,12.531257009189275
220.03718083189906,14.254933344480754,2.192552730784507
187.26674931454886,13.45934992546963,8.20999154764373
109.38821907206862,13.710387629846027,29.40016389590451
117.92494956378181,19.876495637360577,17.88775725698106
203.61936308853294,10.401091914124825,21.29211254403061
123.78815149842693,18.670314961224484,0.22073488876243608
87.49156305074892,15.786754085723935,15.546171965475626
87.77570905328224,14.386154191895905,1.1258597259540937
177.58046751911158,17.252576604151365,17.07690636274344
210.3536573203035,14.866689414247029,27.623125489082263
102.45329772219495,18.734232380816607,29.052573915012236
93.03119772199969,19.007018640112584,16.216580261667726
208.84117879432767,14.217209268734553,13.746144157566478
181.03219374869647,12.768277972350516,28.35051282745482
207.05621216804087,15.923503285933622,20.208294959900854
181.4606123578073,19.12363345616691,1.9469783861522838
139.30212546289843,12.106621890056665,13.971767330024926
199.1431817138777,16.229665835634826,7.207350553929118
129.87938885198028,16.315602200925206,14.094129643460446
102.25081268601885,17.33113022415281,13.663967160190852
152.88490511351418,11.315676851272599,17.46434408444226
130.3365371393494,17.158249646820884,10.703114710477537
200.92486379209882,19.09032520665641,4.9281134836778415
100.65481190393703,11.796831088702419,15.111583037698688
178.4748363566725,12.375433249238776,24.90608653037286
273.91703508233877,19.713950940416396,19.92036684202807
99.25279001885023,11.809769527094897,10.151035977756475
240.3725705737115,18.54385093369579,28.065690682765716
157.21710570514364,14.922778564480348,27.366227137475466
189.41131310424524,12.47231074403177,6.280451981522964
157.05076229017527,18.707499012725116,1.1825275536108892
179.1331510601725,14.453052550026655,22.239261250522866
154.2104006967907,15.148173539296902,24.828307840474597
124.05244852046614,13.592333693997658,29.035936978540658
101.35434935016792,15.929508514349275,26.69509182264932
166.63630582869814,11.635238725850227,18.016043046192443
181.83275770154333,13.910815366517607,15.901570176371425
170.61430109907383,19.694123223352875,0.8352315378775887
175.86268461721966,12.581334327011275,7.399693405343335
126.41090033214888,16.56736664541292,13.788442551987792
141.55758360268632,13.251900642246948,18.855117002507036
83.59008012429497,17.734731256866006,16.71755499955232
156.30950920927157,11.308736607183498,22.279079690450715
234.40469848418027,19.698210450785446,8.393007926611226
139.23941630028577,14.537895413836392,16.948578229574196
56.61366761699847,12.36050463346464,2.644267301723764
94.70788243849934,10.734967473300127,12.409965707496209
160.761179343137,11.697579050875408,22.50482498863803
149.86844825363818,15.197739485560177,20.80202560287132
216.88888811464807,13.370031764312863,29.71928211516537
125.99450699737524,18.288833658826096,8.33673377963268
199.0447772712072,14.308875236618059,14.945678975219375
154.93871523663347,12.4871427258763,9.885912413219902
133.12493362925588,16.1714498660403,13.218093421775242
223.9478456848488,17.067772168854457,25.708503896081645
91.58489365667111,11.670419079009498,20.526272255654597
121.64351925957912,11.676192162883176,26.47323574042745
157.54745600670964,10.36671426933543,6.105333249956594
163.29528473145882,17.364020150656405,26.20083353524314
164.93178612872077,16.63804527621805,1.7928682253515327
174.7389138777305,14.746308757498138,26.657978413114574
105.4832228709126,18.441704489691972,9.872213383821837
189.40505373096158,18.056701529500533,9.437629002421994
169.7028486988939,15.853543643967521,15.362657300959917
169.24924927022653,18.682712805132585,28.22070563169695
46.04150507265133,12.058412100367683,1.433440940442161
126.78059136555362,11.11919619397728,10.566929252122359
94.01373490038637,12.697496115169896,25.697159660500073
74.39890562635696,10.570868560893148,11.881634323064002
102.17766638217388,15.31169528001032,5.97470692791201
118.00724805691776,19.366056922949614,12.743825439942354
158.1609210827735,10.393435406685096,11.56657504475008
102.97133629797605,11.221099140100268,27.462486044001103
192.5336785465928,14.521990282834352,22.858031272292912
157.90926748100662,19.33875017527905,15.15346667232019
228.20348138900266,13.161561049767505,29.651117001647133
106.49777363582275,15.072348086883924,13.9583259382777
196.92410752609416,10.415728590503921,1.7471349246082568
106.18952813481432,11.483432009620888,7.8682296544495465
213.7435440108025,19.86630122958847,13.082114406579379
130.92577722313456,19.651186964360456,4.707078724383603
81.038656790076,10.049399809344097,28.42695378972129
197.43713522014406,19.51811785423239,23.005466934533192
62.93309634476285,16.391199378155004,8.048616012833179
156.723822703018,18.67918294520022,17.724136005537474
124.2098961059074,14.54739855633859,21.643474713287162
187.40186574776075,15.155960285792503,28.23836786720394
242.16234211573962,14.888465802569202,26.449060475262318
155.18601525587363,16.668642575461043,15.45576678414641
195.5521744502899,11.396512547563129,23.239578593790526
129.60517050863376,10.29973589872678,16.86434261482755
135.47714346815798,13.079299415911908,16.581116701366202
216.29137046744697,17.046807627366466,3.442258750145757
198.47666554503186,12.018534521229483,3.7841297404845617
220.81921965514132,16.734324333249173,15.886008450673723
118.52363981698224,19.699120461072706,8.065846349370197
131.67718144353685,10.939007157894183,0.631107073814059
113.49957258443345,16.726021182251262,21.685176117006367
120.73828115702757,14.437502193045711,0.9745979007049488
155.09263769432735,18.681422543775053,17.858305233121637
177.66416861187744,11.771497894473859,16.175813823819432
260.0276645838087,16.926259522261645,29.064440717334133
146.0255468604355,18.3811528964811,14.52639418042925
65.51683336962529,19.446142194740233,1.9080430913339208
188.3814510721834,16.83248028289646,16.55063903419385
104.08168464267158,14.971747640084272,25.232885118483043
183.48844118104705,16.17847240201214,29.905478528443197
69.6843821514695,18.68904984478718,12.910295210672174
127.74014987810405,15.706097466388297,9.608962274902275
196.5368869695723,10.303870596968368,27.199598908559967
83.78904535608827,19.30948695506978,5.737263872283641
146.92933734518823,16.895267510315612,18.462867450987797
107.6865692431698,16.765133857772465,12.171432725428431
169.49261508017315,12.15675152397717,1.2324709486666585
209.42396309304775,16.58885470232657,10.418654229170933
108.09487374350925,13.938644056541584,7.956855675080238
92.91138618608501,16.512329770414922,20.582734618304606
152.5024211708604,11.065930303079908,28.463714930757543
123.30768886060505,16.57845304603036,8.041415621359132
235.15686547084192,19.994137257706665,24.343978174550454
59.49003521721469,10.48212038860556,1.6607945081522857
106.53190879650168,19.771741842213174,16.143630301194396
168.4056988401721,14.069079607228707,2.1165019112968375
140.9279798264796,18.707534503372592,28.02098973391918
246.7343255489427,17.823854840582733,22.990538416721705
89.4280726658584,15.670162609866678,19.73849733613777
130.54651697341276,17.384492092513266,24.71689144873993
231.60692061632062,18.78515561301348,19.425593867104894
128.26307485259687,14.04140321651033,29.068331915228736
178.92830882621226,13.270331615632387,21.418738435943144
116.0710542223442,16.675933855635847,27.739758287467403
169.76813098384503,18.078459419412585,15.513956760319141
196.16888562784365,17.622851347766158,3.51193238945588
105.89088624300312,17.978136488586344,15.845331642690514
171.9324329970101,14.35583314812933,3.806184841892799
172.547647606947,18.178342161750216,17.774804375292153
94.91911716449363,11.202090553706084,14.474791815829889
183.34749849304148,15.444890979608495,18.677261934983452
100.28208988849156,10.057586604981216,0.3014094316449478
74.62921925963386,13.245858299002704,5.845214749660923
138.0972436173353,13.664615348713978,14.739912957363927
141.58889890454765,13.961726916092553,28.515106847674044
119.95255459183147,16.95467206689862,11.508271210654753
190.25711997626553,13.885581012703458,12.73116078160904
152.8672250716097,14.486936226225307,21.440882670198665
246.88752884158922,12.375441308743275,18.11378271858354
108.77709253631143,13.7325179162934,8.967784502949996
118.89677917054358,12.272696272631515,12.324491867022832
143.5261428794543,10.731959237684435,6.5309939657169735
162.55807370633983,16.03448593381378,28.980643773906255
136.69756601966074,16.682127985550164,3.9190314467207923
86.99578219538313,16.194903460096146,11.155103536992584
114.09019431512179,14.634940438005724,0.7751691666003357
104.71029079592161,13.797857801792299,6.653384758006392
287.0299707508528,18.633336495718254,23.414134151404646
79.91959798724827,15.19081785136218,6.035256968666384
214.81100856347794,14.79181877629731,2.4019020758689678
150.71168339499596,10.256420658064357,14.233595395335698
105.84385307488661,13.412478276261563,0.29907704203555485
122.46174269626104,13.80195618785857,2.542984632789995
190.00739766043435,13.988227808969004,24.228776086889255
228.71711723994702,15.801723692273322,23.144200345788192
132.0006330151645,15.336025467268785,27.45416461214688
148.89839177133575,16.079050927934446,25.635463077322484
150.63236070068575,17.648832615421284,20.495266897194544
64.46380282823964,18.129857387160936,1.5699857190198852
171.74676457276618,17.181230762264946,23.485458539599726
224.94554753296563,19.555236959549347,25.365324325216815
115.45378152791518,10.182325826763616,23.972464373158633
133.51343521177873,11.957779856835462,15.254371059240782
123.3778777563351,10.075628749781421,6.98705515948445
136.59472170341112,16.47474714154603,25.3598992706618
105.43870808612274,18.98030548949987,21.814884292204155
184.04028692223804,12.434822965762994,29.422835231665548
221.36387908202693,19.270345447963066,4.6707779326779875
144.33651654159272,10.602673902895608,6.7699374915616515
64.38910871006065,19.344360268055144,6.353944496445081
87.53866666864107,13.516226872396345,23.7761930286401
56.99184905763182,11.014208284492165,5.6072188935035445
128.05909558107538,14.858717591863256,1.9997948946991828
197.81790356817666,12.56776567720508,29.95682419756886
74.52328482909401,12.848729019619228,0.7445163433544744
215.98760412105494,13.072899649262865,25.05732180476597
174.72461661928415,18.030258978326636,10.961005246519584
186.98318025214806,15.391612766752544,25.24846379273446
199.1145880005987,13.113076991560037,16.63861473633435
90.61399091200524,16.103337833109183,27.048936884590802
207.37323904435945,17.161506742231936,27.7857895924388
76.93761625777285,12.726240007335338,0.2729454384232799
110.68033206937027,14.135491015253516,2.2623652797836478
148.26117621312952,11.218860933369475,7.510761887125664
180.2260012977859,11.811493495346802,20.07946249090505
155.3990899828136,16.811178539649827,26.64816589534518
146.1738592136943,11.81438347695627,13.798258538818883
201.17220657912827,15.251633836670601,18.209193488227964
193.3766248418654,17.090462617224325,5.654995583866834
68.30808450058585,11.068769230947439,24.14900501645056
210.36619902407185,15.673122196289036,29.01984334060409
124.30036356498555,12.565627837013638,8.057967987437923
153.03446138228932,19.629268752375797,14.84477854801639
112.23927116722201,14.835456467199247,2.5834833151912138
165.32812382396318,18.059925497751582,16.774099693889053
219.980627853318,15.502265421562617,15.083503255400416
122.51204077217402,10.434125328548191,4.333094524652328
231.19479573441924,16.33151375594022,13.261986393542252
97.94205429859807,19.51403342206657,10.023139562596898
179.0437760082752,16.01611820146331,15.65492625915568
239.967319804557,18.1918885942679,17.569630062863975
185.88804012955688,18.84206463348408,0.25486735821628526
171.99389756398287,12.280797719489325,22.83017948848666
169.24315873005474,12.120448399082267,21.390428755852223
214.11490616352086,16.10980988850992,10.988591586195666
193.1931759517658,14.110284698067048,1.5880780670645478
88.59111084558742,18.398613028667203,22.64797619355151
242.23708868555815,19.000231233980113,28.655254814343973
117.00263554668393,13.534213793027181,7.204547880660426
113.74357438829966,12.36870558974482,9.705738412111137
226.89065727224676,17.80525515243862,5.514386684454449
121.9483806651443,12.74806035548136,17.30808370034519
207.38360584181737,18.226143185136785,4.645241839423648
104.8051179142152,14.237382536487628,10.685818303841383
82.31271467609,16.675498992914704,20.910390418027887
117.4849665326675,10.955353138346682,16.803479490280452
86.58038207567094,16.23859324676573,11.593876929838057
176.8632064752898,14.517676787372292,12.607488054226257
119.53128072473176,15.866084631754742,16.863326478696884
99.46309656595409,11.680142077448634,0.1759418366148391
67.87338577277896,17.36873744944182,2.3552960536082956
150.08426100720513,18.627970775432285,26.43774203289035
142.6101668671225,12.167398000907756,2.336369672738723
80.59149985112504,10.957145555201617,21.204107886315153
159.79825229825997,10.236385860463365,27.601144923271576
197.60260564650235,16.41971500443266,8.120508129051933
161.0473198210344,16.070940360887807,11.114743111785428
201.44009462087575,15.4669741271407,17.06764217534149
78.99705629925795,12.319470961159753,26.45126908915754
108.34580398614953,13.909059959055147,28.257167617812605
259.6842762599038,15.94476335186173,22.18689744333804
173.65440203251185,14.967668588591694,2.5985928256408206
184.92585161851372,19.877855202148872,20.074624666045523
158.0813909836628,11.36439752556733,12.309111656179862
146.56134332633533,16.951445540475937,14.121029984731848
67.86680307819329,14.043187681042921,1.4744517103553112
174.2861177062045,14.281996149256148,5.731864180390746
210.2009159472707,17.17597765658176,23.715408226009433
120.3280976671692,16.924361513243696,13.618764991435793
211.5315036484295,19.912559937021882,9.049867248934465
107.42936397715529,11.283942894541251,11.520572218948745
118.35203016893257,11.041096493841664,25.631985399770407
208.81172391599432,17.24338817128741,22.469970522148706
193.8753829024692,15.78386917006409,8.169461915432484
118.1508029300764,12.74160666559806,3.5250552063711993
69.3717206501352,10.794193689889866,7.559946649322152
116.39324592445513,10.856582495964306,27.62269353164201
206.6837302572787,18.941908746641182,17.44766513549266
106.64866455845385,11.91867324718743,16.004406262343487
172.72729751688487,13.233715621155207,17.891807990773845
186.7620573647169,12.26656402226988,10.980847972395457
195.51963905602557,13.549963058319372,24.21321060958538
105.45741489481662,10.694238427460935,15.698587479007495
197.81061051774947,15.190597909082705,3.5024370830638665
101.3930146907254,10.67612563592215,3.871953744871889
107.19465616549932,18.003565078223616,16.10577439507855
73.50399871051268,12.33712081910433,28.097106542125175
138.57480062018558,15.400119146045107,9.250563650285962
190.9793088382847,18.80079087561458,26.08623506577655
127.88849978688087,16.50877369047194,22.92286759736638
103.3118948078997,15.329577865513354,7.4343732872072055
184.3768044227837,13.243337531153756,1.0902224494872736
67.5880616134552,13.330019130581979,3.055417954271482
206.4380770681611,16.694869551981903,21.854818015423206
124.99382985720875,19.941393612211677,5.990092141219401
76.16248175335292,16.618391898493787,11.138127615161814
275.42226371148604,15.57783417370025,15.050974980192745
116.16354700013531,17.30650510239246,21.764045053504883
150.53204807913016,14.652056122837182,3.3969366977737616
85.45905576655687,10.601423426007852,12.190992158323844
81.01085865911249,15.622968158779099,14.552187274280863
79.09983637992903,19.5762528450538,16.22481191914619
98.38757938122556,11.753029423576596,24.5508192418565
73.99937734488056,16.900048908206657,5.150345851296507
161.92674312629183,12.009336886590564,24.23494355479867
153.1566933072636,15.358276844730813,20.786352830899567
100.73689283964868,10.966764496467196,16.67612442596878
140.61790173147563,14.503709362581851,20.98583611207716
209.37482038549672,17.56163328895246,12.360532168549692
189.52631265415405,13.475715242389821,4.151927579043737
206.22383778687683,16.64911724487218,19.97295720796102
223.45304683534323,17.95449960789729,15.740169200568667
131.75334125679,19.27177819479453,19.181244016283266
116.24487299797269,12.346420818554535,10.139963430854701
183.66406610206073,13.993159158093082,27.205997320195078
135.35026330122292,11.524160133304175,17.62109605726731
152.8224161341819,19.924835021583753,2.5620745287262148
161.27950056392638,19.270009679242953,13.49411972113286
244.26530795947215,15.399571302805596,22.69068164230903
226.18479565298105,18.420332943764212,23.82403685196817
145.4709961487026,15.209579772720422,14.837911582912763
208.67407505938561,16.235856880027598,26.842427124939032
99.8806844390828,10.891244321160165,8.030053115828927
68.0592889068406,17.55270420496808,12.317960917147998
105.63846059652093,11.277134836352348,26.9579073170691
168.89574840411947,18.260676302525283,26.887701494147368
69.81444439383617,17.82028087670386,20.571383064740427
225.912818990521,17.087446977429764,25.769416413666605
91.48265012025905,10.361603805247622,2.66319800868698
147.43519134198982,13.031283559453286,25.949849286233288
73.22292460691281,12.631125699108429,9.618597196506803
84.21814095824584,13.60136407471519,5.34994537284649
213.1862347937471,10.876427467638386,7.18109509026139
170.9301667001735,19.369578230310626,12.539055240416612
239.389813191322,15.538022407123762,7.535760138134017
212.29939234755423,13.055243106580235,9.617027580494971
102.89404029635844,13.969815170742834,4.049354582149263
116.26732331598292,14.472025405048356,8.885302966769956
220.60992607454222,16.005943333606172,17.168514436260036
223.60028640141394,15.156794276964977,13.255611242731918
185.1727233014485,19.193919732144174,10.401562837077336
189.74130092663847,14.969634829058302,22.393563865713418
215.42296690603607,19.921580148233126,26.805299141799537
153.38069250934524,18.514249577450958,22.703676687071912
136.39116420227873,12.085105143573358,9.960021063530375
229.14363391914793,19.30595214643916,22.33326503512661
149.7684748037541,11.16366397885476,4.559405474221537
67.36823364699215,18.174497084911916,3.9095396427387277
95.08491993884222,13.8062329347658,10.368811111084767
122.46793380523332,18.779743204450696,24.23107107132171
107.85662654904402,18.680566901074503,7.390447417269056
209.5544931744136,18.05925400117621,1.8976022669603876
71.08785177665963,17.900304363070614,3.9512860561906527
112.34754144738751,13.046791390980408,25.762349055887405
117.6111706501422,10.809192830512522,19.013498542418628
160.3112251853803,14.029801787651614,7.5960349010993
150.33844094958553,11.735245149865086,16.65887475984544
123.14027752318535,16.949510889024616,15.827388672760511
104.82493700736771,13.460997265377856,19.66307935321984
107.92429208981387,19.75610200859915,6.99562663264849
148.8194017124886,16.40972077345332,25.93208961583193
132.72102651732246,18.22480563634361,9.281056862400385
194.75658130602432,11.325246727418484,20.823949619287106
132.33938007725433,18.620144822726225,0.4837393911664467
66.37608168037097,19.227571905133942,11.179713896824417
182.14670990383283,14.870619188189359,10.55129453876425
126.52545950866791,16.062529377509776,16.304532857490436
144.81349223113568,17.648098009029955,2.182087853315895
117.63536448937134,11.748386272604126,23.70394121178325
140.86615176138102,15.025660764634424,6.533424053027056
235.5439734235859,13.986630277723131,20.311134446460308
190.23920809635416,11.46373992162249,24.096363697322797
102.95490921239548,13.675344222915314,16.856308687245395
104.63122409048721,10.681723093854936,22.226496201659565
145.5246976907543,10.25811906949487,19.855809366450167
178.4290992630869,11.351662891548228,10.665893914560229
233.08586469007437,19.63115111589174,24.26575617100696
83.5399220194345,15.49529535895017,8.841041096565839
88.63113337232008,19.6582216115322,17.136387532545516
159.93498053417812,14.32497878330132,22.361932174246185
94.2359491938483,13.118161330852596,11.368677294375228
123.13718849853183,15.061418628402441,9.083028228522751
95.54109216605838,14.3951168863291,13.780380305184682
173.2245645571657,11.05664684261744,24.538904830474607
272.31528573050696,16.408263146902062,27.897652894369944
230.72080081057464,12.160381825095996,16.352502385796704
142.02543936992055,16.195879548978297,19.843986159709555
195.63506195917736,16.502010923981533,27.098208667167427
152.16526362362055,11.52024853128648,2.956405542388272
76.51378903524991,10.613496271106682,6.962357335984951
180.30257249548907,17.807615860684397,21.267000187547474
136.89273724585834,14.598004237693202,24.71233385736899
69.26693018353757,10.581637955054758,25.710870849917338
151.16536675216324,19.94866317169767,12.453215305647978
53.171333374073754,10.577805609963667,2.680197068756005
202.6034114647811,16.95035228858553,13.133444318988598
116.9618148768244,19.836789252634137,6.922037706211613
115.59738500952,12.391801042159257,8.735893649898724
78.97711391490222,11.422493686871961,23.168026705125175
186.04797015037542,11.213849394224289,2.265812580776606
177.8058569762408,13.032751475675955,24.827436524421064
149.25830919848843,11.010458110106466,12.830072574725072
180.50914189958434,16.92161341694132,17.881917933017853
105.72772875632973,10.622917981300628,2.68956693707037
88.29749700175871,15.094221281497898,10.120772350718388
209.80722510593256,19.96696853852977,2.6910275704453737
96.28386199975229,18.139702695060187,28.846311686433285
93.70401078441597,16.15219438231011,24.217849479787514
138.69382373301366,13.062536207866117,13.788982630693807
88.00811664034397,16.238958362916385,6.708076449710133
139.17410011298992,15.270414639116517,28.003653157495567
141.59210426847162,14.260833838903714,10.337897871809153
114.3074042643735,11.307103767401994,4.8295329506212425
203.222355261627,18.866042152404667,16.894931653618645
148.76253889144292,14.497846488213225,28.313223610344483
132.2265076557147,11.94622511820765,0.11490871500967725
153.04250329762812,13.677593508772896,7.1437452976199625
118.69268623923034,14.14129752528927,28.15342921231223
125.41518639974021,18.275378955668742,5.132579005714861
121.34016729971552,17.33614380561402,3.3973035491945955
120.08399707750415,17.693048936413398,17.105616473994132
160.82733721645042,10.110312644286472,25.855314698844897
184.52606864459818,14.161539981797615,14.313294530817783
99.55655977075904,14.813441516353237,29.836927700535743
69.07209904302628,10.191922768230567,20.375150986139786
49.362115349170494,12.598132087450342,2.2222472163134324
131.3165214882536,17.60289823122135,29.78496395045926
74.80262284130758,11.37109705728999,12.236827103405712
170.20045281572607,15.353101314525917,8.622076015364476
196.50660066474552,12.152018720172375,16.736375507336568
120.46664374966704,10.121207746438932,9.12922775462593
68.70879007821483,12.412014575995414,2.5937252136045696
131.7836264190958,19.758737549100537,0.04285029237530158
145.1344012042301,18.015371118829897,13.487500587607869
178.60281251772653,19.595766443210334,25.105902666797768
225.14403566618728,14.878540439263624,17.169455568902297
216.4989197216095,11.097361986775034,29.976218968303225
150.190977537033,15.47959488973693,8.605399369415998
157.18115662447937,14.54377334559961,8.41365194280166
86.18629568372484,18.443570827396158,4.792483807018327
117.7322639474867,10.980825807842447,4.921907647960055
102.38600293995097,14.882411370217781,8.555597880301434
120.64273194541775,11.500486646939843,23.785201358205814
196.146875056431,13.2467592689006,27.172703719093438
113.71668658236933,17.373570773877997,29.25261509123044
78.46189198943122,14.760181293687666,6.968689622893579
81.55998968447597,13.758882851457694,26.43892636842275
61.021480003202875,13.944762785700354,9.847652678320111
58.24547490811223,14.594467684059866,3.3852163355065326
111.00168329407592,17.850165438370567,26.100747765604968
136.05031886648086,18.920846889402345,19.083169039308558
107.42839787676333,19.553346865039284,4.941926882431852
220.42441956768033,17.86903386255295,12.894937725390076
104.46654171071731,13.154068957480128,8.61773084631203
117.89738886308328,16.881347060865423,22.10383706130591
168.99124380272897,14.37603124055392,13.602486918728042
220.55186730362615,12.546706220460512,29.678398353191547
188.91537433614275,18.408715794259226,1.6423494677878536
104.43217474219571,10.38426348962325,10.6504579840874
189.84078548264475,19.017619921354235,14.457005013299323
170.38122597805378,14.61477464624734,15.094006642449592
160.15453163840158,16.372014768082803,9.478074671569104
188.68342332947526,16.593539222057828,21.87720747292704
224.38851223633833,18.951177407065362,26.242412204669243
206.88406220524823,16.366696821672072,28.161579059335892
163.04409196792946,16.139335847600616,24.152801303985786
164.08524294413783,10.6665204056069,25.517405919197984
173.11501239945554,15.18408021945204,16.516359018599864
193.46658130971127,11.501690008170417,24.77664679280444
57.158502281867044,17.374337687214854,9.105117274438566
183.5008770874697,15.122219208126745,11.954362863276431
87.3081910994748,16.802277792083533,9.50739041455633
142.78236053967404,10.416729006023843,14.021620063437762
178.9291125507738,10.847920160458033,8.567388487159091
131.19862301628854,17.163233880626823,28.848343267633403
130.24125566126216,10.720843359986734,9.385338840170045
61.34074899502237,10.712567277652585,2.941336143328195
131.8496572877093,10.121084752348875,15.804514981512401
86.32334245977569,19.565013982994802,1.712972353355291
137.77708260149203,17.37508359459007,3.3162949892574156
118.20593277342294,13.532514085020642,6.581681675887388
172.97502858817253,12.965355812876552,13.930507496464251
196.34935859635442,13.497032297458496,12.997527969270838
85.63968475957628,17.74653531181182,23.990755860083734
217.14621999890142,16.613706110704143,22.184239616523403
68.83925853029294,11.85195567867468,12.78954881972104
44.17759915089939,11.741093353340844,10.011126227268898
74.61195236101003,10.983956497133974,9.494063521844957
227.3143475563778,16.603027197013382,23.21985261882027
187.83160637541198,17.643726622217358,1.5621721866380922
94.5079990841009,12.65046428325004,0.3846494853181748
93.8202828167205,10.209449610309129,23.866331757799443
91.04180733272862,10.821716674764273,14.31439127967148
150.14048871695715,19.678600348450306,3.926434156607279
117.23105894937959,12.954447774774202,7.066978037835038
110.73551864536684,17.692231478381338,27.975118592921476
226.6719508561946,16.24663568854264,25.78508926874694
114.75407828378286,13.819396396528958,21.293551506719176
193.78008066682403,12.05687262195555,14.466756910119797
120.88594590083693,11.213864181594065,15.60970878574157
139.10545290560015,16.150129680388666,29.257336058518757
232.43199648948075,17.74633780637788,28.973113316528615
201.15320479459731,16.439042535411307,6.458071373575028
145.32462267749736,15.303021332491584,24.333136989159545
113.23205129440169,10.419512234316363,5.917279985010504
229.13443229018802,19.68488777594384,6.406124336518541
112.00577510779567,17.987141916545745,20.282791024937303
66.16108240744131,12.928220367009647,12.150032957626452
199.35019608672837,19.799703293588507,27.946332213195607
205.47384751578508,16.018815896363222,2.670292046880265
196.33415692642018,15.824226582072464,15.34576922428479
244.27948800224644,17.48073179429532,27.555645913293638
198.77373739641698,18.117697880901375,27.123409814385155
81.63813224793043,16.564786073315027,4.695876402472237
162.80006432105952,11.280957463662,10.999131002893694
146.82225130170167,13.382675059944983,18.573642001400888
84.85112940958726,19.280836403260498,4.781846543142065
99.50710273969626,12.246156118438519,29.04066516137216
96.9057965564883,13.721670238375133,27.44247986182981
170.37799461590322,14.32076882944196,5.008505371034076
190.95853800515263,14.394049896944521,3.634663837829563
189.39635359894734,16.129395824945256,2.562254484247959
298.407899214113,19.430758377447077,27.283309921098933
64.60447313058201,12.406927118325049,5.808714293863824
229.9972348151265,11.21501376300918,12.488547856330642
176.0838576660675,11.974704898599374,13.46554096956009
130.3329628096161,18.869249002092694,17.970331326407027
232.0909591261213,16.45810812655206,2.1520603124227486
94.26694900258359,12.859067892391602,6.802758522015479
241.46270930671778,18.159469389686173,27.944711607567783
266.4996821904877,18.61369996363436,27.252303218057087
214.37268495165986,18.46514338690278,23.438719422170767
133.54344708016865,19.189265336395543,0.582037368546463
80.15618405366338,12.522410201733615,9.810203054883063
156.27239023666536,17.550419287462784,18.838762060287234
126.21569646015251,14.6053949727414,8.255706353204271
236.17475125573608,18.419985528900614,27.28760085161332
228.17435391939694,17.284906771616132,19.016683854973255
229.92857870608495,17.764474464997246,2.157201519493368
96.1700587116984,16.561618376810713,27.270167665071092
179.77986468258035,11.774287694697069,28.732999745286676
218.80035634093855,15.450269188969383,2.3313725517517647
253.19900976460298,19.846697395245084,15.970807045839447
85.51415864016703,19.37388066497119,9.100928466425113
85.5063150614779,10.431737357970118,11.785172294442072
51.75015707907172,11.648148157294372,5.3895365386602565
138.68653800174903,11.31728773454562,17.342163060372375
196.82466217528085,17.259799099852955,28.739380597466717
256.7269214942798,18.177853298569453,15.092178008148272
118.58279336369729,12.135113663106718,2.4874374418344347
113.06575656627838,15.05852692951829,18.600040004322253
182.99331392458492,18.407030280112,10.20668983353771
209.54061321509656,17.328015447662505,25.677755687738934
186.0074538063694,15.422372054918483,13.040344449494107
171.95061141561007,15.903476904587729,5.785188268267368
115.39284343374108,15.0836054691628,5.733168680734348
174.96396228737012,12.975484513188206,23.062925421634812
218.80741742494712,15.650219928590161,7.967627949220796
140.8710447995737,16.888853020500907,23.01700182477669
106.25613101064073,18.733229158608076,6.176619322997982
80.81360085823819,16.36291353979248,9.650591061039282
76.83827717095126,17.61121537043158,13.964609173190981
167.29688360393294,11.60071634954573,28.29587549080352
89.86479486169358,14.615574744197898,27.95194274261474
92.51678966423563,10.093316198270934,6.2061562626686335
96.12597911347015,12.46678864521623,10.746571237292184
149.37878344970753,17.264617151130047,4.48198165361317
119.8145598723539,19.918099513493633,15.299552379404913
167.97593276761836,10.991780995872158,13.817476520839998
96.21281524860083,14.014943158612883,27.022804873521974
108.81312485683935,18.000709686991595,27.90016133373218
109.33692140598988,12.040356346288988,11.507021730218764
137.2763842581304,15.550849493022863,14.752138290569683
127.17503463623979,17.330712960296747,26.887087474383993
87.64772922523981,16.15985450260179,24.201234232351844
216.1530487975383,11.880247346154162,0.1096893403394783
151.65167604475207,13.553845686857395,9.601786925507476
98.27282693635634,17.837917844853973,12.653227258083778
76.08799935105341,15.542265141320167,6.891488510496951
186.33844259675342,10.052296135429128,5.987148476878162
176.69357920467843,17.609907600280938,1.13353519787039
126.66382424663377,10.35311354940239,19.301091752092816
186.7045833736795,17.457337827312323,7.875308714494969
154.85836479225736,12.024805601652375,1.5704153529393927
231.9867503998267,19.580734801193802,6.929379315841909
129.8690754008553,13.679407513020845,24.057418585083795
154.35594059999914,13.269316163380791,25.5446754493964
71.37782001112173,11.488880503324447,14.491987355799079
211.2772814098227,13.05604215490215,12.482120112260585
212.31589834932046,18.766507618282006,29.335610805053452
102.12758449492823,19.963343376272473,6.016939787642097
158.53850698167167,13.683095305068484,6.460778485638254
199.45227681798332,14.486106309545425,8.756015311091993
206.1438165972434,17.22070938202737,5.182719548432619
209.63750673595362,18.861957804650746,11.380967946125597
218.43632298220294,15.930443341867841,27.325026809692613
102.55826000786259,13.915256981778294,18.460435218857228
180.84947625058066,14.126218408486238,12.35839645836791
179.3869339422555,16.95618146496807,28.032323837136445
84.2492909590711,10.032182636042787,1.4539269742746697
97.46470945550553,16.195893374598406,6.308285337055841
225.7152745173754,13.554930104413573,16.97665815305277
125.12024634173493,17.94197331277084,18.466578695795373
163.95531991130858,10.92990639823132,1.1867251968783943
64.3924865800194,15.882022669483906,12.091162737213965
77.61856719489074,14.809728898861238,19.47461894492618
152.6935758553412,16.423255259052276,20.942116392102047
89.7007701112667,10.648535944829684,19.14419707548808
201.35676582149924,15.799837874281312,9.616896730827737
123.9193673635695,15.614845879595237,2.8056037079372853
86.16450379742267,15.606600944161709,12.813373392580022
83.34302631523995,16.034876665964546,3.8626331210416645
174.0482006607087,16.764679372263622,28.428709755620012
107.84057042970697,18.049889996807696,14.255125980678848
166.89292209825481,12.698207201282143,9.517775230706027
150.6984105471001,18.25049410180062,22.989122133567
83.74392564640932,14.982556822634535,14.938457777467915
105.43334949998209,10.770582791343312,9.301020720373502
77.77720737691793,10.585509292439792,24.35903227172405
80.50493273499991,13.342383186960609,26.01456453003366
109.49778668810455,17.848969771114675,20.19024498866031
201.03704466256062,17.076809347409156,1.4089326722300188
237.9076204387613,17.886149646724064,16.989686404995965
171.27127548454433,15.172690564416094,22.89884735991845
105.24288017800981,14.401989979554905,4.095090362507465
98.53387388553445,11.47452526706284,6.8601225415381
157.07004804604284,13.281927536093116,26.474853152044094
151.1197935323248,14.340193661738752,0.6036516555922211
196.49768209710604,10.886004296796173,22.58181413477928
77.31930379657881,12.206119527112113,14.213198775432687
71.1287334182677,15.982252940637387,13.403164765188206
174.9149315024884,17.356631142391898,0.21289597484661527
278.254950685007,19.983475113929497,24.581946928994782
206.88047600442576,19.331133313435576,10.794747019096993
177.34653927817257,16.425651995351917,16.222968939016287
216.78013166937725,14.21248053294072,20.319020590069783
150.70080678785513,16.361773647082327,21.078887293137473
263.8539397231526,17.85651618080232,28.67940176478217
149.34925655773563,11.183361909233874,15.940198597098274
182.18532493783323,14.099048896962882,11.991586529232826
151.9329307910179,18.39802285635617,28.61110879475124
98.17564297536367,13.83832951933044,19.263307050765633
138.37965628410993,15.718722712271866,8.944510688296669
136.11727334387652,15.877693608621982,3.7939273621071345
214.5736552489312,11.844762531336393,25.276635043955437
79.13931873170316,13.622354416522883,10.865448083824546
100.7423842156901,13.345112887419322,19.814091640932936
167.41379278480576,10.261967085320649,14.124492580976945
60.71605159108208,10.241917638913552,5.96789339385115
141.19927656258358,18.316970436757735,18.050598258613952
125.47193771942717,12.730708099728124,1.8204920685204695
123.16510238181448,15.180787662388154,12.400273796135767
91.53763432727405,12.98725573588773,16.39844818991013
194.04472514650217,19.406792451153404,13.081409223557372
170.2263872792947,12.592967588657737,22.460165257529724
208.78306892587142,14.296568127389351,24.837748636359372
174.94272826367367,18.72730250484602,23.13729222099534
105.84424817777304,18.419335667918087,1.1643884343540634
66.16376253652295,11.861014178462773,5.823863113379167
67.96699603652993,18.026433097957103,16.09822527791323
186.90518862252358,14.581868867378926,28.044661213314036
105.1928711724314,14.829688720853552,25.048703251563506
153.02978106285542,11.334799724159438,25.27603525055405
136.030783554709,10.806015137571247,9.096245812790247
119.22002836044139,17.27939306973765,12.883436912361077
92.40962029832657,14.964611523552998,14.121178419478122
169.4161548798379,14.368507026151796,4.721147500497312
194.41283401216754,17.295082286523968,0.9320439073336895
105.40550301335699,17.6551289899111,28.407086983815507
69.00254631603529,11.589081676693535,7.221377569905202
224.7906591524014,16.102251494776414,7.19846711170894
56.38664747525826,11.353540822776855,2.501371613062786
256.4084384770747,17.513750860290457,27.855232558313357
88.23639666317446,16.569551562671396,17.39211344819316
236.02939185126894,19.566146210834578,20.011105713760617
125.97285897644956,10.689580163564212,27.347306617891576
221.47374705090908,10.570547211512544,10.368605067023685
130.83977814680148,12.821870746932001,18.645219334142524
162.107245493654,12.61705683735906,1.1639836418666238
63.51268060942646,12.469787990719999,5.60317584693388
131.01336759093846,19.062545805210366,24.937374152698276
161.4930128226063,12.495461998495061,23.003050690150072
143.72495738361735,12.71949726128631,10.519280743714406
229.94857540319916,17.593982624179638,11.304318833226375
135.03980443568557,14.4973984245054,16.006633006607384
222.45300047254088,17.767105569551813,0.007230140554036479
97.60404345345495,10.653661575643852,7.237330081140836
242.6502988321305,14.875711936733843,6.246954258246433
197.76243980479137,10.336136001832827,7.514488402492904
115.50948536504445,10.626532034553545,24.17717527600324
220.3766025532859,19.06437453344411,8.390215696393295
178.23300897419338,11.392453711175952,5.745639661504445
118.63575849591717,15.32420682275217,15.127903823790946
175.29667869713157,14.110956026007065,25.96935109118196
70.16354621955603,13.473433262588427,7.240491115124996
207.83346714172228,18.998333456872725,2.356087283783961
97.95886387341102,10.218233967754895,10.69214207548994
87.92103711903616,16.63789686175589,22.429554736949335
148.5528545214578,19.633944342135504,16.520716340843837
193.3541996471475,15.60168183461842,24.503801087230425
244.58762423783637,19.368224620330917,28.78776442827702
223.5285746807163,10.522578792860237,23.77987430254851
125.4480048268266,14.187933190741614,18.1140923653126
72.03577436799942,12.601577909620511,14.800247641571415
207.26271239316037,17.3082096498073,1.202072590448
183.40704140563594,19.812970904972467,29.52965936442124
123.45000386156852,12.565300624442479,11.504433677251276
113.1629954908188,16.541746014740745,4.566846417506004
126.38422986479054,11.980976327597402,20.0012656618937
111.47083777191625,15.653302545716098,8.52864867286378
189.18563407427064,14.639324866883362,17.57334812793143
176.76111271930026,19.72005329631537,17.603037235337737
233.22139505102888,16.085272726964664,13.371894627086075
180.37967557664794,13.495063720868188,25.083558466351278
78.49234724427696,11.140957848879333,7.949011846663291
181.17831500634819,11.512468287349346,13.458977748532025
154.742048708368,12.25316929951235,16.130763857729143
116.0434552371816,12.50966661340298,19.90874162301899
202.32834911511358,18.50616057841138,23.519155515167686
126.56418403704633,15.612227882825248,11.844218486347682
218.12718088704145,15.233909113743664,19.38140832289788
122.27707704734755,11.147688718692175,4.518328592055574
198.85003691870298,18.60139693349435,27.97944301627436
86.11903054614447,17.228143032084837,11.491764192630106
141.51996061235846,10.676683619000016,21.885642659293154
214.80337343635148,17.078350972297688,0.6102324564653294
189.28694261641263,15.435382173426461,6.15561428714421
81.33987842270258,10.817253457467782,14.61247632970734
97.10777982768263,14.583006415286565,26.347574031970396
120.78515731551082,14.84696287130047,15.817654498520314
172.88020585182093,11.657745401632758,27.89611446881637
200.59911073171997,19.456981470002823,14.51390689748389
183.60459880583133,18.49975371480662,14.713472902078498
129.8936307148106,16.690223373291083,3.5924036550159566
216.11962525770318,14.622955610006072,24.079687324566596
151.2711435030348,14.117655415845086,7.408962374011875
117.70298191242841,16.50973467150954,26.988374681169454
152.14891551415573,15.454318694069055,27.324726609911885
220.4310202642255,10.622731058818855,28.299303356224492
181.64898624003536,15.125026487703316,15.6069146730927
169.30291172153045,18.064036172328393,20.312813543509332
169.23479970145672,14.592398775969581,23.355476401849906
187.02634020354736,10.519565775542684,3.930438559513968
161.75485203225955,17.86278199384033,18.028715849924918
94.39597275763599,12.013637821359744,1.0289370390993502
203.37787389470708,12.586208348880387,14.926982501661776
180.46323368783072,11.647063534322958,4.645280448606822
110.0648416640916,13.302150648714976,5.487687778862541
162.19358679621718,17.56751505688635,10.951427000778045
115.12830430241115,15.193858595039373,12.97311500149509
89.74374357621073,12.048812741507126,18.695172735965617
206.36034403688635,18.778300781520407,2.23285255315547
144.50276852238193,18.795818549515293,15.11075283712334
211.7950811385466,18.70578425046007,5.478753907593034
93.9200877997718,12.387962113815393,17.21925525095226
144.73137849675484,14.51239344180988,19.122138367835504
70.11534757124637,19.84989656140875,16.701277696585617
173.82914436458827,17.720124763099903,22.14886531434923
130.8266260472641,10.271674212255599,10.06827732722704
147.90923142427698,10.65204591260492,22.953197748993926
68.33672366399915,14.639313768123328,12.98301245124581
125.57507889478181,19.0922020586156,14.525534949677905
78.49092032762067,15.387017979527142,19.443063817832144
114.06992980534388,14.978125080342902,0.5507515199767188
178.25700633134105,11.054736999566305,19.61982664260745
138.60010020772512,16.56780104724294,18.55755447216346
173.71616142281496,18.221031606002256,9.295413502598397
129.55550783670733,13.804200075075624,2.5738285469846844
72.88250207839272,17.756118509253273,2.7280634973912345
117.71475932569405,19.644766539008117,27.696712409556856
97.49092049537815,12.03766459127689,20.678379636775112
226.36765518582004,15.233296311947413,3.813078413122212
163.97119622962464,12.871379580845755,10.701695079267191
111.39838275453889,17.928544190338393,17.774489817047893
109.17671161032686,15.775933658811574,25.06715115271946
228.24442611582995,16.345824175503036,1.3098278613902559
227.2970679831488,17.97914159615894,7.098993944100266
169.73997871322564,13.95970472662455,26.6924697088614
104.77244791640875,19.150900684070432,0.27496650551449453
77.29886782877438,15.3302886724614,6.041973083816622
240.1928240379383,11.579548228353481,28.77072527918898
206.23513682333652,16.958991181688024,18.402055395665133
118.86438256757259,17.932613504382545,7.850140999125194
143.03183622964022,13.167616770675266,2.009732831875428
177.09125174755764,18.57179256998753,0.8457402134166647
115.33185901007677,19.061432547657663,7.342352389107818
142.326746115332,12.769044873778089,26.444574587667315
102.71820984014478,19.83521472715222,12.477409628925285
76.41882892378652,11.407115280487584,21.61000107497979
166.51196946625112,12.020156684024899,27.548551061398733
112.01484168890002,11.842248392380261,12.241213848084499
212.35308016558747,18.939897100078703,5.7383211311219116
246.0902590021732,16.542925523249618,15.513537925707585
79.77416280943677,11.52104283222273,27.242510611795634
109.66046034130324,14.40323418368349,24.131232424131017
176.12578034868255,16.152980250698022,1.9748953008946135
159.82618963646297,10.834640849893834,20.777184002327456
215.41526911058145,18.824163684073387,17.15692567376861
186.4385585612647,18.03603535441535,27.223895290392765
136.43276701285902,15.052067735766382,3.674442505508917
224.6678620365597,19.671266152591706,16.021083396139698
238.4422102676965,14.177609792750998,26.38388080535677
124.47581731716417,19.84110319036498,12.30071360225229
228.4000987258371,16.67919998803627,14.459847531986012
120.4099624387558,16.346712732539416,2.113820330008749
229.8062160783589,11.65954895295785,8.344309213467325
176.39789073453957,18.81927758304644,9.73519947506842
156.19890963905624,14.274896879206151,28.35367346234661
119.52338202878809,11.622334057824794,8.480020816234772
105.292953996473,10.12607519975759,13.82606205808956
136.40301005257456,15.597556836383825,20.139132706928393
76.39219603583939,15.273996221226763,4.865501172236321
84.51910991636971,17.193536223691584,14.593271614256235
147.78239974147235,18.90258053017802,22.156171184277227
184.15852348724354,10.794065846430295,26.005656390811982
179.15284195014902,17.314964903403624,18.7877782398728
85.83693854839905,11.874119440975822,20.071605459508437
206.23115494575944,18.58177053157164,3.7885041775370687
206.45714275714954,18.19063513861656,28.373294917390414
222.75802915115264,15.407937549855443,3.9772223245344707
176.37051728500646,17.102427986233117,23.24018811545395
73.77114883030498,13.143501131837484,7.944489653349565
152.1482891593257,14.711678989328146,28.007794311037546
203.65812590708643,18.216368977104718,21.598786181084385
82.32296819104829,14.592651971732138,22.61441138935107
54.54072657243386,13.577982653254418,6.571775191796499
89.55176896324657,14.942124472502998,13.291199299054824
117.30447170727801,18.282492524372184,18.53439583767859
150.06049024525674,13.352080473708728,23.099208546198028
123.25188797196631,11.737615931357437,3.118781277371687
107.2513039157249,17.12014020330781,28.87095949363585
205.8411829269295,18.25978212708082,26.70662011663668
155.85649214491326,11.006374785235334,8.11045771486753
110.99138038482943,12.398741127559447,24.682807290969958
69.39427901725941,11.419719897609939,15.549717691194703
76.27447441857356,13.479414115821665,13.854194446860559
127.2947540802015,14.503509789054126,9.433023174342162
94.74007245441419,17.488263369633064,17.429057598947775
141.4899643995282,16.51147584881674,21.896673531107933
186.25484923693188,16.20928567478431,12.327987148882748
138.18312183048016,13.523749466096543,18.87657579024876
106.15486594986307,18.4144755308476,20.979387634659112
112.67518558549226,14.712871673981645,21.333654510458576
153.29437999332816,19.791049380151545,1.5589829439354075
233.00261657146348,16.341421382957368,25.792434170552006
140.73546616860716,11.262647415645027,13.747599442951438
150.09280540604178,16.76177562075434,7.872482450886434
118.47636123798918,13.25104015431699,7.2529352243904475
136.37676630529415,16.863271966860975,14.490423385318515
185.543211186336,10.696411481624057,26.604946184068776
67.17080550119428,11.748814371759593,11.350427450479408
255.41488565364926,18.557372589057863,22.4917724035063
141.93645069731232,12.271795570235149,2.904561929616558
186.91043478186288,18.3704112524294,14.281701064531854
106.28781355172781,12.792760884544105,29.75058421178207
190.60589729010124,16.428819100587077,23.11313408377011
176.4822839695188,16.94150573509831,6.31585465321839
81.09352712855434,15.12654753145053,15.04324421093732
96.69866478514604,13.053106766967312,7.008742909456997
162.02293763073124,12.126443763710961,12.286827817875277
131.83223241829072,10.331893545624261,23.402520712048943
159.68728793935037,13.039464012407239,23.13674445871211
69.51551332455772,16.53162790531283,6.8430113370715535
247.64837536814787,19.383048184484828,27.666699544645805
179.17608734209426,18.71204482263052,17.777045482944803
156.18373770534637,17.660647765353026,11.397728728860436
155.0212293940182,17.884473432532985,15.05806742342582
144.91525711067717,16.649849034759953,18.15213760313231
166.1833563493532,12.60286857566003,16.796715955373564
120.45611657707185,19.071950307058298,14.592151066085346
217.62124079442324,16.70732311905834,15.147984122682004
150.26223631231846,15.6044063098044,5.292357312836585
111.92301686022714,11.10989469213481,24.38198712914038
125.84105169767338,14.470555438064254,16.25280959823046
163.82649261924328,14.603582712019263,3.932395851141093
121.46463630762787,18.6456360952267,22.98471304748334
108.99336790140562,15.466482201877884,27.973319351320526
209.35440821530764,13.804005489704096,28.419206977108864
124.20919944901122,19.768003285106595,11.070531972335182
145.01875590182422,11.107205933263156,4.065506206822621
95.23663771065542,14.225484283119446,15.551988798991955
175.5730412432314,10.420246751714053,3.3782768804766206
108.19231998727167,17.399041207669303,28.01962255537852
71.1350166900959,19.180765521991507,5.50738882065438
207.29756064399945,12.800373295504894,7.582975798534922
146.11122374742055,18.58341676799121,12.199095806549114
106.52793663093745,12.922182304618978,11.494934056773774
115.88218372225886,19.10770161643915,23.83988677193667
193.68111095322337,17.53961903596784,13.68950461652887
143.95408550125987,18.049067768414385,5.123047800100107
200.71139031560278,10.180065556004545,8.016296864582223
262.0027149807146,19.628103570740258,15.27340155562566
152.9224457823557,17.26670992070323,4.423617522784047
126.26230967938258,13.047510953861334,18.34967026938042
178.30229607239278,18.29394664858847,16.97241919653438
158.58201998167607,12.8152119841493,21.44106949146773
107.8238706544993,18.72753839566128,28.13113846138103
111.98345725991445,11.12580390411937,27.36763683303467
96.4143773015136,17.036859774607958,28.38226854206494
72.29635987946618,15.406984766449103,7.341467910711028
69.09131160231506,10.965344701954407,3.9469591991806388
114.2791542535267,12.418938282588389,9.068301014893455
182.21735771072895,10.124040362773147,26.852555182989438
146.9236982899502,14.68767965464506,29.161604238704648
116.79329386268827,13.012652607600003,25.77974853211428
62.335231048325234,15.983574842977589,3.300531633826308
159.30280705050689,12.972378077086171,28.422839941793796
113.42402186618801,12.999191115069847,12.70074082052358
182.4165461123926,17.431931987316034,0.27930872287061037
175.3881277969142,10.481428359783534,13.271812222445808
99.63463749677123,19.028949951919873,1.3820750902640278
101.75245214085555,18.522638743911813,16.316337634833527
158.30821935876494,16.678046832264066,10.15662082311154
210.0094892712762,15.932215701073844,14.203048007821463
198.35518857667265,18.923024981396523,18.39511082229351
187.5580429314137,11.853301795287145,26.064032874534607
112.09826634713913,10.789691621908286,19.85704729415786
215.3054658271196,12.395101699095381,13.02146605434542
107.599052843061,17.945782787001903,24.58283561011095
74.23062388879197,10.346702667264832,27.167464127193966
175.77674055817553,15.828068350834897,3.5927989929659168
226.64878423628514,19.9543751619131,15.957989326583743
81.8642292312736,18.556960938375394,8.535358792273325
70.11028873102677,15.214456890435894,1.411835936308422
64.45519781988077,10.636409092866423,20.05640085341956
106.36719954906079,18.313735143857098,25.88312332377677
116.64341128769541,15.989785081772105,4.887079634321822
195.3052210557943,11.149329970595668,24.372409728717017
157.58352654061636,10.938572848233562,25.60187200610825
235.14517290391657,19.096268194365923,27.430213279994504
180.98500655996247,16.692002629380784,7.958552672581573
188.66288033812668,18.292867993167555,27.11859195569668
194.86422042579875,18.789789002822673,9.619882642092968
194.0480774534138,15.717723520483222,16.570140403665086
107.51704228231043,15.174463517550413,1.515224124968464
128.78966243662333,14.304274103209902,1.3164326510623081
142.85891882035628,13.169465877911193,21.61119638196609
181.9416665045652,14.345959608587117,13.334399339333732
257.83130338325265,17.738796557301562,7.688771261076527
109.71070181299326,16.019234310151315,5.712404880747306
202.3419620338888,18.92523289954846,20.098604725776543
61.67910801342157,14.433800143791878,0.012046320760196183
204.9973951427974,16.07089578718754,24.176735075905626
113.71574971273313,16.31307553091989,2.3774881838978645
53.8459891451197,15.916971623063255,5.7446884472435835
123.32737229255154,17.026337730855165,11.587091858972688
149.66886506861618,12.374334683748064,14.545762191483108
77.034198656468,15.123637775457906,10.649853474418254
195.1961779382325,11.042248028083478,9.621364949528816
102.37982766336759,13.845113276448126,28.917480362195654
215.56279614385676,14.876670686212645,19.247390437301828
174.34576891445124,16.522242595454724,0.7029886610216463
106.14767096091992,19.505310525862036,12.905277253329396
140.07445411422222,16.00651066548356,26.250260992319106
206.9213965063053,17.4359391617656,9.043685592320038
142.68710251221552,15.062660594952028,2.836690343231647
176.30619948361334,16.341040313763312,22.751543147697532
146.89231793463463,10.709322161337735,18.180414958082437
162.45778330102107,12.54391580841847,17.109375234795117
208.08257206463537,13.618530932051387,1.6072967882222378
101.62265077191005,14.724933550065135,4.21497029386552
92.53496207522814,10.456487455023836,18.676481886393415
84.88035575389344,11.400240975533176,6.234715243765074
167.7662091394019,12.768143077913058,15.12210239245273
209.93754735358132,19.715326909010507,16.346450580881804
96.5499636985547,13.313470071030508,8.505215708128182
73.18028118473217,14.820410581120825,28.452754666244786
80.48228175683819,11.960977127383929,25.273923205067256
153.76036548394416,16.107800710757683,21.671205228983954
131.58969875000778,12.806832155159743,2.3398159922822725
174.67097511036272,12.069925784384267,3.183900579270583
130.352029580671,15.16572628445979,14.783440375948672
54.10486204145284,10.055057991604208,4.82140047572957
188.1109091121122,10.076640326492253,29.34796390588422
135.2538964856486,12.190688091018577,4.755607020822284
131.3373992035993,10.367213625008212,14.62403506391922
91.19833354125205,11.080257541306914,10.923631705245162
124.21774856421365,13.388606493387517,19.18159264362294
224.77854575307634,18.025856795798127,3.8710922666827474
140.730655575646,15.720486433693008,12.909492841271726
118.8564103360574,15.126677259564165,8.24115098421431
138.5208787863831,12.934888232081217,26.63254574015064
234.21120925630163,19.317537194328164,1.2175713640408525
130.3431940014245,13.970150412371916,27.41182482019378
160.7735133828602,10.870927667957716,24.98982415659001
198.39064799932262,16.170665161178015,8.927121493224464
97.76359156085624,11.138383934766015,23.67871964031314
166.56657080497783,13.45223142801692,0.9364068101624268
186.7895604017273,15.074119387178088,29.00596650880181
179.57824049888097,18.74222524685176,15.79784827769368
87.51999986905024,14.935465803401186,9.098430781963359
123.40719967665773,17.022587660316642,10.877496377840313
182.52353206156317,19.928168389990702,1.9921606038149209
103.05950843052362,11.314891198979817,29.680485421261174
120.69602578684581,12.747315255195195,1.1787583545207736
100.2449519294979,13.945760755976464,19.64721369443577
56.50746955260447,14.218281785388314,13.28207783119375
190.58765667779323,14.110210752655458,28.46748654566145
127.5642345837719,19.076110025565548,7.379992209203855
280.8722530623336,17.140326444668563,15.962604718140339
99.54284579328822,16.079052140907038,14.470686257482589
161.11694182048353,13.093727178627821,21.08599332150304
92.11444449805838,18.237903842212948,2.0403069585726152
201.83436680657164,19.55060511484989,5.813673900700645
218.77316689465653,18.211982825502265,6.436944602785495
79.44249197528998,10.015651051914729,22.14452264525069
219.30755625093207,16.36401370183407,5.674160889802202
86.89053961811216,10.511353814421007,17.2047529167293
173.3420959509448,12.576072203337219,6.457314615028611
220.11014393092316,10.595247003477716,25.848748502519353
249.65330680458405,16.037954529493877,28.265563634689155
218.2172029193932,16.865899134926067,15.554789248267213
117.65779669820394,11.144876380659051,10.569266526275348
71.33589898678642,13.838388830449794,7.021733250524974
83.39692538128689,14.56236508955542,1.493430045691313
156.5964693842668,13.690530217609165,8.05500228592486
158.05692310346075,11.21025000485193,19.62707339835954
93.55107870166596,14.189477901874755,16.008507939276324
204.93655695059965,17.51178047808418,28.321238348427823
108.5353539592285,10.710076645332554,11.888317874751017
109.37236008380783,10.801800140819035,20.815900269851834
197.52133055947957,13.547712918359842,14.679682424253642
141.1238490251892,19.41725711618925,15.377286477726349
222.46167775783894,16.68572646722914,8.033229438123525
107.74763111703808,16.78669956672565,13.64852330525999
216.17923940275938,13.61919990837865,14.123549910381218
73.55133601302312,15.936607912085384,21.199275652468017
92.54453858291745,10.101311840277434,28.219199975583415
195.26001832206774,16.36096046409542,9.879638324475128
175.99881676937184,19.132869475762366,1.2660140574389533
93.43123011658255,16.125734683448194,14.88885376501919
127.07724911084553,18.73698593466345,16.333839964475057
153.4603152391026,17.239730554660937,5.053216533957458
117.46377613992088,11.205584164036903,22.813938188282002
229.80582414109895,19.024533072858418,29.54787325324475
169.837570507845,10.66443844355775,28.373241510253827
85.31501436318729,15.339674725477638,5.913181164709566
145.98380570756143,11.421371237934576,26.26089719702282
177.23756614905346,10.117066107309041,21.13480909235054
115.13415079244426,14.22034260127639,13.615396914207347
128.4152454265867,12.950407076541563,16.218329829741872
80.18085479184506,14.86000493797603,25.488005249473744
187.9349495998264,15.771998867345507,14.404048189151196
79.98989272568836,10.437390723089473,11.196221073153806
170.4115183726009,11.230032951237456,14.797424790779575
142.34258406849295,15.586423964504254,17.373894121051475
84.9608822222656,13.431673531726583,5.672329613350465
221.56412356563015,17.29173487549448,27.02723190800972
86.37165378257974,16.522916485919396,20.225608464888413
141.27811974034054,18.456043629899067,18.998067520124668
120.83596182127067,16.924928266692252,2.9848867854191443
112.38996628576714,14.299310773901482,18.125218145177755
181.78824660141896,16.729666223944324,3.6288198671547702
162.77515497848339,12.753811742554186,2.3609302558619714
64.63923605846921,13.063134987782126,15.8193268692718
193.97523564507384,17.889851599207933,12.08356602139485
171.13380430814658,14.464195164015822,17.664308104686697
207.70846085028327,17.983803405183526,2.6766650417171576
111.339189631075,18.224223736682784,12.929491885417752
161.00060051301912,18.57562337661284,5.243601451354739
167.71737764323137,19.166352358412073,29.6130025777235
152.42398129802518,14.309852205132962,16.83450637305523
137.04007291932223,13.188668183211389,20.62310582822602
115.08651608852573,15.821987465941138,9.762548420478234
185.81170472258603,13.711724234376275,2.8421674433803243
156.40412371441266,16.01074166800233,29.276125883506097
237.40917629751868,17.055858626438248,8.587771061495497
107.81732872443122,16.884050184921367,12.714245555207226
174.15654701561232,13.745528870201213,19.49591765107725
171.48798485383824,11.668602016987528,0.7409189305833386
190.9617737296124,14.305293384622075,24.30777391551861
210.76958371144866,11.425941440819088,16.097345700858607
226.25164479444322,18.900970351838083,8.346515612064664
116.62391973174238,13.458774607378574,1.8482395587740774
149.36168676891043,11.544597472233239,4.874952464233243
100.8743602158427,10.254477599057509,26.85101576560311
147.80153412231238,16.45822386286484,20.58072671807673
118.40402899713423,16.369023174547433,7.497051649106695
192.16503433331852,13.406041665812916,1.968022948350886
136.05391987287175,10.71711888847651,20.71845937159909
127.12109919393667,14.09628894895232,17.172231779032956
109.01841409312246,13.112174950633936,12.135585733747051
241.80641179378782,16.771206397350092,10.908343475701916
70.94661639507352,16.057792494526904,6.504428277873249
68.36943454556642,13.6459372819754,20.088337696125528
114.15343346980568,12.178925542549901,29.120040833816116
250.6685982941813,19.880359661555918,5.2714573751047755
235.38021090048204,14.540016211961149,17.9134986004651
182.54080067265346,16.88274235780237,12.725551672379286
177.41572507840712,11.405529675783608,13.400661652339947
104.18476845732633,14.855896996593978,7.624418403834432
201.64119459845907,10.275367198694655,24.754046269842572
86.2498672167073,15.0545511791045,14.557668124417233
93.74880043475633,19.64017407117702,16.302175565947923
61.24456552076289,13.842067129858002,9.142827383919773
124.49742563408844,10.389960125749116,5.454253970008493
162.99414352242528,10.309557909193435,2.5773116460846146
133.37887824847357,13.879867599468694,21.423574227747476
218.83690102668837,11.60024936463194,5.887028450635668
121.62991864040217,10.233520963281858,20.702260625663932
99.25079265828481,17.562136139501767,11.711293381408616
147.63152275670816,14.585230088818907,12.473244029689544
200.75025780831726,12.892447719726546,14.075324882783152
218.88245626923003,19.000831830164806,11.031255243826296
98.26448792592028,11.161389602005256,3.0185993166777028
187.9209822304386,19.55918828955319,9.288954300085374
131.4757412915737,13.139667173773528,19.912030820818153
187.87735527710922,18.884036723086812,19.97353204406613
238.0701819048672,16.029428764794616,8.586729217199832
91.54171543494166,18.267073597414875,13.803078796730638
243.96727758033197,19.840131632104644,5.803416840358125
139.32501268987954,12.884054378187457,6.311162445895073
97.3646586741568,19.61135485407593,0.6914126521982222
221.58454712305965,13.894818949024204,26.90239649723234
136.21780148215305,13.855119047369223,6.321199952247186
117.2600743179195,13.403871042545056,6.8260163080939
94.25474608998907,15.414076073475853,8.388042979353955
81.02578833454291,11.54145043178487,3.82224215086287
215.72323304849513,15.537114853580112,19.177886495440884
165.3420528300088,15.41704812410004,2.254288595327597
221.56631953833067,17.6190181260487,4.026072789790508
109.58951946826048,18.336499619375857,19.342701797702787
79.51620568524152,14.40441350312424,10.189818614443283
81.43248407058562,13.023332493514937,21.238434801035673
120.39969301391612,12.593348973170945,16.72274234010426
154.04163976681622,11.94623836704872,7.680635191845392
184.33211965990637,10.576475821990249,19.524838514679843
105.32943774969748,13.424479788347133,3.4882104087864194
203.83336118003146,12.702476921307833,16.092311492400913
194.6037448262465,19.664173858664075,13.11444315135104
70.67594484437177,15.577088262500439,8.036207484523224
195.41709423325167,13.472770390305076,18.120149932185004
111.8635887182927,15.80467600993696,26.140007770208477
114.50345514783685,11.391967013456956,29.9671409928923
107.865322251825,14.44043749202203,18.232883062302736
137.94038593743787,16.262343214210638,12.141176229875105
120.43291611410987,14.888978317924513,6.756213006486048
79.76180210158448,14.017788006543242,7.712882681853353
112.6489611039368,19.93848388899698,14.38364934449297
207.45504421049569,18.80314762148927,11.018331038421277
240.22468871228557,16.2340595815944,27.414435678748326
211.11078420556822,15.693773611822827,11.048864029671286
98.30391086694577,16.20660479824584,11.203337734363064
88.4383131004122,12.013121078224332,11.506035373019309
102.11221759707527,13.951377432643186,25.098606311029744
82.42028480978026,10.394595328908993,19.523649625407057
158.169026630817,14.755460374868267,18.42506550956678
165.8755734649713,15.430245839576632,10.024290671515866
169.44305604555097,12.277497361032095,24.537125304973184
167.76112883733376,19.640288471655136,1.150915840671034
158.07721774375912,19.09454610937242,26.123915170143395
156.47213592499696,17.22143235455906,15.382496993817888
175.2336005857153,15.333866287653626,11.947507045902384
125.8569801776119,18.69969159647685,14.91501842153057
113.58272042931705,11.30652343823463,20.022465916014934
102.66548702538829,17.90509794274885,0.3829627955369208
108.93132744455905,11.248208139668483,26.14655569374743
80.3365149695966,17.942106625494056,13.402185759341785
158.99154405779748,12.75767568251357,10.288995591002346
205.92884495953996,18.77090581018189,4.1473669690217125
103.41100293839541,19.44042093825398,13.183961230753264
72.62394064559005,11.487959694051156,14.889683138531366
178.85828161781816,14.626756050653935,12.109400834804333
113.43685359921771,19.80987378162685,20.359802814806912
122.08340857563533,14.834074359731467,12.62689586277678
98.76230918163421,18.635475225145452,28.8425273353972
118.36046966365605,15.887315221313198,17.978325534707757
192.63429830208267,13.753299079196019,24.22433806955727
183.5194597939935,12.857835555258703,3.2806770932843654
96.32646679827724,12.032230910860873,11.918738788377171
130.8827413284565,17.617981913776973,10.105431043414582
102.97484497144666,13.86540506823028,17.084471644097754
82.6729872952769,15.112754622007511,25.833405601842767
198.95672546597766,14.923254800011819,2.3501465328602
188.18288615804892,15.772790292331312,2.177243941341324
176.24558867813926,18.65577145624552,25.509531244727967
155.4070078095987,19.807393435834292,6.385502581150723
195.84290492266683,14.07584208573817,20.062597633494413
215.96507759291066,18.27518922106303,16.286343970824156
65.27944513755376,17.645277946547175,24.986807846616884
101.0346436374505,15.735289514555733,3.752667295092106
168.74858283744354,19.560471436119332,3.8934889716783383
123.10738036094249,12.004745155284027,16.704550808349225
206.48758516809048,11.092642103096214,28.391359600751127
165.82438398976532,18.53961966955422,12.449932751122628
186.8791228534518,14.391498166337483,9.808263007640848
102.70317541899966,18.469688542070603,18.200679695936575
259.93621031429785,18.93090205195415,27.913458016350933
114.58558038229326,10.624575936190714,25.107834985338712
253.0866764781967,18.83464762986061,29.864508321996595
67.2584201103127,14.483190553694222,0.6770574960713127
153.66345514109287,15.104324890042323,3.3857443413828667
228.0648535089798,16.265925110932102,18.28403290099866
177.88670518595683,19.26382606730087,24.61729318001549
122.70365303416929,10.191160944297641,8.557330269202996
217.53888410495554,14.768434683178171,7.176332641026563
135.26749932981977,16.877220424305605,23.609273981436026
154.31047139465892,17.227069576982284,1.6914556155969473
70.63784225413151,16.92532431537108,11.081479427477554
145.8029995014256,11.344351294081218,15.174276677769893
178.62526776744218,12.993955883716811,16.810460230509705
125.25386959212071,13.587155254170135,21.858454703783305
81.32846538596483,18.04437207679505,10.645371702919746
167.87799782673457,12.78759872414553,18.380530340238217
73.79514037873497,12.10704963867203,17.56126268372869
82.55906598658737,19.57448019038096,16.428483019612415
137.1631048577441,10.088632851134689,19.214498794266365
121.60839868333497,19.978208556819784,7.783475132042289
89.82909509318209,16.768212988573957,2.5394626075388693
178.1314541495728,18.28469299449117,3.578150161192303
58.99130210472017,12.946193963461932,6.737471479617032
91.73699786792704,10.1431527766706,15.005938065683557
113.41611018571699,17.3786951856153,25.213282516380605
183.52978877911497,18.34144597000676,21.038800262651524
180.09280752034792,17.40476131953519,23.671218126061415
133.66830735401868,11.428502873008386,10.529268717782742
98.40109390229436,17.53427922256969,12.139612249456505
95.40924543142484,17.68922782107641,11.810456579718384
68.54454987326883,16.58540515670055,5.756195532135045
125.79127937826432,17.66115932795586,1.8364997443071607
268.21860581779316,18.45921439677732,17.727482784816804
109.92385669042294,16.136041142374584,29.676500502617582
78.29252856045866,10.88604713969679,5.004891148507885
62.34951555331525,14.87627809667211,1.4005445969782127
177.66732549886765,10.77649334671605,23.38595045471799
193.89586632517063,14.075430310324307,7.577580200541726
186.96392055303266,14.071064891256276,24.88931416058785
198.37137605459196,10.660098441402416,21.118100011035462
145.1282232358131,13.488205339694794,28.370206111524137
97.10582156051173,11.109980987913149,12.26781707270016
131.35781274186456,18.082352100092223,19.859095183519024
205.66666422690662,19.47688025964471,13.94564342439812
147.1963763136367,10.723164752579386,18.917660919256306
164.70018267951588,19.551152072917013,13.48796718023212
192.6278710786179,15.225765993367451,5.658967392722245
167.10790021687882,12.99565677953874,15.236922480101427
208.51607190902538,10.768620752761635,15.85752604312327
173.94826434568824,15.006242680704178,24.318115447804832
198.62523286547628,17.94515544490749,22.065621173807436
112.22850215937635,17.070864772666983,19.913748718243323
141.023693385992,10.502260114639737,3.4016128665771763
178.6529814172764,10.729018353679034,21.61848871991145
111.48253920856182,14.02873282632637,15.009154690635443
212.56497421270802,12.952904940479433,26.822986083184777
172.3876458423017,12.323843230560477,27.596128023916283
60.81425206988791,12.810044989087135,1.6546977180535638
187.52660592402694,18.034827432968846,24.619246810634362
77.53174958864783,19.29228053631854,1.1309217126801185
236.9848400091036,14.051026945275664,11.01508877085068
198.91718227996762,19.06111002132497,16.268999268632374
73.17512288652986,13.21495701247882,4.443023958813823
97.83155356607085,14.764369863437917,22.389414377072303
131.84508568839667,12.260289978159998,0.25064112516415715
100.30837018849174,16.40476042175844,5.057971453021105
92.42868266619993,19.78981115174809,17.42390489560427
175.1651077810836,16.034930960433787,21.431626861118772
129.42637901734082,13.57814084113549,27.499293080817484
100.9305725301935,16.478174459905283,21.164899558038716
184.7978219399393,11.229206784653876,20.153378107645977
206.6554891525083,18.886590802653988,11.83023439051993
155.3930094402149,15.030839507798364,0.03853276580404241
201.43819283703291,14.493497420396421,3.6047777620686583
109.19291327447371,15.858647884535191,16.036636342681174
112.85009063605388,16.247838627894026,20.25389657533259
78.69337479585592,10.71775806226513,12.523448516893875
196.06732769801943,16.826172212234024,21.920370345851705
191.93441670718414,12.419316803155295,15.655868859965363
162.89061377018038,17.139526325065898,2.225285867829366
182.15929281540667,18.225347943841967,5.760487529038465
211.34219161137534,18.039585075525203,25.19994669731829
150.59492414350228,15.525009674078891,21.747382398733183
132.0608393834146,15.20169892310751,26.84285961037485
62.56609223290241,11.428759613394117,3.5267174736280973
87.05799382081939,17.753461504031357,29.70667603845222
151.55581969693998,12.714093804467144,6.282201418498008
116.15120422144958,14.966954228179466,0.3533962885992603
155.5582973760608,12.842740929275166,29.922688171606627
161.9375387600242,11.338283629996932,8.432216563353395
116.28983321396623,16.295576968917366,20.040583575376797
103.72246270749241,10.543320348229038,5.300469425289156
143.78910124019907,17.486452341262,17.406855965974252
149.4758553049311,13.175867952611167,27.121049593636776
132.77443049669748,10.001346930044853,9.605435022853158
134.73699278951324,15.111291392372298,20.107619281330777
153.84646309156201,10.468519085276032,5.637107663952495
203.1180009471475,12.761695578208995,18.74386196156176
213.4685876587498,17.069764874557162,10.093510554525304
211.29541317995591,10.62689621621866,6.33624775763855
117.1259796936567,18.393384923560024,9.395461521109054
49.55068044047839,10.038199226585832,5.365232055233981
112.48584155682566,12.468238692019023,27.057483235136484
102.89655479189908,17.409040561520715,11.915606589513866
214.18797624368094,13.162701497293067,7.35837914923102
158.1078984440456,11.018923880660136,13.452235230477987
83.1720861715535,13.60233918800428,9.616085004194867
104.72564149029651,12.703932863845255,22.332577614399778
112.40085913709918,18.42711902160555,29.13659735656483
141.28208804553202,13.13347917585143,13.141009700929406
208.99144137896678,17.889324717760072,25.83100199916721
211.15464144271118,18.91872144810735,16.975892206788586
202.56364450714625,14.338174195765296,4.717069952827004
128.63523831052194,19.09943143854392,20.718682262440247
111.74753218445677,13.773180539631928,15.403034913774604
125.39019887175232,19.64078416490108,19.518195697563105
122.7849304079011,10.89289524525573,26.69062237714995
235.3982647490147,16.870192665032427,13.213037119681383
161.15977917749882,14.938140404569287,27.03532869652067
148.83136047286993,13.876488054556471,22.520070428449646
156.3716880697929,16.327118787486008,14.658147776339543
88.47606538440448,17.03857091634331,18.09666406973891
68.0839012054034,10.04363269650309,9.767433975570343
145.1288161566025,11.669530887471987,29.507918992163226
177.91723000040568,17.130460506343187,20.02053489151188
96.84409727376084,16.663854135782064,1.3154055748988969
201.34487898098334,19.660475051286774,9.798657172440263
210.98880781000238,17.610377902507828,18.699433012771724
157.83602841951082,19.50772707731338,1.689998333977194
163.5253548632463,17.02540501534807,0.716525739574283
145.67289113205044,12.980522086394432,13.500727185834076
149.8315484808125,11.053649222508565,9.9807053907801
168.86337570822994,17.818238633449354,13.148958240994977
220.6623240462131,16.44149221475916,7.880799296400155
108.54505581346758,10.481860123932963,4.941532408289428
129.25649014099292,13.600504659009783,20.67430070941013
91.05745066132326,19.56799815484286,15.437133488034014
89.02753130252789,15.004011457102012,6.004626337481005
153.19166198820704,14.327291360197046,9.587682787799949
220.94436191770967,14.576996051592939,17.75423722989978
115.78620822242776,12.088827240051637,2.1668804481743353
71.36209614853267,13.687071708647952,4.423590277985387
87.23779236826101,13.698132559871766,2.1973681232217035
143.12460801199597,10.523550201874723,24.369519981423565
120.41601644848382,17.675676285179183,22.572276996360277
99.64601105389258,14.16504431903879,22.59938795637771
187.06549062380168,18.221798868164232,21.489760304280843
84.04777389995323,18.503480011198953,20.081562710096076
144.21004499471655,12.11994054698658,14.30975746134525
193.34639062998187,16.573534821701287,19.26834490521345
94.30350404536384,14.722818041629818,1.1508466436392395
206.96085890439716,18.801567379214852,18.64393267970354
152.4674677977086,12.157406791764542,23.336331166106316
148.07623752640072,16.778132003100442,15.010750811531706
143.49832514059182,16.077521222527224,10.725399852817109
107.41463176139804,12.953014775718328,8.322802044029373
169.83848444691077,11.366009036511727,19.284061504862475
212.0981407944214,16.516397604772767,20.784035958897263
148.3970441259833,17.385974581323307,26.129027995876278
55.65354945848095,13.1562734376335,10.270022473829721
85.94202771483748,16.448326040223137,23.093169221567567
104.73211373242854,13.951309076115033,16.840674725680138
190.1378719528534,17.132068832826178,26.485094720342374
78.46468320976594,11.992152748940532,15.834363248868623
148.35768054281786,18.902150026361745,15.528894851939016
177.41171541286903,12.874095964655798,17.33631244322727
128.10981828385604,13.677859877561529,22.479460654273034
191.47504497449245,10.580919520803498,28.94071436485383
159.30180676369127,11.115122123212764,2.2069006264729696
89.27343316296633,15.158619027123281,1.6030380717305148
187.33258428467602,12.675926767279716,28.126510122220154
193.48024282481828,18.354802257421944,15.896268765546184
117.63683948174756,10.146933886549538,18.447090437008082
85.65108996240527,13.790940486719363,14.472708047841866
118.43796090108054,13.373455467690928,2.8097235782242347
185.9290160677514,10.19327630917601,23.042681352559995
143.8585590738278,11.243683990005103,22.416739352657608
82.45909630860655,14.136426749186352,9.351099644784359
165.4281325106501,14.928645844474467,9.187177356852011
148.16546657579838,14.042897472548692,25.135241427165557
162.28605943350522,15.30937678412094,2.1707177322397984
192.4793634094837,15.951316749056815,26.433154450696975
139.74830102872986,10.099238211278356,7.699850696877433
212.91320303117516,14.64095159453504,17.789542432664817
227.41150018965,19.634992408875885,28.07982537005333
173.44846569303604,15.190322801295487,20.343675046099392
96.6812294982629,16.77542267458953,12.432894374011097
215.5452683720938,13.118638579168833,20.686026267162454
249.37856518233866,17.739913781527626,10.319389089491105
101.71564794012617,17.72921481876115,8.317752490475584
162.47998843066895,15.21296047654139,29.900498338040393
136.86960531118172,19.760138232792137,22.52370693539363
193.89678850415336,11.255502147626533,19.341599321454527
141.01129076016684,10.16947664889581,10.658689296579563
78.82928064702949,17.70158211757096,1.4748248746514447
207.83769454833043,18.071555373648824,0.9317062810546684
98.85572929546191,11.202072291205763,16.625437663463963
204.4383394465294,12.655828329586061,22.860981631171533
119.69238248865881,10.17552363366629,16.12137571331565
106.62349735421292,12.933086107805646,25.223552158173437
86.82532099637586,17.731418739186715,1.002795992796649
81.80935455128335,15.17960527712579,11.002562292778203
131.85700213132307,13.480955931682882,7.112111735225342
128.66382577368003,13.717392949063303,13.41818904471366
66.37729749241569,10.013536257154682,2.1712917958236746
110.05234871315785,12.998005275652359,28.623949247132177
74.14688018684205,16.464587416379306,6.697662032080828
226.5451908546043,19.74194443816357,27.669233264507543
214.0235690916143,18.470608269838994,12.776794651100454
72.10261589568674,10.23594964645529,29.56572399765654
182.42795921684484,18.985606046748394,16.621751503806323
101.68477760528079,17.83198413298626,27.924985925274225
220.29951380046023,17.803761235709803,0.16046966082668535
206.12908665787154,14.579957590035715,22.447164185427003
172.03923298475965,13.980052929545028,27.091519593075464
191.2726587591248,13.029157288331927,4.191617009368622
186.5643107156085,10.656948589543658,2.8837755519645447
195.04637913286913,12.28235363493699,12.737178215578668
153.06469949882063,12.466036349780246,28.010367183988055
101.70264208975422,14.840770697102016,16.271596805713163
92.21847942362609,17.47444406596694,15.823693911651965
122.74817036022573,14.738098283979467,4.233783548979656
114.57203857952453,10.578444494471606,0.023685332796563596
113.53672159933072,19.577898009882038,24.304202722363836
122.51568748470173,19.427243190941123,2.627236889587147
134.94256314365106,17.851895431484085,19.015494562059718
148.0116123544476,19.913279015642207,27.438493635455742
148.78095931112284,15.444823328002629,6.25955739475293
223.93584412277983,19.62768350253206,19.958185087107324
144.61141793039852,10.756050406167507,2.360957301225284
157.67009298778052,13.656807482613713,18.11265431512839
142.72004330462858,12.253812680067659,4.917951628596082
131.45489129721832,11.9583308413427,22.07860681545534
63.04655791709543,11.408029488926761,9.036938843817246
209.65189121240016,16.224136415659967,13.901730264139387
103.62188267598468,17.81321855747305,17.982916260828652
75.69527521946127,15.782983994203606,5.138202319987188
154.51024322103163,11.469627095882096,22.249134558528628
92.17376999069651,18.11123769933471,9.079210219104436
138.84506902025072,16.359547071637284,19.871155797382606
58.50004654304981,13.881657061269955,4.74849152098121
102.67410617547202,16.74130295536063,20.64352977619051
84.75231320353048,12.599049792428328,3.845642184313852
62.20755227577871,13.451922084942105,12.760694888099508
181.38654007462748,19.1748584313199,7.416182212166305
134.94481307264238,12.905045056714204,22.451257482845477
121.08734146216396,14.699882681579366,7.861050135206237
234.5050225411592,18.901411373960148,26.451519191861887
109.94505244707614,17.077213502675274,26.754606342198386
99.4869238601571,10.622032261647028,5.893239456683576
99.6752793371571,11.473030442789703,18.415378350231727
121.57540173956517,10.078415907719169,2.6315292515989297
122.89393924663783,16.309217902291635,11.746112988048875
171.2437754181912,14.476734254104183,21.399651885038168
150.0140865180043,11.342748509022755,19.782697405497487
167.4553867097476,19.579341210567705,18.74102008219824
179.468034246933,15.296597239456199,8.476225909873307
195.19257415200707,12.418932941128892,11.34074848303206
80.48955606970326,15.006035711547076,3.0883843410085854
115.69721751080688,16.79620332735108,21.57068461300803
161.5018516367603,10.762392179735645,15.116663903738205
173.60127220539437,12.74703815047892,21.262968970369638
79.32583536080067,18.069654908839937,7.468305743906183
125.77326923879835,14.596648704026613,9.733146859051987
155.94355439339586,15.465771420322948,10.02646011780344
140.54220854700336,14.328160022094693,0.772272292416486
83.83848288511248,10.438999426430051,10.231436184918707
211.50887734837346,11.65749779820156,24.099137205541005
160.7981779204903,14.455416387418909,26.918954872492154
161.7766347629426,12.091854654079278,15.546549469077824
141.5882712352691,10.499790286596788,13.665050856576608
195.6494967886901,18.436496640518236,0.9247385609811076
110.65624334899911,19.81192529164116,26.376130127561478
116.4392315214355,17.931428739967394,0.39030640277618156
214.74627621914507,18.53784921704667,28.34250240630635
180.5179567374517,12.419771303170453,14.67648746064272
85.56664948450394,19.606269755131997,10.258034807241799
216.92017201956102,11.969257044534285,27.726553045279804
126.88722950685488,19.514298103618323,0.7317297933029021
161.857719830652,19.94819293965951,17.442746846072612
115.09936237805198,17.117228057460487,16.46797573498013
113.67155802051751,19.81143731791822,6.579612036341462
215.86565944302384,15.695397795671036,12.866622940506318
218.97237260296072,12.595417831760903,19.567920178313106
162.07248653778572,14.369958856656208,21.813935906457825
249.3801055923155,15.935609353787859,0.021505761197393447
183.98196977838504,10.73081562027015,28.10560290273046
126.13087046815713,16.223432646172462,4.935761171784372
158.12324378373154,19.811778367622946,7.0074130266707755
146.90314601053717,11.901076497837277,7.904203370815447
146.4477229154587,17.925951162883834,1.1346040965610593
82.73114740574468,19.078987937796192,3.691563707709747
202.94921927242896,19.437015928202207,29.59049768832486
92.48855643497026,19.601356044054473,9.456502121318582
171.6861074441634,15.21459638721472,3.4590327101714804
189.4137754106402,19.773079079915036,3.2097378352386996
117.63769479304443,17.573102071344387,21.583799030099158
113.99875268979181,11.616714362369619,25.637059920979226
142.89458682169112,14.7690010646797,7.708568985254097
154.68209302328623,17.18331175372004,0.6272853700570491
104.16784877991428,12.473403158190834,6.692700553360674
148.07798051456135,16.406151835488874,1.69547072390272
99.35102640078905,16.666004790466193,3.1018480989012454
64.28840342617417,11.62699743808566,12.945243595429272
77.88511606852953,15.650853124527563,6.8975511258489774
92.72748189750685,17.716269109786076,15.478376355762702
148.87410015531697,14.98895664535942,7.604812597715711
191.62374914831358,10.121031167761075,28.21611903308843
132.00152044433503,10.090384690792922,27.178319037787936
170.9775954529449,13.570293439700121,17.00418315031398
106.5219999019982,19.26194068431782,10.632719759621585
125.47399060262877,12.286767796036088,11.434406461042068
115.0446790034686,16.343636888716873,12.355568494334909
158.10808562896528,12.220758706933205,21.827379664048323
224.9912444548475,13.216699896595486,13.549169865565137
107.77908990915309,18.48042089601484,25.701898395176922
173.15649695633766,17.288614422699467,28.322843577910938
49.01996234346975,10.953992773132107,10.078384601368015
86.14834802966789,14.287020209864336,16.820834441270403
82.83688709279316,10.291697636452644,2.851696104976933
115.7494108968687,14.80890146603009,6.01407143299077
87.56584727846561,16.624340117010682,12.403973001304804
109.97235267963285,11.185026235981516,6.186081477053365
141.0318252167946,12.888849389091657,26.296814723661527
108.45438165478451,13.97836625502157,4.748587681772943
208.58654822098043,19.195310246560496,13.669824646592758
239.45428226928342,19.93255015422964,18.17097721379627
110.21391089849416,10.44911298995616,20.755917244825334
109.91255618652298,17.610079234953922,11.492081091795201
128.50697619115735,13.717240664023432,26.072972061741854
199.25772056700026,13.9245818622948,17.049574532337765
199.04703760724158,17.542649733470228,13.185233413426554
135.14833581925225,19.184264321454087,2.0172190215610986
92.35146170243954,19.509285945025486,13.94068405335495
157.7841179871416,15.771225860383208,24.622075224471907
104.15832037574575,13.571211593005028,18.436230546639464
253.59753401065402,17.875490858587792,24.96487361187355
175.590342675641,12.510013832623002,14.820350117979169
67.03912497613027,15.640740288335177,3.553851152834455
154.10642107356293,13.585784615248732,0.4091953750764321
97.16224252971283,16.566310737078762,9.096586401557737
119.64959788044816,12.40398912893507,20.939714144933774
218.02612387544653,11.915929457348257,23.707797118250813
146.26792569588568,19.18239086675437,8.872585038609882
99.710187619138,11.018036829495369,14.869617626497414
104.82172940294396,15.059579077349316,12.63356713302245
191.25967325611433,12.20852782963009,12.315683530542836
154.53174720590525,10.389299633256675,6.9404613960045145
101.5572374051032,10.360188182914264,4.091133150883751
90.62095481744504,11.752217721058273,5.900656746936393
112.16688984112955,18.667703545060004,1.659971614900383
182.29064938343288,12.824787439770267,5.943922254707311
169.02347019386087,19.504591705752958,0.2760269287613837
131.12864213126244,15.816222929891936,18.817752019079347
145.1238607949248,14.366141897687662,9.491262221630487
212.3767116677498,15.800888346694546,29.19434134280726
99.2078745169722,15.166983852262678,5.811511523288936
107.60618371860083,17.58776253757325,10.374857109287817
153.764991745619,12.824960659728523,10.735234759245996
117.04792827438155,13.530503916003024,0.2535448818738162
215.21251779527236,18.94094302533251,25.17623859118377
202.2843734750825,19.464565131504056,0.9598338043297416
167.89474340805344,18.925582274864745,28.205395041877242
79.23646885734411,14.194479939573135,26.76223053280862
229.4047642491827,17.803655030068818,16.065657482578906
141.7818431913635,14.763357333010989,16.307867247338763
171.4071562677939,14.975398521461022,19.61333768868469
166.4855401735461,12.04680109057284,11.611500358046609
140.31967569069445,15.911303032585165,19.416668501935664
95.14729285553511,11.86135897753348,1.3430516606546061
171.40444695485044,13.315646990671938,1.621428820491797
235.755684245724,18.550302016199353,13.71691258858633
156.65101559703632,12.070758092108552,16.488669033181047
140.4556180766384,10.711582851734327,26.63452921007457
52.66459238258953,10.690075926128163,3.1398190172368876
96.04572641949113,19.40784520503108,24.67943781581668
131.47904122934366,15.069204379618347,6.3014201187620875
127.17054847357227,14.094120718170183,11.822509455300956
218.20395111861518,18.108785810079183,9.498073044822387
156.31379743744662,18.35825927910516,12.004658185961969
148.31459463713426,13.321910331156046,4.514864942177566
153.18006867971206,16.936180574737953,15.107102232106648
108.73204597531652,17.711228158518864,24.04927769494102
239.05126277231665,16.546506868659545,13.246020311366909
126.0152661982508,11.515950748000993,14.718407276945973
113.92367808902004,18.75883083517057,25.46302755843943
160.09716855410693,15.390945527360087,21.181743439140924
158.09323456595024,12.824724263700038,14.713632255593541
187.73274724183207,14.252281854376939,7.73086944567539
94.94823389060737,10.375710903989074,26.547802405349
193.81824645718896,11.278668012224175,17.31061205071675
113.60655673273263,17.655467505158608,6.634428303320802
61.9915640668035,10.00011634755366,8.07359257914031
213.17153193660994,14.165658284822921,24.093992668087377
145.39689918184231,15.225101810855884,1.3243668626236638
154.06739917242498,10.546344200009724,29.7627656108646
165.95826787339487,19.730781629723328,3.9105503914437536
212.3172131521213,12.26125331249672,23.882055761908124
177.60173704529905,13.04198719636281,11.843259503150486
164.28411130795263,13.039425122550274,14.766485498624006
162.03647971824813,12.304166621173499,26.419517323937335
168.7491854326443,10.014738220863114,12.387335687676398
215.2238280161823,17.293447940879965,16.124812610197033
74.07452897841654,19.668454997992853,1.4789898722750983
178.28052091204546,12.24293483285045,0.07042421602359461
162.19125694943733,16.630471918034225,7.343996190051777
149.45746133906692,17.418963269587152,20.41749278756302
177.1407248382347,18.484253790905246,3.637946800774101
67.6537920564767,14.226291970136092,3.412858764136483
138.04318207763535,13.029309056404292,12.328818241077098
211.49749551781775,13.252951340230311,19.435111158246794
88.99756487117448,17.126213330985127,21.362159767437916
137.44168631702883,18.16779466505636,5.353520222951244
160.87463089858304,11.816139677566026,2.3876444211612737
160.54286771424714,13.709410081577651,28.211911018366326
128.0701235981954,19.0194019674915,7.819991476863052
160.71069434500535,18.06693519694739,25.600394928261714
159.95398467044672,19.84858402762476,25.904743513884547
203.64594968847345,17.542482596820808,23.175677752876332
187.34711977381272,13.931952010279222,5.065008199577102
160.58088724445756,15.906378339946377,24.65404377762601
199.11158036926292,16.610142542473202,23.077516777247602
126.2020468068477,10.784558163171239,17.901689703186513
120.20967265060838,15.444969591038651,10.116061055068583
162.13177841641578,17.093208284726096,7.875258127996323
158.06529984839176,11.673213040010603,3.656676362410769
136.10132071868688,17.80631717425557,15.292712007026143
77.8510768065221,15.837727805141116,17.557826265295397
119.35147544000012,19.522217856975946,10.780169715473617
104.03753495702438,10.424222982068917,14.260772030426057
103.3666271926123,12.65326137555467,10.905433721078001
214.9006832459069,16.015538792998242,19.230181719621037
62.64538401064752,12.965599122059308,27.0377762338969
172.44235027551863,17.144241640712423,4.917607861408346
109.04914393173829,17.59005282521931,11.442264297093702
103.13845429333597,11.025159640664745,4.22605811852584
168.07514221507446,15.138544642067677,18.74831311223496
101.07856831995,15.088905555910559,21.866115284657873
231.1800931087698,13.692807702155411,27.957381977923678
79.637036642638,19.32924862569672,8.366157787828946
181.08002470744808,18.275063198732212,28.506336175962904
178.795024666134,16.97209381909637,1.897880154620244
175.77196702652617,17.143266357349976,18.090415900937646
92.92179878310642,14.617161438131191,1.7139815802998992
176.16445500163618,19.20994521096576,26.813225632858344
180.70062568193262,16.945954272532855,15.894271712101624
239.18619056068138,17.289810616558164,20.080450522883883
249.4421377409045,18.61690903787345,24.947217777313575
109.88278526147855,12.74071589342191,4.509318674519063
246.14600404460234,18.07070903866703,1.1577468581440153
79.11938301998552,11.952406029564921,26.366434377385566
61.15721502846399,13.453419522448879,9.447996823767975
168.95946032778167,13.356104542698427,3.869367237814958
111.0930446402645,19.785254683891406,14.053837112612596
90.2734712023783,18.56537223747927,17.949182270880563
94.0866905864687,17.011698615902596,0.9291181026753037
136.11219640337265,17.2705676161539,8.246869747712632
144.57918936425415,15.620727944025711,0.9839962283068804
194.14484944942075,19.470906671085192,12.61006167586497
120.73435277185044,14.962587528823615,26.85300087198733
172.20112397010087,13.805177098698945,29.479572344807075
196.42928248858013,11.63035336931591,19.111426605108825
169.20745455176925,17.86205652261058,4.849130813537754
135.53487642216743,17.344439320755914,27.175481699979173
210.41676506198976,13.843550385241349,15.487434696001813
155.72537261659767,10.251934139592294,4.612479363087543
80.62646302745038,18.389973277180108,27.65180008354984
75.10552532518186,10.114179834540737,22.72407152169309
112.66772149684547,17.03699779629051,21.951158181694545
201.81893210959262,19.70257109726057,21.27542111383214
86.8445344166302,14.376613281482035,6.01019463289327
119.12544867491371,12.349734049959528,6.330200751225782
87.04430329873286,17.048710100433816,20.64878995281765
214.06641611970645,18.17128142015585,6.591682503311906
113.16608925616141,15.464303160778472,13.160150904091466
260.19727832832194,19.670352752561463,23.460054767818242
182.7074506661708,10.51668721657961,23.518575542935228
61.19129886782143,15.04795598304528,13.59785317577579
182.91976354303463,17.184539473225502,23.765698148257353
97.85305596486212,18.62640471149179,25.158653885941703
160.38027589560534,11.7925561190779,19.643272538527807
141.79179207011902,18.000034817636813,6.852775569252605
76.30457839452794,15.527070757185452,8.220353411566425
80.87904249886432,13.965536819899633,9.445234662262061
84.42877676871211,11.317150285790936,3.50412323201856
252.24358053800898,18.652957589089123,8.194788611098353
163.2636864703035,11.572732081797154,6.285576729375963
199.7745052223045,13.097878592090993,13.659862494258064
149.10295572796133,12.900455319624369,27.25312643616795
72.87255454685051,18.714140341908543,3.1344095026187424
247.12536901529643,16.72702994208898,21.60803771842187
95.32955331301197,17.966813971913723,20.61849013239383
208.31206517384697,12.50467898792499,2.8726259599007298
133.80991732353496,16.24874099606999,27.677172147174
79.07821427725735,15.717459831437488,17.05416606470459
176.9758288667324,18.328303767882712,10.911765634070527
265.41542546241175,19.060870604812607,22.6961575048592
189.1293714334834,10.121567714773867,7.7209637520490215
90.60212079593296,16.740199190587926,20.80529511138961
69.88020198135182,10.51835799119729,1.1913362271674166
173.89566502336834,15.48858665077356,25.182241128278157
149.292322984675,12.876327290436782,13.445125410639555
183.3887551694911,13.067765995221412,19.10078743073825
92.52501489323853,13.529585034523565,6.63713459420051
230.5281215137561,16.2129244904961,20.31221137975344
172.7176450850995,13.340499656687692,23.1672082767983
237.88343790953928,17.326990505902803,14.196395606531961
159.4372705367655,14.045273855738698,18.53180772185383
118.96085765597336,10.683532003099586,13.689777714671957
232.68976617518177,17.837598424841072,26.822741077735365
159.76476848457222,12.85758324592706,14.936075415429574
216.79804395660472,14.327668795992626,25.254261270864568
263.2809737617942,16.854438832219014,24.040561748107457
163.31083721320147,13.32456157148712,12.315144640450695
99.86234485621216,10.565856561467156,6.902534755724251
50.85898234903745,13.739210470128135,12.18246397679313
99.76302635431108,19.444485826943033,24.786521273256604
88.75736672075368,16.41734397298558,6.828976074581771
107.27377378048848,16.71479148667207,15.73309037573248
123.5211227542534,16.3228215363764,24.182902438822424
100.37990178922438,11.989921389594368,10.604324253851363
125.62057283560657,14.183338641022802,19.266289110080923
123.53950015533887,17.509397983633182,7.368947221464436
63.33561742054939,11.013728975531592,3.2783833610447974
76.504970528274,12.778527760897123,23.83152675278569
143.34610129969144,12.763191084658537,2.9690587022612047
137.22025072987196,14.32018927594506,8.141441852387537
164.41238276774556,19.80368740942185,25.653282659923203
156.4626843470562,10.67502546683822,10.394078612360016
211.6278119708207,15.18700994380595,29.191360485424834
152.90101305253648,11.793646820122104,29.392030043215794
207.00899322472628,19.706765454097443,8.048280613606702
194.0409516267055,11.133035047274642,1.2293466674967135
210.07673505533515,14.036010023615912,21.151898526161375
146.33334191461012,17.37884984834606,13.529595079450312
179.03605997039682,17.045544280274452,3.0225853187872884
102.35581407067625,14.227286368939323,21.225684569341283
148.305280405847,13.465241679527182,0.9352472733576367
238.90728735968858,13.976123785528706,26.105900714767262
122.65270878881454,12.642762631586393,4.1595758733991115
199.5371139572288,12.053329387067999,3.8193563624017504
122.01326386139469,14.8303969755889,5.270168939057536
221.85663242135792,12.685337560676073,28.807990754761995
148.69081380810456,12.874616648972502,20.79508080761538
89.5919519658439,16.567560634745572,24.0411460639091
192.3306858871496,19.685373316998923,11.92904957198259
119.17490701124706,16.03637200559375,10.089381825148667
61.205150590040525,10.769794670649663,7.034520203495099
182.51200440841026,10.755836138540669,14.419440849372268
140.82463656004353,19.51423220845566,16.554862006025054
183.06637566070685,12.972907903073336,18.953245309582663
80.87980350037404,10.920669860824754,7.713555119960835
129.81735166059357,15.990445871503816,28.45962242708972
206.50820864622713,16.23648778290266,5.092754946214075
136.81586091905797,16.48504820118688,28.96959524299237
108.3887816145349,12.674020278575412,0.44568367522511365
149.61419354516357,10.15110684214475,14.433770754505368
146.5042027253102,19.65015369454472,10.001035143496884
179.73228213470588,12.508930456911024,13.473702417907523
193.91332640720577,16.760262880525474,17.11993736942367
145.99660205487262,17.066298698787097,13.067674740381271
194.29459317649994,16.10007417079486,12.445405509047848
98.87974760480166,13.129073942136483,21.981702462399195
137.1486342807451,12.710962537640658,20.57628825259394
222.7976957715042,15.97668282702703,24.998138461075435
178.75208738913344,18.660956336116914,7.498769437184867
215.26279714529318,19.467337289233956,18.285855292621907
150.4546703956135,11.059058044037576,17.555843561785615
148.66908172142715,11.5482861259772,11.092134326180663
264.5133741590775,19.447362587830796,14.581726257080428
117.68451889320758,17.365352283347924,9.413464299171862
100.42974257770133,18.82993824829773,4.255331928509555
140.73539268922974,12.026326341353432,6.414036319881985
155.606142216161,15.875858711094018,3.1654093920360324
111.71364700177617,17.011395944174737,20.492087255703723
62.426409298042856,16.801118854469728,19.821821793274545
172.11924686746764,14.08151690866698,28.518191147396184
193.07199079035445,10.153948916913084,21.89035240941724
183.0353137703793,15.829260568042631,1.5613751626839434
119.35956991264382,12.531015391796087,26.527355217868624
119.86607153981042,14.502542461428904,25.880254888371773
160.13253312664924,19.575810150838173,13.29960962318096
95.18163080072841,13.990353176424348,17.575891515837647
98.71455279340601,18.398016066644267,29.282349974175567
189.19794719448845,11.885406057492512,15.969130915444987
203.72864909961987,16.724604980250287,27.159654851282692
91.36960124756918,19.770069544389436,2.4911627343055933
67.30368632902659,11.018931008729368,5.731556061260486
102.24437733707046,10.083199422271921,13.222648303239534
136.97755985956803,14.335827926326143,17.54270425011914
106.41747766699379,10.926254830513672,24.486835555884007
146.31975431849753,17.483843496762315,29.647863454295607
89.56846620967332,19.14548663848559,11.665544894223492
172.06701983692358,14.340209727087588,1.4224690842025478
217.48990958536783,12.58711642155441,24.035145098859743
146.94338582644065,14.344033190066098,18.131421572484243
125.66828968601206,17.23447817850001,5.95628576604605
216.7674936887661,10.09054161580371,14.844853698642606
254.63182577382156,15.894539894846972,22.26930736601173
102.34372861075776,16.13291684887379,23.112353612059312
109.3557342827787,16.376882468959355,14.98855235996286
133.36494705483702,12.420220799808773,9.156435903865773
96.16103776925014,17.140527233781267,29.212277461154805
126.01161027628416,10.913914863317764,19.900878328694784
138.6961333923597,11.992703364668008,12.24712558038896
159.80044778110948,18.774700466544818,8.413896726139573
126.48903059426158,17.387231507265664,21.933089490106862
105.56610284491262,10.137455540113452,7.2655033678130305
190.1381606420266,12.483762603698002,5.151299669210645
112.65252767877416,12.144064829931645,15.895016668862109
153.9299513080648,12.708063280369725,8.699621779324255
72.8205692416208,12.475597702798865,18.86715434770845
65.30533233141979,10.625262957428458,3.5381602462270045
155.58271019473156,14.589405165968204,19.64823313701965
100.12312502781845,17.327334747861652,8.498895839931066
57.659651218228205,16.067317247174365,0.007288033035381947
94.3946751911621,16.7287166859808,3.8080817302252914
141.59710271064492,10.811491785362392,28.00846133505282
221.06134038099532,19.51490710176787,26.020639173460733
102.96667423340581,18.38491833843025,7.0082709610871055
195.63163661144532,18.050903184956628,23.351157136364737
103.54552688450921,18.229838050417676,18.25714779521923
189.58779451982372,19.327105081327613,29.127141343496085
133.91272539458078,15.442539661136976,11.208169786021774
171.99949479837636,12.00282017867626,20.44381837551514
213.85619545802896,16.16783607852541,1.9060716727175575
231.50093400907528,17.42881493667939,11.887420404492179
88.28408589457882,17.379173933540255,28.914529835645414
210.63577590850974,15.214490241668802,16.169426233503618
62.63480869016817,10.68458719333578,8.636385100045338
196.46541311288883,13.711129384301278,3.608128893858206
162.34890503433618,19.207666084633573,21.10585020544591
139.7972393075713,15.844489097574261,19.345681302891805
85.66649395240071,15.383319432557133,11.21816140811324
100.61289845559428,12.688535143821936,28.528240555975028
154.72950857612202,13.684489199165789,0.6660843896355095
258.5068602235468,18.95346089153169,9.111715548954773
180.6783640875448,16.664630475268357,27.632084588987443
206.14829382507162,17.87387026752333,9.62806314958321
170.77594152350989,14.543454230676552,7.567585015655112
103.82342187230736,16.30247219456158,16.02661229793742
85.47426933920569,12.483836087432076,24.714052497616137
50.43309766656047,17.05460830283486,3.094402826350832
142.15399939055837,14.276013337033373,28.290621289372083
101.59545459836949,14.425455148147456,23.85218643543492
68.05498956225189,16.493223245768817,5.4375076665465585
99.74532370415855,19.362806214689268,21.36023883594488
102.05963005231415,10.64006346608621,11.548761679126715
195.91831168840844,18.247432373470076,12.06884034228956
95.614674139759,12.92383110412193,23.49870277316599
181.78140508004734,14.439194545063778,28.883544239421965
142.9292913086271,10.21913328775009,3.7996761854158176
154.59396956305008,13.01046077834313,12.618907106364581
80.86241182393356,15.026312426301304,14.428248242529106
116.57757110144914,10.56176077347439,11.289354508649929
80.14483941457749,14.910957293831652,10.89567371148675
133.1165072379126,19.271106288584274,1.5680600268478961
97.18451157772458,11.053932181078052,20.5661586168787
160.8609598068479,17.644407280755043,13.08643251360136
146.98973879865514,14.096710533759927,5.843814079317803
186.16079944288555,16.55173714524338,24.48100506906205
154.8244085723037,12.602365979852294,24.07682244454884
105.70327321463093,11.594922625413583,14.591748842666814
170.6451861486484,11.604626142712265,8.953519834432816
94.88053626690451,10.704919456431446,19.14278177389357
159.00839997254295,11.85646704901243,8.644564073322092
187.4797627235948,16.642193849889683,7.080237909711361
167.64656292293063,18.81690611843508,21.9154396207898
100.65018249188125,18.141256855911617,1.209757191628521
124.14430080844265,16.85134309874484,2.843054131037819
70.78918754576813,11.104318634111026,0.2036452207076933
57.06381108442796,12.891874462959498,4.588295594262784
56.36517300456003,13.09806875322469,2.069700261313784
103.30808101655074,12.499569463976211,29.87407103339756
136.14421520136128,15.150056597097231,8.664299098622688
219.36904424626505,15.355538148796725,4.4780403800774184
103.158289637317,13.568859751711102,7.2298877398775385
241.3701288719072,13.53789158736436,28.08376714620404
254.24714509470766,18.285555979060813,15.60480669073187
249.8370542152212,17.892928483196854,10.944542889235706
187.79152663527378,13.077958316807457,26.20174373727658
133.2058222934385,19.13788443873259,11.849708116470975
74.47639908653956,19.52815017002506,10.050257098730874
136.86010176353912,13.267425420300409,6.218475676492067
155.37199033785998,13.544249487930548,11.333904717282344
197.47016129319638,15.056341534219587,9.500530680507781
283.98059928671614,19.411208125336735,20.31911877894423
139.9353251121449,18.763194331423115,8.687481140121813
118.30709716012662,11.025679625835899,17.315992392676844
68.11192902133669,13.927307432714162,1.9767649509591811
61.12872760201525,15.533711897497719,5.738674700895431
155.42935659021038,15.0313247255154,12.222158148340462
153.2834830268252,11.938630679368927,28.108477617260863
222.86187890310376,18.588167711681546,11.317559571470863
146.2530353003397,16.769407829968372,19.922223635995024
191.91706421127515,18.379083748518035,7.652616672641944
179.3477770601517,18.587642793494723,3.811007279196952
230.38302558925142,17.483558536657398,1.7560980024015038
74.4618728689848,14.392106012497173,9.16240495628254
218.9880426157477,16.105467550154245,4.729830803907239
147.0292047161335,11.603654061197432,5.220313440483726
94.65978977489851,16.736454174749078,22.8227792516085
62.95284044180338,11.792532557392807,0.4751421283462265
226.71106815669427,16.93949590510157,16.734303772063033
62.13196712069242,12.295981607539687,11.383841417803943
108.53701995999236,11.1755130015022,15.196499997256417
89.47029533721222,11.652844901429575,16.884907116438086
128.3659676551667,10.019921352190703,9.401030833718346
208.34845723014377,17.1873961785353,8.853265805528558
140.1556119653465,17.32401049058379,22.002055480047172
141.3870602805442,15.149333499132595,26.138309643634717
193.3411351505949,11.613628010553837,5.7774489737558365
172.76260480350945,10.835543375106898,2.9285628160544688
199.8052177967567,10.19128966437287,26.93387419176078
118.09888623363038,11.657481769652208,10.49686390942196
127.44406845231188,18.908555349831467,16.539521719884426
106.58150724860494,12.415368417016818,10.786294335600104
156.50992494306075,13.542713272172156,3.7740700903815396
78.95771403468657,11.053454844813333,17.67994934843184
89.92282680516604,12.223613047481702,15.75422555308889
63.166580531086126,15.192245707802051,6.089806775735917
111.00627265488671,16.077526830956526,13.556071339568335
226.9823915758113,12.45352314166211,23.908425120469374
60.85076638337203,10.577321592251172,17.71278309323674
180.6021034500574,13.910328691273987,2.9075198120098458
199.4727472978953,12.342033709263342,16.440644916874053
111.0101144650791,12.19553923229802,21.082148978687606
201.04041660995824,19.598628027134552,23.781102173422543
235.91289249141775,16.163004859257242,18.873527359028003
222.99597932598152,15.568784431720958,4.579744936223512
117.28691738615467,14.157751035233218,21.30519799770482
96.11229776014788,14.289443334301442,20.32025538244549
73.60466106883703,15.409050038380808,0.7328064882189966
176.85505242996942,16.96429807036107,12.352430027707296
159.71037945250694,17.021460961818295,9.988507408871198
171.52390798111824,11.716939077054496,20.082361927609302
124.75241666158784,15.00112752076627,6.4840743693276215
112.46632681759502,14.11958095034102,17.726157689227755
193.53922254948495,18.70526966269384,27.39617885442517
148.36685579145893,16.314189212183763,23.93407116625823
169.12987418309453,15.325040664159818,27.643732086495913
152.7952913881938,11.153946421789174,29.3551790079807
87.04479522487499,16.056378893234115,0.320103810184883
103.2562249132327,11.172039056802333,18.682238291324328
92.37473402500147,13.37206575565752,12.385181932767193
111.18571276627395,11.428419648143318,25.79563471005365
79.62759221995262,16.92073647024369,7.554441060273951
130.81635568681017,12.062521138361525,29.430884673452283
56.21798171543688,13.91859373188026,18.41123908631242
117.353997178216,18.956747776187786,23.80612206686493
117.78218231195504,12.043163833989702,2.56798658468305
117.96341060856578,15.078050639587792,5.503736542765951
168.3033871583213,14.19271661166022,22.752110191026095
104.02956084608333,10.181240410457297,0.6595956611797082
170.24732627743902,17.92758113572813,24.506339576813485
163.31745831628007,10.690459063145997,0.41847056075734357
86.92626611673833,14.742550209769536,19.7135651718382
185.50650960618287,15.6067829493895,10.952817606954175
236.0928854676468,16.284264566145872,18.344845581575974
241.75539630988956,16.886316293078757,20.88094220967341
83.09008964910377,12.53272383522715,10.274256575589126
100.35345656544706,10.099787766584495,3.2388734433250663
93.69275348522703,17.23443662354912,2.0893760324479693
147.170030352837,15.356565993475787,17.668080676876436
221.45384190662546,18.361177032072487,15.619660612023345
119.28858446945262,18.213883629006943,22.266030273633977
180.63405679522361,18.433261677878832,15.292065300118114
148.08019112531846,14.850946599795401,12.673373700926373
132.79381961662114,13.336283958368657,11.942615347086926
236.54485939054257,17.9155820259137,0.793407077930024
176.87837484746976,14.51294113029255,10.066716050899714
86.71016464711629,11.834421964034345,29.280604725734825
203.38396959184124,18.549740195614742,26.206667286812664
106.51928397379967,18.825598767723474,9.88134201102653
183.57899209912154,14.6630975614017,17.633862151991167
205.8580122661813,10.756997273097875,25.418902366064817
190.76492179221867,13.878260899169312,13.23823010250206
119.54007846536963,18.035376594626033,0.5387359125045288
101.29904191428326,19.01774028546229,2.235313854559202
90.96472430485933,12.034727424975959,15.311781640461199
143.96000615238574,10.669736120252715,29.08318127027635
96.33061051881313,18.773504531328385,20.79628626656603
125.67794656825387,13.894049389788753,2.127485743157086
76.40914120318965,15.417609642675632,5.6808262737558834
130.5065791586263,19.68065812050759,23.1396942965055
104.64949233496105,10.66564727914223,25.243192798687343
244.49584422187957,16.483180074520956,18.530837585657725
175.15343581893194,10.741054225748671,19.332695088894496
102.87154570232646,13.754689284665004,0.8501235115015393
98.00629235511086,18.03814545193447,24.855907787445254
162.31287812821193,14.334722327556344,23.648256245124887
109.71127765116526,19.971823539029504,7.771054323100415
157.76422919772702,15.590592849466022,21.26030159896521
150.7672356385739,13.211621526359535,6.445638192749943
129.2616256360783,12.201113259047531,1.2099048315453897
132.50315732890778,13.505205342861618,6.034096277711319
127.22556016562149,13.725332737595508,5.358866302628985
181.54218000796314,10.68713677723961,10.132439902045418
209.60173005883306,13.695741994267731,12.553484915263743
172.49884556856517,14.64238519739225,15.256166744931237
116.10081751035592,17.227377522388046,14.302616265249844
149.0898315087281,16.56729484721608,8.120238178958681
90.59056887658322,17.08765655229154,0.875120057222234
168.3490691938475,10.083636818768571,18.153048667114522
139.84712449704838,12.176673995805361,11.872344895420632
72.31015201523117,16.616842883998565,8.96016472162649
93.47503478915732,14.839893681797472,26.008231284915368
136.48339752691254,10.053134756683459,22.402299233944795
226.6071054743065,18.044946424318223,25.73296645117327
153.93758078746802,17.728095732903373,14.849483841373829
144.32750702070257,15.484191629935626,3.927937563803324
116.11532444740124,10.664633257762722,20.886643083638173
181.88133106453014,17.665150495325847,6.182213398115257
134.06938400236334,15.837135877313639,13.236890072751503
179.7229152160004,17.819599771579593,1.950023668466655
91.10701029622022,17.517469923958405,24.759252072689474
127.18846885859713,18.03002071957837,3.7782192314250174
137.20618397915297,15.180080664046248,27.09292521147929
107.27472104219248,11.40324518193515,25.926918067846714
227.986595124916,16.711574733796887,13.937482933177382
104.8085588487901,16.204737850519706,22.33104612911972
139.06871993240466,17.42253187199087,18.583352214544597
129.72707135954585,11.698810060507354,24.092269270132345
189.95607659689284,11.949751999002892,12.954153023577362
146.08788321061039,18.904095172193284,23.5742545273305
187.45618797404666,17.49977798452071,13.87370451195444
173.45440112582838,19.08228488700323,28.228973635283815
149.01364922546142,17.587153211639208,14.591163024754428
139.00716372474216,15.97155305990302,13.878578158011885
129.31141634216,16.541327370278736,23.552155846905382
210.50864783108526,18.8912792394001,24.647330752825138
74.79979168136185,15.788067545119405,16.63467342963512
118.6543257775621,16.323913243283876,5.393934404852262
125.85920215853335,11.564767160036006,14.032746928727386
168.86827827358047,14.739212201161028,29.042175087290353
176.37522108325274,17.16397111958099,22.589585791175555
136.92168896907936,12.709426983163654,24.334878116373964
77.63484019633378,12.02254180524535,0.9847649645772039
156.91295077162226,13.138268082244156,14.035783879024796
150.10351540708038,12.415006279928335,19.39863400972666
204.8223651932406,12.149126370363959,24.900980508842242
98.08704117977034,14.24850842868087,1.4782096074831441
231.57666206234194,19.07838513883534,25.57316656925619
191.23231421684693,15.070596467387183,16.45202810225735
53.87348497841002,11.87920380815323,5.919419117281798
120.90520963452397,10.769716693808741,9.517656493491
67.3078808156419,16.961561451379254,8.457886552546823
197.7053796988136,13.827987644363878,15.925771028654275
203.13973815481177,18.218309465853594,1.5505703973339546
105.586995341544,16.5951076864077,4.756084754997706
140.75217442653974,17.962414505413687,24.380791301273472
116.9739328709394,12.719460394184487,3.978119722404332
124.95025657396253,16.92358922461058,7.001888083743809
117.2053657633925,12.640619846937188,13.601118168124719
119.95616099593505,19.390684794502917,15.513626643399913
146.5487576395457,16.363742815333744,22.90831438842476
89.7775352550031,13.24511800175342,13.419972799985633
210.91002686386648,12.695118622922726,23.695938631066163
179.71431177544804,11.909265850716436,18.550389211363722
130.30693660187083,16.94640958893728,3.3929921827146736
182.0889913063165,12.187156129979273,4.689943151785157
106.92303508433471,15.953032659274891,13.111011763493124
78.4240902744729,12.646350269253574,11.906681792671188
199.47995480317235,16.619689447938686,22.30632808911884
167.52355047785258,18.149397285405392,17.422114193920557
176.49257005531518,17.78025243144653,11.64399243006748
188.93024168954202,17.608513309307817,5.122808503511569
203.51622730353807,11.87722405692252,6.805113069764854
156.4757632245256,10.883849469845186,17.26503055407177
205.89823191090443,16.989488284873858,12.703164146993775
84.39273634845514,13.683472137943513,15.447825265820162
85.98010638178255,14.323462264033473,5.12032305906701
209.17209162097902,10.31149092793391,19.887187570336973
137.69969843818456,12.595764492750492,25.57616222567901
125.24514674807389,10.33676403874464,7.738185203607017
122.58079744139643,18.791857726012477,14.745426774954797
179.2786556488856,12.433966832185305,29.265819870627052
103.19016864516415,15.573371695730081,9.99725221652183
153.59915833859506,10.389793206611305,17.851390347712837
103.20322019775139,16.66847391305658,2.7058710060073308
71.42068122275033,13.230273457540939,18.180450074383295
113.37560747293975,18.97919186957666,2.6889531991385374
132.57689971456833,18.881181889340358,28.77706305971466
219.9669857603971,13.252906183617478,21.469879562169343
95.6969405311082,19.009608956904678,23.644793644071193
127.94540740418365,19.961576734987787,21.123130823149104
161.1714243332774,18.25415664123948,17.69187108229397
139.67195450246783,18.44871347755229,13.497383432565162
86.22765898571507,12.490087361090898,25.751201392831874
85.75389414378004,15.767023988577563,28.705070026291892
205.02808012535974,10.672559139673679,14.971085187122439
165.50383695628867,10.949179368216697,27.94605147465786
140.77514433633678,19.988926120332906,17.499987299655526
135.4830037419208,13.26639249425911,16.151525606892996
116.16669739617639,17.481839120488463,13.634481988660701
119.04793419973649,18.066650530268163,6.278632845903596
167.00648431862257,18.58023271007229,0.11158982454177568
219.2312551776392,19.976282974021565,7.245186805681838
100.34972679103136,12.414964852568678,15.291695148106955
172.59514204484753,10.403508268596998,11.398798567792577
105.61529834951322,14.11191517994586,13.454556840079015
110.36014613822759,11.30080669828947,29.419446586921488
57.11724927620655,10.22425889162055,10.508171120079828
112.04975638186816,13.604268271414862,13.565488180803237
224.21983436729437,17.837382510752363,4.005466540584587
141.18843854415698,15.661806912250709,1.4387319731096293
91.88001258180313,13.12777989210354,23.26228543777484
241.97077609812897,16.543420054927196,17.12049525215936
207.9849030002082,12.320181803088108,22.82114418131685
130.015229057097,10.14381446072085,4.495883966596549
239.41944045660586,17.643533864364272,17.154863135480728
84.10980098709311,16.23743084864009,7.609274230241266
201.42202941429508,17.6230262450096,6.841854507000598
125.19365314012026,10.389380166876656,0.3457804215895577
217.92208519788625,18.37119627830652,3.9102217070721568
198.65086276082212,16.195262000363034,9.278043344990861
117.96271619105006,15.633953507126401,3.5063628177281716
216.72751645005437,16.246140481145314,29.575753212328124
106.84870883642157,18.64433246868364,9.25897945571852
107.34766351742292,15.86936506558907,3.9097184010698447
86.00107001622108,15.809503798881794,5.972469384838732
267.65758677052247,19.90679157065766,17.631096850244294
94.12649957127019,17.56730167068568,1.9213057159436553
137.47721353836044,14.422938054511352,25.873023904234707
142.82651360729523,17.073970000329275,28.84499037711442
222.85499184583813,13.892304716917884,7.402422620021426
125.28051760707147,12.28875462483499,13.502858057725781
163.0911366709177,15.968518768877594,0.6640335308849121
236.5823705058225,19.281820981139514,19.221306741816644
173.72699114764964,19.29139520015463,12.417781741577667
119.87499235828007,13.419052781054903,8.10175398304667
200.80327834685997,15.27677466221695,6.205113318498254
217.02446975145514,12.116358985698612,19.620692329762814
193.86518562505574,19.956311094988834,12.486510930969434
104.27619104354265,19.81117907867936,5.3897786708973605
222.4599394102659,16.495089297074472,20.67327244460472
143.00540954028526,18.044140596774735,16.95216849110081
193.24241098152947,17.151001612837,25.760161647884885
197.86637093506945,15.931582190394682,3.524276966294787
66.59347547890965,10.533479969888976,23.569998058333685
171.01023835126148,14.54764342552661,20.20550360451777
123.38497483459186,16.747863021674107,3.4503281048429346
227.77268673778013,16.775316138836846,20.844621896151622
93.152536668732,13.731226184223836,13.246418666394913
168.50179529505073,19.416919866580304,28.349543566675294
150.16717199011853,11.67357032236781,4.248340518536979
82.24888455618526,15.003594462155606,19.28500172447214
93.12517269489649,16.908839765508226,11.459401363888379
225.3724461992183,16.971358058918092,28.70444011772633
94.50259994818268,16.486389567688157,9.899246858708294
221.12725546934644,12.752882134518602,28.865577284754004
120.50580436933407,11.56206568686622,27.044575533022474
142.84890900626456,16.35940326826711,8.11149705931969
210.5365247443749,15.993021161394378,24.10625330479283
160.3532113459561,11.79356010289241,29.86812605410518
173.22859676548885,17.051391455705634,7.57989006513847
140.6916174228745,14.551719917336564,13.10331507969959
196.08223133962008,16.677605916031528,15.60542209700279
84.47705868101987,18.373670797701507,8.84793407411593
110.68855274391693,11.697284285769232,0.4579451893808928
66.69513106823344,10.191448679968367,6.6038773259258
168.13889088020323,17.791025863957866,8.458106530252753
83.68488462202244,16.09697425152616,13.307991039545614
118.25785643170299,16.996395696221217,5.133074352402057
134.20438778654605,18.381549749886425,26.197630700750178
93.91201309024311,18.028109348245003,21.147333981940083
83.34550948495868,19.609201469288248,2.5560143267898594
177.5205024264077,15.359350788521182,19.502773534197942
147.54013182169714,14.884956326599054,19.609694292168612
194.40919882300534,14.0188719989073,28.686635209308832
144.2329891631827,11.536910428442045,0.09062614068483743
69.49138796497768,15.726072328820225,7.437973494174216
120.83301164921154,12.770125243259788,27.833744381259464
102.00094824226649,19.213075122129755,27.96401746194849
201.42682406488336,15.831908042770976,21.617592581119123
233.54320310728073,15.928401805081101,22.9728996314262
152.7703717794207,13.549246608770101,2.744488737889413
135.07421226102937,10.519893519777074,15.416275043347008
77.60770579836152,10.317437653729886,6.947489738669982
98.09294271684496,14.233351441531974,5.436541308408518
215.51836944626237,10.845653780972379,24.309098973699975
82.93881475595393,16.068469555401393,4.051144100416423
114.99198372497074,18.809730056396575,14.059549109891558
166.08678941829302,18.82914816518722,28.157347187580992
187.608498869894,16.590454101322322,5.574961666960276
137.62283457504037,12.11231831472931,29.339802712147037
302.0545588673859,18.62996831358872,29.828639572831772
97.23708940459787,18.86093435313208,16.668514640472086
99.6229156894647,11.966535849529587,5.104282205314737
175.53038386027,17.374260857706773,9.48314663822687
91.71464603283832,12.86519548927123,12.734784980296055
155.07959250289008,18.026403123529295,9.279726730746688
99.15338613828348,19.972378999036028,8.419067396295473
91.68950079553862,10.300260053293929,29.166891276490727
78.88571070656168,18.97365865790932,4.6009448224723695
212.91989243827044,16.22630533598658,21.999837261505867
180.35977964504005,19.733826191648213,0.012308683175246138
168.64598862774227,14.650095175264276,17.885480082071304
120.47941757087962,18.473879305713737,27.478290118621572
116.909736341757,10.623940685982772,8.63802282279657
107.3199271184397,13.352790500782957,5.565779257731576
201.09865251215388,10.670165377512099,19.550393846352808
210.66630710063535,19.753431334790704,21.378042218951794
201.0884858492489,18.169739072718368,20.64091556855944
86.19229204031878,18.525474212459706,9.579506400641222
154.53701808723324,19.37965231433894,7.566072064779926
151.06212860304487,10.851034861197853,28.677563998861327
248.67884198384758,13.855975925133334,27.698985248097884
90.4730098033364,10.710348890440022,13.719498296784609
122.29125847192743,12.107931015500286,25.385815984631204
118.43141737739809,12.293657770376724,13.56970432902888
113.47938787244163,14.691072110475787,12.731670542175312
57.722167684909856,12.685621674536426,4.70288842797884
146.28427041692083,11.009781068177611,12.792181694759185
136.74702195797772,11.674910890941078,16.12250815799421
149.972174957402,11.47275563552091,0.675129822860594
213.45016672076966,19.730767979122984,13.323390155262192
127.04807907414295,17.592925069184737,23.44068655185601
190.16041790303578,19.67761465269562,20.401381691228096
81.53591939010829,14.397404865079086,19.05470966591805
195.27308726647385,12.783684816626566,27.286662853116074
121.74226396801718,17.982931972091865,0.5409602947569003
116.08951051041852,13.262539180411467,16.711427585767026
108.4981107968491,12.993833737053484,23.620465452291214
109.77246348045756,12.325059922078312,16.24006148103802
92.76057930448944,11.296789782242353,9.716866577411375
99.77298491957792,12.56463061016766,4.087516952759335
214.83023493846827,13.553197484738877,26.626892154485738
181.14330980906888,16.739942081457304,14.12287177162809
109.09617639480784,10.625648422194516,26.34345590957104
158.10575326704227,12.10506939665343,17.57556367299505
210.95783951428885,18.090236402916766,20.225763498450025
78.93714949731931,11.469219235837707,24.1278346313535
180.014225032807,13.426451465225215,19.77466633800403
94.74157297824668,18.6465892185814,11.94164522036813
182.7174508263618,11.549253111434426,15.40900151785953
153.44718767582998,10.8273683561819,24.091365740276395
151.83329547528163,14.845379950800108,11.209508891189525
155.9920046258375,13.024195112785364,11.643643703054913
75.98179642389279,15.63408364483854,2.8707034817400343
160.3784140030731,18.038048904834753,27.43753305665243
140.345636965416,11.371484881527431,2.731089448363252
215.97787631254394,15.806990845542849,19.446275323456675
87.85682707560889,15.05508760389864,12.395834364083932
176.23373985314433,11.440787860131996,12.168581707663272
149.74907237611137,16.239984855289823,20.38655509718052
60.03873233733488,12.736404178607717,2.0128119788963614
169.90835571868243,14.878343185440125,17.811173488543037
91.97596306040619,10.82272324277062,23.160953579170645
170.3933680349122,14.59584057213623,24.846382736597825
50.9314187542512,13.064634680428203,5.115911681813259
157.7009251554688,18.223812111853544,26.92257150234521
148.8097584869102,10.569787269973682,19.684382755423265
175.77508476150967,14.1860727491833,26.455644024620483
121.61395684672716,14.584314241314381,14.558421513305948
153.57479507251185,17.250060762991186,16.26100035291606
128.98105183622462,15.74287575090211,27.571148310860135
154.44577160818113,16.67212337194181,26.997286300640152
232.74957236323834,17.77049285651756,13.444826201070061
202.40407411348167,18.622029736581887,8.232378949070453
99.9338604653085,13.138754967224704,11.795113036927924
69.53404573061849,15.380227053639029,11.632929855892492
209.93447443576838,18.401080784392,8.60600624948382
152.99067741561606,19.894511309650564,8.057388129988997
182.4299891729778,18.89519311043763,25.831888094391584
181.95567040577487,13.714672626243768,2.0958576205398503
98.53801641147126,11.951665172186503,20.328335462987823
157.95012820742838,14.893925374065887,5.184601543693569
235.39695349803543,17.416414518360423,10.335176801821897
165.84674921615257,14.925690707532976,1.8462910240451058
83.90120472499804,14.831808633136685,8.099209105663862
106.01942600806183,18.382304210818006,23.052632133517264
108.3223504235253,13.614037790671864,26.550459736417757
215.34720492073504,18.597946748116456,6.645814557071011
110.71466860324834,14.068048009517236,13.906435177767655
74.90904419554205,13.282331056783395,14.109721438116193
216.42647008859146,14.53989911199699,26.207259172792025
112.10524926103483,17.624469586748685,22.88397158627416
58.6007893677255,11.260020278639942,15.392316551041496
116.43086766335571,11.964192158720174,20.122416014153202
119.94754449983934,19.51444825663092,25.420651617281006
102.26520997839397,11.754916273813574,0.2861686207663483
206.59016178202995,15.677273179310546,12.086700931501458
216.82313215694901,15.793144666619378,27.21729501831236
157.0975453833869,14.896244620502447,22.20939092531854
135.15358193658264,16.447452485768185,16.28524123002224
164.88973318553087,12.298267257976184,15.889335811054003
94.20382790166114,15.526622677767483,10.433102928133133
76.9760056136989,13.721732552468971,15.615616009245436
214.77455417439737,16.61667259629189,19.6614959839036
90.82444061637236,11.412235433731494,12.550891152863793
108.41986361064447,15.708774168394763,21.42459439176522
139.8765818997605,11.852703553833237,25.836966817811575
141.56225475432564,12.786430631150363,4.640545445545835
60.400250863418925,12.187098003235832,13.546410684522733
87.52738517311346,11.828377798688171,12.240602738552433
135.20334791700495,18.25710951560667,20.623944121491842
158.0096192556259,12.857075676608904,7.496023957737881
107.47644520304964,19.271237818644494,19.20752744856829
155.34937841374943,19.69926525345191,26.32467725194464
154.53503981754653,15.712604699370974,12.54394799380868
232.94604236057853,11.430011226657264,27.3304709993766
133.08911001905685,13.745482433795813,29.794912168004352
99.04606514365598,17.97732263348214,3.182761498438562
133.85087262247322,13.673907286970705,6.991595639545759
171.42527616358507,10.870172183027888,28.511392544462797
116.66098067081485,15.56784910928188,28.749830594441605
139.77872149946086,18.45120851496035,2.931218261602755
55.17475436207762,17.959263871435024,0.44995501131410043
61.553766539284155,11.751231401303531,4.833000697692667
162.95305152356104,16.727646144124666,29.88038350146745
73.27111979056434,12.20504263435647,5.399988498320606
200.92133017516105,12.182075345521723,15.076428201660693
207.37652899967577,18.740717733051852,25.45253179291533
138.81138669920918,12.496689527402301,0.6120483206461902
132.74147771053103,12.632473465180112,18.134669467753785
115.33589130493503,10.006533907612996,8.31076346608873
100.61968509494064,18.706690341255175,25.870047493191947
233.5905762751105,17.925948132091346,8.503834477922375
270.8977705866373,16.27328935090678,20.602671608457268
108.45052632780953,17.502657639388424,20.226588973421908
69.59117747924573,11.520485674244918,6.6448064657892
68.02135672890995,14.583235945875755,1.0439759960505035
169.8783407153268,13.512193873487808,12.277487213561919
120.36361681749553,10.937765262570165,8.67579455897609
223.93391114213537,14.86130485214924,24.26933248841126
227.5784422243525,19.207396503426352,24.010925653660358
127.88080531276638,10.400591190506944,13.710718565778764
160.11153013717458,12.914609134937939,18.19536675969657
189.5983785753534,12.075409362057034,18.127785479607756
160.97066551302757,12.381466536656964,24.814744452828702
147.7694154729368,19.084345518793754,12.750072423695926
150.79658454627716,14.680690542342901,8.263400393715273
133.28769794951688,14.662994129398188,7.951047544216424
190.9740237606741,17.605756424552823,16.085768378466124
131.18806828367985,11.544922040049258,13.474446081966377
195.86769694598877,14.872653541000508,13.203623129548085
172.6302958439704,14.299852141210597,2.7341201726912168
148.23162399558527,15.96910690546656,21.55811222070587
186.75255939024495,19.995577032504386,6.4121006394573214
138.98914656060418,17.69448894082047,5.908608906261641
110.44936891520256,13.978657030174272,12.382749608321804
78.07516813794918,18.27553052274047,6.8333502485340425
119.59309268698797,11.707083633124801,17.515748019240462
130.59943474283085,10.304636863089602,11.143900180034144
193.95276068669517,12.044483724642731,13.467351677783704
103.6964139892159,13.404115561142596,16.115079648120865
114.4992916797628,15.105807574595598,6.106065674454145
96.26536107017361,16.151291405412,4.672548685965894
97.62860529620887,19.10605717214422,26.412657086208142
160.4448983776391,15.098540095504577,13.01171108494263
136.4386238837882,15.012756446257294,12.362808288976176
131.69048555984364,10.502430098229821,1.0683645081852444
154.38334269528514,10.349115526562239,14.939289077621797
130.81010022968692,15.511599619163722,16.625091648330002
207.96743436078268,14.381786132483445,16.765226128639995
155.04602330246735,18.391803949802988,21.21093507968653
71.02929871945943,11.606795847118452,5.3244550497303536
151.22907681736874,10.249716621170496,7.566694026918564
224.41479858543852,14.490387679301259,24.321913956912383
122.47070015018448,12.374785567522576,28.41511850530182
56.72103772623258,10.496143733388374,4.07798242101962
97.26550590174887,17.24598286847629,14.929486635156547
90.81008953299829,11.115929999572474,6.425287582187606
210.37109758416926,16.083195000077716,1.8021950506494733
156.45278272425182,12.810497501668891,9.765100143784062
124.85616124768941,11.73496050355022,4.310628755526382
230.8161614986707,13.797515229193175,21.297992203027388
137.37115950541067,18.014457762229537,16.011762410143334
102.00014749036521,13.920935769045727,4.315034129709327
219.61174597249908,17.507696492110558,0.277247652165431
184.594279056326,11.254862967991507,24.24471147072638
211.71055398279037,17.72771419665079,5.2858321849274255
152.83407430368152,12.369333249066486,18.18649926662298
213.1666756317189,16.773931298888726,10.107657392302368
118.31279603372501,15.657815548409964,17.56457814945107
165.60143178030555,19.291447172116875,9.46960880946972
173.6158503165215,13.87322517975314,2.6081868207676253
96.253643312063,10.661651888344405,6.688500256732608
188.5472824228392,10.191554855512528,5.641756994372268
148.94436028032572,18.26858560972753,12.840580573189316
86.63637204006291,15.247356376614322,19.74851350278472
206.03947221339914,17.75244051834949,7.914182248390727
74.72331782116075,12.344256000115147,0.36209805901853853
160.3961872255678,13.450837455132337,15.568120927942706
68.37021618587427,10.301038722113189,18.172784680769162
215.63168587813652,19.61492324574112,28.886114820054292
109.34926495466547,16.678679067008133,17.684124092797404
110.37096631912753,19.332050877593062,14.135176781344255
96.88668299659643,12.654964074290723,17.202048776931115
234.69951897927103,16.11463611225661,27.837018895860812
190.62663620830673,16.78499968292638,24.851344368049386
153.55557669128515,13.175497002575884,9.68936200091424
160.8416950795886,18.481092350156302,7.1176309097141175
170.6761924177118,19.471614629002477,7.879008370982209
104.00061767522467,18.848551176960044,15.13263119145639
183.0283499736209,17.390669759393724,22.321483536857333
85.11573920800295,12.77464679724954,15.096576215488863
185.31236893374592,12.816160421056317,2.033891874843378
259.4464726337393,19.63360320446038,21.707421013199426
140.1885039448863,10.10284495935692,24.179103860128617
75.29466017595054,17.160499732421446,8.684935953591589
206.3662281619728,17.062461625552622,19.923772178500514
91.52154361898546,16.226895409497974,12.797757031631802
115.35011501996024,19.901088460868657,26.673580671823284
84.03178671533968,13.118794357637253,25.356766744822195
150.75197687395757,13.399718637932482,15.762959949289268
160.68543759063442,10.789394029465555,20.745166374407834
119.38513717886417,14.427981365437375,26.50049103066312
74.18880007167535,12.610485262348481,14.871510302348266
127.03931321290015,13.433867021776443,9.397522214664658
210.7072743911716,18.345717902556277,22.609984137287437
96.05560596270797,19.354845135274957,6.601987643540753
88.8972482928136,11.857330720051856,11.655934440181262
185.90313880521612,13.725089315534658,25.97181711320381
257.2278573090225,19.28630562115394,21.73267020807945
134.2756750390558,10.618084606892227,12.114330157424977
157.07588411290814,10.923605281113785,6.442335072250723
94.61370270108043,11.627909892062293,10.679051724967096
86.00047993178983,15.952128341268747,8.52312447682299
108.51344850055851,11.504722710059974,5.282678638315618
154.4651662065263,19.680763814507333,22.2999874069697
141.29999684819654,14.467145272585203,7.562096605505145
187.2325108395928,15.015179603501664,13.625024105032914
116.49232391751488,12.466586158054065,11.575783405083271
111.81778410799484,14.709602524347336,29.462321359068923
216.038801128236,16.619136326370114,11.732767324446616
153.10104592636333,17.511771369540426,2.399474483902644
105.89244452939906,17.53868082709913,2.694772577162521
216.8656105682138,15.778911126940883,17.722611640591943
116.48113768804555,19.043597749938574,17.980906552147967
98.04350335851473,18.174078473061094,12.56276971447965
152.33807628413805,17.570481146986253,12.95531076936089
114.94919998214685,10.556055216804607,1.6179774852261364
53.507865063848016,10.068779622196493,15.496395311677867
130.98036673814278,12.12447277195473,15.14218426141055
228.50992289923605,16.635235939134525,4.4864795567083355
167.38197930014806,14.111974888825458,3.1151815833278276
169.7581507610719,14.024062592993117,3.7071747179847145
104.75529752276456,18.845868882296138,3.030847394737756
93.02163239886669,18.95562848131839,18.291245866102795
116.77397817342748,19.09175264053586,5.894479572087558
95.45055891262261,13.138780765150273,7.542904565623903
93.1069703959428,16.91055812739262,5.207164324543192
107.87820447241681,12.716331812743697,28.735059133455092
160.33322491911915,11.906098330744499,25.63852389455506
102.37784746362472,11.846324573473693,6.9148451205456265
155.2488953921369,13.42107620863594,9.82698881766378
72.51469686441408,14.299576197798217,6.296785269149915
168.1018782055412,18.309491710550684,14.756278783824712
46.796638495694474,11.19891093472712,0.5883159742276078
166.55539850816058,17.349258473948943,20.14104026690387
69.51004254429166,15.314549141893053,15.69474449452925
191.0857485675883,12.879453426759925,26.959167849033097
165.32313029446618,14.928195845328245,4.931780529852424
144.00997975362947,12.999420697770226,24.12327738183395
87.90072216713587,15.96081955238306,23.75883043400147
165.12447647749468,14.338439228552442,3.815435676506608
168.56584841383938,11.644055290788787,11.956776724323827
97.29174923319984,11.165830745556967,5.104579234335507
156.99787063713097,15.466956820721302,7.641615013726467
166.93615381609447,19.024130332861034,7.897385244916331
199.78356606918683,13.439576865576855,16.687091820773183
176.76787861836024,17.33000107222623,12.342327952813966
233.70279919540775,16.58661354939767,28.43198412018916
213.80296922625274,19.31554914309481,3.791104258410154
186.37922853604226,18.209810172991407,29.210764045505965
172.5058848418267,15.66605258905463,6.919159206427919
196.14751105924748,16.570304982341074,23.186218091455594
189.52073452603452,18.98386466584035,10.169097785184642
209.89736154409556,13.995187845869347,4.292441862519417
87.2628738327235,13.267947058577773,25.736675557387198
102.07131171188391,10.108110836351964,9.265826977093896
115.63287333064397,18.265510741914643,19.765662126805267
112.3147161376283,18.00980700403365,16.993310552598796
92.1780373968594,11.044545181001514,14.152689281726229
203.0344190252947,15.768573811327002,14.874584179456173
92.96651300540503,14.639816981668874,21.967137422768626
137.41790119079707,11.187090955091115,2.633187423703217
216.48357563140104,19.805682270607235,20.045419858737155
108.81853820086249,12.146958874633555,26.87436304195736
91.45863535563805,10.672341800905611,1.7336459105959245
198.30568090196587,15.948473795019096,4.219600177010002
200.81878331744414,17.38866677133033,21.498958101060943
190.1258724254366,10.32443446047187,13.118449447338527
193.45668399458978,16.587176387270222,12.106458624410651
206.42106833697497,15.322918759514545,4.108999036327075
142.29700178908172,11.032650088750485,15.203101221533643
174.0659453120522,11.72523876946362,3.7963593358913172
240.91621357974327,15.679742973160804,14.298613689316213
198.46420696025027,12.963576135132884,22.9084589688497
74.43107842652547,19.38315728651316,7.747930736614905
200.44360266145193,18.187402294840506,14.42358504539182
183.2471265743615,19.83567206513663,29.76047908190507
205.7568168508062,12.59670838950414,20.59951270062112
104.98867608994266,19.69723632797977,25.240703139155958
93.15940367561271,14.312338697915578,12.445428196816373
115.12383934686257,13.475187953137546,23.03582769377566
85.9395424844802,10.503495269693532,1.215275188239655
73.05951545107033,10.527652578596026,3.687335476267349
230.2416582474292,16.920112559466546,6.092117787601864
63.46388540590975,14.579289944340278,12.058557738456587
110.41113547041259,12.265216260361058,25.372346349772894
81.88623399877605,16.139703063252327,10.387981523637915
157.4023385048137,12.528581182501112,19.638635805463885
122.76523118664359,15.776317543444225,21.2794288441045
101.99254349334456,13.592087469826904,17.58547062265024
163.52741316703788,18.235522266118192,10.717259045104086
195.35383288728923,18.206961607667793,17.31160025140633
82.52865858352583,14.773503981224014,10.267967783692386
69.8053202180366,13.508191093350156,2.5162121565603623
114.53025548836133,13.625597965590945,29.784119345580432
179.2684797493426,18.05714525668218,3.815473608975327
113.46689657987571,13.28179482797612,2.1704515150817203
161.6574101328582,12.09059373706846,26.355922476214676
90.70836848217637,10.846883418753068,9.055039826786853
155.66736845466366,14.666931208844083,19.50890922220523
77.94115802054566,14.82132098919842,9.870171889866985
75.57976439037157,18.409087104029073,11.743628123834135
123.7518592002465,12.21238696446064,7.863389160503895
103.50265744002233,13.809912736684,10.291320173790306
88.37781907309504,18.08405738893691,12.321012017596294
199.65272483622002,18.236236107489734,21.612482072770288
201.16699074615812,13.846110759787681,15.346085827043755
154.50614479309604,14.59124023286681,28.30695651470931
131.38964624649836,13.032858908492829,1.2564118151632653
249.90785214996268,19.32554878419312,15.092049678960844
181.18710925677112,11.186437657415803,17.526743664951542
181.3980963683311,19.3374942300147,27.605909582228218
193.1492945017094,16.838664518353433,1.4747557086428276
98.58169443100196,15.315721526867312,17.20498754805648
111.27943995528952,10.32659060784496,25.608897855838713
116.58345113668169,14.755961918220082,7.257831843577097
119.4430832247183,14.077481050027323,26.288770455718122
100.57621876572348,11.612188119751226,0.5713022782287547
102.61422505596789,16.564096035006568,21.97363887401189
200.5702746931376,19.71150907368286,27.99339663505959
121.00204552055632,15.621888110645251,19.715929849201867
147.6218368472046,17.147532764439458,13.170877319413439
61.76780469861838,10.684504525660168,1.3464304941815408
99.28399444376954,14.176669958169947,27.60341439967886
127.11876992910538,11.16358485164496,14.108886680747244
198.84401828764067,16.127958355365102,0.8699023300784403
98.7696133507417,19.384821582141544,20.694632139862858
108.62416337392109,16.617777324716386,14.455117607287745
176.64304276933467,10.768030483144216,3.730359523272322
74.11241144545565,13.546662049850829,6.428154279307787
237.43167011845898,15.506633794408515,1.9347204136753882
164.8143677166624,14.032077561332523,17.228806191257206
151.25960640376053,18.336440104751723,18.660884377560276
119.51530316442592,18.14671004709989,15.172268950663332
132.25364829806594,16.118310201032216,24.513063990078447
128.29097053633083,13.734579451327052,25.830264639240408
185.90949498732533,12.553363737632441,18.4687319004938
158.01100858681625,11.058743182131293,0.3826943912229164
149.79334710378822,13.54897683486554,20.856889672432068
181.03224249277332,14.131725172077195,12.539976507610547
122.07574619538521,16.758229251040735,16.96672449679161
172.54262526792812,16.581598242975733,19.472418060566532
116.23527696148206,10.701081396412569,10.507098429812302
195.9779206088616,13.952593154311577,27.51295515515383
85.37617184390149,11.81778867217362,4.019246002493436
176.61977254151708,11.568127053168057,20.145354218431123
189.8120161481463,18.273021497372458,0.13078739869741285
133.3452375721324,10.419152167162576,27.739533162155425
68.69747302550739,14.191828759021213,3.3751239971427447
108.61750252356556,11.682036557665182,2.8465269044272388
130.2551704210576,18.79330215678474,9.990228991567328
157.18064177664039,15.570405132750352,11.206988581172418
217.18288843928138,12.31380636376848,6.429002169686359
131.427355854638,15.024272871663765,17.55364982781374
139.35451827428028,17.31486359703116,13.287422941258907
157.54395381180504,19.581180089194337,1.0252676712326225
60.902853179803,12.204460042454189,9.589561867659018
146.79576289434067,18.861817721293452,24.312987407195116
254.50011474657106,19.343041141674902,20.69104604585606
202.70725473723286,19.16420544532066,21.746125607396415
74.38538619193613,16.354143568619097,20.943507722505707
107.24413884409122,16.298206544347078,9.329190641491
143.52477874979124,14.032106331838229,2.9899176623032764
207.03489998206277,17.52397882303788,8.17401552099288
196.13715440189952,15.312940183509319,24.95355900555478
127.9808923258956,16.774380712282944,29.414123933492135
223.24091571480093,14.284579038487955,14.81541044224684
161.0420162227358,17.31496464043139,0.2910106476912666
191.02619574840082,18.244715176045492,4.2013443640268715
123.85649627404368,11.46436256602816,9.662417259487974
93.42337100150233,18.32929715574228,17.35756045778849
209.87434717940303,15.402965317903073,2.252809374159419
101.91752716629951,18.446659090902244,28.300718961296447
117.3093984093962,14.313017063410147,10.952510198532021
159.3253386767176,13.790404853830351,27.37752653774469
181.19279801103795,19.150607325172224,23.415654082710653
183.98058121139294,12.511692675484014,22.663118175467435
126.14793253619189,18.442123252861432,18.20158739346696
113.59065894139087,14.840205725094041,18.80351451155534
229.22064182126496,15.140954425512597,19.140097056487445
75.90220909181735,13.08468281489484,18.861641610767464
236.44233021241084,15.730422006190157,16.611846941950837
132.83116954793854,13.252111962762113,29.592420554486665
189.63169881482722,10.392694142416524,21.968717022770882
97.73696031066429,12.719986053443561,23.308391651775636
150.48698854893246,10.063790434065908,26.173884452510226
176.15304661521535,19.783547870568565,6.469192881775475
127.59685239002295,19.657472098197474,2.5141247728518232
180.37433799833997,13.95155297472305,14.486833097957959
217.67909029413389,17.28370854339646,15.422420868578195
190.90598695465903,13.45806098410425,24.87545339849753
204.00363176286118,16.71093157085976,13.31350737847007
164.5283689710445,18.05430043045979,17.12559076632938
122.23570877726088,19.467562446922408,15.81212815540375
67.47811518253175,14.00212275849672,1.1460835127217317
129.58747322114246,17.832979829560475,18.45644689790742
91.3992819674134,12.659284506321187,24.84129857322757
181.0248382122018,19.903323037936484,4.725016442274114
90.77024107827727,10.257695987643512,17.829952017797872
84.20978797321051,16.03528806501121,17.80831633339243
69.25742335886602,16.59505981651327,4.925548921690762
193.92270451460362,16.88045557074129,3.703907211922081
146.61237948832206,11.20387578789089,29.401558289294545
134.41541814731596,19.385297834731304,11.811575089591127
198.05604209806754,11.811832790500828,6.822651861705879
67.40264172197689,16.22753403239841,5.139736333631248
226.38357554396694,12.22676079123085,20.028051407497053
170.65219418488883,13.072164170212709,18.283358919818365
100.24760054011946,15.464585417281244,19.306563689622525
179.0337366447863,14.171934185645764,2.6401808253435677
176.14386473939973,11.602256009765062,26.80603750495311
139.74764602932348,11.709364024208483,11.67799190427145
199.60167163008794,14.181447881627996,9.401082192910739
96.76411425323667,17.572829782755008,13.870843417432177
110.03681060895171,18.979646468477885,11.701981972428847
86.50212600508814,10.841276622593828,25.907310094174377
110.97543872943693,13.931039075594011,27.877829255936764
75.07789006847159,11.002455637228767,9.103596493488187
189.67515722425208,10.165924806325979,25.918074223798644
86.27079183365655,16.617186826439568,23.445693885992014
160.8856355337717,16.024494419665878,27.924230170342852
147.90222238921302,11.630191138148863,7.372509365576635
171.83646733318412,12.33812833093064,17.308774503629373
219.49757001151255,10.237077536445184,8.236337542213338
211.92115214608566,18.349472056944037,24.722834714531228
214.1512536725283,19.746905960485513,0.15972571713192774
186.5442843879308,11.354595367946908,16.944574886591884
187.29811220925913,12.314752137652981,10.17610293815754
189.98231837993367,18.68409523946934,9.680511212334608
90.62182190477296,19.264637979561847,19.347189715947508
129.60279268425091,14.196273828068103,25.54453347941982
162.96663998256514,10.50622472269074,18.275861741799787
116.5344186511715,10.393918336928195,25.595189359401676
89.5199909088739,15.739498660690105,7.937913356430899
162.6684215008488,13.92895108893179,15.585055642949433
159.84047146539575,10.286524275776545,13.516096172012281
49.99067439688109,15.832523923125567,0.34934698509288653
184.52863694072568,10.113025365890225,16.704364294222202
181.10193887960872,17.87371958149273,19.845729724385247
163.88606313155313,13.064328227033716,17.757432132572102
204.70633633553203,10.40258003009232,22.088396963502646
188.98249921843467,15.883522209831533,17.140185853592314
128.0686102160152,13.976844144330547,2.0025076455227078
96.66337194733396,19.738004133571494,3.493365722541343
161.9322480314654,15.441986625037021,17.89423732631857
155.29650705376363,12.752391810370083,8.249375759209205
234.15224410176558,17.09438864633975,2.3893538710429754
150.83244940351304,12.714920025427114,12.888082303456404
115.67086916341444,19.04243291407565,16.629677942509662
160.42227205873832,13.747219705073764,9.862379650488197
120.23222956552718,15.498685627762052,21.61301106677334
59.92007587630661,10.505731038242288,19.31311824303734
103.25077437856248,14.261212379522307,9.984550832750159
92.55385127241848,18.32363539660995,22.64617586725682
211.00365812179965,18.05648805363342,19.460851275991065
115.75664682879994,12.243185588535262,19.12336136153706
107.27986773456323,12.260790710105628,16.60283102361204
186.57637952288496,18.173053122132366,0.34169004265658387
170.7809880346229,19.303984201693254,20.895215504306673
55.830578939110964,10.953609212730036,11.281253733274694
121.5504582934281,14.500586394262253,28.278291304759666
96.98961827281875,13.37454278964229,24.53954313231616
101.06684207706138,18.706884554574394,17.630834085939366
82.48419501955325,10.835249146800187,7.565459454578082
113.17715847594266,12.111259425580375,6.111521798329997
107.74316083876924,17.524683375864942,10.211545130326474
118.54915009128389,10.512938489812155,14.297038307400555
192.93302455327824,14.925353807142892,8.881965301168414
143.47541349656163,14.421070346797201,15.447884861774483
207.5638023652583,13.344011789887487,4.961112765395578
138.42539843698404,13.945723153189238,29.331384384765
141.29994798147152,15.29940586930233,3.237736648949816
155.27340821087031,11.61367358388383,27.958324189631163
85.2541153127367,15.719958782835928,27.407340342080847
87.27861630699361,18.054323292999864,15.76081445458494
220.3209344472056,17.60160929790159,21.747308155082532
124.48010611669501,11.538999046937736,13.081448939177635
176.1239549710211,11.492494697414738,18.901037326273144
218.86553909984812,12.681743677449134,10.21727812263356
114.05138727653626,13.610747263410373,9.03477059356336
142.06059897015612,14.084555814084826,17.34689358508541
147.8956287515403,16.796972168333454,14.94389022551941
222.4795388261961,10.566804321658354,17.386091074499433
165.7353173997785,10.346727042260664,8.599817438610689
235.94846420697826,13.919105629439091,11.008734954509858
108.31184980898956,16.971636921379805,2.5169388188672794
146.3907263346255,11.934353429564826,1.5682911681661715
106.58460805315303,16.415044812562517,7.6037138901904875
72.23297707747484,12.598281379402994,2.2274057799163725
213.3839055918025,18.860861088135163,3.113241259042221
125.50636662698898,18.956899442666167,24.387852161818113
210.5419762032668,12.972872042813265,1.166210910500679
99.7466636624884,12.299937539632404,19.76828381804228
172.4294881115089,14.113039720662313,8.176732464462015
134.31099383787313,12.405315851801488,26.146370421243795
141.89427068358123,16.723838432917038,14.549768537324987
124.55353182516389,18.260646845482857,9.167293779834772
195.54521918204554,16.73092130911217,15.529168070683037
111.55884147551865,18.243504472493495,11.458740571358065
150.45298193339178,13.969921622074741,16.929031940094905
45.06200604604382,11.563169707088608,3.435986049790447
91.43324300048474,17.379509473975922,29.909715084376533
82.17712317160218,13.604745051415538,12.766676330901527
127.70849200066111,16.712708252291325,10.44691919122106
226.29180160176526,12.706439419817656,21.306295449487948
212.83534587874257,10.812296348066727,10.916982194859974
131.29123423822554,19.925817954877633,24.99822915086273
170.60746340972122,11.562015079305993,13.628121730812758
247.05883972918969,19.88420993963481,21.586752397963046
109.6985610143837,19.772799325664472,3.223596493256596
128.29895956272742,17.938181039080398,25.383575566653352
161.448450575197,16.594229620819977,22.071539603343297
75.88377455418942,15.778070502510847,6.351503353858971
69.00525580291729,18.661015453778347,4.358580292373599
82.73283906318063,12.89439521619488,9.488770461768732
181.35307681460543,14.67681212484877,29.28211758095713
79.26869719245512,16.19389969366502,7.704947237011758
82.32034174584709,14.11190475869491,13.683816268399
108.50400561916996,14.27486454090268,0.9006067715200894
70.5441267815316,13.302846675020843,11.916825886986976
104.70597931422397,15.64231816684536,17.139600462993084
264.56072900728344,18.50574528015116,28.593738375238953
57.69981206012328,12.015283780063129,15.502081348201934
197.06658216005076,19.344330387534413,24.573219785330632
135.11419915379216,16.890876537482296,16.413829277067016
165.56280391762462,18.2327321268003,1.223550403065543
170.19460196108966,15.561906926300116,9.450248255693221
105.75659525371141,17.795167014240636,17.266485234933096
177.34640768752848,10.162003973394672,28.51781897793373
159.8387692047525,18.18380424779535,25.773910792537
181.23378569892793,10.401388590853665,6.850668425365429
130.12093939135417,18.899133763628626,6.603294900574905
252.4822042273661,19.919627472386434,6.035189013417023
225.41864251249183,12.940674621767778,27.674966889075094
210.55835290582954,12.103185562857936,25.57998459305162
184.35641066849706,17.653633638580406,23.246502967588462
152.1996177528669,12.530263409202533,11.782053426726828
223.0610959841251,18.655623831722036,15.131421128963003
180.5181312716722,11.028425921574767,13.929952343854584
199.22826563846408,11.259551963793582,7.601943226781179
119.12133894944013,19.791515551006157,15.150841384463009
173.138840933093,16.738388982700048,0.9148964355826339
91.99076422727896,18.46887224428953,3.954311204923775
191.48829470638384,13.24329377351518,26.597687885068392
101.16178737923188,16.764837495206045,22.5503930109427
113.2824711948864,15.942418273085972,12.686052271772612
200.25870472907727,16.03150120122947,15.514510868516316
96.88521693177795,16.825324595377214,11.099966578799323
180.7044202843905,15.753591731290985,22.223396014820175
183.5457385613335,14.29062369302666,23.52561537696239
98.03159888879212,12.75922694380547,22.898555706094772
118.83639621771077,17.68581330913202,21.67835174503349
122.78767326522157,12.262724300031863,6.135130160783875
111.34059289059222,16.92354306154414,10.139099377214363
173.84698534579942,12.333328226493267,14.095363049510247
245.42744321525277,16.25330169954454,9.923789742829669
115.47683435591951,17.47078267129029,22.64820600474987
75.58029199439507,12.187138889065391,9.88060572749864
106.88422941929183,10.599433008613083,4.146962603560115
145.80842130386372,11.309737429941741,11.971213561449122
125.1321237753058,16.059969672710256,29.39743298347141
70.27985496972993,18.494464062257354,6.776442388007276
144.86806556308449,10.449968212354243,18.36475976829687
198.79726324316223,17.341512590416464,12.98919149519119
109.78659349610923,13.41318645950052,2.130737029479799
125.29724438762479,14.785283699195226,14.636298179941784
240.33389882476092,19.288595498455656,21.064929859449375
170.91175989627737,13.319715047358455,15.396599274834562
181.83071759766062,14.65336933939486,26.16318191239743
148.66626039612757,10.136824147606811,8.66811049972748
203.1449916529386,10.815987200048383,2.587475139118948
197.46902521745614,12.58591591134784,28.096968349740184
166.22414266971413,10.278522408210744,11.34589048584657
170.7119868026112,16.31375326048251,17.292166543609
190.14960215766283,14.263983568016226,23.76009378390588
107.91057589427179,15.48145202728022,9.729409916267418
106.26768969226066,11.746471858963295,21.484936145328334
146.8284588908073,12.959320294366162,4.062565494534841
112.5099557370556,16.63824474852725,8.738812416165159
158.61594123773222,19.653027236304,4.3413190840955975
113.13770478845645,10.504167736022092,24.336916752040736
220.12390421307296,18.90384320855266,6.679477056803561
105.14609545432323,15.768812013112084,21.522106662156308
193.19417728379776,15.639195667556237,28.29895191736958
169.46139806658425,15.002785352077604,15.833166272066311
81.35726600556372,10.693940859041835,16.20087576782063
116.76127640471162,10.898768517361606,13.831007042934361
105.09897724285764,16.00912005659086,9.776704301809282
126.07412978433426,13.409585714355583,14.269650927747513
135.9234763954948,19.172680665776806,18.084225968002784
106.86845058353718,14.065905373594722,29.57974716511978
224.21907908101548,11.43281458702641,28.132936779546725
86.09639762260502,17.14718833502036,25.864588748793654
193.08621764992586,12.933534214410098,26.67391607114575
131.88142450503005,15.254703073558932,14.035475498761288
168.99505979248173,16.9783278550517,19.723329815323943
173.2060756587372,19.002641112020704,26.852001688086425
188.2985125349336,17.92191194801676,11.788522949740592
206.66037117366193,16.76361067872724,28.852874350364065
168.21965997741032,16.796331823951437,12.47358186207549
110.27900388512127,19.459246440320864,18.03247996179647
176.18902008334192,12.95824097496536,21.294141398171156
119.94821961576683,10.011120941961874,28.51776039227815
57.05180488306209,12.719545593981987,7.338488221567982
142.16301227561055,12.17891379626744,22.383929347159267
154.85996214560913,16.61834585113998,15.624467584322465
129.80392370403524,16.33711599765529,8.056714218619232
168.75071631421045,15.934613827047238,23.298205193891718
110.67314254297813,10.162434432094537,16.566668405215395
111.67942634942068,17.287780544506475,19.829214619490273
70.6865945863405,13.235304124854915,9.687032057337031
175.7192765191357,16.65055989006631,14.43821855482815
181.3939467994839,15.565784285021532,18.520627529642013
110.12623963881411,13.427309254279072,12.14732442809532
168.2128142342268,11.345762671041077,5.95117619543104
143.1143147166186,10.94418897660481,28.84921476945912
168.4931522827998,18.315183331122235,15.344026201278522
202.07225697883737,19.183975420815578,22.017611108631016
155.01103000521766,16.497880467642997,12.331415806681743
152.1337556084451,11.034341148604835,10.65395292077149
139.3614373759991,14.020272168882407,12.21492895401375
93.50905606465099,17.28939200105157,12.275899313569493
101.7354749463245,17.79820884010068,16.325403478258607
163.9658957575605,11.182186222910886,16.304096099440894
175.64035211816957,10.000307188453824,14.91461447648615
105.89833602398991,17.12137045880605,4.043573547523143
103.14121176601564,13.565961759862056,14.882264355015934
128.1742174324017,12.544813316182603,5.073117012619544
150.618395901163,10.128974697895254,3.784073588872955
244.56468694675667,15.402994067614998,27.979371520235034
176.99527482758307,18.511507354259816,18.148500394431128
221.52082016763063,19.576316462725877,19.78470174373753
76.38211376389077,15.657449506132892,12.053810110000914
91.50821921386296,15.144613277398943,27.269426757445927
68.6205579787809,10.85056385489241,19.137914687389966
195.3543244830166,15.488728015425998,23.075096085707624
71.61373668468029,13.799790789653946,11.056874070831416
148.02564062375978,16.07135280883577,28.800356424573764
157.25441856930962,13.887263478765467,24.61383870474945
126.35704948504764,12.402991234503668,25.61845389043631
162.75684372289734,10.949652752283765,5.1658280227726285
80.5790189067333,13.149184445888958,8.128896236136585
109.15139080870885,10.966448342877523,8.568797990507312
184.66460050973467,11.76896950823984,8.127276697406135
91.1296807824405,19.873361585795458,25.662244863128638
165.6646694910114,14.441035569066186,0.9565438562577633
193.39076540815535,15.318717665050166,2.282999669423229
245.93206785360098,18.73618528737215,8.217446118897112
224.796420894114,19.95568900490688,5.996189239483309
101.42231471976231,15.827144493446815,6.955788416485451
176.61253840265846,18.124738210441716,23.938295677599
82.85979959466816,13.269410243366753,16.893797816761406
107.4166454307192,13.05743957447291,0.1731198387890398
74.93487869779527,14.027037209945602,12.879682971125858
129.60265116265347,16.72507262673649,12.236547805510767
196.54989782181127,16.821916892550988,3.418358083336306
123.98895672809988,13.152394346494509,20.284253658043713
169.2977863510025,11.332099241366286,21.06291565138473
158.40744948632175,16.323962564655087,21.62679657156293
116.80189307150833,11.283258621887645,21.854128366757763
196.52753646771876,15.7849250822933,0.001584807968904034
150.1629999298812,16.93422128056309,28.617624115401664
188.108846717582,17.006114963944515,24.426263011639893
141.58516087781837,17.534721106595967,27.119450897678558
62.07419528241367,18.728594215656646,0.46929885922302406
168.92084174517478,14.999589919647885,28.015763873572183
235.7694032802266,17.302491895295713,24.293655860643142
97.97496754414524,16.19172735365837,25.116574288760958
82.4441041957347,11.866399397976826,2.798621541659055
98.04706251370786,10.256896448694082,22.16334086755793
187.01130733122247,12.845413856769337,28.79750068926273
170.5822283726189,14.430337063376195,20.356420242544818
149.56221877772796,16.171059444286563,17.116842138738193
174.2912798914093,18.499593305032054,28.36889033246991
177.63893792904,11.962457167061656,13.28811365203308
199.93260752784644,11.255497898984771,17.97880698931436
245.85557994828747,19.634799474743275,14.290148804830986
198.76484348935108,11.080445593764072,27.985386640808976
135.09301093679434,14.784910701071892,2.282541802965218
134.19976091016304,15.85563728793302,15.033591024760446
234.678372851436,15.413744209074382,20.60857324156315
186.02631186039216,10.860321570329432,23.757196152667106
77.55538288565074,10.570269140036194,17.49055942332409
87.64102885478113,11.054834274610357,27.26753232364362
238.58632811984864,15.855876838726125,28.25974340651615
90.90190224979241,15.443448876343211,1.9295766958075056
183.7878030061446,12.337407920367443,12.07111618624123
120.68429300604811,16.377741418455916,0.7037706516346331
98.27429054399474,18.200675020556496,9.882499721233287
66.02428716739217,10.415789598465938,16.106046539118065
104.17614260458726,14.981299435480423,27.323847915298465
124.86776021560861,16.8931041210269,25.396629673962085
131.8486996089666,12.52311927069687,3.8249918001595717
139.7611806090018,13.07770905293149,2.790911242226871
206.03027418853978,16.13637902989384,17.67802016270001
162.20946659936877,18.97935293443737,15.96353917376348
132.7053695133105,18.099244203028995,7.991329242900715
184.80538028201445,15.831302190995835,26.983592536615056
174.12146606944887,17.30221717757249,27.820992283846603
118.5140854432036,13.648224702077986,12.07834315020488
81.52245264763417,16.40965528098758,26.709076713405608
67.9683043820997,14.66181591127557,11.51846682788918
80.9022048629459,11.89936136457561,22.104504954891006
88.18248134228094,17.01738273877257,14.278266526431725
180.82209638366666,15.56464637348822,3.67749469521549
109.19989500544314,13.586215819535914,27.838026037110644
213.18026437688889,19.113391900786308,13.622897801326099
185.51935149115815,10.209341178267334,22.03461120967211
232.01503065295466,13.15773151249496,11.015214432938764
203.69713631090897,10.568813977776465,0.5664263572870398
82.83164326964577,17.665273162216273,3.0159107607550775
171.47614303028334,17.021074541137928,14.886584384697732
100.98298052399522,13.313522187363171,20.698930713790872
214.55570877108337,16.75662902207073,10.042059797378371
196.70169769758118,13.959372261959498,20.86465377532951
190.04610708406554,17.562537914224343,20.959067682958683
148.9372404006491,14.541836627367061,21.118077219834927
165.60975866312305,14.122797278316655,14.775655620615252
93.72603165482286,19.34729915488301,27.44658450364512
59.45940416918797,12.508790998907003,14.675895539418468
174.36133344270408,11.204473399965654,13.507955804899145
129.90324603539995,15.845431132594582,5.98142457031881
262.9717602070726,19.693218122841788,9.229652620690095
72.67844404941998,13.778392137271867,1.2700347755491004
173.03341591901577,10.620367636287815,19.006058808485108
127.86239414031405,13.393052673095674,7.456072317812787
181.9117689141126,15.059316543195585,9.124657634563953
181.96285939323295,11.619230066322137,23.124435649929637
196.51960174007357,16.581022180564922,9.816635494843617
126.05773344469445,19.977493890102007,7.265876760394265
223.13676082138787,14.517394759814438,5.071732474011172
90.27884773618982,13.547285567302126,23.245752065458678
79.09951808236866,14.007041668344666,3.891187739700807
121.79217153571582,11.151461783952012,13.612612807510606
223.5665012104071,18.832736014262238,15.207903482315832
122.02037418431723,14.14825655521352,20.621697380571437
163.12985351444632,13.872744114248412,18.998504469989864
202.99163406108838,16.596902729304745,24.321620188355244
93.26427101902901,14.420334209311235,1.3425430177871445
205.59972820194017,16.48233468807846,8.893221743381917
77.83328537212037,10.614462901307874,8.404023563261392
229.14995304031788,18.137233437222275,4.380507167763247
111.95941086336013,19.405039528794028,8.675347615693294
146.62886134279782,16.48765386159386,9.292959424287103
183.97361597896457,19.54565928858811,15.656533857824348
80.31059291070667,11.514323143699633,19.91113436778768
126.34244622536731,14.774161894803537,11.433015408354422
105.32737862719361,16.018067339454472,21.584106939401437
104.63984887536441,15.817366474211866,10.0849601573874
101.6563007847143,14.014617790890432,8.70851031944281
134.41277253758582,13.380844093662613,16.23564167571073
176.14100185488485,11.268240225504188,0.7114908091737182
171.55497319035376,13.917424505622781,2.3936737090200113
185.8548115474686,11.626608151054851,12.539086307595811
205.52971765483855,17.343656764922184,28.287381341752695
159.14664459326596,12.088309354945899,21.64535339530271
137.83889361788812,10.585653052845338,2.6437970850167325
149.6906838580237,15.523661378172344,25.389540383426212
201.1919603250528,15.952297327194016,21.96902311824543
100.9860034618354,18.719130612805056,18.328395771079595
215.3023262767494,15.769816124176819,24.608788818275322
204.65280503710432,13.454808537234458,12.123295432288714
122.82367715423504,18.030118815263204,6.6450315256155825
205.1725243579156,15.40278893187421,15.36070167326278
61.788136571125996,10.792802846311918,16.465252667804215
99.15139474726163,15.658505603132467,16.14979116029736
81.55879918709434,19.080185454216625,16.95221374440316
215.62224729314175,13.963126254982205,28.461147547175425
167.99640609997962,12.963258018998001,27.06736869288694
199.68307828790168,11.4346945701802,26.271511096768183
65.62797715140313,11.514455219353573,24.042504327258815
170.17274399440188,14.327714843418189,28.30284321795856
170.09046180950762,15.956798241615296,2.9548392503820975
88.94292743817425,10.806154051696018,7.9536978433721846
208.4614333061637,19.395685890251656,14.851678369637547
111.30163885062893,17.551336174451958,25.396034793702157
114.22585296056506,15.866239182836626,15.154971345681975
165.64285225627685,18.284386709389906,22.44104218024766
120.01380583188472,10.801867568121132,4.168797157467487
72.66047716830536,14.768388777331245,7.572414389296806
87.18125377073795,16.300931268616633,21.953282851130172
86.58685223380438,18.286529061182893,4.9420202666317214
109.47636298861886,17.834695600492676,10.540678039647803
84.48844565479132,12.770692497133997,7.945987734407143
138.32217065047024,19.408801695592043,10.495850826674355
167.1046473227241,11.243458414308703,21.24972147233911
142.3461050061045,18.75133618621152,11.03541543428403
197.0148676062783,19.709402496046184,16.657899678238206
149.94566711612674,11.771535232226256,2.997956311632289
94.86099057103407,17.220660642037853,24.150530797038833
61.93339916556455,10.402855187779984,11.096658769443746
229.301022618689,14.05422825139155,19.456024771000273
86.69773816114426,15.16283299197674,21.76168804985498
101.53929330432359,15.806452259096341,6.289827663351012
103.97975632185144,19.359372482485597,26.5402495486005
169.22044019994357,16.722506872941945,18.486727548208588
139.43535831667455,14.81277951219237,12.861754252544443
230.37040229786086,18.096750362658895,5.470055507346586
269.3097596099689,19.50532820954409,28.2690281370362
117.7729160473898,10.220661486822909,22.652046123948754
144.47726298230117,19.825212722560387,6.240736881997466
111.27788148520236,10.861321390636803,10.131323241726735
102.34605326053267,18.143867792687615,24.290227742642198
85.5201139357279,12.803347525514125,20.87032989646017
97.15729850075692,11.321796577538718,22.97352878147173
84.92480733138811,14.39855639713835,13.236033066387972
109.84503155886895,16.439565794476135,21.494287879265006
105.06331556426518,13.80951845023475,11.594811685917412
179.0409932265834,10.545654082826989,6.337887508145893
144.0288410720467,15.994611396587166,18.9803110452408
278.891338105671,19.024032761106746,29.280417767963826
110.58641691404615,13.832153659472517,9.318029141859888
90.34187050203873,12.16332777630827,13.829087766376189
122.97454537265583,14.425773459328154,20.22004113209561
80.25272894577542,10.48362711048781,16.245188463674637
126.03702066626363,18.20487584480275,25.302833871271478
233.11772963305944,18.263408109501867,22.852281194085478
191.2623189630417,15.880004634296284,1.7489161158707112
94.21275561291166,13.531028889383895,29.952637017713222
100.90807623958528,17.997833644457835,22.572073611584017
138.43634137139364,15.546870247883671,25.917099488823396
116.01205999499663,18.259323085500164,19.535931362860392
128.65550968027097,16.314587925830207,25.688553841402868
68.40470613683888,17.844054732127972,3.371489247861282
161.7261185998485,15.9856299321776,10.432135066779468
127.60565233842699,14.141410682156662,26.29262830813478
125.39737340391001,19.579458599261375,6.049656338006767
70.47928227883857,15.411138248788447,2.347262957400682
155.339515716211,16.050895185405384,23.64356819835657
233.81285169263242,12.204876394147492,25.064584669298885
103.75643567334005,16.256507894272765,4.879566545697019
227.53201240871022,15.716076494829439,25.630379483481462
178.66391683245922,11.848383979470249,20.603033867915087
185.9897450949663,10.595870973531436,15.602480496497517
210.8625076162943,16.04359319714771,24.90750578344155
181.11835609950822,17.636922693503205,12.577477479568973
206.47110962944367,15.234013709220083,5.819818686701916
72.83208189413324,12.267726253196457,8.54558029831841
126.81889088436799,16.66521976693035,15.154920548799444
169.3196609683505,10.801057266096022,15.939923780195272
188.88931513964243,14.418337048019547,24.16742479323701
242.23380338094637,11.633667583984202,23.740581709570034
160.7150814660409,11.844590510598834,17.440996716137246
192.53232716484334,12.022939491582036,23.42356450096429
153.80088136967555,13.867070570439779,5.7532037488101295
138.74105729933336,10.511502056203977,1.5019358127988303
160.76072940276833,13.977934409290981,26.209014679041005
225.70880906607746,15.117074471147008,2.266634812883087
195.74406761807808,14.832942849663253,7.400652892319918
184.97831968652218,13.827841004030406,20.859568488731536
231.08904770180686,18.391466080707524,12.283438128819274
118.8226020267346,11.45326692420504,26.289419097465263
63.086988530906666,15.05696743781374,8.939393839868085
198.011604609913,10.620414169565542,0.35614040008077885
127.21815927856417,10.711556788779097,9.019669216822324
139.25049554490195,15.738658496770963,17.34225147554495
80.98120451770957,15.66018424887821,11.2781512620988
245.75193522846286,18.78033512844457,16.046182672762658
218.0036446055309,15.578736756600732,26.29794356505056
257.4300654769638,19.597910204048503,27.374551626911057
169.87460639372807,10.486948483999297,7.979221939623363
97.06088863183768,10.98007684780741,13.864214198097022
118.84309957809458,10.440658615703814,16.474320457243536
68.87536856716383,11.852768503335401,28.47337370664741
198.1499842461856,15.412701109416782,29.95851957493154
69.37027171632984,16.45572181427428,7.0622174652458
160.95106517458217,10.455851579486687,21.809396140374464
161.50017952355918,19.459708898455993,11.340931866995854
146.15421068676739,18.42165376650381,0.24324590658639678
186.7670197976969,12.966124821570931,0.27757567307707065
70.54309713882715,10.771875302264679,13.816980226867672
182.32161433347608,11.698870732190572,14.65004739013004
64.1829488217759,11.269444137549726,0.6770908972032796
90.1065854458745,11.232837792989468,20.607822503229073
129.22010539180238,15.185616886657339,8.820101657848593
71.57617514486263,12.458474424934003,16.79679304607848
187.74063731774658,13.581397165291445,9.027572194962563
143.97598986696818,19.895053333843226,5.014029446079215
67.80393353240518,16.84314248925345,12.215212157966258
82.56729365388738,19.489806670470013,6.968200943715023
146.895063593481,11.425565550331156,16.04402930757504
156.13752895922815,13.821394748325693,5.964855908594399
119.41013398981528,15.547318032823544,15.252179299338811
126.28271747446523,10.76758061888738,4.721355446066027
191.4453102321574,10.041874436279578,20.12924128457355
197.06365242129775,16.704343337969174,22.61813053324272
95.88801109575964,16.418195168014353,3.3118270274980133
189.73788794174826,14.107888099996117,14.034072361120176
150.11258198049487,14.896440760320326,2.1261510196462075
179.3253310678556,14.154430005920895,17.94547336626007
95.87612402983024,10.240050448448889,7.932128937889361
200.9143328252658,13.353716062174625,15.828733705161236
100.9599717495479,11.770822553972899,15.523830281528735
235.66368035271282,10.984241891013687,27.730630385814013
161.20145199393136,19.567204338893497,16.472496677061688
188.1461944789096,15.993597250421656,17.489954391549468
95.36259437306099,17.286562842366028,12.04959377293141
136.66679997369081,13.153637432661174,28.472388095484504
152.34084704555943,13.931471294940152,23.31557728318829
162.32093979472376,12.369239938967235,8.562158709085248
86.18433429693006,10.969656709654247,25.32628757328696
124.11103780845376,11.790316374415838,12.9718908055527
97.00257456159514,17.975140452964858,24.86001430600782
222.4642801459949,16.77545805183776,24.686642048805062
152.3876806248274,15.46928875985477,5.666105602885631
86.98108616797973,14.75089872866768,21.034233941507306
219.58595556657312,19.224342836561245,8.719289079195933
209.18665978032124,10.727349477786683,8.924780099780046
120.40589798798435,12.80600813237916,8.890442306417421
174.42514615929616,13.499378535707141,21.767047426798445
137.98306364663807,17.82425812212788,6.894781253776082
186.5953788355739,19.925146201619715,0.027175057382706758
132.2329890785496,12.40670514757153,21.457105604478993
123.62753238901598,18.743073341370806,5.135542315053758
148.18664796241467,18.30622760431791,3.1344718592350396
73.87527053091098,12.246573976417666,7.1254836178218035
170.24748804212982,13.993325801992226,11.39701566968112
118.53367137617967,14.096728692925192,14.277189824196022
135.36202642163914,19.78220668526558,1.3371012213789246
181.55261778826554,11.808919013788984,29.117199978820814
146.36263722965217,17.99157971104782,21.481891602586742
147.0265789041119,13.3419271417311,9.695821959730084
217.86361705071064,17.308703457761602,9.56091771856192
196.90684761569418,14.200110042956629,13.45627648105378
97.66377152105007,15.7835976311654,18.78734468289099
164.33732357667836,18.326117733261313,4.391191997669033
253.42044141280252,18.04165564983884,5.66789441294857
135.468832155801,18.664231835397,25.783037485006528
97.12478095139092,10.59617325344659,7.687647716672177
108.8190148464281,16.92050553039745,11.405849939255326
97.15524880822397,11.39987376721763,26.13815552850351
184.05244155204306,14.15818568018411,19.894434881994677
166.11812542573588,15.485884150546884,10.25135638025065
205.6908494139938,14.027394847468308,20.510986371738625
165.15167538466682,15.196116758030074,0.5904964614424113
131.010126552219,19.96526308798619,22.069279800340958
83.03615670079404,11.352173137128547,14.610481215487184
229.73712201549657,16.754560453364256,24.395464418533837
121.04253271013138,13.960009663856152,28.63912956019405
118.90203073674931,11.330097989073288,27.77365648483705
221.82181853803735,11.587367633743096,27.277951303660224
158.24075519935693,19.49273106245617,15.365098678016615
122.83921724669236,18.79601496711762,10.804263424168141
226.64500647583495,19.070419604150217,13.951059741920183
246.39606624131437,19.915327758273865,20.696880099400822
75.00175479661706,12.083153900085179,26.519933306135602
197.54130754413683,13.554393373640618,6.209589090003586
147.00121716908865,16.69219029924867,27.54579475385109
162.40397117512114,14.838025398606472,24.455406959096674
204.54622222227476,14.183895333783335,29.36568045534704
217.08908844663364,13.578112493355931,26.407553198450614
99.58592385374455,15.937806319434522,8.398119890757199
89.86514129759696,15.75593428640082,3.178677340321431
56.23963776100003,11.614578340642401,3.367232159747658
125.35506679138152,14.717398375184391,8.736699557348283
97.98862642557916,15.534717762098499,18.42551171953618
127.74242385221152,15.702869387313905,24.129609782915175
89.74918202099322,12.101071929123519,26.977509209446943
121.64358065521564,17.422713922522867,18.712601531076984
33.87197989123593,10.251990948210697,0.16893938244161188
181.63034828486926,13.548318555431626,5.589503295556005
97.27607535666422,17.802126485356336,2.9917861156010384
132.4467069485964,15.638929210554023,10.8997342670703
197.29732526719292,12.611624325108602,15.040529809012376
177.26191840530663,16.949531193430477,1.3019153573568254
89.60685498537089,15.673909441560735,10.45433927386966
88.35141416250612,17.96243609456387,5.375390238759677
212.12606054597023,17.350251861898233,19.412104987766217
116.36850958099346,16.101079220362347,13.9281710797302
187.61041387760676,14.88177675310814,14.859529408017263
123.88731283555754,11.331821256675234,12.830753641003833
125.7696588959125,12.613330178853838,28.68059131459701
136.83841297712016,14.190994729170853,6.442053753646897
204.90770221633738,15.992992870063887,15.49992779531623
213.87050433834634,15.137078552153048,22.08052105096008
72.47078501117217,12.881845259595295,16.705332394036876
165.4776820438013,10.064643577897105,27.870626571504033
77.83013435700683,14.962392219008139,11.339050669238524
133.15404392663817,12.85625988562243,13.91027417319534
176.20253267157074,17.34608300710535,2.655669456441853
117.14048203184714,10.239462652704836,18.269973331557853
225.16392018353008,15.848278113057908,8.646359053443181
133.19602556404897,19.414742375060655,4.809271185467066
200.01051168913148,11.744092671114995,16.33593878713524
178.80890594077297,14.716494907505954,15.969307901397318
60.75351471765819,10.914219918171382,2.2761492367214267
104.93142211662267,16.256819122613525,20.946463604834182
134.0483263336563,15.505316805962256,18.713165719525588
96.90411258473578,14.073655242128323,5.670518482394916
139.32996975416938,15.213770214737412,14.083045864621315
177.81424952415807,18.965746584690102,21.6096874943568
183.41151183379398,11.96294302311067,15.883072216238295
125.28274900678953,10.225645117053473,11.864672285507107
204.56983589096765,18.61664884699101,9.670153742428308
230.22286735126738,15.771170823879064,18.31181599932161
242.54639374262354,18.906584554618423,28.173260949307217
116.21634517661202,15.969452234131726,20.1523452143245
108.37225477350913,18.101610899597024,2.242377109089465
102.04124291282152,14.29673363355148,13.820549204464013
157.95654950852335,17.49859931288269,26.72472394531883
99.99317127715697,19.13041466889856,2.8338727740326064
207.77435189164413,15.721229637222063,29.6662713641263
141.1665836458813,11.807851505623795,28.47208180936264
114.90424599958885,12.687976150301981,2.348234421896276
202.5727933333483,11.986445768974058,28.00239961348665
71.59198075361638,12.46857027595733,10.893977707783867
162.3662932595428,13.064154493510364,25.341275012275876
172.6766865577676,15.551337867531885,12.551500131398146
86.8196573854185,15.879916294638328,13.225653381075476
153.65117098169287,14.264997472418612,19.027292729326277
91.95900790448854,16.154207798208354,23.2343225782795
166.24787288552682,10.815749256113659,1.013674528447459
120.99639536814362,10.877882370581599,17.79467986581403
111.49255060980661,11.718294603576584,5.60198982292113
144.23146376009845,15.180774980403447,10.378485535896088
72.74937010173377,12.139946786983135,10.439059984656495
106.04571222504525,12.832844034925774,14.07181020663461
135.31269998410343,14.00312836172994,10.024092356285202
122.94509640603016,18.118661240103798,3.2208335535200328
122.74814475362894,10.138621359128601,4.368862155763543
170.61793438814408,16.493788202366225,1.0031395668329302
152.2304367471233,16.688765310406854,14.107472559862629
196.15472616253876,17.986557803566367,28.633430845589658
136.2821596979834,19.327529390603132,3.470256709443497
91.218429108933,10.201378489492898,28.387934790092462
154.55356611744736,11.537837055132162,22.000845441962806
215.4397880831097,18.86171294055993,19.124964088024896
102.07600531670315,14.585185621870153,19.35833265970689
149.76691853698355,15.645906389334636,24.801829451888462
127.28813429398133,16.630272037231475,3.207595931394641
163.18647584387656,16.790666044956374,15.142629706966252
186.72386268216178,19.317404033165083,20.912734147822757
68.75445098639412,19.969494174116697,17.60461335220691
208.16253530313293,17.201574609309404,24.98337213069884
61.93759959930863,12.872212092051509,2.1681512703405446
169.51741707092702,18.797524022943435,20.72103118497498
160.92737005214488,10.492209145407616,16.02083191154153
114.39260834292763,12.310808528744962,11.374825919398303
99.69106805848477,18.97385717463715,10.208249467020925
240.1101999375002,12.561915144393549,18.624978983225787
203.33933496086834,12.206510596217484,26.729861239327946
176.36989340722698,11.381252931402472,14.885277783033459
152.11502574178783,18.591117576469166,24.741694922307605
78.5141350126271,15.000582591910867,12.064691455319025
231.3218911056492,16.748932030541546,3.0718338837952963
139.25515249017468,12.390663840750296,1.8451720937591565
214.13302268030714,17.580404210112164,1.5400311397103272
124.214618655739,17.600055449620985,11.404504258730098
116.82450067274073,13.125980249083002,10.117132525075261
240.92979729536682,14.106826330102828,21.538110708677085
169.07462348069075,12.09690277430201,22.284645047545975
96.06406680703796,19.765610233229044,1.5256190650121948
98.30875006688964,16.456025770584116,6.633697886670449
135.2093713318668,19.345438807155155,8.22785550476699
75.112047784891,13.033855436291331,16.428359524284282
143.1860685413547,17.818909129968898,4.335456717208508
140.6494592041859,17.65858643884742,4.018236582000011
238.27797842211962,16.916556518665416,28.31366667623874
148.13654668434572,19.656389752668005,24.126087218933428
245.51041207002143,13.935553361063155,5.419647062735109
67.16846479366953,11.307173235897572,12.19703423716473
169.81661804602297,16.717088592440607,10.668659977726966
89.72693513121126,17.293098004772062,23.73012222196222
154.91259052055383,15.750605734588147,15.306387494343662
187.9031475932711,12.068178931333962,3.8354921098040107
178.1216686629376,15.044559416693554,22.169761894687316
141.3279608846416,13.121897365691295,11.906639346747568
133.94581290660443,14.274665281666891,7.8877274289644115
222.71898860010032,16.45218575844664,11.264958660621605
200.16249460921233,17.452147426908347,14.932696908206891
217.94017970299072,12.322246909013431,10.293465492510283
119.90059731393306,14.053253606469534,7.257173177752735
224.8079559423781,12.691615709916292,11.95506086411941
66.16932168952877,11.98631613861869,0.5751873224969473
110.42465030552545,17.833872199958385,23.174935382889416
68.85845621046614,19.092526944369926,5.128346807027574
77.8117937008449,13.702321856845767,1.3171384089191174
214.74557772213885,17.512789243737668,19.610960787152376
260.0602541206001,18.969952893644113,23.218083864710167
208.95621330445604,18.461242105302315,24.414873947785296
161.63231014746373,11.828133885392258,14.805275479817999
135.92876022528253,19.562918815133614,6.1610455406995595
183.43393130852286,13.766764404294625,22.116830317494802
139.10089578525802,13.392406611738362,20.991392314630115
139.85485786956937,10.624313272777803,7.388122023095197
183.31348995957944,14.86173654104883,27.10223267588379
156.31976507157222,11.090136156409287,3.13114374248487
115.15063551218145,12.48539820927426,29.48064718773977
232.12023037310894,13.169426217672815,25.80743432932394
126.68579702863362,18.08826323491684,20.636959364372256
164.35676315229713,18.754886503958964,28.162496648394985
179.07420038878763,13.024663174614696,21.669335049711233
125.4108217189889,18.58698121244574,5.713709910901378
236.13178530414214,18.572309373697912,13.264684143384352
116.10097068750345,17.646509503848733,2.145090729949061
111.1802482758786,11.466951140151815,11.689722668643462
246.33912490068724,16.90322846900729,22.24809059211626
164.58125867769914,19.45024064580569,11.593300527924521
178.11688065184484,16.82540478767157,9.908825264044022
120.24297640077644,13.31616849107834,17.860671675309355
116.35874227749377,15.005793174308312,26.16613586996685
159.71714267115792,16.457250433510538,1.4274957763833729
87.9407887164752,15.105704087285035,11.564113040992062
190.4456792404767,11.199529417309698,4.747222254457881
160.6284417546858,13.120640446520206,20.86062752195609
93.0627510606057,18.023960305536324,3.1717368129340464
226.2555663856988,18.614180460955176,19.944232757407335
135.32406073276508,11.373000327155703,8.58542612393722
108.13679629626243,19.523867523987246,5.967504412116741
126.4018015314175,13.288226178486093,28.09057673474956
134.59622552032835,16.6231373873072,0.555737302378676
174.6382818730457,17.518251459566812,13.133318156687068
154.24102059264126,18.119462346378835,0.6488097738538134
169.79504177999576,19.4574970222593,14.50779144312987
151.75798247868755,13.129195480288226,15.031421333832547
194.9478027223509,18.585064545515547,9.64987414184241
139.62444932833276,11.316869034362071,3.96485332575071
229.17909442171253,17.050409063535927,11.29162613203426
139.00649348222188,17.41977729513986,20.167888197976982
237.02312862491647,16.777232412013205,23.471874259333774
171.90372797007205,12.52314736135153,15.92251807164427
203.12852935750496,18.730431470152034,17.69503183319267
127.37885752355359,11.68858463370395,6.01849113373958
110.03012437791675,10.536347915208308,8.619909996829483
149.9278824961113,17.17464990611912,4.856868301570753
131.32941942018934,14.754757152327336,7.478860500138341
201.22123915398709,18.49098019958676,6.746603406765953
118.60262130601362,13.83397141058259,15.583463591737129
187.42154914771163,11.682785885077129,16.880662673721883
207.60579222251457,18.364421924698696,28.348422624645135
172.8160314707224,15.489096316400717,5.867119413045692
91.29965804181073,11.891957923903549,19.25027130484488
224.05238529812465,17.20383998586446,24.517778069625685
193.46620422257365,15.111136384895005,16.807243913491575
187.18245625728918,16.0431298224032,7.650109575032271
125.2908688158089,14.60898338206582,7.876506900600006
176.77163545042896,18.287089838180066,1.1775915921299973
104.50381828828024,18.2956271568305,9.16332679645445
181.75382317799733,17.093888218243862,22.338110370101404
58.09056364058917,11.054013773964623,1.4255327162133113
153.92557842206006,18.388538619040688,6.578858475144919
187.78336359694526,16.7101298053291,21.18697495595346
137.58632648736275,16.970241660042994,23.4795468846863
147.4000464034084,13.629828404038717,13.659552301857852
246.89243509655958,18.792795561570067,20.942230154359464
91.7226120089832,17.253716002348575,11.63856505964676
177.2890192337818,11.125904665291944,4.797397350723825
80.84490668231392,14.077780344061626,11.944484805687196
91.70707976805853,18.863803619601416,17.399034606094286
94.44203950422963,10.47196701697379,28.441598455586707
181.75613995444354,19.614166196420495,2.0625285626603196
145.1989748920195,16.791625683195626,15.221822815348817
228.75456829699672,16.313759776433766,9.867593346321732
148.1197593919509,12.705592564879915,15.249350828300836
52.86438454011305,12.48791788739177,0.7192634212959503
201.5415048206301,19.420582194885956,9.39076064104744
93.77586600336107,12.982724542341227,24.59604442581015
188.4671737242965,17.755052967189993,16.618252015639126
78.47600700662825,13.931217982070791,13.517474784483522
102.86704093830538,11.39254070784704,8.565752151460188
155.73764848514423,10.10715297695359,8.941275683740677
216.04407826794235,15.442573370152509,11.493043007717533
162.04113639764995,19.757788185489325,25.06712129893681
201.71677841978206,13.691361938092045,29.016396204248053
98.83676217458903,13.571923339930448,13.159661440511236
179.40539342184724,13.44091617849442,11.800585162432855
212.30432881692002,15.205438373048585,25.396523274595886
95.8336639018415,14.406648834242935,12.807159619089107
156.27243211320084,18.799146267270146,16.560545168869535
84.03745981229058,15.055207917234902,6.928249937962333
133.9689947207365,15.077578381885688,22.305076073372256
83.12083102392155,11.383715947205566,15.959649548123455
179.10936384786973,19.82739540910386,24.27103650721025
196.46593157330813,12.499728908688297,23.421981900860093
47.637251117579396,10.733640674596026,6.450143048100857
172.53954171325398,16.63146248975209,21.469066516732873
164.15459374281747,15.953663701568727,24.00163223854114
204.018457382243,14.151456539927457,10.383217223471853
151.5313354697609,14.221922338806781,5.178273387068236
147.61065780454422,17.850639210464312,0.0789646673876454
157.14672963670293,11.95712640099649,13.527109592794446
101.71946648242387,18.202533189448896,10.572981946165248
80.8385422961228,16.48747113895018,16.647295014762268
112.21692636176559,14.189697737795244,5.641232777663573
96.36378349518972,14.580286165838686,25.789966429994255
103.26957484615755,12.566472071860957,7.73265646884329
98.39161907992141,17.52114332696975,6.7928881526295
150.0624160589805,15.128747423052678,14.421421694530679
100.79916244218717,13.208545427498436,14.965530712328228
214.4094268000801,15.960501157609503,6.452556863552785
204.4102288907636,19.95734452051323,8.155821801777472
73.65684654531839,14.352622796565539,5.091157174657348
163.25648625451538,19.206914007786196,21.553805349695004
156.38369894080054,13.450168399245662,23.102670937622456
65.15244618240544,10.547327069249858,13.869854923778478
139.44812974363592,12.042421063684289,21.422610680550523
124.60342973629459,14.186951433276842,22.078061758123365
206.11831579005536,12.19634928594569,4.148265830334258
170.40395599891738,10.002270382182555,28.9853407450361
164.91220683713877,19.150015377475274,24.63095841289293
155.90349145510731,18.43879411230929,6.134503835874705
224.23964479192867,17.42292231486947,5.584951072382108
187.69979074216982,11.678145956460286,3.7698343673874826
212.23811464414013,11.20363576209986,4.151356876257552
70.94780582990936,10.676047494723832,22.444853970860883
106.57790025881597,17.240291887729214,14.089627708548706
186.49412229232516,19.288079606878853,23.488025182196015
170.53205546311307,14.30535820913037,22.387646830506164
65.34499957745331,11.191406719960481,18.138381405156647
77.86339763873642,15.123928207321066,20.590998197360385
170.39927269090106,13.4883190745863,0.5506717313742537
163.51049771185902,13.748249243499977,9.353329404150658
133.40923991918962,16.213306241557074,19.134665377782305
189.503165933531,17.187181132622023,0.280348604587326
140.10023656178134,11.106035988731609,0.9893083104778022
191.15835576498125,10.355902308064763,25.556639474111496
181.46830329728195,19.943303026857148,20.520745850762154
76.73857021123801,12.32728348915552,7.961091993610319
132.93754411263768,10.53830524908459,20.63888520356127
156.67365406775392,11.898753290959199,23.7737000741779
119.23351721464121,10.389578463484643,9.203828493303037
54.06889463633591,13.918108946171717,1.0811213249756235
260.4563472279711,18.024017844513242,27.983373740632036
81.86403056722675,13.412444497577207,10.355395148868915
110.87648034684925,14.441834068783665,3.1944528985411913
178.48962734406254,16.75586773567439,14.755706141794422
192.76089457526638,15.088940700698801,23.054033869924016
142.18598797000152,18.61445686021324,6.649419438526775
210.15838254767672,18.660356750457566,8.0847015040009
114.05486381046694,10.099106954911537,7.281449603957495
205.89806069640483,17.78046306483199,29.750191584950343
148.90378544153097,14.607336002416739,5.922112011916276
62.20689073153531,19.88840541303663,17.26560650898372
159.01337875257988,14.832320758754351,27.75793924970893
196.1398571361176,19.868959453882976,4.406897066333377
103.40512150630607,17.545693612057367,29.125625936031007
161.0595877800444,12.486048846133063,28.42431703186874
200.7935696423791,15.383949792869577,26.537159611747878
146.19915102965,19.92135639478583,6.436695639900067
170.93843592728356,18.575306077519237,19.0216516803295
172.90096193436113,10.973668937912212,22.826744188837203
117.03082704823248,17.06371996809996,29.58083784589289
60.65278346676065,13.45579585870813,5.412714662441113
196.1066540143795,10.069822618803482,22.980776985578892
170.0175472262028,14.034809690269995,10.16403509781339
119.87713824685316,12.347544217249713,5.26879396704007
149.36880814351602,18.188692705204716,12.641308236415648
207.5427142409173,13.373306088457655,23.815077364458492
195.66870586793664,18.27523693953817,13.945494111121565
91.23952481809356,10.005979388347953,16.125693006091456
83.16407671374448,13.078191500261191,29.854782306003635
157.9420794512008,12.41165214307762,11.97327898672278
182.86887206019264,12.33567361068611,18.462022641277194
158.06969821900108,10.681866197654626,10.957326048461155
205.38705458888364,11.871242704105017,11.783569389861148
212.40159258843033,15.555495698856198,20.869222603362243
143.00381482367249,12.913610728377446,28.136609282846504
165.99389773294058,14.17394782329148,16.270768514769642
185.24419248256564,13.768668803471884,23.051997868463395
183.28224584583154,18.759049249998945,2.676196764508915
162.17623650939566,19.052989990105154,6.334741122957809
98.12366178750074,14.9295697165586,15.063949227585972
154.18593218962965,13.301559503156044,0.6003517088632437
120.32425335702892,11.068007040023636,7.585649362876764
166.7275462524025,19.53402879382095,15.522038694748984
132.13908113741383,10.602269449002975,0.44883594768902135
135.9504683754427,12.976502775682805,7.936388586781251
90.4527468654094,12.98066201170004,15.420924584276085
194.66264495931586,13.204012861402148,17.19447743943737
133.36419754882928,11.642868432724093,27.772550791659164
106.1480506004652,17.831614309236972,19.360368697518236
126.48951434348353,11.224978619659892,12.442074075899813
179.32344364978687,16.349066591531628,27.910535313992035
175.97085657284688,11.238460267058175,23.54648950163383
152.1679876968051,10.705356375929565,6.000267633382428
255.69476297961126,19.094295036858764,3.9252708404645933
90.43633761249718,11.901287663187057,20.27434907228199
90.5366020507434,18.212501545597043,16.796494967309513
171.0031454248001,15.446308711071358,23.69020841378267
122.15483211340359,10.778565196087696,22.164151502360593
216.22371040253446,19.554481914380673,18.756346015725452
187.967709704787,12.469611669918926,29.591465148866767
227.09610423663776,18.596453453526067,16.00769190331226
108.46827504071842,11.688100057845642,3.393172695051595
157.96676383356098,18.53942882141853,24.84820694447965
106.63581078987393,10.13228812905294,7.555600870371269
121.51593921094054,15.117804565694806,23.319064444317547
188.74376313523362,17.69442579421557,28.713212880001542
164.7159388958567,19.347955174927833,20.903865418930238
159.7259013158803,19.09202136206487,17.88090482849403
121.03883984113516,18.19624869547645,13.811585270251218
86.53566575250093,18.88191349661304,10.932295979862097
145.45692252554656,11.992196858370765,10.590142529155088
134.94751083898984,12.841842957117288,19.09118117128772
70.0821786868675,12.889685249210585,22.538193508132377
123.75650154309912,13.770539310016987,20.35551208453243
101.38739788031316,13.933206703851887,5.952303035806882
145.68062868523876,15.445553246546755,14.819615404304736
102.83485808193653,11.598797633664415,23.74920216549189
157.33308090504605,16.912466637859893,14.271122345671687
136.28410736869654,11.675665393045065,16.098698392064815
194.4993391323461,13.103084821045476,23.134081445124664
208.89881347971104,15.03345130606154,19.837959187952745
139.04823562892173,17.964405615234774,12.280347626471778
178.09993015313896,17.394692332387272,26.86238133582657
164.7732295685874,16.455343564105224,4.877012059904358
152.98034766609658,11.557732605801702,29.865493457709743
143.36995530892747,15.470453456155777,3.5655773542871163
102.28519909138967,10.874465017998855,0.44849913312716705
145.39973480251356,13.773631767966508,26.700567034462942
191.6183237275805,14.135165302899592,7.348605250978682
93.82997649420439,10.398114394457538,21.890988823401628
132.18750881459312,12.739880994699718,24.33046124796208
127.23408858505996,19.556494672664893,25.769591730963505
155.43815190298875,19.536326078296895,29.747827069925002
94.91542695877013,13.523270542525394,8.821191301199972
142.82892819620506,10.43100108948324,21.307300257817772
132.75762588717672,11.790949393281815,3.4619957484248465
168.59478593828968,13.922177934335402,12.204278740705481
154.88706416175782,19.477796979692297,25.43915079937771
189.82133656578296,11.411990635371849,11.02974138177325
173.47400593904294,17.635158436682122,17.73286141606842
113.21059292255677,11.08682539374692,15.113203311739023
215.0817012518758,19.81257577391277,19.37854593336135
183.37638078035872,13.81616499109135,29.186831681630846
179.70331879911927,17.75234538899056,1.6720657950420637
97.9907417867164,13.425910828111318,17.21884552504889
163.8325428824121,16.276688771588088,25.89086337750854
180.7661287723326,11.920160847400368,14.441481352452826
104.52159395015927,11.460210192969626,2.3558155782471846
175.82281046477672,19.380641395681312,16.816180572503125
212.2352714484135,19.176472779044335,9.962216724714613
189.85076114918107,18.874689402128823,4.648253560138077
122.37127884889303,16.254334501665934,25.471035398504192
180.11176502818876,18.082682112162782,15.647985389733648
96.70010102902586,10.69036936911375,27.998292371372
186.38254239400501,13.347890418906792,24.180495138092073
171.78007252448512,13.137031247571562,20.78915381321002
63.66193516529965,16.35645321952613,0.15076510095935802
165.32623352155431,13.559577734706405,12.834703699147498
106.68327947001026,11.485067816436809,5.924588449560969
106.16564905014866,15.964670754135437,27.323937331466034
148.4241051337619,18.143839206690814,5.237519540290808
88.90381731306982,13.821234944599732,8.581801549778564
120.6087530619144,11.322687150984818,15.505103032034974
123.85686351472064,11.966881973128231,7.900908569942377
176.45568932770468,12.37483305169384,6.295940318373635
208.91322365918097,12.998975929945363,17.972979753082573
129.15724992508095,16.42795070506309,2.6678856826507156
67.05205057610611,16.00945484537719,1.7450327616277417
232.69513536263858,16.96079861567039,11.167358855582142
161.48944049234476,13.625019845315132,21.61993363523587
83.63878610159568,18.239976518799782,16.64420274821844
195.55749063826372,12.040876611557604,12.686294054003366
92.81076128254037,14.690407475181539,16.972546926737472
174.18536628552212,18.009387215414304,10.963544539598209
155.31116002015318,11.801586477326193,28.084390062963386
91.3810665188685,11.09863113740783,1.6471467273232299
232.79384152226316,18.836839676879897,20.201744370895057
147.89977882309154,13.42929662759196,26.738479944832516
87.06840414777255,16.83870124909032,24.116541262057602
158.69630509711436,10.253486042639384,5.521231044643402
213.97435992250863,16.900468884094497,8.877790469408652
186.19499370368447,13.161013115469705,21.511438161213142
119.51135831988812,10.557408535874417,2.528116775422966
87.99051776421463,16.09812761548117,24.355850994977523
196.05974947218257,12.408038160731733,21.56720833814371
78.70636902637588,13.8680724205188,21.888199477060276
44.50433240198576,10.805808122865136,3.007241108027742
139.40289108582812,11.471632510949453,21.532816344486925
106.24764068917676,12.979772354958438,20.3945437565991
80.11499612887641,10.897595005601572,24.927674724655517
134.2883927581236,19.108262646863153,1.247878687694085
59.71329179977235,10.060470431839784,0.6933200540337658
85.44864170128314,14.838602188643113,11.190212996356822
63.20174015699844,11.232474581325514,4.463648515474587
86.6821569143603,13.076790894779485,16.751534327106658
209.5317564047396,19.260595598182654,27.520467045202466
168.2276403393988,11.61694553273987,11.744391910020472
149.90832648368288,19.658323197183325,25.348511318178126
107.35494098794597,12.057943769894218,0.007226235535994219
70.58533839831226,17.415661084668297,5.055439303775526
65.19393759101423,15.466772648973118,0.9127061896225686
110.54608172056076,18.84478727596759,9.844415415452058
155.81264619417308,15.53993255503131,27.245687870895086
198.7348837348354,15.345592191563087,2.9085637079696323
139.71883144125223,11.954580003683999,18.19229330231401
119.82520676104966,11.662293620516587,13.544878173583326
105.92538163066233,19.16489151115514,28.154046370974374
168.8897349227743,13.27838198850034,3.6755742761128154
117.29679874889369,13.72082254962896,6.360835515066868
157.9577773536699,17.598236584283885,0.8862590583447982
139.68627093198165,13.388234824228073,13.018057488941214
219.71849146685196,19.52062446639003,8.33498698693963
269.46948595139355,17.379277689988005,26.097178016709627
218.6937486008609,15.9742924257342,18.14822439593265
172.21204822200858,18.808951605447525,18.422722139271052
162.325969220745,10.496059083494828,15.957320906439072
102.53769665867327,12.570626921892087,2.75551011687603
198.20405173098683,14.650363342209099,13.350560511760657
137.7615320335834,12.26978539471521,29.985155691255496
114.17075842234676,17.43905187302152,25.056878725380443
151.0731339239749,19.19208031053725,26.80377162501348
108.09221737983941,14.237701199309234,24.696790777394984
132.14846302297332,13.421326001118949,3.0912508029294807
174.50838838234262,19.615507321375663,6.823447621943989
100.1021933080507,14.448524328275408,0.09364954069228881
67.83804444890472,14.890484004492832,9.105303746343344
221.3520843947452,13.516498723419053,3.258222070394777
205.6877406424126,19.095484730121385,14.18380035904749
201.37419082133616,15.689554832818507,20.313824657217058
145.97117951741708,17.621745871816447,26.235158851142312
214.99815200914395,18.118067183508863,22.476514952726944
138.2451336929713,13.418490419172581,28.157567873355156
77.90334257744776,14.3369433132038,1.6169487118136638
73.71550810856492,18.484717744062646,0.3653950624962432
133.6588986716406,13.632553516758103,19.84014341508638
81.24971092291503,17.939351334518513,8.680572306667386
209.14467155639142,19.40992322574437,7.605030483173194
56.29688342161275,16.23210373068007,9.926612630813828
119.18772719102351,17.41627287451889,8.093881736770925
169.2037998294257,18.05097312041135,15.343092189047617
124.17305862722893,18.450396488966426,13.204453416723975
160.84402906243153,13.95053337856796,15.37285654129969
93.10736307026214,10.512634591759982,20.181408345013086
182.4418401430253,14.018762712367396,11.613915269134448
116.92055572650573,16.7375622978409,7.539230614264704
163.1982653554521,14.503503857807928,4.986016104262364
190.0212969219415,17.489631508603985,10.484223585978766
232.39750504246365,13.569824294686638,22.254194257385162
225.86357179752233,16.347441411040297,22.701147303344086
145.10228820625494,11.864198048539746,20.00716160052631
122.71300995750326,17.49369436644957,7.020845259206237
141.52624804582564,15.456959688130258,17.642587375640932
195.6448600783488,12.040643885466006,17.12068984730544
184.74282460636834,12.919111734978072,14.527985943291764
84.37250367190701,17.486087085818323,16.499369591515926
131.8210762370015,14.826012356615207,14.753718978710042
174.4966759136226,12.160314403930721,16.963690982223245
163.99406951924584,19.672711903702975,21.465178638633862
137.06612936391988,17.151250198168878,3.288845832103192
169.06255432608157,19.571348325397963,22.48877256447071
147.54601984655235,14.271050453603433,4.076584503827826
179.88511161605945,14.751003406917205,1.998839952311241
169.94579714519,18.97955216185019,29.282390586644027
124.50160357262024,15.250493402453847,28.709753066113244
72.87581328531716,17.072789119056672,1.8130963482169216
87.66519377464934,12.5217287749553,13.297603244248865
143.18715021918842,14.467264687026406,5.587348148993242
137.73387387260502,11.23449865810355,14.560346914032543
97.30468454634628,12.059800358769618,24.90531728998762
174.92862034245059,10.009434152676311,28.518353242286707
144.75575509524785,10.392650516486603,19.027579603546123
141.7317134310102,19.772838231769292,10.61717001635451
133.42612459672003,12.423536951367623,18.099766969337953
246.42992905118965,16.63310709504002,9.36003918325351
134.59922645274276,18.390996987996115,27.29470922496181
205.3531606756361,15.506604592365642,26.11201389317511
144.28104222779942,11.531445000839561,16.74695250838983
209.04859727792612,17.281164373361662,9.743967461410817
169.47440055322917,16.002514100995832,8.80169026748935
157.8846869825369,17.31250589347375,1.0025398411517839
219.23645791257616,17.69746622857087,24.474625530758857
230.76975637906872,19.75410367684745,13.511496391170239
179.23374966849232,15.7356328002671,9.753987852007933
79.75639762826306,13.416411126906018,14.133310649932616
154.87689820529,16.48464556900237,24.56213971363956
129.2156118994583,10.68440709242626,3.7384262312256356
185.3855506390052,18.973973183215865,25.72967964725482
80.21778403772893,11.193810113381968,26.92526505325062
83.93003492783652,13.278428378858182,28.401237451016645
211.46154343976622,18.15745380626121,11.924639772678834
104.18071826938149,15.973123783307118,6.514212121130156
