score,treat,outcome,pre_outcome,education,income,age,experience,cov_06,cov_07,true_cate
55.960569836134795,1,57.046033014694096,-0.6751782749743815,9.409519185105198,20805.222603589635,34.669747362804394,6.6075263475638915,1.1748140575856918,-0.2242409555481863,4.792752532270407
48.340828385945784,0,52.02788439439566,-0.14451867071551783,11.906389533182749,26490.317904821146,29.963497396244037,8.472502684731735,-1.8789809447538273,-0.21083471865458023,5.173462345339159
57.77226245720831,1,57.82419520414102,-0.7924199209999613,12.05405061613334,22673.90331000171,33.27625042546338,7.013094694774286,-0.3277950558774631,2.2354274347569607,4.367172166819743
68.2763582768963,1,59.5898291423969,-0.3079615296390403,13.417891037530216,27611.899238640894,42.147317275176995,10.552090234730597,-0.04166002338133474,0.8093109039313008,6.152109514279095
47.19015950331997,0,49.56643867047338,-1.8936146669537857,7.899424910157521,32627.959222331996,47.77856655030514,15.985892657309563,0.01590865839963108,2.480650917512143,3.5770335729784626
47.19035651660983,0,54.00824857396788,0.21329370737293857,13.777701821541992,55192.21795031292,40.70487330863573,6.1447892142939775,0.1804960560780812,-0.4969631329205013,7.806392535647262
68.9505537860887,1,54.93425932617877,0.0012054753622242368,3.886825105191674,30928.101419234106,36.0172320847177,15.00410248884207,0.6104398198094931,-0.08496659688814741,5.399843843036873
59.20921674983491,1,54.36211886514527,-0.8170886310681906,10.110346342908569,16435.306688456447,49.98011770304427,6.091639638265562,-0.03540743904535086,-1.3321257652766474,3.9763557476387397
44.366307368780575,0,53.55173818406652,0.6592456684324051,10.535178472645367,64217.68527061048,31.871635269484777,5.761863937515579,-0.3680582821436807,-0.8095668020895723,6.253425108486333
56.51072052303158,1,66.53396706371758,0.9375701376265584,13.899980478213715,23895.726949054035,45.30919338366907,14.092973091716066,-0.4075893446596956,1.901913148662501,8.111013083225906
44.43898768625046,0,51.4789128687776,-1.6075598643689741,12.067892558030607,35264.772076179215,32.11937201648721,14.609681890038082,-0.6115158020383546,-0.5220342898417564,4.446132817660726
44.411242957156915,0,52.965897960737976,-0.7627247785662142,7.78331083843114,45400.03947263473,39.31022958010893,14.257049683813271,0.7875433243268652,1.9192813001444593,4.600133230409706
52.90354725879241,1,58.07651863882227,-0.7691423497872982,9.045020622548954,40127.020295218404,33.86437435209549,3.4210129589092944,-0.6465284794765146,-1.2433622606798904,4.275666964647774
27.040637064106427,0,49.948911452693885,-0.9399031011088647,12.596040028642221,62761.03974812077,34.44147817347189,7.670245109639746,0.8467711090082444,-1.0534690340732769,4.877219911899149
29.300986009843605,0,53.870108087039334,0.8294748419317485,11.76279797440633,46143.04718476971,31.2261348253779,14.114942960016606,0.018999082259871004,-0.3412312210234211,6.702801183497972
43.25254964910833,0,51.73684361974183,-0.19382613877280352,10.26262767109276,23608.101361842473,48.448540311806944,10.207709202819473,-0.5212548068561296,-0.06374992167917787,4.646042004849901
37.84602655598691,0,51.023255326665726,-0.26451484131061076,10.557498631464062,107934.63452481366,27.67073961891465,4.631535769012679,0.6184072157441348,0.9230872924501295,4.646918056747107
53.77096799114329,1,53.383750583703346,-2.0038623644067535,14.088503991477868,40021.28560437526,27.597677474512917,12.29158969562721,-0.7274539247231182,0.4507704171862659,5.738617779521013
39.10371109374547,0,53.83797672249817,0.6354180302092264,10.446922281392355,33736.30670423772,56.209935658451094,6.425963705042648,0.6381840407282129,-0.41631525734402774,5.588828513793611
33.05235558397651,0,48.26647047929905,-1.2392583948534726,11.73572626791278,58803.856091730064,44.77847564654331,18.97262424196106,0.21272612119178486,-0.13331580651810626,4.0509807067929735
67.58778522705865,1,67.6622820238265,0.05993263026632825,18.50980976424163,41139.56020579848,11.148863013069636,17.72420731209129,-0.5963246890919207,-0.3190629197847001,11.161342394969918
47.29068439416157,0,55.9116299367734,0.2773769379581917,7.728952089348231,44338.741351558165,29.347412607895965,13.020487131777836,0.5286348153345591,-0.9146537353257298,6.253125643141957
50.81033845625509,1,60.10446680077524,1.360658595838651,6.444471805276024,126259.17266874867,16.880106624379458,16.80503352384887,0.5465897256886387,-0.8879629366016216,6.173308789198445
32.90302176543852,0,51.12490199679454,-1.308820399119112,14.350768994395821,31648.286461587228,25.493093065847447,10.323956750616906,1.1575196058099577,1.0278838914334096,6.142521562991312
43.467407305697805,0,47.98353987719246,-3.0195121558208253,9.96407081611769,30980.695168652714,3.6148533376596035,13.82718747187508,0.9661470124092959,-1.82816492792714,2.8512551635699457
51.33107107651839,1,59.73666839852557,0.18384954475369486,11.045287416772139,38495.21612285736,33.63010422306058,17.388601476510374,0.49127402072628285,1.6173586974450547,5.568392592211761
36.188077070932366,0,56.24611175816377,1.8005111815108537,9.656530865606658,62053.85821258453,23.580581808386885,11.227493408971563,-1.1275909512087632,-0.342994225602232,6.5083672729286866
54.508376220148065,1,62.194071853617906,1.2389463529394373,11.220599577697463,17098.277132077714,35.599052567964385,8.724064142428581,2.448586988174057,-0.7725086063921601,6.668184113954515
42.79233572097434,0,54.74980295489283,0.20965941527462578,16.795614336289024,13591.801434698873,18.748787411174753,1.476890209114421,-1.4036162110718102,0.7397592906972692,10.207323025662749
46.49967500248068,0,51.7236112083345,-0.49163618563204736,14.406385375854358,27077.065706919675,35.8291185317204,9.58433237139253,0.949263174282309,1.4852165841471172,7.5129453184521235
42.77952065324724,0,56.89828989996938,0.8071225966373103,14.586670535660932,16043.170443651024,30.850837218796727,14.117115922811557,0.43128381688629847,1.1176324416039574,9.222896442413642
72.22733821410725,1,52.33994787689187,-0.9735461997044687,7.751318832622063,29365.750528499724,50.01952965188596,14.728167137838149,-1.1741423724811146,0.5018520493598908,3.4625152007299667
49.83803330314479,0,54.965211348545395,0.47635776935621926,8.546538790341392,46688.345340373926,49.11356861745625,12.52182532859205,-0.12430093887849918,1.0868634897218359,5.399906293283324
37.3074688525292,0,49.31559539030496,0.5054701591666269,3.4827640215437192,23263.143618850117,42.85345603010283,7.293504525188801,-0.07875288624464047,-1.716497577143866,6.185381166281395
59.870538945238266,1,63.44347721861372,1.0602099074988798,9.571857536751738,17793.46815960553,31.733862193387875,0.11589215526204732,1.3055827158105235,-0.5218305414881482,6.514062284213552
35.34987620034774,0,58.71712046626836,2.7596600389110777,14.870109559156976,37596.58801045515,54.85380395260293,7.523924509976324,-0.7133109002802115,-0.9111700600248446,10.20497200997207
52.50636314005706,1,60.132925614591045,0.39241596717876703,13.550839547245113,55897.32151306247,19.469647221601793,8.478275644730243,-0.2619450064243539,1.2246387312151752,7.005326691256751
26.483958513442694,0,52.075856705219685,-0.5089636257074988,11.335460211143628,15560.84777871944,20.964413704363373,8.435355164049929,-2.336069605021263,-0.3834780189238867,4.180081161115374
34.06176741321883,0,54.125020793544365,-0.025574312191994436,11.93309914884584,54727.20419018502,34.162169001109355,13.092781784889622,1.7347627931235772,0.8454065567820555,5.317576678567187
52.36233483042948,1,52.04757840443609,-1.7690759048891183,9.933343372273782,54647.19151382085,57.540381089211195,19.9283820550742,-1.0704682430200712,0.5358569424886379,3.144728433166014
58.86159895994493,1,59.14929442306733,-0.6947131310890582,12.614276647205353,58515.242280071325,32.97661093129913,10.617646009205465,0.3269108642391749,-0.862306936163681,5.230441920068195
52.05641937427965,1,57.55161831237523,-0.409282438113104,14.297634838441844,66785.42235132089,33.16754756790718,8.916341054217693,-0.10140782972186395,-0.5869582099762845,7.4056985103589215
48.612220611341115,0,49.04724169140855,-0.5240883979345925,7.1523396377685815,109207.71198033284,20.580896438881908,8.703890934979537,-0.09800096678333993,1.2938176908147259,3.955191763347295
46.386755652928535,0,55.93234384147058,0.152354872033722,12.898943063512045,30392.585988422117,44.45929585270378,10.62192383453857,0.809861984870875,-0.7754826486844134,6.212453682812633
32.25773611559087,0,51.571734413577474,-0.8224199323822006,14.797304612864002,38360.58541802107,44.53176254329354,5.858531198258005,1.6712624603036346,0.12486761019547897,6.926601675214755
41.3618694992635,0,52.24324455987182,1.1210306673244714,10.754699133109892,29489.24157315378,42.8907520139991,10.600992793730276,0.25149366994199174,-0.782541286326445,6.576905912833278
44.47233474848255,0,52.90636214750606,0.00020706491819709385,14.10210183636175,36351.41547533901,28.707793271526377,12.254061681659,0.6550780176305259,-0.3139521869158607,7.241122786482486
62.68546671462699,1,68.80948131711536,-0.009300321138614417,20.44396333341766,78154.01247784426,27.93293231626994,11.048430317872441,0.32889153672704086,-0.0461619439699719,13.445720332423553
54.12341947482154,1,57.400786764008224,-0.32789471651291785,11.686971621039325,18536.420622246944,22.068777495950297,12.287709670023906,1.0175314239306263,-0.7828665102974913,4.593256334190578
28.843518135647194,0,52.650407143793636,0.15519068385897913,13.179921150015971,23611.169522872256,35.838725017609335,12.168738046742677,-0.46291637948632713,-0.9604469539838816,6.603755245004901
53.88900763273754,1,61.38040594452449,0.8250982646676347,9.785828749015826,72300.79965004433,24.195926707214984,1.140516588767781,1.075390554416414,0.2862733367774424,6.331612815440349
45.3790126350042,0,51.69361716925139,-0.8671302157109003,12.543753487806152,60476.99074717164,23.225834947507114,13.184350791977016,1.110499865647384,-0.8447374087911762,4.462694756096255
41.8769359963285,0,54.33146716670551,-0.6581164890752567,13.380814874946912,30285.79823760729,30.763092830893243,6.644925771687732,1.0825370086829098,-0.8106575556986726,5.619799168109988
57.34011546609042,1,59.605342161278124,-0.30372602877666466,12.584527020810414,55670.240460560104,30.10843824815784,4.520804184980211,-0.660147867336476,-0.9390531437019707,5.4336074397043035
62.371994269951415,1,55.42712425895516,-1.345870923473215,8.94091404087343,43071.1173880261,29.62021471178045,4.477740860725019,-0.16833763423719086,-0.07790804633131841,4.131484763351609
61.175361429394385,1,59.35118310203335,-0.8192578597214978,12.619085313976353,76890.47644838263,39.66444596840261,12.167708052362647,0.23946698878043493,0.9437016343998412,4.897469469971938
39.929389721328334,0,52.8768509581786,-0.47622087354465903,16.38658781615291,37693.946751111434,35.79047802150279,8.887125363875736,-1.3708420448290057,1.5065286363122667,9.22265646029503
46.28945148978543,0,53.674206958940076,0.8743891807127275,13.345907293543583,60646.430401562095,32.11843969488882,1.590156080072946,1.5949202080860148,-0.7259180859937786,8.00865199633693
53.97516117684277,1,65.71407525568927,0.26256132900192497,14.885961567215523,136081.05165433086,36.83012928311482,12.390189075961416,-0.012276533502175885,2.150310793331211,8.713950581730249
61.70654152546831,1,59.77402770395559,0.19358991136754436,11.288964089962118,48974.23279848008,25.084729588953678,2.801959346005863,0.2839278876047216,-1.0047048607067959,5.21106895579628
44.24990914585652,0,55.8982284089585,0.8508979621679722,14.249700718271132,37222.3282843574,36.05278623909678,10.699106792591055,-0.577004439727203,1.0835485233278697,8.76549463076405
47.772092280034194,0,52.51520720930243,-0.13737178839939665,12.837803514649577,52115.80249572634,36.50602492844634,11.19249462836527,-1.3268775593670228,-0.7216964540154426,6.404723827833969
36.72398031192766,0,51.93602605908029,0.3904648499288896,9.147267810938304,30253.270426807412,19.969531406425194,14.427885408475223,-0.604029885474771,-0.8709232698700103,5.717824819028894
35.64552051103195,0,54.23258493216186,-0.10322175293249623,12.955563014396624,119848.51541524025,44.95693754370362,18.90842393233426,0.21920418763358843,-0.7447561567843887,5.506435230180263
59.750309868730376,1,60.98795735833415,0.26536234939962844,9.024910009679068,39736.90050985178,26.185662947730044,3.176618370497292,0.6734288127536935,-0.052447699649119134,5.785260465988243
66.27488034284988,1,58.61332809842147,-0.5827586576115821,10.101359175345625,31682.930344134853,35.903097992064346,9.737630719684752,0.16179154060272016,0.5799721710336103,4.758958535278461
49.13587854103599,0,50.03899749523029,-2.438817158276429,12.567984921877123,23912.473307482884,46.6441174053527,8.618323524778914,0.3467240162419504,0.669868037904822,4.283121950347913
62.04239477470429,1,60.787569418181235,-0.13427916218630415,12.891732820140373,62856.5293093086,44.256767577138696,12.168748429804811,-0.33702637468137664,-0.9439850153478883,5.7329438518868825
54.33963230057161,1,62.27046708050285,1.42274813609994,8.432302604768612,56027.2638896382,35.34333388568835,11.078343854668093,0.4962485662454281,-0.9896592875112686,6.481014316726572
42.25856294473851,0,55.75087661930323,0.9262154022415924,15.161957313548628,28319.97922687123,31.375009971179313,8.2372687863169,1.482832866385907,-0.9166386933635471,10.05612304526474
54.336747266100964,1,65.86409598445111,0.9653974845911707,13.71601883490142,48446.99886944248,44.47511908575567,7.795489056945723,0.7047894424389869,-0.11135440238551125,7.786172226580964
68.45643879759163,1,62.08554813496255,1.2361307218062179,9.885814693167347,17081.00003852638,41.7469497780862,4.417745724079762,0.8095418882529403,-0.21015560419087462,6.285301649255978
49.57008753068058,0,52.92696206247376,0.08865759096143744,7.387245610652474,39834.36605978466,28.8163497995587,14.939307912032547,0.29401639930663104,-0.950175462069795,5.1949363499026155
68.77572386976807,1,59.238470081366565,0.1973157074055956,11.565286262755706,45541.449853673825,27.051063529983097,12.296020907997647,-1.5031550695996019,0.26960369406324414,5.641486091171618
18.56305875092307,0,49.402551248926734,-0.6176518954343502,10.66216885841652,85277.41310283775,14.276448183040017,14.588840988975686,-1.0446665306312433,2.262568808335318,3.820449772774667
59.86283005250269,1,58.73378459869296,-0.31607285602704976,12.339421371159068,24700.79229039047,36.54031841683587,8.448019317622432,0.4548758006638433,-0.5047154618351514,5.525194248560039
51.044564818858056,1,59.80372460870265,0.6157711497711416,10.9106500165333,19164.668597549207,34.17302254981601,6.715822656527848,-0.010939051960085844,-0.43351182120353343,6.452666628348228
46.41191179440959,0,55.21843102760505,1.2038844371688162,5.9776294177649705,23208.781977404447,46.36191374642542,4.60842466685386,0.439842886472828,0.5596615703243687,6.192485109124701
51.101129318426025,1,56.220254840059674,-0.13944627568099954,10.834959185096524,18614.865293704894,38.590550934803666,11.794587918703298,1.6764234178440736,-0.5588162917367949,5.215654547288955
26.149173024789285,0,51.380867356646775,-0.4501892648514116,11.08314266679506,70850.59753446288,48.342291941726906,4.801033877358827,0.7260359992293337,0.6689644817181823,4.175251994123744
47.36393734594986,0,54.238309852570616,0.0005279588565972928,13.900983074322177,78772.53287547163,28.02635772083829,19.24331534483275,1.2588862057428216,-0.7185427067790403,7.143856726937837
54.28535085814096,1,57.30876405839751,0.6012067489291149,9.90540097616685,42621.252335574216,46.381503309676184,3.4617870945327978,0.09468138947073004,1.8321196075773012,5.636662092261692
67.73472853689819,1,61.59017838229192,-1.4438548161335418,17.0360240201177,66879.48001563874,29.71083620895345,11.36830059606251,-0.8072156774844398,0.3447749725922945,9.141880112464186
43.78075738071623,0,47.359748774246974,-2.296180953137238,6.265078348044729,38831.1947229051,42.77596061792272,17.83427353606893,-0.05786615921434102,-0.6200229490767115,3.98420190805953
40.29807676528175,0,53.83697287724439,-0.5505368494915835,15.933502493407874,34628.91051415996,20.412416074693063,12.995448796319046,-0.8047518137191378,-0.588691699469274,7.863873083995589
43.97891547698556,0,50.349173035330416,-1.2207124259141586,11.327043087365686,30744.954869003326,37.351352993661884,10.878368562458897,1.558294956772448,-0.5137997527080349,4.469191928570895
60.98482541242489,1,61.46016374876773,-0.5081401976473109,14.578754617030668,31095.068122168115,15.1531205855409,5.157581765190522,0.7903910765354696,1.3727496662488734,6.538244181610837
53.94501331591621,1,58.94203431528809,-0.14778031881747153,12.239404452176199,16749.090241627717,32.32862514058245,3.0911540571614804,0.5205124966282796,-1.2687510076012833,5.532497337328424
43.64287755479553,0,53.42172641022925,-0.4532484090230134,15.418666608076407,41445.20124820962,39.40353993877913,13.85025054458793,1.2359432022281034,-0.6679416704595047,7.849528500636858
56.15920919736027,1,63.19766860293359,1.4524675344707454,10.837914106341566,35590.46503581339,29.79031448768904,17.53073620387473,-2.0200564145232254,-0.561660556925426,6.355918038741789
51.16493059217648,1,60.29165385413388,0.32674476460232005,8.704138724466564,52716.319896163855,24.495623712440327,7.805750047609143,0.5881379513426596,-0.01568796675693795,5.578176734879185
61.623739886394674,1,65.10319411435223,0.30047435961082836,16.261512861813188,38054.010107865215,43.461184692959336,4.304692461918245,-1.3106457843043726,-0.27110969264679446,10.05618154589019
41.575362873471775,0,53.59081704168902,0.6222071440434019,11.659558062353577,33478.14608334231,33.96537210153077,-2.2908471527450924,-0.0072556984656611655,-1.4912278313904628,6.189380285430268
46.06805424082678,0,50.32179436514777,-1.1388331177807691,12.664675420872632,23491.72440178347,30.104293529693283,5.096175781687312,-0.31170759246721447,-0.3998226835954676,5.164725619817869
45.29470216241411,0,56.05593883138865,1.0391117874202687,15.704255742134386,37649.56270467354,35.41895921154276,9.4317157875048,0.6617366120969479,-0.09955068318496844,10.976063484205497
32.43782062241458,0,53.78095412728446,-0.07576428653545988,8.904134273716696,52528.89170538938,61.36669141945589,17.99561620418367,0.22818728896095541,-0.6280978350797833,4.235832787587748
53.55344332477491,1,64.19837681171516,0.6704806172412126,13.786472692917773,20503.08218797841,46.53502849781544,13.365668461164843,1.3451171736117884,0.6867754890476648,7.68471362412392
53.13266326615867,1,53.70427973344187,-1.0718572330401555,10.230315730611327,37939.07554061382,46.6257366818784,11.525427023533766,-0.6018971609326136,0.9194084287536471,4.318900934784119
50.06136147970953,1,53.26531863351481,-1.5537587660160643,11.603491933066884,40803.43205153967,39.35546318992364,7.999401693494345,0.7091143896332839,-0.0783866997293929,3.7893909600244027
47.18495439949824,0,55.71922894128543,0.8178896580250287,12.216836896152866,25360.994122347434,36.66485272577147,7.0841714137202185,0.16222321689883193,0.2305415868507293,6.819607229554528
33.015551095395026,0,50.79363526026339,0.3764095260975166,7.499334415659192,27067.0350482483,11.03917711669584,17.028237987539818,-1.6352902700715526,-2.161055997349271,5.031493652188156
44.95225612681569,0,49.75454629786524,-0.9020515543575104,9.663488871538696,40753.84313906166,28.21019653536868,11.003692703791948,-0.9186164585230326,-0.4211027721618318,4.359567000168628
45.887425801678766,0,54.888450229967596,-0.8696630812746944,16.053218677239418,20605.009212101344,30.194255867975254,-0.5130034596051107,-0.1498780335221683,1.0048216917579127,8.645811098958362
40.372672769340575,0,55.2470118343131,1.1254347844147694,14.658573565754388,43259.05513048829,16.25107935952467,6.632301760513785,1.1122924498917277,-0.42343658317927757,8.673906624961838
48.06457146000789,0,52.500029391715316,-1.1894118928673278,11.812081268018295,23209.63592851895,23.425842097845663,5.708919841141866,0.4637230575571145,-0.7372616763919609,3.98999591250505
54.84861028177446,1,66.43554848330695,1.6426729532559634,12.729370375538679,61785.67660990007,15.191635290773661,7.268679954112676,-1.1675008238807143,2.277688926030931,7.2059761657482735
72.63423081452636,1,56.00307956499404,-0.9006207346478687,11.117272483090627,116881.26538123685,34.61676164302627,12.814553301425427,-0.14031622804715976,1.8190771901958052,4.43762088538972
52.09493375398207,1,65.29836646172248,0.638391925608383,16.069750157483945,23614.627283119033,43.18765970848816,9.462775591028754,2.01780644879303,0.4675749124821571,10.430854710397146
53.090604688673174,1,56.95077915709473,-0.3286184757489846,11.398942266617508,47434.44498340572,46.067745186243286,9.61567296498169,0.11122333484085803,1.1389106114800476,4.448001323895537
49.106649010805995,0,53.337423614615915,0.6031874310823431,12.695526276404545,25251.202253222116,39.14784462079241,16.567365806626185,-0.32732557507239574,-2.2259354179580777,6.925921878938182
26.9747454164115,0,52.57348721407417,-0.5441140021141926,15.438090432426195,61112.82878686741,25.36603658801431,6.517694551066558,0.4917396407562205,-0.7875514406287065,7.787333621699724
49.6818334946094,0,52.25039365844449,-0.1627929060722942,9.66788554546228,19290.553429505217,15.679348414800405,19.320997629436746,0.76339307958197,-0.46995787317315146,4.572005978838536
50.72276251929232,1,65.35408016791877,0.04091917539572113,16.67636755349068,46179.59806513114,17.431313005984983,6.64346204314457,-0.4561683474800591,-0.2359800988669462,9.692323401286053
79.55890534982343,1,57.57288946647989,-1.0021874557814727,7.408615770769869,23470.63904305948,22.310174227455015,10.445990983062856,0.502574774371437,-0.4899440209739625,3.781319194971471
47.69166842262653,0,57.65913750112857,0.7408243454201259,16.888926393338394,32745.070329742706,26.111403019643255,8.593982022986165,-0.32888949667080924,-2.5500262915163465,11.661633230499502
53.61856810800335,1,58.237615763190355,-0.5132135664715852,10.881973248144076,21687.41380834531,33.40251502008413,10.617095667504806,0.7193276018294383,0.3860246187085598,5.084662853171599
49.58345876353708,0,49.954471615002184,-0.22859991534001858,11.271903756524155,54785.19298644015,24.85835781873032,12.222959975365644,0.16969315797128373,0.5436541282806068,4.930261883374771
35.97586354856561,0,49.874149247300174,-0.9943493746085122,6.329969486451171,23897.038611652675,38.38975893668261,12.169176200444383,0.4819678270528922,1.6018987915899814,4.202145382651664
63.71387377418024,1,55.204411024224264,-2.5623336587953105,10.635615847866921,47857.45239402933,32.677264972005275,6.2344133468971,-0.7591835461675044,-0.7883092647749634,3.8687584076889756
59.02319639224129,1,53.27185644220789,-0.19102776260016902,8.880580406919346,30575.398251552713,35.10545711741025,4.385426612762147,-0.8212863840728593,-0.8701631577799022,5.0543618001906365
59.49238336451656,1,66.0749939345454,2.412615421612916,10.177060963879581,34295.30742749024,46.40250552671205,22.515858954528554,0.9454973046593947,-2.679984485964469,6.687951819466428
39.087350542463135,0,54.26095837157452,0.7846042878980238,11.588067102633362,39100.00812211118,23.1976826579963,7.580078301997235,-0.07939638138549375,-0.29356683659088617,5.738998240826274
66.8335317312332,1,62.38640640678892,-0.01926037973439464,14.873374843418716,24812.123516368025,39.18704578292368,13.496062193359933,0.2850347420993615,0.9011117810621716,8.39593063120485
33.17778724649263,0,53.621643596036584,-0.2628908292082677,12.622810054201878,40343.418768738964,34.86026771523927,1.9617934473840162,-0.30639542708651957,-0.6117678621927194,5.52099442021755
57.04228512560324,1,63.40585746760948,0.02246589281204638,12.923029960203342,78054.86705577871,31.66513719030305,8.601936400476616,0.898726774013644,2.143444818543648,6.567343586733225
76.28546750971975,1,62.11218372479215,0.54711911517521,8.713441833463314,24611.094275948704,43.8525632086596,9.364003080087786,-0.6078099800296577,-0.2565948357895235,5.926793475660122
38.11356409843174,0,49.29458596676915,-1.1808128153088449,9.35773773119181,65245.02464568849,43.79014154557007,12.364075349639162,-0.13560123990088283,0.1469922842885556,4.2047103435063375
43.204427244766734,0,55.692512531480034,1.114321694668872,17.396175055053938,76806.82763978021,25.53509204011572,-3.6122707049596947,0.7859928127031317,-1.3631030805815938,13.014969345283097
51.19581638105169,1,61.337433033197335,0.7153813154412441,9.79439689571026,24147.170906409505,33.17839416142076,10.830703065391653,1.172967699164266,0.28722034517527945,6.691619063864861
43.95829215060561,0,57.53462742437009,0.7181857257079345,16.968624756171888,17544.09486692769,37.812116825840654,4.251292723160535,-0.5237592910266834,-1.9793197948526953,11.969552134917132
31.392038827206406,0,52.747218800636404,0.4384757388097273,11.2708164033574,42233.98256790723,32.26993251977416,11.62172855597462,1.959683981955883,0.6936979550131449,6.1107159515401435
50.82275569767233,1,58.39409840775424,0.019616657693989903,12.006863808430513,27620.022417872726,40.850213322877984,4.818354015809185,0.3132416936936163,0.7244281762354122,5.147242652429689
37.252355435286745,0,59.5046692626625,0.6728612359668199,15.211095480689789,92438.75624602521,37.811920179102756,5.722586520372094,-1.0429282618087377,1.3592914243365102,9.44679168930653
55.68310916762218,1,66.79545770952723,0.591814133741378,15.81567726581597,36953.06120792773,53.32561240356013,8.63186194803366,0.36905204858996804,-1.0199687187676887,8.964992884978987
38.96690918919436,0,53.96572575091694,-0.3540407109410238,11.667562319162737,24316.254033346053,19.697208640702122,4.738352651984023,-0.3829992144834577,0.16056211829741926,4.083430408831907
68.59921286021047,1,55.57220766766105,-0.573601772896901,10.835270839435383,20463.953355957008,33.775640102526026,7.622327766323226,0.4340684871831768,0.5638165593865041,4.729298177701919
40.600960491965154,0,52.222649192512044,0.1018562952619867,11.832238654433361,62627.04418589748,25.91497488487809,4.033121157283423,-0.04285624766033802,0.44228163833030987,5.202195910185228
46.13526180553189,0,56.920987627857244,1.5490201514951873,13.013872584696355,27293.61341488467,41.04107455439044,0.8341477415063618,0.07427369019014479,-0.8652992751348513,7.6814881911572845
59.76220660843604,1,57.18547852669848,-1.2391070756539009,14.673911060609267,37120.119260444044,18.828281099544554,15.089785262146798,-0.9115933765861459,-2.39198188955614,6.2751153662294215
35.22962820279254,0,52.33083370006342,-1.46752526575244,12.012689576982455,58565.51801277688,38.46312710224887,3.519756535880358,0.99006123071636,0.34696029688448116,4.045016367243892
52.72951921524955,1,63.935661625655385,0.16476084123651674,13.856658894069461,28506.02718389353,28.69951568651659,9.106595561960082,-1.1561273671510321,-0.15249967830991942,7.1971978543130675
65.68571305138914,1,65.40472871130106,0.05088770185601806,16.915079196812822,35491.0412914987,27.65838133878986,13.764455407468924,-1.1087648954049951,-0.5666705929614403,10.244461902051798
30.71020118526527,0,56.00124994895362,0.1733416643704082,13.143928836794354,36015.90030576924,20.535017964593127,6.925279487419784,0.36736034914748666,0.7639453637154662,6.072947518031929
52.21560630238765,1,61.10993165221243,0.24395319790850026,12.934958568014334,51106.259089132785,30.34924053798994,5.87417050127231,1.6028442471779696,-0.044919538154433135,6.637135515951663
53.11859353098108,1,60.821191070696166,-0.22320225463480511,7.443267524729796,48794.46521849422,45.84500530290926,11.131190443337108,-0.3525930970644072,-1.3191950527677994,4.994601069914211
59.381874461327726,1,61.69872384485864,1.4898634386020821,4.10780958951281,32530.816998125185,34.7481131647052,15.589669113635761,0.7009723227039657,-1.9314522890962216,6.800531171946691
35.15659146946302,0,50.8698488983199,-1.6009039784765156,13.165127187690505,37489.81333844077,41.27680417874475,4.153423674567655,1.0733401768635453,-1.1289632651331654,5.457809660642299
34.154520642988686,0,53.165245336190495,-0.828497024780246,11.715527306157384,30155.13474349082,51.64641821966275,9.249260839912806,0.8146844372940691,2.3930122947667867,4.017019582438499
56.263298787402775,1,60.355420413149915,-0.10325476014904739,10.455651975255774,17347.328499413386,37.63755584822576,1.3375270251633626,-0.31120828917368143,0.722776773932773,5.195619376789415
53.56381607879823,1,55.94902805343124,-1.6431888111541673,12.730590612559034,41307.544123617685,29.412004279376593,8.03399498158905,-1.0910467171940745,0.18861234197501178,4.47193958882812
53.00591420415052,1,58.25749141129667,-0.17585440443207118,11.818788812409275,93535.4586624867,39.6725221518279,10.171023422690377,-2.207547565671355,-0.18166092718580473,5.124978345396267
54.15737851396371,1,70.09231349151082,1.6614701657280182,15.383340751901695,23345.054212975912,29.557038536857082,5.726876791224671,-0.26284049946239324,-0.24739293994743575,11.17530295879641
41.83970334105811,0,52.08698166726373,0.020886488295961788,12.258332604776934,24673.50180161773,29.955773167028305,7.715040830873843,1.1780873685621747,1.1671959833590948,5.572158545742236
52.78704436593204,1,59.09342758798042,0.23070090571868349,9.759230144789498,23497.189898105844,19.80107200381015,2.958866158462749,-1.124165984761934,-0.4905957419034316,5.336703936513427
53.516869679584175,1,57.56939994479383,-1.2601647651725802,14.970498716877866,52171.72129121051,44.262574910843924,10.385393056907468,0.7002098475187654,0.5769204106842927,7.086697674843411
41.427782983683585,0,49.07192590553319,-0.6163614080394775,11.348606775161393,45444.30217672111,31.139974243505606,15.278471244415748,-0.9501525300518722,-0.34842795029159407,4.450518951266497
72.38929413373708,1,60.908758923981125,-0.375196380323937,13.579610051016921,33547.953894594924,36.82098245815862,4.514280651147682,0.10607257638683824,1.9401566318350625,6.3901638164279015
55.68599505094145,1,59.47871796881252,-0.31771509675623405,10.567767881421599,22948.101050794012,24.640380713933606,6.886641167238086,0.7077916141550177,0.7422885075783037,4.766101209343932
35.70435803356821,0,56.252368257132346,1.2816437950037687,10.050519343507691,38032.19800347398,39.35947629715472,12.512731232270909,-0.6594954368384278,1.2455568146836256,6.725102949975726
57.878643303605955,1,61.18493922352157,0.5576910607251245,12.252504690557089,16608.81630934732,27.380587618649162,16.06045359661368,0.17048468069691408,-0.5844097746882387,6.122741973312311
38.30381995727214,0,53.4243054104421,-1.111457956937032,12.038485930631055,39015.46103821468,33.58291278298176,2.5340509389553434,-0.4150913367253287,1.0581361125674218,4.251193672110054
59.44501524490943,1,61.11158904151157,0.24650477843200488,13.4394811061005,56148.89008703469,43.77826031239126,9.156076312920254,0.7051486589381767,-0.31257742539469074,6.968076476841805
63.903146948088846,1,57.7826818375799,0.49822174849678513,11.194062740070773,19426.636750441485,42.907593122325295,11.415654111597625,0.2353171684846372,0.11003482393284925,5.609611163857696
40.151812179779476,0,50.46201293933671,1.1401490385212665,6.4909206486888085,16877.571031962936,34.7796992748306,9.48971804685576,0.05650767442926739,1.6350476706194583,6.874582398742111
61.56051355093186,1,61.16959165123519,1.5805406865683735,10.701678349234834,79994.96273390733,17.318689672932816,-2.383960334385435,1.5583499601419777,-1.0427750567564191,5.991767506674976
54.95337112323798,1,58.941125751289775,-1.0150941918278686,14.381455401431447,26745.46433152734,64.92810570060641,12.50545004654386,0.6623061423683021,0.20324773130540036,5.184271843460843
59.86472191993388,1,54.95964605604955,-0.8108575112103382,11.10787176227068,64085.53298485617,52.45858970273136,17.59668175545322,-0.6903518661262891,0.43800525851872685,3.707967478993404
72.76151579184737,1,56.53888747499366,-1.2575778589146163,11.260849792456355,33624.19470760296,42.226748248882984,10.583308755847517,-0.08586390079776185,0.5200043808008099,3.8462745027076584
47.05534260796556,0,56.34189134287562,-0.23401985910698136,14.95912951771781,33490.6840650552,27.467962184090293,4.844469733528683,-0.07589878507966075,-0.4507844930934654,8.20515907748405
40.95516602771012,0,51.78955370187843,0.4663583744463345,9.864080318223232,45216.00290576422,33.86407838298035,7.434363768178585,0.0803195726252119,2.0862641008080813,6.029358562292983
39.32582684449372,0,54.37018707667811,0.9873345165891019,7.371590345271301,23341.78944804451,29.56579570223483,18.849565338277966,2.524509276607495,-1.2949318853402603,6.277537049113699
40.21027658041474,0,53.622488383146326,-0.07595102364252276,11.518106641423516,38802.83429361039,47.638559390963884,14.549812704302793,0.37085189271099683,1.4588853886324693,4.937807364277865
49.07477948703075,0,51.18718038900833,-0.31984752325484395,10.54747814625379,30009.080332239846,37.62502890851834,13.200133091921646,-2.035902570104776,1.2150656055916387,4.869989852783513
54.09382369779973,1,60.575230906129974,0.15175799224874037,9.101261040740237,18765.085694853413,27.15836141640167,11.78206291767188,-0.5427989717169651,1.9008887896036848,5.3053290366528065
53.320289591960226,1,55.97849910836414,-0.835142901630023,11.473864632303927,42990.78362339665,30.29244900875218,6.694314439045138,-1.9323720874958086,-1.5882270987078202,4.472171625659207
59.92619898843229,1,65.89666594781488,2.0895387216947734,13.474516941740351,31835.780097896968,46.21188142569905,8.997144096721158,-0.3297982570458398,-0.8688314878897103,7.754552943851125
50.156022702534884,1,56.65385778790533,-1.6076610271180587,11.972134315296552,33573.34024029288,51.00097846820478,9.61038632160742,-1.9873102297264285,1.4919430591616407,3.102318584798785
67.4424089258878,1,62.25319811327137,0.18474057889572446,12.920943218058714,19829.371533388246,50.283315634862454,12.747871580322219,-0.871590471068428,-1.877039154630309,6.351163430217837
46.82411800114453,0,60.508421091708634,2.0236062192296393,17.44022309554627,80474.86542292836,42.57032065053978,17.544594471334516,-1.5207215296341199,-1.6064589010404138,14.876232910613231
82.64202999907542,1,62.395401442408954,0.006799844559997769,10.971363415327307,56294.78005337799,32.47375131197363,15.59169068396564,0.38416017796747753,-0.4883077867114918,5.425951831454236
57.50800817318007,1,57.92802788304788,-0.19003903500149447,12.83504590393401,58810.63248330829,2.584861746708796,2.903078221019797,0.0005393626288786419,0.19199378862226754,5.0579027724004915
39.71410932300461,0,53.78725423977067,-0.3574454228104272,10.472359912202597,31172.065891932856,37.97160023808222,11.119974844505244,0.3029623074987311,1.5922250736487749,5.043538477463552
37.14929002326665,0,51.08211621724374,-0.18039168176240783,9.460920840339082,15296.947156987573,34.981712411558995,13.683816725839485,-0.1045513885685264,-0.18526591493035816,5.426975664617551
55.78966898291822,1,61.949893321063826,1.3728484746765302,10.245277039746691,96419.01298100527,36.399820963213536,13.094301650723176,-1.3942977502044178,-0.6082391480645393,6.658064894648291
47.31844657608979,0,48.203315833313745,-2.211861911329507,10.563724285434935,35222.88336622897,35.53897347033207,6.853831183062903,0.5135213692547353,0.31138993769642714,4.107320268971964
58.568005929105105,1,63.74429706679701,1.5334337012963255,13.078427392641377,24974.238235986166,21.73737838050843,24.570546078841808,1.9222245602694528,0.46959648329440085,7.258598402374121
55.67885149488254,1,65.41334357126283,-1.423957152450145,19.047227360102273,44730.048792166475,40.574085568511855,3.6145771883444056,0.40921257860654675,0.4412398221702712,11.02991244440258
49.12605304811753,0,52.77937488400637,-0.2666523292344148,9.851869691172478,65092.22529819664,41.3221631403185,4.58405776666975,-0.425924599317566,-0.17798620795134507,4.960232560004037
39.838475383179144,0,51.12163553158205,-0.42924442029866183,10.750124083153612,35899.35910028506,41.823387820596594,11.167975406307882,-1.428067176105445,-1.9550861139181497,4.683947267567264
31.821833303769623,0,54.82314504266203,0.5885532697707198,11.810630960666256,68822.60864526509,44.46577003573387,20.584015274819265,-0.9080669707599653,-0.9176159891063321,6.079296959801108
44.641820575195744,0,50.07928763275155,-1.5981243518837476,13.187396546129241,62411.196494195974,41.040516449216234,5.819025746479146,0.45303965657205897,1.4202710852674623,5.235970570345626
60.27678553188167,1,61.33944758407179,0.46217266608194285,12.790652435864356,21201.122477258843,30.899705884610892,8.670858171765039,1.073118026799375,0.18706893797659985,6.556172800101532
52.56912492956245,1,70.94429236722189,2.0243096232868525,15.852287381844352,25928.679383402385,34.2916315208391,15.386468365078464,0.26086617472197593,-0.32252211910705675,11.938504832264437
35.051134655456146,0,48.63764639360483,-1.3631740045928105,4.720823788394375,58616.328590498706,35.911248672533766,9.910689225561333,0.7998872897059834,1.1181685483739747,4.106222619997109
52.078171110214186,1,58.660991806132245,0.18970616761039566,4.839210389412981,9355.257073193648,36.07699449106619,8.326980727348522,0.7076782440272429,-1.1301166323689484,6.141136324510716
54.62380855674604,1,55.58383373487251,-0.6619821777966091,10.512365483969552,33700.64155560333,44.982176559717296,12.8281645094336,0.5065343913859176,-0.2253481337130077,4.067771790816805
39.393710765586405,0,56.17969693061383,0.42588720619303577,15.291900562631126,17757.875722765857,41.43668753022491,11.362589951147966,-0.6584735952612559,0.13775840517403723,9.165967580764699
51.84470127134634,1,56.52489834507283,0.01914777741575206,7.303055905183211,28616.052033790198,55.77343439569953,15.152193928183957,0.17392351197515246,-0.44137750329462916,4.53704218173853
50.698504621352,1,52.29059325008657,-0.6414869090443096,2.977102980918728,31275.488524015618,57.06468979884672,16.457344445326818,-0.8483778038821382,0.10076282290159877,3.6279876757450547
36.284356426032524,0,52.20199138349003,0.487872284871074,13.713538218657625,30359.89615491121,35.79649582613925,11.535015300026808,0.01742895295810179,-0.18769393142176521,7.924808256240253
54.2934483241794,1,66.05007287764211,1.804348109786743,12.730971671108144,27553.073631883628,-3.3665554845936967,11.458663626891544,0.3308635310669119,-1.399343047785875,6.932645019028665
56.72941431641881,1,57.36571841526522,-0.19090379172729868,8.729374779601711,20982.16720400351,47.368324661272666,11.070554911430667,1.6787838073868548,0.18147788187905595,4.77365773472735
62.996614918103326,1,61.247257208261864,0.7197579421481819,9.04338119783721,114228.4458750229,29.596236610129456,12.445652783246437,-1.3097319743676321,-1.3283517915128675,6.128587680943404
62.645624624418836,1,56.827630968076576,-1.2932729578711637,9.090768841095976,92386.02504418457,26.98516078168993,10.275853189357319,0.4815076309913054,0.16561512509672222,4.485960626719894
33.46796758451491,0,50.24389806391955,-0.9564363768180087,12.331605952421821,20311.99931929093,31.01554725010633,9.996957588388552,1.4812365916235948,1.3741358241501094,4.656985453261169
38.74609952101853,0,51.35683491053578,0.47240627788037737,10.121054171450979,80102.18216160988,30.533569531853935,15.983135604136212,0.7588477658387964,-0.2810231972760544,5.949836220931655
56.18042320650392,1,65.87362848526867,1.484116028535965,13.482191756926559,29740.566098835734,41.12269810105393,17.580580901775214,0.8329454428250415,-1.1714831299709862,8.447046687470738
56.1654314109465,1,57.72691612551972,0.35561334878566,3.4361200112868264,38738.67510322268,19.405642208737746,2.462235276832896,0.5876949018678121,-0.12698781320498045,5.2146395258945795
56.18057223567257,1,57.05471382765861,-0.31305803052315434,9.429444404616602,35184.573759208506,24.222792542083983,10.050105758702845,1.2983344897754168,-0.8319711080785314,4.937241554776861
96.23277788785666,1,62.37500899866262,-0.0007085945766459172,8.621838117266849,26111.358216946028,38.431585541974165,6.556527832773826,-1.087478168112368,0.5945090026314696,5.267629491128773
56.850686128318,1,51.818805049090436,-1.2504077339697175,11.230977964882523,59392.67443902177,41.22944030413308,8.445142667569637,-1.3859266659702465,-0.14798874752285357,4.337042672731241
63.62678768216719,1,62.850809468244215,0.6045153263553668,10.385856724529585,38674.790762901124,41.41541644936012,12.012581048676607,-0.006334140465255962,1.7097632516645733,6.1645974572165745
61.448021161918426,1,66.86386560511366,0.8823330623234091,14.3935313396873,28616.086061362268,27.12963721066701,13.347191857712343,-2.16116210357171,1.1629895956773382,9.022008544918394
57.81669501566957,1,56.96304780450341,-0.45209033283308037,6.4219896850198275,18914.900526893827,25.2173435073376,9.439367781943275,1.2306458041780113,-0.15308050448140273,4.864640647329457
46.216769064315855,0,47.50784416219083,-0.4700421477595015,12.136474428992257,23230.06196322676,29.93365166212081,0.43329832638598553,1.2207151954954414,0.7156090679730908,4.632157701151416
59.10763064591921,1,64.80695606829507,0.2658782296520485,13.675009269635117,15983.463606909276,37.39872752284725,5.174772097119102,-0.4333505550845262,-0.3932364091628454,7.791482120899065
40.72609742554914,0,52.394196926148204,-0.4367197360405955,17.569942309685864,36538.13447145328,49.854773692725495,14.48249835100083,-0.37077059666050965,0.03395688516516826,9.503546184169588
47.15817671911989,0,52.13051626514515,-0.06613261462582246,10.554702086719574,19963.626143028945,14.525628142292497,-3.702132110174656,-0.07234747515067134,-0.36143419635031226,4.314455865286136
44.175637426050756,0,57.544349196367726,2.0997217891665154,12.973375813057551,31799.94196417724,32.79271243041634,15.93713575841,0.05202065043961975,0.7664559598497087,7.744281254370608
50.98248967263587,1,56.79174116560145,-0.24702570074599667,6.588411622312905,72045.34034413252,21.67321558974796,12.606149953222706,0.1271739191942854,1.432988276709578,4.649017544789814
77.77590280008211,1,57.32486545035058,-0.3583401520212222,4.824131387060929,66147.99018963754,18.477573226465104,16.58088040765011,0.5582321068783032,0.7986482071911434,4.246369134981811
27.592817688899025,0,53.28411504285711,-0.6475418056351592,14.5343231273451,35734.13069575663,44.66956645344817,9.007154065595198,-0.17262635300847812,0.9219366012853558,6.772441824119148
58.23512228449416,1,63.05783543441223,0.7441919714999368,11.983319119055789,34768.1715607625,40.446245744993384,-0.30702712011452427,0.943193303477794,0.9230334372357293,6.338919376353137
30.64740954572418,0,53.70997435798827,-0.181224173218103,15.535538069395269,92961.18084349809,39.49433515947262,12.15181320753249,0.4459477771253033,0.5512559223347099,8.78883437984126
44.3368176105268,0,51.4059161923971,-0.649373038321426,7.879791333090752,47116.47752782357,44.210258397309936,16.373265620191706,-0.6069634458726355,-1.1392861592102679,4.43110745850379
63.067407163608394,1,64.19826945416479,1.321304032273012,13.559706418586257,30825.476004225107,30.20281103233864,14.623609027567106,1.3351126678040974,1.7009715194164998,8.470509679595839
50.77136022914555,1,71.40681544360528,1.4196030045136372,17.606453521631558,17800.66226416057,30.673624836664718,6.686542582559823,-1.358256986122487,1.804410826698425,14.373645576859792
37.06706266484832,0,53.47343138479879,-0.6004235657387051,13.259116825071798,44220.18371993035,56.857306167225744,10.433805377313234,-0.09216581082147648,-0.2338796033133684,5.0405660420949046
41.416355488880384,0,50.94247545684775,-1.8665399513606162,12.829744516773147,54976.54321765377,32.534289457404256,7.33581865610038,0.9669174010754679,-0.3706979152161819,4.7656663673443695
58.15517298721611,1,63.674878141938095,1.0075136898369221,12.02566824247305,26480.773960600844,42.35132113054091,5.9036676790531395,-0.7230731049121446,0.612411652915375,6.558692515494889
41.23560041939436,0,49.607101915551596,-0.684629825760004,7.287355628622263,42007.412826837215,35.06381540963315,14.776942855899254,0.30955564676715147,0.5508128351835049,4.379347136525776
52.5975030749837,1,67.79754629042645,0.7906255991627686,16.066718807131046,30279.111143376795,16.51741469921585,4.01233844367419,0.543339596999048,-0.2019460687530188,9.900666098296862
50.54686207884576,1,50.776248777672365,-1.9701038177118355,10.167427080584803,33123.0204134877,14.553709961987316,5.530917847091937,-0.860523867981239,-1.2500256555876041,3.3807518636988387
42.1807958287302,0,57.06430911357325,0.8925973382993092,13.513449769149052,10468.112087430258,29.210157800600953,4.479871832638072,-0.07247771959403507,0.3057011907497771,7.903317884406468
75.72732907190391,1,54.24133970966488,-1.2111719292807812,7.31089708028624,32503.70293021644,45.56101251669989,2.5487623835047666,-0.15650383020921016,0.5514365381755453,3.575354192414213
57.60702826781613,1,62.77689221446776,0.7307641190665245,8.461621006476658,58964.134676103124,42.88291656636004,10.732071459213017,-0.5517378518322928,0.7258211480387973,5.8702706514899585
25.698288960108712,0,51.42287610488009,0.014273067836434106,16.305262197666707,26484.07061099294,44.14077164224034,15.80751524240988,2.3016748520507746,0.3492927723542075,9.494928318018927
52.23745177723313,1,58.36695219822801,-0.9539394193966448,10.958093133126471,37281.89817100965,25.129538210636845,9.075616218773671,-0.7631063534454757,-0.27111514836190936,4.230424439343921
42.058562422779346,0,53.1546069299785,-0.4070363129267805,16.359826428127633,24885.10340638293,51.15872490122314,2.4712609971791677,1.0049302940678833,0.9940020395062782,8.77763658696267
60.22920001755469,1,60.8878792225717,0.6863184569567008,11.765308022824447,43487.15291400074,25.351066998136154,14.199722698710138,-0.39280101688114194,0.06584849756591833,6.043408784950842
40.48975113880759,0,51.97082669598717,0.10589445311523424,6.474306681126428,32589.270950310656,37.12824398669969,18.428508770174858,-1.0866361888852818,-0.4649230143647206,6.037639892234119
48.62316270239721,0,54.45722656662233,0.5844129804724842,14.676202799195162,22705.88065609078,34.89647710092263,6.768788379267027,0.1028142431550689,-0.180653382045721,8.972523500605522
56.05984734776548,1,64.11724813703972,1.9764405845154855,10.230323046733176,70705.2943519397,33.261261796854136,7.607228666411409,0.6490933843875007,-1.745969032474982,6.90077118855399
60.389062330041455,1,55.630006364054054,-1.5642416117110514,14.09606644055113,57783.9310657761,48.38592138295607,12.578303150416971,0.9205095750656788,-0.18224182417853885,5.116655936715029
35.596443115330686,0,55.08534179002107,1.617212574968624,12.075632602620246,26837.263182889084,27.948894798340394,18.109368738925255,1.5622651106550693,0.6884365198746686,6.652387554605206
45.985985169908616,0,52.94953365384413,0.10435593752321293,7.370645316171389,46578.4913574142,21.50394744288072,7.400829271373869,2.9452462899351,0.3397830221392301,5.228606799089303
44.30065626606853,0,50.3129817625354,-0.8987840483231282,12.492884296111708,47510.49920108304,35.199954862064196,3.337751095008975,0.25051420375559713,1.520664172981186,5.231918744162197
42.160049209115456,0,51.37168468440709,-1.3303136257389898,18.588669426458395,50068.663758763316,31.001732657134735,13.157093031362033,-0.6630921738253879,-0.2629749140157042,10.541813866024409
71.18545088337316,1,58.45993109904932,-0.1891203907770335,13.478959375543377,15566.431565286803,68.77382919082646,13.995340365711497,0.4528743267948912,0.48731316305331607,5.794398398391336
54.85978053153147,1,61.473481524475034,0.9216501119244593,11.82744674098361,60072.24922342167,41.76507476439975,10.030657252176134,-0.2662129504064916,0.792740176305772,6.594854271696464
34.86939254797946,0,55.523583492991,-0.12754912037753421,15.226030205870693,27313.886600667858,30.906594247813757,7.209333701712747,0.9259661298522298,2.342857008287408,8.457612670686308
61.014343364657314,1,62.70232565285029,1.5111549302473475,12.632005395609333,30366.218418480945,24.438884308129133,14.971893654960232,-1.2971642963657217,0.1447654911176404,6.608597465594389
75.4658743641516,1,55.06696427515224,-1.4511756900515589,12.628602690788384,135800.32347915848,16.19711589431215,12.640180022739822,2.3683345424004374,-1.0441871788640233,4.004891027592121
62.38958312661376,1,58.72911284481182,-0.01208894784605456,8.725124483522691,42232.13446086516,24.74780914262567,6.157822415482536,0.8560480947755128,0.8479287533552818,5.2253913193941335
31.767560408551837,0,49.8378597041127,-1.252393444413119,12.701544077368794,29936.6500302527,36.14941771759132,10.245473656528358,-1.6840040177961646,1.8657273559684568,4.732045309027738
44.189191125604985,0,58.31085404632991,0.3636318826249679,15.106330249250835,12056.422851309631,49.273286515947696,3.241462339876767,-0.7090289023149722,-0.3225487102266215,8.43920097189643
65.20293379023947,1,61.004428738457975,0.8868873900973003,9.491813543699926,72757.12125960979,46.21689142387919,13.429452282189601,0.8160810441139388,0.8410815386064158,5.866755152655812
41.50796641257463,0,54.11874849171494,-0.42076179368105326,16.273487463740842,18534.611677484274,37.2909483164638,8.68883215308572,1.1763440561714547,1.2287280552289201,8.637199055702009
55.32583313775474,1,54.16182540137216,-2.6042138566271342,11.724881927564622,21988.624891781543,31.768323342975155,7.821445838076315,-1.2722376272319633,1.0170655439701535,4.170843702270328
59.29560864115204,1,60.80886246750676,0.19894814679649453,9.336691465384378,30770.87333084085,37.68812356412154,9.83562757423783,0.7130258504329489,0.12555852247357793,5.758311503446589
38.876834341063,0,55.16511906208445,0.4367385517335095,14.992896230760733,73733.01155350613,29.81362002515424,10.201538496651239,-1.9473398726619233,-0.6984737582131462,9.302996588735773
49.2856957272584,0,53.873068254092864,0.40429475496169764,11.139617292785193,53456.311581837996,52.18363995763876,14.474650307827803,-0.08933586547104598,-0.08127954801358575,5.475352543398354
11.104791919171127,0,57.846410182909246,1.235782191822154,14.278544662458323,33559.70079711108,33.1080981872492,12.955452656626107,1.1120468421032064,0.4586004538776307,9.05881207746976
37.707348303988525,0,50.43103687389725,-1.0710536796490489,11.124724103224388,42367.88952654706,34.13662141753273,9.217953606035987,-0.5515157301029805,0.908222524091729,4.294856893603107
46.96918218328208,0,54.09251263424537,0.6802161054504494,11.820521569410289,26897.99839098729,12.841775749793317,13.818340748594977,-1.5069222991380136,0.3339450479990393,5.586594099990117
35.0266018164218,0,54.71177581723687,1.192507512477975,13.480680613002875,38941.93014228567,33.04565153477236,12.003686268458065,0.1462147963775593,-0.379907966540577,8.402173497655927
69.58893564717962,1,53.419076680151825,-1.7785875840065168,12.872691172770018,37671.84857640732,43.36484137964941,7.867001818569815,-0.6047188666354781,0.5553796561497687,4.725202518035007
32.8383034644724,0,52.817663851010764,0.31965182591897723,6.0134046586447845,58946.46557450053,24.32277422961455,9.37640920881757,0.6295583660658357,0.8600850677428203,5.750423259955941
44.7194661596362,0,47.79639168423027,-0.5041798310076715,8.636268779716826,58899.569535623,27.49279665507187,9.258885555784396,-0.8853264322180604,0.3796100564144805,4.497000936980736
51.5688869274331,1,62.0404474540772,-0.08152267310164589,14.788229954372447,46489.822242021604,42.927110177336644,12.526306715871009,-0.7726368896531003,-0.836187114538325,7.697163728954484
67.29527946879338,1,60.05854085935783,0.34767648353833636,11.603590233295359,30297.673950090393,20.233427764819467,8.164886926391791,-2.0210023208762435,-0.18140603471718997,5.324637800259947
32.769654185846726,0,54.65261519691812,-0.4872285641135523,10.428806091685734,52623.13585608898,45.578010075419186,8.047954067891833,0.16994471105148284,0.9478207764124668,4.434526995883581
63.957965025859515,1,53.22087669235599,-0.6757080791616118,7.924277954227577,34683.37577690834,29.67856109826898,19.843786547169792,-0.16090493827659874,-1.3830178087444738,4.244588056188407
50.122796732235045,1,56.562177916870226,0.0341524174880246,8.760791036172455,21142.54871210246,31.11431779508797,14.69867740873552,-1.188384670740071,-2.093178022391159,5.211150864907224
38.22189618742459,0,48.81283946765739,-1.0872459388628026,5.934604080114157,29683.78167363249,23.76121594874406,6.196996677874305,0.193798713767092,1.5080828501440207,3.9274373563163274
55.54524169115925,1,55.474903847962715,-1.0858251288851855,11.696157843895401,37883.217837817596,38.78046260427883,12.85470496971099,1.027070300644139,0.5114152550218797,4.156738674210258
52.38871634688164,1,59.11730548432921,0.6793732829565033,10.20468725825686,57245.704717448185,59.598719850293804,10.591750328275886,-0.21556794341894983,0.6067300025201064,5.402033809810122
42.79739747409447,0,49.95087083739738,-1.148794035158656,9.100236327044055,33131.37222754617,42.81497239460632,11.95775587630047,0.26816694982197375,-1.076816973627056,3.938881655984035
50.83762501988023,1,59.39011955257793,0.6663125009092119,11.795629724496141,19838.914058380633,26.35714738059464,10.686706622825522,0.2733112495851642,0.737528063466538,6.366268475721269
45.37623683765888,0,55.15735731385072,0.4625912928539512,13.091911892558214,37360.55851023305,46.35620585491476,15.94821322742618,-1.2043298271789604,0.27524868756836424,7.017313404840225
51.362208143014975,1,58.693525910529914,-1.7258067287905967,18.279593796629833,38435.162897293434,31.833204540657505,11.728101723257229,2.0565858207075958,-1.5843275778483972,10.075378835087779
57.94556809425256,1,55.14017385204766,-0.6775646523356551,7.464349741310359,39851.63907349318,48.7448498142756,9.689556508928563,-0.4708498301222839,1.4242834142738574,3.8973738634291144
69.03220179374422,1,67.71391564496531,1.1941094030473725,15.478143129901566,57522.74754191158,43.06676402164363,15.210952884915088,0.6561162018602708,0.1586833236187289,10.631178851608254
35.14621401407781,0,53.295202957473045,-0.9811655311396816,14.919304683045215,60443.33660120146,5.568584345282666,11.16642520543936,0.7692152772290496,-0.39608396607926877,6.42249075939219
75.5964004958752,1,60.32805880379365,-0.46440426230938764,9.662721781869898,26981.171876048873,24.959203670449725,10.607392896645289,-0.13959512711575175,-0.3779897459852177,4.445264163107733
26.57494640572998,0,53.03920321279218,0.4620608932518965,12.609707863758093,26686.904902193957,44.4438522283539,11.570113012430573,0.6067950250596347,-2.0152219054323766,6.17005891470078
48.178578859573,0,56.749928930852136,0.7833905092825955,10.627100251987155,21588.167540449293,36.516572721450174,9.531954883168167,0.24581922181638913,0.5933365996313634,6.33403059663605
57.05980647781492,1,58.31914768625245,-0.2515388860444957,12.557065741256217,51503.643676043954,24.762440522921494,10.046134964977345,-1.417639757227406,0.2618572072457253,5.176289833019449
53.37190241282039,1,61.58062475115939,-0.5975101946916416,16.527393040213653,74937.52565852858,28.66410484506187,7.066527056190637,-0.33227270125008823,-0.19408013233309493,9.098021892531191
42.527605762152874,0,59.235021069151266,1.4223698616985077,13.81681869789394,31022.221090264873,15.937633799106194,6.244163901880606,-0.6125509023540618,1.2784852074516722,8.15523637695707
47.5025329957127,0,58.1918381803919,1.7388996637975789,13.525825119700325,32185.931226929682,34.11626712473604,5.007148067587802,-0.4617450413461271,-1.3838590189958457,8.294700115117323
44.083988784094004,0,54.88129493672383,0.9788580507817954,10.709072040136073,75613.58777184428,57.106897260157645,3.0400835660146193,-1.3040031778366379,-0.5967724763676152,5.5104995076692855
42.92762291666946,0,53.1121326451796,0.08531814256502405,7.547830005226994,46759.79009583646,43.04933390732326,5.601413193077217,1.12643371674603,-0.8500082547603859,5.329230278447305
60.19522516425229,1,56.51114216845736,-0.8082657216409264,11.374595368378776,45166.81218336574,56.90417001188423,9.128664827665371,1.601992654613413,-0.27879497977155304,3.794211190317714
54.284185831580565,1,60.62233737697596,-0.8304444065565653,15.619824464591746,20021.095006706317,43.8239708978998,10.515587912228185,0.9780029759984087,0.067470025257223,7.486898671044819
41.68508485687215,0,50.86517914148244,0.5225141052657575,7.418496430231057,50988.94046891826,45.274793433526916,8.643517184261798,1.2705292241471429,0.4300135238113549,6.100051702112075
60.79519850519901,1,58.82262339318791,0.4183982208886837,8.834731895469915,22820.894705967985,54.74078687745023,-1.7785174506367891,-0.34463483700815617,-0.3469734531051173,5.201452563251513
53.68759425051931,1,64.6278946000801,1.4015985929464294,12.378803208702205,20598.83720926865,38.772632593422266,17.872931788811712,-0.6362568349860365,-0.8773557351548937,6.991793603862907
59.75434542606752,1,60.33881815539467,0.6504500925361392,9.046035645458213,30534.553152840133,33.1277267849312,15.43240061445191,-0.7785870468117115,1.6860069497704442,6.020547143911768
57.555546103083344,1,55.4813132505347,-1.503080301759818,9.622429658654362,27094.976976722828,45.326575166220124,12.228799256085644,0.6440649229572226,2.411640191788569,3.8694790096082827
40.05205986893513,0,55.40074204113742,1.0519476177229186,10.72920425481547,32506.656177431385,49.53840237121885,19.537453362766342,0.22706305314414962,0.14328667188202532,5.9871666641578125
43.27782751763637,0,48.72150998035375,-0.9980606273144129,7.9031477874295515,17667.978975465736,30.20035357287791,5.113179412581447,-0.07722171159842571,-0.7567803670208672,4.284176411283107
58.967523261479144,1,54.9663731353605,-0.3839712719523516,9.077634461350895,58653.829920321274,27.784309176599706,19.438125603130025,1.295148544195343,1.4754541310422942,4.541407114534157
57.32444318520158,1,62.76847058729013,0.2502002062516945,14.110283750361926,63821.35602513204,36.3885603243088,5.1739296162472606,0.404941353815343,-1.4467571063284652,7.904530640313341
49.74918087243022,0,55.615818547024695,1.9956674897839644,8.077890653307108,13716.14332398928,43.31498866931662,11.193689626456782,-0.8386576375205848,-0.33477332470482757,6.555992236796909
51.407928599705386,1,65.65781336379905,3.109918556005361,7.2063835965154865,59232.69227567923,42.98091048661561,3.6308133743289783,-0.6809088291356947,-0.6961170513463018,6.701182028415885
65.3319787494611,1,59.47734907907108,0.6067230591361827,10.109925061398316,24215.196874849054,20.75832399812401,10.073470477721834,0.6819932992541455,-1.1595355504504887,5.5415329930502635
42.90114333397004,0,52.61433539288427,-0.18319661872038787,14.195866507529537,55741.921249077124,54.11606067063322,11.930832489991943,1.041732852654597,-0.28002423292176953,6.278145208274543
56.565168574040456,1,62.99277361345877,0.5345056484805503,11.40923457600933,35093.694648283956,28.588350706031495,9.226548344327227,0.5516802322559695,-0.8641720791739649,6.593128938600477
47.57368817079327,0,55.05817674292512,0.8876554258738361,10.606256765653145,36841.77910812678,32.349350031114206,13.569387220450688,1.8968887478720813,0.012654464148654489,6.258149964931964
47.38782556127336,0,51.81388834657239,-0.3206676255571917,12.13307639254682,33105.38295855235,25.973456400121805,10.495072247436287,1.635007165731419,0.027177167672463982,4.869585504924535
63.185322223846285,1,61.896310564689344,1.7952113559123222,6.7628777014210435,66573.68125782034,61.983288359370874,7.387926358112454,0.44103583485076286,-0.6213317235219793,5.591295718143538
59.904996187856355,1,63.96396995044503,0.23007075919140207,13.484116961325098,19539.747313103362,37.42070670287967,7.165933410988304,-0.8385806594815023,-0.37051335659386964,6.894976669769362
59.762115632007664,1,62.925971619112815,0.49774308909139425,13.150305094210932,49213.34814121808,26.49024919318435,14.054568863078483,-1.3099875117317676,-0.2308489679037105,7.056608098654289
65.66574568585195,1,62.33303653891911,0.6659242520544614,10.772074577712836,62985.83144895536,43.63923549962446,6.731289850965163,-0.38738174501471484,0.809846061119427,6.0968521630660435
50.25204609959311,1,63.34417586765646,0.4215866106144557,15.01777353538925,51956.91208223461,42.69135779310033,14.577014852424686,0.753213446416157,-0.14842940106418565,9.111420085622292
58.18343565553957,1,62.8022495582441,0.8389405004696122,8.617511703140885,116116.5209834849,33.12272976420116,16.113558964159655,1.8266470793119378,0.8247017407860974,6.590314197883732
46.27679892087853,0,56.671605057574,-0.6172531865469232,15.383726979760707,27876.145961327034,43.406067127833836,1.6564306882693494,0.41744703441079983,0.5858129835546556,7.732305423878841
53.8899962298613,1,56.354602141502376,-0.5583017539460305,12.463480996785753,58609.519507008496,26.747080391691355,15.664631936505174,1.1687227942312366,0.571530696900742,4.724863002634921
48.438283347587785,0,49.245867408987664,-1.100154232971695,10.99034223036548,34439.33613364416,30.070817250507478,20.302113492223494,-0.24530748618780235,1.3878459703459733,4.4845758246185135
51.16395157991262,1,60.22083485170768,0.4395012306202264,11.940379093895066,67285.70178625641,14.89783345433937,11.260018806009642,0.6227691252275501,-1.1193908797459098,5.438207717550348
57.14188430524296,1,62.3768335549563,0.7789365035121141,11.678205702567174,36176.15583285333,21.760489157804372,12.995420926474111,0.8233568294771726,-0.47318310630711363,5.645147047133152
40.18135180119833,0,54.98578342106424,0.4577728661518858,15.66084868925315,29913.408661390604,53.07630805670686,15.185026621845793,-1.9795942758525282,1.7632988002995693,9.00603575391861
75.10864730822553,1,61.84260332134838,1.6744924333475373,8.769962617586959,69775.35191328332,51.41428627722314,8.622588424104888,-0.41343880237651026,-0.25731650058926747,6.187006898029937
37.92779142200358,0,52.13605397553957,-0.005596018829046555,9.712442282560206,28402.11889913183,35.65788648648962,10.911401117689348,0.9497003842778697,-2.8151236899058496,5.420313594827597
35.42973664654721,0,56.0387811555438,0.6687416555925126,15.108908676217439,17919.362668986458,51.629314471898375,3.4290023518844537,0.2744683356365649,-0.20296834314788534,8.983973230082668
63.89733048200081,1,55.422304873070274,-1.0917008761393143,10.213395194448422,28045.30615409037,33.39925513391695,10.693175142652255,-1.196515048150933,0.13493953016324978,4.45736928333342
59.499952327555235,1,62.603186985068454,-0.387099702474401,14.701599231994775,49489.53308129169,32.56589697432092,12.490559978222707,-2.4301223757273562,-2.617113117431211,7.581026477408679
57.489437804625865,1,70.38785437201506,0.6955377575657775,17.09830794902613,72839.9156478326,35.565106484655566,12.580815114632347,-0.3657807453020064,1.3339356398879483,11.745748404084502
57.54014611117136,1,62.50186144464858,0.849102110743144,10.7946149191751,38390.47602564575,33.750784046764345,15.327123617987901,-0.07158569289387905,-0.713712463865602,6.827919503195527
49.853038725837024,0,53.576022477963825,-0.29396694766418224,14.044086979725916,70199.6450418357,32.848036764398195,6.125989109322354,-0.8839229498283454,0.3285631151875155,7.279093207831572
39.232947542170024,0,53.12414170802592,-0.07159925185806683,8.538923155980424,18414.84734731793,46.43398107149552,7.336966216632518,0.1430849370279944,-0.22598154534406228,4.927384728459153
50.909654698324715,1,56.06950536646022,-1.5178737466808094,14.264199894203427,29096.357327965357,36.50135653956203,19.477536729956775,0.5063867472328947,-1.2883514192040415,6.064661397800424
41.87405946185466,0,51.227061408328225,-0.3570292008066094,12.598271957960302,31436.107807962766,42.124817644338044,9.248358131181451,0.6706871707262329,-1.07050813463542,5.429015303113569
61.70143680101302,1,63.70532373772665,0.8903831635197862,13.419114846480646,34293.81465943322,45.31380525277331,11.00016893656164,-2.3559189249323222,-0.935082836427547,7.713609544085703
48.23531142197434,0,53.343341556258295,0.5752050161065663,10.063283783893816,37875.02466850412,38.881857956547336,9.664949791373894,-1.3142850978081202,1.085671909183638,5.655277382606767
40.09403363848986,0,51.40604508774075,0.5006657213812097,7.016749753298482,51300.48466094956,25.297286740917613,5.891595868474888,-0.30462264835473557,-0.14753818810015182,5.868891377772776
46.14336990016408,0,56.705345440142835,0.04977368718096008,13.509756194248514,29073.91271790379,21.47134111035961,18.11764605445903,0.5721731310374635,-0.5218655165517466,6.4014840763798215
54.95517745130749,1,60.71822905710761,0.007063158628176452,5.809790542561636,38929.76263953295,36.48780634807305,7.361492940396971,0.48923401355003554,-0.9346089125902313,5.455416890275939
43.23530536635231,0,51.12494998296907,-0.6603211394734471,11.047948523272396,35505.3459702799,33.28743695175066,4.36357238146535,0.4718699478766758,1.1961502215261264,4.43610081109679
40.13335525320282,0,55.488966707465735,0.6988284202025348,14.823545599259909,22857.96808103981,35.87391428920122,7.746298613486242,-0.3834179419689318,1.4642012725235871,9.277403930866962
52.924246537902945,1,61.42968926592539,0.4209729443893898,12.575693207619109,34309.12577884668,34.83945960751414,-0.00853000862766784,-0.32763343730996075,1.1847438987066807,6.950587318061413
52.93959885330467,1,69.12077733366365,0.49201884799279927,17.84502793436944,33798.450426536656,60.83573660166567,6.743562675084091,-0.7283292684217407,0.49243733915416665,10.975002454524745
43.916681895546446,0,55.12483098952583,-0.5260348426675804,15.07532745774532,33438.383225112244,21.697737443586618,5.159357010738367,0.7681941281058479,0.2898300418707116,7.457742731430724
44.347540332580124,0,45.756286929359035,-2.1533429198712444,10.03830483502327,36896.786085842534,15.100537301788751,13.087143154636621,-0.9204887877395782,-1.2159378179759015,3.0167075525636786
52.784599248291634,1,63.55129660108719,1.0971527117536957,12.081940139554316,37715.89000978635,38.3237683351961,6.632928802200638,0.8500363951895699,-0.24581912671105752,6.879162973200476
32.62298790203211,0,49.77060883905308,-0.47883745600840416,11.857887892366692,29256.36425752199,31.235774454118047,14.439019677894242,0.20785323813764608,-0.6838602033464366,4.763967488888211
33.11043470748134,0,52.24341935708922,-0.8627757640431206,7.253469709961618,68621.23864151142,38.16067869729951,16.992419965346606,-0.04504447845515359,-1.8255121089847097,4.475154895749086
41.37866934497077,0,54.369904311556205,0.6934789119139937,9.17880325054694,20236.83394247343,40.83883022284001,13.905876681437995,-0.6567103997764666,1.0570434191653657,6.245026129811749
47.438634179457836,0,50.94819730530881,-0.3920126399191296,10.31771727906042,25324.17990489364,47.841046951788975,8.923058555699617,-1.3555418611641263,-0.6958299463922752,4.507154668058606
53.73089078717606,1,59.19792327810127,1.0599363840466218,5.89133849143219,145798.6460426178,19.927741796160618,10.705572483527964,-0.6476527563780456,1.195941907435307,5.486086505126347
67.70427460339462,1,61.367022231856694,0.6170059495766975,12.142480404754929,21612.007078826507,29.43282102142837,2.375075299279702,-0.3300068686248863,0.8817464007600121,6.03851836850632
60.29191547842423,1,62.43158751664743,0.6835693232004776,11.252784466040877,18455.5914402027,39.28761258880764,9.331103137393802,-2.3690243115812515,0.5567179766334188,6.386348342184275
48.080737640438876,0,50.829389854706676,-1.3659557112005343,6.981318296065277,52430.21742420202,42.704635956872266,5.697807659665834,-0.19735515533466427,0.6128840717631837,3.5178288796247568
49.771805505167734,0,54.653958886823226,1.2119439853864005,13.212638595831997,12854.382375962547,56.934495502883856,13.471631905746495,0.9243573680260055,-0.6153138820737076,6.952625443812428
37.969647624346294,0,56.923400665275054,0.26125053123385605,14.147618234072878,32285.16271529954,44.55703971113867,22.86376194622237,0.5672179054338725,1.8578501512906649,7.653327100117771
49.77784236809132,0,55.46320403262182,-0.36927713924620315,12.681103436594666,106182.27401776437,34.432114041137226,12.499108179869047,-0.49620587574150743,0.04312543095304917,5.483825328430116
46.53609633295834,0,52.10893504225778,0.14338846734225108,11.02779547437309,16773.105825024224,26.095642470573384,0.044299255226667,0.04693629841522772,0.3019316851187039,5.248020432311568
53.872622724057074,1,56.64768693592242,-1.77623523289832,13.774326455255565,13480.746444181477,29.35710147280981,8.193849035428135,-0.5561645694219997,-0.6490763335666391,5.765025637396071
40.07322867737213,0,57.09937819743045,0.40865281148067084,14.040661081430073,17161.253171559525,29.072971770428936,10.612454626872273,0.14876073333569612,-0.9311652607769599,8.162425333037161
56.23215817089407,1,58.85575382182636,-1.0293715081820716,12.922210709159065,56907.349909623,41.552336285137606,10.436787126301319,1.5401078237440315,0.47729600880942324,4.876847836881854
68.39286695603093,1,54.60751792381614,-1.3526702858435344,9.526163248695717,63728.577032343754,37.56997445585831,6.345934371956234,0.968498802624876,0.21751349593878547,4.040480718164789
48.69487821851771,0,51.96047594930198,-1.5223591862178911,12.829802296533542,28105.079426938028,21.76350429157821,11.226458713184677,0.5207943056927528,-0.7893523659025773,4.2363235692462435
54.820540665187295,1,71.84318138000283,1.1126883749899252,15.586441952476438,51103.39447156554,30.64098530909567,3.787495815403064,-0.4928849123837183,-1.438426718775404,10.205047573441984
58.281727900533355,1,56.74877870693233,-0.6292633936927887,10.21011282416481,72774.99236897191,43.77547553451421,5.275456386574665,0.7499383929448385,-1.269923087327547,4.372445279264978
45.185354337369965,0,57.365896164760656,1.5337277099164992,18.293818017397292,88758.38726039734,38.516623549740586,13.228988208018556,-1.686876951373053,1.196133717091107,15.506711084326128
52.689109781725,1,57.26775304968886,-0.5358014630522978,10.423107198043846,32107.09649868483,40.6864461601277,4.921683845600871,-0.2523534819908905,-0.6132538146500716,4.819338549156949
50.15110880938154,1,54.539726369050065,-1.7073579575929467,12.09722104002041,11490.365046800935,38.82921710057263,12.691058027461287,0.5837114198239499,-0.33890854567583373,3.947892388514791
51.17211318258598,1,53.340071518481516,-1.1165244399486591,9.982543211980992,24090.20339721517,51.26430734608859,3.1526811267197097,0.7404212140477514,1.4503402587590621,3.306556884155381
40.7238825937344,0,56.471198723750156,1.2358116200069387,12.669812507760783,29336.79773827586,37.3604306382437,18.82412941895868,0.669884490215741,-1.1221505614864147,7.413045130808659
50.29412209110731,1,55.21539352341331,-0.15589817793666752,6.7733349220941745,31905.401539980398,31.13977202129302,6.128650387979727,0.2948306892096945,-0.7269948257170568,5.362084887694272
55.9759794949454,1,55.75210735484023,-0.5482872964906009,10.361874603549836,33059.70008502827,25.842449588664394,8.88166714098278,-0.19572497908388292,-0.7687668285606931,4.439621392522224
67.4137232935405,1,60.71036883121946,0.1600182258527877,8.723636398954298,63541.42274908016,37.496094582097115,11.653066305452029,0.5379759698264889,1.6180684811660395,5.765188130918372
61.51124991302248,1,58.549152641181195,0.501782736167545,12.406015043676872,68680.0616974955,10.592959852249159,7.173250237494528,-0.9528610405863005,1.9933835005824139,5.8805264374052975
75.83818949013867,1,69.20868858602755,1.1173988159024608,14.983342126526722,33328.33359951387,33.15710998167288,10.717029805356523,-0.8446772632932499,0.7515632254021709,9.832227453765512
40.79182924534341,0,53.60002344189756,1.4484992298929262,13.938018561343654,62896.2887162137,32.94160140078656,12.876783622600628,0.06173467646029673,0.7833847241542399,8.716155927763811
60.46784764064814,1,53.37598312134361,-0.35976864578908574,4.885021917423323,43426.74103895672,21.355291463827193,14.803066162517426,0.17319764270874738,-0.5803550028527311,4.703608323976853
52.20010406886022,1,62.08169479736548,-1.3260476860820383,18.126208958783643,37505.87950359541,25.71734161344004,13.957487179864785,-1.8256151785646464,1.9473284869042828,9.934390393035281
76.27763519861207,1,60.04878196921964,-0.413465161123276,12.885839821862605,57140.70869868512,43.09657530148241,9.14094768098663,0.45514638094951854,0.2676962543586619,5.265782820747785
40.30042057573819,0,54.92462822020007,0.26028050658288615,9.670502578520999,37651.422853928394,37.307117490749626,9.266841129781989,0.7727283779193933,0.8531102644497399,5.721702677272374
39.92333789383069,0,51.39649831410155,-0.9637589262106109,12.471383756972823,101610.84886049209,36.01788333707327,21.745542790125164,-0.07728523746629531,-0.10552493877095412,4.659657462385469
42.80728825467173,0,51.114803011831945,-0.9571509148950429,12.528569467508078,17690.701058842053,38.06347533932023,14.74944534124646,2.3744662832839922,-0.2680325873276106,4.939656512998533
24.513251308282317,0,53.28244635523469,0.34378788154988543,9.99945384914531,28068.817747320416,35.92627587948923,5.390881718398932,-0.6829351063151862,1.6630422595961174,5.812812132032103
43.69093973983087,0,52.05901905375661,-0.04865235157045115,12.593750002026226,34089.358650104856,47.42862562858315,10.49994081882776,-0.3610871633868695,0.539723679738307,5.536960419565149
40.89040806135563,0,52.87251207405229,0.03279699541158651,10.177583137139077,45239.52113708636,36.234291817036485,8.324284306109037,-0.39506690612720935,1.4513754610703817,5.394376375343788
51.804725437714495,1,53.47054140297334,-0.7584953347000695,10.786914021929931,68458.31121308605,20.417868861812494,9.323328830384451,-0.07618761129101755,0.2553281717450444,3.460390980841812
54.101071709325915,1,57.337029235694615,-0.23040071420576733,9.941162592734747,35875.17088451194,51.301299648744106,3.85252421145956,-0.3287248129662911,-0.8483665364230907,4.486542525506311
72.51405007059063,1,55.764652055255354,-0.9242331442683044,7.701986130781042,17834.412836055908,38.70340267328846,7.940383828070234,-1.4068105446048718,-0.5833429328784879,4.371574489802218
61.405086058232605,1,61.82442530996044,0.8901984111247868,12.437509410646152,55340.31515592098,29.107462692049324,19.057778865969567,-0.5465482962364754,0.10296524246461053,6.948923243779517
43.077156132051165,0,56.098686923721374,1.0352493347237526,13.755898309549014,52969.91464063052,22.465982817049813,12.895381504377514,-0.09762069577407609,-0.6265002160433267,7.741196644903025
39.21902394381971,0,50.069795188923,-1.8461878622380938,13.544650788229117,13753.803325127497,38.959142209580456,-2.4558070407573,1.2285720820619974,-1.1074614086276906,5.386281976422737
55.903030058078066,1,61.47492288391701,-0.92951086019241,14.459775757905703,36246.493811539025,33.828279950256245,16.083617462489734,2.2022432733729134,1.2014170317870247,6.9376793555175125
34.15720151575229,0,47.69825765002666,-1.496529255090079,12.973020630044605,16398.23661670925,50.741467860324086,15.448147614545807,1.3354738978506546,-0.5448700708235121,4.70972861692634
71.97750519025224,1,57.39193405214683,-0.6500239344068982,10.40182350534929,26047.431702571143,31.540927193331722,8.203573478467916,-0.7753790296726064,0.1381927477913204,4.586632971388796
64.15328144865545,1,61.43939638995928,-0.08343796979036086,14.518991593293567,23123.28821529962,26.62619210317533,13.586317718916074,-0.6958096106261655,0.29613358988560473,7.683304378674372
44.36989217474354,0,50.50208147074681,-1.44964521969853,7.927447380474195,54427.90980255069,43.95796218235928,5.703003945913997,-0.15932857750935098,-0.5881531253205687,3.761747531431091
29.442385650909472,0,51.048663509821814,-0.9218598131253132,9.29798585246256,38500.06032224056,44.25281892716831,7.648721418668213,1.7845588888535862,1.4507994663087393,3.752873458226453
66.24646848998495,1,56.83293655342009,-1.0039573720814985,9.107399785730266,19095.433460701195,36.68651367610195,17.49273180334927,-0.1654240521818934,-1.1171417612046128,4.53448816976183
48.62552185696858,0,53.86211131776751,0.20726732939894396,15.240168177417932,56389.20291479457,41.76357047674908,8.641349800651458,-1.3275074905374307,0.2616252635807709,9.023918896208322
64.85379574368154,1,65.23175453816269,0.06934433703625043,14.828365542420226,17731.483867485284,34.623128792577624,0.6513416902250455,-0.5011771369530351,0.24611770637658364,8.573660539769905
30.866868094467595,0,49.34324661827437,-0.7217375533372533,13.461915711134985,42832.690863259275,37.33865101009247,9.683483886093317,0.757056001819417,-0.054254602864147856,5.971574064914816
42.807499724554724,0,51.95578755380799,0.17682087213939798,15.215789595635393,24173.074417858294,46.64990882563923,9.607058035428215,0.6899402768960868,-1.2969126132719826,8.60502785446641
50.0629243966182,1,54.55874947871656,-0.5466800845872654,9.362151652764036,30247.277479613185,41.25318334021503,15.991842846867298,-0.2002166664916561,0.8708175518634642,4.754124432083857
50.5637671251769,1,59.8062474801035,-0.2716551103260533,13.045785359582942,46729.70739283026,33.30725561667375,10.0716821108788,0.6834146735600306,0.7435106703345966,6.457845952112247
44.59921434224908,0,57.57695451364712,1.673452090298537,11.624476714850507,47132.81278404505,48.52362545926151,7.892088442798537,-2.273172202546832,-0.6755685285912163,6.496455244923375
57.47419918816998,1,61.60209557755279,1.340461051790348,14.540646311654742,70861.64102028609,11.351446272084878,15.22528072615603,0.10382923503269768,0.7074872072053618,8.649318332081444
37.18855484740887,0,52.24067770703795,-1.2995812369275976,11.654327302343408,34852.256052070574,55.520733114219354,10.60395116250555,0.8606854213686301,0.37490768630077576,3.067710843366669
48.291446179744476,0,55.024256839444156,0.8297324178791745,10.845171334769756,42328.90358113027,17.940409051092647,6.249886592171414,-0.8328632751545352,-1.2806121453611083,5.78499588379235
51.443547580542784,1,61.43121111135415,0.8113965544915921,13.622725555682969,29176.863806467773,28.72907175227704,15.774987802708088,-0.836338536496288,-0.8539289145713574,8.001081478023606
56.173266008704985,1,59.59581922501618,-1.1482632887526183,14.628507501573699,39775.04327941628,34.590824648049306,10.968308822583996,-1.8664481527634753,1.1382814448895793,7.043709796179683
58.53937853706668,1,63.473515113610034,0.8187776437548606,9.994964415459595,45240.27568318474,33.53519329271839,10.014629833397189,1.589895594810694,0.3094161851420503,6.771713452591469
36.50429489794557,0,56.84527200046464,1.5379319184125528,11.816772985942873,34573.57967917917,45.06411040026555,10.889541957058272,-0.7201539770215667,-0.5643029458106261,6.451270417984122
31.59062995117253,0,51.130454908623264,-1.1225448062444139,8.824678099075042,14737.119970580907,24.421633813897657,4.6466581429170155,0.24104327786211174,-0.858475891172642,4.279008547057409
65.33212186278212,1,52.26161912792135,-0.9175028210142636,4.505816947521182,42861.764974189326,37.607668174830636,7.361731119108313,0.6039170414833746,-0.5153937981154209,4.027643536650083
53.9877681437551,1,62.5787932340011,1.0176614668435024,12.601378894241186,43576.8244489083,29.21787901780246,10.017913009163916,1.512067949141453,-0.44447952987770456,7.184676077561593
41.01816156132136,0,52.854875174561236,0.271495310825648,13.826716068763895,25846.05512287979,37.95140979337417,9.0266815248766,-0.15389777398563528,-0.8459630326292517,7.521916263523738
68.61382370627027,1,65.10097342196255,0.5514762752395233,12.786200427260177,19106.93203507487,34.35227740202124,16.362141914082976,-0.5394297937784186,-1.7417641123833023,6.655099250425465
51.3880956115143,1,59.502362832863064,0.3405892164004968,6.1513148467368985,75958.28410772551,35.92935652682978,11.087029263635017,0.17306764857055348,1.1400132864007855,5.947340900235344
64.15156620876591,1,64.66989384046491,0.39069592092814415,10.947451709770576,46431.00635484106,29.500751675356543,14.274519613182012,1.284080276542287,0.9706336726114432,5.626173791802687
50.81022177692131,1,52.33280017774502,-1.326472128311083,5.344956719846756,32385.286703152204,29.899360499039176,10.046976772879248,-0.17017253140078376,-1.2732554518068595,4.043160629692931
74.72897509858385,1,68.40075481102414,1.0473177066214483,16.109103322962554,20567.83153808546,37.87272514027427,15.281442418730615,-0.9548690815840764,0.13631129556366767,11.323950963486752
71.06409010931846,1,62.4012471138102,1.1695899924277735,8.741836253645742,24078.93295134958,44.437155057560446,11.98763878286577,-1.5407578083153624,-0.9022382027147666,6.600551705287727
47.01243021825112,0,56.18923910342423,-0.22939074406802776,15.76621082837969,69653.98543026716,29.01720665802152,10.0671024269423,-1.2212973846052253,-0.2615672232265353,8.46265033845886
61.65885141145226,1,62.53787190350655,-0.04347694981386243,14.837608931052436,38903.168177196916,26.3123245542709,9.933584555204902,0.8643914974066649,-0.3447665798736565,8.139780087308946
57.744511395021775,1,54.28330744349695,-1.5311075025557221,9.298228942391816,27576.14776095791,41.134601656718374,5.2278068685451835,-0.3206244763068115,-0.4278342157178725,3.982171799279351
66.42357869038818,1,60.990340258329276,0.5142547560178349,8.601645146196764,46856.48111250798,34.674961069423105,12.534578600681554,-0.6075209099207104,2.002947084076286,6.415122213584942
38.420918473038746,0,54.53973914363121,0.5720574417141441,13.051110649159014,24168.39111899205,43.30498133985952,9.798976327318105,-0.7159672231839423,-0.44032568467619043,6.948380398781838
58.232617519981275,1,56.952638935849365,-0.062191016999311004,9.467027888450787,76912.33264561523,25.942027866288523,7.490040199093977,0.08504586020018182,-0.8082638250669247,4.803879418007403
62.70109384219505,1,62.3529485469332,1.1243533598705027,12.307453926474622,71424.78860726795,17.205610745765693,15.532308854060357,-0.23945509376558377,-0.7625814294970479,5.982887559005606
28.89512616292263,0,51.171903112432986,-0.3340772309799405,10.551517227579245,28759.19911888123,29.669959181736658,3.7489198705259943,-0.2731321437192525,1.0437769564017552,4.625949902129247
35.8008978480107,0,52.4048671816567,0.5646059258936003,6.656524756603099,26520.276662983215,27.33647390734984,7.88752052283783,1.3493239278107392,-1.6521023316929349,6.108181845020735
25.52921386687879,0,49.74498602597676,-1.0196643386921156,5.3085959426266225,9807.801316235347,34.212115999197,15.138593743897667,1.5380162818616334,-0.7626229164355202,4.637690734466295
46.767117986665305,0,56.23620947316667,-0.02355215087423812,12.680052745483792,17312.942362439582,28.631547857296106,11.577614704601267,-1.6100216729089964,1.446822840111534,5.848193758936047
58.610507069551545,1,57.04258837595298,-0.17435425790283585,10.315326761008123,18587.881451992544,42.410169513364494,9.760705361736214,0.3275927311429576,0.2439861879976468,5.1268256539831984
68.02828462515234,1,59.35326200056668,0.22530792204094158,10.340730549257604,38855.121338539815,32.11849737577484,11.255017715750732,-0.7768620986213922,0.19192200503611323,5.487003197631471
50.8891373650373,1,59.37619416353071,-0.3695269288333586,14.087591517281357,30849.726005269244,36.50474498773901,10.897070855244207,-0.24825111386109355,2.1321464601437015,7.082031545370444
69.5433865468555,1,64.5965859400066,-0.1314725956716678,15.520326829897336,18533.445733185148,36.57634558440944,2.416687268570393,0.3092783851266944,0.2463479529484988,8.945611449204554
33.4387825014213,0,53.37121903246198,0.8260471714415063,11.182365835914572,31552.81157095714,36.94955092412187,8.253690573260192,-0.21271991693091935,-0.7081861613595825,6.2090724515829105
29.559410727738143,0,51.75759847630457,-0.43676423723821745,10.978203879270415,46754.63030753182,34.75870889545027,18.082608272568745,0.23045988062763317,-0.28207705687634865,4.842494133545858
49.33342761324057,0,52.45908627465435,-1.6065771007386793,13.500429099341652,47283.64178191152,40.10600690410313,6.703379326114162,0.6729702060319175,-1.1354323090305687,5.637416034494809
54.60878538727169,1,58.37352621887803,1.7495839042054206,7.929193290901274,14047.010264703606,27.043448661741927,8.40849492947833,0.29457680054031987,1.2559370400156968,6.053908682540134
49.60766302287088,0,57.28179889219848,1.3814540786904865,12.669459164243092,34059.635748688,48.99417926653883,7.291896183454062,-0.6468363041676235,0.5745617175367154,7.134081461925401
25.19069479952148,0,49.581426151057954,-1.2922626951056186,13.655657915466461,18184.586370387322,32.634626166314646,9.564923883409312,-0.6291996069703238,1.124414149970889,5.909229513322722
48.93055952584654,0,56.22878417633517,0.6897078052451944,14.040690625252887,57003.29479516821,21.884508621013183,7.084385843378509,-1.4397052966180355,1.2129839285493706,8.007715193689213
34.34636599394176,0,48.723587169716886,-0.5029747705513431,6.189741892492606,53748.61661034541,36.88073356991773,12.433707510790299,-0.8539202975207183,-0.4142107809275326,4.703245665706363
58.03607058596046,1,60.875842173277874,0.26348721533105957,9.715934190573178,23178.63867727824,26.48819517552515,10.986567061451332,1.9620683618985282,-0.9447528520088898,5.23789247368546
54.39917895316218,1,60.82517900412866,0.2942241290134937,9.3652102415296,24759.8185594162,41.65334534508875,13.86773807553509,-0.7920035740952445,-0.05171311130804584,5.837287798924261
38.72144256407174,0,53.509683009353196,-0.234407800316322,12.29966086322764,28835.613289524863,57.09605576042378,4.745294169055198,-1.1933788124438198,-0.8727610707885383,4.524890839691562
43.83359699195968,0,53.34665721693152,-0.7837656655863965,13.442233739303951,11773.462094092803,27.1342790844215,8.298297585585484,0.31992786184477334,0.16495687540902468,5.700288090944942
37.28943773733258,0,51.811998448177235,-0.6905410523162594,16.490131222337943,42958.254035293205,38.32372333223985,8.871386841939325,-0.11036475929185985,1.1320968808346892,9.256420517957325
49.24785083272194,0,50.35510414630841,-0.9161919154812425,10.515103558895781,31684.336683759626,17.444944112953724,12.278234550442974,-0.19559323684922542,-0.1681396460491672,3.7804646414206995
61.46170784601486,1,57.95446112434874,-0.8318222082304447,10.507282505072359,58987.89552721836,39.53905229441347,6.033894013964828,1.40904596641209,0.14999508990773913,4.764181095760961
38.171287443973476,0,52.757318894937924,-0.06717829004935526,15.449016056636241,20968.89422071997,26.1428620020031,14.578269021291721,0.5491266755583651,-0.09384561622336653,8.554709725814863
56.04855818621413,1,60.0590165472853,-0.7157599891107518,12.889730815590916,26647.177815332383,28.751653815655175,15.932077952588044,-0.5299929317034754,0.8027275724376978,5.152736801531691
43.63690857953071,0,55.301449313549405,0.6820520657126199,15.802954533563922,17098.35212657902,23.98713510160172,5.0556382618220805,-0.42447591759177994,-0.66778239428829,9.863966464556905
40.48552601285187,0,57.11146539881423,1.4872461553359273,12.866184009029508,21979.263469030393,42.32151226054735,7.545635525532171,-0.5025865139056851,-2.196446261643099,7.568432235546495
48.715635680545304,0,54.483144623327874,-0.580053241370043,8.528650143860187,20110.734414505787,45.07304357473262,7.3403424585395385,0.8747396215802571,0.4708688593753808,4.521215537080757
37.577092130967515,0,51.198513057216985,0.23940450053537707,8.00061493566658,59753.7267015759,35.23385214658508,23.161931023387492,-0.30814762945313745,0.9878344213079936,5.558719607869139
43.35620833583381,0,52.97396223951169,0.49968511030293383,7.345463252823213,25613.35247699991,26.355732946642803,7.850499473960566,-1.7931535024541505,0.4463742447585357,5.882752358011262
35.62546528893382,0,56.002399204523826,0.4720022709192744,13.98615550427542,38641.721606683735,50.89523036103863,18.388127210780674,-0.04831967873434432,-0.6402304954680139,7.7505092197233
73.57670159499668,1,66.3134692291044,0.07595526791608741,15.565790469261024,30019.97577031673,27.49589872245344,3.6668400244669517,-1.537026001127929,-1.135012098186069,8.886070389429287
50.423162623660744,1,67.98678696569054,0.7426824183597224,17.548086424159145,19250.019775105182,13.37967700072561,5.051745169178183,2.184230601754902,0.4944975317803214,11.707561035899346
41.60329390408897,0,54.128361743373894,0.4822489526806572,14.529315996969721,33384.593110179514,39.58389009957068,6.566977340758996,-0.9656679138472309,0.14147895293467364,8.700274158052032
52.56775892881066,1,59.405628087605464,-1.2376624223272978,15.488515732604958,48998.82836712028,23.952253263584833,5.771553442767388,-0.16186476535773067,-0.12579262765832977,7.455714164855622
48.652063403710045,0,56.92068724880278,0.8691560643892732,10.259951002038946,19853.196456953832,44.88608793499175,8.660506329207507,0.2582027347011369,1.8224633429937909,6.002905010303324
47.34836480560132,0,53.78256689520416,0.8872908372667421,8.53075254976843,54423.77595540049,31.188623033265813,6.456108986392509,-0.28865816067923,-0.9468000941813317,6.333941314820791
57.3700004005211,1,60.24735802593735,-0.7632861041785816,14.55023799725266,23745.291549499285,41.03713240544196,5.903292036327132,-0.29003040146619263,1.7750370211274655,6.923185276367471
59.090092520567666,1,59.74411380341589,0.03793783544760203,13.253042256718203,28524.197381496975,49.01500346552158,15.792359982366637,0.4218272861608771,0.03178390487063994,5.878000535861992
43.63398622867367,0,55.803380081156604,0.6833289928110694,12.322333123022677,47350.92157684757,22.91141135379278,16.118968112565824,1.5262159587962787,-1.8355704768708747,6.140490272623961
43.09018111226384,0,53.417803305399644,-0.20931381957936157,13.16211444189897,26063.25954657228,29.340628691075946,14.746482491876579,0.7675090818172975,-0.17920265431914087,6.255247782214004
46.699379634180275,0,54.36664129531607,1.0729780477660118,12.969556447374618,37004.22704897844,34.24328927342937,12.61999477792164,1.4785138785735428,0.959496076599441,8.009495460406002
22.376946023172984,0,56.648791293213094,2.3638724946193608,15.851450579560684,31028.28806514002,50.37551319034343,10.463715328897761,-1.046619108093502,-0.3650550328049707,11.937776621437287
31.81770725361737,0,49.286491973912895,-0.7859860326349823,15.884956754450867,38742.17207287389,28.416172820595545,7.514846546670457,0.31736263325536135,-1.474778541238395,8.330952956793034
66.4024912093343,1,56.78264697542965,-1.3810446031537749,13.632661057021041,11043.866083346484,29.05496304050993,5.23421247622454,0.15524605205827927,-0.16451453179616995,5.881795417852596
69.7396125620154,1,65.32542319358161,0.30381859560487573,14.537408617688785,14547.276782910569,39.78140575555808,11.814978517163437,0.3510912916767348,-0.8571723738917058,8.178664083516201
47.01156752532346,0,57.34200049071916,0.7215625051261435,13.542187657274328,49413.72521880537,29.22771274289429,4.1318480372660105,1.3762319706355726,0.4918144010879626,7.7825265781139965
56.918683556669194,1,59.73072859860749,-0.23086637384476896,10.616490803896143,60997.655184881725,36.52525882897616,5.0303953541230335,-0.22078914979205405,0.7733998160676113,5.633242382468959
53.73500185452243,1,66.73314707208691,1.4532606633210343,14.26969402473942,23034.690661934426,19.48462579031873,15.764566281024049,-0.4055033665540877,-1.0562704077481062,8.52701914433587
86.94656970146285,1,54.82771611108338,-1.3386057997232488,7.816514793422215,32144.152261979358,57.143299425565964,19.503245208610437,0.5339807974186639,-0.7058040551156496,3.502433861723049
63.434898937214925,1,67.0379790632234,0.6929186230316111,15.16167465688765,42081.33728323331,21.522907696905968,11.966475690832404,-1.7782027275658474,0.7566424651069377,9.269522640862158
48.4649889022308,0,51.66587449242715,-0.6058608207588934,8.416431180701895,51359.684777195944,31.782472960097916,15.532285761473222,-0.2368520491221783,-0.8588442782989592,4.342121414380137
38.53351471279489,0,59.42932796415028,1.7193779062072967,12.857409860384198,13176.119800782964,34.67518964157905,8.770758412780083,-0.13419768928545298,-1.082158135827995,7.825660465781772
30.72264415690913,0,55.71285638033303,1.9925153531681183,9.464538124721523,23317.97675237538,54.12688134356796,3.3116290695615795,-0.9203586163069253,-1.1786911317962547,6.1351358046291615
52.44156363040668,1,60.37579044890583,-0.7666565877833479,13.66016694922328,30751.999947876695,21.7515421906726,13.06085809309292,1.0570590113565772,0.3520386129581204,5.674463232581009
40.92379105658836,0,53.32771370040393,-0.5495571359085801,11.898224322216274,51615.128610202046,54.837041354787516,12.84644661635032,-1.0622403173432842,0.3091577195174642,3.7386953697650784
32.932955484827914,0,54.13370811516024,0.8595878869798019,7.215732125510003,126654.12713872084,42.57176821102023,10.35834276940122,-0.1358730483637962,-0.6840460303790417,6.071452189254004
42.24112538908968,0,49.799187649599354,-0.3871306497895146,13.262098893055438,32402.703400774215,39.170953244232464,8.788122709474443,0.29315722532296834,0.005085396128234085,6.030262491955941
37.02142395662726,0,53.733904405139015,-0.04541121793223822,10.266237669501868,17970.93966095894,25.153663129820444,14.81105289290549,1.3534515614761184,1.5271323841551305,5.028221021420365
70.24569962087078,1,63.532848653863184,0.02538842054241018,14.643440162440108,44406.18491474575,40.71141242038074,5.071334832862628,-0.010556434880853316,-0.9740601569182217,8.268016751366533
60.579677083393406,1,53.825273851267184,-1.9196731561976563,12.003977066203221,70297.94846303857,27.765133775802,6.131097105546711,0.9361535941282105,-1.9517426090104495,4.200332931284196
49.90432830420059,0,51.69905024810392,-0.01383774609423725,13.186262956164114,38330.72452492119,47.66661253198412,4.95946746619786,0.7005953972771274,0.45507557572037044,6.393161869195249
67.75932966668032,1,56.63772207506834,-0.6897277740641738,9.127293134954364,23078.93850137391,25.289379708922667,10.424864813179136,0.12345755616914253,-0.11040116390158848,4.39940390032863
50.92841969177142,1,56.787816515385124,-0.493122822399772,10.232003305717914,58629.71744991477,33.86841505543916,4.560534939453708,-1.0895134082734554,-0.7100250868151013,4.607712788653358
39.664589584060835,0,53.60321583092748,1.4436320034688142,10.624084091696746,50603.33738112281,29.447269119868285,6.578789097423782,-1.4345808609043489,0.6520802373549079,6.616991863227012
68.27748892723588,1,57.01301591111215,-1.2565068942792563,14.570107440727668,21741.096098145572,25.12477037573005,6.47122218886401,0.10650540141918646,0.83922514466879,6.451043280431102
56.46692052421591,1,69.43658110095404,0.8132051867479773,17.032131263416467,43945.82080219877,42.413198169079145,8.696958338330209,-0.5426968739026136,-2.2082780198800926,11.64725610203019
37.55304614808252,0,53.002629566763986,-0.2789629303318085,9.584484744771371,59792.33675572089,40.354587474096334,2.5631277679801157,0.9192610916812918,-0.6525979093314883,5.073967460273607
47.7159358629967,0,54.18086415123371,-0.2797601684958344,15.23054443397304,65574.68632564746,47.09010198900997,10.436024960186336,0.7458565180985776,2.317516231196855,7.947115189455706
39.49258095938291,0,54.428915138645976,0.7903718960517113,5.490967746822894,35128.762289514285,17.201248917918328,16.23651825332339,-0.1846109944370498,0.5834049157981909,5.800344924662235
33.40640322842797,0,52.24607481304888,0.34005129456889044,8.417431796723132,30362.39991321733,45.64170702341044,10.67745686158381,-1.1577129239412693,0.6761036382971497,5.763973399307427
61.1141305703797,1,59.488642571742275,0.570612997219531,9.123664631439675,67079.7112281634,60.054489053568936,17.706605724006604,0.5107355496072734,1.1728942786314784,5.136137570952638
72.91299968564157,1,60.80068211089864,0.9681846605328611,7.942473931677833,19829.375900146257,30.483589108230532,16.669990929384625,-1.0179494461351504,0.017068825199726117,6.711462669158676
33.21718911417031,0,48.33265017220248,-0.33130838318332273,7.24923483063726,45219.76936179083,53.9514861210897,13.888675236239273,-0.758463922930865,0.79668416009162,4.047322597198308
56.75563084028685,1,61.565226049031615,-0.6122367345077503,13.238996736413393,18306.046357679956,32.36838727940173,10.373429213184428,-0.9794157382151545,0.7180620438372025,5.6982257543193775
42.192289170538075,0,52.54360105283086,-1.085150526557798,11.357796906816416,61863.65540863899,21.27590262438693,10.112501941227197,-0.13850102193995345,0.5390414967527589,3.8037144481583716
44.15449539482365,0,49.909599716920155,-0.8254105299789551,13.13821619281533,31919.65496679591,31.943675575932044,13.8189988618163,1.1701923340705616,-0.3220119706174046,5.818753267927153
42.89127290913357,0,59.997805775330406,2.9490944253087252,14.07141805836454,68479.63068891127,45.48203967675276,8.041646952479837,-0.005040870223528701,0.17205892236625886,8.825580681068892
39.632110763842206,0,55.659950526865465,1.2446795807367868,12.7968509795176,46430.24594796645,26.618235176684685,0.5873962426626811,-0.44321869242769574,-0.5883615643067782,7.274983001468166
50.582259535337926,1,57.16692319433072,-1.3510743662080213,13.97328952845112,19700.31461629846,28.99661340993513,12.4600202705148,-1.5256149300452442,0.012814304566494933,6.058960801189092
40.02859860306755,0,49.78040818732578,-1.3224579567435701,11.791403141273191,74036.52755739253,40.935394322931906,4.344656850325144,0.5521245847298429,-1.168490892099267,4.064691341330247
53.24548190935806,1,60.17602627600154,0.4818660617184915,8.439019835082766,78875.2392574492,35.030601167385726,5.189293859048076,-0.7804046059286275,-0.7906239912729525,5.9464103861198545
49.39714268661036,0,56.84368278003238,0.547264797377967,15.17344254246239,56451.844631083724,40.84622952486741,10.00111973997894,0.11751761915809661,-0.28231204192492954,9.043263521520007
47.13262343760309,0,54.62778467655418,0.5488838353173644,10.232663601656618,24815.061527884845,37.37829540758336,9.524375612232651,-0.3542186159166406,-0.9437054314300761,6.205874357393115
39.10923605550083,0,51.52273598521267,-0.25495579355369785,9.193211103712722,31163.19477535474,39.79625319551573,2.9396219684218483,0.8381772195994377,-0.5050172707451764,5.0329622400492795
43.07874403318001,0,52.607062518092555,-0.12545426000290022,11.466246372586806,39054.508716907054,30.676988141904587,10.827457820665702,-0.15723639202855216,-0.16392597675551596,5.2258568559395195
59.06469470990908,1,61.3763346113589,0.3278795241593574,9.261567242110461,25543.669614499413,37.31730942030393,14.830698304305242,-0.05892635452305161,0.4022623446643774,6.083649179527591
56.01100625149257,1,59.62774700918693,0.08589300629333041,10.747708854031703,84640.9343579225,25.726269943040663,4.358292148671086,0.4857471474554596,0.9492573018529092,5.235930620642036
38.269337062417385,0,48.99354883158606,-2.219300372747535,13.0321617646904,39033.02008995584,47.884336225033884,16.362416654243795,2.1069401822631857,-0.46378437137810796,4.615817196028131
51.19198766515071,1,59.45479423703039,-0.22979963057519381,13.045025217738381,9398.693567763117,28.657252831826863,2.19914587435028,0.8884469303585544,1.3351046172686238,5.995138496001895
59.01664548046147,1,56.41364287495817,-0.8514064342603136,9.306509800723113,43031.079229405135,46.2884748754939,20.586620721854768,-0.08860610634860941,0.9386110786254933,4.355764764820364
29.96713662654354,0,51.80732180065115,0.17521141890851205,10.536883881153766,30513.40278334023,32.663930390171345,7.943697847582584,0.003197990615288397,0.5040938319439419,5.749385878794571
56.52032230855922,1,74.27878589761318,2.98525900260341,15.22299901431073,34980.17396885163,37.019990107573214,10.728084984134457,-0.5248594603244346,0.15364912929661892,12.18304384672286
42.04851489264984,0,52.770361338784845,0.3674816654743044,13.489200353201824,30202.81216599811,30.050354491092993,0.5398321375716506,-0.9499957035196952,0.31912084186854134,7.47199352620646
56.84718402311791,1,65.38949589240374,-0.3135296861723979,18.225195118045626,54367.575052221815,24.84004568831971,9.689319667653457,-0.552750787066322,1.187051150666382,10.823822292828677
40.8408901214898,0,56.9644220095654,0.9218015019772522,15.540384521224583,63566.627659393445,17.552396123946984,11.142410888590959,-0.7721489637119425,1.2235796597592736,9.493740287453356
28.341414792025773,0,52.81298605569225,0.4826878872092127,15.432879205679818,41836.5894422316,24.446758414075404,9.569189479502528,0.6533683837958855,1.3349467283836431,8.889900596846632
30.469490745402048,0,49.855069008789314,0.4200944904518413,7.836394348632594,30648.66568333508,31.76091146784078,7.184594614738131,-1.071194857868986,0.04132683187700316,5.8461203166683475
50.577019359936585,1,64.0465437624197,0.606850593215671,14.291581054900268,35572.6156526309,37.11879178828884,5.267177407360926,1.3332105613800442,0.554967164998613,8.421900778377584
53.11667002065778,1,61.90735495167407,2.0565435648295414,11.840679594909268,36673.13715086901,45.103793132832635,15.652633097686554,0.7520463836188297,1.3435465066220513,6.630917674179024
39.1482004987471,0,48.351544200023305,-1.1308884353259157,10.347054589385252,24313.450143936618,30.542425402031512,10.15403567498975,0.02050172936766847,-0.6237160349163927,4.083208147152325
57.663109505328485,1,62.5974334575972,0.47363207681145447,12.504046021597585,48507.04500858415,26.18039235732826,17.703761882583862,0.00031861146506831443,-0.31841685371830375,6.3809088444689355
30.061759252772482,0,51.29383819741728,-0.9263811299815384,14.83563460383445,45707.659278463085,20.572852139972873,7.367588226025385,-0.5572813096145535,0.016036663013478343,6.851879749483726
49.2070424162322,0,57.05035626996337,0.5555126463422483,13.502494773012636,78450.30295308048,39.800636179041035,7.826026533138915,0.27008441134776406,0.8995987379794065,7.633054400776805
35.46780560285052,0,48.438169324556306,-0.9186865114860944,9.36457859597382,68028.01537650215,48.83194515329343,14.077971222980814,1.088092463208589,0.9151721507186228,4.212109908109005
42.17796670637409,0,52.90144918189346,-0.4173668136050844,14.22737674077786,25775.057538106397,47.66330267956289,1.8851251899821797,-0.7031564622558137,-0.2308641111979353,6.348672463026752
50.56878405579697,1,57.88071447627449,-0.2950899142379063,10.087237373772108,54729.009566528985,42.09932748147237,3.9326831992353846,-1.5333920889187305,-1.50860945437971,4.816907060017184
39.67503961659257,0,53.47462783139355,0.975816719344709,12.65004935689286,22573.305362141957,41.38543317267599,15.487424856765818,0.7032182548567439,0.24618394429596727,6.984630079487868
45.3853334692421,0,56.480803357366945,0.9184544439424138,11.089949797568597,51429.44001785491,51.97623779709341,4.140330353884027,0.3243659742438005,-0.9183161373284012,6.011749119602072
62.07551371057329,1,56.00915731845104,-1.2457173764463845,11.343401244793123,28048.569196711524,38.32081461416811,0.9047449234872609,-1.1201988014411794,-1.4899362046402225,3.727777687628147
43.07729756572222,0,51.63942114779112,0.054934110999848726,14.298728925121528,21771.855625080432,41.461296760241716,19.342635940365454,-0.733391370914118,-1.2638715607337165,7.40402902672138
60.0283053447817,1,56.202229252039885,-0.7095798547491726,8.879418840552306,41773.718274313534,31.79216138148001,3.030911760628973,-0.8591042740501407,0.32638100784556046,4.5127607364463636
36.44351774410858,0,52.734776737091956,-1.2585049106753345,17.8355852228308,9534.922937377403,21.379566291452427,10.920596991640847,-0.7245322690342489,1.361037360932807,9.765392923879405
56.357650134983395,1,55.975945200294305,-0.21701705042437042,6.536741792116511,15131.171198335029,28.161510995004235,10.345425963621356,-0.32368275404118774,0.03889451623624384,5.016159267051006
67.2988234478948,1,55.871341581655564,-0.3084827884558197,10.206996950235428,33231.51853817084,34.90840961465345,-4.053141583090419,-0.2665473042807473,0.2113806546459647,4.7810642593650625
20.34026599847253,0,57.721325157733354,2.4267164863455224,13.110635669825223,37843.74105305431,35.60785372501303,8.663414884160956,-0.6507936550684602,1.1828949388779253,7.846133157946104
40.43725693435428,0,57.830529672654734,0.43295982536069616,13.752942499305929,30192.252023113113,54.262858548553936,12.242066247395549,-0.7581638194999282,-1.5444549090835542,7.355636097550914
56.92486552616648,1,54.57195450845954,-1.3776175007542373,11.698572838284885,16486.24788153524,35.81277167591069,11.771546907594303,-0.22878434391938154,0.5201764216002716,4.051850530910763
47.56345536748409,0,54.650834899258,-0.5647740041709423,11.827827890995373,24126.209964797177,46.78843444025644,14.517603419017508,0.16769153485956126,-0.011589784318821215,4.043297234009296
54.4537504804557,1,63.19897958289828,1.0213832954293984,13.23165025598285,44161.32405445577,30.64922758423684,8.06254342547283,-0.3162965363648446,0.5660574588320672,8.092463623864036
42.75217775941015,0,57.52985035651337,2.088442772869925,11.30679156762696,48576.29264985371,31.883241142347657,13.562522210460804,1.1586670233413017,-0.48348390840381605,7.109466328499419
51.0390774496748,1,60.85967949406233,-1.5859833122379583,16.179543773804717,36022.11884776171,21.70992362776552,6.55335465959964,0.5080877144207865,-0.8179372904264822,7.9685453175989
48.13187317529505,0,50.48953859233806,-1.879924385139045,14.518047342694807,64758.28276416389,27.576719871234282,2.9476629179361247,-1.5908458568586958,0.14050890428560542,6.155484005059141
64.01338473991768,1,67.919819267928,1.8709651753717822,14.618473053016903,44298.16405539507,40.269813913637535,3.5113581215938368,0.5237277654138535,1.6491913233344617,9.538281237605327
53.053050119614554,1,60.83467716051547,0.38961417737090387,9.101529829888749,24991.028339463,35.07560180394133,2.6894477240229264,0.6055439825855826,0.8609101045414628,6.08314606880075
54.051231944902426,1,58.989077998270936,-0.8682927318763665,11.761834726782892,31563.25710749421,44.42938619897234,15.04792983945597,-0.43473496812419127,-0.5076927701800915,4.157368773839849
45.05747640653039,0,54.60259302568145,0.5346290861224353,11.09860215383789,18007.91966306077,36.8125394834505,2.427132454707217,-1.4951975873031556,-1.3409720359812798,6.289995488357549
44.14872531113008,0,46.35680928460671,-2.6357477390168778,8.983195872931603,34404.08219582721,31.47546268362258,11.370194203246516,0.00806675941113609,-1.6820672836977855,4.250743629095049
44.80930174616455,0,53.38673653016422,0.003375506597160999,13.0804925518373,63325.93941692868,56.48296863786959,8.670379029637836,-0.007708651482244078,1.3160994518504814,5.3383031632745155
54.73342570853956,1,63.930376163598424,0.32782117284308526,10.38706272666055,51156.510324686526,34.06096431286953,9.486757132746842,-1.1216462365331947,-0.9550822881358275,6.142382246019057
44.94818623015684,0,55.9881737119559,0.9242701395378298,13.96621148955071,73203.95019892488,46.63000969705304,16.818036475998497,-1.4512192162599356,-0.32551341299493647,7.847255608057652
53.477298282756955,1,54.334043479497964,-1.0138959522925377,8.789425311317004,31211.983234911037,30.987907934553224,7.807863163923633,-0.08755354645343943,1.3212111260775763,4.4427634244170475
74.90480958374526,1,65.31392392933263,0.08568716140335904,17.157121838525462,71185.88954821583,42.095994793835665,13.058007807748417,-0.23307719205082192,-1.6139014554789917,10.467774450504825
60.453496441180306,1,52.62091448449651,-0.9254246260595873,9.311002024223814,32969.820337406054,44.28015659151687,10.187816756905558,-0.4172653653223936,1.4922645094750588,3.894639948458436
46.08771761398591,0,54.6579019062976,0.2553837556743171,12.657907011601308,75795.3740409733,37.08491970575581,9.239905471836511,-0.08341073474656137,-0.2536404538925019,6.389385649983127
64.41456706596733,1,59.8026410733357,-0.8953463223630241,14.375577931164202,35920.79397952686,11.455170773033977,21.499845621932366,-1.1027763738203191,-1.1485833152387388,5.577968996177363
45.10309552374138,0,51.43033244073872,-0.4081008391602206,10.288078709399661,51720.81997622528,35.18252460856113,2.7932912714231515,-0.4348206128661142,-0.24735092714891319,4.927630823107129
25.542505577865754,0,51.13026064135605,-0.9958153947902291,14.557405930298852,75929.16780778534,47.304600477599756,16.445659177187224,0.5333250306143476,-0.7225967814014777,6.2321886155687745
37.902964268991155,0,51.43546289514356,0.651136241823657,8.312449206598751,32967.78612708219,40.2748083302773,13.28203282744986,-0.3499700803512888,0.4408197989057157,6.386036550750842
27.55049694768973,0,55.700725707203375,0.8584511166566653,16.356353097547682,40505.55862886325,39.458388752292464,7.60237502684108,-1.671972471792552,-0.6481324338877777,11.355264217037789
45.78183819150429,0,53.65482808898025,-0.2346205699574138,12.042447794897274,69177.55315442012,17.77743066042481,18.146592587208062,-0.47269227772357164,-1.911642210919043,4.761403447250939
50.22102055027462,1,57.75002069775664,0.03823799496002834,10.21076577609336,33979.015369317356,27.795449293249412,0.7594494380573167,-1.0701584635068604,-0.22056253440898946,5.402010348246304
70.1172477473034,1,58.15498235081542,-1.4485914146335441,11.102454682717697,18761.34394299946,39.11357631151439,7.391166713504642,0.26713629646173076,-1.356545052286539,4.179887383523272
53.923128485169954,1,60.35866449539281,-0.29967664800678706,14.42675780817816,106032.7754110815,39.10383276786892,3.957588978654619,0.3188374033804253,0.20431988398831977,7.6894935148148065
47.37079365429363,0,53.26733559199427,-0.05020461704174478,10.246634124448686,28713.359114801133,47.14666780132902,12.060417324357301,-1.658774625086031,-1.1871303322833242,4.7774326033708245
59.95286697420187,1,66.6134014703635,2.620793091029975,9.751926931731667,39315.65346174226,33.55133244853906,4.434679494064112,0.759012970582189,-0.4880128031720859,6.676118030517054
23.466376291905377,0,49.7340675749975,-1.1119670257741636,11.335390207248786,64731.5071381757,39.058240866738146,12.165319733706596,-1.1121863012785584,0.1825878042143362,4.2538366118684445
52.827374697302794,1,61.89077263761964,1.4641772387524374,8.469113661690095,26789.171815911483,35.16374241931294,9.06781792089223,1.5591822904823514,-0.2124587250342695,6.563030555084334
59.2503823266436,1,68.61867494142969,0.996858773465808,17.461631723825448,21939.98485174533,25.130572634984432,7.603230286719578,-0.04877626450061687,0.25043028300104486,13.067247986692754
32.2569650506419,0,54.80037817299354,0.2806364044901364,10.300816226355831,41227.82404878413,12.442086689052523,11.943236230166553,-1.2463934985391623,0.6802871657177568,5.279868853180045
63.72504851848315,1,68.36099040938926,1.7586204841951334,14.49485035854121,14815.982875052518,39.31009692130077,8.65689188030968,-1.1419860706926814,-1.157933699731306,10.063881710013867
54.06195688993297,1,62.201512659200475,0.3721054726068629,12.628410250943318,31446.625578349824,36.73947208412811,4.556825784704807,0.34809529178734483,-0.06439754062470791,6.659632656804872
45.01654503319038,0,54.25214572935182,0.3891591956679287,9.046397848554095,41048.90058394887,28.818249578998312,24.006864948174893,-0.3912998898983776,-3.329503797508129,5.992142048543717
57.59338239327542,1,57.52370755885939,-0.053120653017545344,11.982135872361813,31730.195679836314,18.80826943484135,7.564164084854277,-0.09665390961814083,0.24733330168252382,4.598086721548792
77.24831429365275,1,67.0559985002402,1.2235688824186275,14.352008337932244,16785.56430428298,41.29739514408738,-1.0880454007600733,1.6127802326970393,-0.3008141303748423,9.237135425777435
52.18239506070194,1,64.15533967228103,1.0964692338108837,11.43521599474108,80586.70609479494,32.34079925804448,5.789506551393057,-0.6992440642290753,-0.9834497634779713,6.42099312708659
52.978647035604034,1,59.49006866827082,-0.6256772874962124,15.579338837553085,38245.03691480395,40.568747223681456,3.663616558136349,0.05996285769570662,0.31571942229652405,7.594485738827784
44.48766920551707,0,54.79713003671788,-1.3192471945987674,15.06454617834559,74278.44336111985,53.64048530411758,14.130728080202578,1.4198444873730531,1.1726975771850674,6.282497339379512
39.8018675664225,0,52.3938462948079,-0.20298063739565708,14.756744563974987,31887.89899355522,13.585691196802951,11.60826329795793,0.27051347546640014,-0.4760177475989431,6.7662695863134115
59.964029798530945,1,54.897578154954516,-0.8000385643976464,10.621029683181009,23388.366255651374,28.00399191297636,11.99356400895172,-1.606602735358006,-0.9448144902417202,4.582421073829731
39.726994089093594,0,52.18590588325343,-0.0635245746153551,8.760472656655539,41547.4098472537,32.90624386688087,8.14988767081378,0.5053890117321368,0.16502526243871166,5.746295998765226
50.85879484663271,1,64.71166808889743,1.2374381346841392,10.159237183911618,32601.26716971053,49.548261741466504,8.603248764715392,-1.1630028577834441,-1.3356066666463606,5.833558525514222
44.2681106388186,0,49.708970164979085,-0.45730165508679,12.588722822000161,20153.218285113322,18.63596980793515,8.145344481961658,1.406807528732965,-0.6603813705355391,4.96737420152679
55.7477579089567,1,60.49840923394683,-0.04282338131157488,13.637360140597067,75727.15770089957,54.358610256806045,9.594034079322652,-0.8228676049979778,1.2224021616505023,6.416983636677568
54.00394526344338,1,57.94002125836541,0.058022734808395225,5.485285785718657,26605.277798157298,36.358559015662905,14.176667176824177,2.9695095077456646,0.06217922981228763,5.263795263976013
62.45047933109479,1,62.415281074587114,0.8484308822052846,11.975660395164748,14470.491814380484,34.039993382661415,11.680377062526732,1.4673759883276782,-1.8794669639461663,6.452722287269088
43.87980321374304,0,49.51537430051332,-2.246889333984605,12.474267675969553,70550.42821847275,33.01940236781093,12.500564148104333,-0.7966125696279787,-1.796991647279401,4.371976449850403
46.761500776479544,0,50.897834995350976,-0.6067002947652967,11.167367231053346,28221.827775092686,30.63736967819971,12.497794541246014,0.020013805001610485,0.16208569264677555,4.746123782992842
38.254835410612316,0,53.69787284130678,0.21128369227947272,15.873821517047636,26798.14784078353,45.48116759269155,14.42221218690869,0.7536442816334635,0.8623905759176876,9.017726577735043
44.66848087908666,0,55.89055005289504,1.2000789564268612,13.265340222752613,15022.527795810898,24.314792459175614,11.440750207701273,0.7836604742267077,-1.6176214586261501,7.5611183362434975
54.52760591653823,1,60.878806243526085,-0.49190244750620515,15.93057572424269,86722.68199839433,38.454141816438536,11.794240363394593,0.4423362599761972,0.4497126074965085,8.551890257292902
59.083863399744224,1,54.131944711762166,-1.876552706041874,11.352118438949303,19058.332879216778,31.158183342930243,15.944031205965782,1.25215903696611,1.3303435074897187,4.092251024334193
38.934016109868494,0,54.54673550017468,0.6197114459661363,14.812432477520774,37392.47426721366,27.378665514859023,6.67477040998444,-0.12296894663436952,1.8878589879586387,8.892040035295032
60.435271041267924,1,62.10838883702539,-0.6353623888256293,16.90519918358256,57314.570868216964,60.85975175683896,5.721287100242464,-0.36671766857603316,0.3312227598598763,8.490858085270785
66.26765430565942,1,61.75798340200078,-1.1896666590903613,15.935080347817983,44840.1161050552,39.1905073475346,4.07039200406572,-0.3468639879246106,0.5068025945524742,8.062650281655184
54.96121883868441,1,53.7900181185119,-0.6243453897132241,8.723575219713801,35248.30930120989,41.13265544661144,10.914572818101279,0.8583732319721272,-2.133184427628144,4.9045646298889425
72.52154975069679,1,58.45148844161976,-0.18452535765584954,11.238971767372856,15508.864937310786,46.37776780668662,0.7313387939043832,0.3651810403026461,2.099752547995989,4.666405294259499
40.714529610757126,0,55.0916195649789,-0.6047446645382127,10.964505883650611,24224.930846381503,20.78650054681453,12.310770480298387,0.2912836656902564,-0.5754902130961214,3.845349283520414
35.06414356026299,0,47.25323961589527,-2.205566057099069,13.467763605228983,39890.766857589995,52.52291909122032,9.454034527497237,0.795234249257182,-0.9334711584250414,4.8358365897955595
28.655357013148656,0,56.872869188671395,0.8970661968871322,14.0590606650436,24499.62193052235,9.910428215049244,15.673198499105284,-2.051052407853855,-0.2552061344396246,7.657343014400149
67.9525317378702,1,62.618139575036786,1.2748750412787222,9.483321977922792,40202.309773123154,27.312335899614794,6.640413447675047,0.3100688238751504,1.511673414185431,6.243782130839941
57.85238787624869,1,61.36114156774216,0.6515219913395057,12.203515541750813,51065.87293276073,30.409683268210998,8.983408572912467,0.21856888887371573,2.208046047543548,6.908860242047596
49.33298394907454,0,47.49238076836886,-1.1376856704248166,5.940218003531591,58762.04562470164,40.81723364970506,15.611016666466844,1.6688080813007051,0.12540867947584441,4.053393373959988
53.359623515837846,1,64.30068514771213,-0.20149153394751798,16.32583501740567,19671.188294898508,37.18718266141488,16.915678233890763,-1.528587982263667,0.9980841726036552,9.428413586665716
36.49413143241948,0,54.630622783275044,-0.006521315229458062,10.46287727796992,108914.99858486971,33.331852593016066,6.5992381712409,1.557186632376758,0.0432040486855039,5.5083680038249705
79.34902375540192,1,62.54933069181298,0.5987943895619102,12.167591819533492,53302.56177272438,34.880026553722765,10.9089061629358,0.07540912892466581,-1.037795473018184,6.817829896854166
51.55065418370273,1,60.27382675226745,0.6683404887180808,11.071050858035816,36284.39083269402,25.21976976477432,11.47209488842024,0.48898953066004497,1.4767436707882908,5.659739945340573
51.31273753525871,1,62.125133754923795,-0.7341737987784958,15.438082725040246,62615.510097691586,20.027676055158267,11.868267028105741,1.6759187876093766,-0.622127480356389,7.380863382920274
58.7091994867843,1,57.9652173356364,0.08199555641356042,3.4874806758078627,118504.22417874364,42.2651162233606,8.687121703421889,0.560761268005573,1.5355307733718824,5.808215858708289
55.772110780840556,1,58.383491673545166,0.4572804046152411,11.950168973022272,17687.968638041402,41.93706112536185,16.406916990618175,0.4003682894625609,1.2985413297690838,5.95368830295284
52.68660829134958,1,62.58224658921228,1.4558223221467665,11.682543727506907,32447.175565312657,50.84494375157058,0.5514825818922731,0.2422911858023184,0.6140362639572081,5.883177588316422
40.51430653465626,0,56.394808023548144,0.7045065398247231,10.639090837224952,11056.614996666007,27.099829031847918,7.89434882599458,-0.4834781349943769,1.828974756254353,6.019086374588242
55.65762028563195,1,68.91209407334324,0.7890566873755189,17.1786796369069,39987.64323813028,41.928152103009225,12.239653663864734,-0.028489124510392892,2.2323460331857383,11.952907572939779
72.5842939577004,1,55.838198637248865,0.08382662792936094,9.338011623432687,43594.97284471153,32.162932716352685,12.286124059746719,-0.7155127661227486,-0.1752433629643115,5.852161340691382
66.14504055385973,1,67.2199177325978,1.4104591452035038,14.315388531706983,35611.32350609659,46.904749851934824,16.763795153073815,-0.044566899425482,-0.8087941184164312,8.714808367599119
69.11823951967276,1,62.308087717753004,0.4097627959594974,13.068758366118251,26179.5333466265,45.219627766781414,15.991126966006435,-2.3359306970550966,-1.8642698372564723,6.909707299330947
43.86541188282578,0,49.96282048019429,-0.8610879101735704,15.784557757606548,13033.03727932223,37.11209399224457,8.57229187346388,0.42903956756754863,2.244682255430256,7.930199547296407
38.12474215689703,0,52.6936947367148,1.4033699701251907,9.998432745667484,43772.75372389125,31.604698433340133,16.499356217653023,-0.12173725378362549,-0.43968200891844966,6.484362564250123
48.49055695880422,0,55.723323098740096,0.6979032725390276,9.801093302628724,75185.76839471991,44.60932178608262,6.429791281112726,-0.3362037366667643,1.1350368571017395,5.93820700469945
50.668698947464335,1,60.898002811105506,-0.4430440211284823,15.288209722432196,27024.27383789542,41.469045232565655,14.654436913959188,0.21975808394014318,-0.7412553675094832,8.262767107652214
63.13029822165139,1,58.23123660834694,-0.47949296739924335,13.27596392499033,45253.25881344436,28.155595979138173,19.052612392104965,-1.4335639229654407,1.538265640912035,5.912163025669751
29.690424443422167,0,51.73377085904605,0.2965755451407618,7.365187959969724,16579.592379090212,21.72201326520569,16.074720534274846,1.9292699966212825,-0.7001175918154133,5.404376705454289
68.35460383352736,1,60.15628004487458,0.4631847952675847,10.38208495661019,45643.04556160877,32.11467099318204,10.528851917620615,-0.10276746148759967,-1.1917191336173432,6.163859273159894
48.10390521705213,0,54.39759712224489,0.19729226563120644,13.159147961544182,29831.16260570642,50.154138153482094,8.341106141139388,-0.14584443297218957,-0.20850643095375032,6.490341781392243
44.87742716063096,0,54.41639646015424,0.3113086734428849,14.513292664639767,24804.764352711325,46.46487158733038,2.357043518703569,-0.9653962101329223,-0.5317757009616373,7.861981337816698
37.85474749687799,0,53.98135116598254,1.6999573745763805,9.962308040421135,24830.255772409146,23.876725303294194,11.55269818957102,0.02394638244926125,0.5962997854612124,6.579441221164962
30.141719937610766,0,51.36054521267299,1.0715431522348857,3.2572320305491758,29827.742893287366,23.32242584100079,4.423913860145404,1.3869598902732805,-0.05139492719252362,6.024577705934015
59.878047007542975,1,62.802854940200206,0.19063559126502433,13.5696695572111,43967.968442605685,47.746838496794865,6.034326681930316,1.035916209432034,0.6277023945519214,7.192650558166024
50.87981560626085,1,60.45960729085602,0.9413105807674833,8.339037930168072,18843.40754608259,23.64364095242171,4.046270996316642,0.8544377511405561,-0.29102147308529397,5.968406909599647
34.52046920310735,0,48.82245701120237,-1.0325239035275395,5.947983605632766,29775.534168070313,40.09295323642008,7.698038336716724,0.5463989516672716,-0.6651073710188052,4.039511139811413
34.459054735236606,0,53.9757898659388,0.39792704994680894,3.5030222250475767,35570.22217297423,28.839287846636765,9.860152927565089,-0.35854252756260974,-0.5835605478960735,6.004342576731986
45.97058360851846,0,58.84628094214841,1.80930634973311,14.441942580593224,20962.28999039663,51.17044924521683,11.368072905828527,-1.450163167036702,2.0449387980310263,8.93937922123658
70.02825830347271,1,60.932188981992894,-0.21804589539237385,12.385852351214899,89172.91249211768,27.29575200862121,6.997466822930184,-0.20103877186663505,0.22517093222693582,5.3724502550075215
46.884903783636744,0,51.29693397761025,-0.8476339286190848,11.323030857863245,23700.51981415322,46.433615302058286,15.346418531975916,-0.23587146453367722,-1.9837622094530445,4.030865854340132
31.962284562582724,0,52.974276163136416,-0.6520888885930607,16.167073088888287,25985.177107625983,36.84858654060365,8.95897371005017,1.048794439671241,-0.520209013454081,8.572441662794205
47.05108323096867,0,51.20023031729588,-1.0896330373423884,13.911974049069217,22266.66564756865,37.52194854234287,6.061387833672404,0.3093904424598202,0.09686603247587562,6.508228796899349
46.727317163027955,0,54.487836728631905,-0.7847619081277034,16.84890012816575,89253.8685293382,15.296914186485992,11.131461336217182,1.6123115279035483,1.8453996812503788,8.688013425770091
17.63736028470114,0,49.821790035956134,-0.370508098590029,7.82179358349901,47879.97388758769,12.970866467942813,19.81776416771908,1.1974885400381745,1.0286987158898995,4.328489031334419
49.348461601786255,0,51.0587601035693,-1.405567019178642,11.89634812813811,22735.9805957712,32.79434059732686,11.67580283267559,-0.4564956095040957,-0.9217178364819151,4.040479027195978
47.22878563749586,0,52.27855086555355,0.015618333949603047,7.149859875155958,63140.379934601675,37.46906063416612,8.185721863131965,-1.7951291966198684,2.418355753572451,5.576708873628057
58.35447637776102,1,61.73514252035452,0.9022771737866472,11.311853004433598,40148.86087110657,23.748021722622767,2.36269321940648,1.385575233941481,-0.031160364801477616,6.14655877467128
72.18747313934415,1,61.275782492016916,-0.9077561801469204,11.254152438699968,41300.36887700105,24.11306589523658,8.902938395139648,1.3593852232307442,1.2463298110749446,4.198393362999899
63.51878035457309,1,65.70744933091675,1.5192839236417688,13.879840911789213,30569.602003778808,40.61472629826133,11.174640625440578,-1.366211590902226,-1.1550084973999026,8.82891910860988
46.773335713342036,0,53.48769116051196,0.5107920885275947,12.136691643425696,24966.54497154827,40.628544804571305,8.06209554372215,1.5092400198275007,-2.3981630952508977,6.2346510988886505
36.721689095099954,0,56.59945717067267,1.0305805856240573,13.870221414839747,42996.88927114328,33.62258939612073,1.6730768087950025,0.3821171705925179,-1.4084314903683608,8.218401374117828
80.88031763899832,1,60.407158632342274,-0.6578345538521371,14.110320399416683,27652.084281683718,42.80201721186075,5.747173052482831,0.16068549812565303,-3.250333476195706,6.838469236884395
50.71062120817386,1,70.25635958490851,0.8545252270666157,18.464786032149426,90073.18763458435,23.257977042798537,17.272692304438788,1.6147832542473273,2.1120893272529084,13.409451802745087
50.167151502955356,1,53.6316643440207,-1.091933900395313,11.054110034141626,19251.696147224135,31.44065082913029,17.170005018652304,1.3446851732306149,0.21453291888641599,4.120557989454498
49.71049895467996,0,55.25643639791115,0.8902475008365087,9.176931898000863,78282.42397126759,51.47877605783673,5.56680415397701,0.6513309519952039,-0.9246440184480313,5.905821197352601
52.37701712921426,1,61.22934307919319,0.17183933979353122,12.738250845949226,34349.42560240582,35.68322129939818,13.363783935997109,0.47321706581198303,0.4526240299801209,6.188952422634426
48.267675056912694,0,53.425046078504444,0.5532512199847837,9.59315991858137,42173.31132978522,36.26312514586999,4.107136076149132,0.6163942905303591,0.18933403618016584,6.457554372909468
43.116055917437166,0,53.31060330893514,-1.1755946056248516,16.44588230530961,55082.034167965845,58.059465859677395,17.02158140997476,-0.4000574338825259,0.6209333956139913,7.482593414231766
43.437692705115296,0,48.43966119505146,-0.8950698422766047,11.150345883164302,26499.346531929037,21.00657834151229,11.226179239471183,-0.05510144973232095,1.2095314011362686,3.760656723618044
49.60696075740802,0,53.205505641019066,0.5972282182533848,10.303270896378029,55944.99150237457,42.9643036664211,14.748207493082669,-0.9023171545945426,-0.2899211530250153,6.079723359919618
43.47890274639482,0,50.69809620051894,-0.9483480042242007,10.586052836546646,9378.996677963218,51.639862798081,1.4245332640873052,-0.3330397757389188,-0.8798393061009868,3.849684311885516
41.44585060787403,0,52.986857050362,0.46320629209912306,14.155252270414923,25336.59908112385,31.751420735014538,13.38818550962444,-0.36663387866893304,0.8277752143719177,8.274203576650905
51.27716273230276,1,52.16556771976309,-1.3671378064602457,11.526759050305545,22878.859479548795,43.596307868548465,9.961629681577483,-0.6353053696216646,0.8023327778844658,4.0010270371048655
46.940273390949734,0,54.10401800920581,0.8481742126666681,10.074999539608854,19404.2422497608,25.17980502789095,14.259645353954213,0.1367465026484631,0.10073580812134493,6.14697347265653
68.04791586299226,1,63.59178815604691,-1.232523314768509,16.996055752870593,32614.836818767846,28.132676044326484,14.574338990489249,-0.3239808507005772,2.1775541886807726,9.01459213598203
18.188362299283856,0,54.26662772086743,0.5522999376795232,9.43149047801475,44040.94216899435,38.849664160476344,10.328923447373747,0.5022347203519739,-0.43782212286165223,6.199037653427166
63.09808222306954,1,60.8456663332434,0.6256309336460009,12.10669822209898,51602.73733805218,42.9856667311059,6.995851804520426,-1.6223206132937653,-0.8998579716352683,6.1284227129762785
64.95302230997154,1,60.390664100453726,-0.6967718184295749,13.956918454830692,40963.56854504549,46.20936512406246,13.898480910897472,-0.11335479410729969,0.41809142750660166,5.749657328932699
25.119317211102206,0,53.0066304524627,0.5820265670847269,7.10599466874878,26033.85974290107,50.69628586939493,9.699227502974361,0.13155164017749568,-0.6749378569134983,5.424287922790863
45.88774887103581,0,56.17541868298598,0.26044226333355597,13.440781504217775,43673.9991512513,34.32553441444818,5.6360752323617875,-0.31062923983688057,0.49551652414489566,7.3695282629454635
45.5427096080505,0,50.824568314553645,-0.5388418561927383,8.834676973558652,38643.84715509072,46.93611755172588,5.399238842711571,-0.17239269980923128,-0.8330082558394399,4.202497585184962
33.109859663386146,0,48.781137374990486,-1.008554684076208,14.468348342502008,57990.12891756858,31.57695156550851,2.6141779184380916,-1.5852460107298574,-0.4002422829318855,6.732538028964099
40.6661997489095,0,48.446951472007356,-1.962625691672579,9.11204696424307,53555.20936120488,44.02091311588268,7.448544202184683,0.35647710466949206,1.8908404200391653,3.659115906672222
36.67308985441005,0,52.73575610452928,0.3496500472996937,14.078307095546581,36873.12360135062,37.074887978521815,15.51346023037189,0.6476059825670705,-0.4055873567476789,7.888389370574903
71.02724532108347,1,58.68179343576445,-1.5648027713620551,15.31749919888414,23187.61309892047,39.45677907081924,10.88914899852717,0.49353729420376685,-0.7988515440172963,7.250044616362148
61.228140717769534,1,62.75531150898776,0.0953441994413082,14.584309576898415,26200.2680885426,39.235078740220374,7.351161470384797,1.038727059442183,1.1706787887065002,8.079751917226917
65.2586611399299,1,58.69848087870898,-0.2634482160822491,12.753949944714307,27587.148802766602,18.952949902021878,14.024279690900398,0.20152960578250198,-1.0510419502866937,5.1446507174864005
58.66006476851882,1,61.39219597016554,0.6791427754381955,11.3060971712109,31019.360880161974,23.758781411392267,5.837616891383056,0.47868118065093707,-0.692943230147068,5.996739129156256
36.45137874539325,0,52.854434794218,-0.3020454994898642,10.270741270995469,41523.93196222353,36.02541439817522,10.476751371663893,0.1560907384568524,0.5765611205089946,5.0188712532903015
43.70575680464272,0,53.39872011435939,-0.3294477863470914,16.41310407245131,51926.63806848865,18.127209203588315,9.101848136372423,0.6875507195924941,0.9384114238732918,8.47101652220772
55.872494734735014,1,61.18596055356629,0.7318707042882956,9.90151433949707,35399.0638370925,43.31211103199756,13.895653127941761,-1.577229636132122,1.2204763910810745,5.864593846491817
35.33446629329666,0,52.62570392151582,0.3350580290841175,8.888801779290011,36609.476035423846,43.71555966288142,2.113858145402496,-0.8935809679780109,-0.7472218322204848,6.18806972249697
58.555981162068655,1,64.33925560980506,0.3161559571827783,13.99610680509849,39013.11507284029,38.2717055287779,5.749011270926721,1.586899657033091,0.5960086729861199,7.677071001988864
47.11609522210238,0,53.39492904119486,0.46926758980852623,9.611589590440513,28058.512572578013,23.78865987242078,1.8087717045273326,-2.4604358220962053,-0.46610819954417965,5.586092923383411
45.50215030940483,0,49.33051610767468,-1.5355721232071058,9.149809507601619,22863.656379729036,48.80138938868515,8.70201639095365,-0.14017792982534394,-0.6056556335106323,3.6221572347834186
58.5315196184419,1,59.33579541974694,0.756788679986982,7.669187213490705,15097.448746529184,55.37210639718358,16.05713751816215,1.1722749596080682,1.2032127822922853,5.656486586802026
55.33115973783248,1,60.82571344906977,0.6124687940136023,10.551270481618447,25653.244169943282,36.470768274459736,7.4727639517323645,-0.09326066554176463,-0.5495543958595862,6.412209539603144
45.66840601017104,0,50.10037832932991,-1.0166831285764972,11.75185492831052,46008.09906638652,40.10535378451236,7.446580309021746,-0.4050110714506975,0.27820459602097986,4.136500121080284
63.91195764037098,1,58.60014745475171,-0.2440804736742013,12.729275182982096,25553.87585459849,37.01738654796044,14.358622120920682,0.1294216768153004,0.15557946923063878,5.897823894402213
37.027240068801234,0,54.892571125978414,-0.039307287627631186,14.85391873289845,32244.297384028214,40.303691889987995,15.342747792276498,-0.3531201800024466,-1.0707543763385026,8.176053920350355
57.39122728333116,1,59.36058179862537,-0.1344967844017327,13.580693770997382,45853.90502837345,33.80441243373604,9.55714466365605,0.030849492756939163,0.9660928553563207,6.810608396739969
57.11721509562061,1,60.00458061787703,0.33385996656853467,11.42738334134046,47114.90801137287,34.65435760156197,13.42357427024946,-0.6833810365201296,0.5602808936789537,6.03146206210365
46.28544272823212,0,57.621643770738714,1.4313667818311835,11.40541297086084,21167.739371922053,44.057176004973655,4.615227295610268,1.1086744199557241,-1.9862906118704209,6.712535263655909
53.913596266905415,1,63.16998165222202,1.0817667276728287,13.53047240674555,59786.17214861612,58.456241618964405,16.88987166962707,1.423264921065661,0.2774211112373432,7.280677854012836
34.986637083376365,0,52.61331729447008,-1.3122191934314063,15.817710488785709,63810.62839219161,20.999287655982613,20.74353146968526,-0.13339032211162255,-0.772973434166621,7.392620946085819
61.08832423048281,1,61.54172261891108,0.6220699903060487,12.378942598449601,20641.833982528482,33.96187515597033,12.606078955943625,-1.3864894206912433,1.0970753064126277,6.916052228330226
47.78117436268413,0,54.14796217889037,1.3289333195354096,10.592607437368773,24054.60095601823,23.19539514767918,-0.42165810671400195,-0.5238431703133952,-1.4453998367807581,6.493959735344825
43.72732375377153,0,50.77416504573877,0.38680852068920263,9.021401996743364,65877.04582794357,50.920248985760836,7.208848688011079,-0.18398866010296422,-0.3564769686295441,5.6512946038498635
62.58811071004267,1,63.265750145588015,1.090980425185967,7.664384206763323,33744.517524014125,29.122620306801018,13.064126608346607,0.5055388769032081,0.36202455098846575,6.185982393775956
41.54787571348689,0,56.096270609463424,2.012270445700765,13.998809016130568,11969.42817949169,20.56799206214206,7.892585014168186,-1.008013223170678,0.05434029414187518,8.480114488902194
33.09846444363728,0,56.443302870859064,1.0237095461069814,13.733935570918671,18036.616987712536,41.38186998848573,16.360992771250487,-0.7691623186421507,0.7629582567139714,8.327066208850885
31.320449917713155,0,52.184346319575035,0.24930859564172886,13.732090575319985,32058.421444545285,52.44311114743111,12.940786322179326,0.5106761378588074,-1.5184219860092891,6.639788452678891
57.272119416147675,1,64.43659065340486,1.0450884740847535,11.614021660943832,20302.081056167284,41.635978685607625,6.467622496171018,0.9389088320395578,1.651914336867378,6.5225253592350905
34.6348477700446,0,57.69793341292124,0.14488783309689118,16.220804237675253,29533.72514748074,37.04797877281917,10.161324053856264,-0.6215940451706842,0.5251446587882714,10.126099500302077
71.05753018381237,1,57.024905645274025,0.02390304328495547,10.547644516245548,36908.5351013535,39.09140922775994,5.530833896804549,-1.333217053950996,1.359718213000896,5.2897247841753305
25.016847105395335,0,50.880621546090566,-0.35141423571373254,14.865807711621617,75442.59402712151,49.14840662825554,9.087075607937791,3.284118201287884,0.8742401692332417,7.315429709328098
70.35747641948046,1,65.60017652925042,1.5634133588321082,11.883771315031371,31406.59060923983,26.2580072998585,7.227033797837241,0.7833042370887136,-0.01161011445504353,6.730646800397914
52.53220960643142,1,56.58004198557186,-0.8184286659420014,10.174947705961987,62085.69578648537,33.88152895913687,15.873809001165192,-0.2670037617670316,-1.2841982109111607,4.268240140296967
48.83944265755529,0,58.30536764096027,1.532367724678116,13.777590921953283,74189.66108859892,30.473098514904667,20.580060284154975,0.8690312755308397,-0.5635531812487009,8.517987614423285
43.460970958292606,0,53.78081597660441,0.49986412374037137,13.228908356051981,74395.80498907251,23.3213469270829,2.8440583338212395,-0.1244566297144221,1.5895633328625773,6.9877451492699265
54.78963337222485,1,59.37484813885806,-1.3993061748019415,13.070918277800779,41872.19562321083,31.716247405831975,0.38391856895123944,0.8671568891001863,1.3854377816563823,5.031402094975428
49.54838357090182,0,54.562942544413175,0.3676492929914216,12.243835266168595,13607.214732259856,46.077210959824484,8.774137890743072,0.15939319777622218,-0.61959998010369,5.637345427494129
63.23962258419826,1,52.071392978231295,-2.100026507651624,11.886320754849507,45725.54684879504,40.66602148392725,2.407921505856587,0.09127189816757326,-2.8183042862021788,3.869012503135057
51.37073178394448,1,70.48392537329352,0.6255080168310357,19.165115978611315,61340.76713746832,41.443105001082,10.231058018354586,-0.11358186823078863,-0.21268973430511875,13.794560706915256
51.80362113754253,1,65.25460481796972,0.885231482988991,15.552769935588518,34872.93993037871,36.46475611653318,13.744680569029633,-1.4473813334630898,-0.2877028881291165,10.533480158781305
45.63665345343373,0,55.234077004685695,-0.5923559556520536,14.168480684956537,86880.76453605756,40.23323782728588,17.470709486334126,1.9380948993931397,-0.24977261204038337,6.570844132304289
49.316652515347194,0,52.9230503658614,0.12354769595558233,12.335397474610165,55821.63407869306,26.994096576518945,11.006972793576406,-0.9415339202677434,0.5285392018314015,5.876021449591141
53.69362122670471,1,69.82932962060725,1.9541574337502863,15.021471601790008,48249.304327312006,31.90490114072771,9.034223875752105,-1.3600235763105946,0.8762125793216632,10.491166984117514
29.477979288120494,0,51.32259113716118,-0.5057467042619367,13.553984329174355,62516.784745819714,36.92004236968677,0.1080754171345788,-0.2128598827563673,0.9902995470995242,6.0137494714521464
33.821774934731444,0,49.77377688547624,-1.0589075870566005,12.078614258322107,42902.4805803586,37.775158588818904,10.130925745928993,-0.9614718135105067,0.44570914013536694,4.289541909673622
58.91916912827258,1,60.89799022923693,1.4816634024625988,11.089307024202254,10442.034838035035,38.20187854921873,10.356436302747309,-0.05171279056027103,-1.800770701922636,7.027294132559008
52.050385257535304,1,65.51572950028385,1.9625871905307948,11.757247987011935,28294.720862379334,33.61664717983622,13.194784071063726,0.6877638485617686,-0.3411997326932956,7.063599555756065
47.79219996376785,0,52.59239005853761,0.0036956718478473255,2.4887227923658326,66077.52901295385,31.225765988696704,6.4575594923545445,0.995302900529223,2.30408978354919,5.436482191794409
50.22120719678472,1,60.65442151555282,1.0114630354083562,12.631802517892925,24250.786527196546,66.57771283044298,7.824736998820701,0.8147307216216817,0.37421673480247836,6.2048457015767235
54.170980464340055,1,60.12701541638255,1.341475915530881,10.534571759668921,32476.231015573878,44.06787272932399,2.609988723479079,-0.3056320547856803,0.3678195684438652,6.392986706701109
43.52288383628766,0,54.42955278929895,-0.742484232538384,16.778009994848652,21538.166858970613,39.13147475952623,-1.4564640344203266,0.049591827661585874,0.3594859397738579,9.271996448018392
40.66034329517225,0,49.710453134094074,-0.4853058353678683,12.058032212435263,88606.57090893292,32.66791501793606,4.457514546016084,0.40787905089749094,0.4153796225059898,4.641793817254312
52.350143061172176,1,63.53632712169255,1.230874513154735,8.433109741395114,84182.82734932269,30.487811730561234,2.1483709287349173,-1.7577874239420725,-2.3831121810859233,6.59783861598355
38.259526668619614,0,54.981520067700764,1.6850142787085094,11.850359537615647,23343.306265544416,33.691994062730444,11.683561477103057,0.5705847001198596,-0.23952431691106857,6.848632021854894
54.89903306857366,1,58.327249810562144,0.5628808601743548,8.861636744812486,39091.057062912994,37.92828843586683,7.409329716665713,-1.4572992875838315,-0.03789283179468944,5.952984527577942
29.568996749145917,0,51.617581436291346,-0.8798143535020543,13.4202222471374,25841.912701628487,16.195644559369185,7.308814349626054,2.0403465989064893,1.2814953992534124,4.863713907102291
62.34986764790772,1,64.08771251736754,1.9870611116994412,12.872842093018456,49388.47219243325,19.30610404625316,5.07793476912394,-0.40451508464169533,0.047672894622295944,7.191453211184886
55.67116978895652,1,60.08567633585868,-0.5309708978119645,14.873518893324803,46856.336935751475,28.631176110610426,-6.1628271625621664,-0.18487517719459123,-1.6465113866019412,7.462670595977161
53.07235681176651,1,57.83484974168318,-0.33513778117145177,9.627354624916304,54494.376171143806,37.071394367785686,17.54155374373775,-0.7697070992378554,0.4300891561717522,4.932328176956364
61.79229180734617,1,57.14709223313527,0.34233783448962146,12.10202428868444,42871.35746840008,32.607268528481484,4.998647386116058,-0.6299700318556897,-0.8038246482427452,5.885863192933351
69.98569333355093,1,65.4651921733164,1.5541604207147741,7.904934613720094,157582.2941285133,49.78121226099484,7.937899650750465,2.27409356914324,-1.2167856410814177,6.522477412200798
62.17244078021756,1,64.44175922849213,0.8539759765522237,14.104484345774143,21721.071766105684,20.176032130042312,2.7255391735534475,0.9403696886232976,-0.8341590467165808,7.828379733945963
27.909509224020255,0,51.85274150571565,0.41486550036191044,13.556613541320367,15439.714350336322,27.486545303966295,14.85965171720317,-1.5492024451478383,0.5425042296645155,7.449903841111974
34.645076399171586,0,52.67918734518935,0.4632885301181062,13.487415063082713,29835.519721069926,50.200917409911014,10.717144685186621,1.5042129006852296,1.2587612397600685,6.853932842650562
42.50217706765186,0,54.80106488628198,0.04351466864346608,12.004857094070823,16580.886034511008,36.31119324675147,5.868173573670657,1.1932422751414316,0.48292994517758675,5.568784491165748
50.313092602530006,1,63.27860304141365,0.5581395145185063,13.244318672366372,17219.00276727978,43.848425828011585,8.03885194327988,-0.28121246228828845,0.6320232236170215,7.27179437792908
56.21190824562947,1,60.05544175673127,-2.529560077694303,16.813017324925788,22011.991959488212,55.51246943269463,18.390899610624352,0.3066969420298376,0.47304527283800113,7.679890316432851
41.291074242158416,0,51.29063969542417,-0.29660745906979835,11.144717228873958,22900.305894331497,28.061955820981773,9.635152840593609,-0.014944079421074246,0.10132717686046831,4.852460720578788
52.24120117372494,1,61.26863807679745,0.241321934916781,12.415935551130254,22531.9808255097,34.00685662207968,9.091332311920471,1.9725799044469323,0.6969306349627576,6.504277727212368
40.93540481176013,0,50.50708027176124,-1.151014083619507,8.74162110245577,47056.74416965202,32.27573099069129,5.293092569303674,-0.7962901889920904,-2.4187754670694206,4.588737627008787
42.66178636409662,0,54.26720233876781,0.38632331781156,9.395217115205003,28195.156009458122,15.454069955167245,0.5270942476384857,0.14601060977572694,0.11108835130483316,5.174324883488514
33.120066837821334,0,54.126014548850904,-0.20447122098612153,12.293439879279923,33197.92697900757,31.89603196244031,9.199806632103279,-0.4281453309928047,-1.0449250346222516,5.452242138610216
38.92120104666915,0,56.47465578222963,1.75547569831549,15.311800640105721,56790.04852020353,43.81062187380665,11.627425561623088,-1.4330404046178542,1.1629025725441393,11.168848031555004
33.779784732604,0,55.53312054359277,1.5730197252148563,11.231157527245283,24756.385571514445,40.40589541812241,15.497922321638349,2.191638255054987,-0.1471553052168605,6.967297283608378
38.28952096427201,0,50.955315415226146,-0.46580556911816284,11.292250412063629,31816.078387088313,41.1908316938801,-1.2424826724982765,-1.1815665791024124,0.030948088267830184,4.549947627093404
62.64370155929407,1,58.56896680464379,-0.15083771156669531,10.779344266486875,43602.945877242935,31.244910193605005,4.374518364884855,0.2201291874877759,-1.5050718742538034,5.083571679900977
38.607213334016684,0,53.448833704818625,-0.0739475656083926,10.39572998746703,13755.803677663604,28.439027639943586,7.096294547217749,-1.7407006063803354,1.0168308890128515,5.3869447966533714
81.5885847780487,1,57.05520728879438,-0.4516594761596227,12.884914367126465,11020.883429660833,47.692556718986204,9.982595757133991,-0.39907053924309327,0.6273281202738094,4.9946759424643075
55.91981481057067,1,60.49267403818959,0.19502498402812674,7.508227064464066,43176.8030854028,30.026828536423302,9.274831542357887,0.4219688214334575,0.5569478823405032,5.89010785607666
52.218033484338484,1,60.04567225251578,-0.7582820688875902,15.842818730000182,46444.212506705815,37.94082038793214,9.391556571563653,-0.8247339795023627,-0.8130228521688223,8.407262283469601
39.699706637825436,0,49.763819114153854,-1.1306153349375263,10.00373310561162,101936.98094197692,36.633346806775386,12.040480292849722,0.586801850735655,-0.7736398449381301,4.37344898445962
58.4037185529079,1,65.57887400952667,0.6227112239002686,14.165710456314425,39302.65834489314,49.617170162571185,5.4835344461044535,-0.26904109188808245,0.2235994544459053,7.797639609737226
43.092346085146715,0,53.86269231202158,0.6295295842218108,8.190004207818372,54713.72432241783,44.714123576723594,14.670707211168473,1.1600825123986132,-0.6944984102480511,5.8344925427751635
51.464117775744334,1,59.40728883406535,-0.8043157596599924,14.006520391638654,32934.09354682383,22.047413793328793,12.167262208497403,1.3617609133402233,0.4348929626773385,6.231463424711033
80.72101445922553,1,63.79527102971528,0.8953554307625996,14.015833823443494,42134.139721047235,23.1244683322496,8.400838679359603,-0.5867447607300117,-2.160912602766722,8.034698366138416
48.8472812033042,0,51.05886156290409,-0.6315777291653314,13.15260621601769,83585.75759597705,40.78909818069134,18.00453995944458,0.07673285939295683,-0.48754455640659267,5.57743159073951
63.791279915428106,1,61.166536035163695,0.2531652380379812,9.016714434600622,12556.623709368963,34.35662352620834,17.782080177858834,0.1834542264722327,1.7967534654264914,5.853742637932758
41.56188289848935,0,54.159660222561065,0.820344012612456,12.748644568794232,44658.865801875356,30.448282160462362,14.664476775969042,0.6193492954346985,0.4394858279957648,7.201728867159304
49.58013811403646,0,51.70466340008367,-0.03361256470371301,8.450831445796833,105640.10549507395,45.156278839944704,-5.092783852838963,0.014381996244265737,0.16679366453099267,4.840487744388326
71.24960762762612,1,62.79869315396144,0.4547409121411344,11.241710234711444,41815.28031987854,36.87459382088911,17.89472546358988,0.1902109593428422,1.9852265356713568,6.008291001302369
42.47639530654679,0,51.542561950357694,-0.5164296438875717,15.08823930286598,82891.39049397003,35.52457386889444,13.97379261235967,-0.2434064747951195,-2.335953618801436,7.750848387141845
71.74938269596315,1,62.921428352550784,-0.19646658342809717,14.390105781212226,26513.09193428939,42.7982864075505,20.032043188564685,0.11523986697201831,-0.8153111147881075,7.506007950915775
58.493023225465706,1,58.68687876689765,-0.20585943088034037,12.0455488276213,35738.22963452544,31.248910050564355,16.187322958667693,1.2979401935351325,-0.4011731717473891,4.995920829847119
43.25039868926879,0,50.88800873425754,-0.7465783465402389,9.075580272231473,36929.36641026514,50.68518985472554,17.891713387486426,0.6460832412118543,0.8583512330053901,3.4914474008698972
57.58889286866625,1,59.943256053250074,-0.1767741631157821,13.93676313652258,11982.52311770173,27.119523767669918,14.393274250901895,0.701255639443369,0.8756563632282364,6.5139842429078065
61.67065339552076,1,53.933602536030975,-1.5486182988637467,12.058143713094076,20250.020524199743,41.56929066342088,16.74346599322756,0.7230703241355783,-0.8660067089826261,3.6996461222492014
57.46171954660636,1,53.73230209807651,-0.4911537471421047,5.03905320530873,20984.984986083913,49.33832838659845,19.9706187036722,-0.1538087778810355,0.9979543221425496,4.44735389913007
31.157303361314522,0,53.51647856407321,-0.28487549336967083,14.347889478949554,54777.40328133953,21.227045107279,11.08277369189103,0.3188270435795304,-0.4033147673217075,6.822346290189102
41.27435389010158,0,51.62732485175649,-0.2561797524953801,11.927301498390923,56166.54381544967,31.56664824147551,2.138847279609352,-1.0851736783357446,1.2116396256491668,5.166935298468399
47.02977637338194,0,55.50381698186318,-0.24149744587077882,15.607353743949217,42702.73383274267,46.42207392885558,8.462695499924289,1.268807656316957,-1.0326426981220578,8.380123440311312
49.10679885079944,0,52.10923551347521,-0.061764199860128925,8.714188443471585,54833.21752043285,46.572445477310254,11.949727996917183,-2.7829604323432204,-0.12331159906616056,4.930617591286561
57.44806517060813,1,56.6237174386883,0.4794415180860639,2.4698885604119987,33453.954963156866,33.28504399611761,10.374437921857789,-0.08714839233542518,-0.4901673153765603,6.139140309993735
52.132412011199044,1,62.715237197651405,0.8745170741325226,12.837251575035555,66235.10144900884,27.653289063231405,3.767190169202868,1.1408959771502742,1.0560303715657138,7.365127799538367
33.97586769547878,0,51.14538444138647,-0.6497652268482671,12.874691030045918,36475.43215562623,44.559358223307626,1.844661874025105,-1.3638679336293416,-0.522781216566171,5.1798618185621
54.56237421207156,1,55.43803422201088,-1.2032008553891445,6.927985117180644,37381.53046959955,46.83549102581605,6.294186656825854,0.3997799176168511,-0.04244852901175601,4.024266569439314
57.32702894340588,1,54.41175697592465,-1.042044412243103,9.064501362400181,31799.431249382913,23.35336651487605,14.038697779920756,-0.6807664465790269,0.5068113976630492,3.963644228397811
56.71748537517248,1,67.47542032046267,-0.48720292119492714,20.265653231159703,51135.039147851174,22.960863510336196,17.901698854114848,-0.3688032651888687,0.5452584830261195,12.448571496546492
62.96936870665546,1,60.25530078736039,-0.3519213178165091,11.08316815753859,29419.13499228806,37.252566819836,14.582838068888506,0.9459409606394378,0.8869526074731716,4.8684044821604004
60.00706585458685,1,60.37794941030078,-0.7699960661974573,14.192876929128648,59172.7072626993,41.293606334288924,15.28713643557068,0.1980569258851502,0.21112477684466674,6.397324189032732
55.51016095074124,1,57.60043343084755,-1.2961166642498945,10.048020517894848,20618.116904095903,32.009309147699454,9.595922134182212,-2.0343558678843627,-0.4182489152798312,4.408693532436577
49.15801146249623,0,52.65295381530446,-0.4561208274741882,5.72909130344053,20963.57889436251,41.792938199823496,1.2895877114701797,-0.9764255397315984,-0.34969874535875045,4.572575549608855
30.0684687978081,0,51.48230037545775,0.18142662011397137,11.489225259612283,51211.19182966063,27.89863393162618,7.723897095586473,0.9753357348887596,0.02567231520761203,5.386628773477059
55.15541862959103,1,61.76481144528792,0.5950294658355647,11.203186319141684,34742.808943765536,13.853064009262646,8.706177940638106,0.4489427181929976,0.24959247607438337,5.47109940479457
52.49225224595733,1,59.17337508180056,-0.5574230531083212,10.800365283994886,28942.150082762317,30.76098927667404,7.514737565821589,1.7481355725242844,-0.14717164784843637,4.635544052408973
53.258946046344484,1,60.10338845766606,-0.41299782214343406,11.656077493480822,56671.62175279203,35.632321465131014,10.273474326873131,1.6826475940132972,0.01920342096554723,4.970393853106332
34.679017090156286,0,52.7005396566593,-0.9266983088473107,12.79280481493691,26805.68559208558,32.241600401035434,12.207098799464752,-0.3422451301467918,-1.5172538605721053,5.539862095130401
37.02732151510085,0,54.204666971240826,-0.03143917037477642,11.54964914623858,32856.31927031534,23.41396736340515,14.265075941217487,2.5032378050694883,0.6673552844546782,5.146575665739536
62.637834239994845,1,54.605846426249435,-0.8484286341908146,8.20798149615791,73102.21710528397,16.843510241211824,8.60940067816833,0.02447966985191076,0.18111228888942987,3.6624090992972747
49.52533815372014,0,53.90401572004979,0.5731278132412001,13.458554374685816,78399.37018136893,29.859111956321023,0.48120297177703364,-0.9626685344090254,1.0018704135410883,7.329563798360607
58.178008368471495,1,51.80481410090049,-1.7858664919341112,6.1518847340327305,79713.88816634598,43.97655771649744,7.585611403544325,-0.6336398659105773,0.00016050740708493661,3.6504072244814956
50.339820513565535,1,53.134395587626194,-0.3596296724524624,5.848927628147399,31537.642505156404,47.561974394136826,10.21855198495992,-2.256725105289419,-1.7383975785217862,4.579169120557766
50.35707367394894,1,64.31529031897216,0.3011073391917421,14.217541484104704,67194.82082551521,46.87713384138455,16.114039610667042,1.607019008249281,-0.35844618930667493,7.415766538527266
61.259405671711974,1,62.00083455956363,0.18383451632250436,13.52106081640607,22595.896231961065,26.84090464851447,7.160960789079473,1.5947619890438636,-0.19992992311841679,7.438816437537767
43.80746326139151,0,60.56178075606138,2.6930336639804966,11.827813904777893,23076.00385974261,23.462936763696362,12.56271814199701,-1.015507438813321,0.7429033054335988,6.503212721961892
51.1534493232918,1,57.15216456736429,0.34980002456790754,7.813654485734784,11212.360599450676,39.96634614979895,11.450439498177161,-0.22788428838190591,-2.070273544513395,5.898045072175841
44.45269653553949,0,52.3013431679896,-1.0040545968420103,9.876267177977773,83820.60178535266,41.351000115979254,10.219502665616941,0.0956075441125776,0.04117951694893489,4.039093064013555
44.78604527081221,0,52.16958070917563,-0.09546424708907303,11.211759756940488,23576.602399119427,39.001696052004974,14.652666596622957,-0.9603530521421138,0.5136752157933061,5.379638312911827
46.28993451837633,0,46.499145374805444,-1.7762463334664518,7.21231809427766,34089.1254320818,14.859367257622367,6.695794016237096,-1.7551020312711616,-0.6614878852815197,2.983533415373212
52.665605259604554,1,60.84674988898584,-0.08059974929676088,9.782914025930301,23036.56071249248,26.331154151165336,7.124067751782418,-0.21035760377691182,0.07462800981684738,5.4991178385804025
44.25501654003827,0,53.89470352137057,-0.8330560570007587,13.95699101453004,51409.72439766764,34.70311209714021,9.94049588452886,-0.32107942945924683,-0.6270365091498445,6.6968503312661944
65.06907350688225,1,69.21286237014735,0.9153902755601617,16.28191609286765,30097.071981444045,39.87218194630427,6.799267474531501,-0.38841124098877516,-0.7295729332203905,11.426364685543941
39.26471237336595,0,51.63757061978697,-0.5495402745955349,10.741695742024348,18912.749583988098,42.673073626024866,12.540061455272998,0.22271606260096463,-0.40841985013131704,4.216643954022072
47.75754027006369,0,54.59444972902586,-0.11676591579524663,14.269465062948296,45289.53557801329,36.4425352228204,6.434038478169336,1.4295196585259922,-0.7106919924670108,7.625839936146998
44.7232273007099,0,50.63433448557409,-0.6355578414044034,6.257819788237598,17732.15589564063,38.30783806538236,11.131521038725673,-0.3030927196917261,0.6836183119363326,4.845776905759867
67.3637346122448,1,66.35450175124585,1.7388513518533313,13.978353723340835,23891.956599983874,35.848654583611044,9.499136156066218,0.17044299872136284,-0.7349518768353778,9.003520131181906
52.358657318138896,1,56.357989856261966,-0.3212427661179117,9.588154755817557,12664.4665646154,41.85619374218483,11.074629823883528,0.726870523744936,-0.9029100070479273,4.62417450052296
62.38213447362362,1,68.7712760730964,1.8325570434792018,12.92203685012391,17819.006435756783,38.12865651490911,7.701293024684804,0.5541429265127488,1.7679286668395335,7.669367459361598
32.173275523556335,0,58.12222523794063,0.8141517621182666,11.256742745280873,39706.27778824594,35.65737660047287,8.304558527365865,-0.614423524447842,0.9607400118240353,6.415265703242006
53.20460319043111,1,68.23376909996355,0.48206672733538614,15.961242029351503,13598.734024378005,32.31631200862619,10.48004633998525,0.09637712311403587,-1.8615133606592003,9.97703011911974
60.675569547481246,1,61.13337033974741,0.3687331473175197,9.376693054980246,17316.70874327185,35.81291425042481,11.010372530806563,0.5475398201690533,-0.7647682898525335,6.3317817410003
50.98740787130509,1,61.94496382887553,0.39379729821625153,13.882818892685494,36272.51394836604,39.84591378839275,9.97899042304422,-1.1283513375107777,0.2424629717227108,7.449776720125021
62.78576450078421,1,53.09333474634108,-1.92767257934561,11.1614776101104,27672.559017029198,37.67475388898061,18.52681178256542,1.263539010796508,0.3237550672314934,4.158227237805423
43.79253859879553,0,51.49096159578426,-0.2788833941507565,11.52508356597101,98323.49767230332,38.808264183452536,5.046315406293579,1.431588905214111,-1.4904928657368934,4.763784714321702
66.91216928222696,1,60.88708138724657,0.8451579711843216,11.44843832052237,90848.47365904003,48.427218613511855,9.678981025236432,-0.7227802554444938,1.158565492822322,5.746526972640005
77.586777483431,1,62.33740556483778,-0.04889718347410554,9.46298068651766,23530.17146145266,37.65163922746587,2.1318548894150773,0.1936700183481687,0.8252244191816259,4.99022078952049
45.64593727472409,0,53.26865154538695,-1.405189846803575,11.957703102279986,47981.40452988763,28.510014795268425,11.860407393336931,0.6422782566710317,0.48190163204033865,3.8705850696868667
44.653969743190736,0,54.29092377099805,-0.05240445057746945,11.812055333634536,52819.79361093317,43.83606785994169,4.42376731811593,-0.5456141563287527,1.356728490712121,5.400410852249277
67.44061372541242,1,63.73027817863806,1.7041055162554912,12.723720745220188,26937.120834235462,21.338016623310825,8.608448720617119,0.48161384568809446,0.45228999257091806,7.073840000909641
68.95486574876855,1,64.79938068310382,1.2468917155347194,12.253515437078587,17192.512216253952,24.18586619260713,8.13967837334337,0.16325562629216542,0.44858087925184725,6.342215443405831
43.72567967416078,0,53.52254551686108,-0.062004009366031745,14.39398364883671,36092.875683085134,38.35847264720069,11.404455633005858,-1.4679181776388008,1.5576792718222423,7.949690295672278
44.95775819484972,0,52.85243006033511,0.9514492770580866,14.770525848142107,33308.80856941591,40.16396667786579,7.2360454122741,0.4591613159785581,1.1012195807277088,9.676544890356325
46.61858469367391,0,52.183005160404456,-0.36650702036805183,8.848130034516597,29205.65843532358,22.54948776496005,7.023471511530088,-1.1001424162710358,-0.8415074589115312,4.45507893571886
33.866593867588676,0,48.90461220900661,-1.703871586826719,14.606317501772313,45304.35456356629,31.171825190132502,17.17928232042949,0.9392028516620472,0.6331951786719153,7.038775956555801
38.97617664218962,0,48.920093927816446,-0.9244659881295544,8.440990718670436,24950.152078635998,28.939161677803412,11.422833952372631,-0.6712110751338888,-0.664267864958582,4.404519238671002
37.95031079897518,0,56.276751385937104,1.5628887685081978,13.763567664413205,20414.51050432308,30.13323677118403,7.19474573988866,-0.16128543366114506,0.504154550950278,8.662245721041227
40.786429218750456,0,52.401615744097874,-0.2739930818293042,13.859216354108606,38351.21488509703,44.43597776272946,8.745831640943846,1.372278913446575,0.4766135070198144,6.438239462012133
49.583781351358624,0,51.32085067766563,-0.24338397937501807,6.266049325012488,44045.78967845611,42.06505463547253,18.226774761353724,0.4963816465288452,-1.383467312455986,5.04657729953281
52.81057679043825,1,58.48640432740745,-0.29983819627488056,12.27893773958823,20164.472102182615,34.80877820146293,8.824175608744515,-1.0794739195745453,-0.12184561131103523,5.38536638358463
68.60600591376893,1,62.00360147900516,1.904136589573007,10.594511659919053,57759.62640541759,29.54038072885072,6.553616884238061,-1.0149165707990837,0.26525702358040226,6.900388145466433
38.01975151113451,0,57.85043365746326,1.6259589153620633,9.723704226193874,14984.317469191843,21.503503297798595,6.575019249368037,-0.5993027886237254,-0.43629019099415695,6.153520311888606
61.81186878171901,1,70.54069955190718,2.218780233448134,16.052556992097017,27199.211710763077,49.201849387819486,7.254367595052113,0.39464408335666606,0.3147099423907597,12.17184363271888
47.43213386929389,0,51.1366074683952,-0.1590452104000513,10.038962578087743,31920.245157312886,40.92113900284919,7.027511387866388,0.35829981493276813,0.8058977770010688,4.93925698705586
49.40643548417081,0,52.943001637811044,0.29562448874709507,9.580869212645851,26420.305564858747,27.933308959268594,3.6017607582537847,-0.8431023046628692,-0.030593064230755616,5.280570355855716
58.097833905999245,1,55.21370051088694,-1.5166425494207911,12.22708482001528,27377.307703154685,42.19599497624891,4.378999515265109,-1.167209485614359,0.2245994767082595,4.33647073947792
36.527335741252415,0,58.685736136215496,1.4769344261182744,14.05676923889525,92553.04708791545,34.29776379425374,5.853398128193151,0.28158340508583424,1.383424078555975,8.632896782290803
54.58891695420861,1,56.016258813844026,-1.167779551267935,11.57505424196962,23731.48568809013,32.12890495137657,12.957855092265488,-0.18186006579016192,0.4731965832252261,4.245720617996226
51.99742649855667,1,65.32837186860544,0.2167755637626291,15.499111637007756,123082.58862116309,39.35211528289602,8.093813563635633,2.1572158874477374,0.20082428967447366,9.29551769888573
55.90941516809779,1,58.309136300735894,-1.097302527632844,13.592926985892271,45186.94017392194,27.585017500872752,8.9641915545298,0.03660365656307895,-0.9580793796413607,5.718588220454092
53.470023726893814,1,55.574961040616735,-0.5888668267386961,5.4653660408057085,38026.08188476186,31.5624348048989,16.350440126274485,1.8142528277002747,0.6710260113888488,4.592391321759556
79.46360167893073,1,57.90708773598576,-0.8372624310497003,10.411599109478974,46079.3494160054,36.214610641995456,16.47503574969209,-1.17038359810434,0.33014994939193854,4.520358526664426
42.347120188984206,0,48.596846384827636,-0.6078752606758179,10.314473701944904,128664.54559447907,30.005488071147866,8.589375284311325,-1.5732129395617072,1.283739433701408,4.66298781014596
43.62803653997819,0,52.25970355152813,-0.5391227031489786,13.438082860288267,22097.140677665437,41.69085210267524,6.8456824465829555,-1.1200851325255345,0.04687854330331131,6.1460354520804765
42.522313682902826,0,51.51063440941502,-0.5482687949250771,4.125548830877665,20739.41013682773,53.690665036782605,5.677848431632311,1.1891297814534663,-1.8162665001339957,4.272203399415243
43.33427457007694,0,63.14098680612044,0.8333339117803071,19.647029126153164,24898.60113889978,27.457018673928573,13.463878848541189,1.756101589693534,-1.7001208688282619,14.91083752915645
42.35135447232179,0,49.67930222408658,-1.10486279306252,13.59307828468263,36903.86523586567,18.348747036959555,8.97646383238856,-0.782179453952634,0.7356807637597333,5.15252292740103
64.26819837329062,1,60.74880240974702,0.22054142701386686,12.446630411753073,15323.064219065638,14.982598325237383,8.06752554838605,-0.46056602975955757,-0.5701935976981533,5.225700573042302
67.04605097587826,1,68.02879142839241,1.2179591523055584,15.544703149257439,36723.406853274326,33.49531858505018,5.931677124312237,-1.1689809102124997,0.4367677511104973,10.93372949702166
43.15104447500629,0,57.41192599810016,-0.513196364513396,19.030962158437873,84691.75791089029,28.368354098738173,6.151667954943058,-1.8116398471183872,0.11423264450235611,11.758395078971832
40.011733122749256,0,50.417746713584606,-0.7179188907476018,14.61223993376521,39171.459840321826,37.078605010670806,11.600290957466223,0.7184116977766297,-0.16683966769392072,7.128980135061154
55.65698667663685,1,63.319961179326896,-0.23052462518025083,14.84643928941486,31371.567576973037,36.32597672026101,3.4228086705636898,0.22302030296216313,-0.09636128558822336,8.106820073557278
43.37332346862834,0,53.6349209629145,1.1797252083607102,12.392070073393146,26660.0048501339,18.967831533859037,14.974343468939692,0.010487982673875443,-0.8653895050452268,6.351222749468331
57.59518181306613,1,58.87715452930584,0.1941076309533577,11.575422739899155,56911.67890838415,16.85116170518594,7.330776780925408,-1.40005653716338,-0.015777688899670742,5.114403356867321
52.435076250215594,1,57.089853277817205,-0.5312142946075985,10.572613667985296,24030.607597832004,37.959332403460955,9.251820278741038,1.6399566818286606,-0.5844934327943987,4.910213950250739
31.811070620033217,0,54.51934356344407,0.48387665118803974,9.521664024856374,91418.02611850746,36.35428834719957,3.315110209297228,-0.5033567380494731,-0.3722565201257048,6.344611379993748
68.57006241596073,1,54.324771221747234,-1.1022921498364233,9.938957700901508,95480.7441171528,30.741820016334486,9.938170308788177,0.5336264248164758,-0.32364904470916106,4.234915329589387
71.55053207714626,1,61.2537599281598,0.681359510442948,7.94833210697105,41289.99093481279,18.428564148676955,8.3583952865472,-1.4545614052447244,-0.22669326989871927,5.433940098054203
42.646535714187365,0,54.0094236805783,0.4086073077017676,11.77238564794493,36107.01533178769,39.713912627649904,9.749597005717666,-0.19052518962003737,0.9221734565070863,5.853396580654891
45.34758128076819,0,51.64475138168586,-0.3078084711388841,6.9459972683208395,60799.078045914684,47.71899545423943,17.358544491809454,0.2913744562385839,-0.12979082920469348,4.6167319698689315
53.43038468869886,1,59.20069446712579,-0.838585798447231,12.572749572431132,62780.46587438685,37.77982440218922,10.888490228951198,0.3270752180533076,1.0237023365900986,5.497022885828256
54.0134814798443,1,54.13631006389741,-0.8866809222834573,11.891008175872974,24270.19017438898,26.525261094349354,6.0267040792709805,0.15464854323662508,1.5378549513264816,4.06553042121814
57.902531272073965,1,63.177459243390764,0.5348173363459102,12.440805895160063,27909.500608082584,35.44552165571152,6.443400447267159,0.4945224920487726,0.8549446510561495,6.764563778824337
74.1224544651962,1,61.98634173525593,1.2289805024890619,10.433605289940022,18747.698602370892,21.33885919066315,12.975655929568843,-1.1305204560329611,0.5344685350685111,6.0455336996701226
47.87663327007141,0,56.63220068507367,-0.6373077470287948,21.23058111054151,44557.352972479566,45.57960713838793,16.49346645496712,0.19737260543966004,0.32683220948352026,13.262606727093033
40.42043306553855,0,55.76373582234899,0.45838670355148425,16.08034770054094,50681.38395252389,35.818443345295385,11.40959010375525,0.11375768348027737,0.86535870905007,10.084893510486804
33.448169263825676,0,47.16397360363531,-2.0870270186020687,8.266372499745831,18490.958855026005,17.31843088246768,13.443563722773847,0.23167268419506085,0.0893607385962395,2.8384419940626953
41.22883952069697,0,51.31674883976842,-0.5846177306571996,12.698604262280694,28923.235499528277,31.993256395563172,13.048688616683526,0.07234521731918178,0.9845698459571985,5.63607477096771
49.60247632551444,0,54.20574291342332,-0.031058932870901952,10.175981571188029,18515.676696023584,39.633015102342306,17.095322066787606,-1.2732127739133976,0.6141058052896843,4.905634992806887
71.53469436221346,1,58.14757713323519,-0.9096834169818336,8.956560819877758,23169.686684673372,31.669523790244774,0.25204913636983584,-1.3177997521089737,-0.35984046078038784,4.311813474903465
43.78866441156595,0,49.41107829569729,-0.936506374789596,7.979783786628195,47834.7924922623,32.24104278559826,13.336094696522641,-2.2142681858845514,0.8958508801028059,4.126610868317739
52.68545541966678,1,56.30526159628653,-0.6677795564688862,13.296650072277762,25166.24689247921,22.755977929527283,14.91868021951782,0.8175345098452976,0.09148000597756854,5.217062765229724
49.80292524712698,0,54.602606071864315,0.29219272832637316,9.955859294791278,31244.137013165862,40.66540987081656,3.306381469322133,0.8276575097351987,-0.10613200761231605,6.053263312307324
64.260719281377,1,60.612940916908094,-0.1873290184063747,14.903478072075613,16096.290746716093,28.515307999808627,5.57165907996792,0.8435502912221203,-0.4761991603989872,7.976315981079854
80.32318911048347,1,55.49560765231708,-2.238231233324972,14.981346643591317,39874.61180980015,13.435546229949672,5.746086256859233,0.3067899624614518,0.16601884787457225,5.919775326739911
43.62957472495615,0,48.68255096437613,-2.120700152635066,16.12174315563435,35520.43132096889,31.28742629329606,6.356049018113083,-2.133119217718111,0.9964626154129835,7.979794901576621
44.126726689781336,0,50.702282164749896,-0.6068651778571754,9.44283970177769,25223.222450869464,44.811497155703535,7.59141474532237,-1.026710491785266,0.8889400055930373,4.151991349897781
62.52993052482886,1,61.052759852055935,0.45768658605355206,13.42609683207603,33040.61532695774,31.130705534000526,11.213014065274708,0.17041541759311193,0.35339379745895677,7.487558937907745
58.182697875515736,1,51.34019099491742,-2.7475048427252347,13.897362649926903,39741.34816842627,52.37984985123521,14.328373255836848,0.13551800279179543,0.5996436407250353,5.1650568556864
72.16048790883241,1,56.67699394846605,-0.4997301761516306,10.577465474688106,24162.712679955475,39.28967948548517,15.406584788842682,-0.2227482131520212,1.2716967915225579,5.098356554426945
57.00713822391157,1,57.504192948063725,-0.5262478565174211,9.684684127821374,17359.040709169134,38.38758162280366,5.810884694161091,0.3689172029082467,-0.14996629117086105,4.337214841697648
45.688494910555285,0,55.70235279295289,1.3883377782084478,16.828561997327917,89571.02960179663,33.71601734082391,5.776485006485086,0.011651707685245566,-1.1154200035302062,12.89395656930457
57.08785796830771,1,58.445145356812,-0.38502181171286365,12.682487627196162,26459.317604762302,34.31713792235709,16.579109200081113,0.12077046555136169,1.3011298521785726,5.566454310594752
63.30444296699489,1,66.63468136284149,0.38298898474092846,13.907903252135213,34600.38016477012,32.36576364880496,13.233719677093223,-0.6390653328320162,-0.5297782520307184,8.111062575820991
59.84578617436837,1,59.29796956556039,0.14125714008746323,9.533771964516218,60199.53262185158,31.977306079174735,10.414324209344981,0.9820109861215902,-0.6903381233439047,5.736795582352821
56.08728837328757,1,53.08804214324527,-2.1305664798072006,8.342146600433418,212039.44417677785,40.30867162067149,12.366683377774836,-0.43077160868038405,-1.7961977553345514,4.028370219470881
62.80009627506985,1,60.028097057128186,0.7682072166317373,10.29165067652367,19491.948757395956,25.641687702094345,9.850981090742797,-1.3306490830206263,0.5712830531642964,6.183242634531444
64.03154708534808,1,63.05833957511096,0.21539650545628794,11.627935837830009,45474.80006855301,24.241061712757404,12.622923415238073,-0.7709990128187286,-1.6214526245522214,5.192376178031763
66.58590789245032,1,59.65341334430781,0.5082686396745896,8.807339979547955,25494.64877982403,23.768049491246224,8.319666517471298,-0.3484661913619803,-0.7502588076917368,5.977320410179359
57.784518651075715,1,67.77261571639868,3.9262377064363267,11.97046557404885,27739.28303686529,55.45654547677154,11.344024672196154,0.9940027883688467,0.5882367945150587,6.2819317254348555
47.994583036197746,0,49.787436620502106,-2.0841129394985884,6.9344844357945,25333.780695988185,40.3034290167058,2.447269748152518,-0.042267998434793036,0.721921252408372,4.09764630042727
51.76056423719987,1,62.97192698175512,1.7246966497611085,8.639857732590382,20685.17452430503,38.04492201680145,6.561078525872845,-0.186148218965649,-0.6517041482182336,7.115149517876225
64.47810759810028,1,61.17294081322934,-0.28744751940035557,14.012733744830626,35573.431040121424,24.424853297065685,6.6149441160482825,-1.2486634247626274,-0.1341533269924053,6.748277174663021
40.19677194815317,0,53.80537539328009,0.2873289044030093,13.811371560833683,17374.32214571817,41.23342300674828,8.128049833965429,0.7854825898295763,-0.8725945264061531,7.850510887962171
54.424079706474814,1,58.46577707300314,-0.04551224530124217,10.824369703839402,58302.70581927092,33.83428653546672,5.367433726101259,-0.6519521540233857,-0.5483967878111827,5.5005352342159055
45.27993425207167,0,52.15528918388038,-0.4242363333980435,8.94670707276914,37328.092340458636,37.1416894113175,7.332281870884591,-0.10002785894133592,0.26621526015290703,4.832775149657793
50.34493787521781,1,56.72886554524094,-0.5698329282387588,8.917789345421967,44856.21749144656,25.233796841364438,2.427929688009397,1.4801830768818647,-0.5016466787964576,4.346532920533825
65.34142235128758,1,59.68486376101174,0.32950873557300914,10.880195262176057,28764.74240279735,36.602688574175765,12.743502381974501,0.5087633310493045,-0.24421504017566917,5.9595892404673805
52.29318881623884,1,55.99272748589933,-1.5171736966716791,13.933555474935874,30224.194738478658,30.761664617935168,9.587432405443028,-1.6282540477151743,-1.464706681617567,5.8814694801703835
50.55723857787378,1,64.45937529635506,0.7505791675217656,14.784737074032973,41931.05297694397,27.343888429698122,1.4739619611199153,-1.7695102363524722,1.1329561648061375,9.408638043494287
33.68172630824097,0,49.402937922408114,-0.41619440488525394,10.510404793554093,20291.851566805293,42.34106335807249,5.825850447266634,-0.06431045011924605,0.5100665931710657,4.73247453386406
58.95504279232665,1,51.97278929152888,-1.1300693390403578,8.539522722045648,30363.751248706172,19.622921914699976,11.683007137810835,-1.212740614874805,0.7929053718372018,3.608964401158514
57.7458101736929,1,59.37497799642567,-0.4500128579958137,12.803530913599,23628.13030012309,40.647762643141505,7.2848902680710514,0.6485467476329978,1.2904253246168622,5.600903208815597
75.95905667966552,1,65.24150439203295,1.2571492168625729,9.529395088122453,23265.23801207243,41.84486133552996,6.515292699309517,0.04226306496497919,-0.8252128755457164,7.1625408931251275
46.30666118056399,0,53.184803449738496,-0.5353350870162231,10.445242083416392,12645.805772445343,26.203563244487594,9.627036614959618,0.16538476902386298,-0.3583944830280237,4.218650309287055
52.62980393196727,1,61.605044138460194,0.35845361820962024,15.975828271311112,70945.21899326365,26.796715388675324,11.71798767589108,-0.7067431816423531,-1.894834367582211,9.536885133754247
52.992604204529066,1,59.40971742423949,-0.7309562757154733,14.481346285697304,25763.927236288942,32.769743187335976,2.818237714804197,1.7413836552867057,3.140422910102237,6.745193510299686
68.9294393571617,1,61.399542910825836,0.7579218499236196,12.473922936754356,64970.46282890519,37.820362104622205,12.750642406089398,2.8425937280104594,-0.14958531531737618,6.848188295483041
48.85645361135658,0,53.98471721387807,0.6855077387902041,8.184242996661832,61969.41034220467,33.471450081857746,5.998533591963117,-0.2785847237567147,1.038727899914912,6.430121846915851
53.34825830924407,1,64.40699305977667,1.8486088332964115,12.634189702411977,19091.53165256067,39.335624601918795,9.910360158751006,0.35303924841500095,-1.2381611443354588,7.378840845212122
57.29475811659847,1,62.988613158231,-0.1755639454992155,15.18797187236258,21073.979979795986,52.62979652537399,9.822899296542452,0.09741734306431259,0.9963884256430094,7.530743722323845
52.2393094778763,1,60.96616987709548,0.6686548047579066,10.873099002703393,130646.63041390791,29.922832308502862,7.364669408801129,-0.25968686344106867,1.8575908766496656,6.283694728476845
44.64279662539366,0,51.900274748958786,0.09806753953894455,16.053342269960147,87156.70383716882,17.848200292965796,4.8817012693464275,-0.8320704677327967,-0.060280749027981445,8.829266034882686
52.32907991477969,1,67.21071861928354,1.2958717818630143,15.878235868554622,35747.683303960424,43.25923583030653,8.571567259538682,-1.0849679874804772,-1.0108814965896014,11.189679108451465
62.883580998317264,1,63.34481360774618,-0.7188323876087304,16.99119849643042,41302.840474594115,51.8331457592753,18.126651545375974,-1.1355972655255242,-0.13879640094553602,9.032262111878671
37.681816407067274,0,54.88398590383277,0.7450053128772811,12.915729379594058,26491.436227668186,38.92768363051125,3.1916248476818456,0.40524002554914546,-2.2267615249572263,7.425141337454865
51.595636089762515,1,58.41393329613209,-0.19469729611668168,13.762175099418037,45079.206100697054,24.12251324646332,18.461565095524378,-0.5196744782036353,-0.0378867010218419,6.703408765607928
41.59855022072992,0,52.0196301609983,-0.06418817710849775,16.24256186499327,25372.19198773198,33.76107636764799,8.701394144617337,-2.5782928501405302,0.8209671393129958,9.855950011797896
64.34055954709811,1,61.55851526267398,0.09175248444837286,13.342181811206927,13145.346778702436,23.814765157883677,10.176857085443196,0.44485822059832236,-0.035757644373514225,6.570959766700483
31.721757142594704,0,50.633956993896106,0.2522403964266774,10.496297676629363,18755.12086189469,41.42855493962948,4.5664459430763635,-0.03826128246415587,-0.2841395546889674,5.652126286784603
43.29293783274094,0,50.12555611276688,-0.11622904312195817,10.654371490416416,36700.52627746598,21.487095973015656,6.143652916612596,1.346673001401146,0.527568116112033,4.573308001861025
54.52654250077425,1,60.21334199316176,0.21471318317052634,12.715664861321217,20629.273345461566,31.998712131718,7.485451749809904,0.3731223970910093,0.6040248469495526,6.41059981233264
68.78628835081209,1,62.17799988126551,1.5781180575621845,8.128315734161344,35114.213395943596,24.956621737060935,4.771525145610439,-1.4786735963102973,-1.6599055625051826,6.376623765360109
49.210996867124145,0,54.08491547474991,0.9854496856152184,11.570223253907422,21219.364854918524,36.268246851349616,8.95541021314564,-2.229676640729981,0.08882296227878847,6.771447512424496
43.337605679681616,0,54.93647644029766,0.8691545924968965,15.289641354690762,24558.73903571487,31.336583228622423,7.964920540966144,-0.7194723843379374,2.4359851242292434,10.083551675786095
72.57388483328708,1,56.85042809913806,-0.4555395260238707,5.426238446504157,55635.82755534891,36.76762103250264,19.253905712178668,-0.6251074206936527,-1.335016245648024,4.9841877907365975
32.623833195005076,0,51.25349953938893,-0.8892408282283243,16.603446305383546,41099.04950508929,35.223505549663656,4.170129071597694,0.9431592010001667,-0.08541883283306648,8.804601351788774
23.614328520559017,0,55.30749987183356,0.9553005582377528,15.36712265610948,36140.44182132414,25.1334097227589,10.513452583742936,-0.008870932289573393,1.9417461220517027,10.192580289289653
55.28017340063999,1,60.92447689333492,0.8760467925297942,10.620706152508571,56358.141307309386,41.26877063529022,11.239231409509124,1.133688498098509,1.1041751565436755,6.292865596666761
43.97534930776867,0,56.98463579505502,1.472670675750982,13.630172483615429,46180.10223178953,34.51234348156885,4.648397256740813,-1.3248330557026347,-0.5133966807760615,8.259109353288697
37.74520619443144,0,53.09944036015377,-0.6039806259692295,12.00944318071898,74853.01320562564,25.114709921340996,13.434137477264192,0.965264384380448,0.2061353796226038,4.2252734379807055
58.50027736759224,1,64.36130101354638,-0.22954865536034708,15.689971105316049,28855.917652568765,57.409265562057925,8.00836493559186,0.7209891534309195,-0.0021116799848234138,8.429521356206752
52.925608565254386,1,60.15615863876465,-1.6394841625254342,14.948049428309822,29295.30404727456,39.764301667171246,-2.4619482579153367,-2.0182341114311964,-0.7480718043216674,6.872116000460731
43.23105643115926,0,52.47376730391725,-0.39247110606087293,7.799787830450972,18947.842784561675,33.467394466006944,13.299248060522824,1.3226178412607723,-0.0742521074930824,4.8630721181356495
34.63634721594927,0,55.711330851386826,0.9965705105794472,13.76178724039253,29304.88900468777,49.15204526701824,4.4152955794881805,0.09345849176635274,-0.2799661328065292,7.730955505461375
60.469487939361734,1,56.35589169342387,-0.46649537922819795,11.383116439070257,58828.69041716697,53.418156093866074,4.761125269304505,0.3920445038685057,0.11274893807674967,4.000620579651324
57.80241413550393,1,61.19352231948864,0.6404797952008238,12.2484977115543,69563.38888317625,33.546505776861146,13.43951041446199,-0.8648961124284227,-0.7483831806910334,6.429534093069837
48.809889634647405,0,51.187467599210194,-0.19050310599781134,9.815484297090553,58697.50989475114,38.47397486434762,8.26419258790775,1.2752470129219724,-1.276618200244661,5.187737346437975
72.159643952572,1,67.97930674166662,0.32405702822156063,17.244411207362507,14807.721796897995,25.11997181997059,14.588860752757501,-1.1858523292388699,-0.04128077339237078,11.043093188808816
37.158982804086165,0,52.644703216553204,-1.1476913898156673,15.120185459707727,62415.73002541444,33.528072492319886,16.050830476826594,0.832092018373946,1.71511821817878,7.446787173333472
31.693697948903136,0,51.100808344812755,0.08520944963390106,9.780686508081098,14483.14282572275,33.009374462401304,6.775357698388511,0.8206074759086712,0.08220292626279649,5.385654708893532
41.69710316142507,0,45.94560688205494,-2.9911359709007233,7.9961681792693025,56900.457588610065,36.84827033621654,13.966312479775153,-0.9741674281722221,-0.33159377893154535,3.9217455604186227
49.452967803734026,0,51.8357073629,-0.18689615816198485,10.842982107066454,30215.4220436145,38.3276047863701,6.2226959930355905,1.983373599422574,0.7540858050384984,5.058709432517564
52.9200733918723,1,56.47000060589413,-1.6304732437151401,13.303507938273917,51599.46880639352,40.5982844882806,21.165579585660883,0.2315284802175192,-0.15831961259537855,5.279859546967193
47.10516730572404,0,55.259357582006515,1.205994516546816,12.72061753183867,18653.252861934,37.37642656299959,6.535214977343925,0.6538926102710242,1.8680329249591099,7.7120766997794865
54.22466475817156,1,65.31557269678072,0.7774073527645112,15.75939847430473,65224.06770322071,22.892573733708353,15.130437204800021,-1.5271207953357557,-0.003912509295078522,9.930971067992774
34.981526909714674,0,53.473396016982626,0.46667098196608103,14.369759166542558,17457.290375567783,25.61532894258915,14.218950129407878,2.117730003008565,0.7004970631581634,8.149191054902014
67.3251752488791,1,69.588646967145,1.52100622715938,14.90870707725872,25997.938998505964,29.535923805363268,11.580439110544669,-1.2245569402250898,-0.7546043823932729,10.45277046643632
49.01418585928917,0,51.80192200386865,-0.9489165208248372,12.980566201831312,22047.4601018471,32.17759408076771,6.647284192916585,1.0248864327659304,0.5030892533366624,5.5078220904418185
63.407549979057535,1,62.47429135205162,1.7473631979155582,7.832103809367029,15106.155271072164,45.507742904721134,9.243012540292954,-0.9947717179316954,0.27509347694375413,6.602188909457577
54.11270415653245,1,62.38358270658525,0.9321915642603847,11.412904406559296,38073.119371071676,23.37061013147087,-0.7679405647227604,-0.6189888028476827,-0.05650612465920803,6.4975862944492455
55.48103862984541,1,62.10124445918808,-0.23655528721894603,15.180269219725997,89594.0830073905,31.425849518293,11.122100191911251,0.7887540438854471,-0.5017577611697203,8.367996662417372
56.837207362786444,1,63.81361305736735,1.1356201471829441,11.845431214426062,137785.39033636564,44.5300949821405,11.748076655141926,1.0275527136751572,-0.6380301656523745,5.957106190005767
55.37250272020778,1,56.57573463798771,-1.1062935124116342,13.50927110587124,38123.18451675113,32.00122525503388,10.667497095306857,-1.271284249114102,0.28235266397965253,5.927714425579105
57.71267311841053,1,55.83402632802781,-0.8245141615276735,11.0437550542616,63471.14280244221,39.60415649842824,-4.866530856462788,1.0904721690569938,0.6289391096964736,4.064751748110067
65.94983036158918,1,54.91234548895649,-0.6085897232397004,8.910564454374466,40784.089412834,33.604579570720965,3.671817774550945,1.044980495133194,-0.1271627962941314,4.766011913544588
52.35825403641764,1,56.42655716620694,-0.5289777080640152,11.629967807861668,46603.99739223942,37.56783257324723,6.259545085756687,-0.9379534088448924,0.2872679291207924,4.397921125990728
58.508045091062144,1,54.802471288640234,-1.0565576427602528,12.927142329097961,30605.21427098286,32.71527456190459,11.45829466594523,1.5986475935911102,-0.037914678132769594,5.131494867438192
48.92317166855328,0,56.5216805539417,1.223083067095325,10.032936841615669,40036.165524075215,41.67065472728354,11.446694528214923,-1.456857628248038,0.09852602490538785,6.48860947457484
67.28140658539368,1,59.15324582528777,-0.25885440036983165,11.292866265429994,47512.08374508221,19.549435925935647,9.148881040144104,-0.6247725827776154,-0.20044498267722502,4.269268766620382
41.88329237528876,0,54.229912898277526,0.35250496835687956,9.181610274042052,27194.502980693145,31.36687991611455,13.176227683019784,0.47900262409198874,0.017972579368308247,5.874255323587002
71.61128519492979,1,62.83828717553933,-0.5703513664136806,15.357734752692288,34935.29272393047,37.96572676694308,4.8687881234855,-0.8535662847026064,2.6980404568174263,8.247796502550818
49.51810459226788,0,48.349882839622,-1.8206033005485172,11.116632727235897,35269.89127232133,40.33695248006193,13.05117502846998,0.263819085679341,0.3116342988074249,3.8011226059231884
32.830698774583425,0,53.38861869807166,0.2700573583914221,16.35826663537855,54896.323534209114,49.929526227538275,12.373710524199456,0.24107607880329518,0.645296958431043,9.690906567430602
51.53725297892947,1,61.907084965655315,-1.9122549754197768,16.586243551622726,21311.11217860398,31.089753331344237,11.887773664189552,-0.18707426992272058,0.438023605328097,8.383601119230793
41.82738011030143,0,55.134675200794256,-0.06863404608546861,11.756862105834768,35391.568602964246,49.79481761860873,9.08979784457172,0.8324005385905596,-0.26281682329705947,4.694039663664418
60.08772258786469,1,54.69609559606119,-1.3683150388328105,8.97465380235795,94466.70605509392,28.409761733403293,19.15371912415631,-0.22836079265763917,1.293989213291668,4.052110668200035
42.16851224837131,0,54.53221846979969,1.987275999230808,5.742306366799989,64992.68969309986,48.286464115446435,12.465978442449392,0.23154106881380565,-0.2911637704263413,6.159055499766096
44.64579880142264,0,55.883117152744234,0.9113627221747217,7.583888780919626,71295.57369379039,43.17467126698372,5.158320683732206,1.1464718774879026,1.0550545489425514,6.036297810846091
27.325511228653628,0,50.39957705948963,0.10575379127148042,7.87849552530402,36761.850678033465,25.865414203677773,11.24152737867992,0.7906862100258404,-0.33420699806644877,5.415304544868185
44.57232416901108,0,57.439926040619106,1.2637066776546686,16.135408882384514,42637.89888062896,38.07039237251822,13.762416885371092,0.7860172908142086,-0.9599725191440409,11.907519280327774
20.91344808045252,0,52.58521853569309,-0.8463159774657358,12.347473761680838,59941.1234348276,34.487641644678085,7.059457005378452,-1.1491796022167802,0.36539620823619295,4.796639141231481
30.99316611817132,0,52.83275338543459,0.543479378670093,13.168813572275964,79231.38422406519,41.255845936750006,15.446361234655495,0.5247925755013217,-1.1046683561021067,7.143053731626247
59.12497587373157,1,59.503633871577556,0.1998104337187135,5.338736973194623,13686.956028492994,32.767284115666904,11.910168528580053,-0.8784987909695048,0.5356402250166092,5.802307740039495
59.42960190380999,1,60.154261817721085,0.26402008133367,8.406100712348216,18812.54750131857,31.927537743382686,-1.7123916883267363,-1.2814149797780263,-1.1941586560913167,5.852070152392985
55.10549074141958,1,66.27762419019375,1.2723535001067678,14.661239329338862,69893.08880299825,48.69094582762851,11.49835988668963,-0.07170634628496836,-0.3190080304728533,9.138545667454919
38.396286282449445,0,53.25274482212672,0.7324921027798023,12.860322337147759,31620.32288460303,34.01279105544327,7.969854227936423,-0.9042951866515898,-1.4317296965247415,6.786693700746584
49.42746372629624,0,52.92967612099291,0.28872366282502326,11.558384163943208,25955.52058750121,43.26422324191766,12.68589907270868,0.7906177188399772,2.8241670094027294,5.41833137327545
49.95676953091318,0,51.23059833610516,-1.6548874362282961,13.694527075800368,19397.88864704548,32.746485149558005,14.721074201259071,0.8145354596953241,-1.6539595596163144,5.606121180717778
36.09962372968948,0,50.322101429125695,-0.9600462952794637,16.907393418407445,27515.1392189356,51.666632592275235,10.97581023570909,-1.902626236431442,0.009813740396404322,8.57047429385246
68.04077962120581,1,59.402308008222256,-0.12270893359572414,11.336872609388848,18012.394050431947,28.216653706645065,18.32626116972348,-0.82830253957689,1.1433042743300137,5.1485093230093835
60.52834748690806,1,60.99029904068064,0.09337237427665124,12.208109407974208,103315.9591466667,28.85856468752815,9.106465577182522,-1.4597866719179988,1.0363859085870253,5.803127619297172
47.34842991404403,0,52.85818153242619,-1.1302037246739238,12.577790756193915,35910.39094674206,50.24517181115903,13.124089115269376,-0.46262927659289066,0.8513421221731372,4.225509602921529
50.32263006793437,1,77.24058943863932,2.411676675578421,19.176328905821975,35278.34960485025,30.550536091047473,14.024712868186736,0.45517566986882435,-0.31722838822147553,18.745741524029494
52.50059369537063,1,63.27182945058315,1.5163940552535728,5.701931206742923,48729.425074491846,51.01074306164392,9.513270155536336,-0.2422880981783883,1.351088946337002,6.429061347542675
25.499181578908512,0,56.73714167431023,0.6021183203924835,14.049669044366425,58757.41193433683,43.91840579594813,13.893871539888911,-0.5897592406671354,0.9133910908021826,8.286291970099073
47.033871409752834,0,54.10767262074236,0.07203686128374476,11.65559325372281,58275.90993471162,33.453502934391665,7.026635064189156,1.3001765268131393,0.21229961766047659,5.3443422603381165
41.816189024026414,0,51.71941319282779,-0.21220896990115168,13.70031517855254,62119.23559891812,16.867065279828417,7.887157904893908,-2.3048571725962885,0.2405807577265921,6.146438882908838
37.980559881261016,0,50.01139184288296,-0.9519184600222356,10.027882338015827,26491.44751509317,34.80681695728164,3.4375565483184376,1.2368718935182248,-0.3039226476153726,4.269753022144286
46.626796485368544,0,53.47083646585578,0.07748051851886253,11.85310490742465,31290.39928981453,36.016300535334246,11.207045581850235,-0.5442882931554857,-0.9096520258330384,5.63861054436523
71.57223832219427,1,63.96927400442049,0.2577525401427507,14.134231738396485,53343.948905573896,46.67217733304373,11.62625837927172,-0.07810901011278953,1.2371509754787164,7.72919222341049
57.690114335204115,1,67.61459765123176,-1.2417605754816243,21.338730603131523,27897.86576987732,50.88447176240112,15.896315792896146,-0.5273633377201086,1.3122079936015318,13.279021575529958
43.14585212260644,0,55.07462572542391,0.33417641724489744,14.424108568206215,36222.8959970938,28.150128208562524,13.955700021779418,1.5428881055391184,-0.8841091410299213,8.348651009795152
56.8709933762739,1,57.78706653588089,-0.15525904882474875,9.455803205908474,44328.44645902422,43.011817639881826,8.576022216762833,-1.2309784968052595,-0.15378516514619175,5.053414138952836
66.79226523903202,1,54.383041149677894,-1.907807557877391,10.72872095393189,53776.537288933745,42.65402156013349,4.109101563328616,0.011736369721935848,-0.14342321645892908,3.7427660755331487
61.095604194953225,1,55.38897741891006,-0.8603850107795019,10.639757674848438,14930.47221771291,45.73412702410445,12.16425201259987,0.5274386518599967,-0.03265590374030994,4.053825060008841
50.71556443904209,1,55.75294230577633,-0.41360553342164424,6.613070482109955,51915.50774192511,39.98689912135544,15.55376586207321,-1.6110027678851675,0.06429487858758168,5.067734081508228
42.23675866753311,0,55.82609431981074,1.8876876573401904,11.009729424895689,32310.19102554294,15.575023090382302,13.775924869019716,-0.9198981704461536,0.9468614616461799,6.075393547057326
58.37867976336308,1,66.94047082149304,0.5565531245337582,14.198487245465234,51726.67347660488,33.445775674722405,15.422387624286438,-0.14817853349822913,-0.7472173084867436,8.27299510886169
54.721824625061,1,55.59717854438069,-1.3354815690998914,8.177303642769616,53555.075190131225,23.44292425083085,8.940552344008788,-0.8866650346843747,-0.8463469915126599,3.3830081792350577
60.74231864033278,1,66.29010359548305,0.486036289417637,15.145447953151777,81142.12539269822,32.973942270819265,7.6669051591217725,-0.8155917712191499,1.2366197421429752,9.404339413665179
57.622061620183636,1,58.57488576352921,-1.5473039889383655,13.463324463253015,71448.11663515991,44.80004236133894,6.315493238841006,-0.34986266307643743,-0.4626447418812982,5.261429825519248
62.59463258383202,1,63.44861518546083,1.0826910538870733,9.797300034086886,71202.68670473131,38.05150835874973,9.720517666932022,0.6495813316461732,-1.2630353535770662,6.516619429802188
43.57717746127318,0,52.48113963509493,-0.4711246518178786,11.575411087986458,74744.8176373344,46.480908663974326,9.607046020155902,-0.3427177768781444,-0.48512994209987004,4.563880785928665
65.80872878761191,1,63.397136069355696,-0.09363618873917084,16.7949654229231,42011.1144663357,38.41753920713539,11.033388142695582,1.0784261944729465,-0.3300527352440008,10.01383939210603
52.371195256308795,1,65.12648015518634,1.32579664754219,14.200643440517597,36904.63911936751,22.01674060331097,9.35351271482246,-0.9977577826593548,1.554962727725765,8.489379945318946
74.90313047150319,1,55.053319822767484,-1.28716356858425,12.026350964694444,56185.19357154535,9.791529934272653,9.331861351366143,-1.2519222604734526,0.9248262123767372,3.2771419849800214
41.72974618292518,0,48.47872319401716,-1.3971181851129912,11.286950049117047,52367.449037889935,36.4880876167959,6.116529735139281,1.926345405721134,1.1475206166322423,4.091707779275394
70.83156563798299,1,56.280547294816934,-0.5835993263460049,12.229827211354978,31115.671612934493,32.86073533648835,14.708095067757455,-0.6579581276655113,0.819973642346786,4.966462914113228
52.374929401551775,1,62.590680927761504,1.0383788510193166,10.46470932617309,44462.95743910794,25.230542606181178,10.382590311218557,-1.3109120070721598,0.9462436716153141,6.516684937942823
42.18298395662662,0,48.76293897528675,-1.5193460754768424,5.6857514828429565,35683.78870046124,17.99372750348622,9.12778032857359,-1.7420539417718304,-0.6880821265803181,3.14412295448652
44.19336999134814,0,47.732221952726114,-2.832155598110569,18.12653373160419,23695.33674076424,27.652567865272907,6.2628537337539765,1.075103453808939,-0.19860215535348436,9.998042088731259
46.155832301668156,0,51.52644863789059,-0.4511588584089988,12.465974997598204,69232.82443503874,33.05508515135224,3.3404344480445705,-0.34130451466005923,-0.9899153130235488,5.347394316496127
55.089991356823,1,64.33723569765172,0.5517407999109204,13.194441795367611,37331.75639379327,41.6587782370639,16.539820962746717,-0.2537097350663985,-0.21048803053703335,7.279088581647192
56.27402585642599,1,61.852900084076914,1.2002617497388293,11.826276750369274,101149.42205619613,36.8863108156798,12.773193540659037,-0.1592017115866396,0.684104990934741,6.907337036942014
43.11559995273705,0,51.92405050871463,-0.463161362085399,9.794649597826236,16110.940669887214,51.08067247172729,1.880410787150165,1.0129428846697812,0.1345832848122468,4.1353361709052745
49.707744892868206,0,52.310534548205545,-0.41142660711600243,11.442226557153688,27490.908076196913,24.64395943954606,13.815711503548284,-0.1795298339759204,1.3114808189602951,4.596465615250097
75.70724430334236,1,63.06331235394294,1.1539007342557472,7.201815713417067,36913.01280283687,43.81058892057433,14.612405851165546,2.344053778832626,-1.1414157922272192,6.550058749646114
70.73051804120854,1,62.46117131451904,-1.8697416996954206,18.831259494159916,64131.474793504014,35.47298743128728,10.621880611504647,0.13376057405422923,0.5002383506982397,10.79891244258613
55.235884036088386,1,56.899146892423644,-0.38852077518300926,8.296464004732812,44344.08847530142,41.946691241185846,17.990554478758796,1.0617847669583211,-1.248302801869318,4.790329823255244
50.456041738018406,1,58.969164299830396,0.19042388992505774,8.904101148458462,42414.11034828115,30.634851367344567,11.083598210614415,0.8052398579044068,0.09417646917364228,5.641200222523012
51.44037592061913,1,60.187970067332685,0.44921872128503426,10.679222386840799,20668.541804581513,45.716803738905895,2.9158823602540505,-0.03644732025803771,0.7403334225564788,5.668475903335583
57.362215672765004,1,62.77885646053404,-0.5098066931908826,15.864227174557133,20364.10968819232,37.952247583452426,11.825845005241606,-0.5869709860204633,-0.21450256682421923,8.55248012396649
37.72648921761913,0,53.5851785645202,0.03444101170584135,12.043526997787962,42670.04070561665,28.205550150822507,11.224486508563647,0.33196392856655366,0.5511266040869559,5.483264352952026
46.91148155091986,0,50.64405265236881,-2.4883273534129895,8.291592611908612,18360.31834526385,34.87975971086812,6.983515756109226,0.510098731207273,-0.9597323348329341,4.036806213944754
29.976991113468927,0,56.253203920844015,-0.6582484123338483,15.76301508227202,27835.32356253772,32.60444141062901,12.867794184387126,-0.5725860481265272,-1.663689978196383,8.447843296769541
54.79067747126335,1,62.65952733160223,0.4535087125544674,14.193001880356444,46651.420899815006,39.891783506377934,1.6616736690456904,0.16633886595065583,0.5570296224878031,8.213899680003276
57.76635127643289,1,54.19295850602322,-0.9822940342546795,13.615304871649357,22221.995460438244,23.202232506254916,14.952834137213948,1.236204978259596,1.7440102340757326,5.162002019744871
44.201762452407515,0,54.965460333936285,0.058984221589597374,14.147202723512521,81038.36643308026,34.706482978843056,5.609391481972737,2.0699477390696788,-0.9960449401698921,7.741419606130509
68.88784115948039,1,71.12206253698773,0.446872500802698,19.183085701747352,66967.86604933762,38.95307252649331,5.075269374414838,0.8543693203494214,1.2221941801067953,13.249621077032211
35.290812043971904,0,55.737590394790935,-0.34254920085776497,18.555284685108337,16552.459844210887,35.33023307193033,9.430876138462615,1.8627596863802822,0.04342340881641101,11.6086317830421
32.42750143748216,0,52.871587654737255,0.1704637709965709,9.939853970990114,22784.012854675013,48.46941244388996,12.164864640218177,-0.6293742112064558,-1.335691521693076,5.038184612204806
52.693421822719664,1,62.11407700686886,-0.9627325652846123,16.871654978433455,11580.88737032139,42.74022774071052,10.819620317967148,0.7018822520592939,-1.1315053013521625,8.755468643483482
62.565179631345856,1,62.322064596763894,-0.20661127969604665,13.1495045692767,24555.823594714035,34.925192032592534,6.286704171138108,1.3385195085812722,0.015784773360650053,6.468816909989854
70.20713229749443,1,65.91892744088618,0.6102161695892225,13.497287448413248,53273.49667100112,37.16689097497673,7.469553544040558,-0.8963333329719959,-0.40446228792410366,7.73578136968829
44.49338884557272,0,50.03573152756502,0.15697296096843422,6.923187505070015,29526.76824015413,37.95665551482,4.33478826311269,-0.48559011204500924,-1.312912976758239,5.725025592151525
62.94417000117555,1,56.27039682587139,-0.5865312695639355,11.488842703835411,45724.915342477616,39.03299604166824,8.876600491850649,1.7379047618352501,-1.694039281225405,4.574507334499238
49.537898365991516,0,53.13539705664524,0.224216404290793,9.561529228990306,16963.73044867103,16.74342004335392,15.375106072554548,-0.9750988557869399,-0.8467193279265061,5.018491825093727
47.92847240071016,0,55.81855257059959,0.714609790636618,14.484176444679928,54121.544877786284,31.984737042306527,9.97868531178062,-1.3411300326557107,0.19380900833111825,8.822171671436998
60.60391924984007,1,57.05612819133113,-2.049941278577478,15.213241501208415,27513.86631020835,20.155609318065736,14.297071273797265,1.5279815736395113,-0.006400752603138034,6.400817140659931
57.827874540961034,1,61.3614225351578,1.1590740649558977,5.776540946951066,36537.15040071334,47.78280947459486,17.27700668863096,1.1967632249804385,-0.5012379575000783,6.267607627319795
31.08329411618901,0,53.45598103481912,-0.336254738681072,11.933895407987189,34667.66715583682,34.391504799970726,7.059907404815165,0.4321202439837694,0.20188719429148277,4.89133182728916
67.71848419671075,1,68.41281998182554,0.42548993324023027,15.365584514382757,19229.97886568456,33.06659050320377,9.067133734723177,-0.045710754645827495,1.0400267198626876,9.482175985113622
66.56109624976942,1,64.02311722331164,1.197246923645228,11.439963113059665,20403.420434392378,43.96797332033235,20.855964305312476,-0.43852450560498196,0.39412651043414787,6.500210093955458
42.49324758188565,0,49.85897174745581,-1.371673697230466,14.187190935007093,58917.72360644536,39.22324797449875,17.221717059899724,0.28194887380905115,-0.12130867138958067,6.165900512711497
54.749642401248906,1,57.43974007421515,-0.7094410024275466,13.053496402881253,44333.50890321559,23.713654856207928,1.6379773709382377,1.5798069574015499,0.9280720066606888,4.926155375940149
55.92836223539287,1,60.10027602792251,-0.2885486958757048,13.024980695857879,61391.368174589676,34.29094637472631,11.935741580304533,0.238566126142076,-0.959850302216295,6.586489461036246
53.12808518988689,1,57.074215814127484,-0.7837535211244283,11.186055065795108,42716.0120228395,31.648330267736153,10.002799961698477,2.1669592672469657,-0.2249195395553516,4.3575417171717294
43.396338153854956,0,56.22701938579514,1.7349365758368085,8.350257587592871,39006.957920021356,17.55467111393946,14.132265554293813,-0.8979419856402304,-0.20108793560036814,6.252479287603975
41.940519584743384,0,53.549699635568324,-0.8567720938267928,8.635409557724918,15321.229439068537,28.097237667627954,6.2751061625747235,-0.01968075432826937,-1.2369532584428453,4.634019501119029
49.69335114810266,0,52.41972155855882,-0.5555467794868666,14.128057543365951,31723.615520653566,33.16459677983534,5.801958139796639,-0.37305866766391554,-0.41987416228435775,7.01233784165423
64.07274823111237,1,61.10113936465022,0.20438903160297678,12.05837476655665,35821.65363921945,33.850490685081574,6.619646423531952,-1.0851415431623328,-2.074959680895303,5.794085659271454
56.52320185513319,1,58.497749316350266,-1.2021495260760888,11.584463266178325,96428.1643404921,20.17768576322691,7.140357269007836,-0.15308373300965544,1.9121780476629535,3.5684821992761457
45.55262801496673,0,51.32695859379029,-0.39568071175626385,10.728329873032942,51199.155464078394,46.516655830474754,14.076620834045071,0.41732930166043963,-0.937413788436313,4.284324971251715
59.26038452778013,1,60.772922663699816,0.31745326125017514,11.084433463557744,78278.68250739429,33.97896941108561,4.0939941342556,0.52423017995203,1.5861141314213119,6.131943831487594
15.817488552439094,0,50.75005348221024,-0.33286040438251124,15.140735383464419,48960.48645728284,35.37553076660563,6.886930500203405,2.170452178944556,0.03808450571949245,8.271651710329511
63.785188404465245,1,59.104215993017945,-0.09338685889994829,10.99426775439592,25446.879119079997,39.00641638339837,1.0549380474927936,0.46446746972355973,0.5648641321559589,5.180319614834651
29.123434654662805,0,49.12022354365852,-0.5293321124483709,7.976805860095293,38505.72105529239,27.119237460963287,15.035589117061864,1.150136803679616,-0.48879979835093157,4.297316255491297
45.650708703162415,0,52.59308277001976,-1.514470309180767,14.23095532662052,40868.37530976464,39.56355973132696,16.3551504971557,0.06609424629897591,0.20792969196167435,6.00622265035016
36.563961264486274,0,53.60797377697164,0.32159321133923857,11.385370008405848,22706.856699694687,31.32925353981817,8.364632845681069,1.6780556004525953,0.650489639988436,6.098570470219226
34.46382229134913,0,54.95821764686799,1.7549330716472415,12.09418759659833,29965.62923598578,26.034144593528083,8.510253175933885,2.3984492855880695,0.6645524143941822,6.700189487474338
63.92992144854223,1,67.28268727889456,0.01840163078343813,16.82273491919853,32765.011523053323,40.73447493355399,12.266109511414486,0.5310851309759498,0.7747733900743572,10.241715922453507
44.3875855842573,0,54.020902070399885,0.22526411724754952,11.938318327948478,81049.05894353689,49.91673858801808,17.372410036891278,-0.9926590154515813,-0.36833271003917634,4.996425883900925
54.15804658076859,1,63.626265316494724,0.6927227551168594,12.867551019356176,12831.132678480166,42.248293734858315,12.043053737819587,-0.5488050227771684,-0.4803596724913551,6.743424005580534
49.43695305344979,0,48.25066157548897,-1.2693304965466992,8.463229526105025,66363.9462846534,44.22977565140431,6.5122902876244275,0.2819343032051621,-1.5941763252676036,4.065251626633487
55.72448992667746,1,64.4320343769265,1.7025146581296056,11.34099164294712,22733.670411078365,29.79369393437701,1.9058871400677972,0.45649803525064586,0.5232190111769367,6.785246453076283
50.92186269272307,1,62.84787773510896,0.20232879642280202,13.828578135625804,18287.268866421382,19.023802708315436,4.424368686682562,0.6984251343843719,1.0823787113234427,7.088541024972403
34.604093309737166,0,54.05901586785435,1.631856899089109,7.333878798476273,65510.85054106608,49.90137522099841,10.366097251562325,0.460197681230041,1.6159816799179296,6.141776688249544
61.95520183336568,1,55.26292166447546,-0.7330329955239894,12.602535279347128,52362.6607197092,55.5451488940476,6.723362383996028,0.006984916255938689,0.30517263458050775,4.238971070503247
44.07492100206425,0,56.96817061754359,1.8180619225578247,12.302373217934418,67999.75295864865,50.42806773769682,10.974838529953793,-0.6361984412021287,-0.7664797729085693,6.67218292065994
31.321017216082986,0,56.0956934995738,0.7751554940347831,12.123862366762317,54195.381616679195,31.642140610202503,7.23537991881883,0.40113826126422947,-1.6970961432894554,6.6903915005923045
44.86261806840905,0,57.07154957986867,0.5530400858523584,15.11147669597473,101714.23074077048,23.45365661271156,4.709267843527942,1.8549873574806566,1.0416667330833504,9.068115432427497
68.00911748761173,1,60.982646058154025,0.23402445435314795,13.003315544545565,48019.474121309366,24.343173021804333,4.114841842734645,1.0199286054277548,-1.7962765667775356,6.355789263836844
60.20266090536192,1,61.952859406417296,-0.24852861807444937,16.434215695069334,33582.53139969421,18.162674323859513,17.81177254686615,0.534703949636198,-0.3406040777437667,8.934147043341959
45.81617438710569,0,54.25087189174403,1.2005316584738726,9.019231453217891,43107.9704686139,33.926213815899544,14.444938745918215,1.0295669238227512,-0.2243068279436459,6.966796447885067
45.80890754817885,0,53.09078075150368,0.14035986984804696,12.407773701655044,67625.10468521752,51.056779580824546,18.652589759139794,-0.3710640289008525,-0.06945513785101935,5.371505709367041
46.14037938539141,0,50.21856984480338,-1.9670697035871523,12.253400359169841,24595.341581187604,33.583373681277564,12.699754503775514,-0.5082651460833204,0.03580260003584014,4.1982802432044695
74.92097580273008,1,56.00584094315859,-1.1171864617070024,8.79223651873476,26214.17853249197,38.02322900348275,7.850042956925805,-0.7477851043659819,0.13814755636757506,4.513996375171845
54.58322542677864,1,60.53887113478418,-0.1858457521927473,14.868885006274038,31117.324243439216,48.755969643042086,16.616704612449688,-0.12528662276943792,-2.4153632620785297,7.350632183554249
55.16049976629284,1,71.19879068213315,0.3099989831655551,18.974019917558454,12679.079118340178,30.959046881676002,9.83465999319116,-0.4220058967090802,0.014655909870126726,12.972167151328854
62.363401448382106,1,58.82982190717028,-0.05658848889989584,11.948981776548507,38911.26997426079,55.35531456719595,11.104208851451762,1.2082747406521392,-2.2295755741118772,4.5294954784191575
52.86546990831816,1,64.33212095282491,1.2189707897936632,13.5150632648213,14142.44231013315,54.920944074974535,9.785878104622405,-0.4753234176821889,0.7322180730909948,7.043263419278872
46.89149425015156,0,47.030959461467226,-1.9511018640386248,12.253555427445981,37291.83409011539,33.68888661319517,-4.734521096420073,-0.8027217162249164,-0.5551251558036121,4.530108469220979
47.643801810980264,0,49.49074245459695,0.1435879365051602,9.859245990278472,55974.12884550158,29.22465735980787,18.023675061474265,1.9425771788306316,-2.1570367252233504,5.0087348673457734
49.14078488703123,0,46.12607787138882,-1.8179792253871547,6.537719166593951,28611.43578979289,41.97238046390313,12.455019729788766,-0.4513752310813436,-0.8142046773853758,3.46443582212715
49.5533331618819,0,53.741079975866434,0.7597122954841684,9.882679550713904,83998.81201891138,31.52475057481142,11.64911530434255,0.15352845725035097,-0.5700753391846538,6.508227551323374
58.73155452364376,1,58.435895732997814,-0.09445871444200275,7.824124857144806,17496.38470512535,23.434447829326636,9.691119688647197,0.4513228247434116,1.1906996175550046,4.976463952135473
50.62335062968759,1,63.010487512112476,0.41960997202411815,17.112306234177353,65882.64556494146,47.812386535229805,10.817139101930655,-1.1366931189208151,0.196637741750245,10.519778471937599
58.79168092658695,1,58.55685754467268,-0.8638829605897661,11.654670918230282,50897.47163913853,47.1644738727708,7.013605320768761,1.2354837695030692,0.3444449443505802,3.9593600474957973
49.03140103869701,0,56.055021559263096,1.279464931657751,10.962242012858487,15397.853196270362,36.55511603763561,13.082896761536356,0.6371190404112276,1.181221634220601,6.266208309906983
50.94362228379309,1,67.67930299300765,1.0417246640588513,14.667461474363417,140842.44729249226,22.37135246271822,3.464508278004338,1.5583840118807817,-0.09614428792448947,9.107991618966405
26.02159178561471,0,51.22963707902302,0.5835443030118876,8.634746691432337,35176.283040860886,22.704737487826137,10.930342162352733,-0.6792219372181003,0.7541879610324033,5.807403294549584
60.995932096429776,1,59.248316439014246,-0.12951724686344077,9.699407885986343,23417.947368420628,36.072292884191526,12.807867352855522,0.09912579247616002,0.6838611139319919,5.291942060865
54.15786171077591,1,61.53144804137599,0.5798572852951321,12.204216807745864,17969.95368832174,30.001289654949677,9.006654330885485,0.03935575499419535,-1.2864694935694123,6.37478144796698
61.976121318315826,1,62.65280095398774,-0.7068925679873489,15.086306974270443,32532.373693440226,31.58907067858392,11.854338962355124,0.2638884943500218,1.4729835776298295,7.715358462183689
15.24493546167573,0,53.67418758037755,0.8555556590207121,13.505055135506364,34074.22675298638,45.219631550600035,5.043328038828749,-1.454614748577161,-1.4203017800706945,7.633427408864117
75.06049645736873,1,66.11296038741028,1.649480894323921,12.744975427547647,38227.97147747909,42.33179317422558,5.170866145520179,0.11083637869222239,0.9173666494778481,7.027658334118323
48.324924462137915,0,57.38106628293448,1.0706105599791862,12.234353205708048,31291.50462286791,48.78142680497613,11.183585605131967,-1.4264639114237452,-1.5170730369056327,6.7450371690442985
63.2981938008502,1,57.80800497842308,-0.7296024698074095,13.200707566580325,49841.9687984403,25.093767766227423,13.392748273105259,0.3583340711969214,0.6012367881516733,5.618852398858952
37.52112887449363,0,54.243745041621686,0.3614173172731029,12.604958715387763,29917.087477039542,31.56808431313288,0.625671722491445,-2.1286491245185197,1.8619148781501726,6.310472793867902
57.353286860750835,1,51.51340640564539,-1.2931415437586478,8.910083175669193,13801.298230297112,42.589816954601126,12.610103175553833,-1.8515868342905866,-0.21297865655021128,3.890793553257912
37.35901324191613,0,55.20795711251203,0.5723903111756757,12.138237664899455,33702.228851332904,39.480783410128915,7.283992498118314,0.8185487164399984,-0.2563556428531463,6.271186906581897
42.51477247165034,0,56.092619471475345,0.45060341286253885,8.778934023246743,11117.33825187435,50.32380382587622,9.035969563462938,-0.5468384551947827,0.6104399993168492,5.658460884376465
72.96837624640143,1,53.01150523416981,-1.869816339532164,12.243247628702472,43342.342172285986,39.2053670590407,3.3024103821748145,-0.9878580736322409,-0.329396455962543,3.796398883926374
47.71181119083984,0,50.59236783373593,-1.1617838439123638,10.558056175535276,22255.62099902518,53.48109104105552,5.7419137990664595,1.270845621075548,1.8182787037428214,3.3490403273171405
52.609194478156674,1,68.98697560743308,-0.28313889674376713,19.618144868348583,39406.26833614889,40.40017801723141,14.830626627651556,0.32762621732841496,0.1921922494586957,12.216628265137045
60.44081276826505,1,58.10524649358447,-0.30085974714082625,11.880316848744863,70055.10956309128,45.6216744758866,10.164316869901066,0.8720901955337838,-0.32016950822072576,4.57370408462958
55.94818265567125,1,54.56201975242177,-1.2094769354188053,7.787281301215234,22598.2026280631,31.764850532155428,8.086107991452208,-0.16624207232083046,-0.5402855278956832,4.099730772871405
51.805026861722915,1,59.83250340434547,0.38897872935218375,11.597459367969225,61736.34702635443,35.14287211883989,9.417558236844826,2.679628693900003,-0.9329484701730206,6.071555954449653
54.379532029594706,1,61.11407454259136,0.2514736089405121,13.558076236913664,29240.359735886308,44.109444038394756,12.446059123321506,-0.6045138605597951,-0.6277549867574896,6.966956231788376
78.84098702285931,1,65.38389270155075,-0.1942691319785193,17.02009183845757,87255.63312630651,51.12978170593054,12.202472480816688,1.7444955493598882,-0.35067339365859646,9.354395293205613
49.308574435596974,0,51.58584569472731,-0.7557915001583629,10.231642800183845,30255.21040442361,42.29236949310753,9.624864998015996,-0.061366040099912866,-0.48763907349858004,4.432565209984374
52.41318856057961,1,59.38116317407816,1.0487071264165635,7.25271607792908,23855.104706896524,34.168282280653806,15.464795554483342,-1.654510394912746,-0.6581752741371039,6.759436562203297
62.60785275209135,1,67.2800851009075,1.6554071130882952,14.450511034292944,51206.3704017822,48.77335029528342,14.85231318453333,0.4828487457481086,2.0988412303524395,9.102757905757501
63.2663111954958,1,58.28793945717414,-0.4835614838465371,7.858203882301046,29205.28996952523,13.080213437201191,12.06686014565198,0.3147625614551637,-1.0300950764894898,3.88148479233812
64.24436366672457,1,55.99753841659244,-0.6121669171548207,10.691533675477546,23843.69838951098,20.777654984931264,10.273058914550353,-1.0513218142392298,0.14663258764617476,3.9308946553059494
57.664762664350214,1,58.8296019609314,0.4912076654119963,11.227138543467017,28597.657122196702,41.81634223668389,13.286605475597696,-0.9222192771347147,0.592521009760872,5.951689408161735
36.283941047234194,0,51.90834408291799,-0.35802937974698623,11.791099640099675,35514.51389093291,35.14108356253125,11.571337109005917,-0.02469764308499223,0.6301079955837326,5.08491727805944
69.60117838761315,1,60.60647774009792,-0.13939720066323416,14.067493371223007,71046.51381103529,41.055136511241656,15.304000359029738,0.34974781524798154,-0.058607075782472,6.75688442886327
36.243855283775744,0,51.768715475597475,0.7396531517246714,9.949097153140837,13807.347089617097,35.64407522431942,14.497806883691538,-2.470663282879401,-0.2407025718473096,6.520153708423068
53.631625582868395,1,53.90114626234552,-1.9093560875072928,11.178812243499717,36737.02310435137,40.70945694603873,4.908730492911357,1.0531214525238028,0.4515474912395065,3.975880792567836
40.948689799767706,0,54.705772766312656,1.3183023248526693,11.957188941151834,49635.014309931365,26.855971790068093,4.570184146291468,-0.4944979738149775,0.2665216499782007,6.529727590253309
49.23033984088409,0,52.904444952189884,0.07268052432934134,12.448793872556363,40003.58233639756,40.704860860796906,6.493752277979619,-1.3317474843981763,-0.25895883476751336,5.877583412880594
53.94514892364177,1,57.59802308078468,-0.4114931445621802,12.293481524123768,69907.80522473507,44.944145282075844,14.880693450334606,0.9410665514519307,-1.5618785717244308,4.305566395911735
53.856286585403275,1,57.768334036000404,-0.08923415422144892,13.30801732566774,34990.34114573058,47.205506039312326,2.1184550161437716,-0.023617979418456322,-0.4679237223332475,6.06134471051632
55.063049050823416,1,59.389892767898345,-0.03757064497948127,14.531518528925211,33114.42539310618,55.13554294648699,11.973786945539967,1.2161657767822542,-1.1465501637074578,7.46478052201526
69.36453522870377,1,57.70783653501888,-1.7312013034449254,13.177902346952903,48833.155323242434,37.440984435023864,11.812715455464806,0.4379522629797555,-0.6671595500663265,5.242333384634772
55.44241161816776,1,62.49279752010625,1.494938227453236,13.360756570527656,38164.34216484259,37.73911086847179,15.813240293430963,-0.0015145029480460542,0.03322323851695945,8.118823914219218
47.070120376512214,0,50.64713989033398,0.041325632270618466,7.253330499760567,29875.54796110058,19.768275358261523,10.901693453319437,-0.15272994498015613,0.3587361439966162,4.878812084624079
61.56904601946029,1,58.62405103889298,0.4430021304473752,12.15068309749704,47007.95021007345,29.685885988615752,3.2839530470804963,0.4827127605561378,1.7804527512924062,6.214148850858762
64.2736458670957,1,64.08167872494052,0.9515497705740428,13.438522644004825,26205.795128245445,33.069179259933875,5.203225196759385,-0.4135312588093302,-0.5374063789038138,8.162544797509442
35.26870621835609,0,52.11924559238736,-1.0211624575603002,14.186823583711352,26753.25491508188,45.50319552276355,4.090022390510876,-0.8525725887464994,0.7746256352751506,6.061573904113159
57.168800838198294,1,60.52698420514672,0.47347189903522846,9.922947677298618,27889.428497799392,28.88998875910371,7.310280168334298,0.6099091226546439,0.30596002443783654,6.076209138878201
58.414072907730784,1,61.651557032511,-0.26764109089879357,10.022882175334065,71434.38250309497,42.963400197488326,9.085492162880366,-0.14448784144442942,1.2959976706397898,5.171460832135897
46.429237959680094,0,56.22868626734526,0.8467707752164937,10.277697974149206,7255.3312468394,34.9837828303662,4.172792368894715,0.033567648069006084,0.576228719595626,6.735316866786684
66.50848175973942,1,55.36074093897509,-2.1272274203514954,13.60924169967403,44258.35372576261,33.22831884885238,17.353309953261444,1.0893798361546077,-1.0084814272863163,6.1037359570238
48.19933295560968,0,52.44668848949012,-0.099094300241269,15.101643164772625,36943.16417014267,37.48893969133256,3.373593140237795,-0.11387660773574096,-1.7230460292912313,8.291632955429273
51.50691744165851,1,61.11603119655756,-0.6028206557839616,10.777619678125195,15670.96271650573,31.088436277471573,16.730517119312402,0.015033925541790552,0.31126169966750483,4.953008821141742
47.92313810859356,0,56.771706897562375,0.4322629506341555,14.723886940881147,42398.293364300866,30.709627519073344,15.925815157196702,-0.5996495114509319,-0.5284509979003907,8.588640219424683
50.18694857097761,1,61.37696036495869,0.47004418736820214,12.370439427493782,46068.09909822377,17.952140942098854,14.491512748445176,0.4307399339818508,-0.9803137459505973,5.832338322520922
36.84469895725758,0,51.52740367709606,-0.7076258948220261,11.627142668512692,48767.51118285778,32.52045792672111,6.531166962516248,0.349827912680088,-1.2675777045330776,4.702443447995253
32.719389408868466,0,51.53165828646768,-0.7121738641760436,11.365847310546092,9643.94916831178,30.200318538512736,11.712254395884507,0.9007751317905579,0.1609754975871555,4.370988780845222
69.13406075869966,1,60.25167748499504,-0.11066536855732945,14.239834093806472,71911.73232058973,29.840190106509205,3.61314433224691,-0.5791288370068761,1.507707699313365,7.46746486925641
39.836463820180064,0,51.827117526782104,-0.8966422273152082,12.97673345036121,25112.76716161595,39.1687306259004,14.554535175168747,-0.4578169695901857,-0.40867234570604166,5.503613697343542
38.10329180652431,0,56.84422196230187,0.8419836954521269,18.82747628294291,51189.201131252295,41.5863195279051,9.630076092318655,0.7921373991454693,0.5902703110753222,13.846180743218783
24.159318636755422,0,49.44634108759307,-0.36920720044744615,9.443326071008027,52603.44497177411,37.321945046423274,7.953398927066574,0.2522130033628634,-0.10226635021759252,5.277332552376497
42.332459027725974,0,47.061148364217274,-2.9069882193216414,13.554305106089927,23427.163400604986,44.95415190449474,3.8812757667186535,-0.9062181261926946,-1.289382089103393,4.895627192182258
34.12292247911002,0,53.85298569204686,-0.3748220566218061,10.412396970565462,50525.32507404303,40.75561925830365,-2.387530593145083,1.3065540677345007,0.7348113435104173,5.1979896577520535
69.70418192163643,1,56.0297021512005,-1.0385438208439723,9.392139039034069,29949.06485580632,32.04943810194358,4.807295714821221,-1.6984505684002509,-1.0946920440273713,4.491701365538697
62.11780507211161,1,58.031425133936686,-1.6312758154609455,11.967398588895083,12891.34468271987,30.3714371428562,15.563990978064533,0.7842847532637518,0.021626630593564705,3.9911099807848056
41.742195857867316,0,48.22485459318348,-1.2374266382225725,12.412057438221108,65112.44404953271,38.128222367668464,7.985832857625979,-1.2652120359981966,-0.34152041500530517,4.516692558318701
77.0292296641317,1,71.17824460741745,0.10940847183297006,20.754520665180276,24648.65264369299,40.73767109901901,9.153355714424764,1.885788516485527,0.8930774345656918,14.164805260329468
61.78118584389913,1,60.51235249930159,1.3286408282482312,11.447562552950394,23688.696410184803,48.97844307031498,13.277771791442264,-1.5445997269056233,-1.0581509924706867,6.152660611595428
46.10202339789653,0,51.20017558025082,0.31318447386498,8.60946381154595,29687.075626295966,46.911730449400956,19.028344390581324,1.1522506518727484,0.3908699078019598,5.437214201368807
20.007131421517123,0,49.89075088190038,-0.6065033882157397,12.819032152483157,41610.9387607634,29.58526993492831,16.625023274728193,-0.08163436001124397,-0.8397974073487009,5.621228188208473
77.4913108710889,1,61.02081424833496,0.4559041951707027,5.776079887360895,35290.348593505536,33.979937198727384,5.13832498091906,-0.366602569838744,-0.5111052123287851,6.528651908074958
33.32513039883685,0,52.165554051780596,-0.45909031021899177,11.724129652187202,47764.28494655959,41.7101780491777,0.2871471428129677,0.1853966564677613,-3.635200227540102,4.694272699863817
30.2552150365173,0,50.21904728812381,-0.6946003691631446,12.048075846885482,18587.69936998565,45.679977780589724,21.79807129550052,0.631900339157813,2.0920985716179086,4.042906668398428
62.270845184115686,1,55.46762350366982,-1.1543626682329844,14.383801148835634,25054.451987769957,44.38969468704792,21.344958058297266,-0.9044005023308695,0.5505569328262319,6.189365572284185
79.27702887607127,1,61.62282866538537,-1.7518288067517191,14.92086674828354,34269.17235421602,34.361221671686536,10.942267982146413,-0.8157877251685722,-0.7673474859381645,6.969835501051947
66.61127382212622,1,56.96142376845845,-0.3899237065594453,10.489291143276848,93802.20538915215,22.459773475714833,3.6475587720908917,0.6496048651128858,-1.124655688332994,4.192567221542509
56.76690944062832,1,57.550977686993065,0.15805348992013185,11.5481579561102,34306.623888528826,25.010636237544087,14.816132669469695,-1.7073429536495999,-0.4956487528793405,5.106513103740044
57.137052099983435,1,59.22494960185752,-0.09662367001488972,9.701637508167988,62480.58402311117,37.72633514319414,9.46008156993695,-0.5842290931920854,0.7168795348194515,5.738456912832598
60.240986705363696,1,57.48488103737727,-0.4159669279473586,8.61581233557692,37022.36929157255,38.422255794243455,9.435094384466948,3.040686954159441,-1.8920849255849255,4.913354101545972
59.10714307744118,1,56.661904447402776,-0.9457460606967811,12.929684338141904,28514.5762043961,24.01320626565615,14.472294215525645,-0.9680129645892809,-0.14158441929433813,4.703148810981658
53.37429708763251,1,60.53844180471317,0.6082461916849685,8.179243354210202,32100.849981525203,35.44569610889272,11.671873734366493,1.1478027917597526,1.7706418724626733,6.476665037236289
51.250413247422514,1,52.707143168002276,-1.317131919946585,10.75611929828441,33382.601964579735,41.31224356971783,4.070925444925274,-0.5859507687138121,-1.1339463359678041,3.784595316651025
49.24888246520573,0,55.35871265180265,0.7760279138434754,9.014478120302288,49110.24115264817,23.487733424928557,8.37629032459013,0.5090451447971439,0.08038503876365498,5.771906577966369
40.952424933599886,0,50.14260143435247,-1.0022170189267248,13.649049558870779,72207.96474239431,46.049972018044144,13.305764643306732,0.6543556905962175,2.2033098152577577,5.387729716893827
46.63189907759871,0,52.63965708555856,-0.752435237353035,17.404290297799463,43470.61292524928,31.22468851440175,12.551261112025092,1.1289567351829475,0.6321516296907728,10.21150884851948
29.684518229655374,0,49.45242906995578,-1.466785190615677,8.095236051590007,65744.99591393906,47.57613112576651,11.310082871792378,-0.20025382681277568,0.12592382048545514,3.554464322794517
48.819924478463,0,52.67641374305941,-0.5014021468856367,6.440944551307293,22417.67818304498,29.665475542240998,14.667114772379321,1.988884638754853,0.5066364549090028,4.184203229993199
38.13690671418899,0,57.22373390791985,0.9753124584779789,11.625339343949797,29515.91078550791,24.733745171158212,8.191415060913677,-0.5893365645851804,-0.40086533500970234,6.458942764959196
36.75692819341075,0,55.56692796062029,0.5156280884439565,12.047093387873275,25282.019564247235,30.418630101582806,10.89334887609536,0.23422041359956,1.29963128530344,6.09766945958147
52.158729813841745,1,62.285618838328745,0.9784221120280351,12.655977920271893,42498.42500149352,34.048518769226796,-6.877895500888002,0.24527693221760752,-0.3993300229002119,6.910153023201684
66.70402743613519,1,58.84925799247301,0.5221425459339358,10.661038454296966,30349.05949607515,31.11520093228519,7.7517490307859305,-1.1219681199494154,-1.959181608735977,6.083009596159979
61.019799272027754,1,58.249080746630895,-1.1036698285303692,11.398082103523704,52307.05148099578,32.83998578426887,13.819514542878222,-0.2858722549791206,-0.39130310394045986,4.37842243062879
31.153992756521877,0,54.38292454201499,-0.33078922432755736,13.102531231621807,22799.619909868652,38.3396514967619,8.048027664414288,0.16151349923840733,-0.9667345298767035,6.150256514244104
38.12446236115595,0,51.37424843317298,-0.7801991291174627,15.121292677934516,37105.314512826946,33.288206302036,7.66886304141444,-0.43212104312941974,-0.2811940121974293,7.987199812803612
61.289254255858594,1,63.07920023286482,1.3305749040390402,6.134853689045151,51196.62830832419,34.33887606047993,4.792735241125907,2.440923965456535,-0.25908405908063087,6.6313480485434235
38.210151277540284,0,49.78661808499996,-1.1967886464263116,10.893181682905613,12930.557821461647,17.90773600797404,15.016829463645728,-0.8386236735995307,1.1974231998049074,3.4924027408959373
47.3044022000357,0,57.69695872859456,0.8936976893891109,12.641426381823191,104905.5450851002,38.91698016010473,12.742316367702854,1.1794244681404278,0.6952927266643856,6.997490465844048
56.60062518829462,1,60.37432868403369,0.8929538701087693,9.246071686167792,31521.466142399066,34.10796702308332,14.127072989115424,0.8564598131487865,0.2632654875753966,6.256865172156761
38.379866541636375,0,61.20426333042732,1.8296202017160872,17.1935088953019,13193.506334339509,51.102929804828705,1.368930190210552,-0.013862134504271355,-0.0029454113325951153,13.691856079784472
51.26450607375152,1,58.10464911880138,-0.40968659262949736,10.093770359313789,39302.639139849925,25.604348327460418,9.19774978367183,-0.8652090538522469,-1.0588580088579944,4.6534850711813
33.991694060981544,0,56.883382870931825,0.7123221595801621,11.876121938978152,36927.86647298059,16.917046715004854,8.599444961249969,-0.76825532039177,-2.1811752376656774,5.669891090619228
42.78358827258543,0,57.6072070693902,2.2816518365388427,13.668066290526873,34858.51817262702,41.18068493930042,8.597141467007237,-0.5179672992165097,0.11316001139278317,8.548593515801562
53.837383209710445,1,57.11237989738477,-0.6176416769336966,10.226145633594317,59611.009339929624,38.46527018313,6.919862281410221,-1.785741281946263,0.7946412035736589,4.48040599402205
30.884075197619968,0,46.458288724275754,-1.5350402475323597,6.460280856586749,52771.285456646394,24.91566979468854,8.269478641099923,-1.0034654257992905,-0.10833388324458919,3.5333521233901677
55.28569685552479,1,54.37059602367332,-1.8800100339077637,10.7140364192504,42147.813823949684,19.702510449959085,14.24822391353326,-1.4824765153636426,-0.5348543227867003,3.386136444758692
49.764346412879824,0,57.288700177956684,0.7127120288613313,15.088321667781122,45482.26810362423,50.3739673068429,0.43574323326085285,1.3458750031777167,0.4645021652142125,9.16160335801587
56.62987945300577,1,57.21491516587012,-1.8831502080585838,10.989314619644585,34469.17672042519,49.14110390606782,18.88647384015227,0.6184623923882185,-0.083332200624347,3.7573913461418456
52.68696960877594,1,57.121370970822696,-0.37231905293792283,9.460697095623065,88233.8031835201,10.125432412938707,12.419205625132307,0.7859740988654604,1.6857441919739613,4.170391771743347
66.36968515968613,1,66.01266952354904,0.4373131870389607,14.777016628508164,17333.59822206882,30.417769707434992,9.788340521698936,0.5888319515419477,1.2327283420682844,8.800312599175225
51.50269403177489,1,58.120512994800244,0.18517553682991406,11.007675311930843,38941.89090150667,51.64192054783899,14.53417073186463,0.16696762333416318,0.9595080570233295,5.078970190728094
44.84713350649697,0,54.546170730360856,0.42544486418417227,10.469517559049349,37515.60713321305,30.23937442222133,2.7408262741578246,1.460680332129137,0.7577341142099038,5.997446902114314
51.46757003638741,1,59.640470614587855,0.22228985580085406,12.44836826898993,54537.30288003975,30.093877659733472,6.6764954742449305,-0.6107626557317373,-1.290167414451457,5.957838733501178
56.51957634843666,1,66.53504329607938,1.2788658133133932,14.312250628856361,23815.051155927376,32.17240672370632,9.39462283804723,0.10666965536704488,0.6629937020525997,9.183866525110854
50.58632084390845,1,64.93047794359639,-0.952316380738797,19.14514059519764,15186.523455689055,23.791030262318408,16.82780185216089,0.7470588278241231,0.3763259576465752,10.800478992000572
50.48710029444659,1,58.79280632174197,-0.6769951384585313,14.481708322972269,39277.672555366065,17.952242557719558,9.76751709436721,-1.321209231856129,0.6064247283911633,6.30638639706877
41.57609974631893,0,52.7717597113368,-0.772659445270824,15.479519899165034,41798.479661181154,45.52547310734749,12.250273355925732,3.096588896142549,0.49260948681305256,7.908719146832972
42.04518898938862,0,53.84433073953545,0.8301918118626102,10.482101403036435,76481.15921603357,16.570630937523244,7.052105020319361,0.028565762777586125,0.45276258784806556,5.868451470448868
33.16873673840368,0,53.06635603078702,0.9003985883950636,8.92239568209157,19241.39019058754,37.47271452108756,12.434210344837455,0.14198945057559273,2.7008664695495948,6.360005004193231
70.99492091824328,1,63.20517957717358,0.4512253193185082,12.186994048857368,64689.02799608456,43.865794927576495,18.386197964872284,1.2568780316749217,-0.07618566995191904,5.981887700713785
35.07364117530458,0,55.580242779018334,1.1834936668899279,12.321509745778789,118623.17865775277,20.48773701098842,14.97763345837057,0.9149553330102238,0.9363373808293303,6.246339016060842
41.68513762644911,0,50.378113087641964,-1.1780408673763807,8.76446177590621,30065.017220187427,25.757315974049284,9.592720061110603,0.03807801939645913,-0.4709898102640032,3.899622772189066
41.37911281316963,0,54.159681633368834,1.667224111551137,11.474116410287962,19044.409830127646,47.131791883915895,13.377454236327349,0.130129438098042,0.7906415838876719,6.5840703596024985
60.7390925233333,1,66.2380829026782,1.5232386217122582,13.197952805157392,29629.116335337338,40.3289172022704,12.887584773036059,-1.504148530947979,0.9393198902324554,8.060077693794216
46.46060386049567,0,56.01426343899541,0.7356219972457467,13.08118018505424,36570.693832452445,28.827142931211128,12.532938358486378,-0.5564657778499762,0.3644260771353479,7.844276729111581
64.97290487208481,1,65.92272483837903,1.78179890877106,13.512863560152818,48141.21440296757,47.02249003361171,15.559766804302043,0.5172102161589602,1.6692469423765,8.154130643219952
41.91811250907358,0,53.27207198161287,-1.6566232076777738,12.872894190412328,27019.190048914355,47.06535723454302,15.522388519187333,0.4438928390428866,-0.8842760363604175,4.5019922387325195
53.347929946685625,1,53.70654535896593,-0.5244481362626519,10.478974022189833,79031.30091363059,37.69052693015707,9.364207015625578,1.221165750004087,-0.4872209416682221,4.8781938237760984
39.97583536088291,0,52.3422249863521,-0.7353034606819523,10.45829812005347,20800.53200437989,25.998397721263373,13.209395307388846,-0.12050105822332462,0.2123800860234896,4.186943140261242
75.74178953328067,1,62.43951617754391,0.7214793237573432,8.403145806018372,15220.483889510373,30.865512965282047,8.08452539420103,-1.3872865134308663,0.880806853484222,6.1193171041273855
35.748818971645846,0,53.2058314026437,-1.0501407396021456,17.354325117555284,63155.49961711298,37.8638674395539,5.3846380184221125,1.056730430775678,0.17942952129493323,9.902509626218787
53.71784852272433,1,62.26122847296006,0.7574951493374855,12.040351093857879,11645.667301822368,33.11405170852512,8.652531221480068,1.436089346182016,1.285759036510566,6.683921361533575
57.605322571185184,1,63.758508632179456,1.3705361439967134,11.325440832615444,32791.844349188956,44.38957178234851,9.618609241302087,0.8982445728562294,-0.6616898709663194,6.4135189819045815
54.96558916941798,1,61.47212835940616,0.6952029000839993,9.213623755642624,172618.72931957626,19.70225919890664,1.6920950541100392,-0.1636336708574914,-1.1405784894885544,5.767092754740647
47.7765480934675,0,55.60959018834338,0.2837510236615011,20.806973706983335,36097.475947329076,20.057364709337612,14.301662797083601,1.044386051876579,0.3081283365365046,14.297173974654147
48.44215160319889,0,51.02915910262798,-0.9878733409007492,8.780015903331314,20735.783838692056,36.80871111482433,-3.836627113011989,3.4289104780082136,-0.07718027611369632,4.51836508249494
50.52573766374932,1,55.33109929909304,-0.8468509661253646,10.71345622318178,35288.10679300627,30.084555861930955,23.57408469743161,0.11515231444047566,0.54286372035822,4.059452744236722
48.235975980458136,0,54.74463716193543,1.2496189052966666,13.24751050885818,35404.69104331038,28.729513853022592,17.509395668981593,-1.3117366922451246,-0.027402290866503937,7.890022921505814
61.566549401538914,1,64.80808807437056,0.7793490039053323,13.800638897232833,39352.900844543714,17.31943280825603,8.694956379138432,-0.586285049552152,-0.34001979062345705,7.455115965393163
76.52627601909622,1,63.40157868547185,-0.03901951937754412,14.873796165647052,50570.8949455013,35.19545844798182,10.047131802818866,0.6254760003040509,-0.07493757172372349,8.537705710604051
43.310098579906,0,51.80974548228665,-0.41790954576589057,17.42282552330779,21599.909758496186,34.472448919992345,11.514859367936417,-1.6048043108980627,0.02884889479318494,10.53489167295239
33.562364245051064,0,48.37337836489198,-2.025807873111377,13.518472966382138,84438.1022877294,41.53478981951741,7.05419806005529,0.16940307491206952,-0.3049812998483304,5.641223226198105
48.94061541978494,0,49.25654986651067,-1.0708524186844388,8.831907600099997,41050.45267339631,35.68906133120972,10.963095737934681,0.3803366503158828,-0.20313204632342813,4.089376688720227
80.95651205185183,1,67.05236265298046,1.9114190871397234,11.229164624634656,52229.200979588015,33.67395921759503,9.280000111491695,1.535121739812652,-0.40359333698691013,6.770230974932867
40.35590518436323,0,51.06372296331284,-1.2804555710024668,12.923497117541654,26527.184069289095,46.77000636790337,9.52863641384517,1.3101948560543004,0.8566651198694065,4.861645257062607
69.6694016653288,1,70.18724129257279,0.18947982122108065,18.20467812451747,69091.78164783288,21.875326965514503,10.907305317403193,0.864584791751771,0.1940210045057993,11.289834010974038
70.13240976891728,1,60.57242853157265,1.0074439731951985,7.806583564727109,31935.508715756874,40.36389218847576,3.4323610082300284,-2.1626790105145295,2.2567524721687664,6.208779374167825
43.35694109950406,0,53.15157538151807,-1.2549226680022925,15.607729515675683,41721.683337168535,18.288528352046512,10.19784862066824,0.9210531280479252,0.16070455127846184,7.187256019159316
56.8277969502233,1,64.64010907704466,0.1847104747810833,12.53974310863925,22775.643158644103,26.616381199991924,10.817238733087386,0.7055133860602464,-0.5508574703286617,5.907940975167673
69.54075947754245,1,66.80561924190268,0.937915537510655,14.513491605688442,22060.28444328504,22.873428673766863,10.644248106779571,0.2559443770783465,2.6706753748630647,9.064654010607004
45.45046710815016,0,54.598200047734395,0.012499321907250335,11.694015850092203,51231.130980984184,42.81942535451918,8.920846222819227,-1.7302221261454855,0.41362637771433536,5.314579916258498
47.55703567877166,0,59.49674502449653,2.8684030556667683,9.472702109621022,29091.362415714397,34.34589766404606,15.68928887984686,-0.7767739091870604,0.9901247868928167,7.02027084023685
43.01982903261627,0,48.45646544419689,-1.6685992588781953,14.252618338203996,23696.637898750516,34.86496755407023,8.231737225592244,-1.1668227695340663,0.5921029832024916,6.281629022118004
37.822919231685596,0,56.576316891948274,1.0587285298838789,13.963293081316863,26328.527575315067,23.93267012270549,11.13662953411595,-2.0150084395070906,0.6230110292977487,8.501257954955792
42.20866945920791,0,54.199365748307564,-0.17280173739646437,14.916170897219166,51507.18213491439,32.00306504067111,16.486487669627728,-0.002915151414794514,0.5356540513524742,8.1873140496003
35.31271679885292,0,54.007880902677755,0.7719201548366751,11.960086093864094,26515.40249616687,27.365346966908884,9.603119299898438,-0.7978221214427796,-1.1020845647760653,6.13755411257833
50.40900161911071,1,58.52956289773749,0.44130715169924584,10.200533930040452,34240.77739184142,38.834550148542164,11.072316337337757,2.6253055802689116,0.36752904756141197,5.892392895678654
40.7603212272963,0,51.30977023211393,-0.7331561971099966,7.323639014928475,36589.40055570784,25.089088646683862,9.518076818425515,-0.16877193943790955,-1.324861303850239,4.159750682231059
52.80543094148897,1,60.99035297632183,0.22899639245934025,14.458119804418219,13923.391646766631,48.29794365205076,16.186848967817994,1.2937531558659603,-0.17436283641253425,7.513258312419167
31.32925224555647,0,52.532628650703685,-1.8579014513982872,13.271668447331958,17403.677219231595,18.244195503759055,8.711377192068523,-1.5690990246932246,-0.7256174565632872,4.794382498605069
53.97056278657348,1,59.97679461078071,0.6032475005713938,9.102652101408122,42964.9069755677,26.934801675434386,16.416772886441027,-0.5300895860048698,0.35747018584872403,5.669722214654624
60.002347539307095,1,57.528293398388215,0.29815846599052565,10.384278980110128,25121.65040911329,51.77200509966096,9.482060526764677,0.09689787603431459,0.33412624733823465,5.1515359670885275
26.075172289142536,0,52.49000160349452,0.6386601686431024,10.599723564145679,61596.63094903974,30.648612520379658,5.702701382759916,-0.9081539486076704,0.48114589076518677,6.377677059834276
54.48867883817086,1,60.35590285511043,1.0581183250871502,7.551046704052745,58888.64414324074,21.85121335595588,13.396865852870604,-0.4222006848047443,0.28729657274908715,6.167119759246493
64.7320279096795,1,63.81518683828294,0.3676198402097109,9.5469528101846,52030.446361736635,37.19071562537668,8.47666083122172,-0.21795090624353872,-0.6068253417863988,5.860694938438401
35.48430777570553,0,50.823063487041864,0.1480894197982762,8.598508929580937,90209.127583815,30.246077577854578,13.102504495495815,-0.23390798544489444,-0.2610034893516796,5.745727804299203
70.07086864205243,1,56.26336435118693,-0.8810683366612923,10.76256296433619,34837.69733194106,26.641297443816942,-3.64702192461867,1.8551185730353463,0.9203961612544849,3.967514597983108
55.02822811239254,1,55.081377073601104,-0.712220763649051,9.783907505011312,50233.67828709115,24.041291892012826,10.026026309474732,0.37822628543151016,1.0678566772943998,4.125977498573708
41.539857730899094,0,54.83504542649204,1.186734620177331,7.1189852373997535,27113.838212943396,62.683736056259434,7.701973506212598,0.4795105629413033,-1.1467830986265493,5.89638081549625
49.33077106810753,0,57.4767154517723,1.4363354057059785,18.067770691708446,123770.5783662208,32.48448099815864,4.683706567343609,0.5396547743450705,-1.5309276325126464,14.873044622100394
56.69992295026067,1,60.80615042559761,-0.23811043631205406,15.757622193087691,97911.25892213469,15.74432639667123,7.2337949908010035,0.6126263773371126,-0.7268893832047121,7.928673491991943
50.91206469694894,1,57.87972746289466,0.04600274725327412,9.662941735440043,36531.86663825315,49.937097590055345,7.1314842785367425,-0.08288698387486536,1.0452075820322506,5.136178082602937
56.46507190935643,1,56.99659996687978,-0.9046143749937661,12.817264189960829,44059.36089654652,41.11070905110571,9.760071025747095,-0.3207463714788462,1.2148840301830344,5.086486629409614
38.9519168830476,0,54.88046154909041,1.1727568452674448,13.252395269463886,71657.19161532128,27.335335689802122,3.1633676935752213,0.16681605951827747,-0.9247118804011716,7.884198984804926
52.03232988843293,1,65.3253812919839,0.6654168236917787,15.57325756432043,33739.69268037302,25.668809113138582,11.581368901298568,1.1568039489134727,0.3073093537363383,10.029169419228241
33.03542603714024,0,57.67450534761195,1.9412174364637491,9.544184920019763,26152.18348820413,41.73472796158231,16.83107392602894,1.1262381884363837,1.8344313331400877,6.960043642873426
48.6652872638156,0,52.27990399301423,-0.8783230771797389,15.276320351947279,56218.14651578673,32.53081672510545,11.404642484739131,-0.24039847568841113,0.4153114772403338,7.91195451364723
39.153108302422524,0,50.10733334958079,-0.3780078990182172,10.356284087379194,37768.08160977597,15.740221815548988,14.044943046145045,0.7678436946681114,1.4215032852330935,4.153572322175294
41.1736406889228,0,51.72612377004575,0.2314459225255723,7.99241278749416,39795.026646051694,52.87239964604669,15.472812273068978,-0.19458466303966782,0.9987265700830984,5.202367122317786
64.83311810252525,1,64.85969599194553,0.6464895377257707,14.172409677943492,23929.429218004218,30.66009537784043,16.182447560920885,0.033870549435244236,-0.9101987062279108,8.491834618786587
63.095721447131226,1,61.11937478990618,-0.21566763754763232,15.872275272367284,15385.24059346754,49.95571736482427,19.350693464106527,-0.4735233815541974,-0.18998142349707814,8.138645865761733
57.30965745088612,1,68.69927568048803,-0.8729610904537004,19.763726920592056,40866.71534393909,47.784349579657146,7.503990008620349,-0.1816451389062335,0.0347544782918479,11.711629972663918
36.89224682392906,0,54.92904387672181,0.8814075289235711,8.40082420472936,57095.52496874859,24.989904555171858,6.407580074194418,1.3413300695496801,0.10413338802134002,6.217876164584004
46.203098603662376,0,57.62671248727516,0.7211353625455816,14.096759055242366,32438.34940502028,45.331898643631476,13.917328241623673,0.09242114733923629,0.9163289534385712,8.237028790406711
64.5571723997502,1,56.9116991236472,-0.9162741005637249,10.7705962686194,74474.7007747935,28.48557450136319,13.541331098287,0.1352825085523179,0.4086847622754085,4.197017635969804
51.700602963678854,1,62.296029980434945,1.3554428011054958,14.350076131572093,25541.039695965184,16.332994131960582,13.878376498078445,-1.4472177792579584,-2.936200943778115,8.335637565763529
77.83195447978034,1,65.09316172748083,1.1701987091966037,7.588531346306248,21432.15776780361,30.754018339778575,19.446412271251262,-0.30924390763272963,-1.312840273092726,6.78160660624897
54.71981407273246,1,57.03431279124224,0.13429649724779288,8.211690672904307,35115.041358780865,38.97637501776279,10.05684954399247,-0.2413149037447287,-2.187380914976043,5.361574430803578
52.30458939788038,1,57.81223626171328,0.07959786237603639,9.672375530500549,34846.35126135044,30.372633520036622,12.130782798230925,-0.8291434854434051,0.17536524065533415,5.809378523920174
46.29060242956999,0,54.82820102074475,0.5540577711159071,12.236892137004254,53368.94842600551,31.929516590748985,5.098058742582626,0.02166541170356352,0.24048764946776105,6.399895857419637
51.60249085738739,1,57.47052302685168,-0.8617030702562581,10.076756200384933,24649.664971732065,46.43566044928613,20.676605619879787,-0.4291822902276543,0.28322495861071845,4.023432994374122
48.17036196343347,0,55.74166066695052,0.03003147916408217,13.97716303174026,71973.05691190499,36.064939802900916,8.317275393954445,0.07999585524358216,-0.9589282677146163,7.628253906414452
58.49730412026308,1,58.943288390201474,-2.1523835446091804,15.080683854773742,97096.29346998958,26.567016887150473,8.45892035919585,0.12150300981893442,0.6741440051199892,6.939563436710529
61.48042780153501,1,63.85429784374609,0.8764556455029355,13.798732623736068,35611.645584810205,42.020303236673264,8.266250544958787,-0.9557543578226444,0.7162624964685291,7.855485954854478
40.568126473904606,0,50.97091746536812,-1.5614932224418594,16.856362918982605,67836.46831618442,36.97675566954245,6.775520706778311,-0.3987017824831894,-1.2551490672051577,9.128338992349093
34.025204557306665,0,56.70125935320324,1.503419828428999,13.24747988836603,21412.956563370004,9.78395198537957,6.352814755761754,0.07737428276083357,-1.4660382014488722,7.208374196930814
27.96553552276044,0,50.54772328697367,-0.3301200939664503,8.3493098689795,62168.93835234,39.28352913771449,7.381478585552374,1.1842994311567254,-0.0001316862269378586,4.807344190176124
56.095895922950525,1,65.09593800459744,-0.2116669819311769,16.09012954061502,61306.31927408498,38.91828707716102,3.1710203597452766,0.2567191727957405,1.791782273613359,9.053461449133732
36.759600725913515,0,52.38304810882411,-0.6277339060845056,10.184531293182008,55922.30748503762,35.2012112958086,6.073410398683809,-0.6619351799174277,1.6997427421986424,4.598252183113897
24.165312884570206,0,53.43857652786043,-0.2880388739220764,14.73125549905671,36034.00862615173,43.917005810695755,19.744815557238095,0.3990047592438523,0.5634043604480524,7.222968257644344
54.66294325437157,1,67.24465101071138,1.4185313451480366,16.72120264966532,8290.582652034062,28.27606415673498,13.678275718206843,1.7075488893217605,-0.7299966715800764,12.947022285451206
79.91599420919349,1,56.35600600291172,-2.4878086565350794,13.370064032191198,26347.704335293904,38.36499788820901,14.629520883638591,0.9167064725890186,0.8868426594885851,5.632821850348948
49.92714906152128,0,54.640464472305204,1.2769653860881878,7.511523560506051,26556.823283779413,19.330406288326472,15.886043937084574,0.5475265304356202,-0.45242426480904147,6.16682271109226
60.0618892934197,1,60.069155564367634,0.33802348110170816,9.245363500470624,22267.25585298072,39.07090383398832,19.170672821811955,0.7255901754823215,-0.7675070366738105,5.864366684712739
50.98195230257078,1,58.61766586941105,-1.2070216478572156,15.968233400655407,38604.39859787394,54.53059695539896,1.1428872427807804,1.4399540414286307,-2.143966831621994,7.323628487619927
48.81332416170629,0,49.250652139309466,-1.0753123930492379,11.492631943071551,29452.034716588278,25.05143647532459,3.8505844235672972,1.07562679401766,0.1023821983476529,4.074082114285092
61.028917795853225,1,65.50870435688141,1.676393027208203,12.238720604826497,24045.279919229997,27.401978680122248,5.981381695526574,0.5667603811176578,-0.6298673491373752,7.23814851126183
46.51670546973618,0,51.68331151155051,-0.9455068799427312,14.276473248490827,21388.312904610993,27.899845571084477,7.651351017552011,1.0686422195900849,0.09643037952850442,6.332978028863527
53.20870776886284,1,59.07121015248698,-1.1533505105959594,14.08896858624097,25393.372842671102,36.29998225801595,8.497153047073756,-1.0816510962640609,-2.2993576962370614,6.128745718802065
53.86037367435216,1,62.746732427104625,1.1373145423647293,12.836399437156382,63624.22709278459,24.369637271462818,7.765112235969796,-1.502265252340281,0.16982667258368722,7.434536394037792
41.98291455628342,0,55.812315907026594,0.33855287628591424,11.373994886338602,26094.699090080012,39.212473786909804,11.09654456566027,0.15709865064383013,-2.431121163971628,5.546947045383188
61.90450819443827,1,57.43513764819788,-0.9379255765363989,11.061994662802928,28072.076623198776,43.46839945469165,10.176476953726079,0.06868070965053837,1.087940253268552,3.8955677288517405
47.9004829196551,0,55.14562370237302,0.216624975404619,14.57369647587403,28901.569844044294,40.34347213453784,6.385826024108752,-0.5439100535132576,0.5218912341350844,8.21123237906092
40.93105808608586,0,51.27332749490583,-1.0257526836402773,13.66070859320338,43023.28487805552,17.315845743619278,-0.8777438849378498,0.8258526698277096,-0.2786647714245878,4.899694174666452
56.43811812284484,1,63.70367424062179,1.1008213984226052,11.22809999814663,45621.0606055176,44.95167665158606,5.035656473106509,-1.862863586451236,0.5627198600820792,6.533082221493046
39.21838421850755,0,56.74638394522158,1.0613709648731335,15.246336938979422,7924.161037601597,44.3736741425368,7.2538067334371235,-0.5347722560578038,-0.9780742626635524,10.091297509182576
50.33817388842954,1,60.746592811513494,0.5320061988219431,11.612897654610649,60525.35256566101,43.30161372346304,8.764602815961403,-0.48495554487761494,0.07237551561489243,5.8239261411690295
49.89057204026956,0,55.11565288194597,0.3616610612470166,9.44501347699682,74472.41125976395,38.72842248655825,4.351662703447316,-1.6363017850994594,0.7947740384603357,6.208792120315239
63.030746789978934,1,66.41050581824945,1.7611881248673737,9.723087903289965,21480.626853464513,37.201893142051325,7.5459676675179,1.494731007269304,-3.0942892490913896,7.179861626418809
55.696378794559436,1,56.18849573628179,-0.0003136726117747121,9.063777491070702,22333.674319652575,45.323893981263964,4.345063057572069,-1.359201268663323,-0.4472243596775238,5.063787671184474
49.69967649505827,0,49.40049039794329,-1.1818741254208012,11.182769950188938,28994.844175499085,54.23513487603455,9.370903242258334,-0.5883400573076859,-0.02264413013637428,3.3250485900127886
59.813195590403446,1,64.84985318878736,0.44947391283230687,15.70117283500858,24884.440068393033,25.469595366351502,4.6345433581869235,0.9079797578051338,-0.19629361774576656,9.920284821318191
66.68249058820776,1,62.285910768778514,2.0860470495371137,9.584714456908474,40617.87164245873,45.78125395794772,5.755476718147677,0.6460453434287315,1.4571018262274051,6.657914699686688
56.69372367622235,1,56.94206987928864,-1.0147594931858521,12.565427283054309,13721.748801463147,34.13782901992547,3.4565793450543048,-1.1081746964847465,-1.1239011249228845,4.9613972852866635
50.12423143812057,1,58.4370244524679,-0.36146276669398575,10.029931963117761,20765.250010376894,33.703269479713995,9.23249652215108,0.6824892092606365,-0.621159243445229,5.2445841421477555
34.25796521179809,0,53.37938475722001,0.41644603810145264,11.219072876185688,78401.52048466193,19.634693096179618,5.667761150238008,0.2897844786582218,-1.9158690263084484,5.458420832009264
37.21863604309553,0,50.69290255093723,-0.05390484900573916,7.469876364044243,22831.353329503214,32.15210590484605,14.533921333377148,2.3330355621114673,1.5102866512731454,5.278355580802234
46.337303547743986,0,52.94346024608542,-0.9823035803773146,11.338385312530388,67623.72344834257,25.027350420315848,12.029251333464495,0.40394041606830444,-0.2462901426088,3.993129428808879
42.685853574088604,0,55.51450815415103,1.1218578562304709,11.418883860585114,43376.326451460445,30.361455704940543,9.650740659081785,-0.14124182106853178,-0.438408888036707,6.81805637390889
47.75634436417465,0,59.12863226292486,2.3200407220172594,13.620863832107085,14696.521949625794,24.018136162218504,6.012572513281057,-0.8565019571194227,-0.05248268231071405,7.740897098035809
50.67979909876529,1,62.26542706207027,0.19613145902390733,12.669842739766112,49894.42727303614,30.510916126869937,11.902601526581515,-0.7442433669555713,0.6362358284303241,6.306869159804726
56.35631305228077,1,55.466310878047,-0.9040682897360003,8.404823625143864,34240.56560317542,30.93889642976597,13.453504446743185,-0.8257690954681581,0.3473634035161247,4.620047625638502
49.15401466329091,0,54.5258792116338,-1.548960525053475,15.252594732130628,28919.357855951464,35.967549184388005,10.713442061008152,1.371098813911922,2.6478842135570875,7.275130505723153
55.83801972591442,1,60.01565911728917,0.2579759812211809,12.630909120665986,41047.22641521208,18.85250137708669,18.01850927733465,0.017969915016470623,0.4539358884037746,6.090255938158931
50.773692977721446,1,65.95465205938176,1.1038773433162576,12.59518055153246,46042.3425723809,20.544818522546766,12.29818659037408,0.56524712397473,-0.46524542916908107,6.932736251634084
26.294401203753544,0,51.89468866226318,0.4751677464953816,11.972452939844583,51730.14215370506,38.619142707305265,14.56803608784017,1.514247599980887,-0.5613567375239471,6.087049611594016
38.72797527417495,0,53.34183673369169,-0.002403840918853844,10.44672765833334,65455.54073644837,27.02561882929901,10.667827077679892,-2.358464142207465,-0.39275895241680914,5.110322807017602
48.27094933134062,0,51.567228015552914,-0.5892716517893062,12.653407019246178,44536.66031904965,45.74529790229931,13.378322266284883,1.278873764700375,-1.501836924629838,4.8632860191788545
35.48366308590671,0,52.79723465666652,-1.0921636327180897,13.426765307785747,18254.793017167758,37.252697220150466,6.0160938366541235,0.05539691178333415,0.03986420749158606,6.238134460626951
57.19914475995445,1,60.071187371732904,0.8347513263248821,6.759312925963336,28657.69496294419,41.06762150206407,7.70800818393603,0.43504837164044435,0.7834681062089172,6.731282515084065
68.36900998812436,1,62.276614039461705,0.9137716213855857,10.383717487961713,158185.57808841456,49.10692320420895,11.7468177674119,-0.8284032217482512,-0.6133636006232359,5.979198264929669
64.62514222036779,1,53.996455849107534,-1.5457297866907331,11.235159088789231,52169.09403274621,31.902891881934273,11.710497407786908,-0.7551243984485184,-0.8073800562841116,3.961923578896192
47.438685548837505,0,58.28800353942801,1.5898389781806839,12.768511817082835,118734.31754605254,29.255132945837243,12.538059114716237,0.4888458898129879,1.5159451462942337,7.519985860601177
67.88871364219942,1,65.38156514901502,0.5740712208940013,15.579933017781379,72963.67846972335,43.71702585598813,15.501964461393646,2.3845978003314694,-1.426483156621165,9.648634010741333
51.78400948642534,1,64.77643882800893,1.3995946451457935,9.684777556209653,40982.52501889208,40.095135639296856,2.8751441409229397,1.0033133128149014,-2.0678183764773013,6.457493529419187
45.95496834658353,0,48.771331597780794,-1.342127748485115,10.506114459546474,42222.288955519354,33.12669690178699,5.1277372619485195,1.2655229214185404,-1.1529019436473826,4.190341433328006
42.639168037508725,0,48.02058751397044,-1.365824155415439,10.46239766806035,35657.32876111525,48.91457966955942,11.147863205371266,-0.19200127026141986,-1.5404327171242964,3.8276878106849277
46.37036376214246,0,53.82653285459707,-0.14896930976729691,9.595417229686376,15231.1460425534,32.87755690160069,6.3781818409826965,-0.6002042245856282,0.3862260641045818,4.896041053558847
45.34187817750525,0,53.17272945666933,0.5027844268951942,10.958440514663213,36644.68316408837,35.32773637555781,26.88884120644681,-0.7808049515789934,-0.36070450044957353,6.361236097201397
52.04499466850585,1,67.68711612972893,1.7963608229269636,14.312406659963914,66525.27810336833,35.21222650834258,12.57859809585068,-0.488273724696688,-0.21968704502383987,9.70927872263485
51.92688777259838,1,59.623039280632185,0.7060789138151315,8.838493513906963,26908.02915332431,25.65406105101529,9.608345755349214,-2.0527824331705253,1.1529341769747732,5.946350740953496
50.03655224184097,1,58.29481864402881,-0.24268127681203333,13.28344318545871,44621.74162149918,35.77585389486391,7.422653634580705,-0.7249193428916019,-0.6913348611627764,6.762233030652244
55.2432580369562,1,53.742497791270644,-1.0263692076658921,6.8942933099449935,55592.05214267625,48.96760177398491,7.599188584034778,-0.5603531560598431,0.7750894117456407,3.580275807978623
64.28775529743609,1,64.92438848246364,1.23000057271915,10.315986010673383,23043.97855737185,39.44968315376176,10.150703306575886,-0.17535817439484103,1.511322799203203,6.757829926493068
61.394649625295884,1,57.767097288596986,-0.9647054257507148,11.011532099346041,28979.633461930283,35.310634263989314,10.55990966310629,0.13175010974729173,-0.45566249801366066,4.318610524071464
32.18122437860116,0,57.821061178036246,1.6284685547723217,17.024579018742195,21830.08306805454,33.38232718834331,7.716504276532435,0.3624508686256106,0.7370228555563136,13.545516573602768
19.352946381176544,0,52.91995838512105,-0.28438464960650933,11.175593085741935,24074.710138479437,38.30867028406351,8.634238767400491,-0.014925372442960091,-0.2418179125289801,4.9078373235149595
61.21183893487128,1,60.546403692613275,1.5905820726178503,5.396269579647245,19076.21133950783,42.49766628489185,16.72142287617298,-0.581443086342757,0.924098128840789,6.775044603781108
33.59745561901495,0,51.85055385153667,0.6789312900592783,6.003333279416251,23150.595189442512,41.092388308897526,16.922524813255173,-1.9633586432655206,-1.571489187576273,6.3866147845644585
47.3028151772878,0,53.815483818786795,-0.13699548944245826,12.102088759040043,73845.31454629109,31.68135138178021,11.260169899674384,-0.5753086084017933,-1.6455122451253463,5.331408656471742
35.95864368728769,0,52.21591097069739,-0.5193963718261266,13.841312567369727,22977.28700467674,38.247815941101145,3.2937013638163117,-0.9724506376870051,-0.39126771490754075,6.302093091266429
28.376234749039764,0,51.804671258909515,-0.3409078773460798,13.126367572881758,38685.86665223012,39.799397411482786,12.692515783195217,0.4660667482786038,-0.8889248090597707,6.105783766979119
56.49755273845746,1,59.426508839152184,0.4283166923752375,12.50271031740297,28242.003178222818,24.928050124730216,17.77141220805513,0.9092873966936939,-0.5167091094298853,6.295150320739594
59.10986192363176,1,61.17871795628469,0.07715649621771674,15.486778792517,65475.60886418985,36.68230541183694,16.848905509811893,0.9385710670599392,-0.21952658244713985,9.044890312876632
43.081875191279366,0,52.80763848218759,-0.5938114080687051,10.381226337788606,69953.15958751815,13.386961136976382,13.672129264048335,0.7569527361278201,0.7200135318362517,4.17125009098858
18.90749249426108,0,52.884363664380274,-0.16563141031763223,14.684731668080476,55940.001360098475,39.82533709821185,17.11211477642911,-0.13352573545248822,-0.4076605785659349,7.515847833418644
43.44506662097021,0,53.31359156127817,0.0785770297191498,7.103955344920748,42322.20958569315,41.603430545626814,10.26692136239511,-0.5219555654758967,-0.8238613106230867,4.9782709719647515
54.70164806483056,1,51.759249434699015,-2.128734094414812,9.285156501185801,32353.265303677275,42.475461257864595,13.140514849168525,-0.7471027536670662,-0.3515133767588989,3.651942183168944
32.25306117471045,0,50.9334852056329,0.4581681147886987,6.578875815204551,20011.505215345875,31.049531478304324,6.596122168374099,-1.5074989166017505,-0.7691452798066177,6.20990565110508
52.20031903734987,1,55.62581531336893,-0.9797212247168068,11.175464097990623,95967.45864722537,38.09046835024035,11.46132728077856,0.9918537005078577,-0.9340055020627144,4.112780631582915
49.81628180992406,0,52.523813661464224,-1.153332403205745,11.861216348200973,24838.831431583305,49.23953845541167,16.647671219852622,-0.17471103792997442,-1.6130168135769691,3.4383527674764935
56.95149799521306,1,54.328306214905744,-1.6873443471107104,12.34230447667956,50605.88604530829,49.13769648291259,7.052882942565545,-1.2463402936208738,0.06947811622107863,3.9999069888441214
51.43496442096984,1,55.700815441260644,-1.7938924978678903,12.185650058661405,61684.180693312504,34.70827300773439,5.692782852678568,-0.8264913757102347,-0.5687057065970534,4.358479421856788
38.323172709421335,0,47.9610036231263,-1.3554475031122892,9.217340007564816,27511.51027522084,36.3931963072956,10.487444695118484,-0.8669734564325522,0.9662787392346717,4.252754702053099
64.3588580199739,1,56.76723286698473,-0.7090209576304904,11.429277466760354,61023.00868890601,46.10911144734433,8.866688981380003,0.04302448501512677,-1.4473960920589406,4.280719340973708
48.09764512367636,0,55.95852731337473,1.9532591375265682,7.507659994182754,53215.585963929836,19.991979847378254,13.245738605352102,1.0674678510706859,-0.5420835550478789,6.180081614073189
49.672345525880814,0,55.59834891800554,-0.5258796758952039,16.08968692539675,86161.7754192423,31.769242573229754,7.733702370264789,-0.34798954959558315,1.8129072206587489,8.739701802203482
38.80078449112165,0,53.433717068507804,0.17775010626803134,11.089121781305996,28719.36080400831,48.355704555367566,18.59219807801357,-2.252533514783649,-0.9396095170978495,5.335694851404688
44.68061298570188,0,56.31411219259972,0.4004813865063287,10.533341642868926,19092.826954179225,44.75200541684766,3.5516195101947208,-0.1891803351589201,-0.23653325209612397,5.423133002738569
39.38236743167719,0,52.73976783969401,0.13106518621584873,16.76682098533225,28205.016249008633,38.69263777649905,16.26867393109867,-0.15619390009719572,-1.2158439828253684,9.967851065373694
47.924647280918926,0,52.41820191901657,-0.07744346072599365,8.273260399352313,40312.89900417644,19.941675946693795,6.175753858459485,-0.22492023093552171,-1.348427512780981,4.619228776066892
70.54050176170813,1,55.929115933527996,-1.1952937635992447,8.623238657904093,37388.04812736212,34.50089766958838,1.0200863270798841,-0.6274611664757017,1.5473109830876783,4.436609716499188
33.537186284823726,0,55.6222559147982,1.4509275482792119,8.711339025394304,29830.333332840113,29.10084603750067,11.189375781744337,0.21743908072584237,0.17103949263714724,6.73522295848593
30.637263225479106,0,54.96513230034685,1.8071966436378852,11.796385854901555,13980.255203364939,38.31038902817213,8.726960069930582,0.06614111514900174,0.13367883823762333,7.039458377641733
67.6540439299233,1,58.745058372910975,-1.6826586941226858,13.294894888912792,45946.8925194793,26.906533152051196,4.451953160484846,-0.024830314126647098,-1.6963162351162222,4.712535588870088
47.48811587417761,0,52.11150244544981,-1.0240285908863795,14.219026404353501,97360.14719671798,24.742766050253927,1.5931155414236802,0.4126413614429657,0.35874138810830297,6.215804335286363
41.971127136081,0,53.32313018839314,-0.2798103423770061,19.715985952484907,45803.950372687876,14.351347223163586,9.958196063642717,-0.42983282314785354,1.1574219459938258,12.05628405439721
62.47885624875292,1,53.83080839624855,-0.9645377949101913,5.251702637397709,49245.22854278119,47.21804684976701,14.879184458119088,-0.48658566970065326,1.1494770608285296,3.5844678680323985
42.73261352315763,0,54.326681528961416,0.5059655534558652,13.82620676737325,48350.05570871407,31.002294885569427,12.924767465432222,1.3801232895853999,0.6683332296061608,8.122013048915072
71.91211656256323,1,61.4449106153895,-0.7282722024066131,10.328608282283307,44290.4047249302,36.57145783702534,10.283533244196327,0.5593554097154361,-1.129485577595404,4.532413994018582
58.13511045607123,1,66.95928932479885,2.1650560678066024,10.24075455333368,57862.9743641887,34.97761883525819,12.394237866088675,0.8269460609427997,0.31312341719299164,7.575279901094454
44.14506310225157,0,55.20504746193361,1.190548594343596,10.140683615238366,44253.3715428741,24.325660670395006,9.863929338110715,1.2261045853340684,0.6675849604766076,5.876367005475534
75.88769855918605,1,59.87438783324304,0.2125740306322149,9.27369098757608,31059.54399504686,22.409350885518066,2.851378784848144,0.5259441806248001,-1.7944435850889013,5.5406225755452905
42.73142092395994,0,58.23320121770277,1.0269862633197322,17.053574503810356,24391.879414239258,24.946848740027647,2.8955300738827834,0.9283886791361711,-1.1212795914817848,12.041690912696312
58.905144464111686,1,67.3503217197974,1.105900424357309,14.526891981041707,32064.7691577358,27.768315611706072,8.984157355076606,-1.5793451620702603,0.8881573217434416,8.836902813072374
53.591510964877905,1,52.938086450554316,-0.5639474880582432,12.069587935672125,42491.73002051779,38.66606247013805,9.196733568169627,0.20415387199602714,0.8760457766719285,4.63285437670624
65.62089547278558,1,63.25668301391861,-0.8162172445419648,16.053047257461003,31006.697838569118,27.042823364793886,14.254913392533826,-0.18271846181432752,-1.5485830336213924,8.327668820024963
68.73813436072223,1,58.41593260029208,0.07814306296964744,7.462413104103373,42496.17460493221,52.464906315946216,13.786521118873736,1.6776840908998094,0.7950214592691726,5.042066009117721
50.3840497887892,1,58.65823351598365,0.861636124497944,8.007884606007222,45232.67789330209,45.27151035893151,13.025665078794747,0.9276455318033,0.0953033991536178,6.480109128426605
40.9589855558458,0,52.78622032556017,0.13906039865341766,5.466096803415937,55082.63083743845,43.08359549665708,8.598586434614097,-0.6304451907931798,0.7810089546071515,5.712918787854827
55.5196657152694,1,57.38439198728848,-1.5769964821909972,9.901756379630138,68967.9707941086,33.8034109752685,3.096739149449302,0.3727941585292059,-0.6345213234339414,3.92259273168057
41.86741556297473,0,52.568444484523,-0.8028244439508423,12.485095580114258,37759.92783995345,50.14280735720484,12.06035568533012,0.1676813334492398,0.645183496480902,4.530448881759331
74.16064697031948,1,62.155894276491566,-0.07397286359437803,12.308575733797003,18884.78248910308,32.81994368878876,12.625846566310841,0.4543314331522287,0.8438287744856245,5.752592271639952
51.63842397299285,1,62.07451066038516,-0.07566560432583026,12.448025733179641,30560.021645959656,34.68738585845754,-1.9426573123884303,-1.0188424693746518,-0.3513349354557117,5.703334312486677
45.616141384254696,0,54.8105470487528,1.9725421767898081,7.766829506801755,37124.45826103948,36.69974539749269,5.828309067086686,0.3600164652382253,0.01775254617328601,6.886329193003249
52.216163670378904,1,55.10108754200963,-1.385987942398998,14.409464227842065,14503.06988071589,42.01823040543344,6.54472811303052,-0.22815134928823433,-0.6485216295046535,6.225773142686436
33.834484525643646,0,55.00386657133328,0.5055892418358746,12.718882554716993,72717.12988549563,41.369080790029855,10.591751005617182,0.28244976405560046,1.6516389486858793,6.742473500817187
38.340631537872184,0,56.283589342207414,1.4891131083282896,14.199162844397996,38995.00953391344,30.24874721555397,5.983197836171531,-0.7243851651221698,-0.12027193932576595,8.899735664871434
64.4049668953331,1,61.72879713379316,2.271449745422796,6.321713467229845,43944.2215779698,29.670062805740464,9.809327155876797,-0.5850631713965995,-0.9220243251771819,6.630395436569275
42.11726865234325,0,52.56015545496356,-0.40439742318396127,12.93447257639337,71880.71092299765,41.39902957152084,8.94732529823504,1.1738420203667026,-0.7158259138747501,5.769599365834364
37.43706820781672,0,53.97704466059139,0.4914294527201998,8.436704280247419,26500.757194112175,42.152365838912324,9.20425264231136,-1.051547558340161,0.12677060114211314,6.083082454955139
56.439833030327435,1,60.64127366327955,0.5697603571986469,10.808030242345914,48388.669566918295,31.06648875177127,6.418028531496269,-0.9777544010420485,0.7533311717782117,6.1608097218086515
64.22844985595596,1,60.953014050312724,0.19548173155329082,13.60309469590915,34374.41918703736,19.12811930321546,6.805074729666612,-0.05158125721557804,-1.3358268451505217,6.949941131738162
58.6274397279808,1,59.13255241886994,-0.09884520123930605,12.27328081876774,33122.118356465166,32.92683903991755,4.598664701096537,-0.7718903751859546,1.8476600029424488,5.55214717976396
61.9525722296698,1,60.15221307872125,0.4359753895000459,9.445380060662043,24683.833794717295,41.23525798825859,11.90033720286916,-0.8850286322627987,0.3086752940556164,5.878234367991083
40.91845893716647,0,45.19285322304581,-2.5322460852196853,12.018819468553255,83516.67628139841,53.05416846419781,12.855513142956841,0.10507597120829498,0.4664559729694125,3.3657252769590946
32.93827199909788,0,52.51850836660484,0.6820694900626313,7.40539405426907,30099.082843653236,23.02042037659338,6.146910249373306,-1.5050658569037048,-0.0971895438234364,5.850755044966361
68.01600382346584,1,62.84095104708322,0.12617790366196718,15.450802187694888,51520.34841391668,30.734287471694266,17.60320048008522,-1.007962234913638,0.019258967351125547,9.069065100494862
46.12784193389437,0,53.7652256136232,-0.22247489677826537,11.384147941511246,14221.30265299719,31.105964384746233,8.426992762789755,2.0540955829236434,-0.148283137927403,4.594584109683578
46.990003802539434,0,56.20835566801572,2.046862195719558,15.355649832765977,65512.37039900778,48.55805339431501,17.650928118982804,0.4594750589690091,1.0177959690359604,10.757158961658048
65.9383297021887,1,58.34383462117269,-0.6749340187905523,10.42040493871187,61457.771641790416,34.65058499541367,6.789364130841983,-0.7465633522699111,-0.007928587453370405,4.2516263852043945
56.67476011280792,1,56.38713870926856,-0.4030759890650308,10.42927203478025,38128.49016947933,25.926734406277344,-0.13288888299717705,0.4182150782661971,0.7670502184927098,4.34451867514506
55.47065326497929,1,62.887981109400044,1.991553302204734,9.707439640086461,32419.934240679937,40.58695282921819,12.010989124561757,0.5673304769866295,-0.4338475233525722,6.533573509873694
75.98002813881301,1,61.284145745371056,-0.8320613048498566,14.628521795079227,44355.85525479515,30.953614799590536,11.242725525594937,0.9944144200902384,0.19564052831231576,6.8190285136533895
42.27778123543828,0,50.17611878646812,-0.5501152829365389,9.871706528014572,114050.35386663288,22.756127266420457,10.171968976537915,-0.12715602945673044,-0.8039203442394212,4.111892763961174
61.13408153697485,1,61.64974430582174,-0.14702542343084998,13.933786297245529,15038.692374636033,26.072266927238495,6.788837607780053,0.9764977027728893,1.216528232549537,6.788836555465946
50.68415749876502,1,59.75781992553687,0.8407344821295493,10.85264280699213,53691.69933528157,52.340419544226194,9.827138872570904,-2.038446524882173,-0.8337472407191158,5.884513406274437
53.223107346359086,1,57.343912160162574,0.2078025073533134,6.0721101003251405,23021.672846997317,38.84209221649462,7.443702710652364,-1.0563081304757531,-0.32497944426132624,5.780620516527603
68.34162111695038,1,55.85085591907594,-1.2926253471522626,10.289057796640602,35955.6244112252,36.07760055452543,8.488252168341248,0.16387140173645573,-0.3149604124547449,3.824276964547071
56.09402907547548,1,54.82665823061533,-0.5321685631271895,8.462675356911456,32082.305944518303,32.501062641879535,14.208161278825376,0.3296335328077915,-0.3539513876737683,4.755362396624076
56.459552948595594,1,55.6524636045511,-0.6073544332122114,12.101708171047013,29314.597264584238,37.92148842118799,10.921086147650467,-0.9117822876686418,0.722495769442937,4.810188324875177
62.87008804771763,1,58.67021325836158,-0.07722104522304557,8.42877679297653,36125.97575155533,37.802359460024945,13.049756936659886,0.2594199912631591,-0.3166577647366437,5.280179647413312
45.620567245485375,0,55.02574349144301,0.4258436586298291,14.77792530214385,20597.28247448071,37.92168828207326,8.84065746687105,-0.6238402486872604,1.3939245305410728,8.826727748102098
39.929483991931924,0,54.103956554268905,0.4182057558879721,11.726772418940918,60754.12244418365,36.14845090277753,8.289913270976125,-0.27695909422716564,-0.8184750861301682,6.124615728228679
37.4622896717476,0,49.75271343528984,-1.7760117540484022,11.467212015723783,14808.079817517306,43.687983383055496,4.232587345556782,1.024773800665011,0.16937746994270692,3.9221611712035904
26.403720927487978,0,55.224434276215405,1.063940987560856,13.967676413362748,47566.416543589694,35.231043460007314,8.149816937159015,0.9089374968885997,-0.7757859893125999,8.333184854055716
74.67448555928387,1,65.45228162907691,0.2525688459966235,14.891720802227587,30845.065764354535,25.220611644473614,-6.605572777945696,-0.9970603273632624,0.4209727825314667,8.333764482500586
36.7614996113398,0,55.83520462963011,1.3845320475939062,11.939703744691045,20222.22554622117,28.875771090991318,7.048890168471826,-1.0572514620201034,-0.015949726976770034,6.953613817782391
47.34495651697074,0,50.65060836132256,0.4441983272906719,9.686399101352128,40182.69403597679,15.209813065102878,9.590629114045806,-0.4111733955533163,-0.15506204469847845,5.550113905827989
46.67824040133295,0,51.41815838904447,1.1013229577357622,6.678091151663612,16672.642085989595,55.268171160423925,12.81836827135078,-0.026746301172925133,1.188474966503524,5.9998697619832235
53.68888037370921,1,62.94171939409856,0.46654531145012695,9.94185072889446,37043.82354390665,43.62754591952687,8.656610612375216,-0.6578984885747409,-0.6543418710551034,5.949705763481388
59.78884655047156,1,63.075745346522595,1.3462257562027482,10.148363260056115,17828.642033991586,26.699295048707633,11.738367711224997,1.0406424427996679,0.5865151576180001,6.849234727988385
60.32568186031695,1,63.56745446611538,0.5222506360177785,12.32117235897689,45735.77265674721,32.181551506029,-0.898943306951228,0.34738984170855525,-0.7689599126747924,6.884954915795257
43.003070737172735,0,52.22513499250799,-0.09791524644290406,10.96455935658592,22875.490514823985,28.631235257935668,9.71581573896525,0.40608510987442903,0.11268520016037374,5.144215476080458
47.99453943456306,0,58.576713445877296,2.2724347204468818,14.063798916154283,28984.10894846473,50.42547211374117,1.6024860354329835,-1.2665388289449717,-1.1955753282234454,8.19922699934602
53.3909594058596,1,60.193147370305,0.8890371222798921,10.161050186187932,42065.141926988574,20.80122835729071,3.9584824217033363,1.1672907173837799,-0.6625171463067404,5.877257081002121
47.01570648579744,0,58.2458281133231,0.5737444210044131,11.828876499441174,24679.517907058507,36.14476058818779,9.064172260680696,-2.820168822240691,-0.08214304557286504,6.889963973275511
69.28814691223991,1,60.906224317780605,-1.276304416538336,15.551962329590669,35278.11221929985,33.914721574351525,16.38131993936777,0.8340554518493689,1.8146491673230778,7.4489734728218675
55.89169941965902,1,55.6771376216,-1.2883076174635377,13.0254756418649,17036.012237550407,43.26838630709114,11.856033817350294,0.9343117376707711,0.10080387045977413,4.8538120512439455
58.81853343259781,1,57.73403002431648,0.2927154821418534,11.819887374934307,49783.44618341307,33.95990772275305,10.091154985685586,-0.43240118727796156,1.6546683158667064,5.639015746067877
57.95457522400895,1,61.66250145235361,0.1455211977682408,10.194166674194468,87768.40849762736,17.41791123344565,9.90234805266449,1.2729102172474238,0.22032329169091802,4.954880129254562
64.08168628982389,1,56.66890309992433,-0.6141225650083162,10.100305809855069,146694.05434365742,32.48882165357559,6.4318555339776635,-0.06309755295434644,-0.3870842444749391,4.407889750335701
52.17225870444448,1,59.653114623466465,0.14098269961206,9.448160241144157,38009.221234388635,25.27837782056675,7.2800829331365815,0.06243170332744294,1.5393565226006936,5.311744537334475
34.43801662452984,0,56.796244443568895,1.5886269280435958,10.376979402651301,53857.77584514222,35.795795465565604,12.136880227353986,0.33952878740421627,0.4370176220734189,6.486727332848393
54.7962554210317,1,63.39280820693624,0.6954024745502987,14.266997516232944,14908.50543370325,49.34177036520327,3.0731974077775277,3.186574911811055,-0.6427215938827137,8.176337017059723
42.18371727449805,0,51.73614856313562,-1.1410085097527383,11.334335186123194,76985.09904040207,17.60574755767722,12.965270251415106,1.3444339080830043,0.47057145940029743,3.7426312114299654
43.65659981900292,0,50.938809144093725,-0.1115088271429437,7.950680791856307,53536.24886671653,26.99777264600096,8.057464664405735,0.701131200712918,-0.2925947499076102,4.982657505945586
57.03636822506112,1,62.08323128192592,-0.8049664808525608,17.30450787917935,28510.65846366343,29.47307046216503,14.127785374347827,-0.912804486601195,-1.9890341961712958,9.635633011683295
64.85939685720362,1,61.40515347509525,-0.38769991640856116,12.959895573435489,67412.81417662249,31.183689045867887,14.805467286160416,0.14358982547949217,0.9359731592656175,5.802917754253224
50.25525892083274,1,55.9912864813251,-0.41361566562964275,7.779169798460492,31976.673462778515,42.40125664105244,1.6345799374712993,-0.8131240938463865,1.094934055641929,4.70928799673789
53.70599615118756,1,58.02099984126076,-0.4776455826040052,10.67445321827753,28882.391810272613,33.26455582438612,7.09209618386391,0.8221108472828129,1.8379420299922753,4.810885983022156
70.42657933562285,1,57.45612899123246,-1.2551353719733949,12.332659148485254,46058.49337159912,39.15802725720445,5.722361560296881,0.14046697573485675,0.42214369219526265,4.628891533029877
52.88903815386282,1,66.47228881247318,-0.12765468151819012,17.113776279892132,21339.66336904407,28.74226956268224,0.9363601746342844,-1.1245216796138953,-0.24872342408253253,10.492115443765844
81.22019737016474,1,55.256145214773284,-0.56060763684731,8.675662625223392,60525.03633884052,37.299243454179376,4.837333618952947,0.08112458341850291,0.8349894273785858,4.548457233695087
56.78611574757853,1,54.6946843972903,-2.929448690002268,14.92812215806784,21418.38820639072,42.77797630877715,22.2062792263267,-0.8494174697163055,0.8498203653189064,6.613775139470118
28.87084689013019,0,57.42231144154031,2.052972024501663,16.198459280917028,21482.04190992805,27.677004502629117,13.047549481062202,0.15121622133754703,1.638281183136422,12.802041044959179
59.04009945325439,1,60.56377811490804,1.088769654216672,10.114037084776289,23043.870837441336,42.81358119806515,19.58643984302877,-0.8590773163652565,-0.04462762306644215,6.147240717731322
54.573900618593335,1,58.03509099334541,-0.37630072492499606,11.1674591434193,53090.32667334951,35.52372768727569,14.145492200091677,0.027487633360812797,-0.16557897256759446,4.565249397215365
65.47703304899295,1,60.411615881774765,0.018819049740598424,8.89107225787869,26678.474460154648,45.45460240482252,6.290784194957623,0.7504698619350948,-0.7155444197585275,5.1524648360864616
58.0781762152395,1,57.837248036535605,-1.1716543473175618,11.389616576759085,18508.809886887848,32.985800999230264,8.091144016629785,-0.05305199192510611,0.5374620867252017,4.341985964361586
48.338528192194715,0,56.366634040508,1.6957228778108653,11.890230076971207,26826.88941924064,38.81244655162099,12.942180901201537,-0.3908882671723887,-1.5482616682308352,6.687752495610937
35.308421164527616,0,57.69163223973359,1.8972886947731116,13.978949994247111,35738.32118675276,34.5939376832147,12.187531017365181,0.20327622105746257,0.7760873728625646,8.796402801212889
47.4917209125677,0,55.43760388277498,0.1566937282465246,15.27055041306134,20120.887994752364,34.037877379594214,7.113289921458331,0.697182620792853,0.5878351218657896,8.847029897833488
39.7937545494884,0,55.39534669899093,1.0235306441853447,9.755711806135059,20417.740728856625,37.5893042822569,2.450034147103965,-1.1071832698817605,0.585070202458372,6.450599144914082
43.03371860234333,0,50.51446432057266,0.17528677893392386,6.098024807322016,104364.84531759481,40.36807469224904,26.438805936943695,0.2606561547052026,0.13822523650184043,5.764786640861478
57.062940853047316,1,57.40710371698756,-1.3367254388759306,11.936265662171273,23616.8872861504,22.50435088075995,9.29425163828597,1.3175408190173998,1.5329782475310847,3.415657451038223
70.03885405221688,1,60.53258431893757,-0.4118233689636573,12.880612589905923,30898.991215751816,49.33633608817878,8.3713055340869,0.5736569632767152,0.8719934654268633,5.100324300762591
54.73605835787578,1,61.1954774298295,0.13192796677195706,12.748253063055126,30223.69503711899,16.403369594502017,10.566672319526509,0.057754146667227856,-0.6070771913756997,5.441368643936592
35.64940325557779,0,53.48455888788446,-0.4545477187434442,11.019980257472868,29416.811102482363,28.15187890261104,8.786357053444856,0.6397375066988947,-0.5891790496976468,4.361476165449771
55.33523201864169,1,60.06394316158383,-0.218653277435036,12.374256298991803,49546.82048973427,34.05730929235099,10.613644538527419,0.4524964561026824,-0.8796738134146368,5.721007312425291
64.35957783974781,1,63.68225560089433,-0.09139955750911445,16.54633442505674,58341.64706729674,39.12355969085948,16.434736430582095,0.753601109159814,0.5512833327755875,9.724145630984598
42.68260514816741,0,53.20747491641105,-0.08087849786546131,13.145202506887529,31164.122249863372,50.76172527741379,9.377257601567882,-2.0239316109829444,-1.0001389212399567,5.850596458510563
48.391793999924985,0,50.811495005895566,0.05225849049748321,10.879894724990747,19570.152574453947,16.417085117748925,4.186447803361193,-1.5534561336632653,1.0833921435833522,4.454585279799239
50.176258336750365,1,55.71188501269259,-1.060605066396601,10.499406548712013,68680.46695093493,29.923058716102894,9.191781027606945,1.004829149483237,1.3229733083455433,4.051851499486048
40.58122024301312,0,51.28834110473651,-0.7170161491279362,11.490442926966807,34624.93805288406,13.731665122007346,7.677991092950446,-1.5052791761614406,-0.8790162689504512,3.8328032869405018
57.77936520612631,1,62.47270414760434,-1.2845842656999693,16.91021988549192,86263.41917494239,35.31621973910248,17.119494686234255,0.40153863571920506,-0.1855485345928537,9.640622028340795
48.54862221670662,0,57.124093266762635,0.9778155496862003,11.450097871421407,11815.967234350717,37.716835845000304,15.855595323687854,-0.35204965603229166,0.016620981362413703,6.196701603274675
55.03438932688433,1,52.222879921222805,-2.1056469418403245,11.940616966437876,40042.697874475256,50.907957421712524,10.537625002153995,-0.9961892455959969,0.8839831604696676,3.285760306462555
39.3500938663748,0,54.562418427951805,1.1535903433169254,10.553059287191092,94779.00210611147,36.20634760893454,3.6063207259037178,0.3496497571474736,1.609343375609877,6.803616146149323
44.75050039611907,0,57.13226877997423,1.3863493972628433,15.296950072325895,30435.590181547563,45.440251294423796,3.8705386828002712,0.20103350371657064,-1.6854923928685774,10.151898317774513
58.668576293933256,1,63.38568833956548,-0.3021805869826214,17.879511764234024,32443.43168805106,40.83837081539059,10.075616307922768,2.1103426520963775,-0.31818071752668287,10.952755543684304
45.52600217489879,0,48.17648219393559,-2.6031370878272986,13.351839148294165,42098.01402669311,30.647518029948316,11.681614846606404,-0.6248112045358892,-0.26601669556034696,5.1044762723033665
70.72356621480085,1,54.88951417409517,-0.3613105619672905,12.248318711356276,27463.19683859883,20.910392532079605,8.126885903369725,1.4401101200691737,-1.4006698548865477,4.630153742312103
45.20436577262477,0,52.3866721730668,-0.06418416128881928,12.110348499522704,31068.94461931874,37.75002298291811,7.599152078963829,0.3524229143843145,-0.4851100193040616,5.3726827238537265
52.69621670902263,1,54.77390532520227,-1.0105982199289134,4.847079633642763,30671.60088684279,20.078979828546363,7.036003834106765,-0.6610218815427124,0.42776894435061114,3.9233834594268893
61.19108998247708,1,60.792068554126644,-0.5152183938082427,14.235452592854452,26536.85054974668,47.95207072669644,9.883030198780268,0.7992464575172452,-0.27867890283955715,6.321415227386336
32.97961120480362,0,55.03789026668203,1.5301951988633513,12.40249924798753,67132.81671087476,33.37937897963176,-1.9138117603653253,0.5657385044539512,-1.5446211686074136,7.184765263258498
28.87029425623069,0,54.32007421034539,0.664927162301741,13.285026151982175,45731.33531245253,46.95177411511416,4.49336685615145,0.035843294858049234,2.8740826980099135,7.336185187928668
31.692124225158864,0,48.582677657130795,-0.9245641143780999,9.865613417748886,41163.78385234161,30.197855658676005,6.864745772763247,0.26629535644062347,0.2661778652041803,4.093414268688099
65.15100924112619,1,54.90912118674746,-1.5975991695954321,10.846629363068725,54409.034990898115,37.68850786400992,16.037515974759604,-0.5969870310455316,0.11169413010667499,4.096295359685685
43.377702249290635,0,56.64040846263089,-0.3270173176097711,10.76692519049048,31819.102100205215,37.09348857334689,5.930931790355353,-0.8257871252545068,-1.0979263630670464,4.640060770089093
80.69839142801902,1,66.42702772429247,-0.21345677935043825,15.064868952219117,24659.0213652537,34.54955881989076,10.902340709156032,0.7594421738225829,0.26070616197127533,8.030859045368764
43.22902881611134,0,53.9918991576153,0.4961991873633163,10.86372049019072,26867.9081466857,30.67340486603408,11.13271375465498,-0.22393942431327402,-0.1642137840414943,6.1757599771014275
52.21461563836444,1,65.49627708266947,-0.535316712567659,18.247980966329393,36347.89312748003,38.9245601847052,16.48958252830381,-0.08008299824909249,-1.8885234127154062,10.741569188614687
68.50531943081451,1,61.50826724034065,0.5114995753618614,13.292587257045112,21383.912069061455,25.738367365167917,16.31288703482075,0.27982159594427714,-1.0702554400144162,7.041573912914499
74.07311465790947,1,62.8417556863296,1.9351540400602292,8.172952020012804,28278.851054907194,22.905646710409414,9.712485156025418,0.26528834478380814,0.794926017673945,6.5185899292364
74.73804291963677,1,62.750517415635066,0.8155010224442626,11.61436112024413,28055.547944167145,47.42826893326828,7.622576294052786,-1.4293264709740647,1.9440176500004416,5.85502840553442
64.50039476711771,1,58.215164136207704,-0.048088507330772585,10.044974633530753,105059.07761996171,42.27167988892101,6.680834485871548,1.2862520864548588,0.3671654050430446,5.360167870908865
62.28875030973755,1,58.49868624038699,-0.18315047105329468,5.416852590539927,9073.311035604997,35.6589160860224,8.794683887671095,0.1211821519006783,1.1030832782933673,5.26926949756735
57.110323390414194,1,66.15833748565866,-0.35667313417987123,16.79841282034137,33196.18170142062,51.65142382543782,7.829833228382,-0.20265326282214938,-0.15575530858321,9.122115216928652
59.34033291399965,1,66.66118532548167,1.1806409124521446,14.109427626660011,86064.0354492836,32.32234481275155,12.76813704679116,0.4308460051697467,-0.0865461606806029,9.101127389707829
43.3857714040576,0,52.647154073169546,-0.6273134459513029,13.599621953697937,38596.70665777513,48.22703219988979,12.101549087426022,0.23654219361486306,1.090979027619465,5.746244369552421
40.18161339893231,0,50.827219944850334,0.04522270899998256,12.496210980899113,52929.10929396555,36.75574084925822,12.959005955725079,0.7670626894897021,1.6627772891794692,6.356473342666975
49.959506511068575,0,53.57797068540048,0.05119790188108534,7.853947293922687,38174.12303347509,24.752492499236098,16.296418557180843,0.5379836721509411,1.3010966934656216,5.350503896255123
47.95778452970086,0,50.3435584629535,-0.501784192811532,10.54914858133369,26012.5218164294,53.4804019177085,19.314345607000885,0.7178462289962667,-1.066363075384819,3.881326380932569
44.5612634080727,0,50.713721078990915,-1.3724655478841008,14.525342324352039,11837.66922124572,44.90710846624085,10.623316967037784,1.350993905727516,-0.06695889031524577,6.577257279007146
58.356649369480586,1,61.170815197718106,0.32297450361766816,8.846339910652492,40244.46844716069,33.78978968990436,15.497318856978266,0.883624548970972,0.2775246844762952,6.013767910235282
61.46366250284613,1,58.414566328132736,-0.06100397185538355,4.404692051247559,24641.73176131865,42.271712595339494,8.241699080828925,-0.16048622032856263,-0.2596779635075291,5.097346284863385
51.06088263550217,1,59.920248448517384,0.5002404694365699,11.318681976657222,24338.92736898311,30.96296566002093,15.925034917915077,-1.1229011560768327,0.38785754341559575,6.170880075897148
67.73036097266314,1,57.37774553720092,-0.5336003064391669,11.574727337917384,28296.867034559982,43.29149035059542,15.30754578587922,1.667797933004515,0.8205768116689474,4.69938320245086
36.29973063039794,0,54.42965789403422,1.2208212988130478,12.406690249244127,86892.8216663608,11.089214347160407,15.042079849714955,-0.2377233733471127,1.0028097519551404,6.314891048917915
47.676086488643385,0,50.58914292318269,-0.8767737812118448,14.18555593054361,120863.70335355155,24.801986663054063,10.47034920595762,-0.4731074133605223,1.6858701522215231,6.587357518147769
41.39813215276634,0,56.21563918352582,1.7120402840178925,13.912817436693626,40481.64614468933,44.79259744286963,6.6582091800455565,-1.7367268177644393,-0.3294411047248347,8.654578082028463
27.60156059512328,0,46.79800280644714,-1.7476365098282616,12.776309415731765,28785.192599186023,32.50344461781081,3.0273578106726173,0.33847310531211144,-1.364033164839314,4.938599150821689
49.00783176988761,0,56.5205038391486,0.43477006455689116,15.586594164260127,20158.61040072979,37.07542294888742,9.799813962394504,0.14888660395377015,0.3582345940144528,9.474023906960426
48.539029899400596,0,53.70252546503411,0.47543068252662346,7.443090657560056,45902.280585504544,21.532143378845653,17.665062711245916,-1.5151149362494807,1.8838110311848022,5.531686216390794
68.16139691890558,1,59.42898681509833,-0.7955570679408823,13.513745443432171,88561.52613663845,53.478669957021026,8.450775493179634,0.4532740421331758,-0.4769758599540591,5.217113544699397
57.56974021465733,1,61.571726549058184,0.4243939378610126,13.879615090010827,32090.96503729752,46.905296437176766,13.925632927300272,-0.49819192070143903,0.6868469770637194,7.612173211462757
37.70975810804954,0,52.63631334217799,1.2795186697601588,8.28131314175928,11053.49536580146,32.993147816246704,14.219757002594655,2.6903150072886937,0.6957457924726428,6.89206566072805
72.24911079601026,1,52.996983556893305,-2.2168188393540644,7.491388173952832,50768.168655880494,30.953041431366735,8.581568895364136,-0.5693611920908682,0.19144204734460896,3.990477832144729
64.65240434630424,1,60.57197525926597,0.5027448074908146,9.762173620573197,59438.64337673798,45.29604361419693,16.581724187597597,-0.4351933321977932,0.00692472104371437,5.80905949337184
56.98517244162339,1,51.45100771582656,-2.4932708203300775,10.015375672454125,16433.499449609295,54.824704501689276,-4.543303722402518,-0.8747762242543677,-0.9234292057213925,3.3045827739387286
47.28219081380202,0,51.7766325470141,-0.965664803523208,14.260258390507293,39665.69914523457,44.537602558113534,3.886248606309125,1.277876521041972,-2.2816620724205774,6.10290787200802
38.486729159318244,0,58.2957479489874,1.6291663649009451,10.156383648926715,45506.61632337521,56.71802667396602,5.421838518207701,-0.3727757944647531,-1.1118507066640289,6.32259219814242
45.533518687147364,0,52.08143571880965,-0.581782033392054,9.430954445156388,35012.00735753456,25.77648670938082,5.901424885663051,-0.7249141537654967,-0.39030414911169925,3.9581580174332305
63.064983436450234,1,58.57868972496891,-1.1738799644089726,10.165098789916323,24455.60080519804,26.80613169501209,11.681314755929478,0.7069550099205425,1.0974226874227069,4.267653257789708
72.61503567121531,1,65.29208865271764,-0.19793772898468187,15.355897002462635,60353.16153301375,23.110588819466514,11.45018901526951,-1.3803529354131852,-0.10312806235137562,8.046995688239997
68.51892233926627,1,68.32786943650353,2.067906338163552,12.039130123130857,29682.41693291905,39.41760649649479,11.96995286087504,0.6251105462489474,-0.5190257189181485,7.099465217247845
44.13380693856471,0,47.87030578016096,-1.8316822472060261,11.462246923929264,17281.760512001234,36.7560354980437,12.980407470662435,1.7813997166008577,-0.8909854419534304,4.13248245507901
36.56459080053187,0,51.616361254414,-1.0513099116393445,11.669983503896846,13033.298141553732,33.48048876528014,5.249477154271753,0.566607832835089,0.6568058285094803,4.384256039769969
51.690634962934446,1,68.6950983586989,1.4974316831796264,15.876181002979568,68215.34100782026,43.09258628123298,3.9091196659634058,0.6378983162599249,1.3583571664306051,11.500497176789107
28.77872761324578,0,53.08500644675554,1.8577023435377324,9.752484820190276,49430.94817211891,47.32328605214664,11.981598410039314,0.8700602169074838,1.0634357218674595,6.558495960825209
53.87801257021738,1,65.5534532088413,-0.10343122429028392,15.946524872820312,37948.557576026615,19.74337590713158,6.848839631767804,1.7097080286755186,0.6061496997584691,8.538452812731618
48.22876896441598,0,50.782240923638426,-1.2390527025266425,12.63148889676451,29139.87183747409,29.030279720988844,2.147624773160147,1.2098939600191043,-1.47561274638294,4.907456174303874
44.407561977581096,0,55.78503521331953,2.095843501809159,11.518741854073957,27875.426048547353,43.2014359412306,14.856721422707407,0.4396697222730237,-0.3516742428437714,6.452815371243683
30.863563192798456,0,57.46102759640613,1.5944423917491968,19.502701493802846,21207.956053047063,30.32261316141418,16.975509532511488,0.9038914006360014,1.9473042288896751,17.29045279469984
56.163201278836596,1,59.40227864025322,0.678946987762233,8.833081530604211,29268.64769969856,27.01793923641846,17.785804448493295,-0.8859349254651107,1.1219504919152248,6.280636325766386
43.607589924057066,0,50.29671066329271,-0.81240234893742,10.938942721298982,12581.16826053612,45.18537427650395,10.9350386073736,0.7762935907473221,-1.537503218234725,4.287921866536889
35.960997971476544,0,51.35839801637618,-0.049029340838036735,8.302706282508,25133.7834235336,22.1049993027602,13.129660479864512,-1.0055559711837476,-0.0555905231992714,4.954109605699714
15.532853440620208,0,55.00936107299101,-0.16036008104483077,14.857385911608509,31086.57216739272,31.98420192208895,16.849341116809555,-0.36702241863162666,0.36309843266103875,7.995751479695202
49.66982113939236,0,54.76598788167035,0.33085130461557777,17.067566800955035,49263.56418454897,38.28644025804809,6.792921049882829,-3.0825621751432375,-0.7621584630262199,11.173265453206545
71.26701916003694,1,74.55627205594642,1.451001438131336,17.009768344213917,35597.71638569184,29.261800860898813,15.55338842027046,0.40142965936746206,-2.3092040214088487,12.999081722088947
69.93511057457444,1,69.36477703045745,0.8794170411374032,15.671846259438015,54039.01458221597,42.831556560131745,11.376981170716043,-0.6438720111083527,0.09882404501643172,10.634378347653238
44.514844920964734,0,51.58753901644148,-1.0773760769847582,11.407138596612103,71294.00721266548,29.31123024802631,14.568558261712955,1.1111452152044625,-0.7877582576204393,4.145332153051719
42.773455275658634,0,56.78512883245895,1.3764964500195378,10.90427706753046,61641.15622178774,49.08619493445919,10.930465104379676,0.3901926106054028,-0.7838417390846841,5.8831168796532625
55.62529107290028,1,58.7320736972665,0.3131321400131553,6.986490682517805,45947.5093893565,33.742537025042274,16.48128354874001,1.1240958947016253,-0.3546803599307581,5.7081141630836445
38.019374729740505,0,58.13646166566361,0.6870657958589163,18.107620605545378,36531.54232189088,41.71270136705353,11.117618812707684,-1.0835965446725377,-0.13367591465481174,12.692962818928821
53.62150279783359,1,66.02706804197803,1.466540859278603,13.406934234445403,22239.07144219931,42.460239529828165,2.5801047026629123,1.0383860371596327,-0.009082794095686441,8.040360518294865
59.19296334061629,1,53.404998507160165,-1.1115802495135512,10.52412928539155,52573.73953572853,28.724599972559272,17.25963316157361,2.105856344363327,-0.8839898989220014,4.508271031077257
64.7231986866117,1,64.24832496208833,-0.035825578706462934,15.984170666960903,84109.40670312909,14.465134513441114,5.26234629513944,0.7641582999318943,-0.2202095296340774,8.344187087247446
48.798151082240565,0,52.777470100798524,-0.531454551359215,9.081706449719997,43090.29254828144,38.60755754663835,16.26529105121957,0.7903490086922889,-1.757423370402755,4.715153844050525
47.55591499787641,0,50.27453490206149,-1.5678594253654559,13.219866102668021,94715.1811568826,35.72288347124869,9.54878559279839,0.169597676394935,0.31103906536807824,5.1303455224773895
39.46420895892127,0,53.800647991365054,0.3467099776049199,11.482112597127497,16936.2935568531,40.55826027575127,15.880054925988532,-0.5246687805653643,-2.8562754133411574,5.758518966356773
40.077435751521676,0,57.782507324625584,2.5115565515844236,13.916031419640902,20392.415217042064,32.734725276171616,15.673843074333824,0.7611923727015086,-0.28949008043361957,9.207872032604238
47.28225329718168,0,47.660302506484726,-1.8400777445057528,11.809279382441636,55692.49927238318,30.69572301199284,12.150714871576856,-1.5060829104020683,0.9191861536769533,3.7580559039049986
54.408386081794134,1,54.82651848857263,-0.032280611049470324,7.647216326666327,41445.93579933336,55.084730109816995,12.542676588135654,-0.4177551249208164,-1.0593406872748266,4.70206081497882
60.963015514799,1,59.18313687030269,0.6405429350747734,12.226729118010114,70044.85407229971,20.27645938489222,12.113143085962829,-1.7710568023371822,0.7164302036574001,5.991483469613456
40.36185259183586,0,55.31179387429778,0.12307820165618115,15.146592425626086,36035.65628541711,42.33950478364238,-0.06912378140538955,-0.7036563773150829,1.1557327121208922,8.589331076557354
67.91226282751427,1,55.79037795429544,-0.1131280525157404,11.912350782438045,23529.548393383295,29.25398141816609,10.591651094491011,0.6420450918935612,-3.3078999524973884,5.282738245784289
46.74651678748918,0,50.53677683146776,-1.2992163634458243,14.325345364767259,32637.04849236106,31.642213822595778,4.419679119640525,0.5053933762204632,-0.15136290357574236,6.2462452654983665
49.743592467818765,0,51.96329664429655,0.23278674294016363,8.86341154297784,16876.17283296093,31.828971674260345,10.855935718728315,0.050913695535472696,-2.875773427628275,6.125236952431817
41.03345985022612,0,51.19127102055539,-0.7567639770159263,11.921217620190443,20654.83400925086,26.96565725828743,4.2852872680839225,0.1704009940620107,-0.11820844557094608,4.650371184745608
20.909116876724703,0,44.418905699395104,-2.1899217049785533,10.126468634734268,59054.85277093412,40.712242102362396,4.0752402938696255,-1.8858646178642093,-0.007171210981326812,3.8960029152880025
60.6085447563326,1,66.73520821382495,1.1945922205137307,14.240942520314128,56184.36010665599,48.906435959499575,18.02467250876951,-0.3725622805709149,-2.4825439859108385,8.93748163677569
58.8421267651092,1,60.60290673500121,0.9583858198420424,12.094474686785988,43542.90890070262,39.700136612466615,15.347236940620949,-0.68135160643521,1.9248383620798655,6.525428442265719
46.62406931458144,0,55.85420003919809,0.0516609768510798,14.070221029009838,15359.066644445022,36.03381996212095,9.979287075279228,-0.6590596905145408,0.2860158076346249,7.722400363466317
50.803888606698465,1,63.146623352353814,0.22907468820570256,15.263131278473598,30357.47963970461,25.135595009007535,10.923843251245119,0.5995786278137534,-0.8490234320820353,9.001988693448656
56.191270612449195,1,65.10339088030001,1.0743180127155614,14.074855725364165,19682.79249615627,40.16825265824451,8.760419871284956,-0.8605073265053105,1.4653794274985183,8.566154141755067
31.249449717361486,0,53.362619175121324,0.2243396567780826,12.819355302880933,65399.2864538306,56.56349631729299,12.849381879897614,-0.6046808501274109,-1.7956132206423168,5.471812124767791
43.651367871844464,0,54.558574049745445,0.9040175547613144,9.005363224465784,27123.042795061796,31.193053762049075,6.619728167255976,-2.0870692457095164,-1.2291710335183172,6.185128327347758
59.53117615546192,1,58.94502189915202,-0.29748220087385013,11.991641667999296,21102.06421152516,31.24016420648134,14.968701314339786,-0.2941231803761696,-2.2994555236698986,5.4104134264826165
34.948526921969005,0,54.35094663833314,1.3119837385739466,10.400728793952501,36860.58428490891,29.389108690190028,8.734565794929445,-1.0878375477136197,1.801045196539334,6.5457130809311925
53.52269518599955,1,60.437930434353895,0.3207857259326839,10.96780812988732,26368.430826935943,30.105857655055797,7.900765020843855,0.07920292868964361,0.33234637147200347,5.815308988181285
33.72101834451914,0,53.53629476450491,0.19405194360587402,10.876397547749248,76257.56899885047,7.547004463276153,10.108565092424213,-0.9511080467424646,0.659401789848495,4.5880161620474675
55.597159789202315,1,53.640294575778164,-1.270061088712032,9.060223275653266,25149.53160334301,39.05035385855713,7.044265850371947,0.1045422455492162,0.3010012339184757,4.330193781710563
49.572302212430195,0,53.030473817464674,0.2869558543017087,6.12798423259803,18040.704958723756,26.544478236453863,11.643411747482414,-0.14468576074234318,0.5737677611445846,5.462121118261674
30.618418209133885,0,52.15326278557535,-0.8319549174944512,9.9955708550167,12376.357051120996,18.897368812082,7.313187053433001,1.6720417730423207,0.07807771389598944,3.652955463016317
63.97687225348606,1,59.3026416838127,-0.6382827265284942,12.580138355772478,35760.76954580897,42.53189949732549,12.34261801409418,0.4972179804531937,0.27092134270744134,5.04748072330682
41.18490107842341,0,51.713697318874964,-0.8153756283161211,7.955468863717529,27420.191665228605,24.179822149580637,16.08003269455738,-1.839637872562303,0.10760343622295077,3.835266741573656
40.27697075582743,0,51.25337396017855,-1.066234931899225,12.047046709414873,17774.99008284493,31.613309461162423,6.403391565959131,-1.2648888441027084,-0.6085918055692785,4.27353756099
52.40683036677132,1,73.56263922348255,2.1247714030169615,17.700805272932893,65815.66972160368,49.6644239118858,9.347122713524143,0.05520800899233323,-0.04662476521466915,15.286738986342517
63.783648193144586,1,66.43223504467113,1.3313390619884031,15.069169665756718,50697.02826275838,20.907842019754867,12.306653565177108,-0.9298479483926507,0.27359457326167763,9.774090300865558
37.81013817225924,0,58.79026122289159,1.9203675021442612,16.930624527361587,35806.72702744939,19.67401765402238,7.820713225092966,-2.968368430235852,0.11054911955213079,13.283931735127176
50.740158198175656,1,58.37736271514741,-1.222895019555564,13.17338363079818,71837.58758932147,37.69306189562338,12.321602804133326,1.3495463138337433,-1.477772107753317,5.419984167381848
55.145798003966874,1,67.77733668706607,0.07125374991089249,15.502529468959338,50577.79963958528,46.494873640103684,12.7769943032587,0.7202240169054077,-1.3449866686084093,8.547912575367064
58.31726728715773,1,56.14877342709023,-1.2935076252040958,9.828105808596638,24066.402248325852,19.25658282268037,15.416308881471519,0.5209768734917716,1.0828414339163912,3.8987606539036355
52.1172986633267,1,54.33429591697912,-0.695694877197064,10.066979198934048,21598.732642760868,39.076897368371775,6.97004976957544,-0.6073230454709151,-0.3069940458834018,4.355380614772947
45.595665931000134,0,47.927394285653165,-0.9181269834165748,3.7825793815875812,54665.64736635212,40.80999539961692,5.286123798847627,0.4276767710099296,0.5847253470359405,4.299364547512292
40.068917352215365,0,60.06792078106595,1.2395840064415615,15.558436422126897,44275.35489134375,14.408395163076797,8.46211305218128,-0.7043603242208816,-1.0921199097223964,10.045767340465071
51.0337265965565,1,63.40860146887955,-0.39622967810175985,16.620971939459658,39532.32157393721,42.9850133790722,5.1612383022645005,0.20485730021769077,-1.47314587664653,9.484666311382526
37.13433185617272,0,54.66688769152606,1.0683793336940164,10.34046826395819,23783.589346328194,43.766058798421795,12.822491020237486,-0.9205832258364774,-0.843596612531713,6.584891885715558
14.943794198064708,0,51.38624957270891,0.604120889588518,11.238144880808294,49215.986743060035,31.882144267439752,4.1912434991179435,1.5162884505560141,-0.22256507077141327,6.256116551452126
55.23871764989201,1,66.6233760997533,2.303638752104789,9.738413658927115,24890.725879431226,47.52346362298008,21.665082091263443,-1.5702366540818447,-0.6651402992844123,6.484983507009619
60.84721809303434,1,57.16424335438451,-1.479444223139724,13.147960654432474,34510.077875737355,46.36455574324845,16.47963930786875,1.2322838295108312,1.2939335231057139,4.885882888701558
21.644810773497937,0,54.55124428719344,1.259233239786799,15.374797635909722,74867.26864014404,36.03117925717205,10.06287884800157,0.038915828017330296,0.17952330153746154,10.213241666927065
37.88323154348075,0,52.22781060819665,1.1464408704007276,6.771684078356877,26097.18888866294,30.485546096750664,14.33697246498988,-0.4894669953419908,1.8489386185618586,6.3101779793867845
57.429851132062375,1,57.95906761715215,-0.9733788380270346,13.228315591926757,16539.477391989058,25.27172107417043,1.8159906784460418,0.16700292169573833,0.4044081540714172,5.105032140178266
74.68994563654039,1,63.19990423224216,1.0071333364731596,11.169984684842564,21455.28764137474,34.62436490633809,22.61686665699779,0.7333480071781809,-2.412550817919811,6.533835609695373
50.2495244921049,1,61.571535674145004,0.3361449630262288,12.340183175900068,59703.70831876611,40.69758919704179,7.048926938997552,1.366746736694397,1.0560416064585545,5.936549244885588
41.26396470525039,0,53.94179302655336,-0.22747625995340778,13.376982005022873,41248.31608262175,31.758231389593586,9.397512930503202,0.31314302313353215,-1.5095516224699548,6.64026156253936
47.80524270674192,0,51.27628844334462,-0.8239354869719996,11.435392683681536,34049.18277841179,13.024989947379702,0.7203335640578175,-0.8906960852622773,0.23053366721133914,3.574025944576302
66.49851702977821,1,56.05747095698133,-0.7191094514491859,11.689239439782659,28154.235873969883,47.6871389457657,12.431436523704473,0.05563012376578855,-0.7746840576638448,3.9796945696480295
42.24842985050557,0,56.8796448108497,2.049812095785926,11.358374497336083,46289.94073732461,36.90223221844894,4.468279214614456,1.8167932366623727,2.1427110344641864,6.681913611956279
40.40969592019695,0,53.169113745549126,0.000682818957482628,14.910948605364844,23752.60706282947,31.203755033231662,10.508278807830147,1.347678085512624,1.4395979274301354,8.33354136498167
44.20707773381561,0,55.056204554661306,0.7821300015314592,13.25627988038249,42312.28651987189,43.571583884232886,7.278627835377309,0.9087634781243586,-0.7418206417017582,6.904394391806306
38.56005670089545,0,51.669390648602366,-0.7908993816675531,12.661750613212082,25194.291387459034,50.24638596482756,4.611280325348282,0.7956870201223867,-0.12735766812111177,4.453560059758737
51.472043791937544,1,53.17658184764811,-0.7798529462216388,8.187144836723153,23182.902096718786,6.980884305121084,5.978192491186914,0.6994500906065418,0.2445980696492174,3.5534384395476475
69.49614150163472,1,63.99337526006635,1.0819848092499422,10.864260770360538,26403.616874899923,39.34263649922072,11.128940170427606,1.15875483450987,0.8634140715616104,6.649300542229751
53.87695127739235,1,57.28155138604867,-1.3495762115515322,14.696007481017523,30100.476367003153,20.73350789189653,3.592545135655878,-0.45662878572190524,0.02915191232501268,5.9336955726813665
46.97175797448455,0,51.389260753297194,-0.41521376790527154,12.113089719371768,35439.598726284574,39.99110506798941,6.255941644882115,-1.3550860657750061,-1.0248948993808669,4.9516062275143495
46.498264773013474,0,53.55913524100256,0.03402741107223205,13.978594408767416,40852.687906801126,36.27927202374579,13.31636690632239,0.06900350073706138,-0.7175586392000529,7.313180283435528
31.241710295640114,0,54.83807857368741,0.11137260184005242,17.2995354009829,5743.461488240401,41.3572652644055,23.012399374371565,-0.817581586777691,-0.0044817963767913305,10.62044739908658
60.59731732576591,1,63.20741109807185,-0.17909328501615626,15.11581820762645,24250.068500550715,30.00752385505345,12.387944097765024,-1.0550207553771844,1.234456978764691,8.376429039807975
49.06595363584638,0,55.06195692027063,0.3958197810959231,12.279475013099226,29858.206669086012,16.267598881808482,5.413691789113563,-0.7202785765879318,0.42783786053604395,5.9198388124787
47.834241036912495,0,55.76505249791838,0.6928557558178116,10.46703248941282,77074.7507822298,30.49631808743332,8.164429149638444,2.485313924533686,-0.7734149266150159,6.313549232450063
88.31729081413833,1,62.84034750210862,0.73463754545933,4.339351211832305,21162.76811718908,39.068476351397834,10.15794503076289,0.1361246340758442,0.64837277770979,6.195992200921305
53.58503490038824,1,56.08590545893615,-0.9858038086678267,11.494845232581442,39395.16251929296,45.15392328675223,8.252875246821462,0.36190783636098817,-0.3869848388781598,4.001578517445881
40.978507398857786,0,50.68310034699688,-0.2841550979287972,11.021962512549452,76689.12221964382,23.281686995274747,14.515290833684665,-1.222362807004254,0.8904080051868413,4.775973520225775
44.88370884553348,0,55.68137453719093,1.1947628618769377,13.171098583186128,18835.82150456047,45.270604268730175,11.087367415071123,-1.8437529587926298,2.5270104183286053,7.6334950336697895
63.781348510361056,1,61.36320455878772,0.8946471875738723,11.538284319075938,44222.43917705825,28.521277103534786,14.53926192454935,-0.8190526431188059,-0.3588263709435495,6.9298350389736525
51.35924492645317,1,57.15352287647809,-1.372859451481064,11.038844821689617,24315.373486006287,38.624498815945266,8.427781048511854,1.4381955852087482,0.8016051597263709,3.97434497604225
32.7406642601916,0,54.81963530004823,0.35147990035220167,6.661803208478338,28217.090765287496,29.901060471343673,16.62750109860628,0.3342754660765211,-0.7453933320377297,5.935076321449458
61.03074721490244,1,54.674225374807584,-1.9782252493748103,9.1800965125498,24305.17532581409,36.82170627712102,9.16757207859227,0.5985950914443922,-0.11226376719129758,4.349642762802628
41.982270973532074,0,55.00965755347639,0.04693490206036963,13.429953122401672,25186.699732870737,43.918776345702746,5.144050654310042,0.7385660392020614,0.029562286872101294,6.96938387184769
72.47957331461055,1,73.80296647230728,1.897767016745977,17.147722893398083,141627.55998323538,22.72985922711464,20.88660190521111,-0.5913493797982777,-0.19368366004438056,13.362722115210385
62.96057678857578,1,56.99827309436943,-0.9478927172689863,11.70742384876313,55394.07602359626,28.200941032531688,0.8751112651944162,1.3879655839733676,2.463013688775024,4.184718661658487
44.632137252094985,0,49.56180941034461,-0.8343230454915821,12.98343322072237,62998.67232171449,36.84962587342087,6.306306373475362,-0.6328075992221822,-0.30659307467838237,5.739191584985965
65.37219634082135,1,65.71284678511748,0.7640297815728595,14.857434470858415,46443.72963499917,59.01583661030352,6.864860740848027,1.406232359262553,0.586851538784868,9.069845611558527
50.81426612632884,1,52.4644268442575,-1.542801515209646,9.56731819139925,16266.639056071284,26.36810287833172,22.541531365282815,0.44230215613534063,-1.9300868693234323,3.96085070445997
60.23328410146664,1,58.41006775237934,-0.6327550298850391,13.100442129856326,44244.17419514335,55.40133885996919,19.034294420732557,-1.7890451542463222,0.4319965633696103,4.811746161811633
55.8167938075337,1,59.561935945785294,0.5964411375817527,9.778529681003524,62097.73583380031,55.044233036751706,17.46964071821099,-0.748009486600535,1.1420545923522467,5.234069844026846
39.84372014010952,0,55.52218924978776,-0.6342858476894031,14.594473315473035,23701.65753777614,34.026888492984085,8.346706688118342,-1.7849385328721046,-0.5275973425790509,7.692004005094479
42.27740201219046,0,54.2531344024284,-0.23596998721097162,12.454209143855199,58845.06980602895,32.018474738001,22.130890019208877,1.1632821327942087,-2.510222141040413,5.70895485328935
62.35952981097394,1,63.362004972701634,0.7441857103150346,12.89535544194432,51646.004013674516,28.079348013353084,11.841760019204855,-0.02473542080240107,-0.0386517688273251,6.960282455157108
45.98269601472151,0,53.137478699423035,0.42154608353656126,9.652204207744234,91676.37783676952,34.31797469667331,14.886316851515613,-2.22834243994978,0.017183850385528075,6.0543938232993675
45.15621844109604,0,57.0418090264352,0.2668183962954019,14.121097078832355,29469.422924447575,20.93280567440442,10.898476905531036,0.37574688171965837,0.7240750507443041,7.4459158215097085
38.538529047807764,0,54.17999155376843,-0.33912227927003874,18.25413876369305,20977.26495090287,34.23760982679402,9.752667143383743,-0.53716426238832,2.010903035413434,11.369957753948658
55.08318878712153,1,59.36198978782256,0.37006111526895535,8.976264913715381,30308.574713699643,49.96880273850856,8.741106630368105,-1.4838058550333233,-0.38005365060030677,5.177317701361039
74.75029903091774,1,59.36982743754322,-0.12373268009975662,10.980722977057429,74442.73838722608,28.889149375232822,8.951800032904188,1.6779658369686972,-0.8562881236602804,5.022186546439366
37.189605028948726,0,53.47730733948931,0.45780560992578473,12.694822422504275,14556.560429116897,32.59275696010949,13.042458243390394,0.1072858660965787,-1.1669178013714432,6.478118193625539
50.2906334800731,1,59.99610153643422,-0.49693202511797824,14.35921863598745,12910.705659794365,17.98859525732758,11.83599899387694,-0.29343140231331255,0.19807861703159935,6.6129089882919985
66.94664666498515,1,55.72890788921322,-0.18256897437954112,10.321361144131593,37975.54350215887,38.740620881310434,9.84264314898158,-0.399424780986017,0.4793542588185019,5.09325543750105
49.04430330505142,0,46.70101271715829,-0.9899577925520139,3.500909129571781,29106.166956559522,37.64481684951374,17.54761996349427,-1.5132794691577722,-0.5456553943625845,4.422877125914726
55.42846155499681,1,65.35662748686293,-0.0350076100062359,16.077568482492076,36456.09528313468,35.63702359765771,-4.833765343703654,-1.3045488995841095,0.7786827457257895,9.807503271873506
37.25127766223744,0,54.37731719927115,-0.8110008636288448,14.281518358752429,58259.117665070014,32.83172949777857,12.549436239605974,1.2849167848750833,0.46538407681917565,6.797046516841911
55.13968516649178,1,54.809795632126274,-1.1140464501619933,6.771157408540005,27548.82949037088,32.07242081227545,13.588693533294897,-0.4738828697857191,0.04323168964489037,4.2272253953474195
47.754268819945416,0,52.37767054176147,0.25866114785538813,10.177293624661331,14235.542147772769,40.01900233700672,15.734814341275847,0.0220677009368635,-0.9024147207441254,5.800005779051622
61.82875994815836,1,64.39515313816054,0.21273977585766032,16.704547288581978,100935.88362009147,34.71183398411377,9.675642794733195,-2.0443304762010746,-0.4818643154847231,10.531152033563714
64.24863261877701,1,69.71518678079916,0.7828737349485725,16.343389255373598,22057.01247253173,38.14971871555332,11.039600336919788,-1.3180920357955057,-2.429755297682545,11.357200012637616
81.07476370422336,1,62.03132194365677,-0.43112556957509907,14.815920068036835,21385.778820231564,37.149828174545476,14.929741916573606,0.6098125198747528,0.23578706419803366,7.745851603707403
56.95559807856291,1,61.073620351720386,0.4080528468367557,11.471662698120412,63061.13974174696,46.23427287095762,17.4558320214009,0.3777117601138336,0.026341288747435226,5.503382816853762
53.909555798986,1,62.06196891164866,0.5507975722736632,12.24896225643753,29964.10485654867,41.76994097375054,8.49732007410616,1.7533751987243156,0.18847899108948643,6.505409563122198
52.332611618928034,1,61.559856881660345,0.44477380783159476,11.60722258462162,35182.535010540865,36.9286184315019,11.334878915637802,1.3429563316312263,0.5043190155645603,6.354061321282232
45.76200448627174,0,52.80261122468159,-0.8256536828021421,15.384719349806513,46230.50136928256,50.184220306521794,18.392869821743787,-0.23071097248482308,0.38582148643222297,6.9156007893961435
54.06180612154029,1,59.833450763764716,0.1493634822711889,9.37247278051467,62429.39714756624,39.20268529056561,-0.6201353793942559,0.472953564713271,-0.11038318064603528,5.944425081536461
46.45518307833164,0,53.246638454745614,0.36414029605466136,9.582601035347386,30738.45185935543,48.04962688790419,6.549937000927074,-0.31660344290307396,0.048668043162752445,5.523015631247489
52.02153171523537,1,62.10174414186321,0.007178466907941942,15.030823760508047,77650.71239389942,41.069426083866375,17.329179893014818,2.0548098186386485,-1.4043164166961695,8.430023295685444
65.81117042729551,1,52.162627586852885,-2.0864776583710847,11.866915633465315,12482.71386772302,16.58080921068457,15.462689168041516,1.1490146960523997,-0.5837206456894258,3.4301982829647653
37.921489216644304,0,50.98016113173114,0.16048962397348007,16.135402066361422,53097.95097672447,48.048347633193295,12.61222605463347,0.16968509085775127,0.05047105368346139,9.187556425069301
63.67854273354855,1,64.97920668866549,2.212531039397242,9.985463379058363,23866.622673532198,36.35176241342669,7.757015634454399,0.2003947848763514,-0.7358535759123606,7.146242803082822
65.80538080807838,1,60.80538048633447,-0.3600392687569827,11.835664918983525,72123.53259527819,34.48045229099222,5.590907505072903,1.444850287259808,0.8601507958725464,4.905423233321532
48.583177676107056,0,52.33795314054154,-0.7280770978553212,9.232761045468141,38988.50895104311,37.81348347489577,7.0439219037881315,0.5795778471138472,-0.6586320809550305,4.233373120307065
24.537741211896865,0,53.42177427101279,0.3733485597113982,12.022088044270701,25940.1524271268,31.550168380429326,17.740041104093464,1.558628017070086,0.21630541124831631,5.80014179511953
42.70613615486681,0,51.42836349394384,0.3123782104665717,7.5643591890036035,50585.51485021576,37.270288603889455,6.857786554223269,-2.1936479262588735,0.11656565681533587,6.041861197589803
65.56393455873331,1,64.2181738479959,1.1927351654164144,10.537099737135112,56760.3997240382,29.081239336569077,10.50711482119829,0.4612282614987982,0.7462775936104097,6.397368029447249
49.725583252413415,0,49.59895040466305,-1.2578681559088878,7.691238405215646,50058.47301525364,47.7427225873437,6.23146177569127,-0.515434864681385,0.900791174028302,3.990322598344968
38.008373212461066,0,57.450111546328756,0.7313802525749924,14.081769699573774,21701.830269393704,33.8641188637895,14.213870150495135,1.7563779876279924,0.6940326109679394,8.75851954261201
43.94270094526139,0,53.65127868060765,0.5904220612514635,14.149768019278955,28509.465621614796,31.174161572775667,7.3063685982677935,1.5463986871898292,-2.1060062013831335,8.64795434028451
60.08744031805463,1,56.10302704789121,-0.1421465369405461,6.809211808546965,36241.62435967566,25.750741842807262,9.512030549227928,0.032835809101306665,1.1941481480131266,4.96513885526447
56.56080281841655,1,64.54221840506338,0.33868731792169,16.001657236501718,35573.99504594896,37.68775789148641,1.5830893347858712,1.5356309788110316,1.5273082241945979,10.007211373678103
47.13281480996367,0,55.54005176182175,1.0294574815983573,19.49224537925956,52832.02065728011,36.87107100125092,1.9331588189753006,1.783114519992506,-0.4821242843214694,15.350641986977811
45.598107058223746,0,53.76037483324315,0.8723153800284503,12.138019160209023,13260.558523053136,38.88424613677506,10.03836596660753,0.0744066719261473,0.2366469126728498,6.818337071433312
45.298902211474136,0,50.656728041872945,-1.1430193120737286,10.076657219326066,42923.018692590376,24.72748112494871,3.3742142240111903,2.4719337724318575,-0.890831680130782,3.942829875737195
38.931077786017966,0,56.16046625743867,0.8201581867554845,20.472991773009138,31414.012263358934,18.98818801188427,20.52543319667251,-0.03134115266972247,-1.9483785067321513,15.412889633351078
69.3845082736333,1,53.03125161803559,-0.06468860503251848,8.043094505092467,23878.880634555182,41.255913025065595,-0.3076155605612474,-0.2145209503359089,-0.7387152655423863,5.563038056752122
46.13215436946392,0,55.181861680816596,0.07287409801551539,12.060319400607295,25053.19419391773,49.84641861876508,5.99912350667948,0.8658725885843434,-0.5401390394636103,4.880424046420428
64.60590224990595,1,57.825996927608024,0.0731969910016945,12.53886681789577,32621.640552135996,24.73646377610104,10.083504336337752,-0.35379073114231385,-0.3548507313518155,5.7137883817617166
68.25579262306942,1,64.96663063004794,-0.15024298879825998,16.035442861357243,5999.656207210128,50.89441283561698,8.174335311021078,0.08533977579489384,-0.9589140900059879,8.659851690753865
61.97973077777552,1,64.55227846743827,1.191707497107065,13.079216925380365,25574.606756309302,37.839110587363805,4.479272716680405,1.4094344240509098,-0.7334251668172389,7.59928997221691
44.82055624738342,0,55.90088061109165,-0.08371795984921201,10.504098312634646,23437.50011634577,34.9293709544917,5.21036080252366,0.01921885221727033,-0.011006321628407697,5.337170910720971
54.84476108403931,1,56.55400871675129,-1.1195461283831687,9.146446888836131,47400.66820147382,31.02451303454222,5.046729612503808,-1.6950177929753076,-0.770226983110142,4.311492630380905
49.709652723309006,0,51.73387639277701,-0.39352985596972884,10.974534539261594,24275.834238915533,21.154819805750034,8.566391525899686,0.36731938784919665,0.5435243325500279,4.256805529355958
39.15557767123846,0,51.455838348799276,0.1786947168104756,8.979217917164569,32612.244660445027,44.877285159246,19.75964544758712,-0.6962935790523948,0.6816606513974395,5.64099622719502
53.89231138065924,1,64.89523628922413,1.2292147842970504,12.143475959354049,78522.32936491935,27.243936385623968,10.38968648279105,0.865271157294546,2.3803877461644896,6.34505684259192
35.85152250608237,0,51.377182287675225,0.6030946849488336,10.30741146041854,59705.281327054065,27.201933242623998,15.91450244693762,0.6961897158262457,1.125679932123462,6.271250816356249
64.25215266153876,1,55.75986404166656,-0.8505352787470439,7.517886620130748,57018.76481791729,44.91926309886955,12.534881729140707,1.471400348166522,0.24310305832841442,4.206641076166432
44.42459243241928,0,59.22455996964165,2.4851899166788916,15.765437365124711,28284.345973996362,16.170165533282734,15.569311989911103,0.9075323007926969,-0.6202642966676787,11.553212316954843
52.41391587047407,1,58.304029818311804,0.2647753109779796,10.506982429712881,47644.198039559946,19.764021893318333,-3.99982151296793,1.0902442836580648,0.2937473516739988,5.016527776975285
53.399454458553706,1,62.076359107851545,1.2753907379990148,8.195589585074062,32307.384319127978,34.818657564919185,8.477709894258853,-0.6690967601377134,0.3265959599163561,6.3666570567309755
46.89314031555107,0,53.27413471834733,-0.15171443357722914,11.495222596537376,32923.87622472629,37.93284429004852,16.53567711575357,0.8039864958905025,-0.5133130890056609,5.073027289554892
57.040325617703296,1,62.30199229114877,0.5333592447054494,12.205114697902976,44571.176927958106,39.847346479689236,7.1413208862533315,1.9684512893602903,0.7837313967528776,6.535621997294201
44.301156120529704,0,53.63063824058709,0.8394685045184047,6.760599823262899,26943.657510188852,31.982015066037473,18.81236582434806,-0.6886499086367672,-1.3980980146818753,6.472554290701087
60.45556756948693,1,64.51109902481147,1.218194711754256,12.994943001377289,76611.42930394245,60.3036966864169,17.419450768838807,1.799738291727098,-0.24439983553751055,7.026926214889554
33.84824383703902,0,54.10475478018456,1.057368305378225,8.858527293929207,33521.25285369297,32.72107441234166,7.654346419362688,-0.5493500912013305,0.5558584593174067,6.527374342839715
51.516554954556945,1,68.3560310235704,0.8721970000729778,17.133086427572362,49472.89798346213,32.69213847897278,7.484182404768216,-0.8519712450499742,-0.287584147592097,12.38502367824936
73.26714798869942,1,60.809444070429976,-0.3150867311941086,13.571881536230205,75192.00889735801,27.030133311861224,4.931970788227656,0.2962004433548381,-0.20675440342927123,6.198693782159264
37.9960241047331,0,50.42481929067012,-0.5717460419560614,10.80030002967205,60829.30167395608,36.23906816521071,6.852028840681012,0.7159104161288095,-0.13778586119228045,4.524277299611525
41.86706035370178,0,52.01735213795159,0.33260751032419755,9.764496689047949,17953.501574040907,41.149612320467746,3.8370546791554236,0.911750123972265,-0.8356012406877456,5.7875803632996075
56.16689419590698,1,61.12564875658924,0.9331280723410693,11.685096877309128,45362.81282013543,47.0357805453346,12.144055902165029,-0.9617624207732018,1.1739009315742082,5.949743842995648
52.15498138327518,1,59.665721890802004,-0.22272070077660705,13.838372224749868,55567.828975654935,20.10715735559782,2.7197675332678326,0.4345400972542903,-1.018037671922815,6.031037296870263
54.20756119128271,1,62.58580156153158,1.0651719657143865,11.923517614244401,56722.79919394336,32.54004661644299,13.01866508095111,-0.6855545714835052,0.3181593274098852,6.61518632674363
55.87024556177196,1,64.74851548357563,1.4526167454861794,11.34852357858943,20813.406117300685,39.46703610809144,13.140393484501242,-1.4889222560705766,0.4136478982823735,6.770644399892855
57.616657622741236,1,56.137293578281884,-0.9163209190734197,12.175110872453686,26146.80759363594,40.870575345945355,1.6939779740803864,-0.9287363155327847,-0.9486219012089668,4.684265397366832
63.31639810347468,1,57.00486111616984,-0.8369207037962799,10.188423206289135,59711.45266224107,35.065486578045395,17.7490930316417,-0.7509003659558182,0.0731042543807433,4.661077766989696
54.91782388314215,1,58.83129300212685,-0.14037505890533644,10.970382219470887,24812.921251073654,40.42423969532102,12.568046472076109,0.5215951603525072,-0.9096321727447022,5.397995689023427
47.10490814457749,0,51.28031511739367,0.3076126681891964,5.7426226832849885,31261.793365503796,26.910361070741995,13.748490107224345,1.1522136630686686,1.3910424750559454,5.812398446534716
58.070884414432776,1,61.004395614189264,-0.524567013767051,14.921178692557103,79852.61521878534,50.57905432318357,6.206673992286138,-1.4732066298752666,-1.138782936976213,7.06302063392477
72.79858321874258,1,66.29079914581997,1.3522026788671444,12.896393340965286,35457.865201324945,44.926281029794296,13.111895592365594,0.35196107420805567,-0.6538970942319644,7.073464502093011
48.408395043409115,0,53.95220254090237,0.4240668615184512,9.67963246789971,25250.79529610862,21.550722129348276,15.631967248610328,-1.1766981857709065,-1.2242250083555806,5.535279404068208
38.3056483439523,0,55.14291389043977,0.03944704824073949,17.696204944065716,23416.38620788175,24.248969518832446,9.506958004976614,0.6290854090140003,-1.357698726867552,10.935765925558416
63.284968031443675,1,54.704073614859276,-1.4359095238685275,12.26104944117716,42888.528352759,24.53078249893094,20.009612296241805,-0.6227305810037479,1.5912152908822934,4.2913219250850085
48.555426032556824,0,52.916898730802465,-1.3158158164275071,8.89156928407441,18646.72853032216,41.77969970896528,10.220323174564689,-1.0513290180232788,0.5427746739125621,4.133323634272642
23.927965447831568,0,52.656945896794845,0.2810092502818063,14.570212264411374,32091.03600861087,22.152722335825327,15.703929002262372,0.7996645153475748,0.140293425700544,8.167167187989815
60.16906012580506,1,52.67582393325942,-2.132595626154836,13.194144649527788,42899.49217764059,31.689756657919194,11.465044036293275,-0.5869226054450949,-0.6565769633469216,4.975993975241719
43.576061768552925,0,56.9494760749787,1.0126374096440718,13.183739956452659,69534.263514291,39.54704396416774,12.927607664284338,-0.3159639513526983,0.9076118110467684,7.670518433683807
48.91360061235007,0,52.67396673821379,-0.1581538443723203,10.722733186045229,50704.70774426527,34.33834065453565,1.6433386618261387,-2.2199890875563764,-0.824222439367453,5.348411136346965
53.98376396682818,1,68.78241308469158,3.2430929695947333,13.351487171334105,25411.762618023353,37.588875157127056,11.855268691076816,0.9465513614234737,0.7936392943301029,8.546155527181085
52.2859961573488,1,63.78445833077938,2.3079162506161106,11.214725129336717,65460.98915564241,24.341972886512416,6.32512449371367,0.8209085211691072,-0.8725112766056362,6.508239153496003
58.51342180566847,1,63.69064382479921,-0.18144906924751675,13.667824354937526,31264.622984668487,40.94854373397244,5.768008471111561,0.005457844281313952,-0.6445077018756719,6.719951630055804
44.77416355316188,0,51.94346958189292,-0.10633700253131496,6.285166637968084,19577.740067632974,28.867881075240035,18.72051592232989,-1.527580941355759,0.7582823861179211,5.307123821320409
56.157269578112995,1,62.69626647134544,0.9955815140020298,10.698379611062432,33322.206659627904,31.75380325602059,8.931148759688256,1.209369178334763,0.8638273441557671,6.363099248649367
46.885439868993,0,58.644480236686505,1.7031726099180378,17.166465293424586,74539.51009041183,37.37731727905986,4.983490845122517,-0.6662633863607912,0.5974729338967611,14.268692454960707
58.86572577065004,1,54.41002138842359,-1.6380290574360168,9.6987976337991,39443.32163136452,36.030782215308484,8.204341859455626,-0.4533534501005882,-1.0496741157567948,3.9280795044555923
57.38440980815664,1,55.648881550004845,-1.7863754653546866,10.18848510752044,36543.584831427135,35.23980019015593,3.497748855390431,2.312044056359531,-0.44672686572282877,3.6979295422111353
38.77473557546486,0,51.01521997121795,-0.6220348055543814,10.656115984650075,82339.46701717183,27.493731780232444,17.16942234098135,-0.7036364441092297,0.1568987411985134,4.427683292828279
63.03178539410039,1,58.72112942948174,0.5827375831738644,8.35558159233407,17753.226916141804,32.004505888008076,6.521596279167425,0.7422099624265004,-0.8492809619100916,6.58279683400987
43.56843865863142,0,53.586798396683,0.4968735905075971,5.375157671315243,19095.355997399256,35.021835908370356,12.646499669718345,0.5620922620826175,1.370962760129293,6.306770517280715
59.69669357937374,1,62.98469559998281,1.0697714549838502,11.308240804429161,16188.829794201982,21.24914766832915,16.780533571051627,0.39017219288008514,-2.401946943950546,6.2227933513540865
54.40744776081609,1,56.269286562838616,-1.1996975283653082,12.40757827224497,43753.377694003975,30.37467033686621,7.499236593926353,0.2820005425545109,-0.7787395153691529,4.564066030527372
72.05820412154148,1,54.65554459750812,-2.3161438629688766,11.842484794384044,39468.04213528986,38.876798790328465,12.66011216136393,0.37638856188919934,-0.5095665028698317,3.9260468167318976
47.31840821153777,0,54.49544176498682,0.8580141953021454,11.565364314156339,78540.38135251531,22.225633961546574,4.84956972547785,0.27194059094054035,-2.8439436647717677,5.67609914794143
45.80819844658163,0,51.80379303444535,-0.8281962729652346,12.129122612551162,41016.82135792436,46.5658165159424,22.22884784556842,-0.05191835877606092,-1.3962291302361909,3.670288126967933
49.76696472934721,0,50.27437945129591,-2.018487864388638,15.068524414652291,29670.88141905459,47.69613262599843,14.68190067308311,1.5112831241107423,0.6252895125420684,6.60647217293816
46.3618426059887,0,52.649585669275524,0.14506374595938162,11.42866144221235,36348.108158135394,22.548494240399144,9.03696780619597,-1.3126605607992783,0.030283636552963802,5.439203532603007
59.5993028233046,1,62.89043019158869,0.7931756882186773,10.27775226873819,38516.9510053012,48.57619633050139,6.1358313455551805,1.0214581040153765,1.5731360220429027,5.957028818707142
30.604272698760944,0,50.01469849316952,-0.12205713212127726,11.15662354533574,15742.500361652765,33.56418411287866,9.430017235801868,0.8223422986875516,1.545226445884819,5.432283129116822
37.35581097024375,0,56.11482911764775,-0.45784838618248924,13.738040279270328,140809.87035010962,39.185145591570546,8.300081388242404,0.6983991213294012,0.4330463786039467,6.8284384661892945
37.18636494104968,0,55.22746128725931,-0.15936223214590656,16.236080635629747,47095.6306907633,30.033489478717534,19.764722769997533,1.1169794276401286,0.3132382490007116,9.448764818650117
61.40369110368291,1,54.793555831606504,-0.37058276240078286,10.115568782492465,40336.1816972931,44.23044827226762,3.8723263889254884,-0.09259939526839296,0.06593110857890049,4.596829468529705
70.5273604709831,1,55.92662556827173,-1.3480471119401671,12.29680136108665,49393.88905278947,39.06094018848667,10.674007116451017,-1.8689740758268767,-2.65508201787949,4.243560854513314
48.74660937755034,0,52.159671938783674,-0.7146806769904318,13.015072325807878,51777.21622605961,26.858467434023964,9.90830966683145,-0.07229265971448583,-1.3945595133260753,5.7170110778735586
47.974139321719875,0,54.23577651347085,0.5212799050138145,9.02226597981353,33850.98095026149,23.347980000347114,9.412948498275652,-0.9911942176245544,0.10067550309893408,5.830541446418866
50.84062595735818,1,58.00306350630773,0.3216785413765001,12.061251501638754,26486.208217666564,20.396975647907773,9.456916725308288,-0.7318592098580639,0.6160257087476715,5.183367081304777
63.94253963129829,1,58.86018146036175,0.16805980596682024,7.6029784279737145,49007.33908689567,36.87941776432756,9.419645949397582,-1.2424196738324118,0.2896698121381407,5.498003323418759
38.87176238971311,0,49.27946678522946,-0.9951484818533795,6.692849088781804,44040.08056813169,40.72471411779736,14.365330331660498,-0.4773448584438344,-0.8924649677156576,4.460148452689404
52.86042779281742,1,58.53616948761787,-0.18150316213566714,13.100239223676772,24222.929182808086,41.50965678779441,13.044922232462175,-0.5966236939834492,0.9374062824694956,5.932510199005458
61.70237155738916,1,52.57227558801826,-2.1770650464428547,10.848375776007652,73829.80609538859,33.82018905392622,12.094558056863931,-2.3775698299271024,1.4824440287546365,4.401902717439058
56.013130039278145,1,61.15038244684051,0.17847666388538974,12.606841222863657,42052.579962717806,23.43003544335636,-5.169946810726344,0.7002219112822892,0.9379896002913398,5.332513280193193
52.27497939918492,1,60.92461272476372,1.4288577078135674,11.94631506897495,52308.26567862574,28.17925201976217,11.49897437081582,2.220321858004882,0.9895993295904707,6.914127628548749
62.0125531108057,1,54.85206844568507,-1.4741321320421057,9.070799854008609,72835.6231757876,46.52348638961926,1.721803199149587,0.6062371934962887,-0.5592257979552109,3.7616466938823345
17.561212484009154,0,51.96174186611423,-0.5859276733177553,11.86423709410699,36715.13733993648,30.153714353999185,13.231600815679126,-0.20292395653422776,1.0759341227007992,4.622478840190715
58.13450383437089,1,59.15856369880976,0.32910677871012955,8.300696084955435,42551.73903235885,36.43417630681476,17.372486837852573,-0.05474639567621555,0.14575863932765726,5.931253631691941
42.151091802470916,0,57.043674240767274,1.2528426344274837,16.172917074004204,54448.66549542058,24.243495164251126,5.368804437057245,-0.42098586801317606,0.5115555285220048,11.703345732723095
28.032405237722518,0,52.13004021845793,-0.4482246163001494,7.9320889654201086,25274.959919222412,38.36583045459035,8.691096388286466,0.09004158386695832,0.3654318428247091,4.955684289285322
56.134431194299765,1,55.609518427659204,-0.6922503292658964,11.412644187094257,37310.34195546993,30.423154383209223,7.003221474735016,-0.037008094073233626,-0.12148710544041103,4.3207815364338105
66.4839025419555,1,51.93761473221435,-1.9689231424160831,8.873185235858255,38668.25635967783,45.467127137757636,16.177158878784006,-0.8410484303982945,-0.8600024751223019,3.2917889625249543
48.3506178244677,0,53.49456068421536,0.10343812930810638,13.711263520082387,22515.758575159198,42.73557706206813,10.475139426360366,1.6828883889478314,-0.08213666355404634,7.142743403554862
61.43449456643526,1,66.54007245750415,2.042076040143744,11.005705886155491,115707.22929549843,30.042940534251002,18.641646902831667,-1.487154235709771,0.9867616174828228,6.834495484213336
69.34733909586375,1,62.18744882372807,0.2773584619646759,10.44399984113637,17968.100644001384,33.73335972652337,12.068771014736939,0.7183315431942462,-0.4414758053129096,5.593724372337558
65.77897344300857,1,60.892654376209876,-0.022278979183713316,14.559604635154663,18976.336757895915,29.48883759959371,11.212250903179097,-0.10119762731753187,0.893347262608146,7.874217623575899
69.67957435245671,1,62.06974855236428,0.32208231076698546,12.088291775032657,70060.41973774516,20.805668034549903,10.341033913014181,1.9008318150657448,0.7370706706176718,5.305756559730219
58.9055298928627,1,62.44398045600628,-0.01109200394860206,13.549933337807902,51877.12006383195,26.425575704527834,14.089960496286682,0.3408645992482214,-0.2989373970198303,6.727545508397048
50.90520366681911,1,58.085287015943756,-0.8130143722601298,9.056022190447607,21742.357408710395,36.982173277208204,1.311569008773283,-0.35990553718324825,1.3888001036195767,4.61885670431403
30.776410257233977,0,53.598707142871916,0.8232799156777053,7.7855491682174796,49199.78376994113,38.25259498229582,10.42671977760255,-0.24770719843449732,-0.355546671190706,6.762276491614605
47.04725014244062,0,53.93398253876379,0.2257615231117544,12.3216238861204,75653.97197756491,36.48547903592639,9.649767781360175,0.03990669451976115,1.5095468626126316,6.325432968786187
39.8810408562057,0,54.56014185658983,0.017613251933657315,11.043460933515806,35770.13016542265,31.982669460413643,13.62709413578883,-1.1427906949964008,0.4341269815409725,5.3376281337667635
76.05131260997376,1,60.537554399416436,-0.97536602727825,13.879304017361832,133173.95035235866,44.330666057209854,9.061491970629815,-0.7668695251179117,-0.015865918453513532,5.97357393101305
47.88937025081196,0,59.396914390236915,1.3035079319347591,11.760274642012352,15336.165780609957,35.635419045609375,4.80632782918665,-1.7849439691918576,-0.8878013803376538,6.804539912109791
51.47845768141383,1,63.127904693966805,0.6647027453331099,12.61522601770389,51375.245322941664,42.03253828095947,10.036753374598495,-0.9229768983740939,-0.08826023013504129,6.50194674647599
56.61782451248561,1,55.627307749522615,-0.552920837367302,7.1298524101762695,65072.94615138307,17.262248677974814,4.585797355658283,0.09390648166044979,-0.20375951349442029,4.032980510944191
50.52322935646944,1,68.16856057927357,1.0018248536819372,17.66531081884277,56708.07811901556,-4.224002516183425,0.3736889370625729,0.300175049284521,-1.2582963852509055,12.60031272899765
70.34061248516903,1,57.379405960564156,-0.49757083838520716,11.507274044903905,32788.13977240262,37.8378802783808,13.635612407427464,-1.9793296949964019,-0.21761542271766712,4.776710565396129
42.52820765918658,0,50.136299204200505,-0.782003492511037,14.092760911017598,31406.785868022573,20.752343462785106,12.895307863473352,-0.13721170304420047,-0.8038031800970857,5.655551833500927
52.335289462846916,1,55.644668214340406,-0.7597031174802871,9.49172498934112,45345.7885410778,32.87548297286944,12.335454719967872,0.5634099508221323,0.5859917689787818,4.522385533447597
41.09035297162342,0,51.27869084424986,-1.7710685530880912,12.924029706652023,54604.80946678949,31.979029589753942,16.514642109729056,-0.16291219337623528,1.306280475728203,4.721091776128131
34.15972986535153,0,52.57300433421094,0.47154238041820573,8.091465709425764,49081.46355386664,50.87400602415537,6.674840548480374,-0.6337886457778004,-1.2269156762952407,5.615564755860075
42.65877090913658,0,51.51009774635395,-1.8311448783383502,13.356203514779013,61085.44772772387,38.99996552943607,2.8444292861437246,-0.4121611450482139,1.7123077283669226,5.459387195447264
49.55555843541906,0,51.306874183450695,-1.2284438312657626,10.932077746842502,21819.623871818087,36.658590267986725,9.649851115959777,-0.540763354977222,-0.12855103438512974,4.188966516875354
44.84837330579288,0,48.61287566604357,-2.0755880090785332,12.087571511806702,32406.50685380593,43.36991154633674,8.262498501470448,-0.6367305591080572,-0.9750213849385142,3.7723369044924784
41.69094824151373,0,53.77202238636593,-0.08606969279089306,14.093922090390294,22697.09073808124,38.68497586839039,5.788521416149656,0.17382352524484837,0.7577547802081833,7.3570469066303525
33.12419043593799,0,52.054427357737545,-0.15032046027187207,8.30237906633916,29939.789043003526,30.423230070115668,9.60075423256102,2.307688227735451,-0.446454478255048,5.178421273051566
49.00273312845566,0,52.489536770193965,-0.32669621318636405,9.946524808161609,60331.54896080088,45.7147593025456,6.941974268977076,-0.7436999169051833,-0.08173667603149418,4.435480173153335
31.943355511627974,0,51.2496305824962,-1.0425776946705763,13.371972843260297,38330.14573047759,23.902498721117258,0.8199735832158446,-0.3181426326614269,-0.4042782442120789,4.96628964459345
59.12067156427523,1,63.180410946483235,-1.17223375343664,18.294664423640242,133710.13731571767,38.23247187533562,7.794116546031198,-0.05169793937523165,-0.8167379318649001,10.734020709430743
50.98927703521404,1,59.179795811365516,0.46436986354657417,11.585752996015554,40002.73811366295,19.524302058636888,4.318124166480714,-0.6873544343582936,0.7239970324019037,5.3753307315703305
32.509382006420836,0,55.54407893726758,-0.5505519317084877,13.773408353771798,37415.70968604753,37.03943857515995,11.158240358054613,1.0982358035234265,-0.2863014028941872,6.5348345453774215
46.28949107540164,0,55.79361660960506,0.31635832153614474,11.67908559042456,38295.644945940636,36.929896417729296,6.719826208796725,-2.370885373306438,-1.4366517921792459,5.997921808633535
40.974123132913,0,50.9154684744633,-0.8852486861242225,17.8267367842689,26399.376028474493,51.76454961914663,15.558157370705258,-0.5310591703786757,0.5510601242159328,9.572887910791811
53.830094125030165,1,53.85846178598687,0.18106274277108234,6.758334999104234,35280.35928242941,19.350261065582206,18.01933033633933,0.818313736319962,-1.2055823510237553,4.827784530721476
66.08540535227773,1,63.78764138032173,1.3032780373160637,12.283863134008074,63824.6024637878,28.991128241461873,13.396906865059531,-0.29409430838863376,-1.1532601726752587,6.577367465700215
27.497930364251065,0,53.52444783043126,0.5861658003927833,7.123367899313817,38445.05407668298,43.22682426574144,2.2448690900834,-0.8208389588502913,1.192606204977316,5.885867904251471
51.38031294976901,1,54.74705493904196,-0.4124138182164804,4.48028528838985,24422.744654380313,38.353172563973075,17.525979994395197,0.44075675443876416,-1.1963398992102119,4.938694097602838
48.078406453200316,0,55.81852220347481,0.25719897035592737,12.89238615935345,22867.17350542906,36.803050513375034,17.878602251868827,0.906343235397152,-2.3164448569274905,6.608183290531633
58.05608091740559,1,58.86294522957503,-0.24066517453021302,12.418493388442377,28995.590745988142,25.438642970414605,10.093952556539703,0.2106354452150584,0.6228614849614956,5.126441668721849
52.55835953885227,1,59.01986170209165,0.007880184694728152,11.145489186773396,37681.770568848406,29.091816519085707,16.61463080167766,-0.8012203598128833,-0.3038634294811303,5.777128519318031
40.97636801913417,0,53.536194379886695,-0.3256110521485036,11.68141772988074,65959.30683426291,47.450410082232565,7.2416243097666095,0.4562033191517433,-0.21765512113811641,4.119732299796504
46.17135277200058,0,55.070553028139976,-0.1643352058853912,21.294898302213774,18578.414579556862,34.48490806246072,0.6687703257520532,-0.4020493002747899,-0.3145003933502,14.39825828679201
40.447689718358134,0,52.88415408513248,0.21209335307417523,11.225474585905697,30948.718168627176,38.753596961444735,6.198577806892032,0.7451868818938278,0.2316699390187268,6.12475149627992
62.91208566318318,1,59.59990457022062,-0.9933586995819507,13.530373083750224,39032.69899997478,33.84811671223521,18.646504330223785,1.4832588848565909,-0.7527192419030679,5.876654867904608
50.25573978406331,1,54.652698068018566,-1.0158788269899783,10.051905541158357,14518.03743239558,23.16914484750235,2.544600381942632,-2.6055767556885328,1.4761148745657644,3.70319097604689
72.8142882290361,1,60.03429691122745,-1.388542553831211,12.88569772512181,23937.483545219628,44.338104260749965,9.997606409657472,0.11106747319563266,-1.4762304803093984,4.941793879834926
49.27207023422455,0,51.18938911443777,-1.60027110450371,11.285298974833147,25849.73762888083,40.03232384532496,10.170719466701062,-1.7357339369476272,0.4448749166771231,4.009549225153813
41.499118797074445,0,51.31414466345515,-1.2172826922204794,10.76844455181081,24392.105481155333,58.05636837367189,7.435128780160941,2.4417885853297707,0.6421210038765839,3.2421517517448817
31.835427288646073,0,54.57344808792325,0.15946250680412918,17.456695596600973,39972.41109531292,24.84418620349455,7.782392000814425,-0.46812453379619046,-0.7596517608333779,10.829436961270606
28.36232388492866,0,53.10413964519298,-0.8927875154918841,15.531554889553018,33514.05544186839,43.22572921200481,10.361245671181013,0.7463732418253723,-1.0237344452778183,7.54375343000002
30.990368683934122,0,53.315907686115736,0.5136144642310962,12.410239942197691,27511.433164751365,21.88456033962999,7.1891882903263635,-0.035316859594895715,1.0171742141701563,5.8390075287431715
53.2055198121378,1,57.69650703754081,0.03471374875256186,5.087364192168099,44980.363789051335,36.57346567673078,2.889707514160344,-0.8030845807190595,-0.9908607540167149,5.517027664979098
56.1047002787592,1,51.744856600594225,-1.9685042134380537,10.916972330242292,85951.40512312794,44.76506589063165,11.07515971471728,-0.9220530471774268,-0.6066639407505668,3.475977884966517
31.025711575614398,0,57.95312364353456,0.6549755842216898,20.10908269321525,82423.69690657132,14.278648839035132,15.366832912224861,1.585679173100759,0.8873089624597463,14.063964732942752
60.74045976891338,1,62.542079310252,0.8107986455917099,11.308015000080875,13885.690299213536,32.950675257583924,14.347862593267106,0.9559380601783107,0.03474123353902422,6.555147484705953
44.203267379798724,0,55.28910342971533,-0.9938626748348534,15.309652716160974,48462.040090071256,29.367902659573797,5.951322663050942,1.9435840873775632,-1.7971436676291046,7.69509336467517
51.76151614382659,1,69.84333589464173,0.4201915428949916,16.325827205857802,33222.68999212771,27.980427017048783,3.743860423111621,0.05545333515769916,1.7470591445535142,10.428681264398437
69.34664753906509,1,59.15894462328171,-0.856498237409199,12.656891747567926,39244.93504454614,38.852126522593544,8.579060589226106,0.2879196212460003,-0.530010758779966,4.962562019726761
60.762071790386386,1,58.958042242328645,0.0976703767483354,9.474535104395542,29758.15476703142,46.20685706422595,17.83895754897832,-0.2671915656552882,-0.4027572899064173,5.279599401182137
46.77763222513001,0,47.29900693055362,-1.2644984069549656,4.694063004651335,38514.66338639991,33.66721284770845,13.227990394797729,-0.2870822031150092,0.2557842523263653,4.311213100949634
39.30569329501655,0,51.45194335231797,-1.7931064525345768,14.052489625826864,39171.45994701009,37.0548642756002,13.519823383971168,-1.0418869324773683,0.6250767970040728,6.178031163680287
24.17821518404834,0,51.12542282327813,-0.3828171896129687,9.555731991529356,27187.813568689922,36.143087530592474,14.449284758927472,0.08401019092435126,1.961104291291467,4.849868867816434
41.37016016909096,0,53.886637781335494,-0.12372894627483615,12.528451355663076,23197.881204403708,35.01803506356414,12.103832812592932,-0.7892465948861971,-1.6600681494056964,5.638184057781691
47.46643713406767,0,54.14780524502812,-0.39767969361460404,8.250538981231909,29017.43568125855,24.106573622878937,10.603042738067893,0.4419089221642027,0.8259522089259458,4.585939978612831
38.15384567418579,0,49.16428244784597,-1.1840305582225594,11.204287378589393,40828.254469672465,46.08444601722893,13.31153448323984,0.17001021898020968,0.743009694050077,3.4565561255016974
48.42491639489234,0,51.365338592171284,-0.3998990621311371,12.10115716470316,48996.20724051256,37.95195368158836,7.269169478909902,0.2876820436757222,-0.1371649108741167,4.93516077928471
50.92222259550522,1,60.186299366967944,0.269294752580734,12.805780743132894,55640.93713197498,38.94881490002577,2.927684943168396,1.675129939690226,0.7872736948162223,6.114503416647366
47.301728218303055,0,53.60376210668064,-0.04489303012253698,8.655533437942758,28364.82183165173,26.934903709744177,13.614984673121615,-0.037717949765591174,0.9342740176365468,4.887787164719473
42.19996903011848,0,55.4845212269113,0.1825010305992134,15.590732846284057,41853.147562016326,30.407796020107593,16.188690528746125,0.7567270028534282,-1.3819627849870044,9.085985258706298
52.02385606360073,1,55.30659374315666,-0.6701152004542329,10.209315645804086,58762.03699118266,33.23865802289222,4.4088403032198435,2.0515094640855813,1.7497665058808303,4.826369414687524
55.30328779483291,1,62.019534902263594,1.1717179147161596,6.976591618640264,65042.58235717197,19.658753065511483,14.109607412079502,1.3066170692950476,-1.5587622531381418,6.1831278464438295
36.91521107068585,0,48.69347357411772,-1.1761733365547806,11.672929740109609,35262.78977515645,18.119656748023218,18.403828566940952,1.1531696984548447,-1.1353162812387732,3.3904247676406594
66.93118855695525,1,60.458317292440235,0.4875602970867186,12.10312592707938,32517.514717173348,28.992520693614324,9.988768991214394,-0.3066882155205,-0.2617876736240963,6.262312003818501
48.81694241258886,0,55.87597382062017,1.1818910929599615,12.481768299515279,39957.11835476938,40.2252076644239,5.909989076291269,0.22964305556779677,1.9249405131870565,7.273757498075495
50.22619547533817,1,65.00153675237564,0.4809080927488954,16.08639721105524,20437.899269095167,28.46862610070059,10.615093367633778,-1.3182762920299418,-0.30825662975338647,10.032638498757208
58.49857307907868,1,59.260415923189456,-0.20252422706483003,11.290653489792422,32964.78813247805,24.811948024092864,7.247330158996493,0.49891440096441453,-0.03193389005081067,4.518550443451057
52.798593575162016,1,57.45513617553038,-0.5282970466629792,11.641141126893686,52695.91404846949,26.853143467623298,6.916349450217991,0.2744601776138416,1.4320786039045634,4.449890527528484
61.43763960695894,1,64.44598646836612,1.036087651046256,8.69044685630072,50059.79974718895,30.446575768546875,12.165920336357713,0.0233851251561811,-0.30031814256547273,6.546453362594548
53.44548998242189,1,57.613199075332076,-1.422974925261673,14.461660508663691,31725.187344148373,31.461410371798962,1.9813526248505227,1.02719478824286,-1.1784367129306756,6.319154322166846
42.65075150431475,0,51.274863985565624,-0.9701242603796436,12.55292719223431,40491.97561673484,56.65521452206556,2.7803553875388642,-1.2077748224243965,-0.4172348352383145,4.099070194328761
54.33804230247322,1,59.0219459370773,-0.3975577654917214,10.739916818117512,24044.81908953643,45.54620628487318,10.096454401869714,1.6348628511603471,1.3707918338057774,4.56261039390919
36.27528551215206,0,53.538483361827,1.2376537575119981,6.285975919603609,51624.212407221654,45.24774112281728,9.888457305437845,0.9017646879402839,0.07086499705513648,6.447693656726195
51.30271646931828,1,67.90363511451943,0.37976763604089603,16.333236585165263,34929.578891030236,46.685803642733816,11.717772885199679,-0.07063397965197407,1.9306582590562598,9.93798517186083
49.60124011226647,0,51.35030083615911,-0.9680457585102453,8.316960106631829,31635.154776860523,25.011791306659504,19.376126942416942,-0.1487295878173936,0.7379349262621552,4.131448064105457
47.502597712729525,0,48.79318456160589,-0.31030770538490365,10.226165971890882,30307.12407818073,22.77635385012761,10.522570180379105,0.48061121524859435,-0.6448089363934834,4.486803156865114
48.45754986273283,0,54.38309688613665,-0.6143231440962944,13.075033533228009,35191.26109968632,23.931297084659434,12.990860751673972,1.5208512320637795,0.05107630446507834,5.336596220482015
27.41781145402833,0,51.343500672159045,-0.7097889922335351,8.41032621414994,29029.306786837315,48.34506133337838,5.12233532192684,0.10160771869001077,-0.8532181181418795,3.9151048362625884
43.41530110710846,0,55.311384281206976,0.9788895585567792,7.519470665240569,50466.827488237366,29.528082111175088,13.839688317582686,0.14403090197922622,-0.66843303064877,6.372935470946316
51.11413881369338,1,50.04027441620726,-1.3717431292635056,5.628157251898005,29802.817827468352,22.48643817760713,7.368045674446611,0.018118477625871335,4.479084251025757,3.906074126298084
51.91827670396881,1,65.20825893910498,1.6087808557343735,14.162990858716908,80537.81043777133,30.69003799780187,10.357104162905467,1.7820241127014727,1.018624510033811,8.640371076729298
37.6678983088885,0,53.26612942522483,0.8282296901846228,10.364441265821034,75554.17682466203,32.61394468285373,9.455756874654192,-0.36888310293702387,0.8610979890066731,6.666573478506387
65.18849409037641,1,75.23567395180615,1.090861670603698,20.78181027741999,23253.902701844432,37.68413273694562,15.164871174570155,-0.029507598619071266,-0.623180315308064,17.321664874194525
39.60590182142599,0,53.872380305793904,-0.4629395120252583,9.016934803107379,37603.48964258443,37.50951020712043,3.450117228125002,1.4634356542609945,1.569584066281079,4.6702793036422285
61.63348640632084,1,58.07358981191798,-0.14994071907910936,9.235646929713237,26230.330932121462,26.71819436126492,-1.4161931730751967,0.14701083361286355,1.099415601792937,5.038754607581636
55.126332342460216,1,54.08045150660378,-1.433151814524712,10.303821089143796,30843.342951233917,41.85656392513711,8.932836514560378,1.1370588600455223,1.8816212893577708,3.654133605730814
42.245272281874364,0,53.20977245505843,-0.524662407066803,12.729403965415468,98835.65842182556,28.60806466249842,12.34265628452562,-0.9112800569029585,1.8331141483984492,5.15949433984098
71.30373071131415,1,62.08696953351284,0.4936548476431509,10.589389983644066,31138.936464287097,33.43723663294957,10.7613468790375,-0.2052925216285141,-1.479089288097522,6.003703805733547
35.676358018922244,0,51.02470395117242,1.2960630617813962,13.836996642007536,43482.464398996235,41.86774070503355,16.161021187069558,1.4844340384402286,-1.1098394892699073,8.373691805842435
61.029850083320014,1,54.035362509970255,-1.1071568168024517,9.064234830034037,47603.45620841883,28.581785960556587,12.186863370898342,-0.6763397157635455,-1.0037878154636364,3.948449496122994
62.00698781651574,1,55.252236722731965,-0.36550593698526584,7.855224844609257,22019.535459567356,29.306485764188626,7.1807583407007005,-0.1512990397697074,-0.943940643332437,5.145514619180847
41.95255749108026,0,51.877095308353,-0.15129922023252232,6.605355781772678,23681.567047371926,40.916680496931306,-1.6271007706984015,0.25668523089147866,0.3234523642603904,5.473597677937998
66.70958360077195,1,52.67050844866056,-1.3957892021924851,5.32927749618841,19870.4466577842,26.422668233949807,8.813438829023909,-0.9891545179929867,-0.5668034520958176,3.4611630456514915
46.999441824812564,0,54.18948980398178,0.5913492417584003,10.44579294157483,23318.78721865851,31.152079763959293,15.13979501128899,-0.4138101186218971,2.0725985407625185,6.333804053249213
53.464323551358284,1,53.53615194108767,-0.7239903317426091,11.097059062820334,8734.054249626897,40.557421780428925,8.039761086664427,0.11263668182564038,1.9046798820816377,4.599578331494657
53.12386206525465,1,56.7728065739246,-0.19539035117702397,10.10568891755045,47681.1395016098,55.54092441435975,10.14160131838882,0.04668173416196121,-0.006461594079039767,4.440465834786529
48.388295102353425,0,55.40727660651159,-0.4519493719118777,15.730217391561485,101427.23467634495,41.05404504762747,12.106801271533543,1.2803520208371357,1.9553262161497902,8.295898490181429
59.72969927791738,1,63.769747397766146,-0.7893385057196743,15.684090628824405,39101.27560140911,39.72639762990012,4.923538128750921,1.5414571948322535,1.4881346272402018,8.042538032009046
59.521864646626554,1,60.04735120776648,-0.0070449854805546995,10.995591037666495,17887.645720486053,40.30801583672729,13.116179483194088,-0.8560848720009113,-0.4507065591772589,5.20837550578526
29.01761632114183,0,48.50193471687611,-0.21560957856802238,6.618236660424111,26333.885437704004,24.268097259329508,18.18560895000853,0.11126851916748945,-2.0092153440255616,4.659669200264461
65.65208291453783,1,59.735880879935145,-0.37185788227866556,10.299884675834841,28870.09541061481,36.15596738679908,9.13593324053297,0.6742483084247656,-0.21796838496072934,4.717924391526946
30.050096143571906,0,51.69174569179258,-0.7284616216803428,10.200535818248817,21833.64944818647,34.702335116635986,4.354677890838491,1.5163474657991973,-0.644622131078473,4.54341438659188
62.39055445209989,1,59.704033117437575,0.31952467078295543,10.028595113165826,55831.37795127023,38.21584540372756,9.666994864890132,0.7184902973171294,0.20650562514583037,5.612661070413734
63.520461641931,1,60.76499363704022,1.653617268492285,9.906843288305264,54455.00384876408,36.16508052475871,-1.121920543044343,0.2909134015923317,0.08922828687474911,6.847237503232142
36.908402837417626,0,54.06747042739058,0.13988723283912738,10.039611312825578,20379.28256151691,38.79699677417113,11.68451631988308,0.6665425319826307,0.06301765889922856,5.389207398856309
45.07022854454498,0,54.10961090776645,0.996118214911129,10.84037515230672,52184.48576995726,31.885328051007985,12.261371888242895,0.6737688343362598,0.5236847413791645,6.633953604848065
36.73154397816877,0,50.10339509124969,-1.3902219251534627,10.09337670355333,77917.53725827458,35.58608917371793,18.378181469227812,-0.9277142922843684,-1.2125219470836786,4.0375705019004995
47.420947636535175,0,54.076651309132316,0.15776143929376948,12.624967525876777,94021.5323538938,22.72171433943008,9.030026037166875,0.1927987925062688,0.4113602775697078,5.8883655427040695
46.3035885897711,0,53.85236711251821,-1.0973683189710666,13.081106147714584,152147.54374337476,31.800927219970863,12.042426690732352,1.4591609941886914,-0.4396161530170061,5.548211526099243
59.355926387232074,1,53.9530119538604,-1.4769249275319014,9.26806473845253,23132.727651643207,48.908335481766436,5.693559488070495,-0.20735676869400466,0.199982199863687,3.846696547023092
65.7237049534353,1,61.84362838216317,-0.7393714074590363,15.8131959780211,149060.89805371666,38.18808339628256,8.217864397374607,0.12944664254744423,0.9574098452321899,7.814897541132059
66.74820572947948,1,64.88676882545768,1.1918993344135729,9.059813094478157,30421.25454460971,34.79078962616923,2.3740728166890097,-0.24251644952602194,-1.2243997732210297,6.579692856095171
43.253983681060376,0,52.71937692333322,0.9500158286696456,7.146598158553989,27004.728851791988,53.96123276254347,9.026051893583823,-2.313859495606875,-0.2812936526695694,5.714757276408675
47.489337515065664,0,55.5246608612023,0.24300472205439969,13.142334214095156,42767.60435763759,21.39165021698921,8.473454232407176,0.020590177234679142,-0.11853423402886418,6.488057978593184
29.798741693348596,0,48.49094505959697,-1.5327005598899308,9.547775596756981,27145.575116727832,23.905444445537803,11.49599883044448,0.3017919306528727,-0.5142689715706409,3.3440006252087096
40.329559202045736,0,51.50926603800066,-0.1962806513879368,12.963874412272164,44334.66121579785,52.127114112762726,6.882015598336803,-0.512493390880902,0.8998294961329573,5.2074463014248895
61.57821959716949,1,58.585067903841775,0.30170000890173554,4.788994196698409,18768.99163794501,35.45960936048934,10.416726754875459,-1.1546369488847281,-0.7203883588004716,5.964317167088995
69.38699388257878,1,67.13717389877635,0.1755362295785979,16.177367824449203,32229.05645344971,32.57416963710206,8.333099721961672,-0.8806064597816493,-0.5554003994423388,9.925983727743485
35.18781353744093,0,51.807432337111685,-1.8437935834807457,14.016880224121206,69064.15382403451,23.00795674904357,8.342503058502428,0.7641876161355642,-0.7099191329520645,5.652884024692905
42.89042889016527,0,52.32549783224034,-0.8903178480198718,7.4985703525109955,35294.03873452424,39.47696266395012,10.401811629815152,1.972524773046905,1.0920554114388017,4.426051132406371
49.68313091649288,0,51.68295549472726,-0.06407776414871663,7.5636686284611425,38979.76301434146,40.44459869527462,10.20261471158505,1.3824333409054328,-0.49244411241221675,5.333976463604241
53.36193390583528,1,65.75975998314904,0.5362909095171899,17.016797712292583,46056.73579667216,24.055056391651036,13.805870195258192,-1.3443460048305518,0.4600453908835562,10.89491600318344
40.284757760940245,0,47.580231983332745,-2.1961278210999464,9.787860289506124,65207.56799090192,33.59724414449572,9.396784829350826,0.8546273105507028,1.9757051012300741,4.038022298124423
55.08873253356908,1,56.34427060237943,-0.16212397547985843,9.49744545380213,15873.203371465204,31.64484167966934,8.250573254384983,-0.66316237580929,-0.07481842035058532,5.3371444205152905
44.31392783514901,0,51.23626774765624,0.14304876987895235,5.201843717552151,48642.943260360815,37.55977146418771,9.09596277456387,-0.5822670625087771,1.1120606800331574,5.233025619226568
49.82657274946065,0,54.46235430403442,0.8496119885162131,10.947665383195337,31758.968293730704,23.807497577793562,6.4266794157950375,-0.461975597971284,1.671354084093128,6.379700433936665
56.55541097604439,1,61.61531823828569,0.6928575842374367,11.316841155492742,39470.89909733177,47.51947454513157,8.200444532166642,0.7060669498554304,1.0271915600404138,5.415544868125623
50.07706723773126,1,59.98499227128429,0.5825713188088052,14.146479290308456,61696.04361359469,44.158237815976044,20.155793565366157,0.9592533764490382,-0.016801315977740417,7.880955254559143
44.763369313681174,0,49.37870494778421,-0.7999405067019342,7.802764715446574,19988.385808701085,31.36824441267184,5.436606196520665,-0.09803107127978798,0.6421077589986135,4.394821893947646
48.68468235289003,0,47.26169427371846,-1.9080021371233076,7.439139623278171,21887.6488942601,32.835812883616285,8.606718330603453,-0.08107074100802476,-1.2873785931353454,4.176000178779618
48.93964448953598,0,54.94743396026486,-0.39305275706140097,13.35288790432943,13798.083989192728,33.63577849722384,8.062556683651549,0.46426374323579306,-0.780043158149952,5.683588693254531
45.55986764141447,0,54.61654753049068,1.00163182520856,15.020190213681195,27595.845889246837,27.216914469934967,8.764141938778003,0.5679945395242418,-0.604675181631919,9.652549413459539
46.89444724799477,0,55.15758034091599,1.3934545275244314,7.2865429466463505,70630.4174094497,30.565705817649643,8.343803455608025,1.176225706758529,2.240612120174282,6.890735424200623
69.1837660460566,1,66.7165885242542,0.7105491022977853,15.244542258899223,34190.61279730353,32.29729632325391,11.396200506104998,-1.2843719755091987,-0.812584514255267,9.95513196131571
56.731033375294864,1,61.74624843226846,0.42934082280173436,12.112625524460464,18581.793796157745,51.12868370707128,1.4491244930410279,0.02002733980403,-0.8274767512618296,5.352663670307537
46.454236183650075,0,56.05836370788743,0.3796396483859655,15.275416017223936,28485.789495446174,44.466183083304365,15.185857362660023,-1.0680243758911776,-1.0439209802489835,8.897717823357304
58.36345285412882,1,57.2898420400753,-0.5561187467607805,11.78933891544715,17258.65694149073,44.34654707336624,13.162913998210986,-0.050942279063403054,0.5598117619307609,4.265239618525704
45.99416612292788,0,50.0375372814179,-0.13006029355362003,4.433166247536149,20690.02438100339,38.699256130043906,3.785642069684326,-0.22617528768076092,0.14262139266888282,5.1613331166052685
64.0774956510397,1,60.95319151041227,1.669069525826331,11.544097853051884,44108.57359533356,23.826729910687654,-1.3453863647620068,-0.04674945390270229,1.0867589770265649,6.226462074956871
54.43570630637713,1,60.65855488890758,-0.9425580057918763,15.18043145601381,20192.435576548072,34.58508895422621,5.1146392692929945,-0.7997428881105317,0.6712596660773543,7.397127664837235
48.71237427194925,0,56.75653957563663,1.6147787907098514,9.318761942748857,63342.83975477749,44.7048845961338,8.786667692864388,-1.4872897932074287,-1.3803898467240674,6.597095129696776
55.37260310972333,1,55.02553003071599,-0.3220281544920584,10.836105093277643,35046.80926762041,22.41735370632712,22.901459493453874,-2.094437526714903,-0.8072777700103707,4.5124260749426295
31.14948617517801,0,53.29927712726035,1.3254321090950785,11.471599489347065,37903.44757497104,41.36553206873264,12.716284824871366,-0.13118015426484045,1.3653287482758214,6.717114834068985
36.47879037308233,0,47.87924196783492,-1.4068150094975382,3.3014583603945553,31596.87543971126,58.226092252627666,0.9620517540927125,-0.4310011058329391,-0.203298244576805,3.2799691935853397
35.67289992321133,0,56.068378745695405,0.5859042011646491,17.01404272631243,53445.83121323682,45.61816645989732,6.55172247549528,-0.6759376648038271,1.1875918180180127,11.143869087174796
51.71531713716448,1,54.01785002399068,-0.736770135947622,9.295872960308476,53722.11087493282,49.14029135561987,9.733937818635084,1.3225484628316608,-0.14968094791531705,4.102833516073246
70.7901799938211,1,56.715437191970665,-1.4152671919241875,13.517206297418397,42938.63043007272,37.18338750442161,11.268417771490485,-0.8594381867953109,-0.9676564282885214,5.312397757254529
76.7756017543116,1,57.82087673655755,0.21853404241094568,11.739896591555373,48165.32067217899,44.6793194876499,3.4262556984478856,1.4168340821388028,-0.3032607776667061,5.277792844409111
57.656613217289085,1,69.79889533662116,1.0094717885959688,15.77285716907808,32661.593798397866,27.821467856459645,9.325048860114693,1.623843744269257,-0.9680497955496961,10.599368092121495
56.01013369933348,1,56.035818875411934,-0.8449414385934964,13.218168367284242,47624.44712579964,42.958638123412264,6.4118043119472965,-1.950900466789381,-0.5655527624024238,5.40955616849966
28.38730719016713,0,50.1232906810955,-1.4990159604584012,11.295227185437076,30670.63963426751,41.54388134060763,4.481207186988417,0.09238145899896975,0.20092570656524597,3.815784511876189
43.48791440319174,0,52.234101563992255,-0.09184476433495513,9.31945472244216,36356.04652998516,37.89911174037663,11.297978233494769,-0.3996964908359908,0.5116050903690205,5.503870195131472
40.54659497710114,0,55.60491515198176,-0.08743532877718108,14.393552104146416,31655.84622348986,48.16007419718498,13.869385867214111,-2.9118039447172657,-1.5901913232542981,7.57937887509601
42.549828820986605,0,51.44965238343704,0.5483196275544987,6.37967608813615,28894.043059346648,29.612151621526113,14.205206384808097,-1.4446412530684143,-0.01736800750909817,6.151019274924786
47.98227417698253,0,56.07148329533699,0.9495945713644882,13.937671260827678,25730.80268208322,33.12942483526337,12.87193175566938,0.7749361071084743,-0.5866157355597524,8.546595538649022
44.334913067634474,0,49.66113465058132,-0.059415181272494094,8.702865745335382,45882.77493779413,35.954620413582965,7.513152334298686,2.0191992527112643,-0.6484148089588124,5.576327068326577
26.248402275490548,0,54.3426917837144,1.855503314794263,15.75685098586992,69933.70189209805,24.703890289105992,13.572748807317529,0.9026781426992484,0.13268461913307683,11.091359937154769
58.97492307341041,1,61.831883488335926,0.22423474453529177,12.483898627988085,65221.926398423086,37.269319438002476,11.54527219052144,0.3236324725129776,-0.550451872689212,6.294997881400193
37.12708369112232,0,50.16567380500286,-0.3464265060068996,13.932371303550326,19374.583011973373,17.81069587046153,10.669709414760066,-0.021332381631087506,1.382137994846674,6.3566138351004735
52.870962369333796,1,54.06219767805105,-1.611567359102828,12.245966441474158,69189.30140666677,45.469545344282096,6.941534391491008,1.6826629146481138,1.1880618762510602,3.810320646999562
74.88899203699968,1,59.12736322357338,-0.26265952031616774,6.74286871457701,30974.53670090197,35.46637366565966,7.515619363292359,2.1482392019576406,1.1818282939420395,4.868428876023247
38.96738490096292,0,52.72096639131209,-0.33638694541113623,9.417812509813984,49038.770924053235,29.791070960962365,10.36943468062277,-0.5868426795241861,-0.49491019549030185,4.849602212404299
19.63654972704404,0,53.6107092508425,0.9603047962814704,14.017168012834148,23083.938092154604,26.656263877048787,22.199372334927507,-1.999986560310291,-0.9624988349193223,8.33163694126365
46.56794933743867,0,52.12060024601725,0.46248362406685406,12.499967452079533,38987.250325666035,32.65420970380812,11.50621240045695,-2.0981874632712016,0.08202992938811553,6.439257792477038
63.211515619982855,1,61.73940293347661,-1.1793691216326172,15.542969715917016,42483.098414417145,41.88259710772414,6.9440574887485695,1.321880992159802,-0.1503483662862672,8.0104321884843
73.50016945064712,1,64.22649019513531,0.1722543864110375,13.209823689111515,17286.78479750577,40.47738978737561,5.838052775152786,-0.047058540774386516,-0.6088231624233649,6.730640668757151
35.24540486657099,0,52.34194376715583,0.6715311717290534,9.09989432789202,49223.852069883294,27.944620527215392,7.5411669367189855,0.18324191045871852,-1.1757344466669615,5.927911657082898
55.96039067883826,1,61.57821051392547,1.5280313593878327,9.611807586838097,71180.02454678123,26.539603273723657,20.88646723774533,-1.7906509929567132,-0.04151796926807157,6.545555272767138
44.41627451863936,0,54.4010943679275,0.8875039674140593,12.308752171569711,33278.806341823154,41.568987063196474,8.00371677027019,-0.7531889127884663,-0.4040694502524733,6.861492704007102
48.72861974835037,0,53.83289770285106,0.7608466543114778,5.057867801999684,71688.38832419098,27.776525953849706,14.534352673051425,-0.2954808139007823,0.6883470370380197,6.236209362042367
81.73212016420442,1,69.36132424709604,0.06008599461516361,17.020325656868955,33029.39670889201,35.59909774079504,8.120358772643218,0.20783838336407062,0.6651060515214794,10.70567214297243
31.96435605925816,0,52.01300365947883,0.3883120054234496,13.325240209132671,55536.306971742175,36.23754642524277,11.305922706398142,-0.398592038913759,1.100799805422717,7.198165895119544
53.04487593793488,1,66.44149342026934,1.2495049007061587,15.681103791146617,11976.659787091598,38.120621317267386,13.95872637004361,-1.0373261983013427,-1.2592955518800382,11.333331398603272
55.6123180611852,1,57.301864333393155,-1.3327773974796497,7.258188177572493,121709.08045863679,43.582704301818715,7.14048575095038,-0.7845669926025229,0.40105830769363265,3.9993522891227826
63.029435899272165,1,62.79657278680065,-0.3494393272169559,15.733695481065766,76705.53297447116,22.37037063132677,6.794441729236151,1.2083232859472328,-0.7274657062336721,8.389855183786286
51.17579784165075,1,64.95725232657318,-0.7725687487562407,18.694496733083245,31498.249375019877,15.888406747395123,18.29434847227665,0.24478461960349976,-1.2204142108110847,10.4559117185427
53.696606474049226,1,58.37567784425659,0.3791531187261241,8.037364933868048,13547.475333246844,29.32552718771648,14.922964474478984,0.6121568069555516,-0.4286022369487101,6.059228063867924
45.300217190938504,0,57.25466029044097,1.2302221756507876,14.3142053847113,41940.79182195987,53.01528407832186,13.953361593453641,-0.8988738108773296,1.0687049801346178,8.215635150359697
53.22952329494129,1,57.74075876886606,-0.5969742867210739,12.00332983406188,17641.99161377866,55.221741000873784,13.93638146561457,-2.9538234854006244,-0.3723183535704842,3.732140915290299
45.881692694031074,0,47.67317969369866,-2.390304367469438,7.366698455255268,45361.85210371653,53.31177135565888,12.297877441555327,-0.5231043068844964,1.5654546599591121,3.48126714322801
57.45886267827261,1,62.89000103994855,-0.41222074502447015,13.47865191555561,44613.10190626185,33.070186322393106,20.088879065875325,-0.8665705544254966,0.5488785155203335,6.686616705895527
45.56467596747639,0,55.46530726185061,0.9134737320174066,14.500809614512045,22681.353076027804,17.178849180151712,10.219541509385785,0.3490122686280793,-0.394090478980577,8.163465945678805
54.52520472682624,1,59.31717103326889,0.5376299029498797,10.196620341993459,63607.299312498384,11.569608983481594,12.886311836004598,3.285723713681842,1.1600484289064086,5.350988597982843
49.64884623578026,0,55.835249202555985,0.4281862478105761,15.49774956076567,54327.583012982956,28.85961838450589,2.745435357029937,0.6951660176182558,0.4453967721142857,9.345450178301052
63.512603009266016,1,57.84481890475424,-0.27999330187447974,6.999709779632407,59154.72031324904,33.0192636985064,5.875196567043796,2.7359601593834886,-0.9325593884467054,4.931819955891036
49.38327531693817,0,50.007742654696564,-1.2790307362197864,7.5157315606510675,36476.69534062333,48.00625401055959,3.9959050008247976,0.5687696953394487,1.8588026355805152,3.701836431117924
28.723610381517425,0,51.76308427792204,0.5152943216244674,12.409792186766257,17894.30825249375,43.678054595424456,16.370317917580746,-0.6298862375727151,0.2594788230864766,6.535304276194717
65.1430580085679,1,57.79701932969023,-0.8342818100346248,12.076155833916815,59215.35345242752,37.2740507899162,-2.7627007601037494,0.3479160781208834,0.018796191985491827,4.616810549862698
39.131212389648574,0,56.21857756945649,2.184096733380456,9.850279534727685,31723.540932578995,26.101552290588582,7.988449886236387,1.780638599477708,-0.8555326699056159,6.571617048711555
42.154803936214165,0,54.20592408478247,0.570507208354516,14.428783307915658,18126.131917682324,25.3922044175511,-4.968533013303114,1.8295625963212392,1.1795382676077382,8.450775962195902
42.852064471478094,0,52.60783458339023,-0.5806483025539511,13.592682942647848,71397.61061466848,37.541276870714356,5.84356052259055,-0.5753373680430791,0.5172754273613065,6.204208332423935
66.49325711804981,1,59.6554398995322,-0.6113852473886282,14.574417212802048,103746.29848995601,41.970509788397266,7.545255251340668,0.25318369569929894,0.6292381802952409,7.123506405560169
24.371909432255656,0,50.318797280758716,-0.09294420661358828,11.630590693943198,35574.20001804452,38.918812622455846,16.92435546897022,-1.4292668796711452,-0.5075313435257685,5.566365416507372
87.65298240391992,1,57.748089326569456,-0.23950192202174977,13.807740803935022,106890.5376616495,24.65402040393345,11.983139696107285,0.8246686246914298,0.8341005719100684,6.125325249242217
62.672681708792624,1,65.36544021229915,1.1168337755299542,10.663049090910016,38012.0070692622,41.50667628792086,5.8342923833551685,1.5533546990558944,0.9118135935708017,6.678367855761767
52.678866969549915,1,68.33217574301128,0.18641616974404632,18.16145607025979,30024.59169185974,39.259109671014116,15.32981859865913,0.03979945411601616,-0.6687782387811225,11.543366255313252
49.34127199260456,0,51.19736274674393,-0.7316317389085281,9.562362689634043,26496.57538602486,24.293335938098217,10.089161272648788,-0.6673840543601282,-1.416990139680991,4.373310970365276
53.42664889829188,1,74.30347154397214,1.8904406851557827,18.315892288374936,82334.14654815895,27.156790296997443,10.187834293536262,0.36013095127756267,0.581373059338924,15.857324897563458
56.253469140552056,1,54.952653780983454,0.04930833152022263,12.104663841268225,24585.891946705495,41.88495974561567,3.9866424611400397,0.417459031363166,-1.5733469496057397,5.224012931604561
57.74258703140068,1,59.77536849425405,0.7688396759688968,7.873467331293772,52450.998718510375,32.65492464854109,5.049931430484303,0.0811438318496202,0.15201577783777934,6.581312905690314
56.667253592041384,1,63.16762714787215,-0.6082265074447593,16.104238051465803,27458.143853191526,50.89147301636457,5.8745135002723785,0.17871512433595294,-0.4472451047873071,8.14564656197375
51.074968175062985,1,61.988350453273235,0.3631156277445234,12.377704165184877,28849.461859523184,40.011292760645766,10.232306365770947,-0.17381485046937092,1.218665210788921,6.081798084084776
47.631938956312084,0,55.83326660904916,0.3111099911431952,14.553372295140715,60786.612039264844,30.133688118107308,10.389428634903375,0.995954928226406,-0.39284389076720727,8.143278426873575
48.18472059615786,0,51.06899570593263,-1.889649292096153,15.67156775562778,30030.883371807267,34.897943996090675,17.720463317620226,0.736227445165127,1.1072729720038041,7.701005619140193
47.66110063576783,0,59.77357647033726,2.01527511046064,13.013866662435076,29661.414655510067,35.63383392637718,11.92527583968917,-0.9831031471441493,-0.5142094443630262,7.718679115996544
63.60524116240477,1,62.179370695497056,1.2906444609225471,10.223277465561557,63984.89690205764,27.7160968675829,-3.5378284683605408,-1.0105906031585947,0.999991005059611,6.34364230899607
57.122680667370346,1,63.211023961694444,-0.39719531614598763,14.92714013300775,80716.52843525942,25.874118018223733,11.313209939358453,-0.254374417026562,2.0603415438368318,7.5433551465140365
14.715336384028639,0,49.05503362941853,-1.1022697404558555,12.002266522363787,50128.49569067961,42.013898938095,2.7499182191623364,0.7368371241051792,-1.0680471383662404,3.8890655822416256
57.87080931835713,1,61.82802415385891,0.347561613803552,14.057573455825256,26176.441665760638,43.45273297042095,5.170145376942318,0.14805741389081464,0.29203572173090797,7.843800386903014
52.3368343366253,1,56.204431814293656,0.08669769941439658,5.538808278625616,28132.921420327846,41.03781469552959,5.93915264136835,-0.6431504101226553,2.748782415910065,5.76112168567969
49.77549492264923,0,53.105651556808354,0.3556689485632294,13.340945151029555,37795.96507528385,50.15318094323802,6.683308382438491,0.26151859672583017,0.06658882690292169,6.6405649318062485
45.33777856293337,0,54.163918521108045,0.19157739619408962,10.08424252456491,42636.459838297196,29.58226763988398,3.124253039798485,-0.330810519522272,0.061788270229648265,5.673433489215492
63.48935263983216,1,66.48031628066771,0.5062409893059261,16.95992891153559,22160.507559979273,51.742707660711304,11.017410017261438,0.8804864602241314,0.7884989473510197,10.819506353249192
61.37031754547429,1,64.21526651697388,1.4473056993918065,13.869262043667286,52131.20380130725,25.990788814458472,2.945988574545204,0.3330584350670474,0.04108086409475417,8.140903895368776
40.72546798611669,0,55.55895461031953,0.5681032051286461,12.71957323754789,37901.905422993776,24.873144366315074,11.783338036249235,-0.3152781874521438,-1.7072259945705526,6.827604516605682
54.884627445494424,1,57.8876660765375,-1.0496554989099411,13.458929980050664,15400.355009191784,17.400411178507497,21.184855385308147,0.23151877204646154,1.1322873748389386,5.2131111223591216
38.34011918550457,0,56.28742287137979,1.362562852712452,9.004677441369845,22823.289405822554,30.54204686173183,3.3532047053296807,1.3150480595242016,-2.0029484138651927,6.891753297615422
33.444582022532835,0,58.28328851648766,1.6406145634882874,16.869770071584163,28224.21744891021,29.962776631705463,8.57744847830389,-0.5696300765463775,-0.4167916511383418,13.536957909233895
42.47939330492042,0,60.19064914054944,3.152056734512085,17.974111255250712,35016.37735926663,40.25937280254651,-2.61728681256235,0.40265698164716096,1.2074257491566482,18.16536725950554
60.34872166859311,1,57.65790371583634,-1.123494033239598,13.17874053164465,93399.32505061381,37.43890941620451,8.495323535149334,-0.07046034046599581,-0.35654242864278574,5.319679914689608
61.43750054451304,1,66.61501299485408,0.242882013150275,16.771210705720918,40908.19354209291,23.070266289808632,13.213585763157418,0.42698368386209967,-0.6936964924644041,10.338311243457099
56.157025041167515,1,52.05094546351684,-2.0820987031889873,10.292555403982398,23851.77829210344,31.072737615741826,13.603196156786336,-0.6545649415957304,0.8792639051665606,4.198262984352727
58.70114944217597,1,59.17572810155612,0.5531491563792091,9.608659301325059,40550.98710485072,31.285379789123144,10.386818651420484,0.11033543315937581,-0.8511147868343866,6.408711987432377
56.1941394453795,1,55.91855794858203,-0.5482002981667726,12.122774246186768,30453.497478805635,17.240177530381075,14.446317123794879,1.1078232824168008,-1.2222257195919537,4.089501712467123
42.30222085732457,0,60.508323102055364,1.9234457948249533,13.304823115103696,42718.14796293546,25.190532729866305,22.73027267971396,-0.9370069812461074,0.2745139874932834,7.716970288969356
55.183070536087286,1,55.643071361895764,-0.7746149700185819,10.818039956270638,48546.81375826721,27.291863693859106,18.561523437187997,-1.3294051033250818,-0.18292329841259092,4.306851929579694
59.60491430273218,1,58.29370752642216,-1.6891830379672617,13.613304571105452,66477.26733477855,49.33625019820946,7.387395352951815,-1.2914555644869643,-1.243673114188842,5.2585363288083675
59.051495957762896,1,58.629856372409584,-0.47126374070251964,12.919168446220242,35877.181234130316,36.914507159573525,2.7444800676663075,-1.170662530200189,0.63695253999487,5.947049286280098
64.26696045769572,1,54.57097203569092,-1.9754877712171375,9.005079674126835,82411.49954950434,41.621687539475,7.969242917130982,0.5953232878926642,0.4644876055772338,3.773817423692371
58.49964616641277,1,64.74630999681499,0.7510994545073101,13.556379052355163,57182.965740011656,20.01364502850788,5.265086171913259,-1.4058596858654655,-0.35975501660563197,7.398477580436415
54.217378490498994,1,57.75320540633657,-2.0650830462563206,14.590584727564563,25496.085959825614,46.94214483013992,12.256737739323164,-0.29789534474353074,-0.2913320061249465,5.866441394126821
62.84180285979713,1,60.71808364942235,0.02845758118315888,12.514407952771172,109636.7418170542,48.01102063024093,4.09403230285251,0.618289303310708,0.47039274200915654,5.683014945221384
49.68174488901128,0,52.53189676584542,-2.077811819856197,15.457944309785077,42765.939412829255,15.016550328553741,9.63588783704829,0.41665906054859364,1.1903614197520662,6.483368568438059
39.41750418526739,0,51.90214714007192,-0.3202978045366419,8.347788619509144,23919.223568189176,27.946832760841517,14.190070272681552,-0.3855589799624851,-0.28279321010932484,4.9721727466280115
48.04319643267483,0,59.7803661071719,1.643378155804534,13.403851266395556,82988.43382938368,39.9576557301551,9.496520635914115,0.19092373175510596,0.6546884930081445,7.950264746496257
41.06116826232261,0,50.39122185544798,0.36064789143579495,8.489157880809675,102630.33108075359,41.44388453538182,5.268430886261018,0.10714532973756831,0.5652002170845991,6.037477226070349
