Y,D,Z,X1,X2,U
3.1585983661282873,-0.8483686476857335,-0.6751782749743815,0.4967141530112327,1.3993554365860021,-1.907807557877391
3.8649205638240036,0.11383236735690516,-0.14451867071551783,-0.13826430117118466,0.9246336829127688,-0.8603850107795019
1.5403161211058503,0.04883475054566628,-0.7924199209999613,0.6476885381006925,0.05963036992017413,-0.4136055334216442
4.717363560486493,1.8290629157824472,-0.3079615296390403,1.5230298564080254,-0.6469367777055739,1.88768765734019
-1.482339488104825,-0.9340504759010125,-1.8936146669537857,-0.23415337472333597,0.69822331361359,0.556553124533758
4.289333595136621,0.26070919264962,0.21329370737293857,-0.23413695694918055,0.3934853854217497,-1.335481569099891
3.2861625029788075,0.0443239932752848,0.0012054753622242368,1.5792128155073915,0.8951932200277323,0.486036289417637
3.7447278342898827,-0.7052408975883719,-0.8170886310681906,0.7674347291529088,0.6351718016819695,-1.5473039889383655
3.450859668649578,1.2486393206919408,0.6592456684324051,-0.4694743859349521,1.0495527153193351,1.0826910538870733
6.949124687603778,1.1806127377137594,0.9375701376265584,0.5425600435859647,-0.535235211560568,-0.4711246518178786
2.7745596748429007,-0.34343388408202935,-1.6075598643689741,-0.46341769281246226,1.3173940656343257,-0.09363618873917087
-0.3736525000704526,-0.08246257985804939,-0.7627247785662142,-0.46572975357025687,0.19759960469239965,1.3257966475421905
3.293343204675429,-0.5945400540824022,-0.7691423497872981,0.24196227156603412,2.0752608726252655,-1.28716356858425
-1.244994484659629,-1.3561845234411867,-0.9399031011088645,-1.913280244657798,-0.6891878180895679,-1.3971181851129912
4.541957786859143,0.47947948509427346,0.8294748419317485,-1.7249178325130328,1.7359638031652493,-0.5835993263460049
0.8590242602207561,0.4881041081237966,-0.19382613877280352,-0.5622875292409727,0.1979107834626478,1.0383788510193166
-1.4876321683068898,-1.087641477277782,-0.26451484131061076,-1.0128311203344238,-0.6514180036144483,-1.5193460754768426
3.79248669192288,-1.7327369388638394,-2.0038623644067535,0.3142473325952739,-0.48388583405432156,-2.8321555981105697
2.670455482746096,0.047640057587017226,0.6354180302092264,-0.9080240755212111,-0.32034730819432017,-0.4511588584089988
-0.3984827031508625,-0.3258030121942947,-1.2392583948534726,-1.4123037013352917,0.4241659464019164,0.5517407999109204
9.88454041531407,2.7641218227477227,0.059932630266328335,1.465648768921554,0.5228354880354996,1.2002617497388293
0.3158521409245235,-0.4650162664025862,0.27737693795819207,-0.22577630048653566,-0.573700003938579,-0.463161362085399
3.2548236763967164,0.17293485919526752,1.360658595838651,0.06752820468792384,-0.02435459226098284,-0.4114266071160025
0.45356450869680853,0.7106589838964279,-1.308820399119112,-1.4247481862134568,2.1422703586118637,1.1539007342557475
0.24850208561954412,-2.3433156142082527,-3.0195121558208253,-0.5443827245251827,1.7275431701007113,-1.8697416996954206
3.007267173770728,0.37379509534209443,0.18384954475369486,0.11092258970986608,0.4363236696740321,-0.38852077518300926
3.1395065844863534,0.911232863580216,1.8005111815108537,-1.1509935774223028,0.03800347816820029,0.19042388992505774
5.8442091129054266,1.4500138458109886,1.2389463529394373,0.37569801834567196,0.1200313267182613,0.44921872128503426
7.982427298051857,1.1084801578824541,0.20965941527462578,-0.600638689918805,0.6135179727304166,-0.5098066931908826
2.659398685945443,0.3410691095177286,-0.49163618563204736,-0.2916937497932768,-1.0227925651984056,0.03444101170584135
5.099426921389174,-0.0769081058668542,0.8071225966373103,-0.6017066122293969,-0.25737653742334515,-2.4883273534129895
1.9870456740600384,-0.8799278893146754,-0.9735461997044687,1.8522781845089378,-1.66858407387759,-0.6582484123338483
3.6581522696277826,0.5032604513270817,0.4763577693562191,-0.013497224737933914,0.39922312260527926,0.4535087125544674
-0.29609974576605547,-1.3053877452996314,0.5054701591666267,-1.0577109289559,0.647195939702741,-0.9822940342546795
5.907368042340006,0.8898496277738537,1.0602099074988798,0.822544912103189,-0.4831864622993739,0.05898422158959733
12.77058854247477,2.750934923829303,2.7596600389110777,-1.2208436499710222,1.5739867632900326,0.4468725008026977
6.769381451293334,0.6323058643099462,0.39241596717876703,0.2088635950047554,-1.225765663002341,-0.34254920085776497
-2.845919255360827,-0.7014996620940224,-0.5089636257074988,-1.9596701238797756,-1.46437488020982,0.1704637709965709
3.7182634247657864,-0.36091497653022414,-0.025574312191994436,-1.3281860488984305,0.22445181855997198,-0.9627325652846123
0.7967071938353976,-0.7053344046882468,-1.7690759048891183,0.19686123586912352,1.0470983026121545,-0.20661127969604665
5.7881226985032095,1.0628794222540465,-0.6947131310890582,0.7384665799954104,1.6839276914578687,0.6102161695892225
2.279972105779381,0.6836754379021274,-0.409282438113104,0.1713682811899705,-0.45888426286894,0.15697296096843422
0.7919028113423192,-0.7241386173194808,-0.5240883979345925,-0.11564828238824053,1.0786808334312956,-0.5865312695639355
3.1493857493291117,0.7522650692667013,0.152354872033722,-0.3011036955892888,-0.03850846950070721,0.224216404290793
1.8678436066253772,0.3684367129155742,-0.8224199323822006,-1.4785219903674274,-0.17262729994081963,0.714609790636618
6.6604575252442935,-0.12154427174330845,1.1210306673244714,-0.7198442083947086,0.8836599374866724,-2.049941278577478
2.4369418987185814,1.4222803805855428,0.0002070649181973595,-0.4606387709597875,0.6523228784134196,1.1590740649558977
8.64208862798829,1.7356639031041619,-0.009300321138626349,1.0571222262189157,-1.5763921569842494,-0.336254738681072
5.85690850248373,0.8687881913648943,-0.32789471651291785,0.3436182895684614,1.4765403497258958,0.42548993324023027
2.824121341238774,1.132393807684154,0.15519068385897913,-1.763040155362734,1.3800913541474515,1.197246923645228
5.09043476094402,-0.10419574642216811,0.8250982646676346,0.324083969394795,-0.6255627015095294,-1.371673697230466
2.658638467483549,-0.3033944224624833,-0.8671302157109002,-0.38508228041631654,0.39580353343740904,-0.7094410024275466
3.0701066955819636,0.09988333805441085,-0.6581164890752567,-0.6769220003059587,0.4940301862827388,-0.2885486958757048
4.5866039965802194,0.2650209526994312,-0.30372602877666466,0.6116762888408679,0.2606737658239071,-0.7837535211244283
-1.3912559716870705,0.27625431842921255,-1.345870923473215,1.030999522495951,-0.5503051538454201,1.7349365758368085
2.324988565927976,-0.1553153577418905,-0.8192578597214978,0.9312801191161986,-0.6716233679380516,-0.8567720938267928
4.830393264657154,0.4202404017944024,-0.47622087354465886,-0.8392175232226385,-0.025554070991445278,-0.5555467794868666
6.853898241937888,1.4754402139686422,0.8743891807127272,-0.3092123758512146,1.1727290192593647,0.20438903160297678
7.126336411918667,0.7403034626589484,0.2625613290019253,0.33126343140356396,0.5436001545944323,-1.2021495260760888
4.503569204770024,0.5144764794282167,0.19358991136754458,0.9755451271223592,-0.37061433208610595,-0.39568071175626385
6.31105196025369,1.5377850391704482,0.8508979621679722,-0.47917423784528995,0.7716987106483447,0.31745326125017487
1.9722170985513046,-0.23187813747980285,-0.13737178839939665,-0.18565897666381712,-2.8485426206300755,-0.33286040438251097
1.9924251145996885,0.1021734665377782,0.3904648499288896,-1.1063349740060282,1.1487657003721035,-0.09338685889994834
-0.674927818267119,-0.37207891350541733,-0.10322175293249623,-1.1962066240806708,-1.7397137787780996,-0.5293321124483711
4.606692145621632,-0.4279037652211212,0.26536234939962844,0.812525822394198,-0.36244094140313216,-1.514470309180767
2.1415430688425254,0.18929447645852382,-0.5827586576115821,1.356240028570823,-1.1196698946261439,0.32159321133923857
-2.665275052573048,-0.22292259394880198,-2.438817158276429,-0.07201012158033385,-1.2946814757209055,1.7549330716472415
8.227818155803265,1.1131662648570357,-0.13427916218630415,1.0035328978920242,1.1608267873785192,0.01840163078343813
4.504327128265442,0.8581603122750875,1.42274813609994,0.36163602504763415,-0.46770120131189136,0.22526411724754958
6.7943576888395825,1.7863240464145973,0.9262154022415922,-0.6451197546051243,0.3465038817307158,0.6927227551168597
6.297595383417793,0.8103029978164532,0.9653974845911707,0.36139560550841393,-0.04692057887918407,-1.2693304965466992
7.059956546086278,2.2726680652913824,1.2361307218062179,1.5380365664659692,0.47704082722312147,1.7025146581296056
1.828364094870512,-0.11159003077648721,0.08865759096143765,-0.03582603910995153,0.07682189106025536,0.20232879642280202
2.9501782425740286,1.5707139222055724,0.19731570740559606,1.564643655814006,-1.2829922241885696,1.631856899089109
-0.881717867173458,-1.034396621381993,-0.6176518954343502,-2.6197451040897444,0.99626681944714,-0.7330329955239894
3.618427923294311,1.4300983679900396,-0.31607285602704976,0.8219025043752238,-0.4937565831613125,1.8180619225578247
2.728163762277625,0.7779644240463714,0.6157711497711416,0.08704706823817134,-1.556581898659751,0.7751554940347829
2.664500676253784,0.2957193487786449,1.2038844371688162,-0.29900735046586785,-0.4281151609659125,0.5530400858523584
4.652667105127636,0.669640109218528,-0.13944627568099954,0.0917607765355023,1.5007597906343109,0.23402445435314795
1.6481291224706744,-0.46440996414276897,-0.4501892648514116,-1.9875689146008928,0.8502217421134929,-0.24852861807444937
2.7745709139027515,1.2817705645279667,0.0005279588565972929,-0.21967188783751193,-0.3486521344078592,1.2005316584738726
4.005136671630903,0.6070622425872235,0.6012067489291151,0.3571125715117464,-0.3492577043184288,0.14035986984804696
6.310197700492466,-0.10259210528576923,-1.4438548161335418,1.477894044741516,-0.3216350512173826,-1.9670697035871527
-3.6062406373792975,-2.086329927768904,-2.296180953137238,-0.5182702182736474,2.076747983560841,-1.1171864617070026
5.012305043799071,0.5771885096781746,-0.5505368494915835,-0.8084936028931876,0.38193545223155334,-0.1858457521927471
2.797262724815933,-0.22969198452363399,-1.2207124259141586,-0.5017570435845365,0.43004164719106963,0.3099989831655548
6.582050373332111,1.0874542032033805,-0.5081401976473109,0.9154021177020741,1.0302834540318422,-0.05658848889989584
4.441485782390468,1.2100567167152725,-0.14778031881747153,0.32875110965968446,0.23878915902651351,1.2189707897936632
4.346602896415959,-0.37939373153417777,-0.4532484090230134,-0.5297602037670388,-0.2590421458207031,-1.9511018640386248
5.763538321928553,1.3352544160862179,1.4524675344707454,0.5132674331133561,-0.19634984908497827,0.1435879365051602
1.2636283866130327,-0.7539848488915386,0.32674476460232005,0.09707754934804039,-0.07160125941406395,-1.8179792253871547
7.2505187969992875,2.0475324698097945,0.30047435961082836,0.9686449905328892,-0.03722223650984159,0.7597122954841684
3.030247282384429,0.6918204439472914,0.6222071440434019,-0.7020530938773524,0.7276295436369798,-0.09445871444200275
2.9633931195657794,0.07215154769344795,-1.1388331177807691,-0.3276621465977682,0.05194588580729943,0.41960997202411815
8.140585073491694,1.3170148829347388,1.0391117874202687,-0.39210815313215763,0.7326400772155792,-0.8638829605897661
-1.2346425876575986,0.1246137581297393,-0.07576428653545988,-1.4635149481321186,-0.08071658010858232,1.279464931657751
7.174565029605114,1.8120496600315485,0.6704806172412126,0.29612027706457605,0.07863519031609059,1.0417246640588513
-2.283694119972414,-0.44617597714124646,-1.0718572330401555,0.26105527217988933,-1.9982006845321076,0.5835443030118876
0.5821200439081415,-0.347223813609989,-1.5537587660160643,0.0051134566424609,0.9163276747024814,-0.12951724686344077
5.338841307731763,1.2993656821612813,0.8178896580250286,-0.23458713337514742,0.3464884758979927,0.5798572852951321
1.9472205847655506,-0.6102488902237766,0.3764095260975166,-1.4153707420504142,0.9980101098596522,-0.7068925679873489
-2.6493669570762473,-0.690275265895563,-0.9020515543575104,-0.42064532276535904,-2.8962553781936893,0.8555556590207121
5.597224998456315,1.810732892227322,-0.8696630812746944,-0.3427145165267695,2.0883747047807275,1.649480894323921
5.863808736750309,1.8625519428450368,1.1254347844147694,-0.8022772692216189,-0.13958962815517376,1.0706105599791862
2.699719359517107,-0.41272907158267175,-1.1894118928673278,-0.16128571166600914,1.1081828167375165,-0.7296024698074095
7.0743032424630945,1.668254772400712,1.6426729532559634,0.4040508568145384,-1.0399059271255309,0.3614173172731029
4.246702006856054,-0.12764149941764355,-0.9006207346478687,1.8861859012105302,0.6127739050625697,-1.2931415437586478
6.406002673013352,1.6764443965695115,0.638391925608383,0.17457781283183896,-1.0534155631736561,0.5723903111756757
1.2904190737466705,0.3870380266774446,-0.3286184757489846,0.257550390722764,-0.6237689606958051,0.45060341286253885
7.696064231956424,0.39133408237260825,0.6031874310823431,-0.0744459157661671,1.9140313538667861,-1.869816339532164
1.3310000282380927,-0.4372308158537628,-0.5441140021141926,-1.9187712152990415,-0.19068240076334658,-1.1617838439123638
4.852764428540393,-0.08914266431558798,-0.1627929060722942,-0.026513875449216878,0.21743287317972287,-0.28313889674376713
7.452109672091509,1.3447804495276108,0.04091917539572113,0.06023020994102644,0.8700677306887539,-0.30085974714082625
2.2981391384781507,-0.6131288855942385,-1.0021874557814727,2.463242112485286,0.4956818879726045,-1.2094769354188053
7.573672543994474,1.9113640421705425,0.7408243454201257,-0.19236096478112252,0.15041890514357628,0.388978729352184
3.3204285908620843,0.30519154713407814,-0.5132135664715851,0.30154734233361247,0.3649610024662251,0.25147360894051224
6.883227118880863,0.6191976953369708,-0.22859991534001858,-0.03471176970524331,2.403415585238275,-0.1942691319785193
-3.7046812587775237,-1.7617506436361667,-0.9943493746085122,-1.168678037619532,-0.05761879703358539,-0.7557915001583629
-2.095067976069227,-0.3061306638843452,-2.5623336587953105,1.1428228145150205,0.2010990467149675,1.0487071264165635
4.071070844237216,1.1327149777301622,-0.19102776260016902,0.7519330326867741,1.050654396007612,1.6554071130882952
8.511175093356933,1.8121278006299972,2.412615421612916,0.7910319470430469,1.1055259329579838,-0.4835614838465371
4.553224843097591,0.544921370182658,0.7846042878980238,-0.9093874547947389,1.1870303055603801,-0.6121669171548207
7.678722719992254,1.7619129573831687,-0.01926037973439464,1.4027943109360992,0.6387302220291846,0.49120766541199645
0.31378499295625184,-0.3768459964977565,-0.2628908292082677,-1.4018510627922809,-1.1430049127304835,-0.35802937974698634
7.513120620488046,1.099913378800227,0.02246589281204638,0.5868570938002703,1.633431532301096,-0.13939720066323416
4.238425043904728,1.067263577380432,0.54711911517521,2.1904556258099785,-1.146345393018688,0.7396531517246714
-1.0721309148111606,-1.8165603259255412,-1.1808128153088449,-0.9905363251306883,0.30263546523903323,-1.9093560875072928
6.993232495976377,2.384075765625233,1.114321694668872,-0.5662977296027719,-0.7542758500193579,1.3183023248526693
4.089313063403615,0.6007286479466627,0.7153813154412441,0.09965136508764122,-0.06413834659299263,0.07268052432934134
7.739067866720494,1.4536150604839961,0.7181857257079345,-0.5034756541161992,0.32876241030348075,-0.4114931445621802
2.5759126095596434,0.18724066572869885,0.4384757388097273,-1.5506634310661327,0.32135721545027307,-0.08923415422144892
5.127356091414496,0.5986893503333907,0.019616657693989903,0.06856297480602733,0.42192075423528475,-0.03757064497948127
7.736510886914632,0.5638925849471557,0.6728612359668197,-1.0623037137261049,1.613711269058647,-1.7312013034449254
8.247891796591324,2.459452111759296,0.5918141337413779,0.4735924306351816,0.45353430151397983,1.494938227453236
-0.4192637429715935,-0.064745673678299,-0.3540407109410238,-0.9194242342338034,-0.24415663529064877,0.041325632270618466
5.143926658748327,0.8524882653456493,-0.573601772896901,1.5499344050175399,0.9640871682883576,0.4430021304473752
3.9951707318405765,1.0098094223619243,0.1018562952619867,-0.7832532923362371,1.1894704889246406,0.9515497705740432
6.686190089221051,0.7146892053140161,1.5490201514951873,-0.3220615162056756,-1.2276078151369925,-1.0211624575603007
3.77584782676457,0.827240868254102,-1.2391070756539009,0.8135172173696698,0.597400069849858,0.47347189903522846
-0.9635183852388274,-0.7118950165567431,-1.46752526575244,-1.2308643164339552,0.7011727423108983,-0.26764109089879357
4.329752347099634,1.3371151042462437,0.16476084123651674,0.22745993460412942,-0.297563503359992,0.8467707752164937
11.114241186711801,0.9523652119832656,0.05088770185601806,1.307142754282428,1.3757068133116197,-2.1272274203514954
3.1678242508316607,0.2293897335717209,0.1733416643704082,-1.6074832345612275,-0.15005558703252717,-0.099094300241269
4.899508328361513,0.5764144031513382,0.24395319790850026,0.1846338585323042,0.12557645347154262,-0.6028206557839616
1.6788030236732947,-0.12943077149839,-0.22320225463480511,0.2598827942484235,-0.1730718242838696,0.4322629506341556
3.362303062813546,0.5214404907082635,1.4898634386020821,0.78182287177731,0.015579047581467534,0.47004418736820225
-1.6868263726913095,-1.178489620954773,-1.6009039784765156,-1.236950710878082,-1.0962750868952018,-0.7076258948220262
-1.5324368030906952,-1.0681744825451425,-0.828497024780246,-1.3204566130842763,-1.4400508825942944,-0.7121738641760437
5.769085616492682,0.6028716997075806,-0.10325476014904737,0.5219415656168976,1.5945050632249722,-0.11066536855732945
1.0724000306703312,-0.8599023897275584,-1.643188811154167,0.29698467323318606,-0.8469613483183278,-0.8966422273152082
4.696257000171152,0.6656638137695096,-0.17585440443207115,0.25049285034587665,-0.9913923494563072,0.8419836954521269
6.5987859903608275,1.5161956613438263,1.661470165728018,0.34644820949697586,-2.153390113603715,-0.36920720044744615
3.5933522236847266,-1.2301242783311217,0.020886488295961788,-0.6800247215784908,-0.6389617476895023,-2.9069882193216414
1.5223756708771172,-0.12200799506234922,0.23070090571868349,0.23225369716100355,-1.3230897934074985,-0.3748220566218061
4.398383673308138,0.16124041927444005,-1.2601647651725802,0.29307247329868125,1.642015160136369,-1.0385438208439723
2.4818539743085033,-0.7940350694058544,-0.6163614080394775,-0.7143514180263678,1.0098170893426341,-1.6312758154609455
6.532376357912684,0.3490434064448661,-0.375196380323937,1.8657745111447566,-0.6881503451777238,-1.2374266382225725
8.089318994483364,0.724361164043867,-0.31771509675623405,0.4738329209117875,2.2524358053443088,0.10940847183297006
3.7197411041621566,1.4217224207151071,1.2816437950037687,-1.1913034972026486,0.9817654869915943,1.3286408282482312
4.42142816016911,1.1541369731343347,0.5576910607251245,0.6565536086338297,-0.32483138350862245,0.31318447386498
-1.9706337750461318,-1.2337686314024168,-1.111457956937032,-0.9746816702273214,-2.4994057148735727,-0.6065033882157399
6.267997451569411,1.8051522824002146,0.24650477843200488,0.787084603742452,2.2909425725907413,0.4559041951707029
4.680745375787725,0.4947647627132702,0.49822174849678513,1.158595579007404,-1.389572466763596,-0.45909031021899177
0.1774502071055849,-0.6794780790213282,1.1401490385212665,-0.8206823183517105,-1.6453987469568918,-0.6946003691631446
9.71080399999798,1.1166722474741948,1.5805406865683735,0.9633761292443218,1.0225704320096403,-1.1543626682329844
7.5661614056349515,0.04402495828468861,-1.0150941918278686,0.4127809269364983,2.439752406339273,-1.7518288067517191
3.819166458817924,0.2095253622971787,-0.8108575112103382,0.82206015999449,1.3842728185105182,-0.3899237065594453
4.047096079711764,0.4082596043389706,-1.2575778589146163,1.8967929826539474,0.5639091200523596,0.15805348992013185
4.405178073446453,0.8544793331956706,-0.23401985910698123,-0.2453881160028705,0.594754341665286,-0.09662367001488972
2.0997216302663246,0.15108004202454783,0.4663583744463342,-0.7537361643574896,0.8534155587803077,-0.4159669279473586
3.003831093635113,-0.2866892307784654,0.9873345165891019,-0.8895144296255233,0.7589285897867651,-0.9457460606967811
0.866453257257463,0.49125114167131756,-0.07595102364252276,-0.8158102849654383,0.2811914239693758,0.6082461916849685
2.1998310301717208,-0.5884547911193265,-0.31984752325484395,-0.07710170941410412,0.10420110395187607,-1.317131919946585
1.5975301674497593,0.5827373994144687,0.15175799224874037,0.3411519748166435,-0.06259312789952241,0.7760279138434754
2.2741685068517348,-0.6409662983324507,-0.835142901630023,0.27669079933001905,-0.7539645888666763,-1.0022170189267248
11.701017345636687,1.773487622867295,2.0895387216947734,0.8271832490360238,-0.28067507686677406,-0.7524352373530351
-2.0170887493597034,-1.5051710670959253,-1.6076610271180587,0.01300189187790702,-1.6929568141953855,-1.466785190615677
5.0151039952663234,0.9263312964480659,0.18474057889572446,1.4535340771573169,-0.09833962679474989,-0.5014021468856367
9.04058498565898,2.7909364142483213,2.0236062192296393,-0.2646568332379561,-0.9885911071509176,0.9753124584779789
6.068377228790227,1.1856514098217261,0.006799844559997769,2.720169166589619,-1.1035893172157711,0.5156280884439565
4.87571584710701,1.241841767595683,-0.19003903500149447,0.6256673477650062,0.17989415115347845,0.9784221120280351
1.5941823743853685,0.320399436781388,-0.3574454228104272,-0.8571575564162826,1.3920022863445993,0.5221425459339358
1.2937664787627583,-0.7172463778487386,-0.18039168176240783,-1.0708924980611123,0.9183166060023132,-1.1036698285303692
5.087309744315468,0.6690452802880442,1.3728484746765302,0.4824724152431853,-1.5705006036231774,-0.33078922432755736
-1.5442361013188541,-1.6773232218025123,-2.211861911329507,-0.22346278532585084,-0.9896281365703375,-0.7801991291174627
7.040790814172309,2.636771283370223,1.5334337012963255,0.7140004940920919,0.9407711879882159,1.3305749040390402
4.635880475947888,0.19572223038054037,-1.423957152450145,0.47323762457354485,-0.9824873935383096,-1.1967886464263116
1.5790946874056888,0.3673934718042079,-0.2666523292344148,-0.07282891265687277,-0.2246331499970246,0.8936976893891109
0.21823282001862787,0.3451748228578184,-0.42924442029866183,-0.846793718068405,0.5500520990245519,0.8929538701087693
2.7055858783101527,1.0764864323909504,0.5885532697707198,-1.5148472246858646,-0.9683444548636353,1.8296202017160872
0.12248347972423324,-0.5467353804433631,-1.5981243518837476,-0.4465149520670211,0.1053755061459599,-0.40968659262949736
4.8237549487354,1.246111171408401,0.46217266608194285,0.8563987943234723,-1.3340254949182044,0.7123221595801621
9.550528732543805,3.400927991198673,2.0243096232868525,0.21409374413020396,-0.6013676439512138,2.2816518365388427
-5.141623051734867,-2.122423043183372,-1.3631740045928105,-1.245738778711988,0.319781934142537,-0.6176416769336966
-2.6999920409289113,-1.617599950600966,0.18970616761039566,0.173180925851182,-1.5929937335316693,-1.5350402475323597
2.686910324521247,-0.8682036045702589,-0.6619821777966091,0.3853173797288368,0.440474737960399,-1.8800100339077637
5.885837208674719,1.3829358971488046,0.42588720619303577,-0.883857436201133,-0.019637798926681226,0.7127120288613313
2.058176457607516,-1.056677886263866,0.01914777741575206,0.1537251059455279,0.552489954417148,-1.8831502080585838
-3.1348084974953756,-1.4997926612148074,-0.6414869090443096,0.058208718445999896,0.22391413406466143,-0.37231905293792283
6.051453142771264,1.2171492184998896,0.487872284871074,-1.142970297830623,1.3641404299738442,0.4373131870389607
7.990487383897918,1.8933193925766916,1.804348109786743,0.3577873603482833,0.12522450264790727,0.18517553682991406
1.266749173609755,0.13924827917595772,-0.19090379172729868,0.5607845263682344,-0.429405541125253,0.42544486418417227
5.310508108362645,0.8852096075449474,0.7197579421481819,1.083051243175277,0.12229750303228384,0.22228985580085406
2.028988315926438,0.3292629526918331,-1.2932729578711637,1.053802052034903,0.5432980290363882,1.2788658133133932
2.6054683316690044,-0.8791524265088599,-0.9564363768180087,-1.377669367957091,0.04886007032570433,-0.952316380738797
3.208451881575115,-0.15088873988391066,0.47240627788037737,-0.9378250399151228,0.04059169120388238,-0.6769951384585313
8.977837058127527,1.2356017760044542,1.484116028535965,0.5150352672086598,-0.7019916878067556,-0.772659445270824
-1.0809959211213878,-0.28440608146173463,0.35561334878566,0.5137859509122088,-0.6629009175509484,0.8301918118626102
-0.2573831134661799,0.21419295546207828,-0.31305803052315434,0.5150476863060478,-1.4026052717996935,0.9003985883950636
9.315369935691677,1.6679094901830787,-0.0007085945766459172,3.8527314906547208,1.7495767431869393,0.4512253193185082
0.20252290643497187,0.16083451468597476,-1.2504077339697175,0.570890510693167,-1.243863235391285,1.1834936668899279
4.303228496799343,0.1946632288478511,0.6045153263553668,1.135565640180599,-0.6929051977959073,-1.1780408673763807
6.91461314556317,2.3868061978051505,0.8823330623234091,0.9540017634932023,-0.7184072655691974,1.6672241115511366
1.4659747740821572,0.4441407827635411,-0.45209033283308037,0.651391251305798,0.8949243769444413,1.5232386217122578
2.2311464852861294,0.46436158203722927,-0.4700421477595015,-0.31526924464034556,-0.2949496782920278,0.7356219972457467
7.565682739854164,2.301516219872298,0.2658782296520485,0.7589692204932672,1.2477420726737338,1.78179890877106
4.947929256834513,-0.019831021671500193,-0.4367197360405955,-0.7728252145375718,-0.6734906242438685,-1.6566232076777738
2.313225897047457,-0.05671071973828279,-0.06613261462582246,-0.23681860674000887,0.27899416222380197,-0.5244481362626519
6.566523456987613,1.1997377345511788,2.0997217891665154,-0.48536354782910346,-0.8353470532597573,-0.7353034606819523
0.9629807212676342,0.2691254265353856,-0.24702570074599667,0.08187413938632256,2.1451491277733883,0.7214793237573432
3.361839347163883,-0.9720078739337437,-0.3583401520212223,2.3146585666735087,-1.1875984190295128,-1.0501407396021456
1.119293923208614,0.4273450995590813,-0.6475418056351594,-1.8672651925917483,0.3098207102270275,0.7574951493374855
6.2252320563238674,1.9467527019430582,0.7441919714999368,0.6862601903745136,0.6337768809320985,1.3705361439967134
2.1815533995399203,0.9306928326081154,-0.181224173218103,-1.6127158711896519,0.41379909745149823,0.6952029000839993
2.024263722982951,-0.6000993863929227,-0.649373038321426,-0.4719318657894335,-0.1852876588777083,0.2837510236615011
7.967121616083744,1.3330917771758732,1.321304032273012,1.0889505969673663,-0.12982069973342616,-0.9878733409007492
9.679543679220641,1.8623994799516144,1.4196030045136372,0.06428001909546277,0.0438114719791096,-0.8468509661253646
1.5008552583191026,0.6336927549940277,-0.6004235657387051,-1.0777447779293061,-0.14700200162848862,1.2496189052966666
0.7115910722489863,-0.07644320645997527,-1.8665399513606162,-0.7153037092599682,0.9638791167949097,0.7793490039053323
9.904603567645534,1.7151101458274904,1.0075136898369221,0.6795977489346758,2.2105230015913513,-0.03901951937754412
-0.06854813446954111,-1.2220891469034114,-0.684629825760004,-0.7303666317171367,-0.5574917850078337,-0.41790954576589057
7.672386273023256,0.4144223597726683,0.7906255991627686,0.21645858958197486,-1.369802979579078,-2.025807873111377
-2.0052750033124545,-1.4875001012167237,-1.9701038177118357,0.04557183990381377,-0.0882820483512548,-1.0708524186844388
7.076057646078539,2.546119391224088,0.8925973382993093,-0.6516003476058169,2.579709337654318,1.9114190871397234
1.7947380903746306,-1.1417763445660618,-1.2111719292807812,2.1439440893253257,-0.8036745679697308,-1.2804555710024668
7.73619593823801,0.9468523351994513,0.7307641190665245,0.6339190223180112,1.6391168054440675,0.18947982122108065
3.0628372931911785,1.4575414523718548,0.014273067836434108,-2.025142586657607,1.6777008140764407,1.0074439731951985
2.530181387010276,-0.9091786956408924,-0.953939419396645,0.18645431476942764,-0.5535882417079946,-1.2549226680022925
5.064045370252843,0.99817259032082,-0.4070363129267805,-0.661786464768388,0.5689830791852754,0.1847104747810833
8.406597439638157,1.9093164693255298,0.6863184569567008,0.852433334796224,1.628396623128538,0.937915537510655
-0.9176608185275804,-0.6668622124457753,0.10589445311523427,-0.7925207384327007,-0.3791277409874871,0.012499321907250335
4.34499678331756,2.644057851912743,0.5844129804724844,-0.11473644146689901,-0.20358036010236177,2.8684030556667683
8.054754812957547,0.5522497516064884,1.9764405845154855,0.5049872789804571,-0.5816809139486437,-1.6685992588781953
2.4719497668652233,0.5282237490205145,-1.5642416117110514,0.8657551941701215,-1.0147567306928669,1.0587285298838789
5.512641495273935,0.8742434274236763,1.617212574968624,-1.2002964070557762,-0.6492775450660071,-0.17280173739646437
-0.6736993207798813,-0.1702110168943698,0.10435593752321293,-0.3345012358409484,-1.2239402667622565,0.7719201548366751
0.7890865011527449,0.14583931081105156,-0.8987840483231282,-0.4749453111609562,0.03408346825922606,0.44130715169924584
1.7259256989342964,0.10995815360894534,-1.3303136257389898,-0.6533292325737119,-0.7699732310586415,-0.7331561971099966
7.854960459111649,1.327695053278699,-0.1891203907770335,1.7654542402810969,0.2337859117907477,0.22899639245934025
5.489511482785554,-0.1128371532381276,0.9216501119244593,0.40498171096095553,-1.5558956462036273,-1.8579014513982872
2.556583608319502,0.9532278215875538,-0.12754912037753421,-1.2608839543350452,0.33088023221445706,0.6032475005713938
8.663580196130852,2.0729477015784976,1.5111549302473475,0.9178619470547761,0.8335289616089246,0.29815846599052565
1.8143556584561324,0.3203150298125431,-1.4511756900515589,2.1221561970126332,-1.9937356425714554,0.6386601686431024
1.9731162247338703,0.8607858788481706,-0.01208894784605456,1.0324652605511468,0.37405656984757213,1.0581183250871502
-0.40919194195570463,-0.13593145605149998,-1.252393444413119,-1.5193699659540134,1.2276689924732922,0.3676198402097109
3.0959041983139617,0.9154744844319753,0.3636318826249679,-0.48423407286625136,-1.2096410186912054,0.1480894197982762
7.461711994956886,0.870417263999303,0.8868873900973003,1.2669111491866227,1.6725723868377034,-0.8810683366612923
4.111522384197135,0.48359865065151253,-0.42076179368105326,-0.7076694656187807,0.4190190093660452,-0.712220763649051
-3.6001570867270525,-0.47078628153544844,-2.6042138566271342,0.44381942814622843,-0.7050118557584089,1.186734620177331
5.319815435287354,1.1109092727229455,0.19894814679649453,0.7746340534293368,-0.05576907765770601,1.4363354057059785
6.738755982605153,0.9666554213404501,0.4367385517335093,-0.926930471578083,0.5583269125217224,-0.23811043631205406
3.2131343264056533,0.6114386850992292,0.4042947549616974,-0.05952535606180008,0.0760053914124115,0.04600274725327412
3.578789514323294,0.2795749239715724,1.235782191822154,-3.2412673400690726,0.5387559924463692,-0.9046143749937661
-1.3052420916864378,-0.17216303870815458,-1.0710536796490489,-1.0243876413342898,-0.9206735930793662,1.1727568452674448
5.736320989063775,1.1554224006314655,0.6802161054504494,-0.2525681513931603,0.169360824036078,0.6654168236917787
2.2426755672955245,1.751965323665795,1.192507512477975,-1.2477831819648495,-1.4137144969049802,1.9412174364637491
4.407861318640688,-0.3578156296088958,-1.7785875840065168,1.6324113039316352,-0.11122606134870032,-0.8783230771797389
-2.57842185814052,-1.1111957223831188,0.31965182591897723,-1.4301413779606327,-0.9039076414647897,-0.3780078990182172
-2.0056689802571843,-0.5164425452959078,-0.5041798310076715,-0.44004448669698376,-0.7355299425897666,0.23144592252557222
7.09006309834754,1.5271074190872533,-0.08152267310164589,0.13074057728609134,1.2360931752104374,0.6464895377257704
8.800231742515892,1.1783942580663338,0.34767648353833636,1.4412732890661155,1.091310120594269,-0.21566763754763232
3.097286850520322,-0.7898697849708178,-0.4872285641135523,-1.4358621511794394,0.609138120907177,-0.8729610904537004
-0.7086774350426523,-7.356368714295236e-06,-0.6757080791616118,1.1631637521549596,-1.092312764672579,0.8814075289235711
2.1254557925063198,0.28029615114483664,0.0341524174880246,0.010233061019587049,-0.3164084496948019,0.7211353625455816
-2.352112538012895,-1.6514720701218102,-1.0872459388628024,-0.9815086510479509,1.2130976999791834,-0.9162741005637249
2.6178668883145804,0.6642768914555361,-1.0858251288851855,0.46210347426327075,0.14171691363990474,1.3554428011054958
4.810414767167766,1.7035008850909303,0.6793732829565033,0.19905969557347003,2.319329539981694,1.1701987091966037
-2.0522351022062812,-0.6838477325295456,-1.148794035158656,-0.6002168771587947,0.39331783939437187,0.13429649724779288
4.411742528831738,0.9515489179263966,0.6663125009092119,0.06980208499001886,0.1920491164900316,0.07959786237603639
4.276114009721444,1.049899778940586,0.4625912928539512,-0.3853135968617599,-0.3091164642025014,0.5540577711159071
3.779502579845107,0.17554291281012802,-1.7258067287905967,0.11351734525124799,0.13354090478228192,-0.8617030702562581
1.2913884134503975,-0.4657682334740404,-0.6775646523356551,0.6621306745210463,-0.15246983638054348,0.03003147916408217
12.829303441422615,1.3135089832944704,1.1941094030473725,1.586016816145352,0.7081086766885905,-2.1523835446091804
2.8256577543327044,0.6756984089088506,-0.9811655311396816,-1.237815498826849,0.9567023167945841,0.8764556455029355
6.0097750957035885,-0.45693533275343473,-0.46440426230938764,2.1330333746562666,-0.7859894605079495,-1.5614932224418594
0.6650931410353169,0.7694502790253088,0.4620608932518965,-1.9520877995225019,-1.331232953557778,1.503419828428999
1.3217685325977937,0.14771322060053813,0.7833905092825955,-0.15178509503558324,-1.8362053731032966,-0.3301200939664503
6.350970399233969,0.6192116726658551,-0.2515388860444957,0.5883172064845762,0.5079913269125437,-0.2116669819311769
4.0253602575785195,0.4577668798246055,-0.5975101946916416,0.2809918677350327,-1.1033666061738736,-0.6277339060845056
5.492265477876207,0.8663702246030779,1.4223698616985077,-0.6226995198205939,-2.152890592952483,-0.2880388739220764
9.256128610613505,2.487410709992345,1.7388996637975789,-0.20812225035727533,0.3885786045309641,1.4185313451480366
7.7947785123983895,-0.04062169570251151,0.9788580507817954,-0.4930009346588331,2.4929995174327906,-2.4878086565350794
-1.430323000610978,0.267915273878398,0.08531814256502405,-0.5893647569442118,-0.006070911539893324,1.2769653860881878
2.8555722206141736,0.5185623007255488,-0.8082657216409264,0.849602097021025,0.8384907744516419,0.33802348110170816
6.4241368851288865,0.14160601519956917,-0.8304444065565653,0.35701548596504734,0.08182935854756501,-1.2070216478572156
1.1230323916704792,-0.7258327529817282,0.5225141052657575,-0.6929095952606542,-0.09888965319114267,-1.0753123930492379
4.606312117595537,1.5070180568587195,0.4183982208886837,0.8995998754332507,0.9190764829877686,1.676393027208203
7.9224591266518685,0.9374425594798503,1.4015985929464294,0.30729952087660933,-0.29027454418865134,-0.9455068799427312
5.850809262014025,0.1055955044154182,0.6504500925361393,0.8128621188389601,0.26739231407190295,-1.1533505105959596
0.5996176680342102,0.053837186420350513,-1.5030803017598182,0.6296288419236122,0.3216978061960136,1.1373145423647297
2.842993621364774,0.6852901715529298,1.0519476177229186,-0.8289950109220725,-0.6680904536430488,0.33855287628591424
-0.5242954454394634,-1.2002924963574197,-0.9980606273144129,-0.5601810401969697,0.9920423495365228,-0.9379255765363989
3.0458934511791442,0.08774435705965822,-0.3839712719523516,0.7472936051232618,-0.17495975669540864,0.216624975404619
6.447968464261141,0.515915783930969,0.2502002062516945,0.6103702654334648,-0.7557451594928447,-1.0257526836402773
5.352495352644166,1.655244442695356,1.9956674897839644,-0.020901593964148132,0.5365098435704035,1.1008213984226052
7.2157369237328135,1.891006796306684,3.109918556005361,0.117327383308782,-0.8984679817910373,1.0613709648731335
5.530284122135784,1.1918256841533634,0.6067230591361827,1.277664895788425,0.028181157369128247,0.5320061988219431
2.7300001822406745,0.7612590270410164,-0.18319661872038787,-0.5915713888358299,-0.009118996644203544,0.3616610612470166
5.067185697980205,1.9734547620712881,0.5345056484805503,0.5470973811700377,1.085895565831578,1.7611881248673737
3.8562268614730346,0.8166746224889508,0.8876554258738361,-0.20219265243389398,0.4746982328799528,-0.0003136726117747121
2.8633026779348283,-0.3250546394929631,-0.3206676255571917,-0.21768120322722037,-0.025026958745143917,-1.1818741254208012
7.870613893558037,1.386292141851689,1.7952113559123222,1.0987768519871903,0.8177662992002871,0.44947391283230687
6.22981577727987,2.4494838064869584,0.23007075919140207,0.8254163489880298,1.3902075490173134,2.0860470495371137
7.626054155251128,0.8286437128524689,0.49774308909139425,0.8135096360006385,0.5578103063518622,-1.0147594931858521
5.781492350028782,0.894564611911709,0.6659242520544614,1.305478807154329,0.010352619843380607,-0.36146276669398564
4.626516733364881,1.1996394151251146,0.4215866106144557,0.02100384163275905,-1.3118362323501596,0.4164460381014525
1.9442836314781875,0.38744817506640095,0.8389405004696124,0.6819529712949639,-1.0651136630753726,-0.05390484900573917
3.7048625871354037,0.06067089039194129,-0.6172531865469234,-0.31026675659345604,-0.30522470435466764,-0.9823035803773149
2.242610497901363,0.7897082089388393,-0.5583017539460305,0.3241663524884421,-0.6095122021592831,1.1218578562304709
0.43712720633359514,0.7772174340385655,-1.100154232971695,-0.13014305436768459,-0.186971302985446,2.3200407220172594
4.917972883394547,0.883468400064766,0.4395012306202264,0.09699596499271819,0.056649924897107164,0.1961314590239074
5.5648906690050675,0.7306023027659753,0.7789365035121141,0.5951570254369136,0.5296927543567308,-0.9040682897360006
6.920143246257802,0.3416034874683549,0.4577728661518858,-0.8182206832334725,-0.07049877805909122,-1.548960525053475
8.99759248870159,1.7868705496875337,1.6744924333475373,2.0923872756854602,0.4865016438262019,0.2579759812211809
0.801521225730405,0.3785230296760962,-0.005596018829046555,-1.006017381499702,0.06447441481012024,1.1038773433162576
2.864901969202161,0.8842555824204941,0.6687416555925126,-1.2141886127877322,-1.9754665663538713,0.4751677464953816
0.852048235013354,-0.2725897129258893,-1.0917008761393143,1.1581108735000678,-0.9393353938187543,-0.002403840918853844
5.937046827333796,0.6397941823805479,-0.387099702474401,0.7916626939629359,-0.14408755572161547,-0.5892716517893062
8.550087330135137,1.152345071080886,0.6955377575657775,0.6241198170521551,-1.2096947428411076,-1.0921636327180897
4.267420992273692,1.5174467727011725,0.849102110743144,0.6283455092642799,0.5999287299962045,0.8347513263248821
4.975832377170991,1.429542278949885,-0.29396694766418224,-0.012246772846914623,1.5307508323436974,0.9137716213855857
1.6185280818426848,-0.9166625411992606,-0.07159925185806683,-0.8972543714858315,1.2187618516973167,-1.5457297866907331
1.6905068486100812,0.7719721583214534,-1.5178737466808094,0.07580455819372633,-0.213442870930208,1.5898389781806839
4.803167992078118,0.7746673808889076,-0.3570292008066094,-0.6771617115121117,1.490726136849952,0.5740712208940013
6.74175773504512,2.2750081099602277,0.8903831635197862,0.9751197334177512,0.14866745720211172,1.3995946451457935
3.082201467258886,-0.2717654095926961,0.5752050161065663,-0.14705738150213865,-0.3370859711180397,-1.342127748485115
-0.11707416449382746,-1.0933973588361454,0.5006657213812097,-0.8254971967925115,-0.6134026635409398,-1.365824155415439
3.1229006604749934,0.5491004262625371,0.04977368718096008,-0.32138584165299344,-0.30246968648812833,-0.14896930976729691
-0.04923547841685133,-0.22996865821334622,0.007063158628176452,0.4129314542756245,-0.38817681854122876,0.5027844268951942
1.4148211225835015,0.7214847830815203,-0.6603211394734471,-0.5637245528039749,0.1704162223754877,1.7963608229269636
4.350315139239856,1.5143995513750643,0.6988284202025348,-0.8222203955664315,0.1605739810498646,0.7060789138151315
5.746242994829696,0.792487904754604,0.4209729443893898,0.2436872114919123,0.0030460201534144695,-0.24268127681203333
7.417145496216188,1.4072352556796706,0.49201884799279927,0.24496657110872277,0.43693816974634986,-1.0263692076658921
3.8994564232420776,1.4085009562491946,-0.5260348426675804,-0.5069431753711298,1.1906462747863413,1.23000057271915
-1.5137051717429122,-1.5096414651606993,-2.1533429198712444,-0.4710383056183228,0.9495541354413237,-0.964705425750715
6.0285903940637295,1.7368749276463338,1.0971527117536957,0.2320499373576363,-1.4848979684499035,1.628468554772322
-2.2359917373244964,-0.8888129299899352,-0.47883745600840416,-1.4480843414973241,-2.553921134901955,-0.2843846496065094
-4.597855472427084,-0.23158243857426009,-0.8627757640431206,-1.4074637743765552,0.9343199112392737,1.5905820726178506
-1.1596308793660788,0.2825749496387638,0.6934789119139937,-0.718444221252436,-1.366878698415421,0.6789312900592783
1.5003713458311678,-0.1852327552563453,-0.3920126399191296,-0.21344715171184725,-0.22476540189268354,-0.13699548944245826
2.418002282590858,-0.3037956701264617,1.0599363840466218,0.3109075655980046,-1.1701130260593595,-0.5193963718261266
5.967670810834538,0.7933670237761277,0.6170059495766975,1.475356216949552,-1.8019804375800197,-0.3409078773460798
6.524961429715731,1.3516830639189386,0.6835693232004776,0.8576596232020194,0.541462728204788,0.4283166923752375
-0.2173316253640274,-0.9862735419717373,-1.3659557112005343,-0.1599385299634271,0.7591551603026468,0.07715649621771674
5.841525209064899,0.987121297612275,1.2119439853864005,-0.01901620790268883,-0.5765104007267194,-0.5938114080687051
2.315857186288068,0.10767870748197533,0.26125053123385605,-1.0025293646378088,-2.59104229214491,-0.16563141031763223
1.1451730192003908,0.323822183081008,-0.36927713924620315,-0.018513135992389903,-0.5462444482524828,0.0785770297191498
3.097695896978955,-0.6514726143489176,0.14338846734225108,-0.2886586389201379,0.3918040054025465,-2.128734094414812
-1.704664737299792,-0.20437804746414756,-1.77623523289832,0.3227185603380895,-1.4789115687741285,0.4581681147886987
4.6111261289681265,0.3757708994288655,0.40865281148067084,-0.827230943552323,0.1833599197791556,-0.9797212247168068
3.259461849399835,-0.36725790705087724,-1.0293715081820716,0.5193465142411723,-0.015309849172995557,-1.153332403205745
3.129170042495354,-0.9648470907409947,-1.3526702858435344,1.5327389130025777,0.5792914996010884,-1.6873443471107104
1.697046900485496,-1.1503261650389582,-1.5223591862178911,-0.1087601484568576,0.11958036841415326,-1.7938924978678903
7.0824392687279545,0.9912755598041229,1.1126883749899252,0.40171172209894146,-0.9730689408815555,-1.3554475031122892
3.6875187643335696,-0.07144027861669577,-0.6292633936927887,0.6901439917111125,1.1965715016644913,-0.7090209576304904
7.507631196862047,3.263089253909924,1.5337277099164992,-0.40122047188583626,-0.15852957302697002,1.9532591375265682
3.579186862281237,-0.27475331686948823,-0.5358014630522978,0.22409248181041677,-0.02730453950993186,-0.5258796758952039
-0.875592523720472,-0.5680649271799261,-1.7073579575929467,0.01259240078179486,-0.933267959073196,0.17775010626803134
-0.5468499781704506,-0.3429399005938786,-1.1165244399486591,0.09767609854883172,-0.4432822511915103,0.4004813865063287
6.043821682544984,0.985075272710059,1.2358116200069387,-0.7730097838554665,-0.8848027140269009,0.13106518621584873
-0.9310030471456873,-0.5274896795909034,-0.15589817793666752,0.024510174258942696,-0.17294605992342302,-0.07744346072599365
3.3540004570170847,-0.19693322977042793,-0.5482872964906009,0.4979982912454495,1.7117084801423437,-1.1952937635992447
1.5073900071867823,0.9331765987121805,0.1600182258527877,1.4511436077950417,-1.3719011429313563,1.4509275482792119
4.220909267098604,1.727370450992478,0.501782736167545,0.9592708260852069,-1.6135613978767411,1.8071966436378852
13.279967986693874,1.744174456668727,1.1173988159024606,2.1531824575115563,1.4711703274936085,-1.6826586941226858
7.3476105325717755,0.879049347155195,1.448499229892926,-0.7673475628880495,-0.20932367715186612,-1.0240285908863795
2.266759440722761,-0.9065190228913989,-0.3597686457890858,0.8723206367206782,-0.6690727386599166,-0.27981034237700614
3.904920535872,0.532641810281983,-1.3260476860820385,0.18334200573835174,1.0399046873960764,-0.9645377949101914
6.602498368468865,1.1966307256047957,-0.413465161123276,2.1898029332176723,-0.6056155397368641,0.5059655534558652
3.115877623418693,0.021289479471109096,0.26028050658288615,-0.8082982853551515,1.8260097135469362,-0.7282722024066131
0.23835865312042825,0.9857804378102382,-0.9637589262106109,-0.8397218421807761,0.6779258713392691,2.1650560678066024
-0.2471291814826727,0.35082160252167205,-0.9571509148950429,-0.5993926454440222,-0.48791140814570266,1.190548594343596
1.1629366027203536,0.2665525534994178,0.34378788154988543,-2.123895724309807,2.1573082132655035,0.2125740306322149
3.940303867500406,0.8053636103151462,-0.04865235157045115,-0.525755021680761,-0.6057149230033384,1.0269862633197322
2.8296501167441956,0.6889156016429732,0.03279699541158651,-0.759132661553698,0.742095372009307,1.105900424357309
2.2247352139659498,-0.3191053824760126,-0.7584953347000695,0.15039378647620763,0.2992925804064919,-0.5639474880582432
5.469591622368778,-0.02200555377496216,-0.23040071420576733,0.34175597577715944,1.301741289398798,-0.8162172445419648
2.291196494237177,0.16183415404951706,-0.9242331442683044,1.8761708392158862,1.5615111967268527,0.07814306296964744
5.6264371846927315,1.8115793570780085,0.8901984111247868,0.9504238381860503,0.032004149065766624,0.861636124497944
2.9243692060353226,1.1388698609566965,1.0352493347237526,-0.5769036556624031,-0.7534178703461835,0.13906039865341766
-0.2321010543582892,-1.2793753759720912,-1.8461878622380938,-0.898414671348358,0.4599721429391164,-1.5769964821909972
3.7466087870619385,-0.018533217067871366,-0.92951086019241,0.4919191715065057,-0.6777153697521061,-0.8028244439508423
1.3869142147561446,-0.23619580734286885,-1.496529255090079,-1.3202332070206422,2.013387247526623,-0.07397286359437803
4.6100937005531,0.3955352627454856,-0.6500239344068982,1.8314587658543537,0.13653533108273744,-0.07566560432583026
4.437572806695615,2.1384767240860536,-0.08343796979036086,1.179440120721287,-0.3653215513121087,1.9725421767898081
-0.8160166291546904,-1.8163636030040435,-1.44964521969853,-0.4691756521047048,0.1846803058649084,-1.385987942398998
-3.5055581115950183,-1.0155853785841868,-0.921859813125313,-1.713134529090878,-1.3471262895296965,0.5055892418358746
1.4809205437381259,0.3920001471927472,-1.0039573720814983,1.3538723741654133,-0.9716140385106515,1.4891131083282896
4.422968213523122,2.5016887813455404,0.20726732939894396,-0.11453984525261789,1.2004139079444254,2.271449745422796
7.131009619209423,1.0493812987568418,0.06934433703625043,1.2378163119734618,-0.6568942789713957,-0.40439742318396127
-1.6818834509384515,-0.11695093022770764,-0.7217375533372533,-1.594427658794367,-1.0469109826819396,0.4914294527201996
4.944608218808306,1.3509192606653984,0.17682087213939798,-0.5993750229537729,0.5366527525272862,0.5697603571986468
2.774441796732466,0.0797389663580918,-0.5466800845872654,0.005243699718183166,1.185704154662997,0.19548173155329082
4.66614373651425,0.6251998355841623,-0.2716551103260533,0.046980593764742055,0.7189533106650667,-0.09884520123930605
6.130749464402233,1.6901925886489826,1.673452090298537,-0.45006547147924364,0.9960476858058164,0.4359753895000459
8.763514090482596,0.4702813813613733,1.340461051790348,0.6228499323474987,-0.7567950885694608,-2.5322460852196853
-3.82246871790746,-0.5749827508259369,-1.2995812369275976,-1.0676204293825944,-1.4218106667418438,0.6820694900626313
7.071321908141922,1.1094151948805735,0.8297324178791745,-0.1423794850212935,1.5013336519554867,0.12617790366196718
5.969727645369956,1.1013795342416282,0.8113965544915921,0.12029563171189886,-0.32267983884213575,-0.22247489677826537
3.993728096405852,1.3996880209054918,-1.1482632887526183,0.514438834058749,-0.25083301645504735,2.046862195719558
6.253323568860447,0.7823747183556207,0.8187776437548606,0.7116148780888896,1.328194141849058,-0.6749340187905523
5.080644900878514,0.9337780567993487,1.5379319184125528,-1.124642091837869,0.5562300094006599,-0.4030759890650308
-3.5608152622851224,-0.053576350144584506,-1.1225448062444139,-1.5341141707356223,0.45588777208160763,1.991553302204734
2.8159259120225055,-0.8809092818099014,-0.9175028210142636,1.277676821898509,2.165002344901084,-0.8320613048498566
5.395410773658163,0.8864063825256753,1.0176614668435024,0.33231401197959165,-0.643518230380143,-0.5501152829365389
5.747803294205935,0.8494293113400482,0.271495310825648,-0.7484865365565536,0.9278401280812372,-0.14702542343084998
7.048936015162662,1.848005102883235,0.5514762752395233,1.551151975522523,0.05701312489708459,0.8407344821295493
-0.5435695003996759,-0.08491701362772974,0.3405892164004968,0.11567463429285867,0.26859227886325737,0.2078025073533134
6.993199620681315,0.5643490860256093,0.39069592092814415,1.1792971840638264,1.5284684264125317,-1.2926253471522626
-3.1366005276403595,-1.522789300328606,-1.326472128311083,0.06751848141010895,0.5078357562896237,-0.5321685631271895
12.014068481411591,2.2145012003359494,1.0473177066214483,2.060747924881987,0.538296079049633,-0.6073544332122114
6.738829086479173,1.3378281021324647,1.1695899924277735,1.7553408424432044,1.0725073373098022,-0.07722104522304557
5.465168355505783,1.0598972120331076,-0.22939074406802776,-0.2489641484790735,-0.3649527295428853,0.4258436586298291
5.6856756419833365,1.280450420712524,-0.04347694981386243,0.9715709509543554,-0.8392096673390064,0.4182057558879721
-0.5729154788406609,-1.7416924587032137,-1.5311075025557226,0.6453759495851475,-1.0448091940210336,-1.7760117540484022
3.2939995916124447,0.7811639260214039,0.514254756017835,1.3686315575323487,-1.9663565893760018,1.063940987560856
6.885362795157693,1.2550272351997176,0.5720574417141441,-0.9649234605801045,2.056207129940322,0.2525688459966235
1.6825882456127126,0.7192069802010123,-0.062191016999311004,0.6860514599984393,-1.1032083657216831,1.3845320475939062
6.612940449590148,1.698743054787053,1.1243533598705027,1.0584244868495878,-0.221253623585772,0.4441983272906719
-2.8278847928795114,0.03249838359133797,-0.3340772309799405,-1.7587394864231143,-0.27681329988892067,1.1013229577357622
-0.5403407711732223,-0.12333132872737751,0.5646059258936003,-1.183258512665775,0.3074066978091007,0.46654531145012695
-5.44350709700251,-0.9821486587224533,-1.0196643386921156,-2.0392321777601006,0.8157372125392965,1.3462257562027482
4.442107870182358,0.9520798420877116,-0.02355215087423812,-0.26940683444455765,0.8604734883597454,0.5222506360177785
2.608356970921783,0.16778522305459143,-0.17435425790283585,0.7175422557959621,-0.5830774385689385,-0.09791524644290406
5.368213205491787,1.907633819421647,0.2253079220409414,1.502357052096028,-0.1671217137864115,2.2724347204468818
3.6872568182857304,1.1568692861870835,-0.3695269288333583,0.07409478041977519,0.28257995048829965,0.8890371222798921
7.47292545770012,1.7361856817635397,-0.1314725956716678,1.6286155455712918,-0.24869112618354708,0.5737444210044131
5.9122046413034335,0.11212146822553232,0.8260471714415063,-1.3801014582148914,1.6073455760199926,-1.276304416538336
0.8604028431738742,-0.9805961612637619,-0.43676423723821745,-1.7033824393551547,0.49097495163825133,-1.2883076174635377
1.8718671710465755,0.09492578674041258,-1.6065771007386793,-0.05554769889661878,0.7348777860498175,0.2927154821418534
5.454328262357748,1.1568473668887513,1.7495839042054206,0.3840654489393073,0.6628812686674127,0.1455211977682408
7.48151427142042,1.3306449575790098,1.3814540786904865,-0.03269474809409311,1.173473857485325,-0.6141225650083162
-1.7778969369314708,-0.48710634571537337,-1.2922626951056186,-2.0674421000398766,0.18102155870370695,0.14098269961205998
3.8275095668779016,1.7483566938278192,0.6897078052451944,-0.08912003951278841,-1.2968319479558466,1.5886269280435956
-1.6428762682659377,-0.7238037406967897,-0.5029747705513431,-1.3044695005048532,0.3996879517526416,0.6954024745502987
3.420725051516906,-0.2277289189981792,0.26348721533105957,0.6696725488300385,-0.651356893791829,-1.1410085097527383
1.5136274191752908,0.1800200923237244,0.2942241290134937,0.36659824609684827,-0.5286166817497568,-0.1115088271429437
4.5601705923587925,-0.15318741955232854,-0.234407800316322,-0.9398797863273552,0.5863640187550933,-0.8049664808525608
3.8441034504846257,0.18543478472532057,-0.7837656655863965,-0.5138669173366935,1.2382830714336357,-0.38769991640856116
2.0171941049832682,0.32752381934526575,-0.6905410523162594,-1.0592135218889516,0.02127157673606165,-0.41361566562964275
0.9511624186948597,-0.4747339691273187,-0.9161919154812425,-0.06267909727317188,0.3088330125989638,-0.4776455826040052
4.816550822952,-0.23182513083754333,-0.8318222082304447,0.9551423205012383,1.702214944635238,-1.2551353719733949
6.01697942898712,0.724478082448703,-0.06717829004935526,-0.9857260463355437,0.24075317948856825,-0.12765468151819004
5.181059973947324,0.624394434648694,-0.7157599891107518,0.5040465155178444,2.601683114180395,-0.5606076368473096
8.803471766800687,0.018716252320749027,0.6820520657126199,-0.5302576183724408,0.5655096456315442,-2.929448690002268
5.015436401696364,1.9434383823407206,1.4872461553359273,-0.7928728322623442,-1.7607627591558177,2.052972024501663
0.21429929349748977,0.24795485399161488,-0.580053241370043,-0.10703035995455783,0.7533416211045325,1.088769654216672
0.5321269386726286,-0.4502009492901393,0.23940450053537707,-1.035242322419374,0.38115838488277776,-0.37630072492499606
1.4305705371652089,0.1153265235289308,0.499685110302934,-0.553649305347182,1.2897527540827458,0.018819049740598424
4.749139747233307,0.2942329633309721,0.4720022709192745,-1.1978778925888485,0.6731813512699585,-1.1716543473175618
8.22674569259943,2.5479402489184295,0.0759552679160874,1.9647251329163893,-0.13845598398377382,1.6957228778108653
7.3041330992273465,2.5698006390620307,0.7426824183597222,0.03526355197172861,-1.2242982362893657,1.8972886947731116
5.879581420272913,1.0278816189846829,0.4822489526806572,-0.6997255079925854,-0.2090232572860252,0.1566937282465246
1.688128052059473,0.7694302882887392,-1.2376624223272978,0.21397991073422196,-0.8505204542092998,1.0235306441853447
1.6814241319318755,0.6519426356177046,0.8691560643892732,-0.11232804969082963,-0.5805234498047227,0.17528677893392386
4.100926197230275,-0.18051714117102813,0.8872908372667421,-0.2209695995332226,0.5885784044206096,-1.3367254388759306
6.642952065701534,0.7946529521866796,-0.7632861041785816,0.6141667000434252,1.6699045043514062,-0.4118233689636573
6.254959704922412,1.1029949230440756,0.03793783544760203,0.7575077100473051,0.3946715298229811,0.13192796677195706
3.0680331768932314,0.3244521869389493,0.6833289928110694,-0.5305011476105275,-1.1958830620351844,-0.4545477187434442
3.7041622797897227,0.3791321476935714,-0.20931381957936157,-0.57581824064468,0.4446026682201407,-0.218653277435036
8.690713603587996,1.395031018362469,1.0729780477660118,-0.275051697151644,1.196631486645651,-0.09139955750911515
6.886735168783272,1.6599822975887268,2.3638724946193608,-2.301921164735585,-0.6097829043193822,-0.08087849786546193
1.5327656155337481,0.23638938673478066,-0.7859860326349823,-1.515191062198552,-0.1340171666729177,0.05225849049748321
3.808857695579059,-0.1461983076781196,-1.3810446031537749,1.3668742674445244,0.014688194729197093,-1.060605066396601
7.534940594623844,1.0771187986022608,0.30381859560487573,1.6449677135012837,-0.78489831308224,-0.7170161491279362
8.28748669923754,0.5881906712374247,0.7215625051261435,-0.24903603955637832,0.648280433843859,-1.2845842656999693
2.7573989475201652,0.7731978711909983,-0.230866373844769,0.5765569630557664,-0.12094814860778157,0.9778155496862003
9.36504437511601,0.8456315864070743,1.4532606633210345,0.3112501545435361,0.41953244390702776,-2.1056469418403245
1.6783800081668414,0.34932208036549917,-1.3386057997232488,3.0788808084552377,-0.8874921778021001,1.153590343316926
8.861582314638131,2.370394089503389,0.6929186230316111,1.1195749114345768,-0.43745830032341043,1.3863493972628438
3.0286708854152518,-0.49365004529316203,-0.6058608207588934,-0.12791759148076653,0.7223813578277714,-0.3021805869826214
6.9897819060585435,-0.022656477514531898,1.7193779062072967,-0.9555404406004258,-0.372833152091767,-2.6031370878272986
5.652588497292102,0.9158855188101932,1.9925153531681183,-1.6064463202575725,1.7269638512334051,-0.3613105619672905
3.108194895166827,0.28105344361570844,-0.7666565877833479,0.2034636358672231,-0.39963618561460235,-0.06418416128881928
-0.4624484432953353,-0.5229731401903015,-0.5495571359085801,-0.7563507452843033,0.22468472575188592,-1.0105982199289136
2.329920260360114,-0.2965841480421869,0.8595878869798019,-1.4222537095976742,0.9325908318730899,-0.5152183938082429
0.9695517178843898,0.7732666262036323,-0.3871306497895146,-0.6465728842425267,-1.4183657329330317,1.5301951988633513
-0.5158871711857532,-0.15946147714665676,-0.04541121793223822,-1.0815480036143952,-1.7608088119807759,0.664927162301741
5.89711508424849,0.6940278147399831,0.02538842054241018,1.6871416350725648,-1.5256563145700948,-0.9245641143780997
2.5710151621849575,-0.8945384232548814,-1.9196731561976563,0.8816397569494505,1.262584103427182,-1.597599169595432
3.4873367512573514,0.41341251958100156,-0.013837746094237255,-0.007972641316617375,-0.5518581458924467,-0.3270173176097708
6.563601377418697,0.47006812266061226,-0.6897277740641741,1.4799441388900263,2.5581992856682523,-0.21345677935043805
0.7642702531999637,0.0777832135389172,-0.493122822399772,0.0773683076476183,-0.5642475986573886,0.4961991873633163
6.894497334221256,0.6188538879184685,1.4436320034688142,-0.8612842013282637,0.18455130319703697,-0.535316712567659
6.806805243122821,1.2206862428147123,-1.2565068942792563,1.5231240772696573,1.5421099525678756,0.5114995753618613
9.150883425578844,3.340816162983908,0.8132051867479773,0.5389100436846587,2.006092888159123,1.935154040060229
1.8604457340607565,0.4444930047875869,-0.2789629303318085,-1.0372461543264564,2.061503576636398,0.8155010224442626
5.2573241502538695,1.036690563629416,-0.2797601684958344,-0.1903386780836082,1.2083662305931424,-0.048088507330772585
-0.9021514537840063,-0.2758712155326407,0.7903718960517113,-0.8756182533847574,1.0240625258114624,-0.18315047105329468
2.5182621496273754,-0.3745360462351881,0.34005129456889044,-1.3827997309643363,0.5925269492011831,-0.35667313417987123
5.742367695295415,1.3754122460128329,0.570612997219531,0.9261775475316414,0.7783610761666377,1.1806409124521444
6.404232499404681,0.5342238842883795,0.9681846605328611,1.9094166404701305,-0.5511857163285334,-0.6273134459513027
-2.4421521996650517,-1.0445517514703297,-0.33130838318332273,-1.3985675738191412,-0.8181988834223072,0.04522270899998256
2.660700982045541,0.5452169805199272,-0.6122367345077503,0.5629692366905709,-0.0033744574109520514,0.05119790188108534
-0.3070023002792214,-0.7165429459147534,-1.085150526557798,-0.6506425691218272,-0.17018462252492844,-0.5017841928115321
2.771964950145919,-0.7120514075221535,-0.8254105299789551,-0.4871253837646962,-0.4532280493272752,-1.372465547884101
9.376901479387438,2.678757673768333,2.9490944253087252,-0.5923939242388692,0.6963874474567154,0.32297450361766855
3.7406437209637535,1.2560844782960687,1.2446795807367868,-0.863990769679816,0.9553052085705108,-0.06100397185538362
1.94364455484436,0.3276165560346371,-1.3510743662080213,0.04852162794482699,0.08840688629184734,0.5002404694365699
1.166718444484127,-0.5223709299642478,-1.3224579567435701,-0.8309501164110378,1.4775300810552616,-0.5336003064391669
1.7068910936135668,0.6491954959576273,0.48186606171849145,0.2704568257798388,-1.141689114133505,1.2208212988130478
7.319975478397843,0.8541304575930118,0.5472647973779668,-0.05023810944913695,-0.19365945927971812,-0.8767737812118448
2.862510475554515,1.1647678219219701,0.5488838353173644,-0.23894804686640975,-0.7168223206028049,1.7120402840178925
-0.8516297693581143,-1.6350671865835797,-0.25495579355369785,-0.9075636620415979,-1.86653661707306,-1.7476365098282616
3.264846586281445,0.36609508723552475,-0.12545426000290022,-0.5767713305683327,-0.08268068584269925,0.43477006455689116
2.1755579357403807,0.6737478716985525,0.3278795241593574,0.755391225825756,-0.12174750838328353,0.47543068252662346
6.15549895392683,0.3962893236207149,0.08589300629333041,0.5009171876243808,1.513449743242131,-0.7955570679408823
-0.47143849811192184,-0.5700745230099407,-2.219300372747535,-0.977555244798551,0.6308116845547775,0.4243939378610126
1.3829923895362985,1.0056087455324574,-0.22979963057519381,0.09933230542922587,-1.024186824329205,1.2795186697601588
2.5969114736818963,-0.9549055344824546,-0.8514064342603136,0.751387123371789,1.8540925663341883,-2.2168188393540644
0.9858197595623676,0.35252749500663116,0.17521141890851205,-1.6694052811213718,1.221033695525353,0.5027448074908146
12.93212808488657,1.8014089121377643,2.98525900260341,0.543360192379935,0.5820977034686158,-2.4932708203300775
5.087218880064435,0.23442307562674275,0.3674816654743044,-0.6626237589458467,-0.22648409884983187,-0.965664803523208
5.476092061619326,2.1495602373780045,-0.3135296861723979,0.5705986685931593,-0.9594392367234795,1.6291663649009451
5.337887967284784,1.0303988391445775,0.9218015019772522,-0.7632591565425169,-0.3722067760710529,-0.581782033392054
4.6700708494645955,0.44145062039830807,0.4826878872092127,-1.804882100664519,1.0887486197041858,-1.1738799644089726
2.7168816503705693,-0.16059380543620105,0.4200944904518413,-1.6275424378831627,1.8845863059346086,-0.19793772898468187
7.225229834730383,2.5909308786164287,0.606850593215671,0.048084946661381994,1.5432435282721888,2.067906338163552
7.965792717216285,0.7305476093088556,2.056543564829542,0.25972250172148187,-0.4888494217862741,-1.8316822472060261
-1.76222553295425,-1.4522796242669531,-1.1308884353259159,-0.9043166251044086,-1.1196174332890112,-1.0513099116393445
6.907732125133155,1.8271851034221738,0.47363207681145447,0.6385924587773739,0.14088624691120394,1.4974316831796264
-2.0747872422112064,0.5120119918920574,-0.9263811299815384,-1.6615200622689599,-1.7684393655628516,1.8577023435377324
7.23099950990799,1.0657071214782292,0.5555126463422483,-0.06607979864731657,0.32316771418478146,-0.10343122429028392
-1.0379268475799064,-1.4844268057847563,-0.9186865114860944,-1.2110161997624564,-0.14760258629866868,-1.2390527025266425
1.9302201149318854,1.3883203230956445,-0.4173668136050844,-0.6518361078021592,-0.46603650186824225,2.095843501809159
2.576039707733126,0.5025542625201959,-0.2950899142379063,0.047398671316414016,-1.5947030672667954,1.5944423917491968
3.9560157711127397,1.3583847623119483,0.975816719344709,-0.8604133652839524,0.5136001065697166,0.678946987762233
3.7840191545210837,0.252920538077993,0.9184544439424138,-0.38455554422982535,-0.5327008396619114,-0.81240234893742
0.03092565181437501,-0.28855939900345956,-1.2457173764463845,1.0062928092144405,-1.169916835710288,-0.04902934083803654
2.4215661731762737,0.08728322786447745,0.054934110999848726,-0.5768918695231487,-2.8722622132816493,-0.16036008104483013
3.3651796909890965,-0.021022870745264988,-0.7095798547491726,0.8356921120651418,-0.027514905050636255,0.3308513046155777
5.809008511460016,1.4837036709491038,-1.2585049106753345,-1.129706854657618,1.772251596669744,1.4510014381313359
3.5775458541146135,0.3944886929594774,-0.21701705042437042,0.5298041779152828,1.66125921454787,0.8794170411374032
3.9409513956259086,-0.17539056254406737,-0.3084827884558197,1.4415686206579004,-0.45709625658627184,-1.0773760769847582
4.0279660315296075,1.9189139699504993,2.4267164863455224,-2.4716445001272893,-0.6022120603617805,1.3764964500195378
3.0512299492218515,1.0545261265072978,0.43295982536069616,-0.7968952554704768,0.46877425607502377,0.3131321400131553
2.5403696916252096,-0.0322785624773488,-1.3776175007542373,0.57707212718054,-0.9983854391882915,0.6870657958589163
2.522373382472302,0.8764509198703789,-0.5647740041709423,-0.2030453860429927,0.30179189981946597,1.466540859278603
7.588649514908577,1.0064470469444147,1.0213832954293984,0.37114587337130883,0.7660802783846903,-1.1115802495135512
9.081573481997808,1.6420403689446004,2.088442772869925,-0.6039851867158206,1.2269332238843076,-0.035825578706462934
2.1613251604750188,0.01693915313570915,-1.5859833122379583,0.08658978747289992,-0.10015407647995278,-0.531454551359215
1.8395918111704388,-1.04204921960059,-1.879924385139045,-0.15567723539207948,-0.20367375017696587,-1.5678594253654559
9.558701695015248,2.3696650671675408,1.8709651753717822,1.1677820616598074,-0.877982586756561,0.3467099776049199
2.315632363692759,1.4096263191645193,0.38961417737090387,0.2544208433012131,-0.82688035403986,2.5115565515844236
2.614275770732491,-0.9073578487017651,-0.8682927318763665,0.3376026620752022,-0.22647889190152676,-1.8400777445057528
2.5480903774174153,0.5936216015924208,0.5346290861224353,-0.4118769661224674,0.3673655068161781,-0.032280611049470324
-3.1931484717656193,-1.1748278509122334,-2.6357477390168778,-0.48760622407249354,0.9135846262332494,0.6405429350747734
3.8953359907462586,0.4531757401453722,0.003375506597160999,-0.4325581878196209,-0.8031789506803448,0.12307820165618115
5.515222083149088,0.7816227316066044,0.3278211728430852,0.39445214237829684,1.4926885689595217,-0.1131280525157404
6.90680272366191,0.5336503496795548,0.9242701395378297,-0.42098448082026296,-0.2711236010425688,-1.2992163634458243
-0.8230582106584206,-0.42410306410751925,-1.0138959522925377,0.28977485689641286,-0.021367294348436157,0.23278674294016363
9.444534587835465,1.5040147752909625,0.08568716140335904,2.0754007986454384,-0.7472116791478234,-0.7567639770159263
-0.7039504137608317,-1.803384105924949,-0.9254246260595873,0.8711247034316923,-2.4242402602729416,-2.1899217049785533
5.364524070455195,1.4340718767700447,0.2553837556743171,-0.32602353216784113,0.8840453963610497,1.1945922205137307
5.599736970193239,1.3635546542121713,-0.8953463223630241,1.2012139221639448,0.7368438970924334,0.9583858198420424
1.7002386974141839,-0.1748763367175525,-0.4081008391602206,-0.4080753730215514,-0.2813275571182134,0.0516609768510798
1.1694415548105286,-0.13484048026738799,-0.9958153947902291,-2.038124535177854,0.06699071722487192,0.22907468820570262
2.249100728237444,0.6009881779808923,0.651136241823657,-1.008086310917404,0.5159392177040995,1.0743180127155618
3.711631239768526,0.962383577956122,0.8584511166566653,-1.8707919210258557,-1.5625458568865427,0.2243396567780826
0.951427119975943,0.6117388986065847,-0.2346205699574138,-0.35151348404130867,-0.5290526773462948,0.9040175547613144
3.6591319981535766,0.2396096823366824,0.03823799496002834,0.0184183791895517,0.7942646796218271,-0.29748220087385013
0.7354300990132516,0.4182912716345354,-1.4485914146335441,1.6764373122752827,-1.2542894231692494,1.3119837385739466
4.849473712066657,1.0478298403813397,-0.29967664800678706,0.32692737376416264,0.2935579321666293,0.3207857259326839
0.5109624554640336,-0.061366871573834386,-0.05020461704174478,-0.21910052880886424,-1.356581804623405,0.19405194360587402
8.740235686998949,1.3524582745717328,2.620793091029975,0.8294055811834892,0.46642998243352635,-1.270061088712032
-4.324344861202065,-0.7827001357518919,-1.1119670257741636,-2.211135309007885,-0.03564148229748357,0.2869558543017087
2.9451187445209626,0.09242228759567173,1.4641772387524374,0.23561455810856594,-1.6151318159055095,-0.8319549174944512
11.501424398902072,2.1335161083743537,0.996858773465808,0.7708651938869668,1.1647393544571714,-0.6382827265284942
-0.7927432148756752,-0.6186101842547054,0.2806364044901364,-1.4785862457798415,-0.734591576798049,-0.8153756283161213
9.89343493545198,1.5837665335329691,1.7586204841951334,1.143754043206929,-0.8102524370143808,-1.0662349318992252
6.804292583848435,2.0246046791388603,0.3721054726068629,0.3384964074944141,0.20056919723094285,2.1247714030169615
3.9318809767035736,1.0042559349561189,0.3891591956679287,-0.4152879139008013,1.1486373494287152,1.3313390619884031
4.647138711222771,1.4130666137517958,-0.053120653017545344,0.6327818661062848,-1.015821818978397,1.9203675021442612
11.749253693650722,1.6837676589913093,1.2235688824186275,2.270692857804396,0.06167984984797165,-1.222895019555564
7.40935906624652,1.2177715396062687,1.0964692338108837,0.18186625505849516,0.42881650033057295,0.07125374991089249
5.221082683010418,0.2999971309183926,-0.6256772874962124,0.24822058630033608,0.6931056072631441,-1.2935076252040958
1.869977591510414,-0.20477307388151322,-1.3192471945987674,-0.4593608995402441,0.1764415552772252,-0.695694877197064
0.7478107267197904,0.054306287275294185,-0.20298063739565708,-0.8498443694647918,-0.3670278390833223,-0.9181269834165748
2.6164402141764285,0.5095239505671771,-0.8000385643976464,0.8303358165442456,-0.8275902206487197,1.2395840064415615
2.171074317136737,-0.5144766873819145,-0.0635245746153551,-0.8560838259088672,0.08614388304637476,-0.39622967810175985
3.3065655168735013,1.252152051051108,1.2374381346841392,0.07156623721939247,-1.072139011985607,1.0683793336940164
-0.8941924583902313,-0.09262137555117546,-0.45730165508679,-0.4776574467651167,-2.9213504834946074,0.604120889588518
4.296931530549479,2.1308810802133102,-0.04282338131157488,0.47897982574639203,0.4365598041576678,2.303638752104789
2.322039427110279,-1.010969027957893,0.058022734808395225,0.33366210528694845,0.9039348410861953,-1.479444223139724
5.396989267315764,1.4563254269355914,0.8484308822052846,1.0375399442578994,-2.3629324355418384,1.259233239786799
-4.3236969719733915,-0.5058818264475264,-2.246889333984605,-0.5100163988547471,-1.0097307047099375,1.1464408704007276
2.921085652245487,-0.43447934652213677,-0.6067002947652964,-0.26987493529337125,0.6191542610051978,-0.9733788380270346
6.299422269338863,1.889618108474261,0.2112836922794726,-0.9787637157823074,2.0574954697116987,1.0071333364731596
6.17010239110285,1.4458790768783778,1.2000789564268612,-0.44429326007611136,0.020793707675407887,0.3361449630262288
5.35905824322278,0.7236439641777744,-0.49190244750620515,0.37730049304485197,-0.7280029412291342,-0.22747625995340778
0.6443109458991446,-0.9178312763927654,-1.876552706041874,0.7569886166453519,-0.18289644110484016,-0.8239354869719998
6.59295513566651,0.9669423457655777,0.6197114459661363,-0.9221653241776254,1.3748764191481848,-0.7191094514491861
5.128727906657676,2.1056179998446485,-0.6353623888256293,0.8696059201056602,-0.6459641791245353,2.049812095785926
5.845589635567727,0.7130344281540969,-1.1896666590903613,1.355637858804951,-0.7991920066502536,0.000682818957482628
0.9518106563773363,0.01035564454839688,-0.6243453897132241,0.41343490322370086,-0.4827435221820324,0.7821300015314592
5.2860488258143725,0.24306058507031758,-0.18452535765584954,1.876795812558066,-0.9533286082587124,-0.7908993816675531
-0.18469225647833176,-0.6208634277999938,-0.6047446645382127,-0.773789199103573,0.12267031599479553,-0.7798529462216388
-0.8213503878960047,-0.04206936025383795,-2.205566057099069,-1.244654703311417,1.6246784584695606,1.0819848092499422
5.556714253827528,0.21968684587795922,0.8970661968871322,-1.7787202489042786,0.3230792731160291,-1.3495762115515322
6.997091998353142,1.0107168959976525,1.2748750412787222,1.496044311489183,-0.2523535021262876,-0.41521376790527154
6.479446104180594,1.0667631605946064,0.6515219913395057,0.6543656563540577,-0.2918112689155441,0.03402741107223205
-1.889577251614506,-1.4434486170169036,-1.1376856704248166,-0.05558467091045507,-1.563190808696657,0.11137260184005242
8.162802619523287,1.275173314028684,-0.20149153394751798,0.2799686263198203,0.883109777147159,-0.1790932850161564
1.0051868806977056,0.08472625378445586,-0.006521315229458062,-1.1254890472983765,-0.07783719701280203,0.3958197810959234
7.836003834808303,1.919290204943985,0.5987943895619102,2.4457519796168263,-0.18047991359062565,0.6928557558178116
5.078834068716039,1.777519267353662,0.6683404887180808,0.1292211819752275,3.193107567844861,0.73463754545933
4.791807506455634,0.24686009993587177,-0.7341737987784958,0.10939479460489293,0.29875290836568624,-0.9858038086678267
-0.8553396717293349,-0.9459015697926523,0.08199555641356042,0.7257666238986923,-0.7517910500951843,-0.2841550979287972
4.947026902632521,1.4133301447322595,0.4572804046152411,0.4810092317367132,-0.4263575962055433,1.1947628618769377
7.475183770417712,2.0356455110063023,1.4558223221467665,0.22388402427913137,1.1484457091967548,0.8946471875738723
3.314679196066871,-0.21912238096407471,0.704506539824723,-0.7904744554453119,0.11327041053776446,-1.372859451481064
5.649887318830892,1.850291013149043,0.7890566873755188,0.4714683571359957,-1.4382779783173667,0.35147990035220167
5.769153270928842,-0.13570477405871062,0.08382662792936095,1.8820244964750337,0.9192289345752035,-1.9782252493748103
9.686255352963826,1.9974290406047421,1.410459145203504,1.3454200461549777,-0.668144085538994,0.04693490206036963
10.572080751078808,2.717287867617867,0.4097627959594974,1.5931866266393973,1.8732977762175456,1.897767016745977
4.619159621907045,0.2200271899461681,-0.8610879101735704,-0.5112156764311853,1.0800480657146485,-0.9478927172689863
3.9722943934946704,0.17685269232874218,1.4033699701251907,-0.9896048202585809,-0.4473218956587511,-0.8343230454915821
5.640462894078751,1.1387815356143143,0.6979032725390276,-0.12578692009964815,1.2810163617351127,0.7640297815728595
4.4937819631979545,0.04995723967144561,-0.4430440211284823,0.055724912288694604,0.06785551052740331,-1.542801515209646
6.5453557425703845,0.616989408696703,-0.47949296739924335,1.0941915184709485,0.8527736751222197,-0.6327550298850391
-1.362737580433961,-0.21302711382141215,0.2965755451407616,-1.6924646297148194,0.48473281729447476,0.5964411375817527
6.256607958467403,0.4714455150188717,0.46318479526758444,1.5295503194606137,-0.8463566549908735,-0.6342858476894031
4.10752453219724,0.5135235113474552,0.19729226563120666,-0.15800789857898942,-0.6435498323174619,-0.23596998721097162
6.204787593236154,1.5494618390596915,0.31130867344288515,-0.42688106994742003,1.0299608175811612,0.7441857103150346
3.1418138661657116,0.9865466134267454,1.6999573745763805,-1.0121043752601677,-0.33477533210654087,0.42154608353656126
-1.4407110902260212,-0.7794104626726662,1.0715431522348857,-1.6548566718657698,-0.4036484632419967,0.2668183962954019
7.482232481709074,0.758545755485915,0.19063559126502438,0.8231705839619146,-0.955122579349353,-0.33912227927003896
2.903910567823447,0.7275455527828434,0.9413105807674834,0.07331796718840389,0.42359906559346105,0.3700611152689556
-2.030596102714739,-1.1438828892307442,-1.0325239035275395,-1.2899608997410539,2.062524919243145,-0.1237326800997567
-3.2718479819540587,-1.0584926830299681,0.39792704994680894,-1.295078772063616,-1.0675329142542729,0.45780560992578506
9.132788339798022,1.6120305819325984,1.80930634973311,-0.3357846992901282,0.02421945667275807,-0.49693202511797824
6.927370593493175,1.1297081873550396,-0.21804589539237385,1.669021525289393,1.4122205554154292,-0.18256897437954112
-1.3776851332960676,-0.6932404488894264,-0.8476339286190848,-0.2595913513636048,-0.0796413912457152,-0.9899577925520139
4.31242754337047,0.4383282944088027,-0.6520888885930607,-1.5031429531181062,0.4523717962497342,-0.0350076100062359
2.21372633764192,-0.5050268768166305,-1.0896330373423884,-0.24574306408594407,-1.0623935281468797,-0.8110008636288447
3.502623308370059,0.29980923808312243,-0.7847619081277034,-0.2727235697476702,0.4283070972076486,-1.114046450161993
-4.388697020319678,-1.128426705221402,-0.370508098590029,-2.6968866429415717,-0.18714426500454878,0.25866114785538813
3.256427937767376,-0.04527675599113497,-1.405567019178642,-0.05429486651781221,0.985729995679863,0.21273977585766032
3.0131454730253804,0.2603356649413957,0.015618333949603047,-0.23093453020867796,1.187386051564751,0.7828737349485725
9.78172118875766,1.4198414479287205,0.9022771737866472,0.6962063648134184,2.5895636420186134,-0.43112556957509907
4.5816600149057845,0.7238333751761442,-0.9077561801469204,1.8489560949453452,0.5796331732135757,0.40805284683675586
9.758138844115539,2.3730190526613533,1.5192839236417688,1.1265650295477574,0.32579631658216646,0.5507975722736633
4.3221612251241215,0.9996385089817695,0.5107920885275947,-0.2688886905548305,0.19438430157733602,0.44477380783159476
6.151891038518489,0.5940224362162013,1.0305805856240573,-1.1065259087416701,-0.35316629281068834,-0.8256536828021421
6.948859352018247,1.3845624761380984,-0.6578345538521371,2.5733598032498604,0.33848384346169114,0.1493634822711889
7.978256280723758,2.2138443665940795,0.8545252270666157,0.05921843401448826,-0.29540141013902943,0.36414029605466136
2.200097166177753,-0.24950977359056606,-1.091933900395313,0.013929291912946203,0.1684609762696143,0.007178466907941942
5.687164282044211,-0.24112464804496586,0.8902475008365087,-0.024125087110003277,1.3175975356079597,-2.0864776583710847
5.115428321803587,0.6610703518996209,0.1718393397935313,0.19808476076785533,-1.0065425652796411,0.16048962397348007
3.0237305807024946,1.7106788023686503,0.553251219984784,-0.14436041192394275,1.1398785611290454,2.2125310393972426
4.382509485672907,0.47044028998126486,-1.1755946056248516,-0.5736620068802363,1.3171150673398653,-0.3600392687569827
-0.2117201870941906,-0.7124594646910409,-0.8950698422766047,-0.5468589412403921,-0.11806852699107874,-0.7280770978553212
1.6887311927960822,0.3160815016391488,0.5972282182533848,-0.03275327021599839,-2.1218548990085946,0.3733485597113982
-1.9735926384326876,-0.41410242655132545,-0.9483480042242007,-0.543424771133765,-0.6078219870944325,0.3123782104665717
5.212223145669383,1.7697811183705918,0.46320629209912306,-0.7128457826771644,1.2969945465611092,1.1927351654164147
-0.20316363977918894,-0.9733920414693366,-1.3671378064602457,0.10643022769189683,-0.022868062298882122,-1.257868155908888
3.404602435404743,0.7604441478837338,0.8481742126666681,-0.2549772174208552,-0.9993022322949108,0.7313802525749924
6.456680252046768,1.2632663792009249,-1.232523314768509,1.5039929885826884,-0.5047749212282174,0.5904220612514635
-1.5657583274493323,-0.30599116216401734,0.5522999376795235,-2.650969808393012,0.840620026504553,-0.14214653694054596
8.451111217023744,1.4867914067090366,0.6256309336460011,1.0915068519224618,0.5467335682013793,0.3386873179216896
7.308616215141322,1.2627932998304903,-0.6967718184295749,1.246085192497629,-0.23893209916969452,1.0294574815983573
-1.6569889296963298,-0.23731640837055235,0.5820265670847269,-2.0733902324081495,-0.36682441181468783,0.8723153800284503
3.829788784003576,0.1385191993666916,0.26044226333355597,-0.34268759408034877,-0.3917581490438219,-1.1430193120737286
1.9489335027723678,-0.22591731765270856,-0.5388418561927383,-0.37144086599579146,-0.9224101844985025,0.8201581867554845
1.257847513348033,0.19490700061508376,-1.008554684076208,-1.4075116947178212,1.6153756894694418,-0.06468860503251772
-3.334336180906212,-1.3810204582413572,-1.962625691672579,-0.7778166875908753,-0.3223204692113399,0.07287409801551453
5.249541267838091,0.9960389893844506,0.3496500472996937,-1.1105758454658288,1.2171585208254965,0.0731969910016942
8.056689545050236,0.9001537747698118,-1.5648027713620551,1.7522704434236227,1.5213160519224513,-0.1502429887982594
7.796508165530234,2.062237344619724,0.0953441994413082,0.9356783931474612,0.9983108981479604,1.191707497107065
4.658498586880754,0.7261418448213787,-0.2634482160822491,1.2715550949941588,-0.4316203127180484,-0.08371795984921201
5.533648982413781,0.5157269113780115,0.6791427754381955,0.7216720640432349,0.40373009033660945,-1.1195461283831687
0.15074543009825497,-0.5037157584997596,-0.3020454994898642,-1.129051771217229,-0.024195606390916165,-0.39352985596972884
2.823567306177594,0.7956885357025191,-0.32944778634709126,-0.5245202662797737,-0.9037018607301281,0.1786947168104756
4.722910048525992,1.4010290152646112,0.7318707042882954,0.48937456122791806,0.324359281721603,1.2292147842970504
-1.1629977086794407,-0.12509833834133732,0.3350580290841175,-1.2221278088919454,-1.1790397911598025,0.6030946849488336
6.484237395810033,1.0422226900529337,0.3161559571827783,0.7129984301723881,1.1876793884615637,-0.8505352787470439
2.989965992102378,1.4516806799280242,0.46926758980852623,-0.24032539815813486,-0.4646172972983931,2.4851899166788916
-1.909062258815157,-0.8054902357945064,-1.5355721232071058,-0.37482080754959723,0.2011596558728393,0.2647753109779796
2.4682827953967843,1.1247762370773504,0.756788679986982,0.7109599682034917,0.28328787154614216,1.2753907379990148
4.398038644780636,0.6194177627140125,0.6124687940136023,0.4442633114860399,-0.25890497370407733,-0.15171443357722914
1.4920343719074898,0.1446948063794407,-1.0166831285764972,-0.3609661658190799,0.5866938014752747,0.5333592447054494
2.9534483166475574,1.1525316510432846,-0.2440804736742013,1.159329803364248,-0.47490365662252443,0.8394685045184047
4.44478884551146,1.4118927124143232,-0.039307287627631186,-1.0810633275998973,0.8712972974572442,1.218194711754256
2.605886981513426,1.1297097256029338,-0.1344967844017327,0.6159356069442637,-1.3459796802467485,1.057368305378225
6.533374839352454,1.2375074641694466,0.33385996656853467,0.5931012579683838,0.12637957954641182,0.8721970000729778
8.261218474634244,1.368473397692632,1.4313667818311835,-0.3095464393139903,1.9389289990582848,-0.3150867311941086
6.007421083444314,0.994404057281322,1.0817667276728287,0.326133022242118,-1.0003313246055747,-0.5717460419560616
-0.13454733035447775,0.030618637415606664,-1.3122191934314063,-1.2511135763853032,-0.6777449705248515,0.3326075103241977
6.700111020718918,1.7705114059834959,0.6220699903060487,0.924027019206901,0.513907849658915,0.9331280723410693
6.115785929955708,0.9053012632920525,1.3289333195354096,-0.18490213644298903,0.17958178193959795,-0.22272070077660705
1.9924232095135748,0.673811038013158,0.38680852068920263,-0.5227230205190395,0.3506300992735592,1.0651719657143865
4.846498320618522,1.549014580925437,1.090980425185967,1.0490092258368893,0.4891871301476635,1.4526167454861794
8.71470160593218,1.4577324215410217,2.012270445700765,-0.7043436905427592,0.6347214685617699,-0.9163209190734197
5.310454310179549,0.7636820261458646,1.0237095461069814,-1.4084612963635597,1.1096998419562232,-0.8369207037962799
2.917168438107014,0.47806819790139676,0.24930859564172886,-1.5566291735239037,0.40981865692851255,-0.1403750589053363
4.0754033848614295,1.3291793803677103,1.0450884740847535,0.6060099513456396,-0.24125765461854246,0.30761266818919614
6.236985916124858,0.775604743750208,0.14488783309689118,-1.280429352496283,0.6725737012027311,-0.524567013767051
7.383530200015322,1.8543204988207898,0.02390304328495547,1.7547941819843647,1.899881934895215,1.3522026788671444
0.442474000917768,0.3347422210072321,-0.3514142357137326,-2.081929407883722,-0.13263374638257355,0.4240668615184512
10.262087307727363,1.721162874301104,1.5634133588321084,1.6964563682900382,-0.9745293046706415,0.03944704824073949
2.9610953664796154,-0.7120973965021131,-0.8184286659420014,0.2110174672026184,1.1070806692869728,-1.4359095238685273
6.842235184929104,0.9740403594065972,1.532367724678116,-0.09671311187039239,-0.12038116395359824,-1.315815816427507
3.2077996179414954,0.5372342410068232,0.49986412374037126,-0.5449190868089495,-2.172669546014036,0.2810092502818063
4.004205278920753,-0.9101838450933755,-1.3993061748019413,0.39913611435207075,0.8474216771504216,-2.132595626154836
4.0949768851023425,1.1418384578669205,0.3676492929914216,-0.03763470242484838,-0.5353281859539227,1.0126374096440718
0.6942531820727589,-0.503154929338393,-2.100026507651624,1.103301882016522,-0.09053328230416077,-0.1581538443723203
9.045852609728238,3.779191491707001,0.6255080168310357,0.11422764866203965,0.3319803305690149,3.2430929695947324
6.97678220293608,2.842711172434133,0.885231482988991,0.1503017614618776,0.1904996797790666,2.30791625061611
4.522826750747905,0.4599291583544578,-0.5923559556520536,-0.36361221221385587,0.7094518171390395,-0.18144906924751675
1.7567214365096553,0.4702077802599855,0.12354769595558233,-0.056945623721067457,-0.43548637056984335,-0.10633700253131496
9.56051500130214,2.8297423591773496,1.9541574337502863,0.3078017688920592,0.5131057981760827,0.9955815140020298
1.9556960480507835,0.7522907513690504,-0.5057467042619367,-1.7101683926566253,-0.2595466775839172,1.7031726099180378
0.03198056787425807,-1.1767720832780322,-1.0589075870566005,-1.348185422105713,0.738810480887503,-1.6380290574360168
7.783885728127278,0.6604476031274318,1.4816634024625988,0.743264094022715,0.6153674840130534,-1.7863754653546866
6.53731703466584,1.1509963899287894,1.9625871905307948,0.17086543812794186,-0.9354387020445952,-0.6220348055543814
-2.300049477641106,-0.6296991643511415,0.0036956718478473255,-0.18398333635267913,1.085982116175032,0.5827375831738644
3.2248335466250935,1.3387232663362743,1.0114630354083562,0.01843393306539316,-0.535963445114048,0.4968735905075971
6.320375964479968,1.8345897897093866,1.341475915530881,0.34758170536167105,0.8080577982811451,1.0697714549838502
4.982183124943022,0.1773749386739849,-0.742484232538384,-0.5397596803093615,0.3672873134013406,-1.1996975283653082
4.02068208477719,-0.7957319628535942,-0.4853058353678683,-0.7783047254023127,1.8381836767951223,-2.3161438629688766
3.8037018909285987,1.062492985568272,1.230874513154735,0.19584525509768155,-0.22346598237185214,0.8580141953021454
5.413592463676578,0.6748948755961102,1.6850142787085094,-0.978372777615032,-0.3493167961181975,-0.8281962729652346
5.249751184035192,-0.5872416702876503,0.5628808601743548,0.40825275571447184,-0.019419605887732585,-2.018487864388638
-0.35465922937166605,-0.27246778203347466,-0.8798143535020543,-1.7025836042378404,-0.30317978283427505,0.14506374595938162
9.702585221586755,2.6632920426508604,1.9870611116994412,1.0291556373256436,0.7999419019420501,0.7931756882186773
3.1796770991831105,0.4284452517991511,-0.5309708978119645,0.472597482413043,-1.616310608436588,-0.12205713212127726
1.7588134993432605,-0.45267256555307755,-0.33513778117145177,0.25602973431387566,-1.0536824191463543,-0.45784838618248924
6.354325465576235,0.7171255869129162,0.34233783448962146,0.9826909839455139,-1.067802921579193,-0.15936223214590656
7.414587275029219,1.223314616834348,1.5541604207147741,1.6654744444625766,0.9503075919735757,-0.37058276240078286
10.324542551510067,1.3184635954143875,0.8539759765522237,1.0143700650181304,1.7106133725819253,-1.3480471119401671
3.0538596552807165,0.06956512882776533,0.41486550036191056,-1.8408742313316453,-0.1044492185374715,-0.7146806769904318
2.2143015082589423,0.8596123758304818,0.4632885301181064,-1.2795769667357015,-0.16882172319001063,0.5212799050138145
2.841672809495046,0.5134521534938635,0.04351466864346608,-0.6248185776956788,0.07005216311318137,0.3216785413765001
5.19507917556346,1.3553402423834275,0.5581395145185063,0.026091050210833786,1.1618783026081902,0.16805980596682024
-0.1672405577162812,-0.6927224525324651,-2.529560077694303,0.517659020469123,-0.9273531341905741,-0.9951484818533795
2.1805906096977448,-0.07538038324840624,-0.29660745906979835,-0.7257438131534656,0.23836898273478513,-0.18150316213566714
5.917844126680748,-0.1281736538150427,0.241321934916781,0.18676676447707832,0.9751976297824295,-2.1770650464428547
-0.9395430243237716,-0.7478090318653519,-1.151014083619507,-0.7553829323533225,0.501094169939845,0.17847666388538974
1.8126931199710283,0.8588268798604866,0.38632331781156,-0.6115178029919482,0.1895816165987434,1.4288577078135674
1.7612344081655777,-0.5285418381873881,-0.20447122098612153,-1.4066610968482223,1.0010460925671412,-1.4741321320421057
5.135718173460191,0.9595624092819413,1.7554756983154902,-0.9232332461109043,-2.703232292999237,-0.5859276733177553
3.667818052873096,1.1788341000751767,1.5730197252148568,-1.3516846056163336,0.6778753195309076,0.32910677871012955
1.2774657457501162,0.314718709950461,-0.46580556911816284,-0.9758732529773327,-0.6540756831274238,1.252842634427484
1.2955539522177113,-0.06507484349988493,-0.15083771156669531,1.0536417966078395,-1.830632896856457,-0.4482246163001495
1.7080916798089647,-0.33897223485256417,-0.0739475656083926,-0.949398888831943,0.5112025995249807,-0.6922503292658964
8.215900614987484,0.465507988957597,-0.4516594761596227,2.632382064837391,1.3736585451629577,-1.9689231424160831
2.694518879274743,0.03671040013977289,0.19502498402812674,0.4933179008808892,-0.13744851462769184,0.10343812930810638
4.692333420537561,1.9677299549994833,-0.7582820688875902,0.1848361236948739,0.9528745472029384,2.042076040143744
0.006966451529875073,-0.2848404948027924,-1.1306153349375263,-0.8583577801812133,1.6122782579886454,0.2773584619646759
9.40187609114745,1.6840606175288766,0.6227112239002686,0.7003098794089911,1.3149144535840473,-0.022278979183713316
3.458365777336591,0.5464705735381514,0.6295295842218108,-0.5756378262377739,1.639964529371393,0.32208231076698546
4.694577437817098,0.5473993653039995,-0.8043157596599924,0.12200981464536144,0.7421274910718922,-0.01109200394860206
9.870416249338806,1.7318833568804486,0.8953554307625996,2.5600845382687947,0.0754336389015928,-0.8130143722601298
-0.2523019258029391,0.38821477862908005,-0.6315777291653314,-0.09605989972464987,-1.6019658118971685,0.8232799156777053
4.065108521824291,0.5580718389777231,0.2531652380379812,1.1492733262856758,-0.24606248812994846,0.2257615231117544
3.5372057145420506,0.7297780014800872,0.820344012612456,-0.7031764251258874,-0.8432465953161914,0.017613251933657315
4.612406058642032,-0.17501439718399875,-0.03361256470371303,-0.0349884904969617,2.1709427174978138,-0.97536602727825
6.2510432847314155,1.7851850956653303,0.45474091214113466,1.77080063563551,-0.1758858124323366,1.3035079319347591
3.622699903798049,0.8840795737099933,-0.5164296438875717,-0.6269670577877674,0.12320480678448571,0.6647027453331099
6.528071802825403,1.1619715690705958,-0.19646658342809717,1.8124485579969287,0.5514853760404677,-0.552920837367302
6.0484620574319425,1.110151498111721,-0.20585943088034037,0.7077519354554754,0.043602446372453724,1.0018248536819372
1.3518274288436094,-0.49893397282949276,-0.7465783465402389,-0.5624667758942676,1.695051040430753,-0.49757083838520716
5.740040978880829,0.3944555445941905,-0.1767741631157821,0.6324077390555208,-0.622649361734452,-0.782003492511037
1.7311367187709883,-0.43767172729663656,-1.5486182988637467,0.9725544496267297,0.1946074552372427,-0.7597031174802871
-0.19208151717565303,-1.7925123774761287,-0.4911537471421047,0.6218099622171964,-0.7424705856980482,-1.7710685530880912
-0.6514391530868688,0.2267863990016748,-0.28487549336967083,-1.5702247198904564,-1.3200225112207058,0.47154238041820573
2.431911434251232,-0.9167680834798595,-0.2561797524953804,-0.7271371758248686,-0.6117690909052854,-1.8311448783383502
4.87327428095578,0.265272239678469,-0.24149744587077906,-0.24751863555150475,-0.03703679704841202,-1.2284438312657626
1.8096641707729402,-1.2294429735130095,-0.061764199860128925,-0.07443342910004629,-0.42930222451725997,-2.0755880090785332
0.21759429241627215,-0.8055932392130976,0.4794415180860639,0.620672097550678,-0.692420979873856,-0.08606969279089306
3.6203334314491613,0.8436484095791289,0.8745170741325226,0.17770100093325383,-1.4063174636718339,-0.15032046027187207
0.21043837950294908,-0.31165452196295995,-0.6497652268482671,-1.3353443587101013,-0.08310557262869477,-0.32669621318636405
-1.7085088148271141,-1.7513658767686295,-1.2032008553891445,0.3801978510059632,-1.5047203740310022,-1.0425776946705763
4.08758465905974,-0.8445654924295554,-1.042044412243103,0.6105857452838231,0.7600559636896026,-1.17223375343664
8.117617972619103,2.0116411943063928,-0.48720292119492714,0.5597904479310398,0.08243975293450329,0.46436986354657417
3.4551716136184236,-0.09947171949132036,-0.3519213178165091,1.0807807255546218,-1.4575514994649306,-0.5505519317084877
4.202163745614654,0.7653957615163538,-0.7699960661974573,0.8339221545489041,-0.30920907704986345,0.31635832153614474
2.1859492915277583,-1.0323791793608275,-1.2961166642498945,0.4591800792284367,-0.7521564055905832,-0.8852486861242225
-2.3619142502189887,-0.6763849693298243,-0.4561208274741882,-0.070165711458647,0.31917451041918043,0.18106274277108234
2.2797835098261476,0.9415391440760141,0.18142662011397137,-1.660960933515991,1.3404504460231446,1.3032780373160637
1.4510122269311305,0.7592486820485933,0.5950294658355647,0.42961821913258585,-1.8751724696457446,0.5861658003927833
-0.03635064703055235,-0.14413987726683541,-0.5574230531083212,0.20768768716311115,0.11502607914741717,-0.4124138182164804
3.174474677717517,0.38118742262685973,-0.41299782214343406,0.2715788371953735,-0.16013279556664034,0.25719897035592737
1.2452709843711993,-0.2744400280297282,-0.9266983088473107,-1.2767485758203097,0.6713400764504653,-0.24066517453021302
1.6639082852197895,0.12896926142814963,-0.03143917037477642,-1.0810565404082624,0.21319662823768915,0.00788018469472816
0.721012960867434,-0.6213452282264991,-0.8484286341908146,1.0531528533329035,-0.7519693317388191,-0.325611052148504
8.449878730212973,0.9176615912278496,0.5731278132412001,-0.03955515385665504,-0.31905393566661816,-0.1643352058853914
-3.2288720643287996,-1.3591967285948185,-1.7858664919341112,0.6815006973726244,-0.796025856803489,0.21209335307417554
1.390730580252256,-1.006746347896646,-0.3596296724524622,0.02831837613045931,1.0760071385985983,-0.9933586995819507
5.2828937353373275,0.5494822621701164,0.3011073391917419,0.029756139495743236,0.02131164867194222,-1.0158788269899783
8.942161450280766,0.8275861575625261,0.18383451632250436,0.9382838059759977,1.9011906857530074,-1.388542553831211
8.33242595079227,1.0661807090916788,2.6930336639804966,-0.5160447282173739,-0.060660813814620775,-1.60027110450371
1.4097479305879825,-0.7163267045381868,0.3498000245679074,0.09612077694098344,-0.7084067669104628,-1.2172826922204794
0.08555694548373105,-0.7980013482374169,-1.0040545968420098,-0.46227528870504275,-1.5137143926128271,0.15946250680412918
2.070102839109615,-0.6241131983817401,-0.09546424708907304,-0.4344962274323156,-1.803139676255945,-0.8927875154918841
-4.585128888884122,-1.4809414512237407,-1.776246333466452,-0.30917212346863937,-1.5841359430054898,0.5136144642310962
0.5739331691013527,0.22116015246495374,-0.08059974929676088,0.22213377163371276,0.2671266510114834,0.03471374875256186
3.1529069084596726,-0.6831390325441832,-0.8330560570007587,-0.4787486216634771,0.5087250232299338,-1.9685042134380537
10.839937165342063,2.1325555313459765,0.9153902755601617,1.2557561255735208,-1.5811907020321334,0.6549755842216898
0.9524521682688056,0.28757405935054126,-0.5495402745955349,-0.8946073022195039,0.8950383140761154,0.8107986455917099
5.402917759218104,0.1609149049942839,-0.11676591579524663,-0.18687164416135904,-0.4830610516834395,-0.9938626748348534
-0.030233671533900663,-0.7181185269459344,-0.6355578414044034,-0.4397310582741749,0.14679301198554937,0.4201915428949916
12.54870891827232,2.166547776884343,1.7388513518533313,1.4469778843537329,1.6122206282554243,-0.856498237409199
2.010317494587695,0.1988744727886172,-0.3212427661179117,0.19655477651157463,0.8968393158655319,0.0976703767483354
7.112373971939823,1.3401539223538632,1.8325570434792018,1.0318445394686349,-0.2685306479058323,-1.2644984069549656
2.9615606009288102,-0.6721279703526976,0.8141517621182666,-1.485560373036972,-0.8911922254152874,-1.7931064525345768
4.510528850045494,0.8981491114348734,0.48206672733538614,0.26705026586925884,-2.151815401329305,-0.3828171896129687
3.8080956866519897,0.3378415029753313,0.3687331473175197,0.889630795623437,-0.7191533192424201,-0.12372894627483615
4.347663073759205,0.8258248839561277,0.39379729821625153,0.08228398927542419,-0.21113023882769438,-0.39767969361460404
0.14098062842027714,-1.2276108996906316,-1.92767257934561,1.0654803750653512,-0.9871795271511837,-1.1840305582225594
2.1172552844131216,-0.12229256712641182,-0.2788833941507565,-0.5172884501003722,-0.13125696709230472,-0.3998990621311371
7.488849743689479,1.4710866616450962,0.8451579711843216,1.40934744018558,0.07685188295876821,0.269294752580734
4.351963580102778,0.6710548070008531,-0.04889718347410554,2.2988981236192503,-0.22485598180807856,-0.04489303012253698
0.8492476553063966,-0.4696611630963922,-1.405189846803575,-0.36283856043965906,-0.6500025808234597,0.1825010305992134
2.5824800449636554,0.0033038853501544257,-0.05240445057746945,-0.4455025214007718,0.16865467196672768,-0.670115200454233
8.141251182356877,2.7192637540388214,1.7041055162554912,1.453384477117701,0.44194064956940904,1.1717179147161598
7.897379455888192,0.9331549278098226,1.2468917155347194,1.5795721457307124,-1.090399077442846,-1.1761733365547806
5.435035409964217,1.2321435657204525,-0.062004009366031745,-0.5228600271532683,1.41093237974627,0.4875602970867186
6.2561197305707985,1.9587667636117456,0.9514492770580866,-0.42018681709585753,-0.09858813228426173,1.1818910929599615
1.9976445667168878,-0.07819714442210557,-0.36650702036805183,-0.2817846088605074,0.018849622944847662,0.4809080927488954
0.28333599813982613,-0.416813652255498,-1.703871586826719,-1.344450511034277,0.7082144232565574,-0.20252422706482995
-1.2911977024197436,-1.1224593676941175,-0.9244659881295544,-0.9186519464841982,0.23321613126350177,-0.5282970466629789
5.817297567598855,2.1078323520837787,1.5628887685081978,-1.0041407667520679,0.9531366339132451,1.036087651046256
4.5703479701487755,-0.23344849423127223,-0.2739930818293042,-0.7677975651041284,0.2871241652018242,-1.422974925261673
-0.23105076144138656,-1.2147762252027063,-0.24338397937501807,-0.034684887386781105,-0.6124373746404379,-0.9701242603796436
3.6826306407864076,0.3163697114815898,-0.29983819627488056,0.23421473253652023,0.36150352520610163,-0.3975577654917214
5.662959866117684,2.225382950408276,1.904136589573007,1.5505004928140769,-1.1437262073206618,1.2376537575119981
5.555377578362629,0.9757630888964247,1.6259589153620633,-0.998354040738791,0.10855970577652314,0.37976763604089603
10.943560931356048,2.2669465429083804,2.218780233448134,0.9843223984765838,-0.0332299906444608,-0.9680457585102453
1.2441038515080824,-0.18005966976535168,-0.1590452104000513,-0.21398884422550896,-0.2081168572725397,-0.31030770538490365
3.25203187776528,-0.07943444831737312,0.29562448874709507,-0.049463709652432936,-0.12853751143893075,-0.6143231440962944
-0.9816578502147728,-0.8706236662278265,-1.5166425494207911,0.6748194921666035,-1.881849045497639,-0.7097889922335351
3.781398729462717,1.742300031559315,1.4769344261182744,-1.1227220215622986,-0.5487249077409615,0.9788895585567791
0.10014798021307714,-0.8007160932887802,-1.167779551267935,0.3824097461840506,0.09284490114111471,-1.3717431292635054
6.800244905575204,2.095212468547534,0.2167755637626291,0.16645220821305598,0.15985639199740037,1.6087808557343735
1.3962345234715152,0.48536756106456014,-1.097302527632844,0.4924512640081488,-1.0276751409259581,0.8282296901846228
3.11483047975283,-0.045325422727024334,-0.5888668267386961,0.2891686439078181,1.2657078408647005,1.090861670603698
3.1781870898902373,0.08153962455540864,-0.8372624310497003,2.4553001399108942,-0.8661748482145006,-0.4629395120252583
0.6462550974868644,-0.20588961557742588,-0.6078752606758179,-0.637739984251316,0.9694572005267368,-0.14994071907910939
2.920582391073727,-0.3634468125002609,-0.5391227031489786,-0.5309969550018176,0.42719436187168486,-1.4331518145247122
-3.0574965110357444,-1.7089232526731921,-0.5482687949250771,-0.6231405264247644,-0.6462273098438029,-0.524662407066803
10.00769233920211,2.6930849897868407,0.8333339117803071,-0.5554771191602547,1.7753108926095116,0.4936548476431509
0.5157313133180694,0.34278065381829026,-1.10486279306252,-0.6373871273065177,-1.19363683175648,1.2960630617813962
6.463419329510381,0.6893098152799284,0.22054142701386686,1.1890165311075518,0.9191541736100015,-1.1071568168024517
10.023092056239001,2.240714936059716,1.2179591523055584,1.4205042479898549,1.0005823180429783,-0.36550593698526584
3.41448502612602,0.9931755949321097,-0.513196364513396,-0.5707462937494763,-0.6706202090766449,-0.15129922023252232
2.056128801964097,-0.15012784735405277,-0.7179188907476018,-0.8323555731042287,1.3924653000643288,-1.3957892021924851
4.658975817554214,1.2277922505065955,-0.23052462518025083,0.4714155563864041,-0.2500465145989528,0.5913492417584003
5.6239419145891505,0.7796622797817786,1.1797252083607102,-0.5522230442809716,0.28869362927985703,-0.7239903317426091
4.500259676105543,0.6860682867618587,0.1941076309533577,0.6329318177555111,0.2603218387712207,-0.19539035117702397
3.394644959221658,-0.23796154086951607,-0.5312142946075984,0.2029230208512997,-0.1343087414705478,-0.4519493719118777
3.1989144170350188,-0.3196383708952584,0.48387665118803963,-1.515744114997232,0.8108082731597821,-0.7893385057196743
3.158225077696241,0.13659031501430957,-1.1022921498364233,1.5475052013300616,0.793488720552213,-0.0070449854805546995
2.04065355795829,0.3011626518824274,0.681359510442948,1.7958776730955217,-1.7485319732381808,-0.21560957856802238
4.2802622100045244,0.5901590134154954,0.40860730770176745,-0.612788690484386,1.3043402428781525,-0.37185788227866556
-2.3974426607273887,-1.3339023783018475,-0.307808471138884,-0.38770155993598404,-1.6624919880356743,-0.7284616216803428
3.075507400999098,0.5611096924497421,-0.8385857984472311,0.28586539072490513,1.0325462043416573,0.31952467078295543
2.330845387203665,1.1200464596621906,-0.8866809222834574,0.33445678998702516,1.1267051368275833,1.653617268492285
4.259520428135813,0.932975316452345,0.5348173363459102,0.6585442726728304,-1.0909664302151982,0.13988723283912738
7.242875708591266,1.970700517928212,1.2289805024890619,2.0102045387663496,-0.4108142879545848,0.996118214911129
6.116855982535212,0.6994556272914174,-0.637307747028795,-0.1769472274940494,-1.1057046684859357,-1.3902219251534627
5.677941856733662,1.242329578377619,0.4583867035514844,-0.7982972445384537,-0.21492103028873533,0.15776143929376948
-4.287335818426405,-2.356833705558601,-2.0870270186020687,-1.3793192280145272,-0.30803428418574125,-1.0973683189710666
2.118006563571799,-0.524453609362385,-0.5846177306571996,-0.7309300399419191,0.7796605322693398,-1.4769249275319014
5.33297607608089,0.06042070109847969,-0.031058932870901952,-0.033126972873797095,1.3103087461196088,-0.7393714074590362
2.956926702130068,0.8785975432169435,-0.9096834169818336,1.7945578635177877,1.3956838107899563,1.1918993344135727
-3.6755306712663516,-0.5059188136316219,-0.9365063747895958,-0.5176112990361714,-0.5621680265783021,0.9500158286696456
3.570415805392262,0.47559057439763697,-0.667779556468886,0.2237879516388985,-0.20922187374452778,0.24300472205439969
1.069943801340528,-0.7791831223164716,0.29219272832637316,-0.016422896072752075,-1.68343819222095,-1.5327005598899308
6.39212150968163,0.9724658243781237,-0.1873290184063747,1.188393273448084,-0.8058700664961886,-0.1962806513879368
3.2839633975926463,0.8006170507691814,-2.238231233324972,2.5269324258736217,0.9648516330974576,0.30170000890173554
3.9739509617449866,0.2085751517002355,-2.120700152635066,-0.5308687729203206,1.6155828235482317,0.1755362295785979
0.2941505312529573,-1.5937735850660375,-0.6068651778571752,-0.48943944251822213,-1.234348871879922,-1.8437935834807457
5.1988626005428795,0.752737512537272,0.4576865860535519,1.044160877069072,-0.5924642591528942,-0.8903178480198718
-1.104065319492432,-0.610078287037736,-2.7475048427252347,0.6818914896263114,-0.026405756958926992,-0.06407776414871663
6.518386042847069,0.851257294523398,-0.4997301761516306,1.8467073257360336,0.28016115881960635,0.5362909095171899
1.340326416495774,-1.275915894413055,-0.5262478565174211,0.5839281853259639,-0.8096035199216461,-2.1961278210999464
8.298014596699339,2.0059588381656575,1.3883377782084478,-0.35929209078705954,0.4240610444640897,-0.16212397547985843
1.4628337984926785,0.5443882518055516,-0.38502181171286365,0.5906548306923093,-0.47383934707091613,0.14304876987895235
6.637696751003211,1.7946441007629306,0.38298898474092846,1.1087035805829077,-0.014452270878279104,0.8496119885162131
3.945398877129944,0.8727214314154323,0.14125714008746323,0.8204821811973643,0.5462842480036996,0.6928575842374367
-1.2742010078198835,-0.9006184688504937,-2.1305664798072006,0.5072740311072979,0.0064222698109378164,0.5825713188088052
4.291302899323195,0.4935902738208178,0.7682072166317373,1.066674689589154,-0.4363858905265686,-0.7999405067019342
4.634706787268426,-0.062215072743469664,0.21539650545628794,1.1692955904456728,-0.10960980392583083,-1.9080021371233076
5.485558864790349,0.463134534542078,0.5082686396745896,1.3821589910375272,-0.08836295920533539,-0.39305275706140097
12.823347768669304,3.393722138312625,3.9262377064363267,0.6487098875896427,-0.37001102988212803,1.00163182520856
-5.796321978714451,-0.9582054718096922,-2.0841129394985884,-0.16711808031685435,-0.25879606266710237,1.3934545275244314
7.888235929949929,1.6593184368063398,1.7246966497611085,0.14671368643332283,1.598647170504717,0.7105491022977853
6.593187757611163,1.3575430538278535,-0.28744751940035557,1.2065089665083568,0.5609194479412387,0.42934082280173436
4.756740778624508,0.8541890839836723,0.2873289044030093,-0.8169356709872361,-0.29548031802916036,0.3796396483859655
4.289065319830534,0.2495980152154735,-0.04551224530124217,0.3686733088729012,0.6969544045107356,-0.5561187467607805
-2.2851659973388156,-0.504734916335562,-0.4242363333980435,-0.3933388123273607,-0.33381948975600995,-0.13006029355362003
1.3850410288142312,0.733578263169454,-0.5698329282387585,0.028744822934817487,1.1731246375866413,1.6690695258263315
7.373455927135549,0.4906659379875584,0.329508735573009,1.2784518626072987,0.3696421921980939,-0.9425580057918765
0.6266608757041454,0.7855571887131229,-1.5171736966716791,0.19109906801990334,-0.10730214400422883,1.6147787907098514
7.002987792273808,1.341919035197657,0.7505791675217656,0.04643654815614881,0.44771692581027733,-0.3220281544920584
-2.1460239091638678,-0.04907464073456819,-0.41619440488525394,-1.3598561409799192,-1.5708761520684993,1.3254321090950785
-2.965571364118339,-1.4370713583583634,-1.1300693390403578,0.7462535660272207,-1.1267674689098053,-1.4068150094975382
4.586989126855272,0.6207267149404309,-0.4500128579958137,0.6454841811410754,-1.1939250063990554,0.5859042011646491
7.5495067593376515,1.1265590284379357,1.2571492168625729,2.16325472330546,0.14294309476370676,-0.736770135947622
3.913185400027828,-0.5230847364509863,-0.5353350870162233,-0.30777823495300055,1.732514999485092,-1.4152671919241875
9.067197447149276,1.9918132925232797,0.3584536182096204,0.21915032766393877,2.2313001461926323,0.21853404241094568
5.647716537165097,1.1967642940672718,-0.7309562757154733,0.24938368371075526,0.6380511014407572,1.0094717885959688
9.034663663343078,1.169515988702611,0.7579218499236196,1.5774532797634744,0.5008444749444569,-0.8449414385934964
1.1769202229446707,-0.8766731988338771,0.6855077387902041,-0.0952955323869521,-1.801057734152739,-1.4990159604584012
6.763304330626706,1.6071407226640682,1.8486088332964115,0.27902152577033923,-0.5426737997340217,-0.09184476433495513
6.154573133631679,0.9105960951489417,-0.1755639454992155,0.6078965097165392,-0.7877837519082389,-0.08743532877718112
2.0354075915708,0.9059759849507518,0.6686548047579066,0.1866091231563581,-0.620847598251116,0.548319627554499
5.738728646595386,1.5396746555260732,0.09806753953894455,-0.44643361455052827,-0.16814381858478955,0.9495945713644882
7.240915563302604,1.8320795699334713,1.2958717818630143,0.19408999289830758,-0.4720905776971272,-0.059415181272494094
5.534025956447201,1.7689248515385785,-0.7188323876087304,1.073631749859772,-1.9792998103757877,1.855503314794263
4.975511096857823,1.038469478402334,0.7450053128772811,-1.0265152994110602,0.7479102561175338,0.22423474453529177
4.2201582901035035,0.3329004622479824,-0.19469729611668168,0.132969674146876,-1.0727430257398065,-0.3464265060068996
5.71731449358648,0.20189395023168022,-0.06418817710849775,-0.7001208149391732,0.23924686411114954,-1.611567359102828
6.845376529063717,1.4189141719839078,0.09175248444837286,1.1950466289248425,2.0740826697499735,-0.26265952031616774
-0.6390008780164962,-0.41334408642561865,0.2522403964266774,-1.5231869047837747,-0.9193845915864234,-0.33638694541113623
-0.23637689502843473,0.014734076135326457,-0.11622904312195795,-0.5589218472715883,-2.5302875227463297,0.9603047962814704
4.870566774489036,1.0310156533025356,0.21471318317052593,0.37721187506452086,-0.2860042218801108,0.46248362406685406
9.628835847481643,0.8701923373666651,1.5781180575621845,1.5655240292343404,1.100959634998571,-1.1793691216326172
7.599765038647233,1.4580029657024713,0.9854496856152184,-0.0657502610729878,1.9583474542205939,0.1722543864110375
4.0905934126714945,1.4756790317294108,0.8691545924968965,-0.5551995266931983,-1.2295495944524168,0.6715311717290534
1.1795522023743916,0.5678627944969121,-0.4555395260238707,1.88115706944059,0.4966992232365217,1.5280313593878327
1.7480728256613154,0.6677670927509751,-0.8892408282283245,-1.448013900416244,-0.46531045678005334,0.8875039674140593
1.5298734351148613,1.314853302438364,0.9553005582377531,-2.198805956620082,-0.10594835430413566,0.7608466543114778
9.59104177602272,1.469140833479031,0.8760467925297942,0.4400144500533324,2.6443433470170348,0.06008599461516361
5.644466573382283,1.368790075598385,1.472670675750982,-0.5020542243526112,-1.5029703283951532,0.3883120054234496
2.0732833671505335,0.5203956379037904,-0.6039806259692295,-1.0212328171307132,0.25373966149457344,1.2495049007061587
5.7050143413132925,0.621513833913408,-0.22954865536034708,0.7083564472993533,0.4676931717654332,-1.3327773974796497
4.924663587554488,0.15601857263096996,-1.6394841625254342,0.24380071377119883,1.0857863249393471,-0.349439327216956
2.228548658052879,-0.9635799360117707,-0.39247110606087293,-0.5640786307367284,0.09798315347089544,-0.7725687487562409
3.609560450501492,1.238737450530782,0.9965705105794472,-1.2803043986708944,0.30805053950410216,0.3791531187261241
3.7936611926104904,0.9251373260511003,-0.46649537922819795,0.8724573282801447,-0.3916485674217908,1.2302221756507876
6.553359812932811,0.8632931647516103,0.6404797952008238,0.650201177958661,0.26912694124510733,-0.5969742867210739
0.7466549393854593,-1.2681211499316543,-0.19050310599781134,-0.09917586377938291,-0.3431922754974105,-2.390304367469438
11.384136692872973,2.0342167152021977,0.32405702822156063,1.8466369960476658,0.6215718898560508,-0.41222074502447015
1.7839949696667037,0.41615927276033177,-1.1476913898156673,-1.0700847663261526,-0.36961033604363397,0.9134737320174066
-0.09991107385567999,0.06611337777913445,0.08520944963390106,-1.5255251709247388,0.37710039390218647,0.5376299029498797
-4.548305264609813,-1.9014960263736165,-2.9911359709007233,-0.6919080698812444,-0.029262813684978354,0.4281862478105761
2.1326764182534923,0.2703015070876691,-0.18689615816198485,-0.045586016355497805,1.1260502507721681,-0.27999330187447974
0.41572014129223245,-0.8052154363399112,-1.6304732437151401,0.24333944932269183,-0.05139372358848624,-1.2790307362197864
4.3873345854836305,1.1502495913842232,1.205994516546816,-0.24123605785632987,-1.7730324682068814,0.5152943216244674
9.441216649963076,1.518322691067313,0.7774073527645112,0.3520553965142968,1.2619215007139917,-0.8342818100346248
1.8353999982893034,1.701069109891324,0.466670981966081,-1.2515394241904443,-0.9057323008626189,2.184096733380456
10.589057040365248,2.4545978422983654,1.5210062271593798,1.4437646040732597,-0.6537663386488198,0.570507208354516
2.37444083472644,-0.3210456453766313,-0.9489165208248372,-0.08215117839256883,-0.5956612940434921,-0.5806483025539507
8.893250126084792,1.123205034101816,1.7473631979155582,1.1172958315881278,1.3744380931708173,-0.6113852473886279
3.5497635351887107,0.5720324995083502,0.9321915642603847,0.34272534637770413,-2.135674213978696,-0.09294420661358828
9.510108182431074,1.5376675148346033,-0.23655528721894603,0.4567532191537839,3.1377485336599946,-0.23950192202174977
7.013604587996599,2.073456654751633,1.1356201471829441,0.5697672802322037,1.0560568090660518,1.1168337755299542
5.278469074077228,0.38206338281617513,-1.1062935124116342,0.4477085600173148,0.22323891412915967,0.18641616974404632
1.8558407592357533,-0.32157021292637533,-0.8245141615276735,0.6427227598675439,-0.05489400061628639,-0.7316317389085281
4.608164765380335,1.0331889528392035,-0.6085897232397004,1.3291525301324314,0.28555407485765694,1.8904406851557827
3.283065774203627,0.31935589964623606,-0.5289777080640152,0.19652116970147013,0.5211224283793385,0.049308331520222654
2.2610408624618055,0.7678843711663942,-1.0565576427602528,0.7090037575885123,0.6452155859500572,0.7688396759688971
6.969124734323886,0.6616312503767088,1.223083067095325,-0.08973569428722672,0.5556044660034485,-0.6082265074447593
5.099834300201605,0.8635179401153167,-0.25885440036983165,1.4401172154494728,0.08958068125524882,0.3631156277445234
2.337293253860533,0.14789088154635038,0.35250496835687956,-0.6763923020592697,-0.1973384203073261,0.31110999114319526
8.863796241373754,0.294021493356579,-0.5703513664136806,1.8009404329108156,-0.1512732836535117,-1.8896492920961532
-0.9044130608824432,0.25343072085432394,-1.8206033005485172,-0.04015795064434341,-0.194908280352681,2.01527511046064
4.695636989275695,1.8258547596293884,0.2700573583914221,-1.4307751021180481,1.1337700968670645,1.2906444609225471
4.401457026412103,0.11381105038339923,-1.9122549754197768,0.12810441491078928,0.5935567222808619,-0.39719531614598763
-0.17694460711884383,-0.9238588234936917,-0.06863404608546861,-0.6810516574748808,-2.9403886346642802,-1.1022697404558555
1.7846563267827362,-0.24069306189235934,-1.3683150388328105,0.8406435489887243,0.655900776529761,0.34756161380355205
1.101918617716413,0.49618003554743595,1.987275999230808,-0.6526239793023911,0.19473619471877485,0.08669769941439659
2.6451480873279634,0.33280953537594415,0.9113627221747217,-0.4461834332147797,-0.018708756445897416,0.3556689485632294
-2.3893689135142604,-0.6743574253162631,0.10575379127148042,-1.889540730945531,-0.38851845308888583,0.19157739619408962
10.496278852326933,2.264435829645903,1.2637066776546686,-0.4523063192490767,1.1241127199860135,0.5062409893059261
-0.33379744738438066,0.25304337081513406,-0.8463159774657358,-2.4238793266289567,0.9475264621228578,1.4473056993918065
2.3518299143116392,0.664325523628532,0.543479378670093,-1.5839028234857233,-0.7728776678236091,0.5681032051286461
2.6610663548862195,-0.7096133480974834,0.1998104337187135,0.7604146561442974,0.4070522871245351,-1.0496554989099411
1.034624374521166,0.7768385596081161,0.26402008133367,0.7858001586508322,-0.9716567345412859,1.3625628527124518
8.189929252782933,2.3535258356069155,1.2723535001067678,0.42545756178496474,-1.3796181647889303,1.6406145634882872
4.638333689244934,2.2288245552028636,0.7324921027798023,-0.966976143129213,-0.6267172245899651,3.152056734512085
5.525505658567018,0.19027535610987356,0.28872366282502326,-0.047711356141979855,0.8623934723827588,-1.123494033239598
3.845591069461682,0.13357172021083386,-1.6548874362282961,-0.003602539090568403,0.9531250453760867,0.24288201315027502
3.374738380096089,-0.5248696225269793,-0.9600462952794637,-1.1583646891925423,0.513085420097293,-2.0820987031889877
5.138765187851314,1.1909208128353037,-0.12270893359572414,1.5033983017671506,0.7250957868479971,0.5531491563792091
6.060512929297345,0.6811850739217992,0.09337237427665124,0.8773622905756714,0.5161782871149584,-0.5482002981667726
0.7062011616725463,0.7079176252737638,-1.1302037246739238,-0.22096417382966393,-0.6414815952229522,1.9234457948249533
12.881000564322964,2.801970065096337,2.411676675578421,0.02688583899453078,0.43192254467394064,-0.7746149700185819
5.2612464449754475,-0.2921643517162691,1.516394055253573,0.20838280794755248,0.8004095252276825,-1.6891830379672617
4.1422644818176275,0.4935460683062124,0.6021183203924836,-2.0417348684242906,0.7542913298135745,-0.47126374070251964
4.023863222830971,-0.339734170904779,0.07203686128374492,-0.24717738252059693,1.188913371474643,-1.9754877712171375
4.21547913792483,0.9729198828439498,-0.21220896990115218,-0.6819842479977986,0.7083038472010638,0.7510994545073101
0.9774227024260456,-1.6435368683985772,-0.9519184600222356,-1.0016200098949155,0.3514482075415829,-2.0650830462563206
4.567245560372738,0.6643849357007937,0.07748051851886253,-0.2811002928859549,1.0701502383164274,0.02845758118315888
9.910176281404441,0.5002975592924894,0.2577525401427507,1.7976865268495226,-0.026521259249060073,-2.077811819856197
5.555564285563675,1.191962992608817,-1.2417605754816243,0.6408428612670098,-0.8818746512277181,-0.3202978045366419
4.713907951143845,1.7155624048817515,0.33417641724489744,-0.5711789897827968,-0.16306696394376388,1.643378155804534
0.817744505065856,0.18903520382984668,-0.15525904882474875,0.5725827813561586,-0.7449026448064491,0.36064789143579495
