Y,D,Z,X,U
2.839576815799905,-0.13482446900179496,-1.1140813582330875,-0.03302526371956056,-0.6784947304872218
1.0345544582690342,-0.4780690058601138,-0.63093083373779,-0.5036502603755963,-0.3054994630536529
3.1350407359947474,-0.40220193865570836,-0.9420601835742449,-0.17237495745366196,-0.5973810610451429
4.239042029210176,0.5611243036101548,-0.5479958187411378,0.7147317275176998,0.11041804694611956
8.551835501228489,1.862614545465657,-0.21415031071118876,1.277856655030514,1.1971785314619128
5.117710975337893,0.5079800536082478,0.8371544863313845,0.5704873308635735,-0.7710421571412046
5.672759724718695,1.5136165225145268,-0.32115903870570245,0.10172320847176979,1.000820497768414
3.2639642921182936,-0.0277013948892976,-1.5856257067695927,1.4980117703044276,-0.7816720723468876
4.738443982216652,0.4761541680952892,1.1400678464951604,-0.3128364730515222,-0.8476272124968842
6.0903656194498375,1.234931517815829,-0.8370901336150396,1.030919338366907,0.8185946183432132
4.186303492273366,1.2136948709451807,-0.05872042710462872,-0.2880627983512786,0.9219363780076167
8.784593589446908,1.8782099023098051,0.4465365069407115,0.43102295801089313,0.8514099367626543
1.774090469884102,-0.8560571121296628,0.1996104184027828,-0.11356256479045149,-1.3157974082181412
6.287227029540165,1.0984912456240639,1.0941795475214755,-0.05585218265281086,-0.46595097807205077
5.965376526077585,1.5596458800732762,0.4790031433927589,-0.3773865174622099,0.8229885920033214
3.9070702906027033,0.49816315320365623,-0.861309579697108,1.3448540311806945,0.04154184056389461
11.975157713954793,1.9165244201096694,2.178562173991662,-0.7329260381085351,-1.0736928461974642
3.705489630263887,0.7732770838321028,0.19433346333823323,-0.7402322525487084,0.4583179391254417
4.703782783345256,0.2698708917267042,-0.14734022662150623,2.1209935658451093,-0.7148072589914702
13.940760963902333,3.293347963453079,0.9639254230555709,0.9778475646543314,1.7945248483922118
4.078240085855071,1.5919469901539256,0.24945094593007222,-2.3851136986930364,1.5448414624182587
5.100944789419377,1.3442016830613421,0.3992281929393271,-0.5652587392104036,0.6040974263555674
23.568869113231067,4.717313106559827,2.492183998600687,-1.8119893375620542,1.3610067047697736
3.693753702974872,0.49130395856032727,-0.27512142825504665,-0.9506906934152551,0.0647913501233811
0.9672788836216205,0.7023751123313894,-0.3177608940173958,-3.1385146662340397,0.7654374943750158
8.373014150296502,2.110943604753687,0.1165785120124638,-0.13698957769394238,1.477720295302075
5.196855632043249,1.1717940155720497,1.0715159355810386,-1.1419418191613115,0.2454986817943127
4.391735527411781,0.6741376976211337,-1.506534030190399,0.059905256796438384,-0.25518717151428366
1.7243952488768852,-1.6341244091508358,-1.9655558914765052,-1.6251212588825248,-1.7046219581771158
4.327026030323331,0.4331551467579128,-0.5871152706201476,0.08291185317203993,-0.08313352572149399
5.57833152164925,1.310646483628179,-1.6339229590592872,-0.41491627812032733,0.8234231845623112
5.7842203641525884,1.3529243744984414,-0.42483134752563845,1.501952965188596,0.9456334275676296
7.98654989591856,1.5887778817394886,0.5024996961292901,1.411356861745625,0.5043650657184098
2.1437376356697424,-0.10732492200934839,-0.8907488635522633,0.785345603010283,-0.5412990949622398
2.400971373207988,-1.3836908462455304,-1.4268265767813424,-0.3266137806612126,-1.9768215689475905
4.059992209828376,0.2953096744473773,0.06933716171534797,1.9853803952602933,-0.4952150980047351
4.335119581085367,0.487125193256423,0.8625434846151703,-1.5530352778398206,-0.3043448710539514
0.5229785257073296,-0.5464608461822569,-1.6949734385166126,-1.4035586295636626,-0.3129289671900141
9.465812307260283,2.060702850947055,0.8202323983059842,-0.08378309988906465,0.6185563569779244
14.516355314772197,3.3314403152649588,0.8173062037383262,2.254038108921119,1.9856764110148395
6.4347939788902995,1.3985696590403915,0.954085102156628,-0.20233890687008754,0.12352920184109302
6.748431097881137,1.2809859139032775,1.2184802148716865,-0.18324524320928193,-0.21673178915646166
13.29438957310032,2.488462482065139,2.202013924659616,-1.4419103561118092,-0.25922181300409286
4.502942053976864,0.8355375207533522,-0.3560920486190552,0.9459295852703784,0.12438476690771437
4.802426653910739,0.2549815519653553,0.10957158007785811,0.9531762543293538,-0.828293760348399
3.847285269383863,0.6721194069962437,-0.41643843324802554,0.7890752013999099,0.12019855874605508
4.081452276339859,0.9569734000408945,0.0019768447558107757,-0.6292206728473624,0.4508123363317998
9.878446383510694,2.105469912389369,1.5328733556363119,-0.7067067683730057,0.20968606357448813
2.921936322048029,0.7726357153395631,-1.3450144839306688,-1.2931222504049704,0.4575419340047812
2.8380943190148256,0.6498359591016024,-0.8610496721655755,0.08387250176093364,0.4337476093485353
5.316961098062962,-0.015321369405106727,1.3771809365045613,-1.0804073292785017,-1.7718966822464437
7.680380261109001,1.9456474265499721,1.0200365069020898,-1.1774165052492886,0.6368701583954032
2.282263749585216,-0.1812520328405209,-0.363131646817078,-0.42369071691067595,-0.6710148456624536
3.053020280935389,-0.1794981370920093,0.8544020011207198,-0.48915617518421617,-1.095839163003958
2.533916576736597,-0.5401786638705443,0.34121584249203324,-0.5379785288219551,-1.1044518278549962
12.37029719669848,2.5001084028210827,1.500274609000988,0.4664445968402613,0.4335416104725293
3.3977693068665014,0.05798652502445728,0.07450959382677262,0.07904780215027922,-0.22257492722485292
4.6421137398953585,-0.09222352163211744,1.0256321138725824,-0.28815603051111766,-1.6819687839854105
25.25607273653122,4.427259129955914,2.64201191049262,0.18301292831148205,0.4780378151922834
2.282772517576869,-0.6747616041945281,0.5980991550474662,-0.9915270411046322,-1.439608130798827
4.169272333800031,0.5708702586343328,0.04932816579484364,0.10527862390967795,0.13982135851821087
4.791741338510705,1.0210462989155307,0.7224469852209796,0.15060249284463378,0.23849892567305414
2.1445936262453573,0.821550335237702,-0.3652808582038849,-1.5030468593574806,0.8855770816950449
29.390058945108237,5.429365156418724,2.387967705524732,0.995693754370362,1.7816847864668515
2.344388860919047,-0.806514111962139,0.18007103769598148,-0.8814337052269955,-1.3646763259005417
3.6471711170896466,0.38382753097282185,-0.27293332022551287,0.09030979920643496,-0.05247385606304944
4.240030930822318,0.31756018773462225,-0.8356890050200364,1.1644117405352703,-0.27633529504421733
8.745249153410679,1.9612575030313408,1.0972201916064386,0.9256767577138694,0.43374968596096225
6.623737472243871,1.480983071000401,0.8671874128277388,0.03433338856883548,0.21566877093361872
2.748593401556545,0.19705175548651338,-0.4973543714140932,-0.36249900288206854,-0.35254624273662016
5.745030371010769,0.7774726001413017,0.5764513451224227,0.9475119085755672,-0.44090218861085556
3.2332577354738326,-0.39115913330897534,-1.5085559682128564,0.6746949778086199,-1.1164508551840477
5.104847116956178,1.5257413798884563,0.18497057507315626,-0.61836502004413,0.9878615824065096
3.6503865141125837,0.7874691086213568,0.4527563520766945,-0.7948936470016904,0.45920418159952936
11.423162118485033,2.5225212836921598,1.7073298095592229,-2.072355181695998,0.9177681977951373
2.7327489013754698,0.10422447862165478,-0.7708188027286894,0.1540318416835874,-0.3103961364755137
2.151299948960199,-0.32448350942154547,-1.2783526288023244,-0.08269774501839866,-0.6568354686944304
3.47704776436191,-0.4702848249067613,-0.8954279609250417,1.1361913746425418,-1.0783150666292278
5.1540194334255505,1.13365364265831,-1.33656850031492,0.35905509348036657,0.3589175837406595
8.623607472903343,1.0765843606470296,1.336657357758983,1.3342291941726903,-1.0397932245282346
17.418621499813653,3.954772211871662,1.5486392950240366,-0.6973642279161707,1.8486630689665502
4.830697383443597,-0.37020635099337884,0.3202165779488289,1.1381503309676182,-1.3076425810934404
7.383948786738255,1.5645495840440837,1.221294945685148,-0.5289163791046552,0.2736601192125019
8.245465327651045,2.283163332337794,0.13395838058023532,0.7775960617922721,1.5668547072137862
2.0554130512274202,0.6015457618219662,-0.09511164770076601,-1.4587583925306935,0.599089759263809
4.5716430768014416,0.9011151709041254,-0.33303761905376167,0.23513529936618852,0.17567371249177932
1.8745027864745194,-0.8336357453742621,-0.3103909913775655,-1.98468794144591,-0.9684836469618956
1.7829106948324753,-0.8862880672711168,-1.5478015563090313,-0.2671374859417547,-1.381769188567704
7.079154302322086,1.7583861039692097,0.2642547636073387,0.4403539938779136,0.7700501089175859
4.078005944965682,1.4782633398110068,-0.04033391021404369,-0.5209685512310958,1.5061472407749465
4.207894289191517,0.5080392187774735,0.7453607240778758,-1.0504376287559674,-0.43884999047817147
2.581618589597539,-0.6825812290829032,0.0935234964386097,0.8461184692959337,-1.139061507616351
2.0874059705593897,-2.053723230644796,-0.16270370156909172,-0.10346278984692345,-2.4581694305490185
1.4283115220046902,-0.8489238179057673,-0.8711930300076304,-0.4895706470306716,-0.9807648436625377
4.043679072495698,0.5647081094372425,0.07215323682176132,0.04189592115427648,-0.11365684249904019
14.027927153752758,3.2047114051150585,0.738237230816162,2.6366691419455885,1.5991232408367342
6.938292661923857,1.4933554159295028,-1.1433389910838607,1.1535028497815438,0.6731336922329685
5.551992994566648,0.9632530802730676,0.08747375368073924,1.1625736681878402,0.305085404706753
4.383139439775278,0.4616266613660126,0.23304295152948393,0.435546318992364,-0.40011966130113097
2.690825161328232,-0.2217713011280693,-0.7180647836182643,0.16648527257714707,-0.5831657172559563
0.5299517150667326,0.909117443939596,-0.5878563049080002,-2.3960822883304163,1.4056475975079636
2.8530318376008044,0.5124790132148659,0.23061084876621443,-0.6789803464631321,0.20073854075838948
2.6574803911883382,-1.9100087290000163,-1.133421018292623,-0.4805744132024745,-2.102600691921022
2.236341723025915,-0.11436373115552623,0.34992371524939253,-1.874892064047533,-0.6735396478972429
1.1360769967178261,-0.7041339288036931,-0.8953543736592,-1.1574157902154336,-0.8582160317716268
4.239194125300214,0.19439277021677748,1.0628536930332164,-1.980836470922634,-0.5462640091774649
20.63580938650421,3.8357280903625313,2.3378277453883,-0.038323835697372494,0.5629106602850852
5.232165623647174,0.7517618827859938,-0.8607568017018197,0.8187659708488161,-0.10744488179424941
6.6332136836701885,1.0194515069435883,0.5342078623746747,1.1067745186243287,-0.07686540700366203
4.584644926877607,1.62604012517906,-0.7267419048820193,0.41478446207924113,1.3134731613252366
4.528288075150105,0.5547603346078485,1.0409541737977897,-0.963396341198569,-0.6964610897866884
5.347740069187761,1.978099558085399,-1.2652584090852153,-1.9320651585199595,1.8641995258873496
1.8308760729882798,-0.304332531820725,0.48058675842771265,-1.756868699401502,-0.6713075913710861
1.9061066018358572,0.22805507348444454,-0.8729889668893527,-1.2689825772544985,0.08919819661257138
0.6812150726991939,-0.1153929428559823,-0.20698458909836875,-0.8888596980356747,-0.28120359540276724
3.6595412365797357,0.5387262520926521,-1.031025275147307,-0.15974849799158664,0.1234191335009612
6.213351201826107,1.3897511075846094,0.8223504708957536,-1.0141642181269683,0.4445919950731292
5.099833884330218,0.8896946411286589,-0.836980354439587,0.3389758936682615,0.43383524008887675
2.793846524167257,-0.08402724767414171,0.5519642593318276,-0.23227350279947281,-0.75311733062058
1.4738039113660109,-0.9215907901288962,-0.34409802826233293,0.0105457117410256,-1.1229146774475707
11.765187964792624,3.3670163536439763,-0.11447237179886294,1.1402505526712048,2.5031717909057107
2.0127557396517894,-0.155482466566171,0.14775590740012853,-1.18023173420037,-0.4839843396005531
5.2192523788706415,1.133161016025342,-0.7618246716588487,0.41870457829236835,0.6992124386719866
2.3001144026836258,-1.0532551881274146,0.2103671135408869,-0.013973228476073308,-1.6076413105231968
10.556565818568808,1.8011798245386603,1.530334564354411,-0.3334862809696951,-0.2796127199046768
3.0786862732389233,0.22087193999047766,-0.7780947858327143,0.88525632086596,-0.12719938398244293
9.995413935209282,2.119344428059821,1.1718101432738448,0.8790141545570074,0.4728150699278325
4.3290533139526275,-0.832215965066596,1.4980976334877842,-0.9464907959884281,-2.722454140991939
3.9400580111297656,0.6560572314601871,-0.8161549890280438,-0.18216058385792389,0.16614061307833064
1.3348596425132278,-0.790623108463126,-1.4550546050905517,0.28121168258406504,-1.1497414553678929
6.534123771419137,1.3400157236372285,0.3019609001717647,-0.2730067480225845,0.32434571119492384
3.134988717130093,-0.5404838542307872,-0.547407522766873,0.5850213322877983,-1.036329196838163
9.983195137432046,1.4739750620761276,1.8686032191630024,0.2811920179102754,-0.8554826959255813
4.874670406072036,0.6844622871085383,0.0348075404998322,1.8325612403560125,-0.27362761039326816
0.9500293624612696,-1.1430276766278364,-0.8021994080351792,-1.5302791359297876,-1.0523294696031953
2.924492277530296,-0.09199521964266599,-1.1471595110117114,-0.12243598974739747,-0.47553444673535483
4.38851618218707,0.017672805122828938,1.08990495909083,-0.9085025115121911,-1.1933757685433153
2.2186954697420287,-1.3852108699398014,-0.5711839740841864,0.6041074554390441,-1.8331704516987275
1.9223239957624045,1.0346946879318781,0.04382879946042826,-1.6171718900455445,1.0179570524293595
5.563964783690376,0.2231951341899276,0.9558027451124809,0.3463127102248866,-1.2960486928239283
1.4905855427111037,-0.2076933778488442,-0.4842583519308302,-0.6300484313483412,-0.17868088760798354
2.948056156097243,0.8619741520113356,-0.04592882874016064,-0.7341618661210142,0.7528910814937849
2.218442377098461,-0.3389735246447292,-0.016568409822520076,-1.4464982035406873,-0.6149441025160431
4.714516270153264,0.38412973261951244,0.6833245115160919,-0.46507594620100606,-0.8251658997455379
5.841196736355855,1.2726854040491489,0.5907443355103258,1.0845005302909256,0.22623808866742148
5.137322708793045,1.6575687013407119,-0.22011373125482853,-0.02518868352947947,1.117933822727152
3.118068353388538,-0.29607125448178984,0.06364906149651776,0.6276804178744745,-1.1693152650864689
6.345982270126763,0.7012938040957003,-0.37177901152348874,1.664641821966275,-0.15014783201743892
2.8069941295300462,-1.3257898117725884,-1.4776124069194447,0.26375558482257566,-1.7324945949673274
2.4924535122343534,-0.07446237231473296,0.2576008573981294,-0.5587995720623404,-0.39320100368219
11.03401968895375,2.2063583927862602,1.8921917608330678,0.4672522151827898,0.034204684538075444
1.5132085325490674,-0.723623685368809,-0.8837191406910628,-0.5442961463142919,-0.8546246417550657
3.258186200880372,-0.02950127199505012,-0.773029709602703,-0.5044226832971694,-0.45699183382523145
0.5332648854647346,-1.644952355312002,-0.8707277716437414,-1.5198927996189848,-1.40822676830745
7.6900091061517895,1.422177942201628,0.7245917787231225,0.9262574910843923,0.0770786113814936
5.554979459102164,1.5730477156288434,0.4484854541964401,-0.3860025756494393,1.0556942488831496
3.5720867790503306,-0.6112382915631315,-0.15853769241645677,0.18209824581586204,-1.0971438697704636
2.200046482646184,-0.39448766100244387,-0.9180190616389653,-1.0359619286066395,-0.6226717665523829
5.2748323746248404,1.0065851223396587,0.0923767916399243,0.4359476297154724,0.5025462464541818
4.887639547007603,1.5459010645718454,-1.5646221273358043,-0.761941238135084,1.2120907193227362
2.9199602073920907,-1.026665186441457,0.14342656685749322,-0.14170872170182425,-1.4931898122089313
7.238880922218764,1.3114388203272636,0.8715243860879341,0.8778260312391258,-0.16878473741594932
4.569614391425368,0.8323963339999777,-1.2511991366336779,0.7907593122325293,0.283130822319525
4.103399263648694,0.3431636719838741,-1.5325182768296637,-0.022030072516940464,-0.10205639062884797
4.575339360768718,-0.4806421194261548,1.5794378916948595,-1.7681310327067183,-2.476792066877087
7.79631667041725,1.538508489000302,-0.6117596395045849,2.9928105700606413,0.5010900093087719
14.334447056252543,3.1855249475032474,1.135947845943822,1.745858970273136,1.5193363510906441
4.493132357727244,0.67413968765461,-0.1539976651978317,0.7226748248882985,0.11666175116950343
1.5972303053786516,-0.7700351662799035,-0.16195481694132738,-0.7532037815909708,-1.0311060532942633
4.839614458205177,0.2570862940926694,0.43841269949664496,-0.11359216170196468,-0.5131272463642831
8.047661927346667,2.4585676022672724,-0.8839988567464406,-0.5434204297765168,1.769913067655593
8.3491226058816,1.8084193268802102,0.13249714349564554,1.2638559390963882,0.9099625408605586
3.524706450248945,0.638262227208543,-0.38148941482409265,0.2625028908518338,0.6400266183843293
3.467028020972145,0.4538841760392037,-1.3204934434050313,-0.7841638583598328,0.35641258353437605
1.166670439465069,-0.4388532669234005,0.3374820747263991,-0.4707550991247819,-0.6611371121909724
3.4037928622334395,0.3468521933589437,-0.26330780687791616,1.1211881425699046,-0.20057118065576857
4.239811027129858,0.27351941254236706,-0.1570248284447078,1.6000978468204783,-0.0779227356785159
3.981702273301096,1.0151889155304423,-1.2101609434141578,1.5283315634862455,0.5495743160644443
14.46065565128038,3.411647724386954,1.5914003677628041,0.7570320650539775,1.5089188942669034
9.06050501728202,2.313590621202355,0.8767141863861161,-0.2526248688026368,1.118338136793128
1.867764247747438,-0.8066223355550648,0.9641558841719786,-3.2415138253291205,-1.4193843557960406
4.85381486964315,0.7192860238165045,-0.305444702441682,0.2971600238082216,0.22399496890104872
4.955695011885151,1.2479179105390807,-1.7291828895034203,-0.0018287588441004044,0.736763345167897
13.931949815273514,2.9886217814616822,1.9529173824895107,0.13998209632135453,0.6188603301446354
3.295815558885777,-0.045178902487407,-0.061097508005868134,0.05389734703320638,-0.6292337633874194
11.524875163536448,3.327112137778296,-0.7487997960200538,-1.326262161949157,2.9141092157683617
4.024527007216869,-0.3232424822505347,0.4168015744831139,0.5574085568511856,-1.2770845623311189
5.719270141139672,0.45028157041528705,1.1671207880032974,0.6322163140318503,-1.08318844666605
2.6434313457683283,0.5730835228504407,-0.023050556085466196,0.6823387820596591,0.2335950812615763
15.9012960352458,3.7542189835175845,1.2785751679393746,0.9465770035733866,2.1168030549638535
7.16487617817147,0.7685900389012625,1.0829999385168687,0.6040516449216232,-0.8361948507041709
3.046234773786794,0.17617770188199083,-1.0763811874020586,-0.4100294115389108,-0.2658283656469923
4.907257792305634,1.414602417492514,-0.6737901056594764,-0.07083684791609023,1.0772936730156928
7.864603637114328,1.4141720838625813,0.9575371632797675,0.09112486725337687,-0.0178621548877335
6.371177390973436,1.1796454785939285,-2.712612563810438,0.10769944910661848,-0.33460385453029556
5.794319701891179,1.298556566041583,-0.14945569316498877,0.9982176559717297,0.5656329018867198
3.9452472643659813,0.6683247992323149,-1.4308312016246718,0.6436687530224908,0.2725179902295931
7.412314719570107,1.810546332927273,-0.47655380143352466,2.0773434395699533,1.0304387856367914
7.833482095812189,1.9404651134334943,-0.29882008902920415,2.206468979884672,1.2914688890653634
3.608596300657794,0.6857982884567143,-0.35824437790750796,0.07964958261392499,0.3070030600053617
-0.7118858040596658,-0.09405855698099093,-0.5522612521126086,-3.8366555484593694,0.291732725378309
5.978711178222207,1.109779668550801,-1.097143649628814,1.2368324661272665,0.21411098228613354
15.79909411660964,3.340921703878824,2.291911266818686,-0.5403763389870544,0.4891305566492876
12.19865658483215,2.4711306828800974,1.8674620041613508,-0.8014839218310068,0.05517063787146392
4.334678600557565,0.5400359620587871,-1.1620658202562835,-0.3984452749893668,-0.0006084823222894505
14.683884929286982,3.3010544647104707,1.5821167513035677,-0.4466430468146064,1.1966271208272423
7.343948645702465,2.1532982891283186,-0.3994654904728529,0.6122698101053926,1.5161161803550431
1.7279318434583901,-1.1323005624394988,0.12918747333171046,-1.5594357791262254,-1.5075529446334208
2.9489149491075577,0.5237079987891851,-0.06327395989691587,-1.0777207457916016,0.010021151740569072
2.3111394867284445,-0.5368521959642717,-0.6597486412539658,0.3431585541974166,-0.6886944334452347
5.5262491804581675,0.8187478084114057,0.9838523436061467,0.6229440304133081,-0.3109714664860723
6.1360617929190315,1.0972552014919899,0.1258865305766578,0.641541644936012,0.40251620973532143
2.319375192584239,0.40965336112353135,-0.4765514232192414,-0.787036278933299,0.6694383715424684
2.7881537185691974,0.29664095053346096,-1.3045894438004726,-0.97826564926624,-0.1121264436113449
2.6910896487523575,-1.4777681546777561,-0.8935950137191204,-0.5066348337879193,-1.9133403347228028
2.3900843978803317,-0.5161925937690025,-1.6413801156020968,0.23987275228472507,-0.9650455805761796
6.867699000093909,1.625597623470916,0.012223548415169466,1.4854773692725496,0.896499670200166
2.1998301273461367,-2.8331135884342045,-1.1966655922843958,-2.0474371857707503,-2.7404264220349313
5.7573186093466155,1.542061989861713,-0.26556051251854124,-0.22072875695836655,1.1874271516819999
9.416300724483047,2.0283337398635153,1.3701018536103708,-1.3326784410252037,0.5212299906445413
10.61141554497941,2.6285195935787464,1.1992995729215856,-1.6522426773534897,1.316176081530022
4.580383778593033,0.4444709639028718,-0.03227689410261781,0.9669566453448166,-0.19856918688096045
3.6840425431072252,-1.305109086640825,-0.08708472614314992,0.5446245744993384,-2.061405424022905
15.713061873738937,3.1095546712997666,1.879874549421008,0.44943351594726205,0.430362641506498
8.0694134186559,2.1791997440566857,0.5207561203587112,0.9210258397309934,1.2746531240383412
6.321374683863657,1.4641344523237851,-0.3278064598765229,-0.47971889676613605,0.924721805513421
2.4209101093762357,-0.6238211414327367,-1.426018117120452,-0.43263751633352826,-0.6626914834880354
6.892051569248863,1.2489514793214733,0.39387321816474324,2.1857306167225743,0.0867610754626467
5.271116166517858,0.7322282628060075,0.8293237725828624,-0.24657105425957435,-0.5328362687799237
2.757899372424847,-0.5129853302916813,-0.6316515245136439,0.7351321130540912,-0.8192664641893718
6.862798008302913,1.6896170996749549,0.2912027551380327,0.006381540963314977,0.955388571179851
1.0433847805872793,-1.100647083105939,-0.3635732949150293,-1.8482585300784151,-1.1975323112651621
-0.06256671715841766,-1.0567028273511332,-0.18403239919900272,-2.044629003801268,-0.8938164305816126
3.8302274071039704,-0.12145147313223768,-2.4878220575623313,-0.5789842199399048,-1.1040256334723855
3.264493022602915,-0.9064626435546688,-0.2217814037161355,1.056101251669989,-1.4902475232990466
7.7537644339819956,1.4603127573426962,0.9693693024080543,0.7882916566360036,0.14641429184260343
8.674519958329975,2.1085529301064527,-0.6314025555665582,0.9140771642240336,1.161503048481976
1.9146635140508121,-0.007816372806598498,0.05252636821531626,-0.9870461789363153,-0.18487675624526564
4.165643327444372,-0.688124155787683,-0.7559507066919204,1.6158724901223136,-1.5057478005641665
4.755332527587364,1.2876019750775318,0.3604416762927729,-0.9648933001863843,0.8399445397420275
6.047160639914675,1.9167424857452087,-0.2165231975361736,0.21282439866996872,1.6857017540349715
2.256248097699846,-0.33271830231531857,-0.9392415406820068,-0.010352289907736689,-0.6462423241465945
6.843617221947346,1.3154734041223741,1.3325514676651278,-0.1738738203145863,-0.4785542667177183
10.251448796023547,2.1908213852512635,0.9289320135322151,1.3385921382956065,0.5156606300833942
7.3971250069398655,2.100624941832603,-0.6049067639281748,-0.7051105201659605,1.6218737477850513
4.866026174166242,0.6225261761261996,0.4977883094177774,-1.349605255711928,-0.5198341457252261
4.2516990635038825,-0.42299834336298753,0.5374120028203807,0.019995486206419288,-1.332449780998205
5.5068874183121554,1.363750705104676,0.642301235011176,-0.3998267342865268,0.6314186062724064
10.057579510836247,2.079142486654493,-1.6942558959950778,3.377382919082646,0.7990680731422993
7.747140524393985,1.395470644693139,1.006606541032628,0.676507476439975,0.006131450435226853
3.7481444792383174,-0.14229055768599908,-0.5696989629257314,-0.4093405752186243,-0.5581332596574506
2.8064977427124553,0.8832218401461056,-0.3578279334412669,-1.0561115691870866,0.9943787309920463
23.724104588723506,4.532112148716598,2.6378817522602,-1.8802884105687847,0.5280360045479643
3.288972745414169,-0.12399476333899129,0.3018733807210118,-1.025219085737433,-0.7684355169034929
3.1336157619124574,0.08689456088536723,-0.3863224754471755,0.11494177175913174,0.04909473130567151
3.9770916090613815,-0.35169778739398105,-2.205294372755906,1.4273286515947694,-1.3517075320246468
13.983414319154427,2.8477598651125686,1.3897641339463556,1.121689142387919,0.6858904564379199
4.450647443875607,0.38912609030750644,-1.3452096708086025,0.2290948316463794,-0.2622335693828558
2.022930658972715,-0.45444445280449264,-1.0034389034995035,-0.3231676657024847,-0.4357108323847371
3.9422884697981204,0.5307553105059029,-0.3313522990878492,0.26881235641215423,-0.03287448515243416
6.407085709755473,1.3571847302513844,1.4164117917002925,-0.518637997484576,0.040307699330247825
10.159743636526251,2.2867257040506654,0.7732399866657592,1.7183639957638757,0.8949300615655605
5.328082033263901,1.204216912424489,-0.15783750984025996,-0.18919018127507997,0.5910905313252215
4.016538731013861,0.3986792343074712,0.308292063638821,-0.08633785824672688,-0.1564092787928027
1.0095710942950293,0.3270652525130012,-0.6003856928711058,-2.215822425020668,0.7636681497189952
4.316783940653986,0.9665710343480122,0.13965368956535082,-0.19543484652276386,0.40073725369161306
3.8684277373483935,0.15803527380931975,0.07333674477813665,0.8364841379649409,-0.4265996362860371
6.0749518624343875,1.0535884806431866,0.968769895681353,-1.067722577038545,-0.1247181582364859
4.938487698357471,0.7887868751915389,0.9671781224389495,-0.7507203344928128,-0.1482228888431208
5.6813477827594445,1.3294689561323596,0.4939773822056448,0.7927110177336647,0.5052613431742017
0.3261987930364752,-0.7083395766356648,-0.36234755754610226,-1.4766572235180533,-0.367022614721642
6.64255898025654,0.8911411994283795,0.7418222943901266,1.0578010075419184,-0.3904091864216335
6.685935826922206,2.2867007702752176,-0.0919684662030466,-0.532143890173102,1.9687573094339588
2.197708772347129,0.934549329512664,-1.081914368713133,-0.38856822049120293,0.9397354817471042
2.3193557280674515,-0.5994681857209886,-0.40328779191093866,-1.1238784051255941,-0.7606006644251391
6.3912795636178945,1.3963712413450677,0.08452698378432454,0.3780462604278832,0.5709409939421983
9.685210511789432,1.770866597659364,0.9102157836647453,2.45987198502938,0.11835006565517724
4.4924336600719945,1.019824704030642,-0.18352817215715306,0.781497239460632,0.3915511752600938
2.9567562485940293,0.3531956234532844,-1.209198711239606,-0.864285261940536,0.13734132456510456
6.668655308892816,1.7052375243831557,0.05674168329681941,1.1356205854914763,1.1896426454852358
4.97066347305038,1.2541913015419854,0.11345604005655238,-0.31667954593424946,0.34562034465144587
5.675000778746972,0.7219178337930032,0.18583762890275304,1.3744849814275593,-0.062088698214287405
11.130077856422927,2.54853393752445,0.9198715159544302,0.8066764021643629,1.0421905769830173
4.437267461618527,1.1194227742428735,1.0189232400898984,-2.9431415654717332,0.233285041087872
1.8918306117793897,0.20156415938104294,-0.5942108723816666,-1.0040796329550274,0.12147857932905769
3.870411044754311,0.9300767513096004,-0.6161434580489434,0.9443852228353897,0.31402260248611413
3.4427197558494274,0.29039092743020667,-1.0401987109554731,0.15165727214501756,-0.0936090233663665
3.4894953541260056,0.5168586894575211,0.6988156702804763,-1.0237559477078506,0.009226992995468902
6.686097781269886,1.0742669339553175,1.4488201083377155,-0.6335895154938127,-0.5866945887618727
1.3112223278323216,-0.8826827016785879,-0.3150819279089234,-1.9062366200893806,-0.7511672196238788
1.3965769110632382,-0.711822719344412,-0.24143056472499316,-0.08837328752639603,-0.9985703864824396
7.376561791225589,0.6681806220551667,1.4667825568989763,2.2106897260157647,-1.391983286797076
4.640397342311045,0.3360116096028287,0.5055578532150077,0.8049333907323256,-0.8797173613845565
7.8685471116957535,1.359423226136951,0.43623570480105506,2.190417001188423,-0.17426703446692562
4.832083743188485,0.8052239798766523,-1.1909165059737268,0.8823970897899802,0.10311758244563701
7.243083129916215,1.1658707226003664,0.678728069279419,1.0274793433526916,-0.2712965631476405
3.4297572834761882,-1.735394588458104,-0.9291363405097582,1.9740786877450238,-2.355703490127358
5.745767567880247,1.8415780842984883,-1.1340201859349581,0.3772632593422264,1.5745863577623422
5.170671202198953,1.2560066187792889,-0.34677157676671216,-0.18722732150688023,1.0864801228903818
6.49286781371957,1.0911539118622606,-0.5857927234486902,1.0326575166220122,0.4457598512171287
10.1405262046947,2.647603410779418,-0.22159969438503938,1.4538402371218848,1.907490672553268
1.6088049279498873,-0.6863637842968648,-1.4409816345249191,-0.47996464271220896,-0.9773641174837107
13.824458203397997,3.2575477790953973,0.9588163064676725,-0.7215690823400293,1.887625120626005
5.188777370953232,0.5888914614089693,1.127686294516429,0.13885603243088018,-0.965214076750548
4.714571179029811,0.9012777475810251,-1.9473424741408143,0.8314988669316621,0.23873792529135657
4.5175083046541005,0.02604192484518436,0.9784578056665502,0.7980910486615617,-1.2738373251342043
1.450334455213365,0.15808191837501984,-0.8105286298216263,-1.424167600187599,0.014694095544366792
10.297250795253355,2.125644171729446,0.8569755369827861,1.9116060670633215,0.3861664979983887
2.6121231184709437,0.2945949598115614,-0.06844649266641564,-0.6411649293968504,-0.1546903311345547
6.372511401608448,1.5548783862537912,0.028775564080998586,-0.2650649968885794,0.7138774440901375
3.754333715470681,0.663214527871746,-0.1850976494212187,-0.9026543599878197,0.09901444948725731
9.865609752246014,1.652299970223515,1.2121292042334861,2.6983288359370876,-0.5224147283775092
2.045674138895479,-0.34493578966483557,-1.2395880125250283,0.24207067028796736,-0.5668133178023393
4.724450949143624,1.2934823867185812,0.6078403387350085,-0.8509750806815649,0.8109137726156966
6.9063757553515694,0.8561098532560474,1.1013301648895504,0.8639235499624459,-0.6537420298069675
9.51255774147058,2.231985789196973,0.7163400805404107,0.7691357793100331,0.9154029704849369
26.097270654096505,4.834112773816993,2.3246989143234176,-0.18772702357988397,1.222711792831931
3.192000939762535,-1.0976410909305614,-0.5289467627246989,0.8406067127833834,-1.6687138623461302
10.151899714628234,2.4551947222861243,0.9573048225935312,-0.8252919608308644,1.1329263873010347
8.306670081547637,2.3631087954187215,-0.10609063534142033,-0.4929182749492523,2.060422698444699
6.173585195772254,1.5476044582656667,1.2334060763526695,-2.010216654566063,0.25200376120192847
3.648620858457595,0.9951385726822205,-0.007688995721369474,-1.3239510842195628,0.5990841852948223
6.327754510761983,1.3538090260481819,-0.38787578186246957,1.8076308056706858,1.0370053243691586
9.155879951880674,1.6348991323437814,1.306072203871629,1.6414286277223145,-0.2754823151790223
2.6374092599328565,0.7120870025813864,-0.4915619390189299,0.06578864864896251,0.1822802235378697
3.5655235060751957,-0.5343442315497612,-1.412725758900556,1.6629314471898375,-1.3141995296231093
2.327142749381118,0.18903289018563948,-0.5168468831738283,-0.160074486608305,0.13863502853045098
2.6800114093686505,0.8878824699683789,0.6190329465885323,-0.24341030256790827,0.4981119956445415
10.836727859363082,2.2316599451287695,1.3920387515870913,0.05651064846555637,0.5161630229264693
5.4877317514101165,1.5853928750184856,0.11112937529651211,-0.12492159532356542,1.0654247235975804
5.941760873459731,0.6857655532230937,1.318197067234025,-0.21519632356018042,-0.7748021781355291
3.5971244712399435,0.0989941266224162,-1.3581749214775931,1.1433981071495527,-0.5326067566734964
7.496767963427596,2.364124843592935,-0.4432634648179029,0.1501356539562031,1.8955073459913552
3.6286735828510306,0.507000534163398,-0.28857511715410117,0.7124817644338045,-0.15032837376370992
2.6600351622913876,0.381783552371919,-0.11455942747252029,1.031380525277331,0.200033787312328
3.7117424787659377,0.2919388518097526,0.08409438825019698,0.3881857956547334,-0.06701004172522106
3.0183926039773663,-0.08799675714814184,0.6909109573921928,-0.9702713259082385,-0.8216808263050224
5.127005735435256,1.8043431772062146,-0.44480683817049027,-1.3528658889640386,1.6235292108918062
3.173726289847669,0.17521455396619834,0.1390286869531256,0.1487806348073052,-0.5277014119206057
3.2074563231124507,-0.5891134176892486,-0.04512289032405165,-0.17125630482493448,-1.12728552370693
3.035937090940053,-0.2157088976198197,-0.9258899038911499,0.08739142892012171,-0.45074027730275157
3.038480410504994,-1.6234008067159398,-0.11366668908143539,-0.01605403924858619,-2.0017060017255335
4.798111857147767,0.1541230665763027,-0.14365952989711814,2.583573660166567,-0.6512874649831818
1.9318517483554059,-0.6548998279784302,-0.1650805650030461,-1.330226255641338,-0.9681285978523266
1.3668511199564086,0.5515239466306139,0.03175945658145075,-1.9899462698211248,0.6174286309273244
3.636767084135758,0.1026231219133463,0.07567354061338613,0.33237683351960967,-0.6734142395598725
4.064379344551576,1.1940062192989054,-0.43229517910733023,-0.3764225545881953,0.8878039355788485
12.337829095294925,3.0749868765301773,1.2727147339712648,0.3160678697299512,1.3984839930693214
5.014284176908615,1.0921750288119225,-1.1694806292030167,0.5838830222840011,0.7811753362875989
2.667592203419814,0.06577859290005778,-0.7209701084698963,1.2841046951788975,-0.21538828886007655
21.296948262448634,3.918579919066824,2.779963624223556,-1.5072258203839384,0.14111449670559295
2.1068731125383544,-1.398097755025371,-1.03799135498923,-0.556717897857163,-1.5249849401440596
2.2388923577476336,-0.1489138046266592,-1.3537546747097586,0.42876125888076383,-0.13377937252123967
5.148350974307718,0.2832584191885634,0.7344767450012178,0.7704635956872266,-0.8604384680668331
9.33271727788726,2.07365590400772,-2.077119853773874,2.1934495502883857,0.6943263811492989
13.266139698719199,3.276305953381918,-0.2352739099724389,0.9557039711138672,2.572752389244474
16.62490808683936,3.343504586910352,2.1458249250764885,-0.0567885958862771,0.49982163597380935
2.190109736928241,-1.71625989986886,-1.5449359221534005,-0.8904357529426612,-1.9911401489546665
2.540307682502744,0.10215164660692333,-1.9819644857387133,-0.564289852719019,-0.36123019291437297
2.5918041471739177,0.4583751893623221,-1.4991812019576982,-0.5927028229571063,0.12249092537445466
8.888946478297633,1.7177204740974896,0.8983595683469856,0.6552336285137607,0.0873574252602637
6.973286098536139,0.9562112849729073,1.1247767199858125,0.2569974455858305,-0.7308131256087531
2.022323355289704,0.4072504735541581,-0.5125887969785089,-1.323649570842179,0.24529174263693532
2.394897298138882,-0.44661815451940723,0.683212404001069,-0.435901469090433,-1.2425008369193875
7.652455855668777,1.1555590930528208,1.3902553275119895,0.8775475534514207,-0.944908722685067
13.333062431907695,2.7308100910913713,1.7873464144298254,0.351662354974059,0.6457976416037114
2.37851769290759,-0.5573683234391875,-0.24633528117984818,0.5686446160127705,-1.015663230879826
7.2726737893684295,1.6698339928039585,-2.301471717669987,0.38292171005726305,0.5382116054922572
4.321524049156344,-0.6043801845526328,-0.8208789224096867,1.6264307346088593,-1.369463774656058
7.457633621993418,2.2872578433764295,-0.4268041949352576,0.23604306382437004,1.764825883791736
1.9443936518691638,-0.40186295231341107,-0.2589387965783906,-0.386022797870698,-0.7742699224040547
1.7007378164859892,-0.029304929987086177,-0.1878594010087195,-0.9157550411335605,-0.22366657180344413
9.841419029120829,1.923155182046511,1.1188945979306693,0.24960945820971187,0.3306132610904059
4.6087379198797125,0.3804015941952348,1.2744284266875814,-2.4407040147750845,-0.5653499525010943
3.1805577592619105,0.36061743411928626,-0.17167365392478334,-0.18428900183271194,0.14340596107130443
8.969012432184357,1.9577788327281993,1.0984848760518187,-0.20583985992134396,0.5753567245201257
4.7341268887455366,1.4395657695914488,0.3576613666310894,-1.364470853617281,0.9606132325034853
3.734567454473282,0.7742225251205985,0.06450597286257172,-0.9282658386559959,0.7914974359729572
7.383714486922681,1.280969089608924,0.9065441571099638,0.8096575301482412,-0.171810463802674
4.73936042848574,0.591748383016599,0.07225204823791581,0.23071174907496253,-0.14663177404360228
26.017632496107318,5.153290817998664,2.0578111770977623,0.1017883337073275,2.3491085580250326
7.50220312156012,1.8875542537230012,-1.4384111667945592,0.30634753393202263,0.9498890682492921
2.8070603614988974,-0.7178502929580917,-0.5151708990920177,0.09262758794892355,-0.9218236563202137
4.854082080891221,0.7178859045687989,-0.1265188969539503,1.2428625628583145,0.0999881637655518
4.672922775571146,0.3881912617113205,0.43945269045799057,0.12342918170364875,-0.3351431387781925
6.1723530803068325,1.174083003662892,1.267960487103089,-1.4582131138187504,-0.1353342339231097
3.195935042784645,-0.48123482391958916,-0.024398567236156642,1.6301299648744103,-1.229495157708088
1.9977227721151107,-0.2235109618138973,-1.422229649506207,0.37034026732884573,-0.41192323438595313
10.10279488788625,2.7186012157310446,0.8425138964550043,-0.5892537307950677,1.8115557731939131
5.145782811472427,1.3573400227050452,0.7549587661419644,-1.2534017182950186,0.579076300875503
3.163460631344293,-1.5059489613351194,-1.941858659379406,0.3959142209580454,-2.49116140815146
8.800000928804657,2.13184002077215,-0.0038041336707993834,-0.11717200497437547,1.2167234924979469
8.704909227656103,2.1350480568494117,-1.590141830680298,1.5741467860324088,1.0896295229091613
1.8740161446996297,-0.28333979070212584,-0.6646510975020625,-0.34590728066682785,-0.35928530430641653
2.8211711599125597,0.7037401878212053,-0.9028089269627998,-0.8373807896824669,0.7172635437832151
4.936119435037159,0.3889994719953153,0.8092646982419858,0.8957962182359285,-0.8593992108172007
6.047281647336949,0.6342223140129488,0.11683017417218379,0.9252818927168314,-0.47025571626635737
5.766949281893446,1.8522195897449656,-1.2855910007560276,0.1686513676101955,1.4985463606698537
5.485242281381478,0.7704276827832686,0.8800659629573423,0.6763570476749083,-0.2717300398697084
2.362730650527043,-1.5776676832389411,-1.4338058239284144,-0.0376871207422379,-1.869731661954991
5.014166671016967,0.8326304274175962,0.3301137904709438,0.23386510100924698,-0.06330322278133675
3.781378390189595,0.5841765152480132,-0.8140106692915562,1.164990882563923,-0.0785883929143568
6.494158899579416,1.640666280220579,-0.3656770825305199,0.6253183340215028,1.1983685693734596
5.576126729415489,0.9455865394385907,0.504270748038384,-0.16927443833262468,0.014336422175760023
3.6487277526123973,0.23655329949919868,0.521449399059529,1.3523625459261508,-0.42158231144029273
9.086358757667512,2.297581345550948,1.3369690735559603,-2.3648553727915127,1.045056145231206
6.731962875982553,1.1642448305563893,-0.08225369967145327,2.052073311421935,0.12079023250111028
0.7848989200489008,-0.5763880846698077,0.306450862963341,-1.7059590948907353,-0.750022681565717
3.3988056313699446,1.2009268161134508,-0.4377373224043246,-0.627092824772296,1.1549975605416176
3.49423485136585,0.4131196634496071,0.18198988262279764,-0.04091753519506904,0.19366176451679923
5.88449843721335,1.069296371418442,0.4394860480085117,-0.14648067072816137,0.0029259666794376887
3.9679626272810413,0.6889043281174141,-0.09830984745437601,1.0064110400265547,0.17790839141165377
1.6329045821352772,-0.6598475389532953,-1.8037504840924963,-1.0578366186102344,-1.070668371416597
3.9669429233097553,0.34398033031472,0.3314708963308953,0.2607668174830632,-0.5276537761783373
4.750983126859611,0.9125060319263296,0.364561477355457,-0.578212098219754,0.0035826018327832724
2.4605053424177044,0.13228899524987836,-0.6801734763479509,0.2951409793374166,-0.19466369502467937
4.209141322193967,1.5042894715944206,-1.284387036072514,-0.06477225979787651,1.2724283828165954
10.9862588977728,2.1620118682973835,1.475879150503965,0.09293565268297786,0.21740585272700344
7.726314007497518,1.8199133739526698,0.4914455108944023,-0.5499248324643456,0.8549039226364025
2.0529044350978007,0.2745509784340673,-0.2290810309217098,-0.5100639500960824,0.009395354575849457
4.539491506148021,1.2421058618686558,-1.1370328831474874,0.28727251402742693,1.056288483746123
2.908768035288998,0.5698257655145791,-0.8218148284213459,0.9437155057560443,0.3975277565731539
6.450178170676676,1.3098228625608792,1.3025903967862316,-0.5982793341978477,0.013420485388464291
3.4316268661706415,0.5603579150308178,0.1376619408680461,-0.8687675445729097,-0.013283088959023663
2.3066629477649103,-0.5802211864137794,-0.5505870670007064,0.613460165671837,-0.9544386262909633
6.347058562808745,1.2116903088808728,0.5096892312246559,-0.0325038930576894,0.5069157201363107
2.970491543994314,0.2744756762156183,-0.8143981874463236,0.830498133985952,-0.04020473453637896
6.902075682141418,1.2600382247871476,1.5008430302803781,-0.9057972133711476,-0.5019919601812046
9.104110695160433,2.4281040205876914,1.3528005348967251,-1.7794389254234309,1.1064617708120719
2.206727508901269,-1.0794228974296871,-0.4665740712027766,-0.5330040818263343,-1.2502160258948014
1.784029620640251,-0.0016688713881666817,-0.6286702470308603,-0.766352609265016,-0.422495895432434
10.53471414750232,2.56688415961806,-2.618133198692279,-0.07878840008029991,1.0277187487795334
2.7932578955056706,0.28388365249791603,-1.481580771551368,-0.6368452142703895,0.31552294092025324
4.1859437590946555,0.5343819047718605,-1.3394697749577562,0.7410169513364492,-0.04785892765275731
3.527455223220307,0.6110791699239435,0.13519034098738605,-0.28815026242251623,0.25100354315014656
4.478145073848795,0.5286705247847826,-0.3262337044413599,0.15047449877390098,0.1794141710488413
2.5992534584509475,-1.0529694291703728,-1.3453354874152414,0.15763455844094396,-1.5166625462859213
2.4943341239203316,0.030319094148516856,-0.2811640424645573,0.19495509241218734,-0.3492618853479615
9.172626469795023,2.4870660722096627,0.5053371476473485,-0.024129110454973405,1.6165216545137489
4.269061891708782,0.4248940332648651,0.5278393499155871,0.5106006904103135,-0.6593241347771676
3.6916473189219943,0.21427233160266607,-1.8996702808588812,-0.7956551338258075,-0.31830101410433403
3.940680603675422,0.04969927707389685,-0.12826348048383082,1.399417926653883,-0.5416207633091875
3.03951913780891,0.12225650169801111,-1.3833407769716102,-0.2365373833685352,-0.08701522331813741
3.5654344722475377,0.06142502331638394,0.9017286971402737,-1.3115491378986817,-0.5831228313242981
6.188775361383194,1.4301110029130304,0.7841464163534986,0.18807335699177305,0.48674150215806
3.2686486547055233,0.712413244784246,-0.8980272263244585,-0.851180482447485,0.19731341229026655
4.292454019542571,1.0412387816257451,-0.7660452024003999,0.665334534508875,0.7735476151070181
2.917240704599034,-0.5144991511557802,-0.46126705049830724,2.2096055760423776,-1.0509411661889605
4.021493391143233,0.4624573976123576,-2.252793394731339,-0.7865720915578501,-0.3403404828829029
4.814254787560757,0.5205253539640777,0.3359681734405766,0.3323723332239848,-0.2257226316121348
1.9338520747944,0.45133811574802424,-0.27284454634013083,-1.7555055887046276,0.45564691008859476
6.69665622585486,0.8468284904982486,0.9701750825678594,0.4539052294413472,-0.7932211972070344
4.013359701452666,1.161082613460335,-1.0984092179625526,-0.8857137997996896,0.9156538042583441
4.418642373850234,1.2608825738799576,-0.6191229482499316,-0.6248346184344822,1.1864155905176088
1.0895878659448897,-0.8664019522085162,-1.5065252580391153,-1.101286489839828,-0.9888723476355838
1.6800356982636897,-0.14452537343380084,-1.0042905634942532,0.7321512260547355,-0.4908728948935657
4.13421814762927,0.17261072119332543,-1.1819819960682185,1.0073043574732625,-0.5319315082920923
16.341547046034993,3.871009631828272,0.9959736788464455,0.023385214658507663,2.6323862046774984
1.051462183430377,-0.6642761883150432,-0.6982618487513923,-0.8644267053357196,-0.4299001052078867
9.71706219751051,2.552579836206883,0.12417568474461345,1.5895230361038624,1.6776254421561345
0.5674445017144979,-1.3710066918979007,-0.3807634038618044,-0.7504101277546562,-1.2666319951066096
1.8710512828355328,-0.6364813203213828,-1.269465266012813,-2.162032299927439,-0.9896509661643634
2.5564697781615844,-0.36371301448012855,-0.1683004231716427,0.4583890099570684,-0.6866045318482008
2.740076965291915,-0.19178809263955637,0.5991033318635947,-1.1047746736415167,-0.8456893114465224
4.738849837138488,0.3151887002928938,-1.2077593925433525,0.9886087934991747,-0.26789873415849874
3.6378075569536352,0.2582180736111974,0.8091127907313789,-0.38113769667341885,-0.7087782027214982
3.4207886747289185,-0.46485779233874935,-0.8497209214776963,0.6037132405441962,-0.8193415927345735
7.38854325688791,1.851627601832935,-0.48298392607284074,1.401500346552158,1.1584719964733277
6.966837116113368,2.1370939759676095,0.5306831230100478,-1.208858864620722,1.2237936225131651
4.543804570656834,1.2899370703623982,-0.663436157219488,-0.5659371308924055,0.9492964983753157
6.256579096084958,1.3237785074517896,0.03757485933586561,-0.07567107265706344,0.5239989555843281
3.9417809227460516,0.5632931888906754,-0.31469082878809246,1.5375513190343435,0.09274306577955228
2.0725776466069434,0.004470120096539507,0.1293680067038185,-0.6583827179404454,-0.4970306906659087
3.5531782880302716,-0.031002979724339644,-2.380739105523497,-0.5945036959490072,-0.953157504755092
4.969151937892106,1.1183218327460982,-1.829681815208083,0.4781405755558084,0.36299570343268733
4.1481684542272514,-0.09202163477688635,0.6159670060468382,-0.5772287257105709,-1.1736303925467975
5.477213061130709,0.33374070073748596,1.0371814056490503,0.15252588289761657,-0.9939209291753935
2.4219174565311867,1.0549575581269153,-0.9104867035315213,-1.5515374209681267,1.1529132562048099
11.09890373011162,2.8461619646305794,-0.24402835217113436,2.2143299425565965,1.900649041722087
2.6094832612052903,0.44153020445196856,0.29471925290230155,-1.3477092303094034,0.39329513816648076
7.1887936996635,1.985510195476353,0.6932176016587042,-0.32175270399020833,1.1064571522946443
3.3591175840121794,0.4404198371102438,-2.0276772716708487,-0.032481035842094615,-0.24584831744398336
2.478142012621783,-0.8467082101872476,-0.8860402469783771,1.9126881343567956,-1.3376741860876842
3.759026068831689,0.9255072879488122,-0.33257937984987496,-1.32484578093274,0.612171618618584
8.408869114670813,1.753474026605927,0.7031401972360493,1.9837041354787512,0.5692893232700639
20.48293008470585,3.8177910148852834,2.498430483721495,0.7571768211020226,0.07166855388024412
3.5616079829243152,0.3012681718766809,-0.22800572680971787,0.4170953244232462,-0.24237545810511135
5.840091205261053,1.4263610960813105,-1.4069774621039888,-0.9846336870179557,0.9622105785810979
3.2916499910013677,-0.12393615161481261,0.40226807720129804,0.5711412420380737,-0.9857330334274745
5.666798382863556,0.9527596730166644,1.32099578954071,-0.7234866224198,-0.7737805788906579
4.45393812112524,-0.05714800107627735,0.10801412097950092,1.2666612531984123,-1.008106506760428
2.131513068150384,0.20873127080008136,-0.9066485451542928,-0.9710620291077331,0.08497296263582721
3.5672575730526157,-0.07410470434143016,0.957993941480019,-0.11315849445608393,-1.0878930121092585
3.179889215582087,-0.11835232470098905,0.663545618498435,-0.5552730880131714,-0.6842421805152437
1.9651316088803625,-0.5791469268790103,-1.0260808441956244,-0.9875229624269946,-0.7057555622271979
3.311725888196773,0.5134747155477093,0.38142561753434195,0.7413198169079143,-0.2606083323339582
5.115835777173102,0.10056388897503671,0.9972655676588726,0.5354587474096335,-1.4873744464039769
11.28803390955227,1.9881825785265876,1.1818900425588936,1.2090101989009971,0.087204992037267
4.105164201452712,1.3225065823768092,-0.06644897530945597,-1.7798751082081674,1.2473036506646777
3.9283364312720264,0.4762094718398837,-0.35807944617931886,1.0641707023410438,0.13549137231676192
18.267860298286912,3.7100552571445706,1.227273822081263,2.505448905356894,1.5413211448013207
4.272498753662808,1.374346360216548,-1.2101605029808855,-0.4516410891769469,1.3339981858769252
8.345499772981702,1.7820671688714096,0.4385792909210054,1.8951486121089698,0.7777350472478546
2.764316829469302,0.20424901480594052,-1.3700266273644293,-0.2631612720598266,0.07468584263688564
5.691226929410899,1.093514352923119,1.0653762722596027,-1.372409737561307,0.02250038824543957
5.08404794908902,1.3276652393285415,-0.2580455156111615,-0.3056324424067956,0.7637997723632599
8.514207874154275,1.4340446555397925,1.2685832356474693,1.048203967675276,-0.39167060950403243
2.129520254380835,-1.3206474591088648,0.491412756355527,-0.8381764823315314,-1.8825207514674638
2.136189822174447,0.4040835406314768,-1.22322023006193,-0.6003386590064871,0.49200405410295983
7.0362033114694675,0.919247292009322,1.4246277320772434,0.5935394322931908,-1.1310686299349713
6.556782251139649,0.8799210701698001,1.5512452664277294,0.003060116738572855,-0.9621412281903847
6.844794207568448,1.315324145131271,0.8822864925992157,0.5846229524867408,0.00022394799578804667
2.3294494478629972,0.1748081977478875,-0.7615878650362199,0.23782954075833587,-0.09512487755346981
2.6943400198664706,-0.7734287135856952,-0.30601395435740886,0.47962531955157295,-1.4120756063156303
3.533631003591073,0.6266423799371159,0.1454272174057594,-0.4323011858095411,0.16549156413314028
5.072228361871573,1.2974078765349615,-0.7037103993314333,0.23173094203039254,0.9661396608610484
7.908034018654841,0.9887176207161121,1.6923465724632047,-0.9273730056959336,-1.1283415702657829
10.3999573681929,2.5299703667973588,0.14432647172603683,1.2884336225033886,1.2724833308487593
5.106072072155619,-0.1685832068356258,-2.703348047107357,-0.6342747168173137,-1.560170825129944
12.251343772047646,3.0295990372846497,0.33935581275622034,1.1288474875493895,2.1173241443709534
2.7238330378782987,-0.09505685107807317,-0.34815739681731317,-0.2336069609828654,-0.4112604304834836
3.6306451609429367,0.545265825497776,-0.07492655611844788,0.20199901075732124,0.14561699682689136
1.9859545911851875,-1.8245712352109236,-0.36861936578569976,-0.4949645508907007,-1.89203357248567
4.843494159124388,0.7230350737544735,0.8070464166066876,-1.015995431168029,-0.06213606646930852
5.788584272817359,1.161054413163975,1.1196877785533812,-1.7447603876053015,0.22848217771819174
4.14473249034882,0.4990090498699047,0.28305316225865373,-1.0553241585924595,-0.08616210409949455
1.7318679578546563,-0.47721778832330275,-0.33931118713815905,-0.3239088532159216,-0.5630810770523736
3.7735037887025715,-0.15770254354018376,-0.041337204809170254,0.2118791788288839,-0.9465645185278149
8.67849287671254,1.9929268106975406,0.019599616577628296,1.0103793132832635,1.130526619537311
2.2341807758247474,0.23770915964294076,-0.8024300398648371,-0.4457574597968489,0.03080713499795014
7.799246296403601,2.2544357842829235,0.5789286485712348,-0.8819607642671741,1.5407523765167723
2.238102756687571,-0.1329687300652616,0.4600423238604662,-1.4427147860027125,-0.526482354794923
9.995924862883706,1.6973432963279014,1.5404412397766734,0.4800636179041039,-0.434794693372217
14.207163924605231,2.910297451709084,1.255349780288475,1.3831945153293432,0.815594244596163
2.608651811798396,-1.2121326318748646,-0.6856749175901302,1.2663302679562887,-1.622974962003564
3.122599215938979,-0.26613921408612434,0.8202983745089647,0.7099327481472374,-1.213463360152923
6.485195408956589,1.6616542952764424,-0.9509533830944716,0.638543317267599,1.0974849713531636
5.096652710655396,0.22572651877384187,0.6959321009408497,1.697623779709341,-1.1719339292231947
1.3973858495998175,-1.6549145135793109,-0.5166141987601078,0.3320814614168105,-1.8190510153025476
6.604451375120308,2.1535623851518664,-1.0232532233755844,0.6461296760241716,1.868527188073091
2.422670370585041,-0.9662449855159793,0.28004534269740444,-0.3207838618519991,-1.3938176478742055
5.708572029830868,1.0755135031741043,-2.6745671281541408,-1.3620433708547575,0.18411939832816962
2.996536025188229,0.4118657132626197,-1.750975574405228,-0.6838489004995763,0.06908519272427113
3.3781759444631843,-2.445064516426582,-0.17749188377428318,-0.009159038534655271,-2.810628316618083
3.630613429701799,0.15794119710194313,0.08244176663484246,0.06078537250130285,-0.2673170231678089
4.562753850539126,1.038297177668455,-0.36931877015818887,1.9262858548553932,0.44841324947910954
4.233196040477978,0.7834755034064229,-1.5794362987175987,0.0812771675910687,0.35430938151886054
6.006991013577566,1.464565878142305,-0.8178918421385055,1.178843444025644,0.9035206838035014
3.5595016717691186,0.20375201444029117,0.3912093272373939,-0.43507724157631605,-0.38749131490543404
7.136881658057804,1.7743345635121974,0.5817817706283626,-0.31167588576523414,0.7125044420921607
1.551707866225333,-0.3615456545752153,-0.01622311759594124,-1.3290076372234483,-0.6893290680800719
3.5557592344093796,-0.39720598075683355,1.1568337810369889,-0.7423280128765718,-1.410467416412775
4.611929471476988,-0.3415107143198163,0.3973970234592343,0.5269813913637531,-1.2977283756812326
2.7667632475792328,-1.045610463188348,-0.7474556539582122,0.007560180394133265,-1.4621104551954147
5.610488367384347,1.494580092130434,-0.2805020534116174,0.9429386198972337,1.0095859678911938
1.211688189194828,-1.3883852789423652,-1.4028661572078547,0.18125394834505026,-1.5145735090585566
2.6832037344538917,0.6546001633811362,-0.10813899039141675,-0.3524537316377418,0.27403884064930323
9.865105528966266,1.5892740941809245,1.1121006192213385,2.1482968637869586,-0.265924194072433
3.816282070225843,0.6377732579165535,0.6852900847109679,-0.09390356871304721,-0.1026485734506316
13.543544439065716,3.0966573538375917,1.402009325919122,1.163000969705304,1.3636072951996998
2.949611557003464,-0.16010069844104075,-0.3028852437989931,-0.4012092065446777,-0.4384273672152734
10.390180417033639,2.4235513133107593,1.3460997945142577,0.7095994793835665,0.6116015615496833
4.765832323623474,0.5542712541117799,-0.19330422644796988,0.9280156591516868,0.037563351381111706
9.061229677226281,1.7584586793907253,1.471585082569894,0.20849197057558072,-0.15201890563269788
4.612862041823913,2.0977322065846518,-0.02185674744212368,-2.354482922696602,2.2999691243864735
3.3372369285437826,-0.5209868243873063,0.7072313738042767,0.018252460856112946,-1.4413417457153697
16.264603269552293,3.5322319794691808,1.4751123643098556,1.2304600477599754,1.2891318354374448
4.997180242826702,1.1064191759842223,-0.1934276285812056,0.5274808330277304,0.6564065654899721
2.47011383890413,-0.1012490952081872,0.21838898754417418,0.4458388752292466,-0.47952499463178405
9.78145713570934,2.8331110663589016,1.2888634252063023,-1.722256933957519,1.629318517441612
1.6294199834725869,-1.76742744870533,-0.1330031639300636,-0.7204550706750589,-1.8481101123885366
2.419673325277664,-0.023087086434217474,-1.320892282506161,0.41135763115143903,-0.5217666572990717
12.081714216230434,1.8866092298570496,2.14300705458491,0.41038327678689207,-1.2084822042690762
3.1246573377275406,0.6545832592984531,-0.4697644643371368,1.2146667801329027,0.41208346487146014
2.8100981578043216,-0.4032957875184021,0.15875605093754283,-0.14486675514609437,-1.1130641011871776
8.226703741431917,1.7707002644905798,1.156006669451127,0.40582408667381425,0.4330639467413191
3.6729112484092967,0.43550738805898526,-0.6084939037312018,0.016374241931293703,-0.18643641582155404
1.7051423710291358,-0.3856923803167648,-1.0078679132221302,-0.9869427365015568,-0.47935394265608433
1.9452024088654531,0.3343937132263253,0.25373729677483314,-2.2557913310947475,0.38864724603331074
2.5714777395756334,0.15718179201836102,-1.7930763979123896,0.43100969213007667,-0.2686216239380642
2.5693107834184046,-0.6033124087237245,-0.28790607686792025,0.17394720841281136,-1.0886348430590387
9.515915251055146,3.2400105194958155,0.2450386643154059,-0.6181750421001689,2.8013729896349786
1.380232467771139,-0.4434463166886765,-0.2699518968251642,-1.6191730565158646,-0.4871671830291446
3.3746058704892805,-1.326158358117441,-1.5434509431857473,0.629739514408738,-2.2176090801520147
6.710507500323117,1.0243784675097325,1.5941779562040121,-0.265920074195552,-0.8420986897213886
3.2661191215196634,-0.5889240505884111,0.10353815394917538,0.5568747223681456,-1.2672766883727302
16.919999006488403,3.3129591937305234,1.431152117761741,1.8640485304117584,0.8261456160405156
1.5464997120678967,0.3377367089530747,-0.26003625018044474,-2.141430880319705,0.321652659591586
1.2360664743137402,0.22979242850867987,-0.8800119816907639,-0.6996008087023639,0.3987128017903442
3.8559573845870436,0.34550818432320474,0.2691809202551599,-0.20937561331191326,-0.3700224658372443
2.899744416217009,0.18509007821830709,-0.21578712632821961,1.4548261741466506,-0.2793502470569217
1.6559812414792314,-0.08959431511907268,-1.177761457991358,-1.636403019206485,-0.3709311036076685
11.476529682674395,2.0243773596086556,1.4697842587874956,1.9358610256806046,-0.08119318413546972
7.236822928196425,1.7614374748703914,-0.622270222893996,0.1358559015662905,0.8353334353648353
4.7053385224067075,1.2061913955288912,-1.840266384795568,-0.09600066173385824,0.33607541250534645
8.014220435108326,1.9944689100955335,1.3281660539573326,-0.19805976321890642,0.5001128296208667
3.4465479294174868,0.7404550015329721,-0.5042980158126232,-0.4362630321800288,0.49955890824920274
6.835812290022642,1.5517176645847723,-0.6078238926156243,1.0481167592691547,0.8844424373817379
2.9516260397186533,0.7834621917859755,-1.765387587029974,-1.0685207540824389,0.28815004154025464
13.90835797019868,2.7961320822277864,1.7409414865969908,0.3454141816438536,0.3588480726789188
6.794941266280356,1.716489477277332,-1.2894805872096875,-0.38418166570697554,1.1888062411931566
3.1585458770883434,-0.3118167541415526,0.05844948070564989,-0.7621334485140979,-0.6650459180031121
7.351176428185432,0.7942818386744309,0.9126203225404405,2.585975175683896,-0.8557425799515072
3.6120783559567937,-0.407272231845076,0.421716933003097,0.41905073475346005,-1.185921599186856
4.046816351790163,0.9484827540325929,-0.0596543119921916,0.6132655446611438,0.18291456362025593
4.528748707620973,-1.0352735981902552,-1.7016658582874162,1.1377767806686623,-1.8537322412191233
2.0848445130984157,0.5279747151478836,-0.8097248357672839,-1.4213499453185472,0.46215409605967733
5.796521654080766,1.0047929962872166,0.18780033804252202,1.7522919091220317,-0.10919309450055267
0.5278448196995991,0.5149436524957403,-0.7871740699869963,-2.5089571784950757,1.1346396998210568
3.43151535359842,-0.1495705767069836,0.20335945999876773,-0.7687664100385205,-0.6719173104649906
5.825271911468029,0.7288930847678942,0.6817434088151417,-0.45903167317890037,-0.20331828541750677
12.495921043479669,2.831484606999719,0.9625028858001017,0.5817233649705059,1.1222033332933687
5.240292047630346,1.4591267699051522,-1.2261793578126834,0.21871826614148773,1.3831356467781524
14.758221243789169,2.6438212073297107,2.196646054978954,-0.16681474069839325,-0.68015236575182
5.666072808377145,1.2549106250187851,0.7674793445541306,-0.011997344627723866,0.1817812325871601
4.185433488344998,0.6957560837738519,-0.0017141536690639572,-0.9780230235225682,0.2944189776840481
7.561885265385222,1.8102859655432053,1.0895365830766406,-1.4972323944841732,0.3736534056211483
19.2110580169457,3.3561289831040555,2.3654077719999735,0.7265116223360603,-0.26257565931562216
7.808500490754645,1.9018128867504762,-1.4387201010568695,0.6937061125361853,1.2813833981236349
3.8256760866215886,-1.1217547152446907,-0.2252626424913536,1.5844943751570586,-1.8897034836215454
4.570974794973555,0.33203603710667334,-2.3784316598733284,-0.7900170968152079,-0.421130234801084
6.698900694420056,1.188256100164555,0.19265153264802468,0.6928152103009225,0.4479307327729469
4.333541724914781,0.9801319196240326,0.36539424192514075,-0.28370672836473176,0.45722481194934367
7.563298989100002,2.062819691432769,-0.03916211544275943,1.1904749851934822,1.3527590306147632
3.4527711653330257,1.2366892822958808,-0.6545335709983099,1.0219627766781416,1.198225393201287
5.657485126415267,0.5779038355770142,-2.0495145161883253,0.2112093992244567,-0.28554162530722377
6.76180408473568,1.9362428269395153,0.3735336834117687,-0.33953015666598657,1.2998712435306046
8.91788137122197,1.2741080476594677,1.455434483915325,0.9609321786082614,-0.7140417437774549
5.201166744998229,1.4135015208697224,-0.591018455733432,0.6469045232565656,0.9308873827918375
7.781613066463753,2.1650474002617974,0.440059929023145,-0.6844404020861823,1.8105224784209932
5.78844323059255,1.7888891910868066,-1.5681443134200506,-1.327798673479431,1.2149441068549691
3.8977709987413065,0.8188299786198294,0.45721306369251385,-0.2885329006817962,0.10577038352412323
3.932128720607273,0.291868845484413,-0.39338229774465705,1.515413815348209,-0.3317787717721222
2.2566852751098168,-1.1991977424202558,-0.7624179506029144,1.1464871587330383,-1.5285912962592862
2.57630196343656,0.3861274599269105,-0.7603636412161305,-1.1123274696705807,0.310539637914204
1.949727236573316,-0.7217035008595936,-0.39361158203300994,-1.167757415899921,-1.1152172279709192
5.576401163164696,0.40407857834011096,0.3824333156925354,1.2746838496794863,-0.7931346636139368
1.6286565024936588,-0.8865353520863845,-1.3121632011955178,-1.135635904757829,-1.1907458007366716
3.0444667034132418,0.0994990325911481,-0.39711533156785284,0.509295323642008,-0.46039233265665513
2.3829966535945935,0.25688792044478026,-0.04147177799914767,-0.6160712153363238,-0.027969414486982293
5.011965424809115,0.6198374855146487,-1.0990392245318592,1.6170449245216825,0.27361458116570514
9.033766143523765,1.5719350052956211,1.796665201675017,-0.7704247991378789,-0.6005066354139633
5.030032587762277,1.5425703398444846,-0.8534954800613416,1.1433615302058282,1.0692837063951832
3.2837222676602105,0.33825063834014996,-0.6694369136334904,0.18485865406036467,-0.20820525798996595
2.6384640842851304,-0.377433415432177,-0.9783079498224979,0.2521948542342868,-0.7877224332655192
12.637924264484356,2.5242920872726238,1.7984800871381175,-1.9703085813514014,0.22629226724343637
9.27837659614918,2.6306317427538413,0.5529052285994815,-2.2029133532057186,1.963552833543816
2.4088123756772517,0.49461362930686203,-0.9365920062436421,-0.22056594026731396,0.33516056653511783
6.53173851920342,0.7477400039610528,1.1062315588599687,0.24690606341661173,-0.3628556273736071
2.4852691090067616,-0.8629525379667352,0.2006986942888783,-1.1251978277377233,-1.527461356118704
4.301745455616233,0.4832065489366325,0.25725342111150185,-1.0886934104763422,-0.21941232097207036
2.528738183859292,0.43734109270163474,-0.3444772087524529,0.561472629826133,0.23492812508811559
2.7581862446523386,0.32061731177487784,-0.7494159869569733,0.5628544804571306,-0.38758089125557005
2.262179771745207,-0.9134005853716118,0.33776609905460137,-0.13774106038792705,-1.6653846382409996
1.3324252305402393,-0.3457955341476037,-0.5450872299955903,0.780201721186075,-0.8505653895034339
19.384924430794317,3.9412127726585964,1.8167556295751046,-1.1742022957201466,1.4545384608877576
7.034852738631791,1.980435475292416,-1.2692911052431042,-0.3559349170869707,1.434001003730461
9.652994611615588,1.549214218015086,1.5361567728549452,1.6478776057836733,-0.8866391692045981
5.344034772051516,1.229122767780182,-0.11131884879780068,0.0683221299398179,0.6727567871994219
3.4912828980538895,-0.35365287384766586,0.2990857340211059,0.12631251458700002,-1.1785727847701737
13.159550820131255,2.9103185549551966,0.8331577666294346,2.3059465859677397,1.4043162819949524
2.5030333942939107,0.2583867294318765,-0.6302492950044363,-1.3993421658487708,0.24523584789423636
8.62159926734523,2.084665914511626,0.8642483846986364,0.7964303666421104,0.949641498616534
5.184499053976757,-0.10343785541558163,-2.707543855381177,1.6639862798080995,-1.7150933471825391
3.8142295362343077,0.8348594526651664,-0.7199895332219391,-0.3248579264985461,0.6776371019248881
3.7232743345717716,0.33132723766491534,-0.9240628073410654,0.8596307868548461,-0.007674063684503472
3.6623008169807894,1.02750466260812,-1.2535060123717616,-0.9820194972109048,0.8519290707908426
5.0365529227135015,1.1191094045288528,-0.21495483807895113,-0.6867323955673516,0.9148677980978497
5.188158191515411,0.9807408122311722,0.3857499681816948,0.3849664160476343,0.06578468947474944
3.720254306629465,0.23386889416441642,0.7026599984993058,0.7985666731105902,-0.6008296390959147
7.153779880338134,1.6190573880873027,0.2408767572004077,1.1209365124062458,0.7796961821794943
4.162570020671655,0.5801791503320893,-0.6656934648935471,1.569628586939493,-0.06015449940512768
3.3288477476633935,-0.22303995487791886,0.36901643782516713,-0.06744655855518213,-0.8727849535276425
3.3456094842875954,-0.1491314927762215,0.12428569485085071,1.1936117551725878,-0.9201522314576858
2.9557346380844183,-0.631786158320857,0.9360561679360162,-0.3423048434491489,-1.4771644163123816
6.998414459159665,0.8109800672628756,0.7769367029315166,0.9020913115882678,-0.5102911595630633
6.622420581181086,1.7892278526601815,0.03047641392062887,0.20748879785218177,1.1026920460743783
3.571167749841881,0.6585652240015677,-0.8972530061612568,0.4456779070819239,0.17782979970543425
3.9663041701107775,0.06410737465410454,-0.6529501558320808,0.42350787402203743,-0.5297677059230407
2.2561812950490037,0.8400066795493607,-0.5497893596380333,-1.6047050097978122,0.8048559381800797
1.386789303975159,-0.589380065933185,-0.31526633391625575,-1.1241218588607733,-0.8324766217233888
4.858443460525617,0.8026572333018449,0.2680504275897533,0.10254143981752241,0.09535027433277855
4.416009896113708,0.6314534728172913,0.7151743901280584,-1.6872790796411685,-0.17963037272551535
5.227474730125009,1.1051515087268704,-0.05111869301537766,0.8312111031997558,0.7791306255883524
2.3980272749346803,-1.0734929746717876,0.016124787900472528,0.8715559662881419,-1.5772283709195007
4.433939810338876,0.11043045778334903,0.14330630500000452,0.32717055287779023,-0.8501977458146558
0.674965714009593,-2.0326647949960757,-0.51590531313234,-1.1211340127579221,-1.6382456590945336
3.5181537895761217,0.28260460032954426,-0.9253922576429561,1.3801389388685148,-0.25959672180927
10.870316005038351,2.4000743382367546,-1.7554378973107099,2.037210639718358,1.2114275036324305
2.2078351162893077,-0.19728886730071518,-0.6951493580768724,0.14707682744597397,-0.5054472096535272
4.305437948855721,0.3141536358227444,0.47314545326778695,0.5105353784512363,-0.5106839381956507
4.861315131635233,1.2347261184046774,-0.7029114380395675,0.20173865479604391,0.8717244241841364
5.120913315959843,1.502061497656391,-0.2378070374259397,0.5303691889987989,1.0685495584552998
4.940381207845344,0.6921701674266105,0.46643128741231693,-0.119558756626396,-0.08857106726878992
6.004834861801742,1.3828058124939075,0.5206894964226687,-0.034564239843803336,0.6847148540498922
2.4061334298819075,-0.3642252091986251,-1.079532852166039,0.9057176004973654,-1.0769545408779464
16.24938406831318,3.4285200368321793,0.9970593564536414,2.3456241618964406,1.3779743339254138
12.159040602293176,3.2869644945030685,1.1273500893554853,-1.4000712344017388,2.1487062939370514
3.2450064119111066,0.5411986915176428,-1.12984985721856,-0.10381248440296688,0.5212157911887249
0.9672374900183824,-2.1334986309384325,-0.8238368696411542,-1.1804604852320821,-2.0843316213428005
7.923853046605512,1.2445314315132336,1.1910906831461916,1.5920248985760834,-0.5582302623977843
4.397187378815371,1.029428529569857,-0.14685352125530088,-0.5877379693198984,0.6128253216693214
2.307945672009453,-0.043390533485516886,-2.219777947451851,-1.443200793785794,-0.4214829971663628
6.265030631627214,1.633895232332266,-1.3996815047326863,0.6381869988485734,1.2721985542500975
5.914068508347609,1.433125465357607,-0.24936962517248124,1.7443111147431112,0.5881572644358649
4.254805596897729,-0.06169502387372383,-1.1630426502846019,0.6635978685607627,-0.7064755007657962
3.182952600212332,0.2934694561134546,-0.41342377063644137,0.20479787728191737,0.032264810771252796
3.061859519813934,-0.5621354856339915,0.03239621368357873,0.4091409227759942,-0.8938332206390901
14.574014010206515,2.629790754533839,1.4622546040347288,1.4148406628255548,-0.1825848784124418
2.2816159061913264,-0.1926901618959157,-0.29045391622778904,-0.8741992700141499,-0.5545932404325518
9.492030556121371,2.4803663003979803,1.0725417995727589,-0.111847104086313,1.1747618002330384
17.53320130062217,4.026067043440643,1.4287601620367705,-0.45269014850953365,2.1160120568309955
5.75129037079408,0.14467538231811797,1.434309669352076,-1.1678653072917102,-1.431188333235752
3.6541890042289067,-1.1487571100440372,0.28475459338556824,-0.3283752594168024,-1.9232162862097522
4.794947853509211,0.6829571463875469,-1.9632891478389742,1.1077210959824486,-0.24517242185138566
2.1951569783585922,-0.5927205898423424,0.4608248654038653,0.5666021483927255,-1.518415698828682
7.647894791583098,1.5062999713834035,1.048399887813541,0.6443105001082005,0.04621160367091715
3.704231299075507,0.9501929794013668,-0.08106710543541713,0.1464756116533182,0.7489361138059267
20.983287810641677,4.271789432646814,1.744583870075249,0.5233237827285886,1.494141897266825
5.140036786663853,1.0046806129535841,0.8598335614674578,-0.8005903423481054,0.20139455871528109
3.856071383351654,0.3539551606334374,0.5682733771527843,-0.3095098859272293,-0.193155224849579
4.924911880254681,-0.5852987752236726,1.086380711205838,0.19200423696867674,-1.9783849165730842
4.195705278980299,0.5894195212094242,0.3333698512608781,0.27751585888189023,0.026185149185798437
5.553807532682727,1.2428082794928188,-2.4928104993953535,0.320187854921873,0.07128726054946169
4.308784866345364,1.0740149596491213,-0.49913895147036563,-0.13833528201637801,0.6389568142127453
7.731923360423564,0.9436351976139693,1.1971680272478535,-0.37742340113033,-0.7084881015290911
6.170589222980168,0.6513132624287168,-0.807591340098296,3.157771283044298,-0.4350526002358597
3.0039334906428423,-0.9545254761142481,-0.22347250523693915,0.9067872729323987,-1.4780022553041843
2.9982688866045955,-1.893658226257592,-1.0448363139030714,0.4131474759526224,-2.2912928068840652
8.984465658218289,1.2731122650437456,1.7839225952017694,-0.23320849820639397,-1.108497090796783
4.35989951940336,0.1768442295849043,1.6814924574180155,-0.45121882694387627,-1.5703258142530165
3.5759964748888704,0.7171019362680153,-0.8838688951407293,-0.1308005937269556,0.3367122954206112
2.6071582470407026,-0.17087013499615838,0.14729800038908406,0.2928288435866834,-0.5181340566668575
2.5518951918470947,-0.20758029827544222,-0.6804940477640479,-1.880435544063081,-0.5382371300747893
2.252029691119549,-0.45827458994076936,0.6149446390313781,-1.5693895953746837,-0.9844130461752121
3.045796398242212,-2.564142355349816,0.509683077242329,-0.6368823889389575,-3.2325654325124336
9.881768953897428,2.4993097825587314,0.8117055716132655,0.20713943677856853,1.5083107487475504
2.21438411391183,-0.4751089779457089,0.3319184477078873,-0.23927314715185138,-1.0002705227767883
29.291526933142823,4.890708871344053,2.935406206388468,1.4781212260994843,-0.412420069849907
1.0613137677274327,-1.2602712874670186,-1.027923765010739,-1.4823967869957688,-1.4548921652893105
3.7400513113686413,1.0343682341349714,-1.7106033544365142,-0.7513454696033703,0.9719303434406339
6.695765092534359,1.0981007367881144,-0.3930902007014615,1.5200917409911012,0.14342893703732443
3.6156209123649243,-0.1079109378022777,-1.5679882655602673,0.13111932467514684,-0.8263652852658683
3.828743586336134,0.15049836597298624,-1.4924622700059926,0.8848425828011585,-0.3922296113440237
9.8462456029728,2.449900683099225,-1.001314654197967,2.0512469432694633,1.67817992212487
2.2295550383782734,0.07931612912868356,-0.9221889054316275,-0.6938044179018226,-0.07296943188127829
4.268695942915271,0.4889992409112647,-0.9546181019500601,-0.09931433779203207,-0.18173353761590594
1.6950510775130028,-0.315450164720929,0.5182189504454116,-0.2724269009308716,-0.9413814861392655
1.3280811336066807,-1.9325239502877447,-0.5061890610853361,-1.9545930044832756,-1.894581150472303
2.0472758572465923,0.11216325681215503,-0.17951457487248015,-0.31039680375596906,-0.16003867357934443
7.384048669607334,1.4021015326251391,0.8942327745009349,0.8810621873806654,0.32548511232461763
7.5865072334539905,1.939043824906616,-0.7663225247814263,0.5405895418122408,1.0995844643276695
2.7263057120100567,-1.9722708060384504,-0.26454589870472217,0.6190831693880101,-2.2484965344996555
2.179342481071479,-0.433158182378909,0.36575998609291555,-0.3755089806394995,-1.125096327023029
2.3531233097825197,-0.39997890202218334,-1.9415678006202213,-0.6560972360056414,-0.5807410905564503
6.956153562194499,1.1844357094694633,-2.3849055089505824,1.2692556718986205,-0.0034808485732018284
4.21667215805072,0.5488944694738174,0.3461173287977227,-0.49731714635766955,-0.14503369152842294
3.872054107058297,0.5908114821388784,0.49201428056689855,0.2940820387932141,-0.12168868568726995
16.625106507688766,3.3685348618178197,2.0642201348524107,0.16333468067753845,0.40809605856994446
4.125322761775231,-0.07821229103929436,0.15809487586680993,1.4617170162571183,-0.9032931107791091
10.546748658384887,2.471902236092051,0.8197397172580948,0.9714123576723597,0.9341414422336946
3.913614783440097,0.8604794447582611,-0.19547264358597383,-1.2952586206671208,0.4334524416994807
1.2042172697554216,0.00042496753881048066,0.29722722158508635,-1.18755316677504,-0.31983226412807936
18.03024584011417,3.8995885611642893,1.667256841749534,0.5789098180691342,1.6009079918889153
9.693536910008685,2.371646589762346,-2.1239928181256356,-0.06433764737916652,1.5564160355717669
6.874839169608415,1.7238625088341168,0.4136162575716805,-0.4551717839537639,0.9328953551938086
8.803192974776483,0.1234577750233989,2.135586730077366,1.0156278839944708,-3.0185567705677925
9.538752370024412,2.3193592608505043,0.2820342192093425,0.18745938208891083,1.5789450927179753
12.158361563788418,2.8991725185938018,1.6505729632328479,0.05245738688944395,0.7947585224719341
8.381267495336974,2.4895886432282675,-0.6292121495294424,0.7798286407550497,2.0064086377129366
6.747915938012093,1.9063151969346475,-0.03204749416371351,-0.3751089949435645,1.2374645917335385
10.579776354956012,2.538362645729534,0.03352470238858753,1.568518985472554,1.5783426774972855
7.120216672708688,1.727813972318545,-2.2175910793587708,-0.788047623233008,0.878654850180379
6.817919138726247,1.949995994060189,-1.1681778278502002,0.6569290663420881,1.3486931986455122
9.912314106508106,2.5626314951302964,-1.096875079383986,1.4338328386598451,1.9941237407344399
4.933608771194435,1.11863187925149,0.8220660780325274,-1.3772954892721,0.21655473837820582
3.8068814078321664,-0.6936604501474384,0.872153105684055,-0.3433351758524492,-1.5722305440781297
5.422981218330738,0.8682602160391988,0.3240364427065333,1.1422073928855578,-0.30746090001514215
5.744324287961404,1.1805975462706404,0.8241028968557058,1.1572445477310251,0.3899455993834367
3.00207101980047,0.44916758837500886,-0.16414941272177394,-0.17149560038823927,0.07488758437155775
5.97595563410356,0.36904076677766195,1.2019316695395432,-0.7346710936768595,-1.2465619661594265
2.392733330831215,-1.2082366551214896,0.00878844263207182,0.9559358223307622,-1.631067625194979
4.138043462236872,0.10543963351362189,0.05786404742675647,1.1835491025816047,-0.7411626686348293
3.1115652332536805,0.8270191143876394,-0.2655926332624114,-1.1646633485123947,0.807739555984151
8.024484296622678,2.248563363711154,0.6844504776364279,-1.2039136489663802,1.5803397708229694
6.273375862660658,1.4934302669306876,-0.4211988166129132,0.22525668198359955,0.9165676137777012
10.788855828284456,2.4971519578890535,0.9764313771980682,0.6293606334288918,1.0574272871141361
1.201877249434942,-0.22904663109724685,-1.1321491407160067,-0.2990690852300547,-0.08081557316355767
2.1551449661811626,-1.4886818485481585,-1.0989162547281939,0.6792938199823493,-1.742082457705964
4.63025322165606,0.5832992853899487,0.6874267551265042,-0.7101366068373821,-0.4552205808827054
1.6153688258914534,-0.13383467195919607,-0.0885442145830127,-2.1146935990737354,-0.2587644118723789
3.1065795340330635,0.10265393042333865,-0.45389141615312834,-0.42390107233259605,-0.49705248683568254
7.937450278988509,1.586560509859443,0.8900577324754597,0.06323214651310118,0.05469486537462616
2.3453761950967675,0.6248019623526079,-0.6072614140860845,-0.27583995989645654,0.4414197598929505
6.0580350713498685,1.5338656320423456,-0.20020125430036984,-1.1586032636594852,0.8530151882434975
6.215890778947582,1.150611906341966,1.3992279500711593,-1.8156489758788175,-0.27811986436633407
5.521619608377698,-0.21885195229439963,1.5391423458106503,-0.5140888043678978,-1.9037594056445934
9.305269593276593,1.5978554064902604,1.5723982102703271,0.8976557716497435,-0.4828777192911349
2.1251341459433415,0.22642046155304985,-0.2821257769339113,1.2561974394136823,0.04371039699198384
15.402217825500651,3.3514947452043553,1.2307029049844702,1.187713384138455,1.2228079221334083
2.4485667513511906,-0.11636032449033129,-0.948952827768678,-0.815909535148553,-0.5678078421841054
2.185415114595838,0.3719912858033757,-0.9069028747220608,-1.153706323630364,0.5125436283994018
5.39082815584309,1.3260028531836834,-2.350455852624361,0.49663461497989536,0.29008789963543236
12.02041770726592,2.36602255149172,1.67286820189853,0.6351000115979253,0.043900533123388444
4.463701143491765,1.1104450592810862,-0.8639798490760783,0.40016960520049744,0.9305333193245915
-0.05919453097030519,-0.973137399606662,-0.12653257974705998,-2.0140632742377633,-0.6608411967525808
1.5596506367410496,-0.4971899360875851,-0.9103243419282839,-0.8668845848834666,-0.5751864496435164
4.847399765647328,0.9105045738675689,0.6951652483301405,-0.02968879028597843,-0.011900823094228097
2.299400644036581,-0.2658717506048665,-0.37563366071734017,0.48721819463042715,-0.6401465050936997
4.769520286265491,1.0643726661465487,-1.3048168904329494,0.7673073626024868,0.5080122910545997
4.329602243331679,0.38091336006952603,0.44166256418606065,0.1442535222820402,-0.7131923043661326
4.082883817862283,0.6316519479220236,-1.4337300248102285,0.3307838065382363,0.22630420774513435
2.615428744243978,0.24256056460934042,-0.8374057253154913,0.08486545836110417,-0.10017276878675659
5.9650725691865985,1.2756739094553105,-2.106889114626081,0.685619374218483,0.2149259647767057
4.233289257672746,0.10997827602690102,-1.4239581121976068,0.312865651490911,-0.4597413950630392
3.6395207808550003,0.15000091678562594,0.17852916972047786,0.06573766004728737,-0.33908829452682704
3.279909534380926,0.7371634672424596,-1.9645360381029247,-0.26836879913738076,0.0960092679970502
3.7518861622139887,0.7454056901623185,-1.4811457246217157,0.0812914250424811,0.20207450616131314
3.439530669159513,0.3658633183372325,-0.0023689161328080566,0.48459137883927483,-0.004201915391156093
8.52739505015213,2.3284143256494483,-0.5436068960930526,0.2674753888980612,1.705362356513084
11.643307806437948,2.0582274516514674,1.992036635959309,0.3808264183452537,-0.9907369187412842
13.656881032763733,2.485685761696853,1.8338965460243755,1.3427218613511853,-0.06420379495271358
2.7777651167779527,-1.189836644869202,-0.8679224627511536,0.2651639227465874,-1.5736290221169846
5.801181442874768,1.242426932860793,0.5571376184034819,-0.6489985204731576,0.3720814786673863
5.1602115585111346,-0.004579426990862695,0.7492825568794511,0.8836067859941692,-1.115246536376814
1.943074878515592,-0.14687228754909903,-0.5974788580244031,-1.3661983376689177,-0.27831025587657626
2.2553497686844386,-0.13247329825242962,-1.4955415364982039,-1.0814133807392872,-0.3720643253313259
4.113287372500908,0.5483730949200112,-0.012298449308057612,0.3358472647200691,0.2808911266011715
4.007795659939695,0.06486052999137541,-0.17284567481411092,0.5163966677865788,-0.5527909175451801
0.4835645494662272,-0.7252594650882811,-0.4357644969706192,-1.245051223503995,-0.5953056976939823
9.018425268414274,2.3269852358620513,0.44231686816448523,-0.38281748098675,1.435856464085898
1.9374786586308366,0.3228214883514515,-0.7507296070055988,-0.6060838322196587,0.28456679047452627
2.1905393870547822,-0.36851247223187994,-1.151997547579143,-0.48667632288159673,-0.561050852022268
5.6312108887832535,0.770452879633692,0.10908297034983186,0.9435977762729458,-0.25083367181123084
9.541998825637904,2.6236092942776903,0.3859700925688759,0.7065054635472527,1.645354952270745
2.0282684855653526,-0.12785857288510638,-1.176644943900053,-0.019122179853707483,-0.235164878251097
4.034809291101844,0.22099863742329018,0.9280906109910811,-0.5459619271149279,-0.6892766231523877
1.323029857204415,-0.5196461730169423,-1.770481137776078,-1.3496496702201406,-0.6849961501263927
4.06462324537288,0.12504714542477302,-0.5781134587156433,1.4201849387819487,-0.5491264809895774
3.7293227593855103,-0.01344872605673976,-0.258008536197609,0.5921139002849184,-0.5944977224267224
1.3004168907462996,-1.2862798026602282,-0.6362237126519298,-0.7066691040731404,-1.279647848349243
2.2806047969886363,-0.9004643296894985,-0.5650604735511925,0.7195994976248915,-1.124200096946978
10.868480738994982,1.6987647391983018,1.871074482308114,-0.07022362057462567,-0.82932037436137
3.647615631864036,0.7895361796970143,-0.8508840890388987,-0.2871095048623429,0.5915710184530977
20.576301211237812,3.6457281065911733,2.441221722471914,0.43521152828960236,-0.3812372872728735
3.0875580310012154,0.42774672856896845,0.43712677973105185,-0.741498249912725,-0.20716168909404023
8.262352581339302,2.112757100040585,0.09205513731199198,-0.34375651951011005,1.270088025254897
7.074319091714079,1.8913842821097349,0.4762403533876659,0.12146106419954589,1.2950071499384181
16.487149336456127,2.9884664299293715,2.5299277492519523,-0.49945119288521345,-0.28212494313773495
2.3097282372827834,-0.4216918798622796,-0.993593003931448,0.669085210267524,-0.630863510683409
3.5742724976326636,0.06360087780673773,-1.1204179189363894,1.8690665036782608,-0.8644303136735378
3.8021187663116938,1.1866502552576428,-0.7548661965719211,-0.7542981326071427,0.6927757697082377
1.7601613409072108,-0.17778665552230732,0.032143146964560894,-1.6651252963040444,-0.20470723352228773
0.9029791491329406,-0.3483558996051844,-1.7257711248125733,-2.0017401674762616,-0.3864948903227902
2.2621784911876914,-0.566235053335745,0.02233923931860801,-0.15046814149498222,-0.8136645751375527
6.669455825691645,0.9425768381746333,1.693547133413672,-0.6631645901261828,-0.7696664090113885
5.194258918533164,1.0878935859551164,0.1514073906247774,0.2078605010670802,0.32005819149324455
2.401677431908317,-0.8649579670085771,-0.2926854589752766,0.1325976720261008,-1.315438265887262
2.524284579024471,0.9818793987531039,-0.6181604486836274,-1.6032168466140961,0.9948686937879387
2.559302528581663,0.01462012009675373,0.8985117045515645,-1.814883829481406,-0.5338446438149187
3.823521756897328,0.5292255843703482,-0.8258327732380475,0.29593324034609525,-0.14963594425179252
8.170633615180288,1.0353877901748292,1.8463959205992475,0.135428834719957,-1.3369779581405543
12.899707497262547,2.5972395951294356,1.9333597477143571,-0.42581799836655126,-0.012365938242364536
1.184377651510937,-0.3025102496510321,0.25675079866178757,-1.6571435851323046,-0.32832094269055984
4.328977353238365,0.5003748509102254,-0.0115150880766451,0.47139126276499077,-0.05008059885646663
13.590491527180179,3.1183714949125343,1.0306598082415594,1.2718995454239435,1.4717088983618902
8.811580558962042,1.7056839567021065,1.094798502227325,0.27798244021892227,0.17769804579023982
2.385657935220113,-0.6413333179803536,-0.8059917310594154,-0.8474738905650646,-0.7946591841458039
3.052880179844176,-0.2836044531211513,-0.526555133136702,0.04455216557115131,-0.7113199105465681
2.1502093661219517,0.4592113825828391,-1.3223474346832955,-1.366114080933685,0.5951311859137685
9.452238932995256,2.3044926611484167,0.4090649383340571,1.0579607138387925,1.298693290993424
6.585454427834386,1.287670186582123,0.6666278834568907,0.08184433452953882,0.28191802075105005
2.6798484270571965,0.7531428484390481,-1.349925637861273,-1.7681569117532319,0.6887127445547695
4.282281696032682,0.8986342551874746,-0.4551989048161591,-0.3006743604436826,0.6097377233367051
5.817028488855898,1.6279831373625009,-1.3472539175813496,0.46330151023423083,1.419064413357521
1.6326256306578413,-1.9868072227965432,-0.8987998102438378,-0.33304762097552243,-1.9495901727260327
4.674481484289181,1.0357806281508628,0.5510170602262995,-0.2758957214401739,0.6672189393045282
4.018436758326896,1.1970202537656214,-0.7334820666782794,-1.2244022070472718,0.9837360439035638
2.978245049225262,-0.6831481080415278,-0.30082595603229867,0.5665409870816561,-1.3387237061355735
2.3080301754391845,-0.36586479176501374,-1.6273117279473155,-0.6484692000191374,-0.885668184006416
1.477631339630414,-0.6167291251146753,0.1869902097246643,-2.1564453770050327,-0.8507827486281534
1.8729534204977847,-0.7512141359223888,-0.04427331984464883,-0.3712573706703938,-0.7287901963773834
3.1337532542494415,-0.1958943547324166,-0.7289592500331622,0.981149715570353,-0.48171705093552597
3.611371538176177,0.6155107798308571,-0.18901429768247416,-0.3869294465999474,0.24260281305494147
8.303996932222171,1.8402745621828804,0.1802948805034444,1.7379849851235203,0.8656746511673697
5.845058923109747,1.4143298604252459,-0.8148681489093441,0.42896794854851705,1.0813169577685364
2.899820722972628,-0.28061393048416716,-1.4762625440017794,0.3387581622803661,-0.8378230611677818
8.775698753706513,1.5127646155856467,1.8055744326868153,-0.12839826591760886,-0.8447029987029827
6.216851282775983,1.6299926347778202,-0.6332727047102726,-0.06828620776429063,1.315821840016223
3.5484415347013565,0.9206748455055171,-0.09676010318688932,-0.263423635119504,0.6467439354186445
7.1623684348248275,1.5307721191557473,1.0108397350203135,-0.30226939208252646,0.08286484186899609
40.8839540996494,6.494152535093005,3.529055187570484,0.5308671620671488,0.47333667555496695
1.6522433190999164,-0.14071911217101424,-1.2444864498888657,-0.9358312297905655,-0.029803781851440635
3.082379440104234,0.9408230782649584,0.4498272137265099,-1.0758938287242596,0.5245846830476146
1.0138607535511037,-0.3339860166727918,-0.7075522852941063,-1.1231950508753776,-0.3360666965057408
6.666825344158873,1.194429747051835,-0.5387903045767108,2.045654547677154,0.268804934439231
2.813199021047212,-1.1174254736649285,-0.7202120210067899,0.53034290167058,-1.5105460503694963
2.160764140643014,-0.3468132502225836,-1.125654967800585,0.3044922016801448,-0.687784294825431
1.211281097683347,-0.6583809837264765,-0.04129136178466144,-1.0575146702934315,-0.6770111767903435
3.518560202324712,0.3223710536035891,-1.4745026870482356,0.6233423006748285,-0.3743900332069141
4.043355625371028,0.16211919878208306,0.9468075665118705,-0.1165713464533289,-0.9265132547797481
3.3176830633551595,0.017693655523375804,0.055002936033374625,0.21416894113175025,-0.5335436258230818
2.748739958491478,-0.6489486318446668,0.42243497290144,-0.976620315863556,-1.5144140623981206
4.3871275606306215,1.0146121546876687,-0.4661886119462232,0.1602688574175767,0.5487004763949003
0.9065385539094524,-0.13608138441142437,-0.3672039342117483,-0.4238335382064832,-0.08251351891139448
2.3076992134084384,-1.5436420340023593,0.2875639051673281,-0.7656111570301878,-1.7052076077760168
3.0865847832730067,-0.37639188717066463,-1.1640506324058255,0.7341063358072487,-0.8348299105466731
1.71048119790512,0.14596367101397215,-0.35799043441333583,-1.5377078085300024,0.3366014275621669
3.8752749702273017,-0.008483482962848121,-0.8596135138784541,0.5647762643141506,-0.5430219463857897
2.443321298415295,-0.2589421838107606,-0.8905688105910143,0.6844861335529963,-0.6969414601380967
3.5537991416678385,0.563061641855518,-2.1098382406256415,-0.8796436755512407,-0.07459267700807634
6.881477039671645,1.7459852153496904,1.3393265894799997,-0.8203284611324674,0.3435975351782162
4.220596380149695,-0.8345496009374047,-0.6865387531537689,-0.2230256812664022,-1.4363524570391606
12.443075275364368,2.662775650212562,1.1633760551635501,0.28203621046222055,0.5501284812178794
5.665924198761245,0.4905100438570015,1.0687923213942923,-0.1528549918142255,-0.8002932816073767
3.145730822834822,0.49253109376148285,-1.2859997065164936,0.4335624601918793,-0.01792796824979873
5.251316224038112,0.6478453459740773,-1.0884112356728457,1.762979652537399,-0.035420140691509526
17.732171116531983,3.0665572563806758,2.560502959355684,-0.5077167691497139,-0.5270661182397741
6.07923166217086,0.7620756333796502,1.7509259419271435,-1.7151799707034205,-1.0236597461307144
2.765650312699095,0.14704333935844374,-0.03151851332810415,0.8259235830306532,-0.28568654809226357
9.175608828877058,2.383432599136346,0.2573731064173494,1.6833145759275296,1.625330309075195
1.4367781623605167,-0.8981063989837493,-0.6308464029471887,0.3927683630511244,-1.361675030463631
6.995759470940183,2.143083406336505,0.43235271420033994,-1.087748675353668,1.6923130191048756
1.506657577058662,-0.5044442004957453,-0.7171819007224715,-0.12389236323520093,-0.2597211710765324
3.6410598841603217,0.623600029194129,-2.0323537642983847,-1.1185234842116323,0.03537141708863912
2.597931229958716,-0.6026169532822416,-1.321555786511051,0.6428554939629476,-1.0867108113847272
2.6505911533102005,-0.2615130518080783,0.021092747850587245,-1.3512904026984345,-0.7712694166774808
2.7220998388005775,-0.17005061836851126,-1.1310672355025877,-0.3001287868282,-0.5029096500380191
0.31376053857068675,-1.0745781106699626,-0.06727746491353452,-1.0043378262939064,-1.0456949708779122
1.590556961004517,-0.3203499633038307,-1.0746610394328626,0.12682468513496187,-0.20891795737087174
2.981947922346328,-0.3317323673366303,-0.7823539225019935,-0.36634167713775767,-0.40701589180677117
10.624742658094721,2.9060620441737863,0.8531653064131918,0.17676210325026384,1.8507811424357337
3.358370617505259,-0.3307579742290284,0.24748054764010466,0.02235055496636566,-1.165974185680461
3.7453481999668403,0.39878033440097344,-0.009664421313347188,-0.9866590277241104,0.10269051674858726
9.126702897472429,1.7712146805495,0.8789639730706512,0.6268770635290218,0.24784628190182476
2.4063395609734544,-0.5354406074875189,0.48060859334734735,-0.0487656518431153,-1.0703205486518375
11.241114801699187,2.5332198230602283,1.4465632912513675,-0.9885290078659005,0.6868274954528385
5.189742951380221,0.5275676602292518,-0.4598592623151402,2.2409265562057925,-0.3983270128816281
2.399368754172028,-2.460192065357336,-0.4296349785275087,0.47643016671712474,-2.4923896515830672
5.132833230555071,1.2510320334080132,-1.3011092663913453,-0.15326055339930542,0.659849612104565
3.2075571508110468,-0.47449130233173165,-0.4289807173724197,1.4152045267018234,-1.1169408841023638
6.904524922607345,0.660616308348852,0.9647698943024456,1.8418156093866072,-1.047774946139099
8.930784657112817,2.142836812487306,1.299987372262134,-0.1453494223138851,0.6879020828923982
6.6243554897716646,1.2341758062524202,0.960305168086668,0.34739748643476165,-0.3471614824184498
3.5553180380480836,1.051642524026065,-1.7941918665494363,-0.9880028180029409,0.9177721505515003
12.37077034705976,2.7406796207298334,1.0831452126607344,-0.1471927507680115,1.2101660953653188
3.496489240105455,0.07416643090689592,-1.8385186232720707,-0.19906255375986986,-0.6449284603222979
7.450375687215915,1.8264374974726965,0.8981173241223475,0.184827033621654,0.7932624959550306
4.183229933516771,0.06445338832903602,-0.3677845265710552,0.33276047863701036,-0.7554608013928819
13.54320716763866,3.390719877064286,0.7025333139338557,0.5598284488280599,2.2331159171321766
3.957466448345582,-0.148248545222214,-1.332448347894566,0.23764265629995912,-0.6929570045312151
7.460887332650059,1.9755886600896495,1.1711676327061467,-1.2107426266291645,1.026087440960004
5.96567124763573,1.4910005343001518,-1.464974746104889,-0.9384671057410849,0.8437900258815753
1.645998919886866,0.2617170450977112,-0.6684549108531777,-0.546407619463673,0.3160878221089337
2.8660356325812932,-0.22220344133823777,-0.9980946277690352,-0.2822405919232289,-0.6705431614166831
4.055703182957283,0.4059151996081622,-1.754284852822499,1.0507742904721138,-0.1513974919414092
1.9708110491999853,-1.9600292487801791,0.09452756758846836,-1.162938986852913,-2.153588112944552
12.894308692601681,2.6923197669144083,1.8060891178369614,-0.3574150481706999,0.22442003838225033
26.512035015496703,4.712895424017552,2.666905222320009,0.9530094982140498,0.34961533102838555
2.9649451009524315,0.37067674197165706,0.09715578708624777,-0.29987747449661223,0.13349941906137158
5.464426951147091,-1.2306948489529044,1.1166812750675223,0.46041564984282407,-2.9733061712925575
3.171111917969014,-0.4523410593979308,0.2320946379285372,-0.13954204292790354,-1.265636445089811
3.538009766739142,-0.060218083161948516,0.49888319476821275,0.25678325732472285,-0.7480909828486626
4.550608622156993,0.9297393274221973,-0.34214865112723886,-0.22847254380954055,0.2916589331890461
4.165759442227177,0.7403354393000494,0.19507692542260213,0.667065472728354,0.2893389056429845
2.561906909631737,0.25121476966684614,0.5374787046064285,-1.5450564074064352,-0.17022379197117923
4.0081195364175315,0.9695384926859834,-0.5784597288763313,-0.36331200838854505,0.6352455366039567
3.694250436673477,-0.6745866368962821,-0.07749429989298792,0.29657267669430815,-1.0262423753028997
5.590816344153168,1.241547036574177,-0.05843011899748824,0.533695248006193,0.6102350056939962
9.521033373210946,1.9396322366850467,0.8264033173305246,1.4929526227538277,0.47474210483989104
3.218496014661519,0.5698462369499794,-1.0660321716276806,-0.3910246668655764,0.3775547328379105
5.227888495895569,0.7553619044812514,-0.05154220860765155,1.4794817618608729,-0.18204043108565582
20.251011392766117,4.205999109600376,1.9120054690526975,-0.6590238266596706,1.8307438248312617
10.778642626639144,2.2937740725060562,1.1640601525859375,1.328646411544644,0.4931956884898786
8.800476792881376,1.145126693816118,1.3491790488887052,0.8174671266983724,-0.9683358632535589
3.5416414286189974,0.7361459963480703,0.02443184017803416,-0.9134585796322228,0.2483054757359842
6.47663657179671,1.662505295298145,0.32099756368602317,0.30703923725182186,0.7524833770742185
4.878819167736014,0.47426959703157084,1.0022361667029254,-0.05123583553219154,-0.5881085989243096
14.98994680329501,3.3297946407613823,1.5602555295309308,0.6255845936750002,1.089272246931099
4.265494012205739,0.8285043522658947,-1.9516029128828867,-0.22327158843330946,0.3820337057160107
1.7415333433140392,-2.2988154825903195,-1.3154413070498456,-0.3072462256617315,-2.342478337665347
10.819256980343615,2.2282648317442835,1.3094441014026479,1.3690945827628513,0.29967197733792633
1.4250060283485602,-0.22207673391715085,-0.2768893557688036,-0.09872089445567296,-0.40602915441271537
6.738825285335755,1.1600900741354945,-0.6717207892580773,0.8264223241917663,0.537179814541736
4.427135670129345,1.4068470760747736,-1.2541609869956039,-0.22535148504419983,0.9442148402518143
3.610330486777129,0.4628741626268506,-0.5550167015441094,1.6666632592275235,0.195162047141818
5.831878205240958,1.7527320405775018,-1.4023692834238248,-0.6783346293354934,1.6652522339446956
12.045457808470712,2.263856788406076,2.091094272732477,-0.6141435312471847,-0.17870688456349573
6.491083996574968,1.3261283908967334,-0.02243605198057349,1.524517181115903,0.6248178230538752
4.753025552150949,1.2790206381378806,-0.05795054176271757,-0.44494639089525284,0.8049425736373473
7.141964565120877,1.0721998630513192,0.5880766751678316,1.6010743061643926,-0.09734596889273273
9.662498433186462,2.0981956278398126,0.9623451692665693,0.8918405795948128,0.7787743079777819
6.259966315724807,0.8757877765787125,0.9458881565546393,-0.15464970656083346,-0.5946729871621685
2.8399781867186444,0.13641164754184,1.0736219439075716,-1.8132934720171585,-0.4225684190212183
2.4648086701783853,-0.765010915196677,-0.6308455507908564,-0.019318304271835673,-1.3124886903363124
2.8252768677554996,0.5305614560157668,-0.29786680495686124,0.10163005353342468,0.24140911637004694
8.421305926810753,1.6050121543354847,0.7690316554422755,1.167217733304373,0.32525167585434406
7.371942519272887,1.7112271621645556,-0.52738906163962,1.5884471762401118,1.1792631585792293
5.216748430590963,1.4601746969285438,-0.005106632027225019,-0.6849871791437476,0.7911400043558836
3.932857696050196,0.376330740947033,0.398763764424814,0.8011817639881827,-0.28479555664743317
4.680155401609891,0.05479524301279393,0.7851850823103762,0.7654021560133495,-1.178179687334277
6.237637595560896,1.3122250733809953,-1.7776809623702012,1.0734127024104452,0.432850402519974
7.4599656134878005,1.898921829419741,0.7147456498889451,0.4986899121355445,1.110753172414642
2.296504000831255,0.5822318531620989,-0.23372405785172545,-1.94249769096177,0.7551849738039433
7.5493669703740816,2.0276351108827213,0.707457710864381,-0.1554224325277597,1.0844775248572875
3.102344463859028,0.4491886494345153,0.7769316923548287,-1.1557075749169152,-0.21188953119824255
8.711801221762512,1.4093163066886356,1.6079150611191575,-0.20260577291807386,-0.4666189681756455
7.504760016767322,1.1154048190680357,1.3534536476212031,0.980004236133894,-0.736901352231799
8.844288179883476,1.852312370959299,1.3465716626102961,0.30515083587497266,-0.05589646661359551
9.909394672216411,1.9295741786506222,1.4436703191662383,1.1480908663974327,-0.0785907959688194
5.684740723350572,1.1618736578220974,0.29137898481594593,0.3417539207135393,0.20667762853911578
2.432845804449046,-0.07211089403446869,0.0321850870368397,-1.2983259396689026,-0.12929745703550774
2.842024810426379,0.2767698566595391,0.8728170831783343,-2.5208470065727346,-0.13362772972677125
6.388489999765516,0.6651600120598362,0.7320809514330224,0.14880876167959034,-0.7766940529721439
4.53802519660344,1.1413655579864905,-0.30906623673826017,-0.21392646635116538,0.9416190135514908
3.207214012901331,0.3705228150527809,0.40482340880826806,-0.9769457393818821,0.0765180622437113
0.42644238430186066,-0.3801588773679925,-0.03509646678459442,-1.700627249651378,-0.17444393428528215
2.0875473883388063,-0.3875632357666717,-0.853932908460056,-0.7347432134727092,-0.7474292532492047
4.7489207811047915,0.205744737902201,1.2904607413763498,-0.19449148486477605,-1.3319131103910864
7.076436209940114,1.9189115184551557,0.05519924253008922,0.6658778237063901,1.3079641925493442
16.91278850242132,3.3440403685265383,2.0487082576988507,0.18863108156798009,0.5546387081318072
4.130236814755447,-0.6197944151575597,-1.6254922701998327,1.608067247172729,-1.6239178425699672
3.6713398546557037,0.8347269168504002,-0.5567787728433663,-1.0356040560453943,0.7631423007096569
8.272900983205975,2.084142710854717,0.03263883669087142,0.8810588920574334,0.9224811702331092
8.17560600878836,1.6173692629250438,1.137381097628914,0.04729874312872792,0.12437612230092951
10.115983854281872,2.6970090941623877,0.39946937260218507,0.6946691241185846,1.598110895751759
4.88149265836897,0.9746190174676057,0.31047275418075143,-0.43651486326554356,0.21671964212288297
3.2467457601852985,-0.8921917160986853,-1.127263792554147,1.0716803738905898,-1.4168235279491899
3.3390763121564215,0.6299030758855257,-1.1569413972294713,0.29522475834524287,0.365169001048321
4.562090984870985,0.8678561973600545,0.3225046602899047,-0.6794449849177496,0.24489730171272925
2.348750294870535,-0.12749935651716576,-1.3641059938183584,-0.012024028913188121,-0.6032968487781549
2.405843496107277,0.7300597626958867,-0.5318777502893286,-0.23955585893709902,0.573558836877425
3.8807537419777116,-0.7108277071566904,0.5009173290858575,0.4891783506377937,-1.667665266190862
5.282706561660633,1.300178629852648,-0.9823242722767759,-1.1797767493745086,0.9905668274427895
9.356231144323672,1.605825814733428,1.6053559623618066,-0.029351702115694572,-0.8781217036054526
7.52011000417903,0.8263634140255861,1.22393634423789,0.3953072526493312,-0.9849461251170324
4.6800681962610575,0.7204300705912992,-1.5714199983383004,0.03302330719303324,-0.11382477230747697
3.862981149022643,0.8710955536229673,-0.9323712431819872,1.3469412443889959,0.43297292804363574
6.44679853205492,1.3836497300073018,-2.28577724449495,0.7740227740710525,0.16392406359342962
2.955859751077578,-0.18401233245785653,-0.7825913625481332,-0.007480796740746615,-0.7426591657723782
4.214202288714345,0.41738148910633555,0.7663884765723994,0.21668909749767315,-0.5060892911918885
1.5602007217695928,-0.8265820236552803,-0.4138949422748569,0.2956655514819996,-1.133042347377462
5.21397207529359,0.9976598232957505,0.46079724361596747,0.40329960416682403,-0.22467990162987012
2.1760162675494157,0.9489532180652307,-1.5223343182817441,-1.825657995664608,1.0750212145109097
4.5733339851178,0.7572227760395822,0.7979752545819053,-0.30152629576934703,-0.004262937643876165
4.0814341666097365,1.1830120183638582,-0.5551092279283498,-1.4844390681934259,0.8594142547594533
9.60897398039342,2.4565394437056893,0.012169682282905197,1.2782809474594865,1.4554013377261916
3.087543692178649,-0.057613923034622566,-0.09287450139305273,-0.06084952000292773,-0.588018519036967
3.186436277027038,0.11489283792840972,-1.2715485208922839,-0.19334094967962276,-0.18657325305536468
9.220869754039452,2.5851863033093885,-1.1530843317397823,0.8967973320332352,2.171192861062495
11.789093125913803,2.8500832210035303,0.967794469003426,0.42232479744987467,1.4443434119799452
3.3140500689141272,-0.8349155359326789,0.3989921575016956,-1.1286345143792071,-1.6724045258123525
7.631915319791162,1.7764858864607425,1.0500490415534267,-0.0709053625273688,0.38714831606090655
5.531196477713632,1.0608684598589533,0.3246582355025183,-0.33516697322638483,0.0005599923396953997
2.7332785972802753,0.8755873499070566,0.14299063480921648,-1.744532888606054,0.8264531108587624
1.6591270693902294,-0.3562416776064032,-1.7260106186667665,-0.6902762332372047,-0.7449787674850553
1.8808220527354593,-0.5641820731420694,-0.27036669676116976,-0.18354032201646558,-0.8396083720406722
1.08376646076087,-0.4295564001251242,-0.027384320403744018,-0.1149509314918426,-0.6760707152936095
10.303684195761257,1.721950339983704,1.953107198272574,-1.4822314236773086,-0.5719285461984328
8.823533751230888,2.1141742841152436,0.6869566320986773,1.1516655830474756,0.8153241668090142
8.148537008361012,0.8791000281044643,1.5360611817095284,-0.10210305889143893,-1.18120117314888
5.712869438239121,0.7248713970988495,0.5975377058947282,0.03755307666056291,-0.6226138999593189
2.892090431965565,-1.319856498162879,-0.7113032269494793,0.4006416383398367,-1.7890123905014415
5.779986656731134,1.642207466045103,0.11712421614985134,-0.7880762539036712,1.0071178234123732
7.750727481744951,2.0103724497659026,0.23622364626423303,0.45635597313269627,1.2710300994311405
3.5862003442215418,0.23014893040714324,-0.9391555697706817,-0.367074646018183,-0.3270734308637865
3.7857215570052225,0.3545557924636885,-0.38438737659292116,-0.8965855406471918,-0.297949364813223
5.492288471501366,1.0839469470166634,-0.205766993677172,0.573447493355399,0.45322190228289727
16.928942964787257,3.650499406348792,1.605619832565118,1.4916738588018077,1.4744820073782556
5.489666821912442,1.2022896952114581,-2.0807405253909783,0.7248293734858318,0.40861074756391724
6.708492408261454,1.0825490606734653,1.2058184207160432,0.9229775651404306,-0.6975419424751146
2.2262306377653656,-1.3367711100556807,-0.9367952349593828,-0.520630606562299,-1.6188225719864404
1.963216366126894,-0.9162243864135783,-1.372079187269614,-1.5976197291684564,-1.1151262626634877
10.963698462355625,1.970936585069586,1.179942130038464,1.4901375220998412,0.07321945031246505
6.737500767871531,0.7836239076732402,0.731898069234381,2.05451488940476,-0.6553275232007943
9.568431507935655,1.9756938760821192,1.25451870238119,1.542806773769682,0.1949677059907586
3.9678806877943176,0.5528345046344341,0.8007019475455768,-0.3357859389797497,-0.552924016236234
11.721054439186103,1.884735102679419,2.059845001737402,-1.1546343387288442,-1.0581464312944115
2.2457510283574535,-0.3131688336682004,0.5587238369444854,-1.0656826978195666,-1.177031631453071
5.03655142948436,1.7616556484875967,-0.15647737612315848,-1.6837325676140487,1.5623545093732296
7.002661268522059,1.780168149005677,0.34292637732134257,-0.10737861841004537,0.8889877491836429
16.022686566682996,3.5630399437821016,1.2434691283459636,1.6056779580824545,1.730517951827958
3.2497740193289903,0.7025054518212258,-0.779375325260117,-0.1416626318722431,0.539950900755103
2.3907938347736235,-0.21754052347363917,-0.6518885825313808,0.3023229003482745,-0.42999140861483914
6.297489950273659,1.94755987068404,-0.3089600145979074,1.3755969643042085,1.323340922489938
3.85399650722278,0.5782009846049455,-2.1045827987653323,-0.40409531183239966,-0.033068001361767865
6.430364494174642,1.4443619080348098,0.13807840841754682,2.035531456719595,0.22084177029035282
6.094871672084253,0.8847099132724137,-1.8861287039510257,1.9920944074974534,-0.042824379075519094
3.154413647926586,-2.60629658659212,0.053059312932619035,-0.13111133868048266,-2.9469042192840145
11.249402348660603,3.035006381946542,0.8652897561352498,-0.5775342640192128,1.6047350122948532
3.8083626778744937,0.8699616263124871,-0.47687646064383565,0.6972380463903131,0.49100394595775343
11.43009603929438,2.473396991518044,1.677115870186871,-0.34752494251885807,0.32982306086851004
3.0138655938764822,0.20684587271607402,-1.4605008994184878,-1.1565552170673363,-0.0617760622705607
8.765308638537372,1.7136978716030618,1.1912606816318325,1.2812386535229803,0.163427820386131
6.71017879119002,0.8674188371933831,0.6751370564069207,1.21644738727708,-0.5972789358462477
6.151341254818097,1.3005198897792045,-1.7160332483106886,0.15551160376356082,0.6165793523072711
16.576497596428354,2.8119243762648503,2.7107942990405327,-1.2628647537281779,-1.3070983443991324
2.4945411298202638,0.2736651904586612,-0.06374528550396617,-1.2295262512173861,0.18606843247054689
4.33683858707368,0.8950959384138788,-0.8774840221556317,0.10722928841915275,0.5615734705711045
1.9080650983804768,0.09965252500046738,-1.407087194784017,-0.49987103450503223,-0.198669133822903
4.461003744340408,0.7599402708314464,-0.22001802765967404,-0.3410929321416081,0.37086779247102475
1.871704081901437,-0.6366983937930043,-0.12740687238995974,1.021963155060003,-0.9913343922342502
3.912083388166574,-0.24254003604441984,0.1026455285396643,0.7331793174225577,-0.9658267708959641
3.178617793298332,0.6047595619277164,-0.29779615622395983,1.378142680497613,0.23671712102639317
6.221878106027363,1.4889967672536382,0.6332253101150935,-0.9906232233772576,0.6785496546210517
2.5599211251491156,-2.0179716443232194,-0.38762983266324635,-0.34319156868671197,-1.874865655501711
4.414968017709829,0.9592433892268947,-1.934964117240471,0.7589816954601127,0.5220206351107666
3.5291574379352224,0.14213582020422977,-0.1493614956496412,0.44807834101289173,-0.5432015003763371
6.658742800441455,1.0020486032510698,-2.367477653373278,1.5323803825876219,-0.19280608730741247
2.6975749094635724,-0.7385507838805891,0.3537706308913895,0.4205367059040693,-1.3395179235650372
5.379969665545919,0.07023227201768134,-0.9793002302826354,1.8481091041055524,-0.8516172401867079
7.0091805962394425,1.7293402884659874,0.16336035491580048,0.5400178017231407,0.966125325530311
10.571282886125339,2.094790310487671,1.3140749815246042,1.0621674475886602,0.03286337398021315
1.8602836577967372,-0.1850669271327961,-0.9487486952680001,-0.32351494678445714,-0.38277840170955824
8.746682507482062,1.790802411651164,1.061256258512118,0.01428721188398906,-0.11648835263103476
4.047619988041984,0.890151104930884,-0.4333895666861532,0.910944403839475,0.4892118246643012
17.476068115919496,3.4106942453836546,1.7531948020655854,1.6129781705930544,0.44049449616333775
3.459437232122303,0.41597180412390566,-0.36515261319821335,0.729236949310753,-0.07502700039680087
3.1091498792877,1.0371047223796348,-0.8404929855066914,-0.08317177193461948,1.0929591108966683
11.21446288657453,2.327807623470115,0.6872384503952884,1.3773350295283417,0.970462636906666
1.202705484763845,0.37700775188726665,-0.43578972962363594,-2.1919786562798818,0.4133720291303957
1.1031964389655686,-0.1484130518552712,-0.8414495141290085,-1.4222345015068738,0.05461178291007045
4.443116059401143,0.9387834359505649,-0.47783985070379115,0.681634223668389,0.6573210951195391
4.374481567474205,0.7904432211573272,-0.04460653218300141,0.014108356253124855,0.3142674218011834
13.311681140232599,2.96337668211534,1.342180131244854,0.6055136511241652,1.0608000718059476
3.896447399476279,1.0734749740601002,-1.934087745459577,0.06440752243194205,0.8995613767383077
3.9048590477360117,-0.18174032747170735,0.023080658950420684,0.5709456946038727,-1.0182539014177285
2.893866381127244,-0.41814018159285504,0.6249035946540432,-0.8144028209931906,-1.0859631707417063
2.737660608939297,-0.2455508312219684,0.1934485749917961,0.5704860860796908,-0.7012495444040763
13.262997734553403,3.0328915193441337,1.3098651694335341,0.9944145282075845,0.9761386900669211
3.048083540417783,-0.8724369683308812,-0.07434532975852405,1.2205506039312326,-1.5763089967712456
6.6810271476782015,1.4586434527450853,-0.18455144218594463,2.0135542946486997,0.3947573891079933
6.196210537611984,1.4003742935755712,0.5923295470133433,0.24409844350238635,0.36254309109296134
6.648714178156928,1.7697432530937514,0.09931381495134962,0.27391108684717863,1.1626480586861927
1.9679227952549856,0.19567953457057594,-0.390408738280471,-1.5231724641738478,0.18033869066388744
4.004944327856704,-0.5149556980270045,0.5161440395863797,-0.531411401138425,-1.3432093905839007
1.5580499422291618,-0.7792038217851657,-0.6525282932166449,-0.19308207400661265,-0.9593549606481229
2.907905177651326,-0.8359734518563804,-0.6111771520193268,1.050319552276355,-1.1819955218978246
2.4138662154077584,-0.21852607139687605,-0.5279940217656136,-0.6110011240896291,-0.5379439663331403
9.672300745205645,1.6732422939781855,1.3530691601664073,0.7963400197488324,-0.1829015674239269
7.502540994255683,0.8429233916654568,-3.2210163559857135,-0.0016217169633801235,-1.165441526221057
8.569694906485287,2.397853283661469,0.39559883476294233,-0.1771681151147619,1.4706619906522893
1.8261552633692533,-0.7807896253982545,0.034271814200222225,0.24889396913325626,-1.325281371952441
6.2609166860658565,1.778041355123021,-1.6808704592381203,-0.3911563722528423,1.3461034238624805
5.608840120334823,1.6630682724128107,0.3097267791360022,-0.4290372480926655,1.1851630314393404
4.599809977987132,1.4492713385626497,0.475751991831532,-1.7047859057901145,0.8983025496890353
3.382025362776363,0.2257300761991129,0.5896392313574,-0.24795420732788961,-0.6937666074967505
7.845321746164176,1.7103558675686108,-2.651828063044949,-0.4799681461487265,0.3424508791769014
5.925006348676872,0.2469076145537858,1.3663894118544384,-0.5159809893490795,-1.2773711335506177
4.40684725093418,1.1971265349230742,-0.7377367046848409,0.41687306259004037,0.9109070350337491
6.964329961696667,1.200865543492035,0.6865677467531761,0.6586319527905097,-0.07398478153626888
5.266991330367872,0.7228552818799172,0.741073780682286,0.2321945046423276,-0.4093202145866852
1.7777999542887182,-0.913674642634551,-0.8766970856192929,0.9954151904494745,-1.223744846656269
4.724903712000733,-1.1399907391422042,0.6604599523515503,0.5755619258303651,-2.4775061186290164
0.7740514050643377,-1.0854073174963799,-0.38549324091235826,-0.29505618980564224,-1.038540857035756
7.291792334912017,1.9285763251785728,-2.0713771793381577,-0.4628562857143799,1.1127981956129065
5.832372532908036,0.899645935833413,1.167741925527779,0.31282223676684645,-0.402833428474804
4.992408625601896,0.6152681950633717,-0.7750449630162398,0.5737671099019008,-0.1693288571150473
3.754547794682324,0.9180042663032217,-0.8544934627380543,1.397844307031498,0.6555543582884528
10.24241365836862,2.6215593116533316,-0.4030658680367221,1.1911730449400955,1.805668878116265
6.071304902292531,1.858735394690744,0.2722367253273881,-0.541473006507169,1.3250046549456385
2.0536360898427772,-0.5937080092337204,-0.05727041082210227,-0.10200628012726169,-0.9723350038161879
1.9588757452958483,-0.9071410106193224,0.5480669247071704,0.67101780491777,-1.9425705714374064
12.558252550744509,3.0681187281921356,-1.3394893665286587,1.067997778058972,2.3596142591001037
9.031733949904838,2.570053476619267,-0.7423863704307346,0.9389694687047921,2.2689916116594535
2.7010693185895454,0.45855854490468223,-0.11599707232153356,-0.06387783283134668,0.1884535964292827
7.664645376775615,1.1381646959750222,1.8978872926587056,-1.2540226524285165,-1.2704882455818216
2.510430190960784,0.8689503868780768,-0.11381253841375806,-0.9989363762455913,0.9632265338939392
7.084131661459968,1.2256205385077341,1.0852222636616315,0.2726335143194143,-0.10798368601261019
5.219358651511312,1.0833249183143019,0.03855516878431771,0.34222557942434556,-0.11298112310661049
2.566712409018324,0.8094687600520012,-0.4836586374375685,-1.098679373434385,0.894458843105129
5.601457983677706,0.9677488977822639,-0.24672442411444054,0.04456961088927163,0.3343747468732986
2.0197408866368507,-0.7524604895578242,-0.16841971202888115,0.631224356971783,-1.1858149110149452
3.8230558260390684,0.45796108530603225,0.6036457389607386,-1.151226657507144,-0.32474193508197385
14.241122958328319,2.7671959820142766,1.3746112675765545,1.1049972018044145,0.6611529286613463
6.270959549113326,1.3791888572305087,0.3596808476863211,-0.37753114855982517,0.5102522224050183
9.865131465502332,1.9897732954922032,1.1870776787417554,1.257613112576651,0.2620165743584757
5.947786046117878,1.521360295607479,-0.9647897376296856,-0.5334524457759005,0.9334229544758639
1.251087230522503,-0.34064911406633724,-0.4146305088140307,-1.026625482884179,-0.3617169878172646
3.5344650662164994,0.42911944118470124,-0.7243025342076669,-0.4581369898417196,0.17866977521907204
4.081202374815346,-2.65866842269298,0.31444459087485244,-0.09514812307732015,-3.3755791001776
0.7025277576662666,-0.3925636550895163,-0.3589583851794136,-0.3884799067714809,-0.4496501938428139
6.701282456364286,1.68818520367055,0.7297729370341954,-0.21600142157311336,0.7639029085756444
2.407305418465186,0.0032296629683169417,-0.9310017116324415,0.33396514967619034,-0.39039446711714254
2.5481550902441854,-0.06481648824214208,0.04303097332128144,-0.17117936979639942,-0.466227391717112
5.276500281705879,0.4184704550082511,0.6868579110122561,-0.06611239395200703,-1.0414529517748186
4.571349747735329,1.2407871564255486,-2.0653027750406103,-1.709226399202596,1.0033658927291456
19.811084713852793,3.7738992453089533,2.1216313073302038,0.3916980160104727,0.5484632735405707
5.464696565680093,1.3613424554478786,-0.2831518848798757,-0.08920329769166797,0.8254145978230849
4.103914271306875,-0.6892117540057754,-2.025039913676173,1.610292980482871,-1.7262139619578896
1.707143650636442,0.06514016603168027,0.15809389857678602,-0.939565167253958,-0.16045004326563395
0.1307974268434946,-0.2783638638766661,0.03344346797315094,-1.808295328499514,-0.2801110077500062
3.4247868168509465,0.20051334937957635,-0.081894379572493,0.6180684939300418,-0.28057170659855263
4.967399981311813,0.38646310672216533,0.9911911129266663,0.3465270183130003,-0.6160275437179562
3.2569117002825627,0.29284072026090285,0.7474449714270557,-1.0084330205311458,-0.34610427178001524
2.7683692454666273,0.9227568516986898,0.29787619102384505,-1.5297489550040915,0.8496447827066518
5.019621317158935,-0.5503271611699316,0.45015563394664765,1.53739673068429,-1.9128513533478293
10.204011303707977,2.634897305701147,-0.10435844943808653,1.4141103906067818,1.7772947680304536
11.627719204595031,2.477000344398896,1.7754908492400483,-2.4874567587061294,0.4838411250264615
3.8455949011032096,0.40059813783563436,-1.4791960183577666,-0.45822302925650094,-0.04233189566021276
8.42049621887619,1.848742696137878,0.13965167421589658,1.6641920547838993,0.906834146372926
3.2363410753219037,-0.7211304139054195,0.06502463118878012,-0.47606255777786693,-1.4518347451684348
3.2216301155039773,0.22009182559618118,0.813280406064593,-0.49061223402665266,-0.664700905151014
2.904206891366666,0.1354065043780429,-0.8438538774248993,-0.28275932762936834,-0.12107543239055386
6.290414443879179,1.8310746833495948,-1.743672602396536,-1.1208969737681593,1.3655603704321775
1.689232381474299,-0.06590403078085577,0.15682301609819319,-1.7047757442280442,-0.046496581126557926
9.38463673460633,1.9442243355959634,0.28123049221860413,1.0525473107347487,0.45005467118514614
6.1856130424062945,0.9580184002817141,1.489599409447649,-1.8429369062476757,-0.5895789959361276
5.609294483955731,0.9136591449647957,-1.2703620463250862,0.2472714521087559,0.486842068967491
16.043145430259948,3.583273289687665,1.15469376671672,0.8865794927576496,1.6772395929744568
21.84747122303396,4.25337491181007,2.3674143640271215,-1.4512262989011584,0.9955266916741141
1.9403775935971102,0.0952353848946205,-0.3777648875224771,-0.9242684025950716,-0.08145598777787942
6.147450107623898,1.2986410070378116,-1.290942219493224,1.21317918839159,0.6754908472654697
3.928955043631581,0.7294668497418405,-0.40697436637337114,0.5328917202270399,0.5775169546072118
3.6238896761846617,0.7788987001705154,0.014004967371380734,-0.6172857068788872,0.5065876716972757
10.692348843945947,2.3330961726693364,0.5637878750069146,1.202249003361171,1.1119533608604089
6.462640825406721,1.7437903693619456,-0.5913947298380474,1.2065357234543024,1.1044777038374665
10.976959464647326,2.174077102986958,1.555198534147342,0.2690526930157071,-0.1271585968748843
3.0953962585203643,0.7531353311135096,-1.1145323150080617,-0.9001602278736632,0.6418790614777692
2.4874695243416207,-0.2053941722234024,-1.7392051521728,-0.41344870347179546,-0.38309492115979377
6.614466614509045,0.7663486397421589,1.1067104242873174,0.28638674395539016,-0.9230723963155776
6.210274808481228,0.8948648827814858,-2.2746210312061996,-0.18859482914748824,-0.2694937557039864
4.454312408648793,0.701598002804284,-0.2041297688727162,0.9389571782348514,-0.07627815173958266
17.641616412691825,2.9745587122586583,3.1176811292080484,-1.5297740801093362,-1.6615809891779918
4.577583272692442,1.2643788016491924,-0.0120435529599315,-1.4942635290662387,0.8603325594167204
3.8581481743163892,-1.7289168919982365,-1.1207676506962496,0.18087111148243243,-2.767325422602398
10.871556192458572,3.111828128374386,-0.057397463786793744,-0.49154441380690456,2.7148169394863215
4.826162283707124,1.5894958941352888,-0.05080078861953355,-0.6270486146977409,1.5018791337963189
1.4005023756785242,-0.14380958674042715,0.16064994035311653,-1.7680567191743972,-0.2610087241723136
5.859216477629119,1.1011398979257152,0.6622629821596197,0.019545844798181757,0.009426360563773238
2.258185300571551,0.2758300116916183,-1.0391111683677392,-0.05275510800076566,0.30297187358728317
10.11519479991967,1.7735355826222619,1.6875480552367936,0.6534789819517407,-0.589160387988942
4.7290248389712515,0.9230491501816664,0.24511428437261784,0.0689061331209721,0.19261914758693635
6.192440319668021,1.158369453579204,0.7267940464018038,-0.13260407824049675,-0.1439999777016611
5.342619808317765,0.7074631819841526,-0.6281493997556425,1.1770006367903372,-0.09427271723096599
8.033938455867736,1.7315093303534084,1.2863821369955335,-1.31246730344855,0.18146106348063867
2.951995687603975,-1.2474891788309377,-0.2570524088130647,0.5363892188475762,-1.3135277983539944
3.30622387619238,0.5514377928549024,0.2775525134935317,-1.6711471647953489,0.039569724133648135
2.5338700342754077,0.431531094620865,-0.9331060771871093,-0.8383618800008077,0.16344774661747724
3.453583122229956,0.23720305736209438,-0.9969316264021268,-1.2126571326233138,0.1288496213559143
4.783777823358737,0.5807039428005452,0.6882053064528826,0.7819425354519183,-0.21583075543615446
4.973356551360115,1.306653638251181,-0.44360683020738584,-0.06541023359539401,1.1378577759693718
2.1499098970165083,-0.2979251420324959,-0.8538230875043771,-0.013503244592976752,-0.3536525548815509
1.2457739244085815,-0.09450860619931539,-0.6431833420270304,-1.106732987729451,0.22732590682319015
8.774489642311933,2.232812959253685,0.6989530717174212,-0.2996934959328892,1.2972975339255457
1.1201559062004098,-0.08744596632421212,-0.6290378612036109,-0.7634653033091117,-0.07937614002031229
6.450239171148509,1.2615407255701878,-0.11765493160216407,0.383455014854216,0.21446326746755132
1.7867450897727124,0.1792243738583541,0.015027750287097009,-0.9910911353316136,-0.0963846363148971
9.950910530621607,2.406272879978137,-1.917348886010299,1.3297943652050759,1.2373697935635992
0.292591569888571,-0.4929597889603556,-1.471126405373518,-1.6755804496240945,-0.25772456158629525
6.000287204111081,1.7180964838587394,0.3362778892475625,-0.8065198324565613,1.2833545772882056
4.663325183125402,0.5456807857370148,-0.7370293611526971,1.6772005099660963,-0.1035878946470647
4.562354107476167,0.2352444543144339,1.0567249112804185,-0.4351387479620344,-0.8594597234480168
6.451015239657983,1.5957756459063588,0.9668071042505444,-1.314878664404412,0.679373170574121
4.7548138248704035,0.7103017018811261,0.7191686663554372,0.21907156253766866,-0.3046678337556559
13.284826400581897,2.8819975545932395,1.8197717873125976,-0.47539224221454224,0.6205008990991626
3.6053318750271073,-2.065028234396473,-0.08308932774318312,-0.8358702556183056,-2.729404384923734
4.962074098958363,0.8124316459028273,0.6488819259038391,-1.0958708107987172,0.005205261894946381
4.802130545793636,0.500228397091872,-0.5844009765960311,2.768373605625943,-0.4596052987574804
14.047197726778425,2.5247823015983957,2.4523699128687237,-0.25155190018413637,-1.063258686531278
9.457815350259294,1.8564283679020563,1.9836336524360194,-1.9255673603328771,-0.5532410018397994
4.7844480299690995,0.2144439714096776,0.01188043451779194,1.4937097590055342,-0.5737031442926516
5.411262361830967,0.748206900774053,0.3865862299051922,0.6110709051105708,-0.04798579485058113
4.812885073391818,0.24669925318882208,1.3592975993648058,-0.7664664310197878,-1.3673264612849558
3.938146613962481,0.7939360100612086,-0.14713950481410695,-0.9331190886861417,0.3162737802597137
8.52315511293774,2.0271914978309313,-0.6566240707997048,0.6734727961582307,1.366214785205788
6.531309171801986,1.3496174372752159,0.8739897510068825,-0.24691832748945464,0.28092849694782634
4.495702470546928,1.1184272221132983,0.07843924608367009,-1.9259778184451013,0.808988609229009
8.919701635244996,2.0146368303297173,0.1829944496452604,1.7872399646046684,1.0945624546137955
4.334665675832796,1.4481324602533796,-0.8342713430679655,-0.433990462215957,1.2364895121841768
9.798060574773716,2.6008315724042506,-1.7176721483633963,1.4955717364824264,1.8701386928213053
4.5271770797834705,0.3549561417985694,0.23614240987910107,1.278434957965715,-0.49920199827593026
4.9819898416219965,0.5477480295629615,0.9049620414941998,-1.0010095444828142,-0.7184839851611164
6.42956719449024,1.4109810825056779,-0.22580674907604184,1.0331898643631479,0.7834656483247346
10.90140828250721,2.442247900572595,1.4364295195588668,-0.6514425498636812,0.7082662196573998
-0.2668333973528505,0.40958292165149374,-0.7039163254155445,-1.866700586803942,0.7756752996156893
5.683241533900532,2.048882258233805,-1.05470445496592,-0.4245981660221425,1.889282454250252
2.664228170084046,0.5103752490684444,-0.06723030719613125,0.397637501776279,0.011369908798494166
3.179666046410549,0.6285307053335385,-0.08259257535129046,-0.4627366479963376,0.4261565596461849
4.065353020359557,0.025375082510020498,0.7699687313352226,-0.3070483409251013,-0.9803882514834749
9.231429225970711,2.570886676488525,-0.7749628240639848,1.143566044928613,2.1353211239759577
7.610386718841609,1.4463047165469145,1.368094236814898,0.10649398029009184,-0.336544921209111
11.676413795830026,2.191512194020902,1.9669169625082537,-0.8432983112849525,-0.30821592816082993
3.5158962160597307,0.08339296513071229,-0.03914402696834188,0.7020303236673265,-0.3467498910082427
5.858873290216356,0.9082869486372124,1.2497104201843185,0.19767556695424515,-0.644895858644338
-0.35007760713967173,-0.9116758698285947,-1.05649707062526,-2.521604801462043,-0.7294370488476495
7.425711522315033,1.183267365473552,1.075221541181916,0.4283529137714487,-0.5237042828895253
6.101592656500668,0.11658821510871693,1.0472764085594626,0.3918287077161016,-1.3657959280509449
5.180837081393787,0.24169509081089594,0.8634372801898786,0.020121129580859987,-0.7853179202632383
10.392839513057483,2.699395297995713,-0.015563088870293978,0.8917005810695752,1.9489631114476191
11.05159545635298,2.583837776068303,-2.954248941242031,-0.6723935843265022,0.7356551436413686
6.224295581628467,1.4792259752536132,-0.6417271436521294,0.33649978882090087,0.925904176727718
3.5994773023435314,1.2778954687865125,-0.625916017684602,-1.5669593711673528,1.1772087874169148
7.927605205482103,2.3586380242602956,-0.9782549380604774,0.4070903833988318,1.8341345643623908
3.6141116915893456,-0.5272152961283971,0.12224300454706621,1.9530596955398964,-1.771422551443844
1.9797755848078686,-0.8705516391322268,-0.41896344552123466,-0.9948563524675411,-1.2298831152865406
1.5642490254504655,-0.5506425259566071,-0.8246120097650219,-0.759802131987775,-0.8037236608946853
2.5055570205998303,-0.09108718909491947,-1.0588001482478198,-0.710015442891552,-0.4697297964895977
0.9242788975585006,-0.19506880770096088,-0.7155129854852287,0.12999822580159529,-0.30056939058524895
4.208338307772817,0.4780398927341266,1.1214992118499283,-1.0630362728537182,-0.4469775528060408
2.580814354353473,0.6355518285388535,-0.6610250546274942,0.42124737869098017,0.21930891313205408
4.494926147460635,0.5404787299674719,-0.5149387064332724,0.8468399454691652,0.0352953907452159
2.7716009365614993,-0.3905243572313911,-0.45669761502324635,0.5343472134537844,-0.7228347951782497
2.0789204932831975,-1.6600895905234756,0.33899351380941967,-1.7684154256380726,-2.17554877698757
3.5087710632543385,-0.3758340666381934,0.4562494885285329,0.9951676651586061,-0.9928687053786982
7.592409288013974,1.2899321412918636,-3.0446565392431624,0.9373674142536799,-0.5492386533125753
6.873642132338078,1.1459008886395972,1.0216352138276081,0.8301613723463044,-0.24707943680771946
6.236294525353081,0.45477058946179266,1.436368034243754,0.372842248655825,-1.129667459310537
1.9868550717294344,0.15795185809434048,-1.0501865373616694,0.2201893142051328,-0.4908064664964202
2.055411616842289,-0.898889721946057,-0.9722982447348347,1.0323893981263967,-1.1309873884855863
4.361812086953662,0.47690707458342807,-0.45025338777827145,1.9235134876034545,-0.125819351548333
1.7071739180636272,-0.7886428559724982,-0.7560040194566048,-0.9530404633648498,-1.0730913283626153
5.126162168312866,0.12293590191018908,0.22392687394660638,1.0781253957947718,-0.8489046563704645
1.7679908442069552,-0.8841369259366736,-1.9465252863588642,-0.08621709800745275,-1.308684130989139
2.8138739456895463,0.27302737290147727,-1.1179276080367397,-0.1296730520286007,-0.15350069556978385
5.281336502628119,0.8645399940981742,1.5391972001749075,-1.5365306903820384,-0.8664477699523984
6.985881849391291,1.6108012058557015,-0.9282199673480178,-0.28478940951539505,0.9067842666754293
8.137741579288475,1.8727336622001407,1.2434282781029249,-0.9972649579684154,0.405850266692899
3.4930188773664455,0.5246775494701063,0.35533819559013696,-0.4638544295059457,-0.069851868183643
1.5928813846416154,-0.6110221239020065,-1.8092677145882583,-1.0981863837781498,-0.7974854973437886
5.2482468294942946,1.0806475079589122,0.6353291952162062,-0.44890838731300636,0.38052030531630293
3.735116029923954,0.8896450259555015,-0.11766730219285336,-0.40611035702340326,0.6907008893486373
5.67690989508366,0.7707607023455458,-0.4554670562497405,0.09675491843880031,0.14268841220163028
6.162092898581515,1.9248256058465436,0.24495709317200393,-1.614749862291331,1.6037018554669304
4.272293579421124,1.088482939790478,0.47463348556679213,-1.4455181477453234,0.45963731807481595
9.507766301266814,2.2928413586552354,0.7075918219746196,0.36191427073052657,0.9136072175680342
4.829271497287648,1.0079953192809592,1.1782528475480023,-0.7974381170700989,0.13356541553597825
7.72700107093088,1.900385597622043,0.40813591277835637,1.0745297902299311,0.6756644532569768
2.6638846651182733,-0.36075420643335476,-1.3756340887863618,0.2252697220150467,-0.7967812326691752
3.735124018771484,0.08044301819706295,-0.47364545765119104,0.6067621502064073,-0.45839836321279376
29.20488454481355,5.0358055919694396,2.9430483352686214,1.4106923204208948,0.34936355348237974
4.925651691662728,1.1488441586691391,0.7244910603817276,-0.30971081180657256,0.3420994815573816
20.594605518499467,3.859184004364327,2.369287300811497,-0.5744867054162758,0.5076118229432475
16.191061718899654,3.5335408938933033,1.3954340821991853,0.8717025855988135,1.1003928922787292
2.6341050762333484,-0.483964288146025,0.24180207155574857,0.5095135639296859,-1.424971171815412
3.0769540556054054,-0.08085662388607762,0.3014070697811174,-0.18733030982130086,-0.9744525476102961
4.495549781869691,0.9515753902699522,-0.0365800398768458,1.3914579669559421,0.22957264107425313
2.5900366483930224,-0.3497661817546025,-1.7378046158464995,-0.21224430983993056,-0.7243636318034608
13.26943659657128,3.7372833157153273,0.01804725246822428,0.03277363755578143,3.377768241289362
8.702449217281753,1.9673665423207232,1.2106745525421971,0.021222650834258405,0.515719619170136
1.4171057112892211,-0.3677556749378065,-0.5996399948212037,-0.9345938948984711,-0.07833084893015722
3.050669412967064,0.11195201779680927,0.41195299906180954,0.07758538948639096,-0.5154692730838591
6.603173724319511,0.8304768368549247,0.8515910458931973,1.3967601773984912,-0.48016228319304444
4.0325494605764485,0.37747802035552813,-0.9096804393124754,0.4449683153761758,0.030140661315177376
3.1127082198831215,0.47999549028810895,-0.4513028643436645,0.031063426398931566,0.11198193262125772
2.8959296191444976,-0.11467503170647485,-1.017911490477159,-0.16176728116566969,-0.45669914469351297
2.7732168730543014,0.08174016677496117,-0.8221656066894072,0.33086702840635124,-0.2731522465199018
6.692073614026239,1.7315248517847357,-1.2876052836530616,0.7497666284891851,1.3442845752345964
3.8375151639219447,1.406698998966284,-0.9004484613780268,0.609238830889753,1.3845049626510342
8.004171161186306,1.884783455213819,1.4194556807978391,-0.33186486182197916,0.25203397993487703
1.7457975530030576,-1.1771025932596655,-0.9154770290902925,0.32478159411011454,-1.3412597272367377
5.349168384372493,1.295731644280397,0.12645921906069005,0.47993974114827864,0.5385031566390435
5.636492502910256,1.8591296416344654,-0.502868753670956,-1.0071949875269783,1.554282441611026
13.290847167012796,3.097491861381369,1.178865937036939,0.16823054118369438,1.3697811019623787
8.874965201640398,2.1248807414870283,1.3111622966036165,-2.161303886302362,0.7344258528096671
10.547417564899687,2.6482446214391144,0.8640699821389469,0.48253370982118504,1.4224229552858216
4.256645766535774,0.7622445562287833,0.30613455310275506,0.6603430545626816,0.053384272479021756
4.407426150652315,1.0286784287066735,-0.2310595368408984,0.7475461257864594,0.628102969833705
0.932525863559184,-0.7310524790277749,-1.1918747041912499,-0.3950468521695675,-0.6807755663251802
15.497976124912359,3.157401357350019,1.9435288811221971,0.3090468350240348,0.29226545615571214
6.333100927411142,1.8726772247868677,-0.7596730177525534,1.4239538455411669,1.3295342439705244
4.944995039749881,0.40801357514261716,0.6636463470328414,1.4137696482912587,-0.589423411486891
4.487594545005852,0.3340103026666774,1.0595655726233972,-0.029172699226560628,-0.8614434294642864
3.1660100948584677,0.26681885450346254,-0.5552804969053294,0.13931963072955983,0.09748893902369685
7.008375302902611,1.3463721879433548,1.0380125273159622,1.110911144734433,-0.22666220372399956
6.151670643050529,1.6197940359487806,0.7642132033388553,-1.5008020152621748,0.6491477210704204
10.131089577571135,1.672267038205497,1.7279638353817652,-0.3230757426770246,-0.45325952594704233
5.835201676849173,1.8664596022041524,-0.4693464664267112,1.335570455536757,1.7184396156027142
2.719244122199543,-0.7793701840153259,-1.2858640172797149,0.9752005416847661,-1.2896760979610558
5.1687881188244305,1.6202598518658262,-0.5054897554445111,0.36926377764990465,1.2537347862197346
1.0450385788633385,-0.4934870436254237,0.20885354253433172,-1.5058324053306205,-0.7648492283081031
3.128514325477173,-1.4013340344664642,0.05821272708505647,-0.04991023304116202,-1.7959827345840234
3.103726961113624,0.5130989585742572,-0.39343789627455045,-0.589915396249933,0.23787515634886738
4.174113656707942,0.4637397693002862,-1.909197458977243,0.3310389028172135,-0.25460798601388357
1.8165817217248446,-0.4747969947287969,0.4704829961291065,-0.8093466847948803,-1.1096093679030308
8.14266155463952,0.8492217643693183,1.9723444790822,-1.0257233949746074,-1.681376891715264
2.8863253759590854,0.28948397525336844,0.46425123812300356,-2.0648652776836416,-0.008360787271456756
9.184168801659958,2.0387622783775616,0.6091355190535136,1.2218046849767015,0.9758368916238175
7.428029226095629,1.6655547903541663,0.5724453061551018,-0.3997705114430575,0.5849534930864443
4.653751325495684,0.9458240398834706,0.3970466698823999,0.15714578370253451,0.056706648839265496
8.55675512953189,1.8700225876915848,0.9316659668680948,-0.002238116474181094,0.4788475732177351
4.595877003793908,0.7491029430219811,0.39537368118566585,-1.0674339329604998,-0.027214132377857005
0.6984704878399711,-1.2033568702949728,-0.31267716965327597,-1.2590649114481935,-1.4297242430303712
1.2015611720473942,-1.144194226142956,-0.795988910008754,-1.0053151259972357,-1.4208939852234432
1.8611118081212314,-0.2695617124978009,-0.24897365528067522,-0.723168438829393,-0.20316852898467888
4.994718092741589,0.6401666878233296,0.31412949645066596,0.36660624701380495,-0.16065328636607445
2.8943044858776323,1.0272265043719708,-0.31608296112297335,-0.7957176635206115,0.8509826785067651
10.059919432150242,2.128951152153189,0.3143386831314305,1.7464906315946216,0.7573042237747472
8.03879307903217,1.7735232481271765,0.43915013370041756,1.0271510358931508,0.6051330157589494
6.221345282365107,0.8801462637399269,0.8331794312701818,0.8083595496657081,-0.2802827130771807
5.369794823813334,0.3050412451441422,1.2827949688389804,-0.11965890247315014,-1.3806521701101395
6.651750088376958,1.2892928073407182,0.0780074184788575,1.5142807357204837,0.41207113706602394
4.535031513710385,0.931630054399383,-1.3077765651476607,-0.21800563112112403,0.5251693132621684
2.3843425476123907,-2.235375236300644,-0.3451040968191901,-0.031261414154246076,-2.388531462477686
3.1325279061419495,-0.20572624892792568,0.04406256740659937,0.1699745397492694,-0.8343381865826627
3.258828923177289,-0.0031903393846246797,-1.8357687561770906,0.701823040543344,-0.691054377393896
11.158363179415927,2.0750707746038315,1.388664520102482,0.6369080790029852,0.11835020112343628
2.11464526956082,-0.465992124232564,0.14237791251046628,-0.47512527844460306,-0.8033604327656939
2.9846934804140663,0.47255946563371687,0.3813528345802849,-0.5329937194259537,-0.03813456882464047
9.732586232985497,1.8943760423717466,1.3655264625262657,0.6399029571520845,-0.2105349403529925
2.8321920178552658,0.07764091441525492,-0.6301428301423467,0.7152365838912327,-0.15914947153772793
3.3827221998047143,-0.10473719190779568,0.57404193088403,-0.3933511248228728,-0.7163942937007461
0.713938306549308,-0.5180499433329647,-0.10986412310193568,-1.587188069678454,-0.6389850540666776
2.8162825759358308,-0.8579853951451711,-0.1840868670159194,-0.20731609600824458,-1.0802670597806927
3.6354697780746132,0.6205550051191631,-0.7721923878043793,0.6235257988258587,0.380067440573832
15.849280148250143,3.1182730185931127,1.6656032136865273,1.8054168464197806,0.5711026285913683
0.7208470693005677,-0.956672649982971,-0.3755000400755709,-1.197957962340662,-0.7706179501253388
8.018086239438796,2.2302405917216648,0.6994642468957021,-0.42657125283057357,1.5206400960170445
4.546776081499456,0.6355290740239371,-1.8750073874719364,-0.3894035615253766,-0.3146014474420489
15.841335011202567,3.4009478473813957,1.1799885296897865,1.3558053394315013,1.5301856237965608
5.105973685531455,0.5598219286173639,1.0522111559570586,-0.03494150045863278,-0.6421271738316033
2.682882669072919,-1.5728349959171695,0.09743411029730303,-0.9073265593722656,-2.0265777765994355
4.764251277047176,1.0293826087061078,-0.22694246613792435,0.5586952829218191,0.4021978249123513
5.44389481316037,1.1145002892828848,0.4000000056135664,-0.40463852004094636,0.24854510511898723
14.54243070293975,2.9800492719846403,2.2887906608802893,-1.2243872733579544,0.034393795307583075
3.404450566307068,-0.07440485188836632,-1.7632366989034851,-0.8927733072761507,-0.6422324784439893
5.588825693445376,0.9790306046841386,0.7820273875741276,1.734041954422619,-0.034572225485819015
1.9807830669246291,-0.35217405903582893,-0.9116173021539026,0.38420922164946225,-0.5112594578695273
3.2352716465530973,0.24213654970952944,-0.019918396299731203,0.10776005545254295,-0.30234956633175064
4.6048562906700985,1.2520735216552281,-0.24788011907866303,-0.24989373581204613,0.841632255765075
3.3644312205761486,0.4011683705101184,-0.4283182577977557,0.29214884211879866,0.18421722953009348
5.079187591246249,1.2126828659365703,-0.010465129052729338,0.2802359460024941,0.6099513873319773
3.31040709190493,0.020614892673548463,-1.1341711452777905,0.2921688282073261,-0.23186850662578992
5.641791430487007,0.9579137825018916,1.029180436127967,0.114845090277753,-0.34201734580477505
4.055079421878851,-0.20615457706101914,-1.7941435111986004,0.8687983383055493,-1.1534825308886436
4.606992097343641,0.6736577312164854,0.539764512828342,0.02310434600073103,-0.370036612568197
4.119675361232167,-3.3473946155424605,-0.3265358525345711,-0.9779388355526387,-3.321114555589139
1.3728242431655675,-0.598299751712157,-1.1709248938074537,-0.6124228909008682,-0.5902219663056348
1.6546468216832786,0.053566798908369406,0.2023833705986952,-1.9790186934897123,-0.08187417719083909
7.309754333408743,1.4124412798097554,-1.556951086706478,2.0268171160423925,0.5636736542701563
3.3896956581396678,0.29262341030112315,0.03971382171963468,0.8627545919526868,-0.268677877524957
4.014738988884124,0.7857230863083199,-1.4228769078115544,-0.830070495129237,0.34767354224499963
2.7153907329229745,-1.372212040037764,0.4612720843178312,-0.2818448493971,-2.1797886613902455
2.570695347194404,0.1911571521823388,-0.9243573336303755,-0.6368764742064336,-0.056836852206949735
2.188119980896943,-1.288779443923359,-0.45099401702930925,1.542547211374117,-1.6795027929134034
2.073266200585767,-0.5859242382635336,0.2939493879431621,-1.419877164270929,-1.2083035156593327
1.1558587555990445,-0.43552876209846275,-0.7725421118422359,0.11447605881877927,-0.18716554786386091
7.794897806756466,1.8933954574735714,-0.05796399966830253,-0.10852784256484785,1.2762639878735544
5.684007756806008,1.1540264224733825,-1.5138305012448536,0.8268386307091143,0.37120676347005876
5.654711773912665,0.8457879240985078,0.6308756035961556,-0.104009227724695,0.01823099713711716
10.643543440024539,2.200343003733793,1.7649138055507714,-1.7582088766554351,-0.019530389467102203
19.51488910241367,3.4585615718416647,2.7922088679099613,-0.25111783464244086,-0.7136288932044673
3.0482562203573207,-0.17785195367266243,0.09116814666643917,-0.972162217943325,-0.5439834133726836
7.42939095880408,1.5916795129324952,0.7882041407971867,0.07957954655656065,0.42737604547079716
5.183576056599013,0.09966537087321203,-1.7806256729074892,1.4341770365203266,-1.3853605184444944
10.839854511267943,2.442886082843094,1.5027343263055881,-1.7394252442322782,0.5930540502830212
4.590456082779925,0.6605480857696697,0.7762285047241061,-0.8002227353999037,-0.38850706711885274
2.14124973095562,0.8607483380597207,-0.483933444951233,-0.552692953783497,0.8255570748695653
11.008281293387428,2.4912605031709703,1.2371808002890092,-0.38163109541321116,0.9610934572320835
3.0683425676719875,-1.2954943147011981,-0.2544760766453415,0.740125664105244,-1.6730840125057405
3.6831927587306774,-0.11794394830755586,-0.4580251830145565,-0.1735444175613875,-0.5815807632272181
4.232269441547758,0.06117670246352997,0.4753349254274913,0.4158027257204452,-0.8555276879406237
1.468591651920073,-1.8552473219646206,-1.0633544998303186,-0.6257730437317763,-1.812727965073143
5.674868596704185,0.3536040395284262,1.021624764399948,0.22992434541793752,-1.0325332762094106
9.712084449395402,2.7334713164021873,-1.0559898119268434,0.7777976308777149,2.44125584526534
4.096822730754331,0.7990503541101235,-1.0500547898231862,-0.7322995497370884,0.6095098962124401
7.372360820374053,2.195159888430158,-0.9096897884083344,0.7813581198065147,1.917287968605754
7.7693036204684525,1.8978726312901706,0.7595000375161222,0.05237276872756848,0.8290984400183357
3.211746823030179,-0.07692126731153001,-0.6167753615197077,1.0454602404822526,-0.7418431610084755
2.7891337558810543,-0.06153567685654573,-1.3479957843671688,-0.20141990007697352,-0.381771196674043
3.243905461604206,0.8937219365670188,-0.605679999935798,0.3812446551620988,0.5884361802403073
4.819200540329937,0.954327030064227,-0.03204237068048687,-0.04060623167853,0.4375062034730363
3.040411362710597,-0.12922538363834352,-1.1809724836643856,-0.09621226204057896,-0.5773420157083338
2.238983007070882,-1.3575734803556203,-1.1516811090343435,0.25893042822568985,-1.509993170579207
34.774055252782766,6.340173742339256,2.1112963340995843,0.5368074692249037,3.287761187388739
3.180425888030137,0.16433465144133735,-0.8605654038138869,-1.249564911924005,-0.14114967234280568
4.9533167766432795,0.4455049484565379,-0.3230423687730068,1.4336336088178778,-0.32573889318261995
1.2473000930176952,0.1097930891559612,-0.36723700079928584,-1.8596630405497985,0.11333446390530184
2.2620716860762924,0.09084055403209892,-0.4213568077704417,-0.684812109738896,-0.24272858931102906
5.27720639337272,1.1208692861386604,0.6213467399691021,-0.09426907076490067,0.12272890770548392
11.93674101414524,2.7639026933605497,0.9481429504720496,0.4123559690859481,1.2869472861164193
2.717855316008645,0.16100492215161294,-0.3059544315315921,1.5761725277413785,-0.12454847968642378
0.9276869365440628,-1.5046355410373053,-1.236478286592349,-1.8582914882251074,-1.1627104393277614
8.739586439894776,1.5622626919724156,1.2744402278489033,-0.5076941283897106,-0.16164379447861094
-0.08538107748699925,-0.7357678826992211,-0.09534109119668262,-2.1268334877992654,-0.4644017814099108
17.511748240856882,3.7738960414925082,1.7303218148571686,0.03162197391024777,1.4238989372468513
7.973840717938862,2.0450497086515984,-2.245585897565163,0.27168358450003066,1.1711190647375707
5.560104092876347,0.8356026360538796,0.19540322128332027,1.5907957421712526,0.10752500043079882
10.485888500551729,1.3789392950440043,1.9186063338762078,0.12063476089345412,-1.2787358548192564
2.263797599740418,-0.6160739397111741,-0.3532641354381582,1.0440251294423797,-1.2258922634399458
5.31262854476242,0.956466681834475,-0.22549342333463607,0.583837081539059,0.015123261584553639
3.7771800739638266,0.7982650827682135,0.29551169159033874,-0.4352481970051683,0.3363229693212808
1.4653416332235523,-0.05411502395211365,-0.5587958188849573,-1.4089607467920393,-0.3746228193260549
2.8559443808112235,0.018496159534162088,-0.31207193205273287,0.2750022982918108,-0.48016958420723416
1.194109860437381,-0.6580958486528998,-0.33781509419140304,-1.4921020171453638,-0.5927992331786469
4.640579221979121,0.6998834119766839,-0.6274207344263732,1.295207072669644,-0.023393960243946223
4.01067688870904,-0.7345722701981138,1.2288565502005595,-0.16206210203682392,-2.382762352073065
5.817679732266214,-0.0608055857876934,0.4610780322964351,1.1951774115114164,-1.1013266287697099
3.166427351519927,-0.02567619171588663,0.25062823210330204,-0.48021443413239945,-0.6270508454473505
8.96233782474385,2.2422975714230597,0.8085710068901167,0.2688507864009919,1.2075031949519204
1.6468508559380888,-0.5483140101500164,-0.2643558332034669,0.20934885733468878,-0.8138136419289291
3.7938604911582647,0.6160633095227512,-0.7742038183529005,-0.04504411801092395,0.18046814183120644
2.6247297663542004,0.4028576268353977,-0.6026243046145574,-0.4326595133965921,0.22654275093099605
5.893681130032117,1.8612835840280264,0.001783041104608902,0.3924560184705202,1.2979165056607622
4.01992083863612,1.4402820522161854,-1.059211708372902,-0.9261632634832083,1.2625774069641502
2.388574896820489,0.07861545149159598,-0.5002610165866755,-1.2094353289590587,-0.05750296879491637
3.7412633357727048,-0.19093006124961348,-0.5161166418714347,1.2428268933268276,-0.47548474118944284
15.220329993056318,2.6552507792697897,2.1245562298290137,0.7271679888921005,-0.6638331028256903
7.447758679321668,1.217658855968024,-2.7738149399339167,0.06589160860223994,-0.2410632224657809
4.163467307252345,0.27833358221326104,-0.17961972140563326,1.6651423825437814,-0.43403335432359996
13.336522919091822,2.842496123022426,1.7256937928147706,-0.26776551872484483,0.553627409358232
6.836084186568861,1.297534954304117,0.12184446413245396,1.3227032199889794,0.4203098174852043
8.852009432994183,1.8273286495155336,0.7534174734210928,0.17557408492582183,0.5918011911450157
6.43938100277285,1.714833041356882,0.09982631509976791,-1.0247507500763902,1.2592837114361684
9.90386600489363,2.675979867451106,-0.6673333812164803,1.8480401917708498,1.862869121400177
7.549170199193423,1.4799024938449126,-2.241915934508913,0.9907108466240852,0.12466339340755687
7.249202713608741,1.8673759303067539,0.20545568703630285,-0.12102103100956424,1.0994637713956532
2.9561389653534182,0.05434320323652157,-0.7756066046023912,0.7271712595339489,-0.35166018383421516
3.904258245798559,1.1716793911939505,-0.8003354061653037,-0.40370343399790687,1.185006983583016
7.973008283151383,1.8861014072879692,-0.49898725597911187,0.8291490350595421,1.0615091571758444
11.904749476625653,2.7684486840257585,1.7448614066234935,-2.3910785652839595,1.0084159699429913
17.273251193633744,3.2328799442977254,2.404837542253973,-1.0198013336945937,0.09406984119152385
2.8939152160795913,-0.1970938234845812,0.2172079375284009,0.9792597442869628,-0.6683581639908888
1.4444349847853037,-1.0443459646759177,-0.4647672239117277,-0.24965553821891934,-1.3945284378654765
3.4608594458561623,0.35839397490530134,-1.1772264174512106,0.2075422948887419,-0.04003720752109928
6.304269611216453,1.7607614682437192,0.46854016154606914,-1.3467856621154346,1.533012542249183
13.53561227822382,2.49546181985865,1.782905600065144,1.847866995702103,-0.3098449013640731
5.954087838891335,1.31827711666685,-0.24734038702515676,1.1905296437176767,0.7851265854600545
10.412437592839797,2.3502659865008466,-2.3789960407532242,-0.20068521837532965,0.8439514005189311
4.135983386483149,0.4912171739997776,0.6700496718155238,-0.4046958568633261,-0.28368622092717277
11.53445375934185,2.7192306764866765,0.9853997114500497,1.029604361419693,1.3163448375195195
3.7502167644642155,-2.2255728009512756,-1.5858456403858476,1.9824704501689276,-2.9086607444805037
3.070278409910806,-0.1788368314110798,0.17648418366295282,0.9537602558113537,-1.222750278738175
4.646132639862664,0.23086756158737598,0.4512260161360988,2.171802667396602,-0.9156322963584598
1.3492264411342236,-0.6841183671552342,-0.07310730200893852,-0.922351329061918,-0.8197150228673898
3.6319395098949294,0.6059867214688974,-0.7907709190853537,-0.8193868304987907,0.3362629511858955
4.891220494265206,1.0937861368089814,1.0159372235635562,-1.188941118053349,0.29003780305390187
4.404027810530103,0.9544895042076796,-0.4033797459686826,0.4417606496494795,0.3939905721750079
5.62418605277973,1.406622447426171,-1.485186162699932,0.1756035498043698,0.5960814941324868
3.79629291814444,-0.13180676988456802,-2.049474485669681,-0.1519511234719855,-0.9501045691456491
7.624366613073091,0.6786025356937275,1.2608495199993097,0.8092586281232987,-1.218176066807319
8.838841191404553,1.7392117726310035,0.6166639764711183,1.2323286052146643,0.39631968200786294
2.9656070383264708,-0.0471143727057729,0.0879735471291689,-1.525662409286842,-0.6302320736464391
1.510337515270816,-1.1098754506135424,-0.44027463685080326,-0.5969720279011155,-1.5704750453679706
5.945849494996713,1.5427595373879617,-0.5289984142031271,0.8201435941230599,0.9713442845414815
7.022970998511151,1.791626926677093,-1.0757366484416113,-0.467738683858582,1.3951019065022976
5.106048574514996,1.5604510590208396,-0.43145564455988483,-0.7982060763581541,1.5571608896986593
6.056137931525734,1.3343612575089814,-2.1200872151201744,1.0185374276503947,0.18700772147472028
1.8242254041242951,0.4614259716443251,-0.7360636534685142,-1.28950006972398,0.6259320959729026
5.475930557391883,1.6096836616241936,-0.31093751635109385,-0.301579807791105,1.3698682233619108
2.211323554859834,-0.27567329470761426,0.6098800471904189,0.32864402580480856,-0.6414157900234342
4.3337207940171405,1.5567146382021302,-0.03992646337336377,-0.5738199139101188,1.110677684054092
6.8708689657434725,1.390285347154037,0.794923113875559,0.7831556560131748,0.2753962341432087
11.597809966628038,2.742782512455552,1.3491351051134295,-0.568876975197369,0.913711652342591
9.216740478172365,1.9108576728373632,1.0581700938241017,1.4086194934459193,0.18609302087593527
8.72468106378095,2.2975954078225085,0.4705098473785568,-0.12574629749577262,1.2962567097480018
3.83791689982466,0.6470320374856959,0.011862679180784205,0.6712701367053535,0.22352376254153686
3.0440451635340944,-0.8289075304113566,-0.9807880084135592,0.7460239529828163,-1.4839790594674176
10.680594193528037,2.7818170860797222,0.7399440513793163,-0.6275400027440727,1.451926632314722
6.5928630665091355,0.9809426808178778,1.6797473822215292,-2.0534865486558886,-0.947530740972112
7.688558700638607,2.189443145449936,0.3421060396504182,0.36075575466383486,1.2530582102439143
13.090290280362405,2.5195286901437988,1.917259148426123,0.0722883471248695,-0.09024288144032204
4.5480137387012105,1.6176672915000412,-1.5255717080610838,0.5558260275751273,1.1760109851977065
5.433938652456661,1.5642478381704588,-1.1541633847795414,-0.22652747238283805,1.134768614866765
5.7476107709495174,1.189852492005416,0.8552015077482625,-0.43042769880071585,0.43014297431537113
6.590009948097907,1.4797787944707876,0.26429021015325105,2.0084730109816995,0.5085353176271306
6.46647110406196,1.4486446149522048,1.3137821765718076,-1.472354061510778,0.42262861719256595
3.4276751363303406,-1.5154299449345832,-0.015471640726739578,0.7339504783642387,-2.013824756281078
1.2983682194113544,0.42384555461004114,-0.8679754225283319,-0.574601858183391,0.11833021889820218
2.2579417518513023,-0.6752512235437094,-0.21359324220504247,-0.33577861774042206,-1.116064176071895
1.9483972575340112,0.556343377294061,-1.532683970923734,-0.31710283257396576,0.17118714374566293
1.5834566764543232,-0.9517294667330967,-1.1285906730970345,-0.8034342741712573,-1.1429425463832155
4.019629626348627,-0.17796382506663494,0.9724439979180102,0.5712242102362395,-1.184951941226075
11.307234954064306,2.97347183332148,0.87278741446961,1.390643595949957,1.6049345017539018
7.737294578770684,1.7482135747257899,0.3630042848060769,0.47001366124666144,1.0694473881241897
3.505962373899272,0.4128154656617524,-1.7210775209604696,0.10338199621209512,-0.004142584944154457
2.4191287539492157,0.4667304251176079,-0.35840357551288854,-0.9864404990992466,0.1847686502490239
3.44689568921925,0.021035035955934783,-1.2249998886600506,0.5168252658244509,-0.24791602574300886
10.601705530207154,2.383745908374311,1.1765332537877655,2.1563496317292987,0.5698763759795226
0.4147227896683393,-0.8592487484677646,-0.5837221335626015,-0.3806946237950925,-0.6760543665488047
2.9465296073575526,1.1704994829717883,-1.0857477107815494,-0.375983579351866,0.9937402628679574
3.0375384584931595,-0.06770775075553898,0.029796165121424436,-0.5610891309809971,-0.25308684101411083
2.2817673131341336,-0.19902716682792515,-0.6401544568346118,-0.4894142344944204,-0.4198469958312289
5.718760692239866,1.1847522508237016,1.4837439102037069,-2.7452995536723845,0.0217130184848427
2.8892918092793223,-0.19465263587121923,-0.7348108975341908,0.4050353858557128,-0.5911468299256105
3.065326225059422,0.5183725488886135,-1.3992282592246312,-0.8455521763546138,0.32868234949648295
3.5396013863771674,0.2890473655573622,-2.1529135157575157,-1.6102631187918002,-0.5373625893134
5.759060939751508,1.2034962802685325,-0.030786502413415195,0.7531899497325488,0.4685236028188362
2.580431647601455,0.94543998631978,-0.5619301138579263,-1.0820177850419361,1.2160065389114765
1.3129347305437669,-0.6419550573082005,-1.4289046065117268,-0.3386690538837576,-0.7193216868081737
9.18823320521774,1.6926457262141914,1.1892264612557852,1.46644239118858,-0.1305754572951713
4.134964609369478,0.960705363496971,0.6672451474292419,-1.4092157980245135,0.4613307130354217
0.2786301839597652,-0.8499207528092296,-0.028217878937229775,-1.5325982345977622,-0.43585735498140676
11.196360741815276,2.5286700137513294,1.3643262441708666,0.26930618956233815,0.46432056082666495
8.02883206017268,1.892295352199672,0.662536033398613,1.1494873640103684,0.5553988606517399
4.073243617746106,1.1642884070861632,-0.8228559015184324,-1.574341717731963,1.083261776294304
2.2145127870795505,-0.3415332250335442,-1.039220163990766,0.4076897368371771,-0.6059900460849119
5.526211903939855,0.3686789363109178,0.8179815444538614,0.5809995399616921,-0.9427752402304745
1.1130571437790349,-0.1149660436589515,0.396366956467351,-2.0591604836923203,-0.30757738956374386
2.9328567922756017,-0.17356243651748068,0.1697477679706617,0.7985013379072202,-0.9677523395471003
3.613512735297229,0.8474213924927501,-0.8464978028689074,0.8766058798421794,0.5644982040474971
4.100711770367669,-0.005996867945071593,0.607947567005754,-0.31178557325602474,-1.1617513001764113
8.350154221027015,2.5629224870539398,-0.7554988831339492,1.2523463622980082,2.3330164182526882
9.529659943175716,2.22180279835861,-0.10198665459367798,1.1364555743248452,1.2959278615737506
9.564062381068224,1.892548802369775,1.4469441463869799,0.10311792571720485,0.012575769600314235
4.473672472327706,0.9798054641251519,-0.6608342358101458,-0.45144539032493364,0.8673944929979758
2.0581547412531003,-1.3421729261646766,-1.572989257072861,-0.9728278925829571,-1.6368018643107916
9.047881311677576,2.968613312360997,-1.0525471918701104,-0.03756350936619123,2.523373331399558
7.746802209782453,1.0908249794487526,0.9942988266876233,0.569758919704179,-0.5902146122004895
3.098704238165657,0.5241277729146279,0.25473113738020947,-0.32417686104064125,-0.12049741389935952
1.1353999689695415,-2.0330285810163695,-0.12887737868875362,-2.19750100526203,-1.8559332871884366
4.820911021363835,1.074362156535566,-0.5090938053115696,1.2687138945765704,0.4862873047408947
5.672221390544074,0.10841136035895182,0.4853599075531901,0.19022322184489376,-1.1063441570771089
4.335912456253346,0.5870077682306144,-0.8491048509902235,-0.37962449667683384,0.1016557615660292
4.564040914233147,0.48977215666236973,0.3056655686425959,0.8571583884232883,-0.5442744329245381
3.643386426289457,-0.3188861226928464,-0.7312545688129569,1.5246385964827558,-1.0777439349303435
0.5288726988603016,-0.9319457785846977,-0.897659385275054,-2.8019115694878916,-0.8043615017626171
5.01228859434342,0.8475650824273357,-0.6374874348250117,0.43426364992207156,0.2257880340855212
1.0884986956653009,-1.3035710701545735,-0.3754074464839619,-1.4266492108103472,-1.2814909728688246
1.902227542076597,-0.44370639492244796,-0.048829835933703165,0.49911050679894126,-0.7488116710235772
5.257920061151605,1.3370192488777852,0.23545579511111434,0.12792720237457925,0.6632733812644779
26.954565756982014,5.303137773996872,-3.688365291428444,0.6357265264405499,2.602479874874313
2.9932324866758884,0.45859969373385256,-0.8076505577467649,-0.4992476144946553,0.47758881955300486
0.8186423968695735,-1.085752254386741,-0.39156997735603927,-1.8732401118191522,-0.9172616421772875
10.072650862949429,1.9719695179052164,1.50506203860833,-0.4503681912566681,-0.367114170072311
3.8346709413158098,0.45010384603830045,-1.0800026083821321,0.40684763513978306,0.03158900615257829
4.488938263224187,0.5153842130809219,0.16279661809991253,1.0153923286752233,-0.3494249506357074
10.057458318670284,2.3422691882181463,1.4950303097358375,-1.1718313004725252,0.903058166736933
4.4671626447867965,0.4148166198462365,-1.3129685299472729,1.0270604268730175,0.21747348301422456
4.806689321326094,1.3580199548674778,0.39397522586440237,-0.6478722896465213,0.9078523849098702
4.20835023167455,0.33764141475316295,-0.8022718339345204,0.3624498815945265,-0.31444379029762937
4.969937790489423,1.6144562153758684,-0.5046337422892345,-0.5098939528656328,1.3255002197212566
3.215966813575894,0.28160824605705204,-0.8031108339533145,0.18217062771210168,-0.1664855842815459
3.235059312221403,-0.3503452526269438,-0.7318573084158859,0.8918776345702746,-0.9711898691379917
32.26090180248493,5.897245485854387,2.721912147906493,-1.2270140772885358,2.1773203810422213
5.185589386146756,-0.5472061575170817,0.8444558720716657,-0.6799058967468314,-1.8249777469611168
5.31191076645522,0.5867090980401323,1.101737861786209,0.18496258734208662,-0.7387387253049276
7.581651553881906,0.9531493729732947,0.49199348683649613,2.4015836610303523,-0.6270278518303946
8.635009422144387,2.8950186287354986,-1.606256788401958,-0.863189712166828,2.5083062730565633
10.40189926357249,2.6013531551548565,0.39495797032330715,2.040133885996919,1.8068588841465116
14.454740806024251,3.127029101616863,1.0729296145073468,2.004423303675171,1.4939281436421976
1.2086077195773883,-0.41532113742355703,-0.8533994740391115,-0.09731115070159116,-0.3306586623763318
14.842656344666805,3.8614239310409224,0.9653266671611266,-0.2981525261999002,2.426178003841775
5.465832908149106,1.2259868338280748,0.7043362098540789,-0.6920651986646915,0.3683520038409712
13.371909774507564,2.9729900969314933,1.85204004481367,-0.0682025303326691,0.9772633703031223
2.581783083009496,0.316972158344904,-0.4177830125136188,-1.406719432559558,0.17969538110620695
3.512795906922624,0.14047224212078732,-1.0976109822757267,-0.0762390173205976,-0.04946657132325152
3.0963267569138444,0.10925462199736313,-0.36162810937254564,1.4968802738508562,-0.25177867392637926
9.019549894238576,1.8397808809848835,1.4355709931636234,-0.6110850624767173,-0.20963999341916223
4.323965052378067,1.1705214402078454,-1.828405880841963,-0.24072430398905065,0.6084916486780788
3.2643902718687037,0.7175509957992112,-2.0683757154310323,-1.7011404742672418,0.367199798775388
4.076823309122207,0.5105511854597065,0.08939527893161327,0.3740620881310435,-0.031471370203683895
4.854755365316989,1.597235374093995,-0.44258929277415615,0.2644816849513739,1.5095239926988544
3.88370701054396,-2.7110405140166756,0.0077278931756846435,0.0637023597657709,-2.9667530687407306
8.96973554339025,1.9642453839208422,0.9453117712358652,-0.21682705022214338,0.5098872479211952
3.5244469668895237,0.8797257405689836,-0.5525693461188524,-0.2927579187724547,0.7177387066589797
6.7526827406141425,1.8676987925273976,-1.8730058309306206,0.5019002337006719,1.1469628682551696
11.407741429952315,2.2967113733078834,2.044481557199944,-0.02881660158862331,-0.06487144105336112
1.4319682806473912,0.30702116799695717,-0.9972282874387761,0.3149718715553322,0.2079200673839576
5.646735135121618,1.4578567775144324,-1.0590371220120975,0.21498281745454795,0.9859483833147212
14.141928188574504,3.20871358119094,1.1037200137225964,1.1234272870957618,1.49116640428018
4.655868264006682,0.5376428787801306,-0.38448912104151794,0.6769940973750542,-0.3005359851787682
5.451619050865265,1.0436499740687368,-0.06338985203481078,0.19286184315019061,0.26697578312756015
11.307806200649457,2.7474371291794406,0.48279012406031796,1.5184220306521796,1.6785739643487572
4.816897787449203,-0.5513454031662408,1.0835831031099956,0.4202685290565615,-2.124027075878851
3.4266129562299867,-0.12571228705882187,-0.33346069318177196,1.3049626887904189,-0.6900125998145852
18.208112328644958,3.951238697050041,1.5199520059142992,0.6069426083866378,1.4658359786029627
5.773357955868026,1.7545493308217568,-2.1357998487348056,-1.841919078931543,1.092537833608303
8.732319240779724,1.8704257938696862,0.7597872369530771,1.3048347633193296,0.5224452109266943
2.3044387819189103,-0.08980449067281746,-0.8395275580176573,0.1351762413426691,-0.44859687310912016
8.280392863511464,1.1478348325058911,1.3722713166079914,-0.05195477090077795,-0.8818184989854194
3.4241433372969894,0.15804484928345613,0.14204447883054525,0.28134834748957704,-0.5912156192423738
7.363327581308506,2.0901250015906,-0.6729053320094016,-0.3449831619570674,1.5480082208186925
3.2093748562516256,-0.058538461439082035,0.6628410930216325,0.2270288603889453,-0.6284426891553463
6.571741645365923,1.2612232039504716,0.8931883472072517,-0.5918760663430924,0.10142296423965785
5.426631125947349,0.3426153148663085,0.6418941228586382,1.27427225873437,-0.7537076448617458
6.13826310043621,1.4745661888582247,-1.0296962396330605,-0.1135881136210503,0.842774030099027
1.9768528715644107,0.02230989952381457,-0.48401712362208477,-0.3825838427224335,-0.5387262803464412
3.2052864895566824,0.2219566663619401,-0.004072837121435025,-0.9249258157192739,-0.09759389015441426
4.038195566975616,-0.8426198980948801,-0.0412596526500604,0.2687757891486415,-1.6833821330428256
4.529814965661178,-0.17581569108016398,0.7497454754383477,0.1871071001250919,-1.6133682362049397
4.980362418020208,0.8107369272159275,-2.0149012325066082,0.3884246136775064,0.007673193321506307
2.9464367443184747,-0.33552487711373796,0.3343270545535034,-1.0272518875051289,-1.325157155197762
5.141985964187188,2.1588182475961957,-0.2899813544366399,-1.601181198811573,2.1050866393345022
2.3025177624752486,-1.6876343647672152,-0.8385006163839525,0.6255913025065598,-2.0615231121122495
3.6685296731633676,-0.03592981290792893,-0.7424867777695998,1.4846418618765076,-0.8001752986641041
1.933735626615658,0.14721108715117331,-0.21453766451796363,-1.0263536223898961,0.01670086726755042
13.68235573397578,2.559624900713841,-3.6010851044595187,1.5894412835616984,-0.3651329377957845
2.630797719136448,-0.468579026871937,-0.7012895707915497,0.2839110587363809,-1.104145456663919
2.1383437766069275,-0.6632885801640613,-0.8758148246462931,-0.007062904550829715,-0.957927839495268
1.959544027946384,-0.5576183863013089,0.5327832093226242,-0.397548696545778,-0.9906540774992385
1.85471584277952,-0.19826279151956167,-0.8055266825105205,-1.3845180194249966,-0.2867216948200629
8.90275085868598,2.4165413609137567,-0.2151138001704899,0.9877285159245996,1.9519290895174237
11.207853688212339,2.0805937284293448,1.542276627661302,-0.7756063614376031,0.0779372965582097
10.368751425692789,2.4599733408007376,0.9943515198154235,-0.7798066757376003,1.182900489387524
10.399217705101409,2.195005481157339,0.9022713999434526,0.9919263098869546,0.5069763458281417
3.402157428367104,1.243797687606444,-0.4998724304108518,-1.8829834466717266,1.1138623979822202
3.2634244949457876,-2.0266536514456255,0.5430322792896524,-1.5235978106681667,-2.7999643025935854
2.6403523509820888,-0.0424406677870767,-0.23389780045359396,-0.01813424350808177,-0.30445802114822945
6.9192470498478755,1.9400787669733928,-0.19609321067693788,0.2932844290048521,1.3071354231507137
5.930250874915048,0.6740966608540024,0.4096853437465495,0.48473464796892385,-0.5717358227493337
5.057589600801727,1.8728070936372525,-0.5969935884209322,-0.3017984933962528,1.7624731648696121
21.560193293465396,4.265130779026234,1.4930031044432035,2.5303696686416894,1.4838901537677616
2.576362451167156,-0.1969518174375674,-0.16013013959793715,-0.22789255876583409,-0.4691307161274624
3.4266717482775477,0.20417622162442853,0.618360566259665,-0.2307861521027222,-0.5031635190463567
6.214747207437408,0.7496689787465955,1.455600479257298,-0.7969866688138776,-1.0136058423544687
6.229425920853842,0.8734889551323278,1.031653774575175,0.12390681652107108,-0.6295942318637977
2.767044668994691,-0.5361904329324878,-1.4089191026905246,0.6149612320467747,-1.2325890641689152
6.659950377053456,1.259001961908993,0.44489589500988425,1.20357805453346,0.4288111804330056
2.5202929940588747,-0.5245185831198487,0.8507193944606469,-1.489284264440218,-1.4560464933464334
6.966927016693366,1.6019804403920659,0.8918630221607488,-0.2459953383557008,0.6037330161902218
3.559099804748217,0.734815167090544,-1.1132948341146311,0.44670361080914417,0.6280786969002486
1.7589439457193399,-1.4285491890755109,-0.6570352370173239,0.5870575345945356,-1.6612044051839225
10.655228041014325,2.694971207853341,0.9945582357416216,0.006548657804539276,1.5498186063283395
4.2593512960464395,1.0196165937535893,-0.7617603706826457,0.5424239695321018,0.5136092944152219
5.254316512798078,1.1954452650553276,-0.29969605666431426,-0.8089638929258004,0.749698021444869
8.122628725035133,1.291227833788877,1.5758758095019694,1.5579054323183568,-0.758665201542772
5.7661551425266016,1.368082759219425,-0.04779925038478981,0.9926281029794295,0.6223791184731184
1.9036205575348002,0.9171413804651661,-0.726774137833843,-1.3449277870651724,1.1263934497220656
1.5146198835583191,0.1044430622634286,-0.8776173568629051,-1.0751030481167556,-0.09860839900467729
8.38304874290401,2.3675623035027096,0.3327193295851879,-1.0469217501069064,2.001922459248361
3.45111008549035,0.3360039050010074,-1.3331480084772085,0.6779699708965286,0.04406463491293769
4.753110123862649,1.438457692001258,-0.24733596389641815,-1.2847277664174672,1.1407858004524745
3.741950652985439,0.8093474636579516,0.33323053499002175,-0.3310243342080806,0.293008807258655
10.801311573111025,2.269181609012228,1.2991498205476675,0.45470439641677407,0.5855215328568677
2.1014744396575877,-1.1611030999886367,0.6675480803699957,-0.06616593454643468,-1.671332267634772
4.868906078151525,0.9080756524671805,-0.7140651179821789,0.2588875157127058,0.37105373821536314
5.140064802387992,0.7218573458908675,1.1784193175637205,-1.0658027113487583,-0.734975101257266
2.5624208085352844,-0.3491806037005947,-0.29951503754747755,0.5948543733972447,-0.8463983057776877
5.046985241484063,1.6561816942855354,-1.235703022049409,-0.6132118924759965,1.7441031844659785
3.994696430833364,0.38603844188165265,-0.1720413592654725,-0.32461967439794126,-0.2137702480623489
6.910068437611535,0.7505756332436133,1.438169201145702,0.23773172790598612,-1.0033018309754966
2.7222848262278925,0.16162463345327754,0.1652400500649252,0.10307822153084817,-0.3591316281088747
3.4573627486913323,-0.3269374425561077,0.012521864329786338,0.023980019015592963,-1.3004502289219138
14.115468258524773,3.2657762281956866,1.6372116447028535,-0.7506268219767557,1.43388446819627
2.273949212657192,-0.2081930479924062,-1.4313548470544273,-0.29954941119919215,-0.695680744166515
5.108288469662459,0.9951850721171956,-1.2855991140527723,0.0021835908370359453,0.5292999339436693
3.91353082242353,1.6344888159902986,-1.615846470966832,-1.3750852331670849,1.3561067142103251
3.065729724581384,0.1917249285395868,0.3726481864800551,-0.4625329663133788,-0.5001526812147293
5.441268650500188,1.2763986724277292,0.1664931271151245,0.38767987903284645,0.532022432272786
4.801953998681423,0.7541935758327778,1.542736367279776,-1.2774366038453424,-1.03008605490443
12.14155010124819,3.3062238002017317,0.24347507713677022,1.1565816515942398,2.445769569113684
8.031069876901624,1.8394837350866013,-0.40415715947930275,1.2696132625998429,0.9363801346166222
1.4376581333522909,-0.20327026320303077,0.0017948728781070852,-1.2451505759600856,-0.19260643876080602
5.572873354486968,0.2659920366628413,0.1177074184609581,1.3576196330501393,-0.7728337308889638
4.667914733034143,0.5243106789913179,-1.671761273328167,-0.1435815887121344,-0.11399655283962636
22.620046536647404,3.9423341225981443,2.710331644334893,0.4185145591570548,-0.3399837223515192
11.11324761487231,2.918025500791534,0.5198710181019115,-0.4966510521282467,1.9529445539995067
3.5346504659139293,-0.4412104349803808,0.21000830802258905,0.9230448272267618,-1.2255347222149022
3.106031100503036,0.763335422299901,0.6151639842785803,0.4060940188486671,0.13480142329020342
3.8534191798947304,0.8100574222102292,0.709410980586605,-0.8141532565976035,-0.01833806663370996
1.6028676335716359,-0.11303970192798928,-0.14055348550243169,-1.1652019999652885,-0.11741030034486948
1.3873216963164907,-0.24312994044741484,-0.6312411362407006,-1.4603024352092226,-0.10861665493834241
4.34356863911621,0.5805612911599058,0.599450686321704,0.18794177643275645,-0.11607081012048345
6.1958760592428455,1.62957865301605,0.38571084053145244,0.5724714117797358,0.8730660663320997
4.5966613185007565,0.9116843856878449,-0.8098900990894081,0.6509656787794414,0.6089844464924351
8.570626744293175,1.733417852048062,1.419035611367264,-0.11798109460737784,0.4189116113727865
3.8395602583944988,-2.45285162769574,0.29335203632298334,-1.156996455664364,-3.033989362145269
7.918970468676754,1.6321448577554183,0.7298193622676307,-0.682074798023783,0.2997948741631638
6.909177443686353,0.4732713774294158,1.391920887679919,1.1523486389619257,-1.6556393601700825
4.679727349589255,1.019897805638977,0.021888821164834777,-0.48462856460008136,0.6463201631358254
8.087488317602672,2.1808451904830024,0.31695200698411535,0.14341763068147614,1.4744973675705146
3.4220842911677476,-0.12370952551655189,0.8100272385061165,-1.0756504835748875,-0.9262391125885509
3.170524177862963,0.1187407388648017,-0.7248610838000522,0.33658304545903495,-0.2617807223427068
2.5040034034936687,-0.17039193010353332,0.05405166284600126,-0.45768456167907784,-0.599355705052997
6.645644772585031,1.8440676600408992,0.12554858665114904,1.0467127137757637,1.2354317757568007
5.037854933253479,0.8825022147353898,-0.9560585516833944,0.7735577062068134,0.09502788527207305
23.283271739515683,4.602007823710708,2.317636788673878,-0.4957059465748997,1.7283293805663333
4.107084886295279,0.9225834351995139,-1.4072934434924025,-0.12666402734766338,0.4137542029473876
3.31153738581773,0.4684575787509596,-1.2981039036871578,-0.5511162400406288,0.24245018063581938
9.017916891132508,1.8397572418444392,1.3142265757035791,-1.4194331965450098,0.06820678260283634
6.615091924218612,1.7239342819534158,0.7132662507965424,-0.8574424295472166,0.8179920992573367
2.9039370831281412,-1.467225106865708,-1.0259648174807778,0.19821732772082012,-1.7376861982453433
5.309786825648288,1.0151389073893287,0.6072890151016929,0.3252594982295819,0.08534395552050993
10.19071690971423,1.84794517705681,1.4678504449973098,0.1485479035926389,-0.07004644372796487
3.8654039267062634,0.9216573043648015,-0.030263057596985755,-0.30173305395863576,0.7254188271577663
20.39926723253095,3.671113400069487,2.598822900074582,0.9330666057209853,-0.18770160587403686
1.4567289101307934,-0.853329014214801,-1.7240618108680354,0.06354190456093739,-1.03873443416267
5.472109473186838,0.954735083331113,0.693823453859102,0.7032538280959473,0.007350674919699149
3.75236966961641,0.07268641689570692,1.166528336221003,-1.7737751322025186,-1.0828405288683434
0.7217141685753776,-1.4656871169729673,0.8913439016052467,-3.9224002516183423,-1.9252622125874854
3.2358707929966073,0.7983646636348656,-0.20435572664564833,0.2837880278380801,0.727122481485493
2.1619465063029657,0.6467522366778078,-0.2904414820111494,-1.4247656537214894,0.5790615726946706
6.119949286435488,1.3185346590590572,0.4441451710872574,-0.21245170271305602,0.4670909439935746
9.594240661658876,2.3174404331395717,0.8157544866520694,-0.30209704102460566,1.302928421945811
4.595253912588596,0.4358194915925676,0.6024734362823633,1.587400602415537,-0.6650318903039252
5.575335819999239,-0.08900199093500383,1.0400578907933893,0.3999965529436064,-1.431114142771255
2.608813130753092,0.15698317584682928,-1.0188699570667352,0.16585902679867273,-0.07002977680804456
2.7457175666408578,0.09423021551667723,-0.22777097912363467,0.8369911546336737,-0.34750029970591045
2.9540176653224504,-0.4387504746212212,-0.9400159321237542,0.36849758683903877,-0.8422957167700686
3.9306003556754034,0.6418216281756209,-0.38611277608614164,-0.45767699298843306,-0.07984915348779596
6.113109800475943,0.7707625401253133,1.0152208918143053,1.0714759302545598,-0.6116051462045847
1.6678598330728467,-1.5640937169635993,0.10798392072522883,-1.1097501278882742,-1.8360052833568312
18.9062601094538,3.4552771493621655,2.6068591631497697,0.32324718753356224,-0.4411766907937603
1.7199095865470186,-0.9754350219470627,0.19340636718971696,-1.5475697941363111,-1.1363751667038573
5.046996307996449,1.0229988802908188,0.05969188057973627,0.20394385751599503,0.2316480716109227
1.18940791998019,-0.5351400011129945,0.10618291944021628,0.19298964177292946,-0.6560347582406549
6.837857667134145,1.643846264624591,-0.6378086928599359,1.6764549619146625,1.1116314741410516
5.355773147895454,1.9266192517741003,-0.057836612377593744,-1.5649738934417794,1.6038660672678657
7.615061280390344,1.9458508399481536,1.1277880271116458,-0.6008871758538126,0.6793813730119062
3.465661745221614,-0.9897753604166161,0.11397066812777235,0.8226824265741438,-1.55102618198332
6.255930965128572,1.9525544389885439,-0.7934597298834714,0.33531725639730775,1.5051959988790395
6.184445112479524,2.0872422639952086,-0.9250846204786352,0.18030505133750305,1.575720450373765
2.6242844748877228,0.20539403690417402,-0.4502018916658434,-0.9561357029585392,0.018790511307940762
5.027313126005913,1.583086878043001,0.07386343441088038,-0.5908183480914292,1.322926160335532
8.167991501735326,1.3127616404675206,1.193586535476262,1.2450410082232566,-0.5516751380466781
2.056478753971408,-1.5881290150488208,-1.3404886413664368,-0.051509193753927957,-1.8662459348495894
3.2664857788363553,-0.1654016075498588,-0.3198262778887562,0.3753596961444733,-0.7602844386215937
9.206035232683327,2.581317601491124,0.14431001943507887,-0.115188328776479,1.729300866044756
1.7672206063466933,-1.6569222089426137,-1.833705767629435,-1.1830855152497652,-1.4910799236114731
3.1685577604702604,0.5001635495117795,-0.8335982829664064,0.9338104260749966,-0.0004787180685054915
2.567971130001676,0.08637384092847394,-0.6798885397361863,0.5032323845324963,0.034143893340212214
6.489915241902849,0.7285963044606416,-0.7959703738504983,2.305636837367189,-0.5129742439678118
1.8116089635119785,-0.1332715307690541,0.1918895450216474,-1.015581379650545,-0.44352159983711503
4.361768445883964,0.8134923785514856,-0.1605596095017974,0.8225729212004805,0.07224913423620272
1.8229007208836165,-0.5166747616390702,-0.5552861026010363,-1.3115439660370012,-0.5621623419347272
2.3550333974139352,-0.7822791835830608,0.427962626552635,0.15734656767307767,-1.422058497167931
12.06465245367627,2.478155954921239,1.7230747176462498,0.9765065890631646,0.215031942943456
13.791581103066772,3.1018522305207936,1.639256516741752,-2.072135116096487,1.0733665824449723
6.609538599668874,1.6675031360415145,-1.9227717720623363,-0.20493247424160788,0.8695725186534211
3.6792078768509677,0.3547791868016241,0.5770721838351396,-0.5632097340426202,-0.8097354673898115
2.746131576466201,-0.9600326654955335,-0.17802329006383844,-0.7019572982951218,-1.2512279153776757
3.8193649194567785,0.4352381981048703,0.1551553428653563,0.3852126522593543,-0.2841878821547786
7.43771129155302,2.0869376336202077,-0.39828303354254857,1.1206857064225955,1.567791509795664
4.802331881000146,1.1244683359979386,0.11758862988720224,-0.13327871522915521,0.6455980789595456
4.95042924183808,1.119265533722366,0.15140739607201872,0.20548642756001975,0.7039646767942336
5.726476757416519,1.2406004031089748,-0.5789517573489231,0.11430875305924776,0.8898569517854946
2.1520276293691007,0.5561366051382777,-0.8963675478251808,0.0018035063564141765,0.42076656251858635
2.8799940010661973,0.3271723078746653,-0.4486956826194842,-1.0893426377121063,0.12060854761357863
7.2379134477314855,1.5515907139121188,0.23425926445676556,1.1084446017228928,0.6623068966479679
4.658973312197203,0.4775465341963635,0.5989963416842641,0.295195368158836,-0.5461661042180197
5.785518079486305,0.14467510638055553,0.8533489773401466,0.39488149000257766,-1.4144630113663208
3.8076456422902463,0.8803235410022949,-0.49419002306691273,-0.8065096290255822,0.7229969346243232
6.5131087060020185,1.9633320318896144,0.28384456730273677,-0.4592203979892406,1.2377381057492252
6.739697393132532,0.5160177817506237,0.9625025919532985,-0.1761341977107784,-1.1182319393560314
8.486134060651132,2.266800843033019,1.1655948951441282,-1.5341246934488517,0.8219214824159002
5.792505146869518,2.0454147523914403,-0.05883285413152208,-1.6880343251976784,1.68076571338819
2.379003820085261,0.22044395466669708,-0.22093172493961213,-0.6007479306385679,-0.0022462017571209794
4.573948046874851,-0.061048761593648394,0.19112423383639218,0.5225207664423902,-0.8180021847417462
1.5564558808090283,0.050430382656917905,-1.1497074728974057,-0.653137389929941,0.12301867352675562
2.088062121661657,-0.24007149021469265,-0.19360951103550816,-1.0188051975907135,-0.5505339682007013
4.695863804361896,0.3138406655927537,0.7445863984731301,-0.8146856532376702,-0.6167301099564017
5.554905622410821,1.2913950074958693,0.6419471294437011,-0.4553424231453126,0.4331840672715425
1.8509026518220084,-1.0822827387367095,-0.270267604363889,-0.35385896282010376,-1.603729475029895
3.639005796358877,-0.6293001314668223,0.21771820108716664,2.1655214522065567,-1.4439289224922272
5.870126891351784,0.8488768612805961,-0.8246503402906876,1.0546206284873183,0.019290880373942807
7.406307240544198,1.3632156560287618,0.7034921482250248,1.024774112281728,-0.02230853891243121
6.233333340375932,1.026049988672684,-0.07782143613647309,1.1685803642733814,0.343554577039936
6.472259787620565,2.030584332312993,-0.275951451696138,-0.9988208693340495,1.8752253884833885
2.0949944324143774,0.3145546781608335,-0.36172383609338643,-1.2223646149872391,0.10451403607582113
4.611321615439502,1.150708096538895,-0.06289386689985824,-1.1068702915340567,0.5981721503347944
2.9305735146022385,-0.35207067222610205,-0.4478776449319587,1.3345061333378379,-0.9755329356146318
6.259907848448481,1.6463226808887668,0.6581430360025633,-0.547191788882491,0.7679376635165368
3.7353061677987105,-0.42380545504177297,-0.3952835480161807,-1.251356182239287,-0.5263908651106776
12.313763699854569,2.3993688464608147,1.5929640960273812,-0.430996200219813,0.07142083258109269
8.870769609860112,1.6463114455948478,1.465210503481381,-0.23860553171462742,-0.10884862506916096
4.766467788073089,1.3734385632924615,-0.8915434898545047,0.26841327369456214,1.032974234914031
4.280451798423016,-0.43078947911275095,0.06970426942928022,0.250951020712043,-1.3099765543749995
2.756874014574942,-2.117794679668676,-0.6506566213361947,-0.8281805638735081,-2.2832386346150395
5.267855464071401,0.5197961609907338,-0.3266475631886114,0.6856563925137109,-0.2134326970879245
14.472570698965782,2.8625650015504056,2.002427467644797,-0.6391935337501581,0.4685312569051241
2.3759913769102443,0.4545499485708753,-0.3075714171157992,-0.15627633670504304,0.15226937580750002
9.18844297708667,2.3854877170778948,0.36022603707742873,0.686774070503355,1.2322042374139113
4.060575162721815,1.0323097202462692,0.5413212940082783,-0.6418214039443414,0.43737267417966835
1.3443722835411511,-0.40791536844878806,-1.0006293724832407,-0.5693514235811376,-0.5638483318598599
3.1353822103912687,-1.8639407541208295,-0.8550954744092049,0.591668049693131,-2.32542015413968
1.1512020738611612,-0.2733539707178201,-1.206022371408119,-0.8577331766050195,-0.23731223419521827
5.020807558887818,1.1607364492607257,-0.8859707338977771,-0.38479202360407067,1.027959002257798
8.448925281798711,1.253414421852354,-2.8500301093171823,0.5557421780428925,-0.3920477826671146
7.343274190760762,1.309737296570411,0.5445824007936281,2.054092441435975,0.028320263677764197
19.540646284116136,3.591522181291031,2.05419384125607,0.6054045047627467,0.42136025430670854
4.820934259643428,-0.03200732190030775,0.14782073903652695,0.47263976299001165,-1.0152923742498159
3.99573771722484,0.9517900538842609,-1.4162688593406074,0.5308015836727297,0.6232358966388174
4.167609349706408,1.7472976910960019,-0.642776382899948,-1.0731902740670494,1.6371217900017059
3.2788290589164606,0.31888762268505855,-0.4588768450249969,0.115596738679908,-0.17281335189340627
2.477592293116138,-0.5298969813015117,-1.0175847772133757,-0.029766488336401747,-1.1290644218323016
7.049913384986051,1.2934795111325177,0.8601826383951567,0.32158454037275613,-0.06660102702197371
3.9475408554442906,-1.0408133937542257,0.8102600443753339,0.11650805247587083,-2.2243841086088687
4.4559855726571564,0.8689464632986691,-1.1554517938176598,0.37969967741711275,0.336903263976616
7.092356794499537,1.5449979840648715,0.7250810444475082,-0.3114671948992017,0.4522743776485788
14.45537285826989,3.464568623549651,1.5268126635772652,0.058608917371792725,1.6756362938455622
10.91557928403745,2.136196672623907,1.9025582052295598,-1.227828566056992,-0.19399479256662508
28.62194645247016,5.0317740740975125,2.8652120230859626,-0.31990727800291385,0.40848533814647014
3.3002318743268173,-0.3315118493161041,-0.9019926494431975,1.3908335481766436,-0.8612881023859008
23.555334059788258,4.038200394168033,2.824220426395203,0.3188083396282559,-0.3564271205250787
1.520837508100561,-1.2173374786002804,-0.3542063885087883,-0.020921037383076883,-1.525185436662198
2.9104467249842623,0.03073500190177364,-0.5924654553805143,1.8961232762543467,-0.1947896212832356
2.5173887179128096,0.12227097522954787,0.3270723748778453,-1.3608349783010791,-0.30530915351856486
2.2569295293450504,0.4482749930775616,-0.5820613340930124,-1.1094555554462198,0.299199766088896
5.36829418871828,0.3637396619249951,0.3990441406465261,1.7127114112762727,-0.6235968803326396
2.1851285310421313,0.2243526890146091,-1.3200771877373016,0.04596093604893383,0.0833453509750919
1.8482517468820248,-0.1602934143560532,-0.23875260206343432,-0.24258303628979377,-0.33338005560766565
6.3529205601461625,1.2201048914812198,1.2855822343616794,-1.1992043250956432,-0.33149938829951425
6.16770173564263,1.036852685429773,-0.05706129143115594,0.44769626639501187,0.08036232596303014
5.3469308549784005,1.0027142878202762,0.14159578673988274,0.5444598695274623,0.04052294231700993
4.197616715298365,1.0787964906845584,0.47525860471731124,-1.0944943608348963,0.7611740390516388
8.896347894974209,1.5186927206360539,1.1706616293176602,-0.14027558555042832,-0.12064303412983476
2.3973278550557464,-0.055302692433413264,-1.655224712189433,-0.33551583203306606,-0.34988534912300295
5.1509336662282035,0.6486971077664255,0.5845240518374347,0.25597714641877106,-0.18080744508722618
2.2059901253993703,-0.6434092751022656,-0.26813913924176325,-1.1192502422206438,-0.7146641168409925
5.6733028981886475,0.6233411914091531,0.16663789531183848,1.2519474545131573,-0.35991109356667156
16.642131496608382,3.773197538277535,1.059950169762376,0.9158237815976042,2.031158713073231
2.242157404876181,-0.6741888848812398,-1.1941866514118442,-0.36317555873281615,-0.9126787606958671
1.7388509703078956,-0.03684181569445717,-1.0126444414430895,-0.2164187116383712,-0.2786563338793094
3.402245245799987,0.3341314141523777,-1.9354299597138063,-0.13642215027761603,-0.3874886632696904
2.0388447444900475,0.02665877717299324,-0.5491589417637764,-0.7783085530065034,-0.24717161224439949
9.326802912923723,1.5115511879065058,1.3304323443788164,-0.4434294182350357,-0.33123930887839503
2.2763164933256097,0.4123804193546842,-0.12058718847346953,-0.27027036767460905,0.27924010122099974
2.9608270429417813,-1.0148779863308306,-1.3401248956547858,1.612868370707128,-1.7101751013917943
4.609024002186734,1.3408160396119309,-0.485678744575047,0.9466183083304367,1.0371714725320045
5.7395317432393185,1.2295141681657356,-1.487861703490623,0.9346547073366236,0.6325827996421973
2.3795433229992438,-0.8969014428052993,-1.1251861017311617,0.3699256130043903,-1.2428715860631347
3.0124981552534043,-1.7621290668937337,0.3888189102637133,-1.1173270089312346,-2.2690772729524014
2.1560082117432895,-0.8188620319681637,-1.173873326306029,-0.041491104577379236,-0.9770721461414011
5.9163279141112755,1.0816769535902886,1.1126343052033019,0.9704884596133801,-0.24266646142712253
6.007420215460516,2.3757087507895065,-0.071120290830336,-1.2582646293672883,2.580291898690775
6.062346190752173,1.189326863471226,0.08559470394452533,0.6365532068732643,0.5432569649742733
3.6209206698842245,-1.0452070563709914,-0.2783729676078937,2.322609225262766,-1.8075896491814576
5.753713408894239,0.45313234507060984,0.7728478385437232,1.0618166459897318,-0.689655504900944
8.396802954518515,1.5696848502411216,0.7831598877770107,1.4140291355619874,-0.05321243627298323
3.8960051480318585,0.826669268604138,0.33505435191217137,0.2183387504421607,0.2536835542980969
4.889943513877652,0.0402949190697478,0.564789105907648,0.9679319487649898,-1.314748860310423
3.0344751806581143,0.4536576514718566,-0.21208966992042563,-0.7178532143540356,-0.1349902279770614
3.1272035207739557,-0.08934973483528313,0.5422030069090485,0.7958638123412265,-0.7176391376105407
2.910527602459799,-0.5890951143795349,-0.33787777547380676,0.6543881340607632,-1.1037585626023165
4.312732400751538,0.7387558884617321,0.0022316221624020006,0.2899111740376629,0.2595956466989539
2.9248472595511488,0.8400247504797133,-0.27464374936629743,1.3160074197184983,0.773877173442822
2.7859833683594397,0.7784614269280145,-0.4572185393191959,-0.5387848378473886,0.8410412769616192
3.961328262028982,0.9898686913277507,-0.6891117977217902,-0.18705751647366212,0.574386351133876
5.137087028325901,0.7250279875773527,0.4676901038588855,0.0954620413582963,-0.49736953314026283
10.191940173731025,2.3597725098026907,1.3106059128134633,-1.0296109710894006,0.7145497614635058
8.759070432359632,1.9161622556162117,1.1711019716695594,0.22693194380024787,0.3090544381042879
2.310005878240763,0.13129358911220798,-1.2565653359454354,-1.718930412953847,0.1339418829520131
10.108006032580471,1.5774452461439412,1.2892030514068733,1.0469545344282092,-0.6116931217017981
4.587925593824312,0.3133873851997583,-0.31815850161792886,0.046637366565965746,-0.49687612734152825
4.0209522345994575,0.760970373657534,0.6007330151455916,-0.5208929039037633,0.07388693612455402
5.233824371014993,2.1662626348520444,-0.906215332047211,-0.8343736122951215,2.4398744669855015
2.6880955851122716,0.41172662723341613,0.14197991387400533,-0.23457902961918758,0.30124248009139015
4.899237670356012,0.47722790043070057,0.3137231828969071,0.6882597107724135,-0.611188502250286
2.633759075068131,-0.3133403368793956,-1.4846047919196528,0.5477389787375606,-0.8323894449694428
3.1915679814479727,0.3189044468476601,0.6082671663441893,-0.7055379472784609,-0.49176661265620286
13.136272042628738,3.366385131948772,1.3459350078383152,-0.8460396726276342,2.177293447549066
2.803489397236251,0.003311911398704126,-0.1746479456816279,0.6568987063196474,-0.39925664594596205
10.601859006068668,2.43840615955718,1.3601681308280127,-0.7223474046150294,0.906870534610285
3.3874692728995917,0.09356972572860828,-0.18969349345240752,0.05990977407950356,-0.3759282454713564
7.01574180243439,1.347547490143151,0.8495845310466172,0.12375464252427706,0.26118454127962865
5.568683428223262,1.5140232858643308,-2.2185699659510996,0.3120621317267384,0.7917452740087223
16.55034097481079,2.9073725110728486,2.4187777793134635,0.8582704301818718,-0.571902849809924
7.141574115279274,1.2666081472642339,1.495458245242957,-1.2629629368673227,-0.6411116541527696
4.079386349188279,1.707585504498591,-0.2846255042536789,-1.9111593252604877,1.6588696944553298
6.0704958120282395,1.6742308254220164,-1.972089026643818,-0.5674472812283516,0.9845928948957967
7.758756014371662,1.6401055245190608,0.28802836830548917,1.801528407832186,0.7906723186907281
4.36379016520363,1.0044599381710606,-1.4439255470737569,2.0221741000873785,0.787276293122914
8.051367456859627,1.502985223789311,0.444853537557488,1.8311771355658875,0.4595754883110654
9.151497157365645,2.5624641906773324,0.4115657191642819,-0.1929813677606896,2.017775813175065
1.339253958063181,0.052458132686910915,-0.9414031690020248,-1.7821150819848288,0.043908301877156795
9.759508233787539,2.2032529218233714,1.1209670236143776,-2.343039101651841,0.5772623672009194
3.985525237717183,-0.33721482543678033,0.8055747028061735,-0.6140381615494112,-1.4509129285940126
6.449969487444193,0.9561976435789633,0.9758233372885634,-0.19807363014936016,-0.8249606865912409
4.805763287825171,-0.3224875910472255,0.008857703668895378,1.3006254010559588,-1.2008189998350405
6.457556526407756,1.714997909656818,-1.4155240669137066,0.8678054595424457,1.2740635835161493
4.372429381710027,-1.1616695302648683,0.9778722722111376,0.2274050789916206,-2.55254015202075
2.6108983162589077,0.1625932514278886,-0.27037139913579117,-0.8898447709411417,-0.40231002275272265
3.9483387708528195,-2.435393412717897,-1.389780143192669,-0.9607795582448903,-2.993706602660623
6.827662557796134,0.8288929854542214,1.352039365974326,0.2541276870714354,-0.8312878954818901
14.523961009114931,2.5710553265699416,2.0994075205025093,0.6970509788397266,-0.49094894973186637
5.439186547333674,1.6572803282626158,-0.041248128979203026,0.39188126224558456,1.384871093794044
16.865237656030857,3.332743897616693,2.159121154603292,-1.0345979596066548,0.39662793922145717
4.796995813278453,0.15582182044471393,0.09131472861134962,0.650667628792086,-0.8331415233289663
5.34189077094573,1.5123018603966467,-0.38045590416635117,0.4259109671014113,1.065963719731826
0.8576812657041566,-0.02576370593685995,-0.6304584541854775,-1.0706664061901783,0.01783225452975753
10.35949869883232,2.0752817020668792,1.6370824079927424,-0.7843209703002557,0.03756685870725232
1.9956594770319738,-0.6889651045808979,-0.7801438813877718,0.6884959745615665,-1.2026715077719918
4.013128239263124,0.009134487882428707,0.7352693099749874,-0.23450753514589096,-0.9900137139031391
3.4437666368208433,-0.15730747394921,-0.5591638350592083,1.5891473016364572,-0.8250972999455244
4.1019170981397135,0.44533547168755644,-0.4603067625743631,0.5011292760645764,0.046461273154189575
7.18675411653985,1.5132996515502013,1.030249693969567,-0.48663118818926915,0.07788572698067482
7.676332210994107,2.042607010695475,-0.38003684628935364,-0.01020560039093268,1.5440926635240455
2.785495401036353,0.5478713170864072,-0.4047953794202932,0.06338339263771817,0.38505516793783434
4.171037921045229,-1.6039855837823735,1.1328046971748071,-0.72839031324171,-2.707565693672108
10.702734658164044,2.093451545159195,1.5973972932216232,-0.9125881981776266,0.26264198787169046
3.9535957561584154,-0.21533856820488126,0.6446898032842333,0.7013898938094993,-1.4500163561675328
3.041935651044017,-0.4660726325157377,-0.6547697756239492,0.8452732970420956,-0.9659709246115362
3.8120407132306675,-0.49713119762258084,-0.5106084992975795,0.6037814695529586,-0.8121694717263297
4.543629441705314,0.23390258138123537,0.07991526374003749,1.5153180943238018,-0.6633383235123018
2.4120955086266784,-0.8583022807899671,0.32093006192565754,-0.5417732360116019,-1.375149392040303
6.0427115084986,1.013264210566338,-0.9878659101397719,1.6742707660711302,0.20348200345228765
3.181835057595219,-0.5060206933768799,0.7230379395798638,-0.9009211185541528,-1.4108022850909592
2.23958604040134,0.6360252807693344,0.08551332963959904,-1.0126855633684928,0.3566676072498469
7.9510486224419274,2.4565254061152304,-1.7157083186381297,-1.7599588821492502,2.2369710770616296
1.310951006167496,-0.8611004280798924,-0.9289264824607304,-0.44579531382681703,-1.3293590589340638
1.6998166045719298,-0.17500140796088454,-0.5041286736516637,-0.5037223368294537,-0.28451030433922214
3.9439524823601664,-1.872574881705657,-0.07285768884105508,0.5259372802546505,-2.52345736251247
11.773830281644189,2.2492025351550646,1.889278795503996,0.24389094162045094,-0.30093529297013316
4.020206106787126,1.1256225395903676,0.23817130613962828,-1.1929733710191368,0.642717152631484
3.6114239146340954,0.802864261656757,-0.8407718898986251,-0.39272623842581755,0.7206392313572674
3.4697353227652123,0.6500572003947841,0.22063080430716323,-0.37146202108768545,0.0773637302840967
3.0514940787782328,1.1167774926951612,-0.35208774745388094,-1.7759822469618927,0.8892634247589758
9.400062156832343,2.856483288301145,0.3247582395335419,-0.9809467270133695,2.5460545359427917
7.1878630116040405,2.183662435936538,0.5805676870356151,-0.7708136306140894,1.7123046874375993
6.551302774276466,1.0491999127248162,1.209230647223938,1.4336250198209464,-0.5225209294096368
2.4729207784271225,-1.1589126469887394,-0.024286495670025846,0.19145071595735258,-1.4511039864667383
11.097050648903272,1.9706847389032427,1.6389605275998334,0.6621687539474996,-0.40615141657380355
2.3382479049880995,-0.3265189242483936,0.9080226625361915,-1.498635497149212,-0.9469827656173482
4.5206966150116425,0.9270328159818536,-0.7074395448121878,1.1942144830139918,0.4513475478646326
14.388339332033924,2.2726511857438707,2.209855665748464,1.3011020630240928,-1.181193539429498
3.1075130413195935,0.3064152662381247,0.3269945132700978,-1.998344967144626,-0.07282243259034209
3.1209219863313424,0.9115065429149878,-0.8351245039722355,-0.7053167239158482,0.8380140545363105
11.60783660169558,2.1827349802305154,1.6529130512304218,0.49576557301551033,-0.10069587281717703
12.559415589514709,2.0380296345725,2.0777775851984446,0.6443884535381822,-0.9463138227477965
