log_wage,college,college_expansion,age,gender,parent_edu,region,ability,true_premium
5.022205168025262,0,0.09794660270173883,30.637921878126928,0,3,3,0.7902381527811213,0.43999999999999995
4.312691211764856,1,-0.16799320991244193,28.117927596230395,1,1,3,-0.17388478006508987,0.24
3.8896937264348472,0,3.956752324142495,25.263023457800927,1,1,2,-0.10173353533375944,0.24
4.371570743087822,1,5.628642891630108,26.612502540400094,1,3,1,-1.3956127962365588,0.43999999999999995
3.6702213518242264,0,1.5820159774841733,29.028560397344943,0,1,1,-1.2653881211962996,0.24
4.599360268741394,1,5.855287354552589,33.45539313514478,0,1,1,0.2870690437124435,0.24
4.331405145460836,0,3.004272901724507,26.547941130411164,1,2,1,0.6306683813991212,0.33999999999999997
4.283957054375598,0,5.8826448047288125,30.414362330582197,1,2,1,-0.2604718751969018,0.33999999999999997
4.533352601174068,0,2.651531217057255,27.01583064796972,0,2,2,0.932957966149372,0.33999999999999997
3.671965834409454,0,4.6460613313135575,28.33140626765841,1,2,1,-1.407891920909461,0.33999999999999997
4.676454965745884,0,7.1665423980729726,32.546190247790776,1,3,1,0.3985387227970714,0.43999999999999995
3.9511854403141253,0,0.2848317358643324,30.2928777442613,0,1,3,-0.8517776058894487,0.24
4.215839019133718,1,3.5509121714918996,24.27610218177713,0,2,2,-0.9307501685249376,0.33999999999999997
3.801331218683059,0,1.423162657604594,26.28257492856523,1,2,3,-0.76491592408481,0.33999999999999997
4.489059827392941,0,5.615630027112674,31.768664033324075,1,2,1,-0.08076556887905209,0.33999999999999997
4.436346632898038,0,0.6873735676243213,28.425634127885488,0,2,2,0.438896929523789,0.33999999999999997
3.7900700520496216,0,7.304044605690754,24.55347964115241,1,1,1,0.362979209015348,0.24
3.7278929147328848,0,3.9443703804040844,25.543142665078836,1,1,1,-0.2904821839375229,0.24
4.319996061778918,1,3.4269239301975833,30.110480568133514,1,1,2,0.632267342423068,0.24
5.297182380309188,1,6.347088324617634,30.98323084365289,0,1,1,1.686741393350009,0.24
4.255182241208548,1,2.4103903584352713,28.053565904446522,1,1,1,-0.11941120145103974,0.24
5.03784210050642,1,2.1367591562155495,35.425941402808306,0,2,2,0.09479577376104349,0.33999999999999997
4.342572506904387,1,4.930307882264705,30.472457090366916,1,1,2,-0.6117299783135902,0.24
4.305133535047462,1,3.3253001419379995,27.269556791101298,1,2,2,-0.3919585407672948,0.33999999999999997
5.18712894638513,1,5.40057288292359,25.55288185570197,0,3,1,1.248347265348947,0.43999999999999995
4.225742161453228,0,4.537840526174112,25.075347086082875,0,1,1,1.2586582184231674,0.24
4.338910738036681,1,7.836614939851875,29.006263961441107,1,2,1,-0.20106747907086636,0.33999999999999997
4.895382734757405,1,1.3149852857059552,26.53366886525978,1,3,3,0.49025166608774173,0.43999999999999995
5.326801453098126,1,1.3321296802931448,33.02123126195028,0,2,3,0.9204572873590808,0.33999999999999997
4.894251535897271,1,4.651031661256251,32.39893540875358,0,3,1,-0.446517038751057,0.43999999999999995
4.007296597869758,1,6.476890332362382,29.89919964249168,0,1,1,-1.3059082511945022,0.24
4.939409227592336,1,4.646690027856927,24.463011481129314,0,3,2,0.689308949758022,0.43999999999999995
4.773815720750581,1,4.608001313659711,25.983343382342785,1,2,1,0.8963876161298779,0.33999999999999997
4.298420004190828,0,1.1254379002632686,31.767032577223304,1,1,3,0.7492788001422659,0.24
4.706264080317098,1,1.8790663135803274,26.310801400614693,1,3,2,-0.37414882410938,0.43999999999999995
5.672567400279879,1,3.229068747737764,31.366425201758574,0,3,1,1.5231108714090031,0.43999999999999995
4.007175457211157,0,5.543718295585442,29.423811769104283,1,1,1,0.2842647584534597,0.24
4.559524893400048,1,3.0037979045253653,28.155153654439562,0,3,2,-1.1475895682470094,0.43999999999999995
3.617820925173004,1,3.9812516033490084,25.891501561193678,1,1,1,-1.5960874594303902,0.24
4.131155164688222,0,6.49176186442179,27.717268469425747,0,2,2,-0.2971942159548199,0.33999999999999997
4.3016630337024635,1,6.152466907786285,28.568943864624693,0,1,1,0.22481153010256116,0.24
4.2408585076488166,0,3.4048729412989114,31.097616694903365,1,1,1,-0.2879461830657173,0.24
4.497811494104833,0,2.1819330681975813,25.342793198098736,0,2,2,1.9935623988394282,0.33999999999999997
4.306694169408328,1,6.797334783578214,27.211549472421655,1,1,1,0.40398352624473366,0.24
4.109458822801535,1,5.494450940138599,28.134469395796856,1,1,1,-0.9731487362874572,0.24
3.4474434023857876,0,2.9008814672827823,29.988035073058494,1,2,1,-2.2703417581987244,0.33999999999999997
3.888187206911089,0,2.7810987071931197,25.27460698743167,1,1,2,0.23501404919982627,0.24
4.874618618579109,1,4.99281277852404,24.050290621338355,0,2,2,0.9889540896941548,0.33999999999999997
4.30385480229976,0,6.978544382472485,30.02189545513015,0,1,1,1.8637672086298276,0.24
4.054025345061585,0,5.098165987574763,23.44615265515989,1,3,2,-0.20241174628443354,0.43999999999999995
4.663503369739032,1,3.882940554597731,31.854939144286504,1,1,1,1.7219991047581589,0.24
3.8134339472197243,0,3.609680022559607,27.532221707551276,0,1,1,-1.3589276392183158,0.24
3.735833318909871,1,1.7035043062961903,23.35740675317666,1,1,2,-0.34390804598608904,0.24
4.191285290755134,0,3.927520885996004,26.55873934178952,0,2,2,-1.014397454157113,0.33999999999999997
4.251258903741398,0,6.188978259767298,29.137370899207713,0,1,1,0.792100908750765,0.24
3.897219217561228,0,7.101806985766167,26.401896737335065,0,2,1,-1.3010773798518223,0.33999999999999997
4.332071516526128,1,4.817650181848462,28.060089246473044,0,1,1,0.40174962458462865,0.24
4.202868311551187,0,-0.5379932766274664,30.22023509711586,0,3,3,-1.2418293714311208,0.43999999999999995
4.836366518322431,1,6.338940328914926,27.39342899383714,0,1,1,1.7577815530513796,0.24
4.691033989015199,1,5.318287356815167,25.1888269706016,0,3,1,-0.3742560375267909,0.43999999999999995
4.656769829036914,1,5.119938958632006,27.103048007884478,0,1,1,0.37796584915245995,0.24
3.989695023549626,0,2.4331930233775556,32.24452040937778,0,1,1,-1.788772622732355,0.24
3.6419119706786813,0,1.3930429035466818,33.05519303599955,1,1,2,-1.4948022150871882,0.24
3.571419532011554,0,2.6126904277485625,21.940221478173175,0,1,1,-0.7733964705152477,0.24
4.544252744284442,0,1.3858607309796187,31.27308372757443,0,2,2,0.8505181277692229,0.33999999999999997
4.966548245620951,1,4.14021194259232,28.75044314810607,0,3,1,0.6590904861935541,0.43999999999999995
4.464177842060271,0,3.9609312072708835,30.77194803736045,0,1,1,1.085389961099943,0.24
4.017007231248359,0,1.9256890338219361,26.34853521919711,0,2,1,-1.5097308231844209,0.33999999999999997
3.973682322593401,1,7.054191739368084,22.69520947149554,0,1,1,0.5068693732713246,0.24
3.9561497565980557,0,4.482870737541289,29.753466365942387,1,1,1,-0.5598974677675107,0.24
3.6354723437235266,0,4.292295294763272,25.17706821615185,1,1,2,-0.8081043364823255,0.24
3.8691062653202657,0,2.3255313957208763,23.835122705545444,1,3,2,-0.5372276641222128,0.43999999999999995
3.8140473176356897,0,1.6988498800666916,24.0447958525796,1,1,1,-0.11646779406706512,0.24
5.024514766403754,1,3.936748823645493,29.802741347246002,0,2,1,0.6610444159677312,0.33999999999999997
4.692138783921952,1,4.256917324454573,28.41835739808759,0,1,1,1.1228053008888783,0.24
4.201133063370717,0,1.5694523501423472,30.34739806562402,1,1,2,0.5210721283410551,0.24
4.893515201703352,1,0.8158371225257224,30.007225763489096,0,2,3,0.6332707362208657,0.33999999999999997
4.457185426371977,0,0.785792599175662,26.7371993062487,0,1,3,1.8230495479796065,0.24
4.323359567094604,0,4.866071088178173,27.78857927836763,0,1,2,0.6970730916065615,0.24
3.733367043392852,0,5.096906990845497,26.465687413652383,1,1,1,-0.2138348314924301,0.24
4.117010943537464,0,1.9172427041063984,27.369016681403526,1,1,2,0.5811047348180731,0.24
5.065696832927006,1,7.641613067531397,25.0982357860568,1,3,1,1.707645904228449,0.43999999999999995
3.798872746563644,0,2.688676005049638,29.171452881623004,0,1,2,-0.8703606653032362,0.24
4.250276222808977,0,6.124205680065982,31.22536224694527,0,2,1,-0.43093695834333684,0.33999999999999997
4.4528985763618705,0,4.502422667421657,25.55016091053704,1,1,1,1.4501277493492843,0.24
4.248440239436101,0,5.402560579535823,31.843808936204027,1,3,1,-0.2904729174305014,0.43999999999999995
5.152202663413929,1,3.2185693684594936,28.340564489433824,0,2,1,0.7642896751744533,0.33999999999999997
4.72810025465024,1,3.4576704497214825,28.72323692921744,1,1,2,1.289087256997986,0.24
3.483884911585142,0,5.232749865435673,22.901711441177447,1,3,2,-1.255820478972708,0.43999999999999995
3.7096391879524986,1,-0.07401597138968152,22.578213071302798,1,1,3,-0.4084226107904071,0.24
4.289634203599412,0,1.8906271761901834,28.432349088339045,1,2,3,1.204689284039352,0.33999999999999997
4.477560087015729,0,4.001793018391918,30.369196373896024,0,2,1,-0.1264265990077907,0.33999999999999997
3.435211956347842,0,8.684244215776783,25.98585866906514,1,1,1,-2.0185924919436133,0.24
4.921902037933913,1,4.38958131666705,33.01028170174927,1,3,2,-0.5099697730421181,0.43999999999999995
5.321437109921158,1,1.288501645716143,30.204807922762946,1,3,3,0.7944624548454315,0.43999999999999995
5.064247705131494,1,3.7319100964228307,25.274976244876044,1,3,1,1.2764930996057795,0.43999999999999995
4.515527744001149,0,4.08418847001112,28.09254600116052,1,3,1,0.050845298614804114,0.43999999999999995
5.050470271878634,1,6.933466640689015,35.430787401170235,1,2,1,0.48378160830999745,0.33999999999999997
3.805003880090925,0,1.1578475115891775,24.272307991600883,0,1,3,-0.36906012620263673,0.24
4.956245497524622,1,0.038084489402796295,29.584809816745317,1,2,3,0.9031842135383261,0.33999999999999997
4.305698829870668,0,2.4749683814629906,27.03176634182997,1,1,1,1.4251955572098265,0.24
4.895035688700947,1,0.8704602588478739,30.120688872755537,0,1,3,0.768199900254481,0.24
4.407322270775183,0,10.020456295055423,31.801820938955146,0,2,1,-0.11816674651273366,0.33999999999999997
4.947371936294727,1,1.8562676234064939,26.8412887338659,1,3,1,0.4341110652414831,0.43999999999999995
4.447583270027841,0,4.648751343191763,31.356736815121522,0,1,2,0.9524879011371168,0.24
4.455511163753683,0,4.063397714685257,34.66361018281588,1,3,1,0.02770168787918344,0.43999999999999995
4.943792994518163,1,4.333062697923701,28.198824212032704,0,2,1,0.8005290161606844,0.33999999999999997
3.908228124524395,0,1.9132162587136148,30.354666062482554,1,1,3,0.3703089775637704,0.24
5.599615911439066,1,1.1658851609267944,26.228677689390175,0,3,2,1.4193578030127094,0.43999999999999995
5.09980587401119,1,0.7169717255696316,28.05777792709364,0,3,3,0.7001376460626499,0.43999999999999995
3.9122662317283132,0,1.7774927443956607,27.46997472187527,0,1,1,-0.4985573968398187,0.24
4.68438345608956,1,5.952164979556409,30.390807776975787,1,1,1,1.404494009881228,0.24
4.43983398390077,0,9.467444075926338,31.614027807270777,0,1,1,0.4600551922438175,0.24
4.932658810958253,1,1.2025387838010566,27.671035452647622,0,3,3,-0.13973593879280333,0.43999999999999995
3.6478605821847627,0,4.662513323416577,32.60086853719877,1,1,1,-1.3540036929925754,0.24
4.255803799490246,1,4.761043647854503,32.590142324684884,0,1,1,0.231378929058169,0.24
5.002378133359812,1,6.972937187982005,30.5405612295397,1,2,1,1.834888894409564,0.33999999999999997
3.180995619209835,0,-0.4716106369483548,26.451920404834816,1,2,2,-2.7293762500800502,0.33999999999999997
3.093345145041439,0,6.840692020703858,26.164513549780292,1,1,1,-2.6897131334542244,0.24
4.635878009074536,0,3.9875293295952545,25.562855935929885,0,3,1,0.7673393527779184,0.43999999999999995
5.116210410420569,1,5.867138009639593,30.847498210714484,1,3,1,0.23617230939780226,0.43999999999999995
4.273511835500219,0,-1.7356114658717159,24.364695377531906,0,3,1,0.6723837158313631,0.43999999999999995
3.759696294473385,0,6.334925143978059,30.03051296233302,1,1,1,-0.5263859284424071,0.24
3.479157181849959,0,2.564414582409474,24.75667195652766,1,3,1,-2.1417773352996803,0.43999999999999995
4.402553498847191,0,1.1733077364860838,30.47063835952592,0,2,3,-0.8319850015856797,0.33999999999999997
5.21866143704851,1,6.49050221728841,28.05165874819168,0,1,1,1.560005301725322,0.24
4.50230164267032,1,1.9278203347601846,32.00091568557948,0,2,1,-0.4515892335278249,0.33999999999999997
4.542083072383784,1,7.178865596444051,31.424363734963812,0,1,1,-0.44292866977959844,0.24
3.589473688073134,0,1.3330702165809782,32.30519623600633,1,2,3,-2.6293999934649226,0.33999999999999997
3.9112062305415036,0,7.906230972574477,32.38245615486734,1,2,1,-1.8044799846453667,0.33999999999999997
4.455935378349348,0,0.4856611898832869,28.430892501964593,0,2,3,1.110167163913629,0.33999999999999997
3.901610463888048,0,1.2626409702128776,24.523620800726185,1,1,3,-0.2594280549703663,0.24
3.956317801065527,0,4.942106569323924,24.842430835007864,1,2,1,0.9912018856555244,0.33999999999999997
3.213657745532124,0,6.174152135694484,21.739454412052186,1,1,1,-0.7536993715630421,0.24
4.296647888571124,1,2.9604289321870487,24.74900249971572,0,3,2,-1.4677820379896653,0.43999999999999995
4.333060758085375,1,4.899626858756328,28.206470973113948,1,2,2,-0.26092358088517403,0.33999999999999997
3.6980399709563625,0,2.7167552351609547,26.321037457524515,1,1,2,-0.572953119132798,0.24
3.810347111778372,1,2.686000244813429,27.459593186770444,1,1,3,-0.8330901761159398,0.24
4.078308446031002,0,6.032887980951181,29.478146258384204,0,2,1,-0.8070093832842306,0.33999999999999997
4.526248361005033,1,4.643836171812351,27.087804225802724,0,2,2,-0.1349381026313032,0.33999999999999997
4.14075375238041,1,8.14425267294429,24.634513598762247,1,2,1,-0.4915686284618738,0.33999999999999997
3.6846218034418463,0,4.184002159472277,27.840298997309702,1,1,2,-0.9322683271622375,0.24
4.69105336343919,0,3.1677582976043723,25.304528539681463,1,2,2,1.8047143732832946,0.33999999999999997
4.083732839656678,0,7.39333287656847,27.18764050906281,0,1,1,0.45795502483189887,0.24
4.941115717648213,1,5.390390628221509,32.02833089326901,1,2,1,0.15848275411520182,0.33999999999999997
4.886837413288142,1,5.564375821001821,27.188484087711476,0,3,1,-0.06654540203483184,0.43999999999999995
5.294484402590885,1,6.534180784213167,33.31287266004323,0,2,1,0.6656146664955179,0.33999999999999997
4.512916258108669,1,1.1091254527653616,32.29490796081391,1,1,3,0.5318234333634566,0.24
3.9728845838840865,0,3.336284555742024,26.26208407426287,0,3,2,-1.0342791550967787,0.43999999999999995
3.485685052977883,0,1.3962030096571505,24.666628700752675,0,1,2,-1.5322701251274664,0.24
3.8444767958612713,0,6.10427252828357,27.84233751423942,1,2,1,-2.274084584053997,0.33999999999999997
4.995804593269549,1,3.688835217384002,31.459983290190667,1,2,1,1.7919311115446124,0.33999999999999997
4.234477051928419,1,4.533523055662977,26.529427281313936,0,1,1,-0.445309938552059,0.24
4.530449368751615,1,6.233488046797012,30.724270894786418,1,1,1,0.5920595381683295,0.24
4.642484805287955,1,0.3065772937972875,31.625319967408263,0,1,2,0.20206126882228395,0.24
4.916800538697659,1,1.797409368371907,25.67792304891218,0,3,3,0.9125587383282822,0.43999999999999995
4.447801077278875,0,5.316367001694413,25.97184673513424,0,3,1,-0.06453786311570124,0.43999999999999995
4.0528244756245515,0,4.2245354755867,30.13798609638102,0,2,2,-1.3279690694292416,0.33999999999999997
3.4391078231909535,0,7.881010647100305,28.455542648924713,1,1,1,-1.0371168199996268,0.24
4.311550363666443,0,5.713133755152396,25.941815420368965,0,3,1,-0.3507582210036201,0.43999999999999995
3.585147213215112,0,5.142823707830628,26.943458655641237,1,2,1,-1.5852700788126293,0.33999999999999997
4.170046945425091,1,4.786306544939178,27.78844134181774,1,2,2,-0.8543273775917434,0.33999999999999997
3.548780243767712,0,4.730686080438517,23.305436725133617,1,2,1,-1.198822426863515,0.33999999999999997
4.27939141632916,0,5.624598728407213,30.296929319448086,0,1,1,-0.3286867669498902,0.24
3.998108035381909,0,2.311845773211327,26.563923433182428,1,2,2,-0.4960321976698295,0.33999999999999997
3.951778019656568,1,1.5364931731317955,19.648851328605705,1,2,2,0.1194817528546022,0.33999999999999997
4.9673257092349665,1,3.6250857226580733,27.928387095071642,0,2,1,0.8544673443562326,0.33999999999999997
4.749333378917062,1,5.121788909143132,25.775286223319476,0,3,2,-0.24261518579317523,0.43999999999999995
3.810163484388675,0,1.1942723297876348,33.06646657690803,0,1,2,-1.5024098394124243,0.24
3.261728833451198,0,5.432189732705408,26.243664937240094,1,2,1,-2.0483373778092178,0.33999999999999997
3.9550979666434145,0,2.987623545899285,24.707069909264167,1,1,2,0.16231780947549843,0.24
4.0909665128391,0,1.641031083287082,29.523798009886047,0,2,1,-0.6654995319284293,0.33999999999999997
4.17993535926016,1,0.6323625358781678,26.01865789597725,1,1,2,-0.15736138886388432,0.24
3.92046429931397,0,0.9428752521423328,25.661631396243305,0,1,3,0.329541155152203,0.24
5.158594143991929,0,4.875890296414551,29.528504148473218,1,3,1,1.4431770138315412,0.43999999999999995
3.8147377317881332,0,2.036682873487544,24.8785980763313,0,1,1,-1.7475054868925834,0.24
3.70901489832896,0,5.218141166100831,23.628179025401643,1,2,1,-1.012457625452728,0.33999999999999997
5.367793660619495,1,3.4880972227092157,33.17799400628301,0,3,1,-0.08523429395109815,0.43999999999999995
3.9768568623343175,0,-0.23901016649152318,29.738496212801934,0,2,1,-1.140193585266753,0.33999999999999997
3.3808072323981215,0,2.2496171877243656,27.207372145016905,1,1,2,-1.4890559680155546,0.24
4.671461080334368,0,6.0353683877760655,27.98956837089419,0,1,1,1.3095773686822225,0.24
4.134202986950929,0,7.355410956263833,29.51759307434847,1,3,1,-1.0479570405110468,0.43999999999999995
3.7374406749000264,1,1.3838423714541974,30.920012348840263,1,1,2,-1.3091852211566728,0.24
4.1937519678294,1,1.8348031160975238,25.732074126054965,0,2,2,-1.1481494881808638,0.33999999999999997
4.687439238827567,1,6.867134817211188,29.098439577897047,1,2,1,1.0859937950796388,0.33999999999999997
3.9876064165829916,0,3.543551363087313,26.479887471369285,0,2,2,-0.6953816500488362,0.33999999999999997
4.0132918374664275,0,0.6860143965609218,27.433056266462128,0,2,3,-1.3856160542311489,0.33999999999999997
4.330967465602784,1,7.5347203631431015,28.48207860239471,0,1,1,-0.8401619008497354,0.24
4.515988307827572,1,4.265769030066954,27.979964280841983,1,2,1,-0.048170661875511216,0.33999999999999997
5.218571162084202,1,2.7959995137144866,30.206700694907717,0,2,2,0.8917709956062757,0.33999999999999997
4.436402346278832,1,2.8065461603788227,29.46125967734678,1,1,2,0.8077684792261496,0.24
3.9855478382693876,1,7.9404270211007875,23.475492371883465,1,1,1,-0.7777690059554415,0.24
4.168547103530924,1,4.697784455680232,23.926530378803673,0,2,1,-0.531124126337735,0.33999999999999997
4.944027818225543,1,2.134118916308441,26.89084994572212,1,2,2,2.1028840709790892,0.33999999999999997
4.993865119823888,1,-0.48610304957144157,33.485875787325476,1,2,3,0.9956845304814996,0.33999999999999997
4.324610767474945,1,6.626823867054727,25.445224502495194,0,2,2,-0.25178019093159926,0.33999999999999997
3.9978338622936382,1,1.7447887833642117,27.37533187116174,0,2,3,-2.295152440146726,0.33999999999999997
4.9097384208924755,1,3.0196548874174454,26.390961919130433,0,3,2,-0.4588286584021518,0.43999999999999995
3.671233787452866,0,-0.8765617098033378,26.33786684773576,1,2,3,-1.326619362139237,0.33999999999999997
3.764626539692584,0,4.09533368797303,28.534719231715165,1,1,2,-0.862681385781058,0.24
4.053151746288806,1,0.1702290293875487,32.202331828586956,0,1,3,-0.9653318217729685,0.24
4.6534722333215175,1,2.3889067440230876,29.36790519964177,0,2,1,-0.2312081628170758,0.33999999999999997
4.5160090740460115,0,1.5500867140754315,25.589407115718725,1,3,3,0.06975961656737698,0.43999999999999995
4.505414023646022,0,3.7309418330036284,36.25968853240962,0,1,1,-0.7315808415853126,0.24
3.954257695276177,1,5.723390198739363,28.235719662883376,1,2,1,-1.2777063102540531,0.33999999999999997
3.894015815868077,0,4.651991717450546,26.26833713085366,0,1,2,-0.17893126728390904,0.24
4.523310935734924,0,6.800200400484044,32.236289124032766,1,1,1,-0.49827877710615814,0.24
3.91309271382677,1,3.0918813159594163,26.592788146168544,1,2,1,-1.8975391938116002,0.33999999999999997
4.99900437425872,1,0.2772938642972457,32.988740964962325,0,1,3,0.6075709425262437,0.24
4.5298154643983155,1,4.588867250993278,25.3880716271,0,2,2,-0.7288472359522109,0.33999999999999997
4.466308381812722,0,0.3632391651779321,32.29009116676411,0,3,3,-0.26945224813107393,0.43999999999999995
4.57278503169552,0,1.657559409371204,28.603142992845083,0,3,3,-0.21984636984448855,0.43999999999999995
4.557118697276889,1,3.7130230927023744,31.8731566981073,0,1,1,-0.01544090949370568,0.24
4.740328152178618,0,3.3421185183943036,33.70529712610463,1,2,1,0.14604332136894546,0.33999999999999997
4.673052674253803,1,5.70835470779242,24.60217812843624,0,3,1,-1.3045977677634357,0.43999999999999995
4.50030743162635,1,0.8931879240074446,31.827315462274967,0,1,2,0.3123584925488747,0.24
4.351652333373407,0,1.6597168125099895,23.773288286723787,1,2,2,-0.34413340112880064,0.33999999999999997
4.543609870971686,0,3.767632788893118,24.858446934255316,1,3,1,1.0844429884627536,0.43999999999999995
4.558826709035344,1,4.597016200173255,25.589771620622688,0,1,1,0.8149790239852291,0.24
4.864537389581246,1,8.191869566842353,29.510909908533584,1,3,1,1.3227628303335035,0.43999999999999995
4.36468912908831,1,2.157833245800866,28.099047630804577,1,2,1,-0.9383654476979899,0.33999999999999997
4.227807005876695,1,8.771782560857279,27.49859174751149,1,1,1,1.2866650011908194,0.24
4.668568615734291,1,1.1880557122123576,28.438705837067083,0,2,3,0.09407453213116031,0.33999999999999997
4.552816555119033,1,4.639747220046992,29.77386876788042,0,1,1,0.6901877753065319,0.24
4.3224700875298145,0,6.906756677603354,30.00474437182406,1,1,1,0.6743809084543171,0.24
4.818740415854208,1,0.8654678618832641,31.282500506845395,1,2,1,0.45905499446742276,0.33999999999999997
4.5245789693428,1,4.280494510598069,33.46010443830232,1,2,2,-1.0882241052509682,0.33999999999999997
5.110209705293788,1,8.715451657896763,27.93591288267557,0,2,1,0.9550806220827918,0.33999999999999997
4.06674523612799,1,7.175945734918199,26.43673311360725,1,1,1,0.3516785121014697,0.24
3.969443912178755,0,3.4678003737682133,29.840608387555566,1,3,2,-1.473085436105757,0.43999999999999995
3.8564422385150245,0,2.3128772943002893,24.56723555120614,0,2,3,-0.4836805805360049,0.33999999999999997
3.8961637989176547,0,-0.05695516696932201,25.963887603665167,0,3,3,-1.2130816625240899,0.43999999999999995
4.8019484074269005,1,8.08549757547151,30.99814283917837,1,3,1,-1.426207283543794,0.43999999999999995
4.237039553966924,1,-0.07221820245576804,27.627614875546886,1,1,2,0.8533242443596823,0.24
3.5916451149809454,1,7.032713663206012,24.375422624925882,0,1,1,-1.4793735205618894,0.24
4.059333283463283,0,8.591140805558295,23.530590803904477,1,3,1,-1.3211182951161378,0.43999999999999995
4.7317490113029,0,5.058931437292038,28.14615003818142,1,2,1,1.9782229663388264,0.33999999999999997
3.977251470123395,0,2.094597554420559,31.42568961090403,1,1,1,-0.44788580164936204,0.24
4.576658438414087,0,2.5890749751446935,31.38563733259356,1,2,2,0.6576607943638086,0.33999999999999997
4.123341240382489,0,2.7932016464713074,28.332641508678513,1,1,3,1.124831534569204,0.24
4.735290055006058,1,4.721583671348195,34.02672825728838,0,1,1,0.7742136085105723,0.24
4.576656122560852,1,2.618553088272351,27.68553890217861,0,2,1,0.14957284249147923,0.33999999999999997
4.0743688867590855,0,6.963744168072327,27.58429712980777,1,1,1,-0.03726407922452964,0.24
4.81690150245966,1,2.3014830920717646,20.297692270783,0,3,2,0.5376063488474322,0.43999999999999995
4.120959835314971,0,-0.3437466219039276,26.657911152516352,1,3,3,-0.22466255277775368,0.43999999999999995
4.466241815860165,0,2.4412338864439933,30.556045104725484,1,2,3,0.6948869238638791,0.33999999999999997
4.373822313595761,0,2.838860620180662,32.69188401057911,0,1,2,-0.25895891946900873,0.24
3.4240756518870508,0,6.815527995938506,25.509296098998146,1,1,1,-0.14553610222072794,0.24
4.629203126039174,0,2.676066525920591,29.386756987879146,1,1,2,1.8817601232101466,0.24
4.766607702831849,1,4.63869343203085,31.14063709696986,0,2,1,-0.4803902493193035,0.33999999999999997
4.20968858178001,1,1.7193182829335187,28.033624459587696,0,1,3,0.0192413894280761,0.24
4.0341955950232276,0,3.4572319371716853,21.15015862741831,1,2,1,0.43056272679882257,0.33999999999999997
4.4877816657874625,0,4.333889837166694,28.741869998722755,0,2,2,0.49479345698056415,0.33999999999999997
5.263677898320642,1,1.4316104559386447,30.284291872182678,1,3,1,0.2928624170478052,0.43999999999999995
3.9043101046244786,0,7.4635254188384295,25.157731314944623,0,3,1,-1.2503901616723252,0.43999999999999995
4.399123805379009,0,1.7434046486813577,27.23753640737684,0,2,2,0.16204336828369678,0.33999999999999997
3.9790283342358066,0,3.849483396252511,24.53351187361371,0,2,2,0.24282893396832672,0.33999999999999997
4.15774595057758,1,2.8179614879757535,20.289557354258942,1,1,2,1.1399602708849947,0.24
4.598117599834418,0,0.851469966166814,31.08101323536297,0,1,2,0.7392415271226874,0.24
4.782385127749117,0,6.304625219878279,27.988754398594445,0,3,1,1.205860359584199,0.43999999999999995
4.256628811993623,0,0.9008648711323526,32.79302499011495,1,2,3,-1.0032053914699748,0.33999999999999997
4.067821421679952,0,2.3680343026182378,30.57196657571853,0,1,3,-0.9960203884140494,0.24
4.706871807188295,1,5.6037921268829365,26.937370715003652,0,2,1,0.32809967083258557,0.33999999999999997
5.22668849956167,1,2.144527155439303,27.750458019686775,0,3,3,1.1328519858396253,0.43999999999999995
3.6621998508852736,0,0.8933566768651283,29.698532172310518,0,1,3,-0.20043392253271175,0.24
4.015652034177151,1,-0.3414691837609958,30.90065025026723,1,1,2,-0.7402895368592515,0.24
4.233081598756555,0,6.518609142673841,28.968011892226034,0,3,1,-1.6014672014061502,0.43999999999999995
4.533737651021349,0,1.6170179455103777,31.316779435868455,0,2,2,0.36302926566519744,0.33999999999999997
4.479407959630961,1,5.118693589366819,27.109993789976585,1,2,1,-0.11291381388827956,0.33999999999999997
3.6006449221086774,0,2.3477346467308657,25.00856935964294,1,1,2,-0.43394632083057766,0.24
4.8378052858903295,1,2.414350148070544,27.80557223931661,1,3,2,0.9051900360931843,0.43999999999999995
4.466920109833185,0,0.8338084932389113,28.61555467220855,1,3,3,-0.08679462287744313,0.43999999999999995
3.7857871027651044,0,-0.17447215824926454,24.39539381578214,1,2,2,0.00088688622516688,0.33999999999999997
3.980115744812881,0,3.259575432025735,23.989833747560134,1,1,1,0.8998737225913146,0.24
5.268982553523399,1,2.6029878698229973,29.342158889420283,1,2,2,2.190735779361357,0.33999999999999997
3.893970441511294,1,5.813791514592601,26.78092944588873,1,1,1,-0.4444624713008951,0.24
3.8978064507403136,0,4.715421669880874,27.502477283013995,1,1,1,-0.8762397744859433,0.24
4.045174529627906,0,4.220631144329189,26.92092200289753,0,1,1,-0.9890589695792731,0.24
4.199703826682537,0,7.534790365658258,32.56180270528964,1,1,1,0.4768241717836939,0.24
4.096563338746678,0,0.3593414238626632,31.785283481185,1,3,3,-1.0905189873709145,0.43999999999999995
3.5866550702648583,0,0.7652087366587588,24.287938929882497,1,1,2,-0.3732223507166378,0.24
4.647454276925705,1,2.9660849194981473,26.40162036075866,0,2,2,-0.28527998028888457,0.33999999999999997
5.007310413952783,1,5.494128650267003,30.55001280390878,0,1,1,1.5563990906717151,0.24
5.20079733129968,1,2.8630066459516317,29.805808711309727,0,2,2,1.1928602184302324,0.33999999999999997
3.6800656237303473,0,1.0449861199716124,27.875626113010643,1,1,2,-1.5367151960532217,0.24
4.808973356723361,1,4.37025186265388,24.587199385107294,0,2,1,1.584824257818604,0.33999999999999997
4.248184624003476,1,0.9441525871874236,25.952379861539363,0,2,3,-1.216151219359919,0.33999999999999997
4.918269627154954,1,4.0314385403230615,26.44969729736113,0,3,1,0.16029100743005603,0.43999999999999995
4.495700395609747,1,0.9710085073481339,28.830982993357303,0,2,2,-0.8345435867695778,0.33999999999999997
4.501439180327177,1,8.751821445182461,33.111181464091715,1,1,1,-0.3883046086096879,0.24
3.5300893894852097,0,3.0970426381923555,25.939359295635615,1,1,1,-0.9804089453455521,0.24
4.884239244037277,1,-1.59520767837531,24.92189425733428,0,2,3,1.67552252056043,0.33999999999999997
3.974018146441162,1,4.299476552261824,27.67424056951617,1,1,2,-0.14009554284654205,0.24
5.125565516780561,1,3.5909754647611947,31.095216941542176,0,2,2,0.22558981892046434,0.33999999999999997
4.394981111493702,1,0.9809317412326699,23.65935109971789,0,3,3,-1.0722762179942742,0.43999999999999995
3.9383482216935146,0,3.829191323060269,32.36090245262484,1,3,1,-1.4150648732673192,0.43999999999999995
4.838400649958807,1,5.174946286293533,27.48390591365299,1,3,2,-0.44414447329429946,0.43999999999999995
4.579800261596416,1,4.1111322238591566,25.79703999305988,1,3,1,0.5214600685103623,0.43999999999999995
4.131048497204567,1,3.250215457270169,23.199432139713522,0,2,2,-0.12145215141614787,0.33999999999999997
4.840941589976781,1,5.225787074015762,30.11956232026188,1,2,1,0.9745394964015864,0.33999999999999997
4.269549581514821,1,3.4166673891392723,27.486486414275397,0,1,1,0.12417089070290546,0.24
5.014335254271117,1,1.0737218906849237,28.51211644826352,0,3,3,0.00646521611294554,0.43999999999999995
4.076457245798403,1,6.625189395497145,25.29756477696591,0,1,1,0.5351126855925138,0.24
4.181136483431971,0,4.952470824194486,27.042711897246928,1,2,1,0.10029953147728403,0.33999999999999997
4.741982828263804,1,4.530478142268681,26.540256260935788,0,1,1,0.9440292047350465,0.24
4.344187266909027,1,7.0317518767644405,27.698220683865376,0,1,1,0.5552107877665946,0.24
4.606101795801272,1,4.641629506973117,25.99134302087257,1,2,1,0.9109649218234425,0.33999999999999997
4.204577024995008,1,8.216383012580046,23.397457117938337,0,1,1,0.7164567491403027,0.24
5.505413559280009,1,5.5378730866636605,36.18549923588982,0,2,2,1.3602706114202159,0.33999999999999997
4.522850025335972,1,1.6582563641583175,23.909787257987457,0,2,2,0.8289341553335741,0.33999999999999997
5.011378080200814,1,3.5772529434118354,28.544377020827618,0,2,2,1.7475955397420577,0.33999999999999997
3.739174244118063,1,1.2026782897808888,22.683916514727873,1,1,3,-0.5411854839077078,0.24
4.491432896373609,1,3.070344055014174,22.008857690146076,1,2,2,0.8347841515664395,0.33999999999999997
4.123032232045785,0,2.348728180854372,28.293479475556804,0,3,1,-1.3807167796052384,0.43999999999999995
4.584337627510888,1,5.193514535828371,28.52310276330491,0,1,1,0.9470730447945763,0.24
4.796407635340182,1,0.9034477675166969,31.78449697240715,1,2,2,0.05644458042677852,0.33999999999999997
4.865526986418608,1,1.5679902131430254,29.198640523047118,1,2,2,0.9368005906722566,0.33999999999999997
4.656002411101176,0,3.957657147238229,27.55056784376263,1,3,1,1.6795110469146972,0.43999999999999995
4.336510040514839,1,6.1349714571379605,25.151199267804987,0,2,1,0.8010967164464359,0.33999999999999997
4.279272024216449,0,3.3638703131322982,32.49703620470065,0,1,2,-0.41274560220204715,0.24
4.124449623764227,0,1.405392066948698,30.786553738150673,1,3,2,-1.0879720710559526,0.43999999999999995
4.157361584569149,0,3.1862976553988323,24.261011566754725,1,3,2,0.5360108553321757,0.43999999999999995
4.463717885215788,0,8.590365526252036,28.113891184631907,0,2,1,-0.28593704055340385,0.33999999999999997
5.102918149113312,1,2.85078594964667,28.43215669457949,0,2,2,0.6635990946574617,0.33999999999999997
4.287163750769898,0,2.057365065591125,26.963039030182994,0,2,2,-0.506740562848633,0.33999999999999997
4.170862283412579,0,0.5182558896184088,30.315551457420383,0,2,3,-0.9294778571647812,0.33999999999999997
4.067584262029808,1,5.452393885406516,30.49519941504453,1,2,2,-0.2417398139357254,0.33999999999999997
5.088002812341199,1,4.161501323427868,27.42854290658468,1,3,2,0.5009521764188507,0.43999999999999995
4.356446123580568,0,5.0900862730186756,27.157392262607026,0,3,2,0.1221987045934917,0.43999999999999995
4.537044250569574,1,6.820853631887864,32.49687538800259,0,2,1,-0.8130857247071905,0.33999999999999997
5.604962950972931,1,3.785907396547558,30.798516677086713,1,3,1,1.800514113293599,0.43999999999999995
4.374003282314389,0,0.22426717664603668,28.217081169725155,0,1,3,-0.13874290053309707,0.24
3.258233370569146,0,5.262441262325163,23.11237288275984,1,1,2,-2.2618241667132812,0.24
4.5071881698460405,0,3.97566064035986,29.03200031891511,1,2,2,0.9322973875647977,0.33999999999999997
4.362224423700798,0,1.9502007052250931,30.094250394753004,1,2,3,-0.011103903606774698,0.33999999999999997
3.3198064474441757,0,2.0814731705302645,19.73643511480488,1,1,3,-0.17052197407547587,0.24
4.227273203609144,1,3.5001066548822113,28.755608344954076,1,2,2,-0.19039430665581045,0.33999999999999997
3.994063276700867,0,5.935316037380723,26.749924039612793,1,1,1,-0.1847629323610488,0.24
4.815953215998219,0,4.77169756494707,27.337437159611344,0,2,1,1.668976640457176,0.33999999999999997
4.576005034420385,1,1.3474786580484293,25.277857141710037,1,3,3,0.4645321350415728,0.43999999999999995
4.6886852538011645,1,3.6806356080499287,27.555432128789075,0,2,1,0.260377859039821,0.33999999999999997
4.562519250392847,1,-2.6315388139245943,32.17597472854399,0,1,3,-0.26273902337074706,0.24
5.527600105026022,1,6.713970695667978,26.660804503553454,0,3,1,1.728473826909446,0.43999999999999995
4.641940799036951,0,2.3405777661614406,30.89672067637955,1,2,2,0.8429305629091586,0.33999999999999997
5.061289366861269,1,2.8911356605338083,25.58100634336117,0,3,2,0.9890540175353475,0.43999999999999995
4.56001401424314,1,5.92973128046029,30.276268577968118,1,2,1,0.27816797168509916,0.33999999999999997
5.10779771519207,1,1.7330711449650655,28.004967566865854,1,3,3,0.9999375223902929,0.43999999999999995
5.231080125752608,1,4.470538242662384,29.05607448636784,0,3,2,0.3931842319354487,0.43999999999999995
4.175473455797148,0,6.707491915130323,28.021459768292463,1,2,1,-0.371289237815088,0.33999999999999997
4.6341172783556885,1,8.950915054315752,29.924875697323625,1,1,1,0.3694158162498746,0.24
4.739238543434665,1,4.258983533570931,20.297244646198727,1,2,2,2.097085551206828,0.33999999999999997
3.981629423315517,0,3.532540283274993,23.74052405962729,0,2,1,0.20381833390973617,0.33999999999999997
4.756587734983988,0,-0.5476330577994981,29.251241494025933,1,2,3,1.270169727560179,0.33999999999999997
4.013329137884714,0,3.1465213210414356,21.869384938311292,1,1,1,1.1913797186138702,0.24
4.5368689160507,1,3.666551374849095,26.408258933058374,0,2,1,0.5628696761989,0.33999999999999997
4.882438949104384,0,5.339897039395593,27.836977476890052,0,2,1,1.6567743695229684,0.33999999999999997
4.375682717056138,1,3.4020975796938786,25.51557958716131,0,3,1,-2.17292456795871,0.43999999999999995
3.5528065276171117,0,6.750049003987118,25.925315791918678,1,2,1,-1.8363777873207339,0.33999999999999997
5.112696570673714,1,1.3687539918164806,28.814746600460776,0,1,3,1.7278265400897157,0.24
3.9844890016640253,0,5.7212666954133615,31.027884867339427,0,1,1,-0.647426057446153,0.24
3.9706331886835367,1,5.568964925993012,25.124651856235577,1,1,1,0.11177207193167513,0.24
4.9070932514650645,1,8.32777614481694,26.274825411437888,0,1,1,1.7505782220807693,0.24
3.8472929691582074,0,6.193246237090685,25.806217080018865,1,1,2,0.1996502312031319,0.24
4.964456230032752,1,4.54472128275939,20.735860744368164,0,2,2,1.689608768028579,0.33999999999999997
4.7203997854335755,1,3.0561283018941485,28.425135370952525,1,3,2,-0.38823968275665793,0.43999999999999995
4.847782279308589,1,6.6759376839548725,30.804153237485476,0,1,1,0.6158943348730558,0.24
4.414627507631202,0,2.311725517891438,31.049929621947648,1,2,2,0.05813520805995629,0.33999999999999997
4.331566920597851,0,3.5900575367374583,25.387700870677783,1,2,2,1.4906336079139106,0.33999999999999997
3.7850329488194845,0,3.8896125505903703,24.244905854439573,1,3,2,-0.2616151869356204,0.43999999999999995
4.621240574018742,1,6.358023861573666,28.064816642775053,1,3,1,-0.9643033514641056,0.43999999999999995
4.408877913740204,1,2.728974161714328,30.487821059699403,0,1,2,-0.46761901375688036,0.24
3.8435570567225548,0,4.929916623394423,28.464551344931152,0,1,1,-0.42325262417909554,0.24
4.069037396506406,0,4.960993868215068,28.867913907621283,0,1,1,-0.6471500385866961,0.24
4.32324932588507,0,5.3671212398278225,31.4254927832087,1,2,1,-0.6887230455620321,0.33999999999999997
4.609547058809986,1,6.323277003439296,25.78259032230789,1,2,1,1.1217172758942275,0.33999999999999997
4.439320900123153,1,4.5143592562115575,27.34008973998091,0,1,1,1.4078195094895174,0.24
5.298362201390291,1,5.012198737860589,32.9038165352836,1,3,2,0.3919274963225484,0.43999999999999995
4.117142749688769,0,-1.0772082697477843,27.40956663070712,1,2,3,-0.6473295417091344,0.33999999999999997
4.024607505341824,0,2.5743984753173037,24.197989102100287,0,3,2,-0.5840305094617007,0.43999999999999995
3.3438238261896047,0,4.686001918763943,25.991931711249116,1,1,1,-2.072911298283104,0.24
4.362921245534949,1,3.2365730311706553,25.185460446336272,0,1,2,0.3796857113453086,0.24
3.7823252697462038,0,2.2109822576396407,29.07148775710381,1,1,2,-0.6827302191961108,0.24
4.734022719476663,1,6.711965345229772,25.312158989233666,0,1,1,1.4711003540105303,0.24
3.8519119526818915,0,4.238875698417421,28.813102758583735,0,2,2,-1.3781139014546995,0.33999999999999997
3.6466833648403276,0,2.6947416972243645,25.79180434437805,0,1,2,-0.5923524325484771,0.24
3.863700727779576,0,4.2782773979693305,21.629864384805316,1,2,1,-0.09556166927040963,0.33999999999999997
4.175780525961375,0,6.922050424796854,28.919859360945765,1,1,1,0.46522955308348535,0.24
4.521123401902228,1,8.192082069046048,28.445391044640665,0,1,1,1.8029456628387157,0.24
3.8393616297491278,0,1.881041819101472,29.55327344712652,1,3,3,-1.3704309011948088,0.43999999999999995
4.497640287779802,1,7.756645858465155,25.98103834250423,1,3,1,-0.30193798587633647,0.43999999999999995
3.6833560629816913,0,2.299807435530762,25.66136657392187,1,2,1,-1.4281690807145078,0.33999999999999997
5.008815608251055,1,7.29656912623989,29.204400575444637,0,3,1,0.7899515906438427,0.43999999999999995
4.625840934711684,1,0.29525449905831125,32.557058717592945,0,2,3,-0.6468941806403871,0.33999999999999997
4.751334256836006,1,8.1256465312875,28.033504028518983,1,2,1,-0.10330371972419254,0.33999999999999997
4.962027948181283,1,3.7895779339620708,29.273755288141434,0,3,2,-0.17226353824702273,0.43999999999999995
4.346011488737089,1,4.916020621790545,27.03523694672288,0,1,2,0.11628693834929618,0.24
3.8124233678804265,0,2.768132425471823,23.369108434378944,0,1,2,-0.15627034532794687,0.24
4.640917938851692,1,0.9259485179225692,30.902288257462175,0,2,3,-0.9716820360110637,0.33999999999999997
4.267992361382059,0,1.47505465848268,30.725242717258485,0,1,1,0.0848999753812093,0.24
3.785314957306654,0,3.440511662070256,30.132322075525583,1,1,3,-0.7943871752460151,0.24
4.579905899733073,1,1.324593444201219,27.454163684972745,0,1,3,0.8145632020538126,0.24
4.9456453152019435,1,-1.2252072689576394,29.791168299215624,0,2,3,0.05741356072007187,0.33999999999999997
4.032450477233372,0,2.456766250718846,30.681285392163492,1,2,2,-1.0397427797520409,0.33999999999999997
5.463708182760824,1,1.5594652200729082,32.86047605487012,1,2,3,2.406875666284627,0.33999999999999997
5.6125738473986555,1,3.0195920525925914,30.965578313942327,1,3,1,1.6588518719586076,0.43999999999999995
5.154288742896242,1,5.8153054164473295,28.191463675100916,1,2,1,2.4434726348339546,0.33999999999999997
3.5205846833430936,0,7.262598290404875,24.075240233726884,0,2,1,-0.3428953089427934,0.33999999999999997
4.339953819798021,0,5.734933706670037,28.466974893015223,0,3,1,-0.8351860740602643,0.43999999999999995
4.695848656944974,0,1.331952586897284,28.769732187547923,1,3,2,0.8064991631642038,0.43999999999999995
4.835429252848236,1,4.70002505729451,30.127089325954913,1,2,1,1.1080281110006114,0.33999999999999997
4.3717581670281564,0,4.56670135739127,32.06167557797028,1,2,1,0.19672724456222335,0.33999999999999997
3.8432980221767328,0,2.1281545982556827,27.71454846382966,0,2,2,-2.1037402990900844,0.33999999999999997
4.3889070658881355,0,1.8757969662404301,34.30296156943933,0,2,3,-0.9811045731885085,0.33999999999999997
4.424058029637868,1,2.2849012940245066,22.722138939878267,0,1,2,0.42250464560406187,0.24
4.0551330965123356,0,1.1587498677963066,29.258025617384877,1,2,3,-0.6601733138515574,0.33999999999999997
3.5476688847344553,0,3.5787535715818795,25.604438823447914,0,1,2,-1.3650102435272062,0.24
3.8427894347404554,0,2.0455433583853493,22.27833400093359,0,1,3,-0.25765563981748146,0.24
3.690960929886614,1,2.0393417603534183,27.394676871102526,0,2,1,-3.246638381110081,0.33999999999999997
4.166246653816344,0,1.260079351815058,23.62848190473713,0,3,3,-0.6033055876283868,0.43999999999999995
4.1534350636509005,1,7.264139193276942,27.51571630590155,0,1,1,-0.42602329320928056,0.24
4.112538059321776,0,2.92008942042646,28.10430774428337,0,1,3,0.3103969302662344,0.24
4.741915055941095,1,1.5984627224482686,31.355624228007848,1,2,2,0.5476211509296341,0.33999999999999997
4.265165463300876,0,1.4200267108740645,23.477244595708186,0,2,2,0.3777098159079797,0.33999999999999997
4.692864312091976,1,3.5734356609073226,30.72533549693732,1,1,2,0.8972488329600957,0.24
3.9100230132621703,1,0.7805457411885559,28.294241350839382,0,1,3,-0.16797916113294672,0.24
3.9077324391872166,0,0.010017894961474205,31.086547460828783,0,2,3,-1.4555880545624158,0.33999999999999997
4.059911623831998,0,6.2507760110115385,26.704746474906617,1,3,1,0.04419451297334372,0.43999999999999995
3.8027675118253903,1,5.117133935363831,24.003266239709664,0,1,1,-0.8755005868696727,0.24
3.509815038564574,1,4.78124766049339,24.3475020213524,1,1,1,-1.3568870541877724,0.24
4.152152484036373,0,4.5336494043192745,24.12457763899865,1,2,1,0.5790164786347226,0.33999999999999997
3.625695787484161,0,6.4021166970124535,29.433442458761967,1,1,1,-1.4128828151796278,0.24
5.085157942938942,1,4.304908424934505,32.4307660666441,0,1,2,0.6802095281705854,0.24
4.223540494389137,1,2.7359536228974735,26.30514542003434,0,2,1,-1.292158730622629,0.33999999999999997
4.452985615940982,0,1.7323570272099105,29.88740589477335,1,3,2,-0.2905457122941441,0.43999999999999995
3.7289916265975562,1,5.385568007176991,23.42967382559314,0,1,1,-0.5640227314246962,0.24
4.61789768562749,0,4.3761915169966645,28.540963747531897,0,2,2,1.136894996913597,0.33999999999999997
4.066087995834811,0,4.9790251427786725,30.00568784901138,1,1,1,0.5943366087369891,0.24
4.125291316490036,0,3.8422579310706397,23.655625674169393,0,3,2,-0.8242449527881008,0.43999999999999995
4.269959687185043,1,3.077409497266415,27.388349593060436,0,1,2,-0.15759514802867244,0.24
4.944978459937851,1,1.3926302882067336,30.147751421456697,1,2,1,1.3294125269562418,0.33999999999999997
4.501306874328262,0,8.850151659726178,19.198688058311568,1,3,1,1.4930196042888833,0.43999999999999995
4.099281525075047,0,4.323603166728345,32.006359185105225,1,3,1,-1.3688094364566001,0.43999999999999995
5.288005718824282,1,1.2447267341512607,29.061038127673143,0,2,3,1.3161967392153422,0.33999999999999997
4.86750070950298,1,5.435511425683791,30.15018294315203,1,1,2,1.239647928336459,0.24
4.536328242019871,1,0.3427442114678596,26.761842162415707,0,2,2,0.17861319743220475,0.33999999999999997
4.221387093931503,1,6.780940178469874,22.831832555303933,0,1,1,-0.0907600728593803,0.24
4.4218818960206665,1,4.451377379950326,29.602188868950854,1,2,1,-0.5504356515293392,0.33999999999999997
3.8524828418821193,0,2.122619170375619,27.752229023750463,0,2,1,-1.2534038555648097,0.33999999999999997
4.665722584050859,0,2.5754057327556383,28.096346366296963,0,3,1,0.3389430959392769,0.43999999999999995
4.364066139757696,1,5.57277539748149,31.26282095559686,1,2,1,-0.17005670872947903,0.33999999999999997
4.654099137957743,1,6.9746542590209035,30.286191621587793,1,2,1,0.43492048527882554,0.33999999999999997
5.278497000614523,1,3.515363827678326,33.763712251268835,1,3,2,0.4588107201793228,0.43999999999999995
5.524299992457899,1,5.336185150821564,28.461562686620496,1,3,1,2.5179017938558204,0.43999999999999995
4.56704362615586,0,6.9345991323628455,25.92636268662665,1,2,1,1.196683674339657,0.33999999999999997
4.716102337328756,1,5.856645471171203,27.43474945927382,0,2,2,0.5469166486701501,0.33999999999999997
3.5894820387680766,0,4.372670167533348,29.24699011761582,1,2,2,-2.136961683578511,0.33999999999999997
4.592025608416348,1,3.617984610857096,31.04756955697893,0,1,2,0.3923094168875058,0.24
4.365433883345393,1,3.3868856338154316,23.598898145683844,0,1,1,1.5822675489907776,0.24
4.082049527749998,0,3.047713565966319,28.025612845537506,1,2,3,-0.42696039051651236,0.33999999999999997
5.046209675387604,0,-0.7140611909622818,32.828624971115104,0,1,3,2.1906810042112723,0.24
4.137220538536584,0,6.301291256734277,27.27937338699244,0,2,1,0.5438643958341519,0.33999999999999997
4.497553323736703,1,7.5222125578890235,30.79303556460731,0,2,1,0.29455497910819356,0.33999999999999997
4.008712394603263,0,0.7184782986358921,29.479352581648016,0,2,3,-0.9907698239541098,0.33999999999999997
4.729078597014692,0,2.255845673224198,30.86758181957494,1,1,3,1.503700318435293,0.24
4.227098805342527,1,2.86026838467816,25.570718375200205,1,1,1,-0.8306263486018564,0.24
3.386747717152898,0,4.406967364709351,25.58379498980326,1,1,1,-0.5643736428579177,0.24
3.632557799207449,0,1.016362561623624,28.060815676366865,1,1,3,-1.881077004784077,0.24
4.563242765233209,0,5.555238680365057,23.403334638279066,1,3,1,0.896153845119251,0.43999999999999995
3.9983364231955854,0,1.73864682996326,27.190778180165026,1,1,3,0.5876651588481077,0.24
4.273470005938627,0,6.919019719522088,28.758629972547002,1,1,1,0.01020212755346111,0.24
4.509749819295906,0,1.5912979153138775,33.35390682084932,1,1,3,0.7402449265371559,0.24
4.710084339218492,1,4.875823517086806,29.208154567809466,1,2,1,0.6459900417330054,0.33999999999999997
4.20706206730412,1,3.3054757850881042,29.87568541261931,1,2,1,-0.365516726318845,0.33999999999999997
3.904532861164229,0,0.8134642996423465,31.493427541150016,1,1,3,-0.7848371752931798,0.24
3.696930831619002,0,9.49267509523091,25.10602723331483,1,3,1,-1.7152722650127123,0.43999999999999995
4.757755291622808,0,5.642485550558088,27.504752012887042,0,3,1,-0.1776763415023698,0.43999999999999995
3.7794879593797974,0,1.5567385429323939,35.27623777541168,1,1,3,-1.3081493012703218,0.24
4.3940180608115185,1,6.071672304934322,27.762633332846473,1,2,1,0.1626680992947081,0.33999999999999997
4.192739250579877,0,6.191472517522547,31.34929224634662,1,2,1,-0.16041737044192012,0.33999999999999997
4.372381582324397,0,6.169301200811552,30.89121363151932,1,1,1,-0.40203079300157674,0.24
4.419662946003766,0,3.9813274590431584,23.565658856836933,0,3,2,1.0465161593485168,0.43999999999999995
4.046878662288737,0,4.156049477762415,28.9314378310178,0,1,2,-0.9863642020126981,0.24
3.533949050963585,0,1.7624536971191906,28.44024241661568,0,2,3,-1.8479824714018644,0.33999999999999997
4.536623664753314,1,0.9836985852897576,28.989876363521304,1,2,2,-0.225393047057179,0.33999999999999997
4.31963224878026,1,8.024996535017747,25.73766256062682,0,2,1,-0.7399432334901728,0.33999999999999997
4.2639730452827465,0,7.413470391479208,24.649241464263522,0,3,1,0.12156916122004073,0.43999999999999995
3.9521967394018134,1,1.69286771385603,26.571969999937448,1,1,3,-0.913596050498946,0.24
3.9414243971915783,0,-0.771469271673898,27.70661500874739,1,1,2,0.42052802187058536,0.24
4.13360836834072,1,1.3397938420268771,31.55495334280095,1,2,3,-0.9728806564126694,0.33999999999999997
3.880742606816673,0,1.3426318965414548,33.451932459176824,1,1,3,-0.9837023237596239,0.24
4.446823947068732,1,3.301365990750976,32.189793538669534,1,1,1,0.6164348278702614,0.24
4.6439779034200335,1,3.0758336273757245,30.580555632345533,1,2,2,-0.04645199984130626,0.33999999999999997
3.4003129218543555,0,2.4978758422187104,24.98697921310123,1,1,2,-1.1870673075449476,0.24
3.987724547626529,0,9.128952633595901,26.773311475031512,0,1,1,-0.9518156664004086,0.24
3.971766939636095,0,7.502875119190914,28.629778157238995,0,1,1,-0.3728144921531983,0.24
3.5536066968339917,0,-0.022301641755062107,26.102682885771475,1,1,3,-1.1429617929678018,0.24
3.975872441017747,0,2.2683522519482096,29.731616957583853,1,2,2,-0.2879349562011742,0.33999999999999997
3.918255900565373,0,1.453367642651873,30.16145832476286,1,1,2,-0.252743590494368,0.24
4.168579394915057,0,4.733850269126183,29.608870187696404,0,3,2,-0.9170648959284549,0.43999999999999995
4.86649908775666,1,3.2385654070856216,31.075403813672743,0,1,2,0.6500383348494176,0.24
3.5945608556941013,0,4.2060877350518115,25.286226358860777,1,2,1,-1.0203824492364144,0.33999999999999997
5.3560646710428665,1,3.4686996160910026,30.798486112276592,0,3,2,1.2456682634615759,0.43999999999999995
4.214932965421052,1,3.014769918092176,25.913063649639412,0,1,1,-0.21848416801078507,0.24
4.1939058545519226,1,0.22235613763270068,25.177192142071345,0,2,3,-0.6596584572497994,0.33999999999999997
5.2430749448941185,1,3.0765821306861953,29.596348402559144,1,3,2,0.5393654433272717,0.43999999999999995
4.6763757410618565,1,-0.93856915102177,31.64762068659694,1,1,3,0.03444625813708571,0.24
4.956553994824981,1,9.432373157425719,29.46404045912803,1,3,1,0.7598926967265645,0.43999999999999995
3.4796480479456093,0,-0.24623152424569028,28.06241207131763,1,1,3,-2.0010568995109606,0.24
4.264828634495687,1,0.4767005871344919,28.930461478304522,1,1,3,0.5168514283394056,0.24
3.961194823902347,0,1.9661309912949365,28.40928075420184,1,2,2,-0.5192770424722435,0.33999999999999997
4.135908625085329,1,4.2640001197652,24.622147311593817,1,1,1,0.0375842811579285,0.24
4.108131340017423,0,2.792802081628192,24.272139565165254,0,2,1,-0.08817001555559807,0.33999999999999997
4.917112408658555,0,2.165628373327195,27.763522361579636,0,3,2,1.3466160886376712,0.43999999999999995
4.408575367733259,1,4.79508077365527,28.23957050730791,1,3,2,-1.8604963667687426,0.43999999999999995
4.949632645144104,0,5.097813598550785,28.033997135103203,0,2,1,1.6140945218075398,0.33999999999999997
5.111014783397109,1,5.3157432457820795,30.02830484094974,1,3,2,0.7064440979436094,0.43999999999999995
4.068151070373815,0,4.8577410785218715,27.35356985150698,1,2,2,0.15213645724219255,0.33999999999999997
3.604527742728644,0,4.14238278259198,29.688937545714566,1,1,1,-1.4335249350782149,0.24
3.4753780749897505,0,3.44926197648579,27.566239698020656,1,2,1,-1.6720678067898682,0.33999999999999997
4.523126612762256,0,3.7184878700144712,33.470076886109396,0,2,1,-0.5609467049834059,0.33999999999999997
4.47440050665364,0,6.747207488418887,28.24214118017934,0,2,1,0.6351030241085097,0.33999999999999997
4.673475081568747,1,6.132647932528749,35.02216783457703,1,2,1,-0.006002615864854018,0.33999999999999997
4.727417345529363,0,0.6278924089949037,29.056034773272593,0,2,3,0.5782401336205713,0.33999999999999997
4.166848108430194,1,7.684543184303881,27.35896848823535,0,2,1,-1.463356387556758,0.33999999999999997
4.116199050966506,0,7.214710088334966,25.301656071220975,1,3,1,0.044399673107711056,0.43999999999999995
4.433626679689604,0,2.983020511116026,23.67133427782692,1,2,1,1.0953813751998045,0.33999999999999997
4.42547429224145,0,1.0668865600267838,25.02567314681153,1,1,3,1.451886770315635,0.24
3.698822143781622,1,5.242965620143275,25.36118107250803,1,2,1,-1.2539672287475492,0.33999999999999997
4.219752121023947,0,0.027498281651105017,29.18446006123653,0,1,3,-0.3519223732415372,0.24
4.632498994545428,1,6.544800284262751,26.421503886819437,1,3,1,-0.34079705543777195,0.43999999999999995
4.0858410963876235,0,5.213377616813579,28.56078115766349,0,1,1,-0.6263647560620992,0.24
4.404435143565835,0,3.847999999129493,31.84593508713006,1,1,2,0.9077699988682759,0.24
5.2451567596689435,1,2.479414267482191,27.736574945095438,0,1,2,2.8714753773600035,0.24
4.1221227294043015,1,5.438318530949294,34.23747009540041,1,1,2,-1.1137145893307667,0.24
4.249900921283482,0,0.09049779797950286,24.472567058982406,1,2,3,0.4247680738617232,0.33999999999999997
3.915367845358755,0,4.942008630917318,27.548249354875217,1,1,1,0.29553247516638226,0.24
4.958128590614512,1,0.36540193224815953,26.382061229167064,1,3,2,0.3169835803677522,0.43999999999999995
4.867175301488203,0,1.8346124477460166,30.809519818171022,0,2,2,1.332997236162621,0.33999999999999997
4.229526532225817,1,1.4109704405190684,21.28062510890164,0,1,3,0.37329297421276103,0.24
3.141254541717412,0,2.2857451606582058,23.670654132466566,1,2,1,-2.136298026035402,0.33999999999999997
3.766267605015892,0,3.8568956796147837,27.67795953264711,1,2,1,-1.4368245886017912,0.33999999999999997
4.482605391734617,1,2.834719209611781,32.65413316302848,1,2,2,-1.0669408507472449,0.33999999999999997
4.387453907244654,0,0.7726304272996427,28.677525502111923,0,2,3,-0.7485660697402936,0.33999999999999997
3.8100548562641974,0,2.7181110242670603,23.945357637207298,1,1,1,-0.13958182363025703,0.24
3.9677921814504042,0,6.906902596451724,24.40850022192931,0,2,1,-0.2147079832985576,0.33999999999999997
3.559502463850825,0,7.978330126719001,33.01896910853486,1,1,1,-1.823397726525811,0.24
4.17838580425647,1,4.9651782728954785,26.136595603611276,0,2,2,-1.6087022629981587,0.33999999999999997
3.491865336034709,0,8.16036733254898,25.171109882650708,1,3,1,-2.118981783048669,0.43999999999999995
3.777481283106946,0,2.7468116540789076,32.432117681892585,0,1,1,-1.5540135168053262,0.24
4.810141626063717,1,0.0712304104482484,31.033291016760973,1,2,2,0.9911642538590459,0.33999999999999997
4.229938701784921,0,5.51711714153261,31.822178929800387,0,1,1,-0.2704532030759771,0.24
3.9445708846439205,1,6.271703089425706,25.14987435920255,0,1,1,-0.9527039403582849,0.24
3.297038040333141,0,2.6685138943780755,23.424683076956917,1,2,1,-1.9175757582707302,0.33999999999999997
4.270377942292325,0,1.3752854346557881,28.399499468088116,0,2,1,-1.01282403672111,0.33999999999999997
4.808087123087429,1,3.394183179734857,29.00537839922099,1,2,1,0.607182660909134,0.33999999999999997
4.801128309360407,1,5.853737299921314,29.093805411114495,0,1,1,0.4756640188900328,0.24
4.51561842993527,0,8.91380835097172,32.43455180691701,1,3,1,-0.2524629049529609,0.43999999999999995
3.6498997643617046,0,2.836386928951641,22.798698729975253,0,1,2,-0.2670387057042458,0.24
3.548391646249847,0,4.80232502670338,30.5790851538933,0,1,1,-1.7712520438345503,0.24
4.374234953677445,1,2.2861760797187265,24.710124867558047,1,3,2,-0.7760563042273798,0.43999999999999995
5.348023461056572,1,4.9655476344473115,30.567205962582523,0,3,1,0.5555798343013025,0.43999999999999995
3.981741446336622,0,1.1384292779406762,26.575129886435867,0,2,1,-0.674814679482038,0.33999999999999997
5.2834818745559495,1,0.2477452589390957,25.558084612328464,1,3,3,1.6234764048564405,0.43999999999999995
4.670682285618239,1,5.048072156572611,26.170291879152394,1,1,1,1.205565524364425,0.24
3.6260236338860143,0,6.83433132797217,23.663169397670313,0,1,1,-0.4537744204662069,0.24
4.551529867956515,1,0.5407223800921517,28.1212868195004,1,3,3,-0.2653660212828259,0.43999999999999995
5.483246806438454,1,2.7180746167169354,25.68197982801863,1,3,2,2.2230752431053107,0.43999999999999995
4.752449842580398,1,1.784231215301727,30.358894692700837,0,1,2,0.8471949161302109,0.24
4.115910592522632,0,3.244986982111652,29.92016824309875,1,1,2,0.07027520637206978,0.24
4.6035387722385455,1,5.3354126482309105,33.06447115870837,1,1,1,0.18570257493901915,0.24
3.9707259317990173,0,1.4048915593501827,29.098982450623232,0,1,3,0.14889230895045483,0.24
4.779196911533984,1,1.3373675847311273,29.56203330124022,0,2,3,-0.016973593963597246,0.33999999999999997
4.215792386060118,0,2.974368724318129,32.200299435483444,0,2,1,-1.0709775474137453,0.33999999999999997
4.004440138292757,0,-0.6280316913603199,26.11701191191991,1,2,3,-0.40231629050902346,0.33999999999999997
3.5027322740704006,0,7.502458220928334,23.5352253615309,0,2,1,-1.4360395188746768,0.33999999999999997
4.609556065672567,0,2.248171152153393,28.600282177385182,1,3,2,0.724810598282734,0.43999999999999995
3.6243131849394072,0,2.505450230741218,23.73209959235679,1,1,1,-0.13248778708106626,0.24
5.057293614103453,0,2.4221434611231722,35.36181601877617,0,2,2,0.7754847665187332,0.33999999999999997
4.612981506441308,1,4.364617219599112,32.36649487623683,1,3,1,-1.2744280574355353,0.43999999999999995
4.851212837000014,1,5.049832295001411,34.49192899990474,1,1,2,1.4220792636046862,0.24
4.7500541214126235,0,5.269720436355839,28.18734092998939,0,3,1,1.2977100555220233,0.43999999999999995
4.041184848517415,0,4.9850485905182635,29.651720781104792,0,2,1,-1.5744284036598388,0.33999999999999997
4.116494137518991,1,4.202587502545063,26.62157370414207,1,1,2,-0.5058801947766937,0.24
4.4017507809779,0,0.5034039360615998,30.648774416760254,0,1,3,-0.3973289735410362,0.24
3.9779906973814394,1,6.521876965498976,24.353370363846828,0,2,1,-1.437894963447144,0.33999999999999997
4.02863331083351,1,1.2989606133869596,20.370720431575663,0,2,3,-0.2598680431397575,0.33999999999999997
4.669929046491371,1,5.754888281040859,25.6278681415343,0,2,1,0.5580918633215245,0.33999999999999997
3.6361875945035345,0,-0.33657461896991947,23.633579573148054,0,1,3,-0.46942886092647357,0.24
3.7634578600636965,0,1.629197711718132,32.43378020847861,1,2,2,-1.7128819081087614,0.33999999999999997
4.525261364573346,0,1.4476443930767144,33.44703236524095,1,1,3,0.7724881040567858,0.24
3.8158590198003908,0,-0.07804344092488202,23.791212782760667,0,1,2,-0.7916958626063253,0.24
4.149854641058639,0,3.582783277423695,31.875146822563718,0,1,2,-0.6862707394386035,0.24
5.304079084412224,1,3.733303858997205,30.854154950502313,0,2,1,1.6812924050438336,0.33999999999999997
4.10660824969713,0,0.020074519310062877,23.29066994584337,0,1,3,0.39665425429142587,0.24
3.764620720215127,0,1.2776113227127006,26.829197407205147,0,1,3,-0.8090595019651095,0.24
3.8737343648379747,0,6.768676624206456,26.25950883362644,0,1,1,-1.1890979164180187,0.24
4.801831277031511,0,4.442568965901162,30.2439861958816,1,1,1,0.9658905608921341,0.24
4.3303532195993535,1,5.278393519592637,24.31366194728496,0,1,2,0.8970449608082315,0.24
4.314535719959637,0,1.7254225120630693,27.70338212302155,0,2,3,-0.5067310367395556,0.33999999999999997
4.001027225428944,0,9.612626629952974,25.942196488151147,0,2,1,-1.2590099854005588,0.33999999999999997
4.905753475968785,1,0.6785752176685309,29.42002355015543,0,2,3,0.38559927980612335,0.33999999999999997
4.828618092763533,1,6.461994345459322,27.349623904936212,1,2,1,0.5939218868525998,0.33999999999999997
3.961112372401792,0,0.33854289624237477,26.394262888178815,0,1,3,-0.37274009134181546,0.24
4.524383263888198,1,1.381445953281058,27.360110273103768,1,3,2,-1.1031633974314505,0.43999999999999995
4.425127367215171,0,3.1867356718092417,34.10812849852034,0,1,1,0.024758600137188454,0.24
4.247046145452395,0,2.8766191513839363,26.749301091641833,1,2,1,0.46174932068477437,0.33999999999999997
4.143135538521108,0,3.1786846630101713,24.87698434514864,1,3,2,-0.48709883601816595,0.43999999999999995
4.869280512232994,1,2.12556461801849,29.750300707467897,0,2,2,0.26189320972610114,0.33999999999999997
4.269716506438181,1,0.6779259406754069,27.56942599173113,0,1,3,0.36097369570590226,0.24
4.397719947003567,1,2.7553592421422244,23.75429820740058,1,1,2,1.1454639422364667,0.24
4.271687515302928,0,4.449809713854768,34.6944890056074,0,1,2,-0.42068324681978875,0.24
3.671951384605527,0,0.8122155923809278,26.942563163240056,1,2,3,-1.1392560410228576,0.33999999999999997
4.368613890535581,0,4.667032969544747,26.866391638115946,0,2,2,-0.0673196705359462,0.33999999999999997
5.030145306356123,1,1.6619899979639445,28.479506055724293,0,2,3,1.6875020666515121,0.33999999999999997
4.029913521953399,1,2.2309673207376575,33.19035030762652,0,1,3,-1.763124078443284,0.24
3.2442116296664483,0,2.0133464050919923,22.960764020443012,1,3,3,-2.3130599707548702,0.43999999999999995
4.58866493444784,1,6.385745109020015,28.82795754826162,0,2,1,-0.10803857489935967,0.33999999999999997
4.658235333306542,0,3.7865977585512973,34.26181648538088,0,1,2,-0.37927530334098497,0.24
3.7920748076928676,0,8.217108473477312,28.386186042218945,1,1,1,-0.20836500534805277,0.24
4.018328972131957,0,4.550017291817666,24.29399806208956,0,2,1,-0.24557390312370164,0.33999999999999997
5.057717569370491,1,4.810631877010952,26.144809441118042,0,2,1,1.0055769778747312,0.33999999999999997
4.184070467548268,0,-0.7133076125499409,28.620647589270373,0,1,3,-0.04246175355056821,0.24
4.374712566644928,0,6.623700386909973,31.992411746919586,1,1,1,0.8195894004286605,0.24
3.2519129868548036,0,6.839187360382662,26.98199246675182,1,2,1,-2.477503629379048,0.33999999999999997
4.406320923111964,1,8.55117606602794,30.479955392297295,0,1,1,-0.5290382218586236,0.24
3.591520837957114,0,6.3237710468080675,23.693893518859333,0,1,1,-0.8152961861439483,0.24
4.21424966484295,1,0.4336964923700707,23.668844891214835,1,3,2,-2.284651471820943,0.43999999999999995
4.066209860616882,0,3.9407081691963652,26.55159793394515,1,2,1,0.10339658052597459,0.33999999999999997
4.7391106623680574,0,4.732343433600644,32.314086165619784,0,2,1,-0.10030998303798015,0.33999999999999997
4.301855529086708,0,3.5911998582782663,28.206623918541307,0,2,2,-0.4670476089353394,0.33999999999999997
4.77602905515531,1,2.2260673939552627,28.869433586699856,0,2,1,-0.1259762360319129,0.33999999999999997
4.5389955940217135,1,3.361983767081812,28.83423878672058,1,2,1,0.10339058319259486,0.33999999999999997
4.751396883301832,0,-0.5946196134478658,31.32762394776019,1,3,3,1.0130986754442133,0.43999999999999995
4.402237485439818,1,-0.20668488577425892,26.169337922386436,0,1,3,0.6425297519853719,0.24
4.458626959757444,0,4.182456030315703,30.0648553254647,0,1,1,0.3285547273506335,0.24
4.746162560876671,0,8.612469076693023,25.50735200843461,0,1,1,2.3072387338959883,0.24
4.105174330707131,0,1.6579725382621513,33.94981796776228,0,2,3,-0.708072939775065,0.33999999999999997
3.9186932872123266,1,5.823297130325889,25.59882668710993,0,2,1,-1.3599013581294075,0.33999999999999997
4.149610794193024,0,1.3610417480365236,25.35283209076414,1,1,2,1.1741520976709512,0.24
5.0629397321958,1,0.9298141803979084,29.649009440464148,0,1,2,1.8668381128971872,0.24
3.977031352630191,1,3.922362971012309,28.23936529429697,1,1,2,-0.6351921266573415,0.24
4.486958165167388,0,0.7457410742157486,28.980557218782803,0,1,3,1.377801844701744,0.24
4.51643201992075,1,5.442821194577048,28.681941386476954,1,3,1,-0.5334558173890478,0.43999999999999995
4.638819079607718,1,4.387967481220669,24.728823403577685,1,2,1,0.5847530155068312,0.33999999999999997
4.549013154138851,0,0.07483164301988343,32.84007678723845,0,1,2,0.6402729252127458,0.24
4.146784052891844,0,1.3929716130968188,30.68062661766733,1,1,3,-0.6310528925206929,0.24
4.902903897204355,1,0.9412858483078865,32.07684985380135,0,1,3,1.8467250135023263,0.24
4.762908486015631,0,2.9866886352832833,26.415007332668726,1,2,2,1.961582623768833,0.33999999999999997
3.9882680301020423,0,1.0855121164771133,29.249570634145513,1,2,3,-1.0212065086158622,0.33999999999999997
5.156993097576847,1,0.6154021836381114,28.592105386704073,0,3,1,0.2010542463815127,0.43999999999999995
5.057551098818145,1,3.743248048181439,31.384007878604525,1,2,1,0.9145022753809691,0.33999999999999997
3.683206051818671,0,4.91804832378401,31.480744395488856,1,2,1,-1.8825833377734538,0.33999999999999997
4.7997299470312855,1,3.476417634088092,28.579152408874343,1,3,1,0.026230613148542938,0.43999999999999995
3.7913156322683705,1,2.5967840823861423,23.446146604470243,1,2,2,-1.6531778397702117,0.33999999999999997
4.656770956697896,1,1.525103919440214,33.33898566126307,0,1,3,0.6674842531609496,0.24
4.753936496035699,1,5.1015697619920255,29.667962301070418,1,2,2,0.08597319385843098,0.33999999999999997
3.575427990909266,0,2.167648471367049,26.174688875826572,1,2,2,-0.3737690930065106,0.33999999999999997
3.9065715373667262,1,6.880800132015583,29.219626414800086,1,2,1,-1.5669014084091664,0.33999999999999997
3.2920407013643938,0,4.043515302535738,23.46671935464243,1,1,2,-0.5986018139252923,0.24
4.579026127276892,0,5.584974959169994,31.16605920241313,0,1,1,0.5191969805350971,0.24
3.8993686053320396,0,2.920813958675164,23.58636476716254,0,1,2,-0.040970121029351415,0.24
4.194694583923146,0,-0.09521334532410464,27.337496523888753,1,1,1,1.1925308283388183,0.24
4.739442529245133,0,3.16867014611105,28.73336334881665,1,3,2,1.1277585323043287,0.43999999999999995
5.1610513962264655,1,2.984262843929034,31.11651913594628,0,2,1,1.0852947222957294,0.33999999999999997
4.158708714780849,1,1.7560827022712229,28.31963402930312,1,2,2,-0.5377686826054677,0.33999999999999997
4.355629932933991,0,3.31628866801539,29.90488862083765,1,2,1,0.294975292682527,0.33999999999999997
4.064523190769386,0,5.225397018093932,27.915499274651346,1,2,1,-0.9652342401331476,0.33999999999999997
4.64193469403118,1,6.761754942091406,27.90344214716716,1,3,1,-1.2599344141513185,0.43999999999999995
4.6853739120413085,1,3.425223799589145,28.256431751044893,1,1,2,1.1818533979923775,0.24
3.804428572757069,0,4.826318651125181,27.432826237442875,1,2,2,-1.1865240224250626,0.33999999999999997
3.447510648552485,0,1.3196540248447561,22.94028927075569,1,1,3,-1.2939537191008974,0.24
4.9621665373874535,1,1.618944990469994,25.695029518910115,0,3,2,0.1051946560589399,0.43999999999999995
4.726920239669479,1,8.130331696340104,28.734324523335097,0,3,1,-0.2706758799750176,0.43999999999999995
4.710317704045738,1,3.445322244149563,27.252636989533844,0,3,2,-0.18421828623376477,0.43999999999999995
4.863523295927158,0,7.696460088850262,27.53257275345428,0,1,1,2.305654507395327,0.24
3.8928809016219867,1,3.007793327220641,27.029938991683853,0,1,1,-0.9944663510079147,0.24
4.055185451051514,1,4.700064858477739,25.409204821804547,1,1,2,0.49503321141927614,0.24
4.295448264379966,0,5.825570233938057,26.52070161707112,1,2,1,0.08669255796264042,0.33999999999999997
4.906186081519144,1,5.379826073138942,27.079504766834216,0,2,1,1.0093389279245637,0.33999999999999997
3.7052937921025713,0,4.077677769904386,28.015429421625548,1,1,2,-0.7857888730169965,0.24
4.451226346698646,1,4.652233728107502,29.180135033409137,0,2,2,-0.2244648360099071,0.33999999999999997
4.03985787009537,0,2.301941660867219,27.45834912734278,0,1,2,0.11414666937988713,0.24
3.7138911698537385,0,5.71289413505369,24.91103423292274,1,3,1,-1.4338211862305237,0.43999999999999995
3.452854709675658,1,2.373822982790129,23.80575388024365,0,1,3,-1.8055503293402957,0.24
4.391056175182383,1,1.3532697626313035,35.79231162212567,1,1,2,-0.02079863935034192,0.24
4.794005259614774,0,1.7577008413002029,24.61055490920631,0,2,3,1.3376374366116905,0.33999999999999997
4.17795541103785,0,4.533784223399111,26.444124996206853,1,2,2,-0.3522037310984569,0.33999999999999997
3.9472786454807176,0,2.7841709756732285,29.551000907541805,1,1,2,-0.21508459510370603,0.24
5.1401998894815355,1,5.28847586447406,29.08258182869704,0,3,1,1.1507057264660183,0.43999999999999995
4.264677072918596,1,5.097871193877265,29.562597077684718,1,2,2,-0.1488159200272403,0.33999999999999997
5.03892982079784,1,2.392272187795578,26.671848791403473,0,3,2,0.7769089731381569,0.43999999999999995
5.287697513098532,1,3.625859603980274,28.715674211918643,1,3,1,2.666467710530158,0.43999999999999995
3.9181633199916943,0,2.145281697495489,28.18403099272259,1,2,2,-0.5770643001148124,0.33999999999999997
3.946851831283477,0,2.104340551395879,27.06360589737614,1,3,2,-0.17705472109391826,0.43999999999999995
5.081537337912159,1,3.512839892209181,28.73622922531402,0,3,2,0.39621814389481347,0.43999999999999995
5.575253890588804,1,4.660821692661692,31.16609664025212,0,3,1,1.491623756254706,0.43999999999999995
4.7241050558521325,1,4.797358630916134,27.933399329694016,1,3,1,-0.11512677695615806,0.43999999999999995
5.48221292190631,1,9.874609248020338,27.95335853906927,0,3,1,0.7292692497425491,0.43999999999999995
4.533645261241629,0,3.697714225948732,31.204483104627954,0,2,2,0.34788511551437934,0.33999999999999997
4.332073979955522,0,7.0431590666388635,30.88408107945644,1,1,1,-0.07223996572758036,0.24
4.945901932373385,1,6.061141280953946,32.75180932289045,1,3,1,-0.4204215938889507,0.43999999999999995
4.155713357725497,0,2.2113564314706875,22.731309296561268,0,2,3,-0.6092152790491829,0.33999999999999997
5.132084317178971,1,5.5229633734754415,30.71535754950817,0,1,1,3.065525898375919,0.24
3.4155495618388363,0,2.5516469797436963,29.804740136206537,1,1,2,-1.5410482249669237,0.24
3.540219292991266,0,1.5278265527475743,25.343042806740204,1,2,3,-1.4462896805209524,0.33999999999999997
4.50163271530224,0,3.7386913960071984,28.754763753996535,1,2,2,0.24474044789307947,0.33999999999999997
4.282789624742567,0,3.1314753370737884,31.153365243273996,0,1,2,0.2032659989347917,0.24
4.0015045143322805,0,0.10669739035290848,25.5125232325438,0,1,3,0.42635282985946266,0.24
4.535025627134997,1,1.9395667638923093,29.32768728706842,0,2,3,-0.8745450174006767,0.33999999999999997
3.90864801693362,0,2.8473510585093535,30.614061027193053,1,1,2,-1.026472495038395,0.24
3.9386289792043163,0,0.9684575976847265,24.786941312405535,0,2,1,-0.28549682913512336,0.33999999999999997
4.297645461452017,0,7.717487132899885,27.573142922664555,1,2,1,0.9076142388979236,0.33999999999999997
4.1440650758400235,0,1.559563606730097,28.902905129927234,1,2,3,-1.0177344284435696,0.33999999999999997
4.063240552274628,0,1.9883057272907039,25.611605483371136,1,1,3,0.1511248168972502,0.24
4.281910883693656,1,0.1256761853243451,25.36254040271936,0,1,3,-0.5122595391323181,0.24
4.15349928465227,1,5.113460308264624,27.594866194411676,1,2,2,-1.5244809079552242,0.33999999999999997
3.7577841371911886,0,9.156555952808738,30.404919150711077,1,2,1,-1.2814076816690962,0.33999999999999997
4.7047194264019705,1,5.592569058618252,29.93120200357633,0,1,1,0.9103477800760694,0.24
3.870419603758985,1,4.919090468014332,25.415761812440973,0,1,1,-0.6038329567898686,0.24
5.407341673308435,1,3.2969698700622967,29.95650365534706,1,3,2,1.2438086802176775,0.43999999999999995
4.721911890157501,1,8.180975522575556,25.492180671500474,0,3,1,-0.03724761988900513,0.43999999999999995
3.3913718318014503,0,9.84879998132876,23.169490606019696,0,2,1,-1.3678262272144979,0.33999999999999997
4.205139279267451,0,1.6401532060450426,26.898569286858304,0,1,3,0.47719890296444795,0.24
4.436825195423331,1,6.085544832344224,31.368908114757208,0,1,1,-0.801341143457143,0.24
3.72877837681224,0,2.452582979314106,29.96788165642412,1,1,3,-0.3768452229365842,0.24
4.510826326646581,1,4.811467317492268,27.99528457788042,1,1,1,1.1327241328441298,0.24
3.9574111318943697,1,1.7530561766231938,26.749883549226826,1,2,3,-1.2896785543242344,0.33999999999999997
4.105315638759185,0,3.148536552273021,26.830713591650706,1,2,1,-0.44961523374534673,0.33999999999999997
3.334196278690781,0,0.3314375822333435,28.32635471758239,1,1,1,-1.0835320026447588,0.24
4.002881749758512,0,1.112983515465801,24.794687542462512,1,3,2,-1.1903329251043504,0.43999999999999995
4.000062047739676,0,0.7755048337273027,26.95567796439611,0,2,3,-0.47319118828414575,0.33999999999999997
4.1763950863345665,1,5.439793252502062,27.353291615920693,1,2,1,-0.8575697431560082,0.33999999999999997
4.7839572595791955,1,2.9166692959159453,23.94677662464551,0,3,2,-0.27390702309166054,0.43999999999999995
4.927719356959182,1,2.320042761351565,25.484655247307277,0,2,3,0.6388400610318017,0.33999999999999997
4.344016378476861,0,5.221822146819211,29.231520374459144,0,3,1,-0.7508605015783485,0.43999999999999995
3.5522222995393222,0,1.1122481378400015,28.028535519822984,0,1,3,-1.4681827316624316,0.24
4.406403501271161,1,6.0792237973073195,27.07371462641985,0,1,1,0.6414759960107517,0.24
4.4509260695278225,1,1.0827908055210251,25.26571768738611,0,2,1,-0.7575787028579324,0.33999999999999997
4.802228971926621,0,5.227733787459583,32.73054947676765,1,2,1,1.8277690013636894,0.33999999999999997
3.9009360037188032,0,1.8544343340810046,25.486062355962044,0,1,1,-0.40899613872132606,0.24
4.148062143845912,0,4.923656989785155,28.75477842178521,1,2,1,-0.13597518504470993,0.33999999999999997
3.299481749477479,0,4.009438102321131,26.536392735778612,1,1,1,-2.3040922986117494,0.24
3.8120427064323916,0,7.068022508735656,28.108837877915004,1,2,1,-1.161733695802283,0.33999999999999997
3.619816985609866,0,2.0663593014782125,29.372829225821118,0,2,2,-2.2791405501604025,0.33999999999999997
4.297074060028641,1,3.555850991884075,23.88923023237634,1,2,2,0.2940873210427132,0.33999999999999997
4.196049354132011,0,2.0850300374383157,27.980151267539537,0,2,2,-0.08179675158612047,0.33999999999999997
4.950726562884646,1,7.104362525212725,31.572185946939538,1,3,1,0.6301232104308555,0.43999999999999995
4.532355474186034,0,1.056038821675541,33.28450568047601,1,1,3,0.8074099759512389,0.24
4.800433286712908,0,3.208995095757321,27.609958080234605,0,3,1,0.9614719354843895,0.43999999999999995
3.818821689929083,0,7.572614243217606,28.125043621650725,0,1,1,-0.22504018720463492,0.24
4.596480010880071,0,0.9986427783972854,34.6339990858046,0,2,2,0.08541278057838739,0.33999999999999997
4.452596044053065,0,1.6971683424842676,31.404772844797595,1,2,2,0.5789420213788304,0.33999999999999997
3.931176449194693,0,7.905282553227771,26.148146292234344,1,3,1,-0.7947280199071777,0.43999999999999995
3.757766253232594,0,7.153872142719596,26.14304964734163,1,2,1,-0.9380124467132405,0.33999999999999997
5.529462521143632,1,0.3320280819100734,30.869648385361806,0,3,3,1.5400672397428257,0.43999999999999995
3.5406483681156304,0,4.784263318446397,24.96688860986281,0,1,2,-1.8061642083789784,0.24
5.252458273012695,1,8.321494036317393,31.26318025401656,0,3,1,0.5000040853228629,0.43999999999999995
4.191553522289148,0,0.4091807879693906,29.002899891253026,1,1,3,0.34121171654235266,0.24
3.632030627955761,0,8.09571213758402,29.55316229208122,0,1,1,-1.1233205745712393,0.24
3.701905718643947,0,1.5499354177015365,27.22979858955984,0,1,2,-0.6678430584609125,0.24
3.742406304155688,0,5.245591702502163,26.11052558726077,1,2,1,-0.3568410299902033,0.33999999999999997
4.714940613678792,1,4.2016702579704015,32.38597849260496,1,2,1,0.21667228576379846,0.33999999999999997
4.266830322359417,1,2.4621523150682565,27.259788158339575,1,1,1,0.3516712692200746,0.24
4.27923787737351,0,2.6008566854508612,26.767194770278415,0,1,2,-0.03092954417963864,0.24
4.220047228663832,0,6.1707146695912085,27.75958879636057,0,2,1,0.18839263213498064,0.33999999999999997
4.704184946396328,0,3.648171247987611,28.57906639815383,1,3,2,0.6594502683770386,0.43999999999999995
4.394511221148435,1,0.5261900977342142,24.907524619841656,1,2,3,0.613263229845668,0.33999999999999997
4.679145590680639,0,4.907879993380329,26.305385517379264,0,2,2,1.5343064064815883,0.33999999999999997
4.4973920496777575,0,6.7348553826939215,26.145903778281827,0,2,1,1.0431357358422049,0.33999999999999997
4.2935563596433965,0,3.235785413714562,30.535840913820547,0,2,1,0.01779132392691489,0.33999999999999997
4.282471401648398,0,2.889776929982596,25.342112296000334,1,3,1,0.6406820675894619,0.43999999999999995
4.403405681804513,0,4.518842545562705,22.732696426725838,0,2,1,0.4238231450970626,0.33999999999999997
4.164276579180321,1,-0.12786368157035422,22.09871631128154,1,2,3,0.16440658035585232,0.33999999999999997
4.458659323087911,1,1.5262952543866488,23.58885959597285,1,3,3,-0.8685984319467286,0.43999999999999995
5.14470888527428,1,7.099374038018391,32.084614608544335,1,3,1,0.1622558745717365,0.43999999999999995
3.631196849279978,1,1.714823731229575,28.048619798452155,0,1,1,-2.0652486874260005,0.24
4.886376412867368,1,1.9456385553589497,29.50374726042161,1,2,3,1.0723251843264354,0.33999999999999997
4.693683132682603,1,4.312537834925513,29.60946318136399,1,2,2,0.3503477167034108,0.33999999999999997
4.33371522839566,0,2.095426797983633,28.16855175517696,0,2,2,-0.159185033556736,0.33999999999999997
4.291810583207579,1,5.732903609550508,27.775656110046075,1,2,1,-0.4207182769747542,0.33999999999999997
4.427010439179386,0,4.64437778273777,31.13357928945442,0,2,1,0.654502550543754,0.33999999999999997
4.658087299546736,1,3.3291809311716998,28.43798774293792,1,1,3,1.8375140802021444,0.24
4.597223269163471,0,3.9667722840304407,32.197292437790246,0,1,1,0.37507989663243846,0.24
5.009089668360108,0,1.0715360646614192,29.8624898358696,1,3,3,1.9022478557193994,0.43999999999999995
4.569517804661382,1,4.263700666021662,26.146611179556917,1,2,1,0.784354215539965,0.33999999999999997
4.402544436185879,1,0.40176063336347523,26.50859792839019,0,3,3,-0.8054024956412983,0.43999999999999995
4.572760365538738,0,4.154436428581938,25.81760558063716,1,3,2,0.48772925319753474,0.43999999999999995
4.418560904214755,0,3.8353957371400806,31.652644065852147,1,2,1,0.39006808950167493,0.33999999999999997
4.210569268758726,0,3.809325450513845,26.784847141163343,1,3,1,-0.8059921187848342,0.43999999999999995
3.960271730241358,0,3.1268613333891815,25.6045816096011,0,1,2,-0.4077263559080225,0.24
4.338989959665814,0,3.493714247853852,28.95933412338046,0,2,1,-0.42755029235477715,0.33999999999999997
4.414410238268391,0,0.7590808474023062,27.708498680882492,1,2,2,0.10022547916008925,0.33999999999999997
4.278309487898721,0,4.240575364564342,28.88370553772549,0,2,1,-0.28003877515032116,0.33999999999999997
4.534049357859373,1,3.7201442953439656,33.66944171168153,1,1,1,0.2686668456195299,0.24
4.840749470490401,1,5.220718922477121,30.73921241778658,0,1,2,0.43068625272227246,0.24
4.849448086601592,1,2.8338972505068014,28.08103166290572,0,1,2,1.2676684337133457,0.24
3.99775657638117,0,7.4652719438334305,23.774729847381973,1,2,1,0.5491397921581554,0.33999999999999997
4.660927526441872,1,4.999794450793201,26.500112508374094,1,3,1,-0.7019408185972573,0.43999999999999995
5.757236309494682,1,4.609750936728896,30.13313830763591,1,3,2,2.1111029144064735,0.43999999999999995
3.2207054756229123,0,2.9894104306940292,24.486876881014553,1,1,2,-0.6954672340667563,0.24
4.2081933243487155,1,7.1340627135819945,34.42291088899106,1,1,1,-0.3875923783260235,0.24
4.249897723024583,1,8.47636223015268,28.043249687906645,1,1,1,0.5974958203432732,0.24
5.174376513012015,1,4.672412341948677,28.146545179628454,1,1,1,2.895299687887994,0.24
4.928812726448983,1,5.722206978783722,26.000064421126066,1,3,2,0.40158545149171704,0.43999999999999995
4.749966885400286,1,4.301697749152859,29.490213270327157,1,3,2,-0.6415818720659229,0.43999999999999995
3.805961062499102,1,5.257862088076778,24.525994580433302,0,1,1,-1.639326419056444,0.24
3.5967570662928003,0,3.7690076490928273,34.494677767304374,1,1,2,-1.7058242833890767,0.24
4.359983252697885,1,5.942391666064701,31.952053913956036,0,1,1,0.010958187625096804,0.24
4.839039416785566,1,2.447505555129565,30.952889335591138,0,1,2,0.5447457696177423,0.24
3.8810595157649646,0,3.428363197350441,23.82871298263057,0,3,1,-1.4198133367005552,0.43999999999999995
4.578704609023888,0,2.635662149524219,28.61623981137325,0,2,2,0.22197220137759255,0.33999999999999997
3.98250342332343,0,5.905032648656335,31.62725919404201,0,2,2,-1.3135720315801107,0.33999999999999997
3.803225955617508,0,2.661270012255197,29.779316198073218,1,2,3,-0.9244048362215113,0.33999999999999997
3.7985783577210674,0,1.2104997063269052,24.993672686098677,1,1,3,0.6317483206159163,0.24
3.898349444285965,0,1.8259102604487345,26.049718734074034,0,1,2,-0.7476264297688239,0.24
4.445034268761246,0,-0.7121217323324869,26.64419158598203,1,1,3,1.3100817334069204,0.24
3.9654364929511043,0,2.8685073748088263,26.18968649653418,1,2,1,-0.5843780626141057,0.33999999999999997
4.83964341112155,0,6.098482956857491,32.58633650713092,1,3,1,1.1094418550158274,0.43999999999999995
4.786983329964223,0,0.0830292318162209,22.23696058353023,0,2,3,2.2652151837774417,0.33999999999999997
3.9161386506369693,0,-0.5144368208512182,29.96775741897651,1,1,3,-0.7456813779703693,0.24
4.882177769669751,1,3.619943088925281,24.123089875214646,0,2,2,2.4660286735807313,0.33999999999999997
4.147297086550055,1,3.2856669157400886,25.116245537646797,0,1,1,0.013486110527938315,0.24
3.8906865133669775,1,0.6372519450566316,21.970799899393846,0,1,3,-0.6325673012524995,0.24
4.485037519041143,1,-0.9087811981614387,26.3528367065234,1,2,1,-0.29604110782597826,0.33999999999999997
4.582806349428526,1,8.640477500699543,32.53219495461764,1,2,1,-0.4034453652327542,0.33999999999999997
5.4226170229292725,1,0.8507419557729331,28.794472727394336,0,3,2,1.401790299885356,0.43999999999999995
4.50549193528062,0,3.5088214169455707,24.404915359002707,0,2,1,1.3178373924703934,0.33999999999999997
4.534155219989686,0,8.74484020966753,31.05144302313794,1,1,1,1.3059681516263462,0.24
3.7795532455910936,1,1.9792486442999726,31.693912790706058,1,1,3,-1.299412908171348,0.24
4.081580054491367,0,7.016221924015049,28.312139443117257,0,1,1,0.18930269080598924,0.24
3.4555872000722223,0,0.463756149195509,34.10424747445777,1,1,3,-1.5496943101547969,0.24
4.550271016347995,1,3.4014145273483187,30.46469237387384,1,1,3,1.0110985331703015,0.24
4.331652746951102,0,-0.9062270916431399,30.047957521877763,0,2,3,-0.48365330725046884,0.33999999999999997
3.8616131383860965,0,0.7022074619346208,25.58986387850113,1,1,3,0.5030781505729426,0.24
4.4058231983997835,0,4.716340935440966,29.88219545686402,0,3,2,-0.501858506586777,0.43999999999999995
3.714368359658808,0,0.5055483598760423,28.65037383281348,1,2,2,-1.7558529480776266,0.33999999999999997
5.091900132818334,1,0.24731966831051333,29.55948700801308,0,1,3,0.8851532451205563,0.24
4.813786342910217,1,5.926901537401357,25.94624314257601,0,2,1,0.9623911466423528,0.33999999999999997
4.318906785752339,0,5.097901845854958,28.38429665307696,1,2,1,0.13936912237586419,0.33999999999999997
3.3660242643745417,0,3.3419291070170214,25.549415499355124,1,2,2,-2.1114004454661055,0.33999999999999997
4.296431615389974,1,2.2636120048982176,21.558603700101905,0,1,2,0.7503543112407338,0.24
4.4242129727813255,0,6.030855235232981,30.99491370573515,0,3,2,-0.7375881072729292,0.43999999999999995
3.966313266630407,0,1.0654572661194057,23.49283305493145,0,1,2,0.5165763136323301,0.24
4.188519404590856,0,3.4231735009173634,28.321559394347247,1,3,2,-0.49060279915415195,0.43999999999999995
4.310628708543092,1,5.254434880886123,28.99900638834712,1,1,2,-0.3879611649762693,0.24
4.391641631914335,0,3.5626592413222937,28.979689047589165,1,2,1,0.4976175046616279,0.33999999999999997
3.681719873904759,0,7.752078790796386,27.150762779205248,1,2,1,-0.820904923928941,0.33999999999999997
4.077040766588316,0,4.150654546225712,28.813634425839922,1,2,2,-0.1666841258940953,0.33999999999999997
4.279739269868238,1,6.147484285561665,29.412901209355486,1,1,1,0.5095988583161316,0.24
4.849293266253362,0,-0.016731169875682017,30.204894447255953,1,1,3,2.166449128316362,0.24
4.273765799522231,0,1.4836285079685814,33.20032401815279,1,2,3,-0.07446931799402748,0.33999999999999997
4.7662501876124965,0,3.0768316382218326,28.702582454494618,1,3,2,0.8394893148022425,0.43999999999999995
4.444552078692372,1,-0.8925048721760847,28.192146535053105,0,2,3,-1.1718081477049838,0.33999999999999997
4.734027370213014,1,5.232421785809269,25.279813103949717,0,1,2,1.6946328443393612,0.24
4.004644832198294,0,9.683769853939706,29.30783897169801,0,1,1,-0.8080380921449698,0.24
4.135231232255162,0,2.999626236872739,30.002149309421707,1,2,2,-0.13219154498269128,0.33999999999999997
4.35189200631741,0,2.7856012519377606,27.42309044715512,0,1,1,0.5112153741115679,0.24
3.761753536282139,0,4.448737800664217,29.633837512552113,0,1,1,-0.779914208636281,0.24
4.700992491316932,1,5.010941156010747,27.122451419351975,1,2,1,1.080908399147931,0.33999999999999997
4.005958323564444,0,3.477193640970407,30.01297795626677,1,2,2,-0.6618073472576657,0.33999999999999997
4.484051448907565,0,3.7649840810514443,30.73780694208923,1,1,2,0.830623923161204,0.24
5.050891789867441,1,3.0874221746712815,30.695883600191458,0,1,1,1.067701973702555,0.24
4.612962353077097,1,2.3369754017755664,28.353532978423903,1,2,1,0.5784288893377483,0.33999999999999997
4.382023385674657,1,3.071355592633398,24.880095545148848,0,1,2,0.708430967844287,0.24
4.990300337301822,0,3.9860309821482924,26.164260842074537,0,3,1,2.5308745491588476,0.43999999999999995
4.541768965082004,1,9.847012246933648,29.785471971654186,0,1,1,0.41654427166133706,0.24
4.515498280872177,0,2.796173780899963,35.34643691722068,1,1,2,0.10983930374560356,0.24
4.080396414462176,0,3.9492070953195193,26.977837685403756,0,2,1,0.3362329337255156,0.33999999999999997
4.942546700720986,1,7.425707477568412,29.367513035164418,1,2,1,1.271326718402925,0.33999999999999997
4.673078277542109,0,6.460821590166011,26.33184232756179,1,1,1,2.329275285593032,0.24
4.452521613567817,1,4.088172415630053,25.0780988672527,0,2,2,-0.16646574524308108,0.33999999999999997
3.6964359568564813,0,0.2038857686897685,25.971052409267912,0,1,3,-0.9123793253406457,0.24
4.807867730126674,1,1.04871801889074,21.752584069891984,0,2,3,1.1625494365705773,0.33999999999999997
3.8627763692666885,1,0.48913692818373267,32.060305188723255,1,1,2,-1.3630881357752476,0.24
3.925892807992466,0,7.634178808444101,21.309609241256158,0,2,1,0.25775877860245183,0.33999999999999997
4.074878489841889,0,-1.872124779336045,27.208515308798102,0,2,1,0.3046250991338857,0.33999999999999997
4.47988133567305,1,4.11575381194817,24.465616313949837,0,2,1,-0.10733714119723227,0.33999999999999997
4.03595378747018,0,2.760014519438427,25.346859353913388,1,2,2,-0.048540176973698085,0.33999999999999997
4.264710636677099,1,3.2006510206064887,32.129567979216006,0,2,2,-1.6524936059451951,0.33999999999999997
3.935627356788662,0,4.284339666895877,28.603200970094175,0,2,2,-0.8682813739313306,0.33999999999999997
4.469204997629036,1,2.606412932167577,25.103811522454897,0,1,1,0.9370908281073309,0.24
3.503611576716215,1,-0.5489544852784816,26.23144860251047,1,1,1,-2.041268793932426,0.24
3.9797486782851217,0,5.414131448282116,25.703556338673742,0,2,1,-0.08599421240326818,0.33999999999999997
3.7578001079514207,0,2.5146876899123782,27.86936298376336,1,2,2,-0.31256588405815583,0.33999999999999997
3.2693951121683087,0,4.2974396662999865,28.518675054363076,0,1,1,-1.992438654593114,0.24
5.36401480996704,1,1.722534056603621,33.68672431968568,1,3,2,1.692376448937022,0.43999999999999995
3.3726369767080735,0,8.008769675113772,22.25109770200688,1,2,1,-1.0302680922000675,0.33999999999999997
4.636854878841855,1,0.6237066744351948,27.895563055726143,1,2,2,0.548926713253264,0.33999999999999997
3.924728844025238,0,4.085449697043358,27.053296922396434,0,1,1,-0.46889760823305676,0.24
4.203327402947681,1,2.447228776622397,30.839645583150347,0,1,1,-0.844859778964654,0.24
4.6762390473561135,1,3.3874459240436723,29.06445435453518,0,2,1,-0.23598056541908702,0.33999999999999997
4.231768430316828,1,8.404023402293259,29.771086624344836,1,1,1,-0.3563540792151494,0.24
4.195233207256245,0,5.447358972848384,29.035258558045246,1,2,1,-0.18673351265011154,0.33999999999999997
4.577483195246101,1,-0.39558422756719636,25.20402662414938,0,3,3,-0.7869517841902726,0.43999999999999995
3.869037568934964,0,4.912201788072429,31.63379648947904,1,2,1,-1.0139845766602058,0.33999999999999997
4.5208542648831695,0,2.5788947085289124,30.395514713847007,0,2,1,1.0044564239795872,0.33999999999999997
4.205100658096417,0,5.626775269518193,30.746589375174228,1,2,2,0.006935622192633547,0.33999999999999997
4.441825871424548,0,2.9417584091483326,31.792150511521495,0,1,2,-0.06031346694484812,0.24
4.64683959967443,0,5.6347484323373145,29.25302530195588,0,3,1,-0.8914780606168474,0.43999999999999995
5.718051629345808,1,6.040483134300073,32.44297721235248,0,3,2,1.574398857128693,0.43999999999999995
4.574105958974236,1,4.203841007782179,29.132918715359924,1,2,2,-0.0874285760652176,0.33999999999999997
3.5084741036769485,0,6.413727266298452,27.342824235926173,1,1,1,-1.8957091905446861,0.24
4.408721002819245,0,1.1856889084505624,27.980188268549906,0,1,2,0.2758236474399956,0.24
3.818832564899659,1,5.809170948542907,27.92846869559165,1,1,1,-0.7641938357004187,0.24
5.2707965519602435,1,1.4064335082462147,26.441826033728372,0,2,1,0.9108339626548762,0.33999999999999997
4.8944999342959035,0,-0.21311146755028054,32.895666545110664,0,1,3,1.038431624427067,0.24
4.416351841562923,0,3.1103522127124723,28.888886096511,0,2,1,0.9229337721638942,0.33999999999999997
3.876016218631693,0,5.775573653779823,28.28421542749872,1,2,1,-0.46140690552391267,0.33999999999999997
4.396907756145132,0,1.2232872904239351,29.164822764779302,1,1,3,-0.11289835027903883,0.24
4.827084263597073,0,5.148055842836258,36.93956355021144,1,2,2,0.2486056220469713,0.33999999999999997
4.19846274135464,1,2.4464703264908914,24.60482743420102,1,1,2,0.8926613173372667,0.24
4.5137973216467975,1,2.5950284791437883,25.464884464851174,0,3,2,-1.037753188032503,0.43999999999999995
3.8840575481351522,0,2.945941837508457,23.85828694765901,1,1,2,0.0934259591400311,0.24
4.7587937908804525,0,2.6355858350215424,27.302202284693543,0,1,2,1.8679229390015466,0.24
4.271449359121576,1,5.9174470848212595,28.73655532998208,1,1,1,-0.5353936031463985,0.24
4.89871683497686,1,7.896235322089921,26.604032444976767,0,3,1,-0.02607076957758867,0.43999999999999995
5.235154210237993,1,6.079835199770307,26.38081960554469,1,2,1,2.6134875549344487,0.33999999999999997
4.044417171835504,0,4.8516675908775655,28.427214599884397,1,2,1,-0.24123661297117174,0.33999999999999997
3.4237017838514268,0,5.3877188430763185,26.493676525510907,0,1,1,-1.5387940565160205,0.24
4.373048794796073,1,2.513221019490916,28.930527481548513,1,2,2,-0.05738062859326382,0.33999999999999997
4.987448269314708,1,2.406136328997502,31.342703040227814,0,1,1,1.6729295554580093,0.24
5.410198250337783,1,6.811909020241064,30.031091409402418,0,3,1,1.0567145995414655,0.43999999999999995
3.9699525126607713,0,4.27358415186361,30.643040041495606,1,3,2,-0.979691019200932,0.43999999999999995
5.084454516509134,1,3.9956482079743783,31.257755234520157,1,2,2,0.41539471371341247,0.33999999999999997
4.385324438726038,0,0.6296837419889375,28.84848448035611,0,3,3,-0.1758448508144225,0.43999999999999995
4.1912258594837635,0,2.4006207399134603,27.524076921870698,0,1,2,0.812033728174976,0.24
3.645303075605172,0,0.5284410051345652,25.683240787350414,1,1,3,-0.6153974337204418,0.24
3.684186886062185,0,3.2080849817384016,26.826465509092838,1,1,2,0.494517703133399,0.24
4.648780902107826,0,4.923476153932635,26.428943401969317,0,1,2,1.910252823395939,0.24
3.5275046010991593,0,1.2590404774877084,30.195016979862736,1,3,3,-2.6123663765142178,0.43999999999999995
3.891583021888393,0,1.5806144344400543,29.040347663782587,1,1,3,0.5928925942386437,0.24
5.461751479553863,1,2.1268305082780494,30.090273588142903,0,3,2,1.3190670740803834,0.43999999999999995
3.6803740307423976,0,1.3565264266134354,24.518989431699545,0,2,2,-1.556336982379554,0.33999999999999997
4.390372015963788,0,1.3860157665753907,32.295248452723236,0,1,1,-0.7205968567729982,0.24
3.7947858796616516,0,0.7332093962179707,26.71905888547971,1,1,3,-0.3937036391817091,0.24
3.741552594518481,0,3.8151354139314355,24.699950073776012,0,1,2,-0.7309101470688065,0.24
3.6485689112053703,0,0.9845529614459071,26.682346705534563,1,1,3,-0.805813663422658,0.24
4.513379468812208,1,6.978260313600183,35.45129797776252,0,2,1,-0.37474291890278094,0.33999999999999997
4.698874553488273,1,3.9643391886663717,26.836849400525296,1,2,1,0.8516948429954513,0.33999999999999997
5.030262930150084,1,6.0938560222207485,27.024710585587222,0,2,1,1.487652323520624,0.33999999999999997
4.830269842669521,1,-1.210403687552938,27.423685958110973,1,2,3,1.3026540871209262,0.33999999999999997
4.340773408606621,1,0.7620233504922981,27.554138849705634,1,1,3,0.9938008401204063,0.24
4.8571703828795,1,6.914862920909044,25.65557180259624,0,1,1,1.8321150931203067,0.24
4.834385539705135,0,3.7038205523990135,28.42963924961839,1,3,2,2.0313276446777473,0.43999999999999995
4.416966533406339,0,4.220487220722968,31.226784724594992,0,1,1,0.16605911703391626,0.24
4.48465937057356,0,2.1847103772899024,28.94286794643612,1,1,1,1.430965255676379,0.24
4.660856281536693,1,4.625190930614288,24.666504103300042,1,2,1,0.42391919852182386,0.33999999999999997
4.163873335941677,0,2.9377571813611745,26.966962285198875,1,3,2,-0.2162390433987619,0.43999999999999995
4.452918846689374,0,0.9173087156633305,26.34541779969511,1,3,3,-0.04976871237009626,0.43999999999999995
4.293542864622485,0,6.665991836928246,28.1588184047044,1,1,1,1.0125174658325966,0.24
5.117963493758896,1,4.470014015466772,31.991355014686953,1,2,2,1.465591165100627,0.33999999999999997
4.363834238286926,1,2.694792302104069,27.55335161193735,0,1,2,0.5804543651517626,0.24
4.4273039787793875,0,3.072223621365119,27.735535393388826,0,3,1,-0.39603788494329145,0.43999999999999995
3.998389768784601,0,-0.0051291400162774,33.33293445645829,1,1,3,-0.4894789267368455,0.24
3.521264109226514,0,1.0065960021115936,30.62861797501498,1,1,3,-1.8532844817858831,0.24
5.101004969198044,1,3.9742328608764246,29.722243846319607,1,3,1,0.3609340319439061,0.43999999999999995
5.31697774614438,1,2.2239188142677255,33.87439484590533,0,3,2,0.2928925937909292,0.43999999999999995
3.9576653527994514,0,3.8139872981679543,29.46943376438204,1,2,1,-1.044637350508038,0.33999999999999997
4.260998808198734,1,1.2959241031504858,22.040418574067434,1,1,2,0.4731049205496202,0.24
4.986223407297421,1,3.7998002201348324,30.497997273641083,0,2,2,0.4563333624663297,0.33999999999999997
3.714212867619862,0,8.572580647773288,23.22397462864405,0,3,1,-1.4837124191355169,0.43999999999999995
4.550455247417801,1,1.7532204169392545,29.356016105747344,0,2,3,-0.32174397774889685,0.33999999999999997
4.526758850250578,1,4.097525338974397,22.85876927761228,0,1,2,1.4090457186438459,0.24
4.24825165528205,1,2.195940164684468,26.599433768800242,1,1,3,-0.6331805240521332,0.24
4.100520867000108,0,1.1482694499196593,26.908646411170388,1,3,1,0.017641682513651908,0.43999999999999995
4.601142073516502,1,0.6109330711016459,25.68964267830474,0,2,3,0.1604568043639121,0.33999999999999997
4.294437046953869,0,0.3389549598894158,26.9534440084264,1,2,2,-0.026336195352019576,0.33999999999999997
4.643688986546036,1,4.113101124698454,31.097685161081657,1,1,1,0.6887040493303955,0.24
4.453652008014712,0,3.366412545421457,25.85814126352134,0,2,1,0.9352217035249998,0.33999999999999997
4.993201475372104,1,1.0317808200919376,29.635422638531622,1,3,3,1.2645826906871507,0.43999999999999995
3.937819639202673,0,3.587985427686817,25.103051081178098,1,1,2,-0.3134979282050372,0.24
4.547753871131183,1,2.7289397795862396,27.431501270823613,1,2,1,0.523866605595339,0.33999999999999997
4.497576928061996,1,0.18384919492845397,28.97151779898235,0,1,3,0.8398292872803401,0.24
3.802658866772113,0,7.029794507876037,25.01041475014432,1,1,1,-0.11833343182012836,0.24
4.101564698271262,0,5.254761268934543,24.06483870126793,0,2,1,-0.719161695116565,0.33999999999999997
4.677587054585985,0,3.1994234004160003,29.475634451736664,0,3,2,0.14357818705514605,0.43999999999999995
4.572051000995945,1,2.5461535999201357,31.369241198021918,0,2,2,-0.6057315315335446,0.33999999999999997
3.9140719498417758,0,2.8221654624541626,27.762804941537883,0,1,1,-0.70422809385057,0.24
4.115212219070329,0,2.576405519553119,26.628061280329888,0,1,2,0.22013390815337808,0.24
4.836638917413384,1,3.066194873089303,28.46702616306516,0,3,2,-0.18831631822276296,0.43999999999999995
4.021067250441204,0,6.478113400607855,28.166439756296143,1,1,2,0.1755218947298227,0.24
3.7974246201629,0,2.5119129674851894,28.728707622133754,1,3,2,-1.5512265683702238,0.43999999999999995
3.5197507129829253,0,2.615598893268549,20.415264699058856,0,1,1,-0.17554712923635507,0.24
3.7444367014956947,0,1.068370900915038,24.79268712650211,0,3,3,-2.2602649018064715,0.43999999999999995
3.850406492123844,0,4.267519969154924,25.46430968368944,1,3,1,-1.0454701746364303,0.43999999999999995
4.332097565880836,1,0.1025733391011926,28.452602885534688,0,1,3,-0.08893355146471844,0.24
4.916036557734813,1,3.2071592341067268,28.557633650866798,0,2,1,1.2131225647568318,0.33999999999999997
4.121437265899636,0,0.0851994640923035,29.908541466052107,1,1,1,0.5368508611669277,0.24
4.093201934977259,0,4.73858976239357,28.77274524763131,0,1,1,0.0902768682178256,0.24
3.9037735701850753,0,1.4249632879546932,24.097794788837994,0,2,2,-0.3767449718585443,0.33999999999999997
4.720394128655402,1,5.069138833897211,32.34101385275518,0,2,1,-0.2505924612532481,0.33999999999999997
4.712136971992798,0,1.3273728340043673,31.8157549102671,0,1,2,1.3057791978795394,0.24
3.837857400226633,0,1.0318915821363317,24.225408129919224,1,2,3,-1.1063485961704482,0.33999999999999997
4.286380686708456,1,7.395803827846981,28.998115883122548,0,1,1,-0.7255382605615397,0.24
4.130527160802366,0,3.3851264571161774,26.21372684427095,1,1,1,1.0667554098671448,0.24
3.9727649725236778,0,2.480024285799687,28.416591967601644,1,2,3,-0.34392714670174596,0.33999999999999997
5.112871219098014,1,6.3081868977025675,31.15993083892561,0,2,1,1.9390859861068257,0.33999999999999997
5.065753884602027,1,3.46086257119063,34.390312798962874,0,2,1,0.690699883972354,0.33999999999999997
4.784418398122444,1,7.334273688623282,30.25383311542783,1,2,1,1.154957063340572,0.33999999999999997
3.914729440142581,0,3.152205693473462,28.884804205330408,1,3,1,-1.625627520802594,0.43999999999999995
4.817141012631436,0,2.105325775110004,26.980536495075107,0,2,1,1.0594266227829576,0.33999999999999997
4.053225000852941,1,3.5761925975512616,28.54640461303353,0,1,2,-0.8493896832489192,0.24
4.690785839714414,1,6.5374733031804375,32.079315679984944,1,2,1,0.7157645702414513,0.33999999999999997
4.1547839986395525,0,3.8416753437179896,27.865873729721244,0,2,2,-0.36370130066304696,0.33999999999999997
4.507801308902921,1,4.207945474264177,25.34166204595705,0,2,1,0.22280341856053282,0.33999999999999997
3.914341237469208,0,3.486935811375414,23.14093040345012,0,2,2,-1.1062302816536052,0.33999999999999997
3.3780632384221634,0,1.8864670777438879,29.53914360223075,0,1,1,-1.720580399233776,0.24
4.033514631221308,0,0.40870521629096124,28.741864376883218,0,1,3,0.15055643045930028,0.24
4.2291231138518235,0,3.7380406444172785,26.06227548021311,0,2,2,-0.29379989243230914,0.33999999999999997
3.6003296408357417,0,5.530860752129133,31.078042377121893,1,1,1,-0.8937956233489198,0.24
3.66818670716338,0,8.876231689448902,26.73466940683711,1,2,1,-1.6820499880076791,0.33999999999999997
3.717484389244858,1,6.591553148051175,27.596067724525614,0,2,1,-2.675054028235318,0.33999999999999997
4.948507694960366,1,2.743538310018521,27.95000760010617,0,2,1,0.5235592307851039,0.33999999999999997
4.353493369732236,1,4.925401601380987,26.947141773585734,1,2,2,-0.2550648202731273,0.33999999999999997
4.170270245916545,1,4.001418641402386,28.70759519724871,0,1,1,-0.6038649716441735,0.24
5.266391394996243,1,1.8515888167970365,31.454545437799002,0,3,3,0.21281150484649686,0.43999999999999995
4.775807657991102,1,8.142509471704019,24.572554305644733,0,2,1,1.0144042602962138,0.33999999999999997
4.268730095963954,0,2.4842509925372482,29.465560415422026,0,2,2,0.26956652692063826,0.33999999999999997
3.7647589305338767,0,8.077554582136377,28.516476008819325,1,1,1,-0.4431290232228801,0.24
4.608738682221736,1,9.207821916844456,28.461291488634117,1,1,1,2.1324884951166876,0.24
4.450400423939598,1,-1.6092486553441994,30.615533709622273,0,2,3,-0.6357526824899736,0.33999999999999997
3.453684083902249,1,0.1659244371209606,28.147892275651476,1,1,3,-1.4096309072584738,0.24
4.792711420972064,1,6.943857303192617,29.44068778571711,0,1,2,0.09981563771960583,0.24
4.366763428742877,1,4.2538412267105254,30.14759388871344,0,1,2,-0.2555607857101847,0.24
4.588432418012998,0,-0.7074445462474519,26.48690439885818,0,2,3,0.9470942432760785,0.33999999999999997
3.9117044433073964,0,2.8336605041415903,28.897550382441395,1,2,2,-0.5262886910748877,0.33999999999999997
4.631683308857219,1,1.902337439214436,27.247637178368105,0,2,1,-0.16515390654818293,0.33999999999999997
4.3364358823556595,0,3.930755809407776,27.601954660840313,0,3,1,-0.8657677512409321,0.43999999999999995
4.674423318031617,1,6.9365713506980216,27.033815810565006,0,1,2,0.8076585219272564,0.24
4.741339203947027,1,2.8367042720987956,29.413241212290657,0,2,2,0.1435699981840194,0.33999999999999997
4.032006436792547,0,2.09437350114772,28.244934127054762,1,1,2,-0.2751847627420846,0.24
4.41303654556554,1,2.421949544738118,29.183632102950025,1,2,1,-0.1499903660990867,0.33999999999999997
4.5371017762060895,1,1.4203383660514723,27.947447911312754,1,2,3,-0.021310499156871835,0.33999999999999997
3.525414171695317,1,5.131533064111812,23.187636962589025,1,1,2,-1.4373609575866795,0.24
4.367245058312374,1,4.630439257848221,28.094105248299126,1,1,2,1.1627083815751447,0.24
5.0062666703674825,1,1.462149406131915,28.19061386547045,0,3,1,1.1040283117402265,0.43999999999999995
4.103746185997739,0,-0.18265263094944673,28.72778781146038,0,1,3,0.04068038940267273,0.24
4.486785144408515,1,4.869402763422301,26.218812418942775,0,2,2,-0.06619044712575442,0.33999999999999997
3.981236952427421,0,6.152072060401563,24.413590850003466,0,3,2,-0.9966580131049155,0.43999999999999995
5.409389192226336,1,0.9370343811622979,29.873819934682835,0,2,3,1.7273349623497039,0.33999999999999997
4.911024303430505,0,0.49677120021983767,27.179180330397493,0,2,3,1.485454565000845,0.33999999999999997
5.182587180636334,1,5.228148334187885,28.513732143054987,0,3,1,0.39439473340838577,0.43999999999999995
4.241882118498441,0,-0.509542171788006,27.155619760335114,1,1,3,0.8200480866716071,0.24
4.3062470445180345,0,1.4856026361126293,27.981814522679215,1,1,2,1.2304809678911859,0.24
4.567335732118533,0,6.167363999792132,26.652143956192575,0,2,1,1.0274700549207774,0.33999999999999997
3.9623651377242806,0,8.293005970029014,25.095749232538516,0,2,1,-0.8561949714486008,0.33999999999999997
3.9487308742710487,0,10.070770023364032,29.42119498230597,1,1,1,-0.31112649042248275,0.24
4.238868987831004,0,4.828673983275446,26.19063973532164,0,1,2,0.4681821859394662,0.24
4.432459899435824,1,2.020250724282298,28.49185444268443,0,1,2,0.20332493230845114,0.24
5.1532030731739935,1,5.92291940807787,29.231380665706233,0,3,1,0.7530590690196765,0.43999999999999995
4.294316974854884,0,0.6176876586379865,26.239561853190754,1,2,3,0.6437254029922227,0.33999999999999997
4.648108035961294,1,-0.3918318396805016,24.388343096881044,1,3,3,0.2469713282648185,0.43999999999999995
4.590638660703873,1,4.644620570494801,35.278256841559156,1,3,2,-2.603736706478307,0.43999999999999995
4.508576658351851,0,2.8072699661499456,26.416684372163722,0,2,3,1.1728362782908315,0.33999999999999997
5.074179713505687,0,1.2243796278841537,29.870251475803475,0,2,3,0.8390358157489616,0.33999999999999997
5.497635341887187,1,4.705115096825616,33.81839064871037,0,1,1,2.0692141289193806,0.24
3.755346186878337,0,0.9066762079497854,30.36972324056168,1,1,2,-0.4774975855715802,0.24
3.739810863322983,0,1.5595412589480127,27.098671573517347,1,2,3,-1.8429061299101601,0.33999999999999997
4.0169756225116044,0,3.081804917706997,27.798650837394668,0,1,1,-0.18044834035986979,0.24
4.286944831200787,1,0.012268519290327906,25.502178340783455,1,1,3,0.45668033887731735,0.24
4.536145344671774,0,6.000982187284761,30.645089280873226,0,2,1,-0.44203886185948993,0.33999999999999997
4.5302267796617155,0,3.4052724273156834,29.698812124176065,1,2,2,1.371793668092127,0.33999999999999997
4.145285291163131,1,4.6716063246019175,26.45672254521477,1,2,2,-0.660139485081315,0.33999999999999997
4.266421871503828,1,4.716799318291227,24.873475578704667,0,1,2,-0.10088532346348261,0.24
3.6230025297065205,0,2.0662935648316783,24.036298787008924,1,1,2,-0.24598992716014478,0.24
5.286543382550771,1,2.5812609101119244,30.9595420114126,0,2,2,2.7743114592800966,0.33999999999999997
4.830787431185037,1,2.2122740208605522,28.361119386866683,0,3,2,-0.9060776601175594,0.43999999999999995
4.61277807365778,0,1.6472331471970696,28.644953608998254,1,3,2,0.5837314711868383,0.43999999999999995
3.702695280034986,1,5.596976213728284,25.53115412241293,1,1,1,-1.201207505159966,0.24
4.242134796238668,1,3.094070713474374,23.60949069008678,0,1,2,0.34296474844778546,0.24
4.543798803544679,0,-1.3806915877657264,30.887840724134897,1,3,3,-0.9544671800577996,0.43999999999999995
4.438188750149161,0,1.7936732685651768,28.126117110991693,1,1,1,1.099944565240973,0.24
4.619379079334708,1,3.0806429477632222,30.72170398017286,0,1,2,0.9081286158176486,0.24
4.382026397116158,1,6.7731611294794565,26.84220062045331,0,1,1,0.2715202564305467,0.24
3.874943428207583,0,1.8576639952997807,27.289546470889427,1,2,2,-1.391429471924784,0.33999999999999997
4.565766667944161,0,4.706510854210329,30.139894529861895,0,2,1,-0.05320430226885978,0.33999999999999997
3.9832433702112837,1,1.672881544173634,30.197044238951573,1,1,1,-0.30413770347858865,0.24
4.933560629536877,1,2.9479660901921547,30.39269686805786,0,2,1,0.8303928642472896,0.33999999999999997
3.6148813065597367,0,5.954477723702736,27.114396240691914,0,1,1,-0.9024884128397098,0.24
5.17465025581705,1,1.6696856958514417,29.843641712952603,0,2,1,1.1550614811524458,0.33999999999999997
4.470514747031045,0,4.363510170486329,31.327298396430155,1,2,1,0.9673870681534373,0.33999999999999997
3.9551648863399493,0,5.076844357952844,27.6856839649554,1,2,1,-1.3744009275040197,0.33999999999999997
4.3913922245302945,1,7.299874311680123,26.45953490867784,0,1,1,-0.21960308045251078,0.24
4.448990077416109,0,2.4120159890613326,32.0282428099503,0,2,3,-0.05133546987887647,0.33999999999999997
4.503895822113085,1,6.925622465647928,26.03666279934608,1,2,1,1.0059478593597344,0.33999999999999997
4.070027236010521,0,-0.08259470108705269,29.88842949134343,0,2,3,-0.6868206731304173,0.33999999999999997
4.761178721152418,1,1.6554883368121247,27.824733068440416,0,2,2,0.2076041692676956,0.33999999999999997
4.821310745504909,1,3.772679064182906,22.47530315054632,0,2,1,1.099058518684361,0.33999999999999997
4.338901811322098,0,3.134680721517442,31.385782202435742,0,1,1,0.2512693129286596,0.24
2.743921582791613,0,0.5711201402263059,19.726439111357898,0,1,3,-1.857320945115783,0.24
3.9960313498065787,1,4.067075425568265,22.047615799727172,0,1,2,-0.4945207217337529,0.24
4.347307048926405,0,4.2119993739430335,29.581990238442014,0,2,1,0.9042324039068871,0.33999999999999997
4.145005912164168,0,5.044982476373697,29.581213596034345,1,2,1,0.7793754686656666,0.33999999999999997
4.019288241116353,1,8.28262489316256,26.087260426367394,0,2,1,-2.2493906698447548,0.33999999999999997
4.0544986556452285,0,2.565018881555325,28.443466270909735,1,2,3,0.20073779061015648,0.33999999999999997
4.29167822499857,0,-0.5121017789772726,20.405709862665987,1,3,3,0.9460045606820152,0.43999999999999995
4.621515279785232,1,5.303695314465786,30.1209263934118,0,1,1,0.5389244881597188,0.24
4.30273334282057,1,8.302623520991677,28.74917646116079,1,1,1,0.6535749967454207,0.24
5.582767490562262,1,6.230358656857883,27.863071439998613,0,3,1,2.0623164204948403,0.43999999999999995
4.00753999260916,0,1.5058976077990596,28.062524446413317,0,1,3,-0.04345313958219695,0.24
4.322555680799225,0,3.9609393742329884,29.479762528579094,1,2,2,0.3047765451066457,0.33999999999999997
3.605886342404,0,0.3080584713784973,27.913295429506416,1,1,3,-0.9394955115545982,0.24
3.8032719480877364,0,7.881459650719936,22.37783349180634,1,3,1,-0.6346711229603367,0.43999999999999995
4.280911084280496,0,3.3462217536157404,34.58899670356757,1,2,2,-0.3319742378595674,0.33999999999999997
4.640270310082273,1,3.7499260444287703,31.602402458285354,0,1,1,0.849725656844782,0.24
4.010852220676146,0,-1.1457589634478573,24.145166014135516,0,2,3,-0.747608779553076,0.33999999999999997
4.350679247079687,0,5.089383565324567,26.964588308570228,0,1,1,1.2346230896017003,0.24
3.8169075259590075,0,1.183969140985988,27.29189742953188,1,3,3,-1.093166231745843,0.43999999999999995
4.24236198928212,0,3.0753481413540054,31.23654869952689,1,1,1,0.639604902921725,0.24
4.252555731097373,1,2.0898898363405736,21.522193194040696,1,2,2,0.5520665589099164,0.33999999999999997
4.043281258634747,0,2.0927934602935814,26.502975206710634,0,1,1,0.2574780873216384,0.24
5.078309986632564,1,7.544641409822072,22.71809066998749,0,3,1,0.9846386590469949,0.43999999999999995
3.9903074892963337,0,1.4793389743366405,27.144713452514985,1,3,1,-0.7425413685042086,0.43999999999999995
3.8823530887415196,0,3.1426777828533563,26.582497320745286,1,2,2,-0.4661267028606008,0.33999999999999997
4.319420411977492,0,5.87007890902386,28.239082202148136,0,3,1,-0.9633532081738034,0.43999999999999995
4.07856202956765,0,2.5262475243318914,26.18537680297245,0,1,1,0.009012004299573603,0.24
4.2483007497226914,0,3.99807008373092,25.746929825828428,0,3,1,-0.1199420868966772,0.43999999999999995
4.794789302990395,0,5.126345722205232,29.858970075289445,0,2,1,0.8564550585020141,0.33999999999999997
5.110656949802153,1,6.350601659733674,29.36401822282774,1,3,1,0.38681169057933296,0.43999999999999995
5.055410144893768,1,4.5578357641022516,29.654195028334726,0,2,1,0.6894173243859768,0.33999999999999997
3.9097107567928933,0,8.558343594559588,27.46929972852747,1,1,1,-0.19712909818586982,0.24
4.309892900196589,0,4.999122022680181,26.284784253324432,0,2,1,0.405674474911667,0.33999999999999997
4.704865662963577,1,0.9057328522468965,27.64344255393769,0,1,3,1.81273541748791,0.24
4.103971684503726,1,5.557111560732987,29.503486210205356,0,2,1,-1.3455420838698489,0.33999999999999997
3.2590359587546147,0,5.759215810681759,21.469660897084456,1,2,2,-1.8390942726092698,0.33999999999999997
4.442321011780654,1,7.116727007848377,29.182335791112575,1,1,1,0.6369130224322067,0.24
4.692629036225873,1,2.1810640111068205,28.927414562004394,0,3,3,-0.848542733564475,0.43999999999999995
4.0781530794738226,0,6.257661433814961,28.186452718257183,0,3,1,-1.3817312813799791,0.43999999999999995
5.2823173264426755,1,1.1146346148610293,27.552059734384976,0,3,3,0.5339077898464336,0.43999999999999995
4.197874012826327,1,4.4582003232897645,20.30164184220276,0,2,1,-1.0043761501451283,0.33999999999999997
4.719846930612485,1,2.3931783439288297,26.680440210698784,1,2,1,1.5390560851002069,0.33999999999999997
4.848633857276512,1,3.383476795065743,33.36831613323212,1,2,1,0.15646961397609468,0.33999999999999997
4.288948774393075,1,9.121942770311442,28.038703886704916,0,1,1,-0.20260583269436608,0.24
4.598677122359158,1,2.591937257442841,27.078130483975844,1,3,1,-0.8215804174491774,0.43999999999999995
4.677124026972782,0,3.689014574432723,28.050718586770337,1,3,1,0.2151883738310904,0.43999999999999995
4.544139523859606,1,-0.2109039020835537,29.064318605884026,0,2,3,-1.5909213386700802,0.33999999999999997
4.406279062566949,1,4.879181410494859,29.976460734068393,0,3,1,-2.468290027187743,0.43999999999999995
3.6554323782865397,0,5.767451639461921,27.313359510526176,1,2,1,-1.55415405187961,0.33999999999999997
4.840510380703653,1,4.352274771422451,29.27475880718105,1,2,2,1.1371901565286588,0.33999999999999997
4.847272780639702,0,1.8610917755932619,33.02995240828408,0,3,2,-0.9241391445750605,0.43999999999999995
3.7554746450589978,0,7.284770882293451,31.018752398298147,1,2,1,-1.4345022661376445,0.33999999999999997
4.747811001721048,0,2.8788970184371854,35.02090064757094,0,2,2,-0.08880140267108531,0.33999999999999997
4.719260320402865,1,4.46497639872632,26.02968892494485,1,1,1,2.224687628990367,0.24
4.5282022515731,0,6.222686857805929,33.02856852250605,1,2,1,1.0918946086607597,0.33999999999999997
4.0485926843871285,0,2.7077327557176227,25.627979080232215,1,2,1,-0.8004447469146592,0.33999999999999997
4.036156983840418,1,3.5565679094553393,29.06069844022139,1,2,1,-0.8184641051466727,0.33999999999999997
3.8487702574508234,0,2.6525332026189155,30.197429587714296,0,2,1,-0.7959551121142107,0.33999999999999997
3.705321375960138,0,4.908510622480699,26.467668424286583,1,1,1,-0.9102646302881251,0.24
4.620684433199789,1,3.2815614472801116,28.263892832422826,1,2,1,0.5437932981052039,0.33999999999999997
5.040523761608837,1,1.5870985928543497,30.73138330735552,0,3,2,-0.33594848539284694,0.43999999999999995
3.508447074032672,0,-0.2678762930432834,25.869187305064276,1,1,2,-1.1131398773474654,0.24
3.8896196814868214,0,2.4442150385356802,33.008150378642945,1,1,2,-1.33626712251715,0.24
4.538266151025677,0,4.105133936425846,23.846210125817954,0,1,2,2.301033609213353,0.24
5.14791303288113,0,2.5742710534897246,33.81907432818515,0,3,3,0.7387462213769611,0.43999999999999995
4.523028679981941,1,0.8515027997720355,31.003978404398776,1,2,3,-0.8560901394106828,0.33999999999999997
5.372585848405542,1,0.5685712861399901,27.730823271016664,1,3,3,1.2123594674626208,0.43999999999999995
3.9334873995764488,0,2.6101243480987986,26.791995366289804,1,2,1,-1.1523891741341,0.33999999999999997
4.356845298895446,1,7.351047942711839,26.47891521162693,1,2,1,-0.13711049344995996,0.33999999999999997
4.500085419182721,1,2.0830636851222284,27.592613079228954,1,2,2,-0.24656418765152777,0.33999999999999997
4.0600282569705195,0,8.773818571824593,27.854512415353522,1,1,1,0.18232616681675526,0.24
4.068817461618068,0,4.06695414753357,31.765678739903745,0,1,1,-0.9421022054881916,0.24
4.625280233123513,1,4.110139400867135,33.90596230115375,1,2,1,0.1284912488197047,0.33999999999999997
3.718376012965143,0,1.6623333282439026,28.598139761962024,0,1,3,-1.748379644209843,0.24
4.191447042169253,1,7.023505300998091,25.463114536031785,0,1,1,-0.37673191401876105,0.24
4.931752924877223,1,5.306860773029303,26.362821878091417,0,1,1,1.335230769649691,0.24
4.7949795609300425,1,11.670536379616289,27.450727646166147,0,1,1,1.025352484616125,0.24
3.7591134434373896,0,1.9617165093857434,24.909633684109675,0,1,2,-0.6960140932896716,0.24
3.6501153118013745,0,2.461073526061965,24.463175793677863,0,2,1,-1.525935882814464,0.33999999999999997
3.6090142211773877,0,2.9948899188385694,34.29138163711908,0,1,1,-2.1831448905128203,0.24
4.843290343396074,1,-0.2687180485683893,28.907840577838762,0,1,3,0.6174708562230246,0.24
3.8987344727451654,0,2.227004386310544,25.50060059895896,0,1,2,0.2783895326816345,0.24
4.44784364770562,1,0.2948361658010764,30.449810711073138,1,2,2,0.3856731879715925,0.33999999999999997
4.9554108973159705,1,-0.8226155943267457,24.464961625579463,1,2,3,1.6906028035597378,0.33999999999999997
4.6845102601793736,1,5.86885023075625,24.711963856386838,1,3,1,0.15289424473517607,0.43999999999999995
4.92763008287832,1,1.6804159492906923,25.590872796807265,0,3,2,0.22808212606494668,0.43999999999999995
3.806948490148202,0,5.774337253253608,32.9635398425951,1,1,1,-1.3973795917137353,0.24
4.630542269046115,1,1.416750378347544,27.241359802664878,0,1,2,1.6239370691663522,0.24
3.739884468215903,0,6.505421202212149,20.67487903929254,0,1,1,-0.16395781876286394,0.24
4.23802939379007,0,3.8665830358285094,31.63019779952678,1,3,1,-0.8168760877121736,0.43999999999999995
4.436984106821809,1,3.8885729109050247,27.080855907512927,1,2,1,0.20785664336746804,0.33999999999999997
4.726137389353837,1,5.699093972329189,22.451775982364783,1,1,1,2.000311612340366,0.24
4.901720938474126,1,8.882222951012045,27.04994953610977,1,1,1,2.135199189769899,0.24
4.0818922177738255,1,3.736274266197875,29.563011689814708,0,2,2,-0.9703995756076685,0.33999999999999997
4.395665008541789,0,6.326939349792825,29.212147499598906,1,1,2,1.1753716080206065,0.24
5.320390037587699,1,4.472512327542774,33.39524493749445,1,3,1,0.335731454937188,0.43999999999999995
4.1314697485658956,0,7.061694160987489,25.44169641229021,1,2,1,0.98759218424679,0.33999999999999997
4.450472731416957,1,4.775253035312924,28.140160360794916,1,2,2,0.2767163089199017,0.33999999999999997
4.869569860018573,1,3.58651257779438,25.901292164264735,0,2,2,0.6148848880812876,0.33999999999999997
4.436964642968466,1,5.158186993732776,23.373421317438332,0,1,1,1.321305248578767,0.24
3.95134507000017,1,3.834631978235432,30.656582116917864,0,2,2,-1.7491697409295013,0.33999999999999997
4.997563911819555,1,3.594793345969529,29.389808707442562,0,2,2,0.36037397531728566,0.33999999999999997
3.7655522041533835,0,4.381783967093817,28.85103534909656,0,1,1,-1.1695121972813785,0.24
4.280994087296781,0,4.8359350009091395,29.280370579775933,0,2,1,-0.4635992993638447,0.33999999999999997
4.240078131841437,0,5.854370941022284,25.94358144193474,1,3,1,0.0009712844539795156,0.43999999999999995
3.6649426783523325,0,-0.26929691629235974,24.98291473804542,1,1,3,-1.0078320523486117,0.24
3.816384146560753,0,3.9174808525377776,28.11294211650808,1,2,1,-0.5813877965366484,0.33999999999999997
3.953584234937623,0,7.067225675292942,31.483634207234843,0,1,1,-1.4007164612340683,0.24
4.901032704970651,1,-0.13698366003814733,32.82423140636064,0,2,3,-0.5932799607392092,0.33999999999999997
4.020464891365873,0,1.4514316155514706,30.3862981204223,1,1,1,0.511851511258156,0.24
4.793080583501061,1,-0.6394895942488601,28.08752328030429,0,2,2,0.8654526587190183,0.33999999999999997
4.006349299964115,0,2.8394264126074455,28.80935178819981,1,1,1,-0.7693787522488436,0.24
4.752250915686068,1,1.991756518813495,28.034781577976116,1,1,3,1.327791337426248,0.24
4.536426322647188,1,2.5522649143548657,24.922169980901714,0,2,3,0.5773842243667222,0.33999999999999997
4.401538728124035,0,1.8620082716581061,28.07394213463163,1,2,2,1.4333890716484394,0.33999999999999997
4.250945018576996,1,4.71445670210718,23.99551954723452,0,3,1,-1.770777876088075,0.43999999999999995
4.614205614840971,1,3.6606301324458785,27.62776832169088,1,2,1,0.31125087558144526,0.33999999999999997
4.719908296402769,0,3.1167170198895113,32.908315331788955,0,2,2,0.6112131480967128,0.33999999999999997
4.597873532839883,1,6.3566937706380635,30.468577668350054,0,2,1,-1.718524070990591,0.33999999999999997
4.63281914692812,0,3.560970835983288,25.23064244729041,1,1,2,2.414247891604123,0.24
3.6221002667770903,0,3.246897074470346,27.782712791073152,1,1,2,-0.636562542415029,0.24
4.146648689753291,0,1.3419711551264462,25.496871064735785,1,1,3,0.5438586904362106,0.24
4.617372814745365,1,3.9922126191369642,27.81245869546837,0,1,1,0.9267441835025471,0.24
4.035013667991422,0,1.4603622700091217,31.12332344957369,1,1,2,0.10118288488733676,0.24
4.9988553930458055,0,4.122420654141623,29.95902381492971,1,3,2,1.3858280724602052,0.43999999999999995
5.982524280543395,1,2.035744801090039,35.45243224223601,1,3,1,1.9952132009853538,0.43999999999999995
4.668365513754958,1,0.8680636692268285,31.577432207522715,1,3,3,-1.1096116539225072,0.43999999999999995
4.268854058825094,0,3.933268164501371,28.612001143233073,1,3,1,0.11614607122441208,0.43999999999999995
4.8832429326908,1,4.147784893146971,30.03144992239988,1,2,2,0.9156768561104869,0.33999999999999997
3.5262954551141448,1,1.2133492760113969,27.392670477449993,1,1,3,-1.633038713408516,0.24
4.484131923431635,0,4.84195543758656,24.61748725874051,0,2,1,1.0642732840174398,0.33999999999999997
5.760999217097652,1,6.579410481637594,31.917329734862562,0,3,1,1.7065357041242148,0.43999999999999995
4.730021495974145,1,4.108280330148822,31.026974430794944,1,2,1,1.2838868623433726,0.33999999999999997
4.692703210638849,1,2.7728268017816977,27.276837356218106,1,2,2,0.43844488701934653,0.33999999999999997
4.636864057480304,1,4.270950720861348,28.821807210794013,1,1,2,1.5394596354665748,0.24
4.849034508445164,1,2.740775276382528,31.722817562154418,0,2,1,0.3574512753341081,0.33999999999999997
3.631967633973774,0,3.056523523024347,30.53905427861806,0,1,2,-1.3196167481753767,0.24
3.5629411574810597,0,1.0146922394527578,23.610696246250903,0,1,3,-0.5218945393771243,0.24
4.724553094436892,0,2.539483242626576,28.73086006446947,0,3,3,-0.25562410801608837,0.43999999999999995
4.183072078245569,0,2.893904258858918,27.497105423534908,0,1,2,-0.06395037383143178,0.24
4.6828853211207395,0,3.409186219339074,31.339002097416042,1,3,1,-0.0942297563170411,0.43999999999999995
4.0245816369134,0,2.3487510541504837,31.093128216347985,0,1,3,-0.3382503214232219,0.24
4.8832428506000705,0,0.09907203351986116,31.955823484534136,1,3,1,0.21884352396189993,0.43999999999999995
4.913596588041436,1,6.524700973190887,24.646316983839377,0,2,2,1.5042363041335034,0.33999999999999997
4.31829307495466,1,2.083460881469532,25.647665397831283,1,2,2,0.21411251446994345,0.33999999999999997
4.144020535182266,0,5.215083808320193,31.342247308406314,1,1,1,0.6287164818248245,0.24
3.395823530734634,0,5.638924592126814,26.225062553972663,0,2,1,-2.193921492855155,0.33999999999999997
4.047581755554925,0,2.464646446148679,23.435701057257077,1,3,1,0.12597718475777786,0.43999999999999995
4.4618585592794,1,2.6100602094789656,29.597789462842197,1,1,1,1.0868348046605083,0.24
4.527615157443747,0,1.6054077016245358,26.35834467920208,0,1,1,1.2468500679642167,0.24
4.9521736190426875,0,1.1878201352829492,33.3693723109252,1,1,3,1.1451024649965629,0.24
4.438397868418068,1,7.122070809731865,28.88855366196539,0,1,1,0.30341157182168993,0.24
4.064065650333738,0,4.23357074259531,28.480777859924995,1,1,1,0.41393523181298186,0.24
3.6141198856129124,0,5.695391660355234,26.892268325152727,1,2,1,-0.6727212318446706,0.33999999999999997
4.543341543292959,1,6.957667789787132,32.77250600178091,1,1,1,0.8450183428948844,0.24
3.9104358373831913,0,1.7517986440439235,29.07566337966946,0,2,1,-0.6673938189323864,0.33999999999999997
5.205010356167584,1,8.691130850758553,26.77450144553138,0,3,1,0.6808942171283918,0.43999999999999995
4.823354306593562,1,7.314640774862535,25.617748880183658,0,2,1,0.041512943143917666,0.33999999999999997
3.931305612578896,0,6.027785435520852,27.779580836307346,0,1,1,0.014941585539522004,0.24
4.763267319582753,1,6.848189061072145,25.067059488535584,0,2,1,1.0012418719963017,0.33999999999999997
4.385423807859181,0,2.0551409359443173,31.08663232503683,0,1,2,0.5612069435201517,0.24
3.86603678845895,0,5.585279773179624,22.5749738379273,1,1,1,0.2825974174594466,0.24
4.0355514189930135,1,7.856555905785139,27.581457915000787,1,1,1,-0.4977267980643674,0.24
5.829381969007354,1,2.5860024210129815,29.830400635263803,0,3,3,1.6023132348898323,0.43999999999999995
4.678832388538277,1,4.130662067034644,29.026358260328973,0,2,2,0.3329634731071918,0.33999999999999997
4.591557015781103,1,7.64328560250012,25.84815108095299,0,1,1,0.7473873270408589,0.24
4.33403890486279,0,-0.3823995121184227,29.980776120119646,0,2,1,0.08094711093703945,0.33999999999999997
3.518693711078507,0,1.932109414328709,25.341881834842276,0,1,2,-0.6937323028467162,0.24
5.257119171804662,1,1.8748166993183912,27.93284603050957,0,3,2,0.3549454194342887,0.43999999999999995
4.550062001845229,0,1.5831172682311148,29.955524715941067,1,3,1,-0.5957658640463948,0.43999999999999995
4.452268563849509,1,5.563640172033168,29.38873833847934,1,1,1,0.4377778074794451,0.24
2.9246377892243824,0,1.4362838382650596,25.974882965741596,0,1,3,-3.265301280016069,0.24
4.038602384531581,0,3.1910531081599123,31.59248354969309,1,2,2,-0.4008139519942132,0.33999999999999997
4.732790297324863,1,4.810001407178498,28.260083714456602,0,2,1,-0.014348690601181505,0.33999999999999997
3.456102386312729,0,3.1073436616594137,30.228986232817455,1,1,1,-0.9544283758629131,0.24
5.109260167384904,1,7.219327327202902,32.58730302001974,0,2,1,0.36378218391841105,0.33999999999999997
4.0782783368879025,0,4.16326995202099,31.35256164632382,0,1,1,-0.4222237550158616,0.24
4.740338202860161,1,2.0156120592607456,31.36038821899313,0,2,3,-0.005909585471900735,0.33999999999999997
4.042479872642354,1,7.628095246968197,28.578039789548416,0,1,1,-0.551525681837941,0.24
4.685079717357768,1,0.8889906417408764,30.38180536273153,1,2,3,0.9719109925521373,0.33999999999999997
4.677109366841107,1,5.016098495945655,28.640789723692947,1,2,1,0.545971837296784,0.33999999999999997
4.427299939438524,1,4.009345709913321,24.37202659666476,1,2,1,0.29790595695767685,0.33999999999999997
4.350249656694031,0,4.455640710924552,28.908231377515126,0,2,1,0.06199083480972504,0.33999999999999997
5.451855071861617,1,1.8987368238288993,28.769082951215395,1,2,2,2.5306320933062327,0.33999999999999997
3.9993216237742546,0,5.913551768140559,29.751188084565456,1,1,1,-0.1574097776840438,0.24
3.829071163062141,0,3.6835495853735623,27.616009074359816,1,1,2,-0.6968863726545788,0.24
3.263559455316157,0,4.314841045036965,25.71563332970845,1,1,2,-1.1730608577715664,0.24
4.253798063712133,0,5.860519255164932,29.96951824952568,1,1,1,0.9053551128643542,0.24
5.004901352656022,1,2.3140634775638382,24.060183138243257,1,2,2,1.6312188190699126,0.33999999999999997
4.0601608860212135,0,9.593521641044415,32.376457407569404,1,1,1,-0.8480560262756093,0.24
4.029863925725018,0,1.096139525530056,27.305745816385024,0,1,2,-0.28489667884980874,0.24
4.37221194870221,0,8.465188532052563,28.736584516168506,0,3,1,-0.35943020026117056,0.43999999999999995
4.056120811954266,0,6.236030730044503,29.675674459844714,1,2,1,-0.12409682688976757,0.33999999999999997
3.9688271142204137,1,2.731965901812003,29.772064134532574,1,2,2,-1.767772131504715,0.33999999999999997
4.466292655335091,1,4.389030047846717,23.773047100144794,0,1,1,0.8067261939570111,0.24
4.373264019100485,1,1.2464341788141995,30.47225974163279,1,1,3,1.1902441481706256,0.24
4.0433620445961385,0,1.8103757466311503,28.90946148512882,0,2,3,-1.9045545039380627,0.33999999999999997
5.117916299662087,0,5.0353761298367985,26.094215846324172,0,3,1,1.7579350736455062,0.43999999999999995
4.895198461758471,1,3.92947459097932,25.750999147162258,0,1,1,1.6175380919147955,0.24
3.271126302416395,0,3.0250170651979014,26.997840753829465,1,2,2,-3.0698506847002465,0.33999999999999997
4.109387245474459,1,0.3545792084692523,24.103774940168524,0,3,3,-2.173318223424589,0.43999999999999995
4.575129878016659,0,3.1387939366775135,33.16680217296108,0,2,1,-0.13292984508764358,0.33999999999999997
5.202827152044982,1,2.1379131274864944,32.45845397543003,0,2,3,1.3160404153661016,0.33999999999999997
4.622352547170275,0,1.128728888910693,29.355100602927816,1,2,3,0.28977075394576457,0.33999999999999997
4.30213114815589,0,7.009911028891649,27.32980475097373,1,3,1,0.0213843668315621,0.43999999999999995
4.7111831712153585,1,2.916312569933872,27.408676036187813,0,2,2,0.5736620620666372,0.33999999999999997
4.181460399131955,0,4.889128641751616,30.274197118521904,1,3,1,-0.8080942092649501,0.43999999999999995
5.028398413210727,1,1.8353952117786656,33.27348069850585,1,2,2,1.2773597133614718,0.33999999999999997
4.944711378756858,1,6.260727819053596,26.28880978120977,0,3,1,-0.10361664599741714,0.43999999999999995
3.6145961117221,0,2.075336781710399,24.647241872130028,1,3,1,-1.6330280186931359,0.43999999999999995
4.61462550523316,1,1.0116806138474361,32.642922320785814,0,2,2,-0.7954776830562419,0.33999999999999997
4.343083227450121,0,4.488512571425691,22.638584237246647,0,2,1,0.3690086358243869,0.33999999999999997
4.412439705950442,1,3.701845794082466,24.97440757524206,1,2,2,-0.2896793514431764,0.33999999999999997
4.181418530030091,1,0.22781975493753992,27.25942632246744,1,2,3,-0.39326411453221405,0.33999999999999997
4.943928725104322,1,0.02092581692918305,23.31869959658491,0,3,1,0.20293273794733302,0.43999999999999995
4.401944435583986,1,3.6861416105010614,31.336447188419793,0,1,1,0.3586244426779137,0.24
3.6842484964701265,0,3.716288461689589,30.5707158115153,1,2,2,-1.2303811573480583,0.33999999999999997
4.721838981530262,1,5.124504918870406,26.275620318354047,1,2,1,1.2234916835555716,0.33999999999999997
4.4965452622869195,0,1.7032017113403755,31.83884235753324,0,2,3,-0.1311217558858988,0.33999999999999997
4.609606319419982,0,5.184733122890368,32.34787728521148,0,2,1,0.41968633120911647,0.33999999999999997
4.418076357770102,1,6.166685101711077,27.66048805512981,0,1,2,0.09738192299248424,0.24
4.05286664489606,0,5.228067776888821,26.647995467295978,0,2,1,-0.4101167439555674,0.33999999999999997
5.093534961036446,1,7.848178193560953,34.77880608322744,1,3,1,0.9116437157322783,0.43999999999999995
4.453929151390784,0,3.039942845575911,30.163485466252464,1,3,1,0.08116920689853675,0.43999999999999995
3.9323550165928083,0,4.74471986104211,28.76897395890656,0,1,1,0.07331759870293683,0.24
3.6083955929766818,0,3.8132008628359237,32.090637839918834,1,2,1,-2.4886937075672746,0.33999999999999997
5.04334323351968,1,7.502502956685473,28.905791905009064,0,3,2,0.8199519873964188,0.43999999999999995
4.440594737643066,1,4.442664110234847,26.483138242242436,1,2,1,-0.17053365847745441,0.33999999999999997
4.741705010378634,0,4.540971625812727,28.24047928146266,0,2,1,0.7549323998094809,0.33999999999999997
4.4899317833232075,0,3.5904672734995065,31.115962861959204,0,1,1,1.6449613308479023,0.24
4.281900270162024,1,1.8183685647918515,22.02344330095236,0,2,2,0.8233665715972965,0.33999999999999997
4.417982597961557,1,4.453645269040131,27.135907781682338,1,2,2,0.05415132643164642,0.33999999999999997
4.930934650009033,1,0.9573096976336553,32.14917219574482,0,2,1,-0.28642711509078983,0.33999999999999997
5.344335840625033,1,0.18006611344720003,26.464394796719446,0,2,3,2.52572319226632,0.33999999999999997
4.952930842928983,1,2.2421627661792973,32.638325681294226,0,2,3,0.4833853138086508,0.33999999999999997
5.053734065572474,1,-0.5383531304670832,32.24423145807944,0,3,1,0.2096300881530726,0.43999999999999995
4.343811239596602,0,3.795276490877998,27.803412653533147,0,2,2,-0.1829398791921355,0.33999999999999997
4.026357864266345,0,4.245672477617572,26.294382085332998,1,2,1,-0.8965567643040447,0.33999999999999997
3.5912837089869067,0,1.1821732657708652,27.137923377551097,0,3,3,-1.9506868330255778,0.43999999999999995
5.690115428006848,1,-0.5015037290397151,35.9938434760043,1,3,2,1.5211762907551794,0.43999999999999995
4.779083762225854,0,1.7426459542336392,33.623273340799734,1,3,3,-0.7793830668599554,0.43999999999999995
4.020870000273992,0,6.696325746460868,28.376172915420216,1,2,1,-0.19031555284991938,0.33999999999999997
4.338347393059308,1,1.9754119366969718,26.175539345138773,1,2,1,-0.10605847628658058,0.33999999999999997
4.392298273307289,0,0.5909666797908667,28.35112310674379,1,1,2,1.4331079305455219,0.24
3.695412359738074,0,4.114421454340703,28.731480779850294,1,1,2,-0.7662919054877166,0.24
4.3552609665914614,0,1.854345725099669,24.269923787171937,0,2,2,0.2573487513832925,0.33999999999999997
4.92588738040871,1,2.3937009080193095,28.24012380764578,1,2,3,0.5121633395741857,0.33999999999999997
3.4773401448564423,0,4.028263691094569,31.96721297443519,1,1,2,-1.384452482132051,0.24
4.08640001523852,1,3.819675569277983,22.60192995635058,0,3,2,-1.478464181254987,0.43999999999999995
4.39640859281214,0,7.245959880165785,30.479751895411745,0,2,1,-0.7150195429713834,0.33999999999999997
4.859367894384506,1,3.180000794772762,32.12439391016434,1,2,1,0.2436699580746205,0.33999999999999997
4.1663707882790515,0,-0.7752277002922385,26.318327964716897,1,2,1,0.1164901809228325,0.33999999999999997
4.662883364115052,1,4.10518556166549,33.08252727457317,0,1,2,-0.11908256328907835,0.24
4.896584619961486,1,5.877470080114952,25.928988812654964,1,3,1,0.652385999557746,0.43999999999999995
4.221301371170887,1,6.009128550668931,29.32324798558121,0,1,1,-0.856795611649463,0.24
4.154005080716066,0,2.814074417389451,27.07968194600911,0,2,1,-0.17054480643604644,0.33999999999999997
4.375686045036254,1,0.6630037365475212,27.07901092851219,1,2,3,-0.11354248563475942,0.33999999999999997
4.134183441909305,1,7.30087303947228,26.148102790725865,1,2,1,-0.8297876177467686,0.33999999999999997
5.224191759856028,1,5.486414614808526,30.09572644258606,1,2,1,2.301694951280328,0.33999999999999997
3.649511972640909,0,4.76508788532448,30.546416373194347,0,1,1,-2.160437988748396,0.24
4.357185256447751,0,5.441853324228329,27.806733401268435,1,1,1,1.2406808322122653,0.24
4.396101526786875,1,8.0170110600246,23.92009535898318,0,2,1,0.8000722127092585,0.33999999999999997
4.422469962897179,0,6.4473764541051395,29.209510499903168,1,2,1,0.8082876048553111,0.33999999999999997
4.735163414406255,1,4.0507096052296845,29.26604307823208,0,2,1,0.09584853478153166,0.33999999999999997
4.9370879352853025,1,0.11291579878814306,27.349854965840716,0,1,3,1.3335785733889212,0.24
4.292568610607041,1,2.7182336657365114,33.60169386154242,1,1,2,-0.44835959709633827,0.24
4.5376094585240025,1,3.1520639787315425,23.308212205298037,0,2,1,0.39243919149506556,0.33999999999999997
4.167852973555467,1,4.205377207882205,21.348148869239296,1,2,2,0.07320042549538541,0.33999999999999997
4.359008348438529,1,3.1926193426648486,25.807495300906986,0,1,2,-0.2323109049289033,0.24
4.263893693964518,0,3.1852761935487455,30.131273602274348,0,2,2,0.1218520060187791,0.33999999999999997
3.5392553925028696,0,5.7713718533609955,24.832466087698478,0,1,1,-0.9487590882876138,0.24
4.01585936535722,1,2.523205878125501,25.057087244421773,1,2,1,-0.6640326001344216,0.33999999999999997
4.9588490854867135,1,3.9359624736938486,30.853064008534464,0,1,2,1.5803137533960019,0.24
5.499789410974878,1,7.057736629431699,29.38764376839325,1,3,1,2.8815978084487095,0.43999999999999995
4.622318901018144,1,4.392428797875212,29.1311827288852,1,1,1,0.5199553295976828,0.24
5.069610007537499,1,3.9694398836782687,30.344286758396585,0,2,1,0.833558045314574,0.33999999999999997
5.039639402315405,1,1.9549723727303254,26.72442114018135,0,3,2,0.2520314851910502,0.43999999999999995
4.495014206373166,0,4.043162666922698,26.863047777825425,0,1,1,0.45505455896592295,0.24
4.383003211778663,0,9.423707913570215,30.429337817684274,1,2,1,0.5437918577045614,0.33999999999999997
4.337292338083953,0,1.3076377087627689,23.9653396576564,0,1,3,1.0354284330945405,0.24
4.5670195055076634,1,0.21632362935457417,21.57184046080436,0,1,3,1.5369498175386869,0.24
4.540593651745041,1,8.176831716666156,26.70014747911644,0,2,1,-0.8844141385743108,0.33999999999999997
5.88165704300745,1,3.861876333425787,30.792619867197075,1,3,1,2.827798523901864,0.43999999999999995
4.15343872934838,0,3.4178885022555234,28.76667909696041,1,2,2,0.13826896092380012,0.33999999999999997
4.723773095915261,1,6.350775212172142,30.571874512369046,1,2,1,0.1385960662032105,0.33999999999999997
3.6266629572342346,0,3.1864905129427052,21.951117068730504,1,2,2,-0.41290934234534993,0.33999999999999997
4.154532799232753,0,4.2875770461517755,28.946490424970474,0,2,2,-0.40908202095079593,0.33999999999999997
4.580949265010445,0,4.903634146043219,29.961593513927134,0,2,1,0.616370903729376,0.33999999999999997
3.9106611612344166,0,2.6602777873355623,23.947607732167945,1,1,1,0.6371566726973005,0.24
4.354791858832497,1,4.952564474926193,30.586172771639635,1,1,1,0.5652236712360638,0.24
4.146404451230265,1,2.6433165988330356,27.665443310482623,0,2,2,-0.454835663145509,0.33999999999999997
4.634812813703429,1,8.435560132383996,37.21401010481801,0,3,1,-2.7011832631028403,0.43999999999999995
3.3798991562149756,1,2.824301768111423,21.468291793309792,1,1,1,-1.7955335990913182,0.24
4.9039097283665685,1,4.499082792008145,32.10734310302425,0,2,1,0.013287851627688873,0.33999999999999997
4.427533788279212,0,3.9503778315494387,26.81752571042178,0,1,1,0.33588133752025845,0.24
3.3510951117146925,0,-2.1414832924574974,23.14854485667987,1,1,2,-0.41969577819675136,0.24
4.09606082238079,0,1.9563832473783598,26.419134569305022,1,2,1,-0.6929022299272286,0.33999999999999997
4.804432141204421,0,0.5430394018924606,28.832437724012397,0,2,2,0.29669320911200453,0.33999999999999997
5.027897750879105,1,1.615966883862729,31.11240000869513,0,2,1,-0.10763128795087822,0.33999999999999997
4.402945288212057,1,2.123390918669792,33.165892864396525,0,1,1,-0.47649267824968017,0.24
4.146584713875418,0,-0.6443817330203072,32.265679266113025,1,3,3,-1.6155058524534813,0.43999999999999995
3.436329413155664,0,6.22394587376739,25.103853937886516,1,1,2,-0.8439345975905111,0.24
4.4979003112860285,0,0.7361400403792078,31.39049407679835,1,2,2,0.9325924501331961,0.33999999999999997
4.328399564810447,0,5.129991747199613,29.17385487136262,0,2,1,-0.9626328081996482,0.33999999999999997
4.505767772124399,0,7.693772008056969,26.036190937213036,0,2,1,0.6636544746612901,0.33999999999999997
5.288128597966511,1,4.363644577647456,27.364268219567556,1,3,2,1.3864040983763448,0.43999999999999995
3.7877551536111187,0,0.2192490331000213,25.87047202166583,0,2,3,-0.7910622181337352,0.33999999999999997
3.60117323086053,0,1.5310598149475698,28.11127702580937,1,1,3,-0.4446538390520206,0.24
4.294967469139266,0,1.1614546649066,25.81102635311764,1,1,3,0.9873499719338419,0.24
4.6189014022320976,1,2.377746100537162,24.916017780347683,0,1,1,1.2328317503066524,0.24
3.78367055140922,0,1.6480457098112677,29.437357383348317,1,1,3,-0.6447946328289008,0.24
4.368371273924425,0,1.3027312871772656,29.88619164477891,0,3,3,-1.621327843859338,0.43999999999999995
4.627318111298767,1,5.689437895033841,27.437208999725165,1,1,1,1.2548764115873359,0.24
4.5527928875332835,0,4.926483169910593,32.102953911807916,0,2,1,0.5838575767823062,0.33999999999999997
3.940412626787676,0,4.419066705546709,27.218708240514662,1,2,2,0.4006297258728709,0.33999999999999997
4.6689977320610865,0,3.1766464962065015,27.091676364623385,1,3,1,0.9155921472883846,0.43999999999999995
4.313130649253313,1,3.6139623465066997,29.98146694703709,0,2,2,-1.1851086019339763,0.33999999999999997
4.7166723780316975,1,0.4891677963293378,27.60272324516999,0,2,3,0.39119903557923325,0.33999999999999997
3.9938818258360835,0,0.7546567026950705,28.25439318707843,0,1,3,-0.28526652554865306,0.24
4.657389770967974,1,1.6267534333205995,20.438684588142806,0,2,3,0.6027558196768243,0.33999999999999997
4.558637357223672,1,5.672842325939788,28.050122154213923,1,1,1,0.7990383682725635,0.24
4.944447737635428,1,6.4938138055924775,22.518412187586218,0,3,1,0.976553309695453,0.43999999999999995
4.077948093353583,0,1.5508285845776795,24.337148287003387,0,1,2,0.5985609757355548,0.24
4.2581186755541856,1,4.606559149298611,23.994032383733487,0,1,1,0.2506832648255937,0.24
4.616569178165113,1,6.830636630848755,24.87225053939852,1,2,1,0.28416257069736733,0.33999999999999997
4.530144428048696,1,6.505503466566033,26.35343842110324,1,2,2,0.36676428502176817,0.33999999999999997
3.9535431877156633,0,4.821587869586939,26.540522153363543,0,2,1,-0.6243058513063586,0.33999999999999997
3.997761021849022,1,4.613208397678602,29.992825612771377,1,1,1,-0.3704964146036378,0.24
4.0912132455052115,0,7.072799378082173,28.667163442404092,1,1,1,0.4023366427484286,0.24
3.8302388628208766,0,0.6846681175571079,22.29677671354604,0,1,3,0.6504799857754294,0.24
4.018411717042387,0,2.8837405641454006,28.249883912640424,1,2,1,-0.6509928628160223,0.33999999999999997
4.092701122358502,0,8.494501617261031,28.954765739750282,0,2,1,-1.0766319820247496,0.33999999999999997
3.9267387774707636,0,-0.822463660007146,27.014300451241127,0,2,3,-1.6752990873112694,0.33999999999999997
3.7310495731248383,0,6.628847943375001,27.817342069279892,1,2,1,-1.2613352932595918,0.33999999999999997
4.321529970076939,0,3.5993456739457157,28.57093037619117,0,2,1,-0.5395573632282343,0.33999999999999997
4.572438549587285,0,3.8067616104911726,30.293798792906742,1,3,2,-0.4466152320154794,0.43999999999999995
3.789975473374991,0,7.827564807718707,23.275360037611797,0,1,1,-0.2828367778074361,0.24
4.237125154299276,0,5.586413742157661,27.267048884081053,0,2,1,-1.2050184119356202,0.33999999999999997
4.048026705336556,0,1.4082577060162547,32.52500829417318,1,2,3,-1.8125423575709303,0.33999999999999997
4.128557911181311,0,4.015301638426396,32.24998392489387,1,1,1,0.1265633818182017,0.24
5.097394026688454,1,5.888894722665849,30.55281078332734,1,2,2,0.12696841281588325,0.33999999999999997
4.356768613293545,0,2.826239074603578,29.610474051867026,0,1,2,0.6213357417194139,0.24
4.8926420993164,1,4.121139079435337,32.963904245206265,1,1,1,0.8150380177484688,0.24
4.989662086149974,1,4.165764608648509,33.75354400482,1,2,2,0.3923580717281271,0.33999999999999997
4.400547820706141,1,7.367608433155366,27.61276003585944,0,1,1,0.11466763552849865,0.24
4.50371257948309,1,6.736673788574778,25.09170267013504,1,1,1,0.8760060615353292,0.24
4.559301075873596,0,1.772686037811212,27.189123047126515,1,2,2,1.4240589917261128,0.33999999999999997
4.550038497281187,0,4.317238445900957,37.29008654131616,0,2,1,-0.6766762281883201,0.33999999999999997
4.088744296456361,0,2.579158754164995,23.291930971824417,0,1,2,0.7702606714562493,0.24
3.670590971173681,0,4.5122129207412165,26.588382581411746,0,1,1,-0.6241766871306335,0.24
4.163802415849346,0,5.158732026783066,23.761926542522104,1,2,1,0.2190344112800045,0.33999999999999997
4.8806147603102445,1,2.0106253613876826,28.374291588632158,0,2,2,1.0695397004861662,0.33999999999999997
4.559016452434028,1,3.9468637585648607,24.391926913315398,1,3,1,-0.2736677326017231,0.43999999999999995
3.8010866237602565,0,0.4918179567345914,27.673746931499146,0,1,3,-0.9520768632941848,0.24
3.6108336104800625,0,1.4768507810480465,22.14971451994372,1,1,2,-0.4592119890130379,0.24
3.904765163898759,0,0.5730383375415098,29.85286199525395,0,1,3,-0.9530482140425021,0.24
3.970832692109081,0,1.946642794468369,31.667035769403924,1,2,1,-1.0742127926461538,0.33999999999999997
5.006580121651305,1,1.1543586059858366,26.848169133809623,0,2,3,1.2065733980304039,0.33999999999999997
4.678783458176422,1,3.275271691131138,27.594609978772894,1,2,2,0.5323708348920748,0.33999999999999997
3.7503609369177053,0,3.695992696810577,27.509778307806062,1,2,2,-0.7195537148629231,0.33999999999999997
4.205325737108122,1,0.3468138465829762,28.542732025675075,1,2,3,-0.9843915604519892,0.33999999999999997
4.410147245982093,0,4.917155255934439,27.885491239100716,0,3,2,-0.9154067411518478,0.43999999999999995
4.607890510483299,1,1.1152582552008101,30.304350857292082,0,1,3,-0.7197267610394331,0.24
4.46462209944503,1,2.9717395489912914,31.699117400352836,1,1,2,1.1526582120951097,0.24
4.069021937020547,0,3.432003140809894,25.557786332523452,0,1,2,-0.11008997367746254,0.24
4.948952503470729,1,5.648826941697072,27.072014521677108,0,1,1,2.1316143793996107,0.24
4.824524473196854,1,4.335497900386224,30.704858346774234,1,3,1,-0.039739208030507046,0.43999999999999995
3.8898584116528854,1,0.6253793780032222,23.734992855822902,0,1,2,-0.5756448182741095,0.24
4.481760639700348,1,0.4902936158167659,22.08783615446329,0,2,3,0.9277692231460491,0.33999999999999997
3.278566851366124,0,3.22858423823211,28.678947858695437,1,1,2,-1.6701423855430897,0.24
4.288779638072934,0,2.95134031188995,29.489039233211475,0,1,2,0.1884483546263499,0.24
4.135492347571661,1,4.976349235993153,25.83309943613922,0,1,2,-1.212174167372697,0.24
3.261462185940872,0,7.876878072773726,26.264046837638634,1,1,1,-2.1821300099977057,0.24
4.176412597247531,0,6.862293401151139,25.719423034777304,0,2,1,-0.11764771412826441,0.33999999999999997
4.816858029515105,1,6.311599334375479,25.399224281966696,1,3,1,0.8347762513433552,0.43999999999999995
4.32865250767599,0,4.127894388255974,30.0804874618138,0,2,1,0.2139259670200002,0.33999999999999997
4.344316321325289,1,0.7109493703892488,24.458504539007084,1,2,2,0.09373537295348577,0.33999999999999997
3.1261439534816073,0,1.0552268831137908,27.203431415699953,0,1,3,-2.5987811708350432,0.24
4.92617477091135,1,4.813291257427909,25.283991497455442,0,3,1,-0.15496361504599276,0.43999999999999995
3.9915179101863076,1,2.736896666505442,23.634133072296354,0,1,1,-0.14518865946091403,0.24
5.130387299696448,1,2.06068737390276,30.61053452424031,0,3,1,0.6212617842511813,0.43999999999999995
4.09218838197763,0,1.539374787192135,26.440524333479384,1,2,1,-1.0581314963866693,0.33999999999999997
4.81199178086181,1,6.314786375087689,28.56532024126227,0,1,1,0.8296557273997315,0.24
3.5917184945247658,0,2.5892833695939714,23.47577236059697,1,2,1,-0.5093776786082543,0.33999999999999997
4.016585147197951,0,5.618820641431876,25.77418163873057,1,3,1,-0.29929978845441263,0.43999999999999995
4.4325609172849,1,0.8720070807280685,30.268263642085017,1,1,3,0.5279394797054283,0.24
4.107128544192041,0,6.179275817552273,35.761814367535926,0,1,1,-1.1894256447059588,0.24
4.222011341328548,1,4.367900653667187,22.071351806829064,0,1,2,0.8242063839985788,0.24
4.253952241659309,1,0.05565719019010218,27.39667661413172,1,2,2,-1.354641497356342,0.33999999999999997
4.479971744847208,1,5.260906850418434,29.2368417944305,1,1,1,0.6551754926653098,0.24
3.9814058044406777,0,1.4893761967711536,26.15169954028215,1,2,3,-0.23547107861045957,0.33999999999999997
4.930087237797018,1,3.196079567567172,30.548565960982373,0,3,2,-0.15376979058753343,0.43999999999999995
3.142706121370396,0,6.960165570915726,25.39980198801906,1,3,1,-3.0651387724171473,0.43999999999999995
3.942170227326121,1,4.153852493516004,28.461542980649924,1,1,1,-0.5907583802424837,0.24
4.027250717073122,0,3.050610605907824,26.43378428650492,0,2,2,-0.21022213263292483,0.33999999999999997
4.408600542633725,0,2.1697498006849876,31.658293248864318,1,1,1,1.54862426565571,0.24
4.689475953032752,1,5.5480892076896255,25.970906490893185,0,2,1,-0.03591971566296419,0.33999999999999997
4.390849908572722,0,3.7788368057090778,26.94437861114045,0,3,1,-0.6529682220007946,0.43999999999999995
4.8257569873585995,1,4.046302681684195,30.837067112491464,1,2,1,0.8336582055381897,0.33999999999999997
4.831901747849251,1,4.521745155484332,24.91588402272141,0,3,2,-0.5051638275318912,0.43999999999999995
5.198517741201113,1,-0.11106307797905424,28.206250170290716,1,3,3,1.0322124784043658,0.43999999999999995
3.7429551759730595,0,0.9432998839706552,22.532396968940194,0,1,2,0.26134938955652864,0.24
3.648253909374471,0,6.364714025826519,24.736199624112775,0,2,1,-0.8995566712901999,0.33999999999999997
4.724581333361558,1,-0.6003696944634487,29.146393827672412,0,1,3,0.9378655390099649,0.24
4.293108602686602,1,6.7184543150991205,25.027907471391302,1,1,2,0.6010362166022803,0.24
4.33311486589989,1,3.641932383119465,26.366281204528626,0,1,2,0.8957074233602267,0.24
4.440480945945629,0,5.866133372959941,29.479259206143812,0,3,1,-0.18211623084438003,0.43999999999999995
4.711432765044095,1,3.731344879409848,26.26244157655921,1,2,1,0.6011311359953174,0.33999999999999997
5.575205396317514,1,0.7098965615588886,30.468526219649075,0,2,3,1.9204883904628482,0.33999999999999997
4.3964311914250525,0,5.972637924659565,28.646988362458192,0,2,1,0.1714011072918748,0.33999999999999997
4.594198460382861,1,3.535941837552328,29.30704933577351,0,2,2,-0.3986425901153586,0.33999999999999997
4.881670711188937,0,5.900449053783579,31.722896796215597,0,2,2,1.5439596148346848,0.33999999999999997
4.8111904573626605,1,7.155645522324311,28.959469187842195,0,1,1,0.667108991929203,0.24
4.479063258912226,0,4.107083118109508,32.61654187140803,0,2,2,-0.4504868506455491,0.33999999999999997
4.831064641491984,0,4.098037175592407,30.73378684911347,0,2,1,1.735126600254703,0.33999999999999997
4.167774344816812,1,4.699724305153354,26.42964271049663,1,2,2,-1.20341698929691,0.33999999999999997
4.58758161751088,1,0.7468121897664051,31.879444225063814,0,1,3,0.5291646873050377,0.24
4.430758667154474,1,0.8392481598048025,28.791598062708836,1,1,3,1.1464886608392395,0.24
4.985240529729545,1,0.766690703576608,26.81596087401849,1,3,3,1.0717449727404802,0.43999999999999995
3.7426887681600514,0,3.9379386617253407,28.83515708596265,0,1,2,-0.8999691109737346,0.24
4.148969941283893,1,1.7929664422132565,31.33698047317079,1,2,2,-1.240560361891894,0.33999999999999997
4.2672386173023815,1,5.680670132631451,29.365135282726666,0,1,2,0.2295063333850477,0.24
4.719983304181226,1,7.64274221133315,33.467178497654196,0,1,1,0.7047482797398938,0.24
3.859637996161407,0,2.949340898463898,31.259591673696466,0,1,1,-1.077959231861604,0.24
4.1163067678186165,0,1.765702963666054,29.569480100206487,1,2,2,0.301782819989096,0.33999999999999997
4.429866284126721,1,4.666951974593949,24.92179575177653,0,3,1,-1.4574864541813368,0.43999999999999995
4.126335485390556,0,0.4243443415731055,27.46080245796964,0,1,3,1.060844311698137,0.24
3.882191999630068,0,8.123881072382753,28.214992419252553,0,1,1,-0.5712825689190185,0.24
4.3044680656493854,0,4.53859346063389,30.08989450365324,1,2,1,-0.16402682730987495,0.33999999999999997
4.624718843406208,0,-1.4423349956808602,29.911999123816578,0,1,1,0.8643170936942556,0.24
5.1105793924383685,1,0.8367267850512334,28.508621230654857,0,3,3,0.771203390280923,0.43999999999999995
4.652238070757302,1,1.9572546810178086,28.361049746131513,0,1,3,0.47394617689233254,0.24
4.851793522411639,1,4.157135503219564,30.16137068522821,1,2,1,1.0294822417055784,0.33999999999999997
4.632188330860949,0,4.558525960506884,25.424241323110042,0,2,2,0.40904659922712466,0.33999999999999997
5.109615982749856,1,2.078037773636618,33.08654745774957,0,2,2,1.447532781787812,0.33999999999999997
3.178642558081041,0,0.6065782064529761,21.858499344509585,1,2,2,-1.7107840995966443,0.33999999999999997
4.324597027916424,0,4.408517268664007,32.36622844651609,0,1,2,-0.059566738963934135,0.24
3.7233989174944333,0,2.872349859810499,27.864443414724512,1,1,1,-0.10206583456923898,0.24
4.328488975918228,0,1.7672825278893995,31.00773944281478,1,3,2,-0.21897072643452986,0.43999999999999995
5.061740062047846,1,6.8060436007793115,29.091521302877837,1,3,1,0.49742879706455345,0.43999999999999995
4.244776172943156,0,5.923087675994195,29.038103232732407,0,1,1,0.21399600186116616,0.24
5.265324450241686,1,1.54400428282324,29.66276342807956,0,3,1,0.8248201644828589,0.43999999999999995
4.4024955534591905,1,6.230956009111965,30.427162867263334,0,2,1,-1.1838730900058778,0.33999999999999997
4.41915297013247,0,4.525933152365344,27.01350752023828,1,2,2,2.2922116403667125,0.33999999999999997
4.010217838923967,0,7.787393501695533,31.104397391578708,1,1,1,-0.3909721105290419,0.24
4.467955981877834,1,2.4903143316349428,24.74658812926365,0,2,2,0.2867563629762387,0.33999999999999997
4.07187229513719,1,1.9002551460566643,27.984008280021627,1,1,2,-0.20624157356883052,0.24
4.061189402719551,0,1.385684921457988,30.50790977281683,1,2,3,0.08106665105080783,0.33999999999999997
4.1897575390277275,0,4.294481182973485,30.985052738847667,0,1,2,-0.5349105013749927,0.24
4.85363155402308,1,0.5992569121872171,29.382366544784205,0,2,3,0.20580301378576832,0.33999999999999997
4.040294938523599,0,4.951947347564184,26.81982268613279,0,1,1,0.5800967375144677,0.24
3.5408966638941637,0,2.5825499866147203,30.69012333510611,0,1,2,-2.4017339694808357,0.24
3.9979958792979016,0,3.4775155226189076,25.991901282643738,1,1,1,-0.32854779239128,0.24
4.123753751081142,0,3.1157126344727946,33.25422722124673,1,1,2,-0.36657951370692754,0.24
5.021482897435299,1,3.007162675206656,27.745987307501007,0,2,1,2.3210685106881983,0.33999999999999997
4.041506143679801,0,2.0416668516534413,23.38112291738212,0,1,2,0.8600711801007236,0.24
5.229860936452794,1,5.688757729463619,24.415949595950345,0,3,1,1.5000596190519615,0.43999999999999995
4.641398904638765,0,4.938854431315011,28.130930910638764,1,2,1,0.558115867341191,0.33999999999999997
4.014308270191181,0,4.576357753402137,28.41947581397816,1,2,2,0.08235770216306267,0.33999999999999997
4.332586308510689,0,0.47313928934829763,33.908970054853285,1,1,3,0.3641573435754094,0.24
4.171006678231531,0,3.3664370434788933,24.88450198715732,1,2,1,1.1229743933613603,0.33999999999999997
4.762839669271251,0,-0.12303472345051025,28.11838659791179,0,1,3,1.7501182914451288,0.24
4.176755107578511,0,10.049940793613292,24.82173577875383,0,2,1,0.3020511750720169,0.33999999999999997
3.5194884485271603,1,4.439949515698608,26.52203544035979,1,1,2,-0.622931400327867,0.24
4.770979318466239,0,-0.8271030291089798,33.05191609020801,0,2,3,0.9245743299680035,0.33999999999999997
3.506782953610441,0,9.0435749815993,24.590991330532027,1,1,1,-0.8531738945595714,0.24
5.20337051099917,1,6.776509596384791,29.761127272203503,0,3,1,0.39039800434456146,0.43999999999999995
4.48058219330038,1,6.4496511211708185,29.178722077043176,1,1,1,0.6813137179334919,0.24
4.012535771703289,0,3.3338114113972663,27.927485720925375,1,1,1,-0.10807600420773998,0.24
3.9379425939202943,0,5.015574290921274,29.55830986957521,1,2,2,-0.904820384926342,0.33999999999999997
4.492326592114482,1,3.804322682238424,24.519938854170135,1,3,2,-0.4545511761689549,0.43999999999999995
4.455353462067908,0,-0.10126569938918162,32.968967523410676,0,2,3,-0.31642072133277943,0.33999999999999997
3.8603781687917853,0,1.567393754255506,33.77453648537056,1,1,1,-1.0535925147203833,0.24
4.616461903912359,1,0.07782869643538004,28.14131409327794,0,2,2,-0.38609615570453854,0.33999999999999997
4.844882191797366,1,8.459861428330758,35.26931839184066,1,3,1,-1.4519640867003818,0.43999999999999995
4.210926664614972,0,1.1803144423953806,26.80291620535024,0,1,3,0.5911279419552714,0.24
4.276315804140977,1,4.2470669458362735,29.20129598156884,1,1,1,0.3333407200267059,0.24
5.072115067657862,1,1.5568355356477739,32.29566719132354,0,3,3,0.2656983370972071,0.43999999999999995
4.368621598623792,0,4.681495386372367,26.62298661933127,0,3,1,-0.3858976188683715,0.43999999999999995
4.20662511785301,1,3.1718185511914876,23.855352823361685,0,2,2,-0.2520490204842393,0.33999999999999997
4.323475345780139,1,4.91751034127437,23.16484880314344,1,3,1,-0.8289454042035698,0.43999999999999995
4.820344124311674,1,0.9157511145091303,34.182479691707975,0,1,3,0.5051707234706794,0.24
3.9733519192460016,0,1.125308037988682,26.412926048083666,0,2,2,-1.3578400391513823,0.33999999999999997
4.505348086537268,0,3.1097680717572267,27.442789709744503,0,2,2,0.08376423299513093,0.33999999999999997
3.487258873461842,0,5.15168853977752,24.661707765036837,0,2,2,-0.6336974667774916,0.33999999999999997
5.279218509846304,1,6.522282625305501,30.845017837987566,0,2,1,1.7573103823655924,0.33999999999999997
4.51566215664087,1,6.266677075223325,25.655320422326245,1,3,1,0.5267825799806767,0.43999999999999995
4.440411950173969,1,2.073800804619567,26.526210917016034,0,1,3,-0.00044542321247569,0.24
3.659642903347399,0,3.139247242441089,28.89856125824848,1,1,1,-1.1060232006806379,0.24
3.704087187957361,0,0.21017316360081806,24.80786221826328,0,1,3,-1.3635191276756924,0.24
4.46067682274678,0,4.268047843048997,27.464253191457324,0,2,2,0.49580026035721864,0.33999999999999997
4.737425169698161,1,2.586259312250105,32.20662876850981,1,1,1,1.798795320275053,0.24
4.981775903927036,1,3.9859275130411245,29.28476319255059,0,3,2,0.40895339264404434,0.43999999999999995
4.392025715513702,1,3.6631914634175584,28.391626877285077,0,1,2,0.1752905221425491,0.24
4.274584756474155,0,1.4898159782559615,28.644594128391596,0,1,2,0.18974676081577507,0.24
4.281052130295039,0,2.0347676118091833,26.832594712070307,0,2,3,0.10301863335643073,0.33999999999999997
4.877050063948084,1,3.4915640874869096,33.988456959264774,1,2,1,0.20333806781687208,0.33999999999999997
3.5690122813259877,0,1.05551082424351,25.5635286083978,1,1,3,-0.685159073734043,0.24
4.399064322873952,1,5.656143129301463,28.63277848589179,1,2,1,-0.9735671976057167,0.33999999999999997
4.371934028985383,0,2.257843235589127,28.34507669902842,0,2,3,0.10923323476939076,0.33999999999999997
4.946603094578342,1,4.520706740690813,31.026287521399407,0,1,1,1.493417714306341,0.24
4.5428999430696875,0,3.6399770399200904,31.30952181638092,0,1,1,0.7770306333747569,0.24
3.712919882809541,0,3.1288620276249457,27.903943586538787,1,2,2,-1.2334229942722374,0.33999999999999997
4.254513506797435,1,3.076625519824147,28.87199947933915,0,1,1,-0.25518926191161617,0.24
5.280176451262744,1,1.252740135175479,28.985604261741845,0,3,3,0.7289965122190364,0.43999999999999995
4.720686163651096,1,6.496982015590431,21.18357503328818,1,2,1,1.5168692891551248,0.33999999999999997
4.5311577980342115,0,2.726497841878658,23.233031192566674,0,1,1,1.791287453684189,0.24
3.766739388490571,0,4.025861176044212,26.184808927834087,1,1,1,-0.2107162596561808,0.24
4.281521345563978,0,6.036524819969898,26.315203970869394,0,1,1,0.8242309561922481,0.24
4.293915059727245,1,2.327324863545355,24.402152734107602,1,2,2,0.2492716928418623,0.33999999999999997
4.494510334041281,0,2.1988872009791938,30.24874771412089,0,2,2,-0.1197277666748876,0.33999999999999997
4.367297856780363,1,7.090515828061866,28.006355263052416,1,2,1,0.062346682754141576,0.33999999999999997
4.363504131597364,1,1.9233288395253605,27.355916357839487,0,1,1,0.07462527756622855,0.24
4.635972946877576,1,0.7916084001364965,24.23153417647784,0,1,1,1.175163753004469,0.24
3.6908337885179203,0,5.059235174668124,27.866365407265633,0,1,1,-1.404469575023067,0.24
3.9814415370048515,1,1.2786544816836791,20.119945732004165,1,1,2,0.4681461640271917,0.24
4.546464973651253,0,0.40941370074057193,27.511131067582475,1,2,2,1.5394179600327198,0.33999999999999997
4.660926760449456,0,4.486729697920605,28.18955100642327,0,3,2,1.4317875249759076,0.43999999999999995
4.595938703768371,1,2.9865843144873674,28.725744952964497,1,2,3,0.5689734442097876,0.33999999999999997
3.694922979824959,0,1.888220111182814,23.30769470956216,1,2,3,-0.7570504093585445,0.33999999999999997
4.263397364314244,0,8.200015279578706,28.674450210074426,0,1,1,0.7767782964840588,0.24
4.65404893796733,1,6.506904201443371,24.875706190406373,0,1,1,1.324940111960636,0.24
3.453983913211026,0,3.0410289407224136,25.562590503122998,1,1,3,-0.5151403799619889,0.24
4.024349057024702,0,3.972322472382805,30.153794157467996,0,1,2,0.3576107755475011,0.24
4.984792072185626,1,2.9622782730142614,34.04234117007923,0,2,1,-0.20526992382830478,0.33999999999999997
3.876761466600485,0,2.2334116612518113,28.15407627640804,0,1,2,-0.6139871935980452,0.24
4.334841637720335,0,1.06115223378556,25.548713624079305,0,3,3,-0.3151699548431839,0.43999999999999995
4.338704632843479,0,0.7223421939381064,28.566011342529997,1,3,3,0.12853057902255294,0.43999999999999995
4.290094666265977,1,4.687073980656133,30.817087472497438,0,1,1,-0.9182360337154052,0.24
4.272129337277889,0,1.171161750823733,29.862992697618207,0,2,3,-1.0821100653046587,0.33999999999999997
4.65883968077731,0,1.8079637889814648,36.229338617391235,0,2,3,-0.8896060493736256,0.33999999999999997
3.9938753932498665,0,1.351033354185088,25.853987292716,0,1,1,0.32790074922897317,0.24
4.474802725105358,1,1.1275836424942849,28.756694439757894,0,3,3,-1.465812912675702,0.43999999999999995
3.542764969142819,0,4.380614489057576,32.64675386025461,1,1,3,-2.2169795337210223,0.24
5.555312531402016,1,1.092768907981442,32.45847771105559,0,2,1,1.3725038236541869,0.33999999999999997
3.1805978697514443,0,3.7720849818306776,22.14976622042686,1,1,2,-1.013221438772313,0.24
4.109428212518949,1,5.489640181568062,27.989927139880056,0,1,1,-0.19400912223653752,0.24
4.929706686684904,0,2.81544991297616,32.4535622975461,0,2,2,0.9222889565910973,0.33999999999999997
4.842253563778672,1,2.464532792187814,36.67192897119741,0,3,3,-1.4382594303498042,0.43999999999999995
3.9626103985731733,1,3.16998709802282,30.111387651252457,1,1,1,-1.4394417555495254,0.24
3.6172935557561057,0,5.092362647515779,26.89641011891055,1,1,1,-0.6325831328673691,0.24
4.489853256274295,0,0.920404039536301,24.97239054268783,0,2,3,0.9613046740252899,0.33999999999999997
4.58982069342554,1,2.254313832674685,34.65623007259255,0,1,3,-0.021646506991205704,0.24
4.446185501104553,1,4.5981626608581445,30.186224759397277,1,2,1,-0.008076121567230782,0.33999999999999997
4.10610900011144,0,1.541220886225469,25.455799219343746,0,2,3,-0.295423051924446,0.33999999999999997
4.746286977000994,1,6.79539422388513,27.390530900998655,1,3,1,0.5621347604752864,0.43999999999999995
4.844527347044533,0,4.216986530602791,28.930559550486112,0,2,1,1.4318464981759573,0.33999999999999997
5.7316368621998555,1,3.760747325575725,29.631419961664353,1,3,2,2.984024506327075,0.43999999999999995
4.106478632251512,1,2.87799663533738,25.30114402736263,1,2,2,-0.14808563216145532,0.33999999999999997
4.910646126693047,0,0.7498436443697306,26.157428745623523,0,3,2,1.5259478651476914,0.43999999999999995
4.283670472790504,1,6.1589576664478365,23.04119631288112,1,1,1,0.9992648063828188,0.24
4.183234914584926,0,0.8204016225767417,31.119286868814346,0,2,1,0.26699435508743585,0.33999999999999997
3.778123191774527,0,0.5456359655699909,26.975144599689052,0,3,3,-2.2099935473906718,0.43999999999999995
4.258066540309141,0,3.359419005685016,29.398964947549878,0,2,1,-0.37788716352667484,0.33999999999999997
4.625761021083888,0,5.179466074088707,32.26677552572898,0,3,1,-0.33826325922295297,0.43999999999999995
4.2078059890945445,1,0.6314242562538116,28.659610427121837,0,1,3,0.35880082602224206,0.24
4.766870144956703,1,5.319163415408481,27.661088572152796,1,3,2,-0.19746677559292514,0.43999999999999995
4.087082471868971,0,4.637735820041148,28.581764430651805,1,2,1,-0.5631989250841964,0.33999999999999997
4.8177834983439745,1,5.153665550013237,28.18958081155068,0,1,1,2.0300099448435005,0.24
4.559506677246321,1,1.3729039098917852,31.738494993633836,1,1,3,1.3081771875807167,0.24
3.3928694004540842,0,1.6119708738582164,28.932515192616368,0,1,3,-2.0228235479914014,0.24
4.64333068784695,1,1.7486345850371134,26.366796941263264,1,3,1,-0.28108738151852125,0.43999999999999995
4.460781951931798,0,2.4149081252850872,31.14354717066925,0,2,2,0.630922852706151,0.33999999999999997
5.170802816015114,1,5.4639606581360205,31.691453069075056,1,3,1,1.3309067150119056,0.43999999999999995
4.478178003170516,1,1.073849692740937,23.98500811953861,1,2,3,-0.4199767580975282,0.33999999999999997
4.954509920430246,1,4.320017778409878,32.59835165430432,1,3,1,-0.21537043025549424,0.43999999999999995
4.3364634980509775,0,1.6828131327102271,29.094135319625458,0,2,2,0.09478447046661977,0.33999999999999997
4.240474337384082,0,3.355487641097195,28.849809850439794,0,1,2,0.6618474701725936,0.24
3.9668673093599987,1,2.7708038189662565,31.019873894789544,0,1,2,-1.5355368865318446,0.24
4.080619351638539,0,1.0447391619327608,26.299070826987165,0,3,3,-2.015377845970932,0.43999999999999995
4.741928541000987,0,9.155235367029595,30.86249354257277,0,1,1,1.2545503206225113,0.24
3.954470866671698,0,2.414110987296621,26.869673590786434,1,1,3,-0.9900747587966935,0.24
4.424346241148762,0,1.466942153160082,23.575147960868986,1,1,1,2.1226595519695763,0.24
3.5478277436209384,0,4.079163718380414,25.0067311626792,0,1,1,-0.8635726028866598,0.24
4.570241247352556,0,5.671634239908736,29.70106549870968,0,3,1,-0.1849577503489177,0.43999999999999995
4.541052881372462,1,4.199428695175133,25.163594980016025,1,2,1,0.3685997744109252,0.33999999999999997
3.8440112789690075,0,4.912346366508528,32.83022836956895,1,2,1,-2.1319568521125705,0.33999999999999997
5.911385772876615,1,1.7500299525947391,31.56785036031893,0,3,3,2.864391265719847,0.43999999999999995
4.9920982104177565,1,2.4452016258219187,32.000317498098894,0,2,2,-0.39499684363200044,0.33999999999999997
4.366727725743547,1,0.9706288634292771,28.374335739032237,1,3,3,-0.8385118495791605,0.43999999999999995
3.6896866461866957,0,4.29564957804664,28.773584851884877,1,1,2,-1.1663674994952404,0.24
4.825610016621912,1,2.9706584314167084,24.418864437267167,0,3,1,0.3617534804401982,0.43999999999999995
4.0700813015672015,0,4.804932092462401,30.987350530472472,1,1,1,0.29085436505746787,0.24
4.244251922131368,1,0.6188442545038274,29.139500365111257,1,2,3,-1.1326297863664336,0.33999999999999997
4.162000016478351,0,2.879215531870339,29.70191687587678,0,2,1,-1.3719416260366424,0.33999999999999997
4.820420514494624,1,7.297890084619089,33.064935434358645,1,1,1,1.055256273000204,0.24
3.8533571847715122,0,4.7752792939491515,26.18211104815747,0,1,1,-0.6557074233994538,0.24
3.351830611085699,1,5.867093957396124,27.621575350368044,1,1,1,-1.7210162706113832,0.24
4.33280464675476,1,2.7386877804871825,28.980012764626505,1,1,2,-0.14792176108858066,0.24
4.318258515640098,1,4.892327950885541,25.19369378362388,0,2,1,-0.4017262524551633,0.33999999999999997
5.426995522702951,1,4.7567856311587375,27.43720353616948,1,3,2,1.9500299227002778,0.43999999999999995
4.545315203633917,1,3.409459058187221,29.478849431400906,1,2,1,-0.5221847824843087,0.33999999999999997
4.0376509412569686,0,5.020013890254063,27.023736185881507,1,2,2,-0.3082260262769807,0.33999999999999997
4.062010516693473,0,2.779849033589958,31.926968229187338,0,1,3,0.21945618517719861,0.24
3.914579285984254,0,2.448178775126071,23.467226314549016,0,1,2,-0.5708685090302549,0.24
4.721484402393686,0,4.201014564893715,31.368313720700026,1,2,1,0.4409568375571314,0.33999999999999997
4.266082223050575,0,4.4855612163530445,29.983556424448015,1,3,1,-1.0168719764503373,0.43999999999999995
4.523911777747649,1,0.7186835292724422,26.29351423733023,1,3,3,-0.23931277205368975,0.43999999999999995
4.267857113228503,0,5.8640669549160185,25.226774295310005,0,1,1,0.40681391457239197,0.24
4.286939647013571,0,4.363321621877777,21.759152148272644,0,2,1,1.1376374054975138,0.33999999999999997
4.334821745112227,1,2.096661469273882,25.614474962758496,0,2,3,-0.5861871616067286,0.33999999999999997
4.307266783079494,0,-0.008116319788229243,31.141529965008992,1,2,3,-0.5981267451898663,0.33999999999999997
4.701080908088123,0,1.9776153132823449,27.831742821163978,1,2,3,1.5412315832090135,0.33999999999999997
3.805959364166926,0,0.17463992629702818,31.488942641175523,1,2,3,-0.5518202912941875,0.33999999999999997
4.021175010532983,0,1.3242907562623478,26.140386788126342,0,1,3,-0.05674148767686404,0.24
5.737693331388366,1,5.368305761003836,30.121318480319687,0,3,2,1.7127527669050882,0.43999999999999995
3.898074195943435,1,7.021201705767137,25.847504193746737,1,1,1,0.06745737068501949,0.24
4.077459190698672,0,1.2375444227732375,25.103274981370483,1,2,3,-0.24775540849390862,0.33999999999999997
4.471519267785254,1,0.8660039183310208,27.678618348487973,1,3,3,-0.17316003320860224,0.43999999999999995
4.285900404111374,1,5.73300729549971,26.00510046604001,0,2,1,-0.7404520022498619,0.33999999999999997
4.085026384630467,0,6.406098609372053,23.371533552888362,0,1,1,0.45078331013371153,0.24
3.7574787650585284,0,5.730480550036638,27.45305589784902,0,1,1,-0.924022532366217,0.24
4.576163204160556,0,0.9836662489652075,28.319306249293867,1,2,3,0.7785088452285175,0.33999999999999997
4.322615174520867,1,3.7540827909045147,31.805075834488203,0,1,2,0.015215511875255619,0.24
4.823448014780403,1,8.329293072867937,30.81041703139918,1,2,1,0.2354737189138976,0.33999999999999997
4.899837611958643,1,2.7843730481008535,31.659829597698494,1,1,1,1.7297014205313348,0.24
4.045446530732417,0,-0.1812496653827118,30.161072495180527,0,3,3,-1.4490790523249402,0.43999999999999995
4.223032011403634,0,1.051556453101346,28.997838276849926,0,1,2,0.024421991681113624,0.24
4.486532695947614,1,3.01849438227871,24.31316528058432,1,2,1,0.6380817113945972,0.33999999999999997
4.699544496861085,1,2.166426705768374,28.449616593805825,0,2,1,-0.6162336569361184,0.33999999999999997
5.102365111174817,1,2.4677953326977513,29.790381331992442,0,2,1,0.951116272538887,0.33999999999999997
4.3071074250921635,1,5.7899427231528,32.37231384811131,1,1,1,-0.5446862067900078,0.24
4.239487081087973,0,4.256802581209822,30.05886562519544,1,2,2,0.2916230647161846,0.33999999999999997
4.320994327258567,0,3.288079364539343,31.721150303816266,1,2,2,-0.12349437512702979,0.33999999999999997
3.9074614538668717,0,7.74254279260644,24.904006325904284,0,1,1,0.16178510007890204,0.24
4.753877632392157,1,0.6139807337633023,27.020747121555715,1,3,2,0.07394872999480892,0.43999999999999995
5.181615521059159,1,3.4443744236783926,29.28805214098381,0,3,1,-0.03196569088043541,0.43999999999999995
4.08923985953263,0,-0.8193143560445133,31.482858072227685,0,1,3,-0.4734670664997493,0.24
3.861880608751153,0,4.862654291863349,27.56431406248324,0,2,1,-0.6647047891108497,0.33999999999999997
4.796608192948961,1,5.905315277606484,27.75266212255254,0,2,1,0.3159858329562038,0.33999999999999997
4.186909951081936,0,8.238289107637705,30.061420918008935,1,1,1,0.052706133984514444,0.24
4.051834772783279,1,5.793537717673951,24.622387518564626,1,1,1,-0.6920979087782884,0.24
5.2637819295027395,1,9.067565023531808,32.822213649470285,1,3,1,0.34338416268056127,0.43999999999999995
3.838612524289341,0,5.910603806955084,25.362591720676946,1,2,1,-0.4625533402486919,0.33999999999999997
5.157962818700903,1,2.9927105808241246,22.24423172932209,0,3,2,1.5554399963122743,0.43999999999999995
5.44666109090046,1,9.576605988457201,28.03020102556774,0,2,1,2.4891803124160408,0.33999999999999997
4.686610635420452,0,4.750363965309566,33.0953761071267,1,1,1,1.3890468473602082,0.24
4.3068528005815665,1,2.1122116325352582,29.75935939100083,1,1,3,1.3333245348753875,0.24
4.910891559410924,1,9.647457327259868,30.2532716290109,0,2,1,0.8141673796198584,0.33999999999999997
4.654815320236418,1,3.4259453976018857,28.124157286921342,0,2,2,-0.20983155159387393,0.33999999999999997
3.672331437653018,0,3.455221135928209,27.54286750818647,0,1,1,-1.8990603825291166,0.24
3.665621569171434,0,3.897058983911182,23.365271891220655,0,2,1,-1.025005909637914,0.33999999999999997
4.335827666171431,1,5.32925282664441,21.22184122628744,0,3,1,-0.6767394744763148,0.43999999999999995
4.995989154037325,1,6.861722794897774,28.58881701532259,0,2,1,1.2077371195222522,0.33999999999999997
4.593488226124894,1,1.5290540402483392,31.937647583020677,0,1,3,0.2561319432815173,0.24
4.081930265626526,0,6.853000970623004,29.032401114484195,0,1,1,-0.6595234533284451,0.24
4.3692146016197135,1,-1.3632936484077403,29.87079858115604,0,3,2,-1.8451863409348064,0.43999999999999995
5.852722193937667,1,2.0151238749567932,32.75115263691862,1,3,2,2.318146928469932,0.43999999999999995
4.612126765135553,1,8.430383621842633,28.986300554323176,1,1,1,0.5333135559629747,0.24
4.545102753697667,0,2.8367944077885126,27.632034699077142,1,3,2,0.9085098334284564,0.43999999999999995
3.6020401856668185,0,5.895402695730203,25.544425583049804,1,1,1,-0.5356605733236723,0.24
4.2353795751539,0,4.406346020637342,34.06663768891626,1,1,2,-0.13861227066279028,0.24
4.227849441417389,1,1.31435837515033,29.57964333746104,0,1,3,-0.3438654548066012,0.24
3.9645752129323397,0,8.236021145909756,25.169194852242008,0,1,1,0.06433673896149568,0.24
4.9476122147468296,1,0.04986943385392095,24.48649699659629,1,3,1,1.8457871624290134,0.43999999999999995
4.105031146322581,0,7.169235981472486,31.759191180786736,1,2,1,-1.2042811172561152,0.33999999999999997
4.181457757503781,0,8.094066127750706,24.887674910775022,0,1,1,-0.04126415529759911,0.24
4.635355555813597,0,6.002126495801185,33.56150247250666,1,3,1,0.360874531251176,0.43999999999999995
4.2445515748354525,1,1.262977484275201,19.730611608727866,0,3,3,-0.11681727294717771,0.43999999999999995
4.750119200541725,0,2.6954551041996453,32.26778559336993,0,1,1,0.9953248484988321,0.24
4.129566749467198,1,9.723691373826524,29.460684433485895,0,2,1,-1.7356444225035648,0.33999999999999997
5.122744166654766,1,3.190032626754272,28.355783269170622,0,2,1,1.883769043498768,0.33999999999999997
4.184226888921803,1,8.035283142112503,27.47362469487471,0,2,1,-1.370519206253032,0.33999999999999997
4.251450174364902,1,5.781022648951543,33.67218954578209,1,2,1,-1.1301076694324934,0.33999999999999997
4.143523436108443,0,9.091661612029643,30.12117657520361,0,1,1,-0.44945317052168143,0.24
3.580552543444411,0,4.363479671380269,25.290389173313645,0,1,1,-0.6475859576116851,0.24
4.191858699503246,0,1.7848381527662247,22.843270131913357,0,3,1,0.42450345648892446,0.43999999999999995
4.729531665125952,1,3.410474178811521,28.531891639441927,1,3,2,0.3086918282386993,0.43999999999999995
4.008506143568117,0,1.6345173001303896,27.996786599387757,1,1,3,0.11355699519723655,0.24
3.1746018401645624,0,10.354121062415194,23.44039588787347,0,1,1,-1.4178817179957885,0.24
4.763096110144186,0,-0.4194207637024674,27.833819423552992,0,3,3,-0.13945242478054587,0.43999999999999995
4.203500386586827,1,6.556260898708915,26.2781961007774,0,1,1,0.019732562221111593,0.24
4.0036453804260175,0,3.1544097110758993,28.027870204920085,1,1,2,1.2322743961168914,0.24
4.349611014664717,1,3.6128206387533464,30.177770834945207,0,1,1,0.19944354977519696,0.24
5.068506452411442,1,1.630166889117002,32.477829842392104,0,2,3,0.3826574315953182,0.33999999999999997
5.2673335066640306,1,0.03555642364770617,30.72666710910786,0,1,3,1.962494848548966,0.24
3.8682301431371537,0,1.4038287687845208,25.835677750509383,0,2,2,-1.1601067009358068,0.33999999999999997
3.9017507984892608,0,2.126159227211934,29.10674538648758,1,1,3,-0.3881076333977684,0.24
4.379184743013039,1,0.6951284749698105,28.189321364476072,0,3,2,-1.13584987003069,0.43999999999999995
5.445465100565881,1,4.274137787547969,24.003613136107298,0,3,1,1.6065193984485686,0.43999999999999995
5.435577425935005,1,2.91681062200372,29.194698354076817,1,3,2,1.6748436605375778,0.43999999999999995
5.575220920159163,1,2.0821470909648983,33.570017013753144,1,3,1,1.5285260195788937,0.43999999999999995
4.811620202741043,1,-0.40940904084985075,28.097279812561013,0,2,1,0.5473971632307985,0.33999999999999997
3.9046775213989044,0,1.346311068657533,23.217451960823798,1,1,1,0.3805017084383007,0.24
3.6971199005000552,0,1.0848336954241269,28.090806013325857,1,1,2,-0.4580414620116979,0.24
4.529674199109261,1,4.983562198041559,24.35886340308025,0,1,1,0.7694332366372857,0.24
3.965638957441587,0,2.8797276428546343,30.590816520658862,0,1,2,-1.2813678297195024,0.24
3.9785740062231656,0,2.5078507949885624,29.574594975175387,0,2,2,-1.2847801316562395,0.33999999999999997
4.307588124006091,0,4.8033286794818135,27.48726983957577,0,3,1,-0.41987237543144723,0.43999999999999995
4.832660193726292,1,8.226315001917767,27.006507202432537,0,2,1,1.8870010064396205,0.33999999999999997
4.044297181888914,1,0.5786427002614188,27.36329709515336,1,2,3,-0.5134553178162936,0.33999999999999997
4.459592513563864,1,-1.328211901677295,28.02482348302696,1,2,3,-0.3783787556545754,0.33999999999999997
4.206206077502795,0,5.404835574580838,25.683294935975375,0,1,1,0.28777216805983297,0.24
5.161928494097721,1,6.035938855098481,23.836740756995688,0,3,1,0.8986130636850839,0.43999999999999995
4.984334816096428,1,5.741276597290785,31.416096840083945,0,2,1,1.2520207392110776,0.33999999999999997
3.900094705886416,0,4.666146412691765,26.843797070509126,1,1,1,-1.1203762251476512,0.24
4.496097670598105,0,4.191260381119204,28.501129312507434,1,3,1,-0.09667484796553942,0.43999999999999995
4.664128559169103,1,0.40095025089331804,28.855845853502483,0,2,3,0.2245135192293082,0.33999999999999997
4.3202312397582014,0,1.0451678306161072,28.966061438965642,1,2,3,0.3247655320479002,0.33999999999999997
4.469058437589475,1,-0.1356774712281601,24.47854600870473,0,2,3,0.86579356644593,0.33999999999999997
4.392113759023987,1,4.449114386504371,22.972479506344456,1,2,1,0.8200839891634788,0.33999999999999997
4.100083880445482,0,2.3718929906046347,26.233922425924025,0,1,1,0.02549450636525135,0.24
4.914473951840331,0,-0.3721427891566049,29.18713459725086,0,3,2,1.1523791787767437,0.43999999999999995
4.942914559679628,0,4.181241047829686,25.81615039757706,0,3,2,0.9687850342092983,0.43999999999999995
4.141359411678731,0,3.8486512957922994,26.9352359389023,1,2,1,0.8883819242068287,0.33999999999999997
4.292882162919431,0,2.7179089681894313,34.38189224124871,1,2,2,-0.5288085287188541,0.33999999999999997
4.556563379979023,1,3.4100064662077036,22.463728345586393,1,3,2,0.7128977725220079,0.43999999999999995
4.818073358584937,1,2.3781326485486334,25.734898012268506,0,1,2,1.2035676747803439,0.24
5.110139212865097,1,3.395740165804497,33.689812205721786,0,3,2,-0.5138497066975575,0.43999999999999995
4.67404440981644,1,4.804590764168374,27.86620398401433,0,2,2,0.13155896302475087,0.33999999999999997
4.833555396611927,1,4.510094736025801,25.88204450350327,1,2,1,1.5647461905645748,0.33999999999999997
4.652699878510064,1,2.769754294732866,31.50630675103336,1,2,2,0.3964903571641534,0.33999999999999997
4.651696032720229,1,5.015062624097075,28.165691309443332,1,2,1,-0.08785192143010927,0.33999999999999997
4.361825669290539,0,6.081161540985919,26.95507481486798,1,1,1,1.4616036354284392,0.24
4.074418396098628,0,5.093350679311721,28.577106781112533,1,2,1,-0.4704991033158255,0.33999999999999997
3.629794209380037,0,3.7063564493660603,26.0256735718517,1,2,1,-1.6961256510155363,0.33999999999999997
3.784358718751065,0,0.3506598176733168,24.947526811335766,0,2,3,-0.7791677359134588,0.33999999999999997
4.573056365173298,0,5.420459197008429,27.659209217095754,1,1,1,1.1360094005467354,0.24
4.729985429475112,1,0.17207413961842055,24.96700911977198,1,2,3,0.5206936646669115,0.33999999999999997
4.316643642593041,0,4.541750745980531,28.03207993538944,0,2,1,0.0681114929486662,0.33999999999999997
4.6763367924697885,0,3.5982726923435955,29.063219702423016,1,3,1,1.0611295193671753,0.43999999999999995
5.213962904244447,1,1.3497356931245146,30.55918136815483,0,3,2,0.1668586096276266,0.43999999999999995
4.770515647617317,0,3.8772109781950217,31.383774956550482,0,3,1,-0.2223379706548176,0.43999999999999995
4.402216964968585,0,0.5896484793288637,26.782790495103246,1,1,2,0.8351204760550667,0.24
4.557026764379055,0,2.112810836999496,29.49824382381721,0,3,1,-0.38202518741840297,0.43999999999999995
4.581437486789781,1,1.845849400930816,29.47757033861907,0,1,3,0.4902461687714487,0.24
4.021323458292637,1,5.471554307686774,28.983456147447953,1,1,1,-0.7947320213015856,0.24
3.429613675718724,0,5.322998764792083,26.561621767148626,0,1,2,-1.0545477664004663,0.24
4.021527130046662,0,3.243320499464292,24.915796562607667,0,3,1,-0.8657274424954694,0.43999999999999995
4.071664142867584,0,3.375046448267475,29.50600566719968,1,1,2,-0.026064658353322466,0.24
3.310925295553191,0,2.396531488223946,22.87941231342085,0,1,2,-0.6479523509040468,0.24
3.9008520859607874,0,3.0888157927214657,27.196481702295067,0,1,1,-0.6198749914497454,0.24
3.749118980653828,0,4.604287142348082,20.339106953054205,0,2,1,-0.15344160768343704,0.33999999999999997
4.954426343129142,1,3.252107158465891,23.99079272992521,0,3,2,-0.07222043815946973,0.43999999999999995
3.6604123616286994,0,0.2756257886322925,25.368598184657728,0,2,3,-1.5510511617378295,0.33999999999999997
3.5182373520664525,0,3.5930664150791705,31.29017262288785,1,2,1,-2.522423232183445,0.33999999999999997
4.542594591332302,1,0.8496002737250863,30.064324073212806,0,1,2,0.39996819256172217,0.24
4.2979786001427716,1,0.22156086223858484,26.338195948473274,0,1,2,0.13922117751641236,0.24
3.7672595702762934,0,0.8306511451436993,30.188109385389254,1,1,2,-1.3702349677570222,0.24
4.702381676450277,1,1.4486567108262565,30.66286889014119,1,2,3,0.43627829570548227,0.33999999999999997
4.749750673894232,1,1.057437879882413,27.518005454875837,0,2,2,0.4344521162404233,0.33999999999999997
4.011498452783973,1,1.369023366124976,23.84686556735893,1,1,3,-0.3022124629009165,0.24
5.347902566823035,1,1.6192138015259183,27.376263069801656,1,3,2,1.9593663121115168,0.43999999999999995
4.814394262394582,0,4.304417741894679,27.70632278448359,1,3,1,1.2692116592436382,0.43999999999999995
3.5785755932125727,0,2.9063216583132827,24.30263682750932,1,1,2,-0.3990712947719796,0.24
4.333581665109031,1,0.20613884789333792,29.101140378789903,0,1,3,-0.3804210653176958,0.24
4.1009563190996525,0,1.621278252829211,28.839435562907067,0,2,3,-1.4578806681542946,0.33999999999999997
4.624542183636522,0,7.509007719681426,29.33512809968256,0,1,1,1.224725860146831,0.24
4.025231716242446,1,6.597649617126561,28.836769291502332,1,1,1,0.2468200529309852,0.24
4.389699488649678,0,3.6016451270109666,30.18952910534495,1,1,2,0.823060977490355,0.24
3.659817088248574,0,2.8174305314771493,27.462015916380906,0,3,2,-2.13395147280393,0.43999999999999995
4.424779616002984,0,1.2379259042650288,28.60535532211286,0,2,1,0.7775286627830279,0.33999999999999997
3.8112268889552645,0,5.4988830601197085,26.806779147263402,1,1,1,-0.5096467392039585,0.24
4.282181803988096,1,2.783377252864823,26.24650235313415,0,1,2,0.5843043239385983,0.24
4.530633895043253,1,2.4823459191071193,32.01474889228623,0,1,2,0.5212242696820868,0.24
3.876716574300616,1,2.408858597595481,21.86869389542051,1,1,3,-0.02064613143018826,0.24
4.130300121988102,0,2.8187070245623134,30.63027996746279,0,2,3,-0.6973360040652976,0.33999999999999997
4.7221135852487945,1,4.667051155684548,26.13837737366302,0,3,1,0.39886161064614595,0.43999999999999995
3.8200286657734455,0,0.8834118623695074,25.749885467070637,0,1,3,-0.835911316230078,0.24
4.692221798146239,1,2.44464960828621,28.78473245219622,1,1,2,1.0505739003526469,0.24
3.7957694549557264,0,0.28699108592910305,23.531171162946993,0,1,3,-0.7216493765954907,0.24
3.6996723026916376,0,2.3803064160578082,25.551930784161392,1,1,1,0.022743499761525166,0.24
4.650526365310972,1,6.631522872850244,25.452581060461025,0,3,1,-0.7457928254991474,0.43999999999999995
4.130299415067596,1,5.39155678224668,27.335805225444716,1,1,2,0.15873633293983705,0.24
3.719726615510732,1,2.3566139295468584,25.587586935517937,0,1,3,-1.0317606216719644,0.24
3.9853254216914107,0,1.1323639495364435,32.803356056917806,0,1,3,-0.8091440050070599,0.24
4.685010777651867,0,2.37527360454021,33.391049549493864,1,2,2,2.2945295086302404,0.33999999999999997
4.731371295740907,1,6.3735992409378275,21.93401943175581,0,3,1,0.8442172793825847,0.43999999999999995
4.162477157885384,1,3.6453506965476294,29.63296811429721,1,1,2,0.3694494274713548,0.24
4.953470745240061,1,1.906875608272958,30.575990317232723,0,2,3,0.5141169653801657,0.33999999999999997
4.316864426224955,0,4.778428974508737,29.628955607173314,0,1,2,0.3056406552790652,0.24
4.111156706811645,1,2.350604289876763,26.025659520724915,1,2,2,-0.08889203206916624,0.33999999999999997
4.804598668397033,1,6.453241644682249,27.267713313524375,1,2,1,0.7567201835681908,0.33999999999999997
4.188499181350706,1,4.757733051691907,25.755176035666913,0,2,2,-0.8269846961068903,0.33999999999999997
4.745211098860998,1,5.074014264009534,26.739207906523514,1,2,1,1.5955353160279324,0.33999999999999997
4.52605725218652,1,1.2650264210536502,24.37010491399847,0,3,3,0.12033500095337722,0.43999999999999995
4.403163133442998,0,5.312571126970158,27.65563353509635,0,2,2,0.8017052689192529,0.33999999999999997
4.865711385853174,1,4.587542820369534,23.49159486608479,0,2,2,1.5733825756611037,0.33999999999999997
4.566711650230691,0,2.3441341532477047,27.399596337315586,0,2,3,0.4912074702511906,0.33999999999999997
3.853772233083309,0,4.419593245838964,24.254254932700707,0,2,1,-0.8104882652350895,0.33999999999999997
4.539655150654795,1,3.4950079349387675,28.62044908537421,1,1,1,1.2195441913761536,0.24
4.8340183559126775,1,3.4884970813661837,25.961741317171327,0,1,2,1.6961906108691118,0.24
3.5806444144255125,0,-0.2742193384384395,28.87174104362361,0,1,1,-1.9465221629419813,0.24
4.0559152437570605,0,3.4031637927976117,31.244742185094346,1,2,1,-0.10187397310888689,0.33999999999999997
4.560339868641366,0,1.4173138624411534,32.76834080831412,0,2,3,0.29143826409315177,0.33999999999999997
3.55533174142852,0,2.697212218220059,20.41598623293853,0,1,2,-0.2640549282130808,0.24
4.118597263239813,1,4.617236475211015,25.497417718378653,0,2,1,-1.2459422026959832,0.33999999999999997
4.5583254817404235,1,2.1774885563186874,27.090741768663957,0,3,1,-0.8830535557890411,0.43999999999999995
3.733341087840049,1,6.643739544518257,29.38098345514445,0,1,1,-1.8491241608272302,0.24
4.598710984635683,1,1.5766840730481446,23.048936487536412,0,1,2,0.9551086807990391,0.24
5.047971360121699,1,7.06838934159533,25.053722779599354,1,3,1,1.3735568987521387,0.43999999999999995
4.988970935270137,1,0.9577360852927572,28.39107160797133,1,2,3,1.3596282727514504,0.33999999999999997
3.936259712668138,0,2.197813869253411,28.254664724580003,1,1,2,-0.029570035474763008,0.24
4.750500293278368,1,8.311822517688428,29.13285521926028,1,2,1,0.2719169073195292,0.33999999999999997
5.013901264807464,1,2.581457917006079,29.33102718066435,0,2,1,1.069923199164227,0.33999999999999997
4.426778774443624,0,0.8947522841653366,29.01578329934759,0,2,2,-0.23288599877824354,0.33999999999999997
3.4637234360404436,0,1.444527705853611,28.580965949894477,1,2,1,-0.9492816624460785,0.33999999999999997
4.492099328222791,1,2.802446554660278,28.167219319979104,0,2,2,-0.5707168502137118,0.33999999999999997
4.491542681099022,0,0.5111695458796441,29.994289269173088,0,2,3,0.17554786999179714,0.33999999999999997
3.685705371890803,1,4.940068085715775,21.282032000307325,1,1,1,-0.7136384555907574,0.24
4.851067144361744,1,6.0478266421102145,32.633000460913706,0,2,1,0.473296902904735,0.33999999999999997
3.5043951365470747,0,1.9126716623317384,21.38655384735903,1,3,3,-1.355103514970297,0.43999999999999995
3.7088332196668494,0,3.3599960710086894,24.762514549286525,0,1,1,-0.2426532113575201,0.24
4.310713920879988,0,5.963636756997738,27.319717610049565,1,2,1,0.405549671296271,0.33999999999999997
4.226286303838545,0,6.39377628410475,30.017838673269527,1,1,1,0.13251169743866262,0.24
3.42359256873194,1,1.488389641708169,19.01419932760115,0,1,3,-0.7351215127619057,0.24
5.037071640271979,1,1.526590139739048,27.915627028174498,1,3,3,0.7350477348215683,0.43999999999999995
4.017914085912251,0,1.6855841228574473,30.377185118247205,1,1,1,0.2624892502463665,0.24
3.9746149126417607,1,4.379858037030789,30.98355434808543,1,1,2,-2.0889965548764873,0.24
4.416388420099015,0,8.645367546452368,25.908011024507623,0,2,1,0.45531769130761196,0.33999999999999997
4.075423481374788,0,2.3433260285922444,27.097494139134902,0,2,2,-0.4221975273194977,0.33999999999999997
4.0298532297030425,0,6.267276330015089,26.151555613322117,0,2,1,-0.5249648530397729,0.33999999999999997
4.226679598047067,1,4.689266053288994,26.821976039421745,0,1,1,-0.8299256192641569,0.24
3.5028969280866535,0,0.4312911567653148,24.904520347814696,1,1,3,-1.0030274173800025,0.24
3.7602936700601175,0,5.858283039323213,25.332243512587247,0,1,1,0.20658322725963232,0.24
4.756563157554371,0,1.965119270785542,29.303130766085104,0,2,1,0.5460261471649326,0.33999999999999997
4.827619593822189,1,1.1506987041436387,28.394846119818226,0,2,3,0.1531723459396652,0.33999999999999997
4.427969861342993,0,3.8975833601765837,29.47475952277142,1,2,2,0.9494534866897745,0.33999999999999997
4.786630662500318,1,3.4843480292537117,28.64204316910251,1,2,2,0.5814045985698685,0.33999999999999997
3.361540060358038,0,1.9412499577416722,30.113015803442785,1,1,3,-2.006962065048974,0.24
3.910776047173155,0,8.198038664200418,30.634641994464985,1,2,1,-0.9165199170063959,0.33999999999999997
4.027096546032257,0,4.450207242395761,22.77485014040169,1,1,1,1.1884192214689575,0.24
3.5310388831640025,0,2.781327335557646,25.437071048756913,1,1,1,-1.2693835697049536,0.24
3.8553535143554964,1,3.622989533858452,27.305872127529884,0,2,1,-2.7350280079047677,0.33999999999999997
4.786784061394572,0,4.326301805372589,27.931967423537976,0,1,1,1.8314500310634725,0.24
4.549692627677061,1,2.6021676405090233,25.9897282785459,1,2,2,0.2966125305325778,0.33999999999999997
4.4898866444126355,1,7.636291272679331,30.736071012964917,0,1,1,-0.6830568003912374,0.24
4.791130355795757,1,5.140285232954816,33.93984510487179,1,2,1,-0.8483991065406519,0.33999999999999997
4.602069973684103,1,0.658166404554958,28.5584858667452,0,1,1,0.6294061583760456,0.24
4.455591219958978,0,2.5405229756621774,28.253023096594635,1,3,1,0.47799788050219505,0.43999999999999995
4.298660977345565,0,3.076962929485789,30.548368765312993,0,1,2,0.32720233994811504,0.24
3.6746796007835476,0,5.270777591325852,22.40248073438969,0,2,1,-0.1887495313065819,0.33999999999999997
3.9731912920498313,0,6.901580228020969,28.08540682131523,1,3,1,-1.2805830723459166,0.43999999999999995
4.343525843264056,0,0.9952835894709076,30.93710747640255,0,2,3,-0.03596480753921297,0.33999999999999997
4.607330908442111,1,2.5873624197310314,26.070538008396664,1,2,2,1.0651450299518093,0.33999999999999997
3.797748555116546,0,3.610295890822041,24.320318260294105,1,2,2,-0.541950992200323,0.33999999999999997
4.327608112466179,1,1.2308201883924847,27.442583169700665,1,2,2,0.6010687827965541,0.33999999999999997
4.192675716336118,0,3.62051110550971,27.81794370039424,1,3,2,-0.40463125906608194,0.43999999999999995
4.234680576731434,0,8.83693553305953,25.274043154253626,0,1,1,0.8012441405128481,0.24
4.14011035598136,0,3.7674944115467506,34.288483828152856,1,3,1,-0.979946296796284,0.43999999999999995
4.775457975836487,1,1.9241387600520747,26.563910856976165,0,2,2,0.013687621460547673,0.33999999999999997
4.970324348988559,1,6.617605519404637,24.539021945720293,0,3,1,0.45647376300509096,0.43999999999999995
3.926926491819919,0,6.864005007689893,27.719136042788165,1,1,1,-0.6754505172609995,0.24
5.10009450123202,1,5.059954243076971,30.723581913113474,1,3,1,0.3626133847214181,0.43999999999999995
4.387873131910754,1,3.7957127549185445,28.052242746994693,0,1,1,-0.02955173074579128,0.24
4.587906365914442,0,1.72076224454582,29.456781760132007,0,2,3,-0.04415565201512345,0.33999999999999997
4.013265533695796,0,7.441443044888221,25.38546821700053,1,2,1,-0.6777537864011561,0.33999999999999997
5.4535994943108745,1,6.737121819843421,32.463065339210544,0,2,1,0.9973425616253522,0.33999999999999997
3.932111440035161,0,2.428678441100359,29.68513308375533,1,2,2,-0.9451293192626833,0.33999999999999997
4.311886697631416,1,4.136215365230371,31.14310470663283,1,1,2,0.2797647406373927,0.24
3.9263552557204577,0,3.46517526171166,29.095481897425508,0,2,2,-0.8492080173271038,0.33999999999999997
4.297274383962673,1,8.257460482572679,30.47465211318635,0,1,1,-0.06617104790015182,0.24
4.803656726613754,1,2.924163394091547,25.380842320968316,0,2,1,0.6428627618094849,0.33999999999999997
4.738587166578628,1,3.4162207985160666,26.525768749931313,1,2,2,-0.288851307641627,0.33999999999999997
3.455402429981529,0,3.5665475218720424,32.03944178666809,1,1,1,-3.0761961244458274,0.24
3.9536090167819338,0,5.620322572884548,32.67922584185189,1,2,1,-1.3446959787046067,0.33999999999999997
3.595496020558673,0,1.374867575744097,24.55880320084277,0,2,3,-2.1579979168275116,0.33999999999999997
3.924823661407482,0,5.400136326925632,28.749208203591436,1,1,1,0.06791010876578783,0.24
4.800174886793234,1,3.2387857489176675,26.707168598544317,0,3,1,-0.005012319053457588,0.43999999999999995
4.125094144129277,1,7.969793660820789,25.908905591905416,1,2,1,-0.35062409090001123,0.33999999999999997
3.809615197402037,0,4.091909785557527,28.85451908606635,0,1,1,-0.6264563882122366,0.24
4.510794360070616,1,7.37517989879305,31.422888797096224,1,1,1,0.22113186864031464,0.24
4.005955761753753,0,11.278227994562688,29.35498741985258,1,2,1,-1.4473191207238327,0.33999999999999997
4.495055091579418,0,3.253327892371244,27.041462650242895,0,1,1,0.9560561464781342,0.24
4.268412844688378,0,5.684769799742593,29.54458353980548,1,1,1,0.07512002210648737,0.24
3.8801355970791174,0,4.736792723488161,26.920071479257295,0,1,1,-0.9447953093776785,0.24
4.231142724323508,0,3.266127359043273,29.236342902191804,0,2,2,-0.418419474447134,0.33999999999999997
4.73124043280409,1,5.887468545840767,32.1893971013672,0,2,2,-0.1313336723057194,0.33999999999999997
3.3107180023070075,0,5.497382955036172,21.768521022097516,1,1,1,-1.380787282726225,0.24
4.218906815455239,0,0.9973369362218126,30.3917568956201,1,2,3,0.6708779926568624,0.33999999999999997
4.318105483583054,0,1.7192035983710527,23.382835235288596,1,3,2,0.9654708289037275,0.43999999999999995
4.891328998555442,1,1.2272845633300757,31.684983131633384,1,3,2,0.11741377351352068,0.43999999999999995
4.873223230250291,0,5.186792800910089,26.088923170381417,0,3,1,0.9405483130857234,0.43999999999999995
5.345714340219928,1,-1.0108758197519272,24.34698586718055,0,3,3,2.6500085760762095,0.43999999999999995
4.02021179814169,1,2.920921434775172,30.085807681266242,0,1,3,-1.8783933347893953,0.24
4.078310269571355,0,3.7909245485787233,29.092510189427234,1,1,1,0.051906306927654244,0.24
3.657132866501145,0,4.418653029365595,25.002439291115024,1,2,2,-1.343117666686139,0.33999999999999997
4.510135534398339,0,3.855669924353061,24.241000728494818,0,2,2,1.5607170866591635,0.33999999999999997
4.176284997716715,0,6.102720603806692,27.437555537526155,1,3,1,0.24630912032180352,0.43999999999999995
3.8749992807750098,1,7.490018097623389,24.38773914948641,1,1,1,-0.6980952791624666,0.24
4.195554013398561,0,8.718488295677338,24.815581081229116,0,2,1,-0.26035743421192087,0.33999999999999997
4.982805732175147,1,3.9578622455179815,28.3468623712643,1,2,1,1.336299766072003,0.33999999999999997
4.459199923279543,1,5.269748316559278,25.10238509723471,1,2,1,0.45228468412497336,0.33999999999999997
4.706968773427289,1,3.0531410138724,29.27961787007963,0,2,2,0.5789200753284736,0.33999999999999997
4.766484637104956,1,4.661833592332951,32.47043078765043,1,1,2,1.488079396477385,0.24
4.831564413143614,0,1.5618167175300797,27.554333755298252,0,3,3,0.954371546845869,0.43999999999999995
4.878210470781297,1,5.097744649204989,28.390453185956755,0,2,2,1.1240075672033105,0.33999999999999997
4.760514439012905,1,2.84601754762697,34.05429019850646,0,2,1,-0.1263358048321472,0.33999999999999997
2.8787030676413874,0,4.251001321649362,24.43719664786796,1,1,1,-2.2538845267592555,0.24
4.590039528512162,0,0.6823902464422167,31.573705585542225,0,2,3,0.10356346135707487,0.33999999999999997
4.228421499302248,1,1.9831505935496638,31.212572793737447,1,1,1,-0.6644582201141688,0.24
4.727846219052875,1,3.0630249050029286,30.56295201752135,1,1,2,0.7885849186852998,0.24
3.4410530162271065,0,2.7095166471228618,31.875243552197894,0,1,1,-1.7703184792659985,0.24
4.416336022214362,0,5.317987382510652,28.841724897875856,1,1,1,0.828235287956127,0.24
4.7761442704114,1,5.53824304991958,26.251211513202197,0,2,1,0.18854085290726794,0.33999999999999997
4.401622993834843,0,5.7860455666094515,31.283719873661703,1,1,1,0.3537978694072974,0.24
4.873497238453132,0,3.8484240665680485,31.398526635138683,0,3,2,0.6187613053042638,0.43999999999999995
4.3805264174091905,1,2.685895397258883,31.31594170447986,1,1,2,-0.028464320775719643,0.24
4.129345160847403,1,3.3827077183688186,28.133506246957708,1,1,1,-0.3329888498540914,0.24
4.886113409657781,1,1.63675126603035,25.85141645916002,1,3,3,1.13497721522075,0.43999999999999995
4.416074764289634,1,6.3103277943522835,28.574086762334833,0,1,1,0.5931595663868695,0.24
4.571848626864215,1,4.736036949368572,30.82669005270351,1,1,1,0.6888405361710387,0.24
4.191529091089615,0,-0.53370067895228,31.073055369579897,0,1,3,-0.08252462204813875,0.24
4.575824031420346,0,6.123377584732089,26.710971618776217,0,3,1,0.10953056166257286,0.43999999999999995
4.929855402887621,1,0.9036574011581812,28.94611868838217,0,3,3,-0.013240229057313771,0.43999999999999995
3.1601319605145632,0,-0.21975215914295143,24.07366508654213,0,1,3,-1.744157813652125,0.24
3.6701044192331693,0,2.035920856026831,30.95485030901755,1,2,1,-1.3811250470375382,0.33999999999999997
3.881358415620499,0,5.681322839958293,25.650073729824808,1,2,1,-0.12318337797941599,0.33999999999999997
4.163480366926063,0,4.856651684171843,30.35576607871464,0,3,1,-1.8774244526257544,0.43999999999999995
3.666673251119726,0,6.068974973029142,24.552086267829516,1,1,1,-0.11013882367935497,0.24
4.871205388722276,1,3.3259357645870136,31.094247719302025,0,3,2,-0.8942596232331818,0.43999999999999995
3.7246409643567784,0,3.9309029698081543,28.965505570068313,1,1,1,-0.07597672749959077,0.24
4.148103281817314,1,2.9819886829496896,25.65592691314916,1,1,1,0.17000359832120013,0.24
3.501905304473442,0,5.007754077207891,30.074069143241577,1,1,2,-1.858218467464108,0.24
4.487499272471529,0,4.482035614884685,26.228914924584007,0,2,2,0.32507670039887726,0.33999999999999997
4.490706747099053,1,3.5667038907954542,30.248665112335384,1,2,2,-0.4495435804834679,0.33999999999999997
4.01647164480157,1,4.378790904993155,27.177665573857837,0,2,2,-2.322805652532465,0.33999999999999997
4.045440255274282,0,5.8715460726463915,22.836858623111013,1,2,2,-0.4608803923775481,0.33999999999999997
4.462524208659449,1,1.1846273060771695,25.05275127855719,1,2,3,0.37967198748065617,0.33999999999999997
4.193803352231067,0,5.012690619601275,26.70875587393815,1,2,1,-0.40568087752801874,0.33999999999999997
4.183827216572432,0,3.992274931916471,32.10456707124573,0,1,2,-0.46665149042165005,0.24
4.591190875604516,1,6.350802655902037,30.703430891587676,1,2,1,0.15386565413163872,0.33999999999999997
4.033508938135246,0,1.9297258364975969,32.87158423696643,1,1,3,-0.4792428268234097,0.24
4.581898317730853,1,5.679467045259895,32.96090564808957,1,2,1,-0.26715213467941457,0.33999999999999997
3.6012620870420777,0,1.8841474303846413,26.395747586227255,1,2,3,-1.3264609561906242,0.33999999999999997
4.220219751655815,1,2.276587803364158,27.43453942072351,1,2,2,-0.5182842910765452,0.33999999999999997
4.948029147496829,1,4.799654666555224,26.766160227008385,1,2,2,1.884079318036378,0.33999999999999997
4.399410114652385,1,2.8435509116184523,25.98546818409677,0,1,1,0.1784153603714713,0.24
4.039322605142841,1,4.746892313281333,22.475515871990623,1,2,1,0.26912428553963064,0.33999999999999997
3.9480558090413336,0,2.0003794340078724,27.955756845949473,0,1,2,-0.6426728552771627,0.24
4.056792987950483,0,4.3318036481163835,24.14330321886667,1,3,1,-0.3946871493019479,0.43999999999999995
4.083990995656699,0,0.05484934752141302,27.89748435539702,1,1,3,-0.22848494560084429,0.24
5.164774463379643,1,2.963829235242873,34.34731242868895,0,2,2,0.8741978752663329,0.33999999999999997
4.943007892982639,1,1.1245733535217137,26.471964711007875,1,2,3,1.1988480713788707,0.33999999999999997
4.1139260947964225,0,4.467285882809042,28.5843220168842,1,3,1,-0.4543503800209497,0.43999999999999995
4.550722200756734,1,4.841542445446383,30.719945157427848,1,2,1,-0.02341863112480702,0.33999999999999997
4.134032190135375,0,2.960588280108874,28.84087387589772,0,1,2,-0.2350332653235004,0.24
5.0037469906411,1,6.4395828436643185,28.87745256382689,0,2,1,0.7623637308789043,0.33999999999999997
4.236440889674743,1,0.10057375476434838,26.91279269893576,1,1,3,0.4685867167223008,0.24
4.611658596580701,1,3.927594983824953,27.3043660748163,0,2,2,-0.08995349832691157,0.33999999999999997
4.924239937915212,1,4.976243763368261,25.119968433436515,1,3,1,1.0096461092425209,0.43999999999999995
4.501047765172292,0,3.7834275665380184,30.538135026668222,0,1,2,0.5181135826554861,0.24
3.7854500068586554,0,1.590247240758001,22.775525030157713,0,2,2,-0.7711247568415551,0.33999999999999997
4.904685386400571,1,1.2173433255589492,30.913265015146607,1,3,2,0.00821217692841234,0.43999999999999995
3.985180677319903,0,3.8078650002426526,23.78890484576427,0,1,2,-0.17652002160569608,0.24
4.029567152538403,0,6.011830776001121,30.887821822229956,1,2,1,-0.9878741948201595,0.33999999999999997
4.769583583344099,1,3.8901345679936514,26.938547421363456,1,3,1,-0.22530968084380942,0.43999999999999995
4.881731084083532,0,0.9668889722203523,24.30439393560076,1,3,2,1.1390875341288744,0.43999999999999995
4.757588795675186,1,6.962619514885926,29.73789593523891,0,2,1,1.0949123188184346,0.33999999999999997
4.209170234642959,0,2.3725992377113263,30.786302605227323,1,1,2,0.9132496859814331,0.24
4.1288640151399,0,3.2941454103431034,26.68576405568939,0,1,2,0.7791438059728837,0.24
4.532451080241463,1,1.9243726172789395,30.1618316460368,1,2,3,0.20798327997365593,0.33999999999999997
4.030298542486915,1,0.21716977867665432,21.144746515991947,0,1,3,-0.6013626788978559,0.24
3.9109673800515568,1,4.4999592459644004,24.0382111307602,0,1,2,0.5637573592073798,0.24
4.262213352872939,1,2.9515382255305456,31.877226791406187,1,2,1,-1.6463269517436803,0.33999999999999997
3.6849772935738123,0,3.4305410652778847,27.328992177406253,1,2,1,-0.6718819841120054,0.33999999999999997
4.995930777106596,1,6.028728399093509,22.413360020653457,0,3,1,1.1047563817100736,0.43999999999999995
4.126451008538198,1,4.0742377369373015,25.90340145867402,0,1,1,-0.4920962232593548,0.24
4.139426069607985,0,3.8297708907543804,25.229798582424756,1,1,2,0.639976093946494,0.24
4.326359247910151,0,0.5958247615742409,27.502114805581225,0,3,3,-0.36305897000436577,0.43999999999999995
4.723471675965511,1,5.759799313860833,26.887747048577058,0,2,1,0.5501675854366074,0.33999999999999997
4.197386019208075,1,4.569400829102778,28.536795186814484,0,3,1,-1.5400922656352591,0.43999999999999995
5.213141107868087,0,2.031737532899571,27.791601845162276,0,3,2,1.2717988737277222,0.43999999999999995
4.415138368576707,0,2.767130780580204,32.07921776511105,0,3,3,-1.1159552752068977,0.43999999999999995
4.0209495053168975,0,6.937914232767781,29.273645799159006,0,2,1,-1.3618360005728272,0.33999999999999997
4.545024404175008,0,5.402171318307523,29.373014833580758,1,1,1,1.2180610747612757,0.24
4.803810149110747,1,0.5456204532449089,31.495471371683564,0,2,3,-0.002819098537323635,0.33999999999999997
4.063389401933333,0,4.557145014473098,26.833693748711255,1,2,1,-0.30624748878000063,0.33999999999999997
4.578314272713527,1,4.398424423684721,24.214367669924545,1,1,2,1.5676460308486078,0.24
4.669156487669169,1,5.273298595130507,31.62091097389675,1,2,2,0.7310816416319909,0.33999999999999997
3.9151207299518203,0,5.995865531204202,28.407525244324336,1,1,1,-0.4495009097512943,0.24
4.931861946897863,1,6.149705158790668,28.418053623696785,0,2,1,-0.13438563086534547,0.33999999999999997
4.589198948036224,0,0.41015360222035946,26.10001023540929,0,1,3,1.0739113462487788,0.24
3.9982086192673973,0,3.01817409183582,26.14943400068927,1,2,1,-0.9635758076643554,0.33999999999999997
5.78662464194437,1,5.3149018741583465,30.54016701631253,0,3,1,1.443456290532381,0.43999999999999995
3.925751625467338,0,4.999472715266318,30.95396739441283,0,1,2,-0.4433592223623425,0.24
3.927395497476249,0,5.614806186683771,30.351470217239974,1,2,1,-0.8714895209994524,0.33999999999999997
4.648303520331794,1,2.241615690003683,30.378884816336424,0,1,2,1.086913282660387,0.24
5.620003111433924,1,0.5165934864688568,29.707088611779277,1,3,3,0.734605662708729,0.43999999999999995
3.8733387741125678,0,-0.2733914256776542,28.39456819023447,1,3,3,-1.7765935031779123,0.43999999999999995
4.079506448182364,0,7.21368122005104,27.47386094703706,1,3,1,-0.10682505280348818,0.43999999999999995
4.034738864690844,0,3.276371984961428,31.63097154982466,1,3,1,-1.105198526282599,0.43999999999999995
4.4995097659427055,0,4.653658258469902,26.878837388528698,0,2,1,0.7983384374818052,0.33999999999999997
4.556938946920417,1,1.8798075208244245,29.10993764164224,1,1,3,1.7196135667459327,0.24
4.661016154663462,1,3.3778881519371815,25.58796100613726,0,1,1,0.5377189861828239,0.24
3.9417826676472174,0,3.4798241445120253,26.02210288944865,1,2,1,-0.7596676668728979,0.33999999999999997
4.918522083697436,1,0.1170520371382825,27.29153629642832,0,2,3,0.8899408573052149,0.33999999999999997
4.196262192514408,1,3.2087611329890833,25.58818486981851,1,2,2,-0.05035495079840751,0.33999999999999997
3.8493842973265955,0,6.321262246052988,30.3935554764349,1,1,1,-0.07378484999704746,0.24
4.044581477689052,1,4.020730841506073,23.955897245364913,0,1,1,-0.48529470963014465,0.24
4.706907785549949,1,1.140764103558614,28.29768887014322,0,2,2,0.10468472504216329,0.33999999999999997
4.1460802335679725,1,3.7426127682463024,28.397524290526544,0,1,2,-0.07097496489847427,0.24
3.299043135670303,0,3.0633471558858423,22.567601265040956,0,2,2,-2.404197401619775,0.33999999999999997
4.233914343730061,0,2.5655227002209138,26.676928538429173,0,2,1,0.02586558615119825,0.33999999999999997
4.257779661470177,0,6.449900707093308,28.767098614144427,1,2,1,-0.13761712831820413,0.33999999999999997
4.584314670373899,0,4.659001606953383,29.286183979882203,0,1,2,0.3468189385792584,0.24
3.9954055395980808,1,2.6507702303111476,27.387078374199504,0,3,3,-2.0067321677231704,0.43999999999999995
4.565310272983282,1,4.857236436289742,30.030664613442145,1,1,1,0.5120027431175709,0.24
3.987710644697711,0,8.901714189993967,27.672051228291878,0,1,1,0.028607231520219517,0.24
4.853819849547246,1,2.9271716719634573,28.04095873622517,0,2,2,0.49513547112218376,0.33999999999999997
3.518616344284388,0,1.4986932713868288,28.75496160695966,1,1,2,-1.6291271098395612,0.24
3.793654197527445,0,7.421438407464338,30.780998886202507,1,1,1,-1.234719558331209,0.24
3.489681768222608,1,2.719931296385163,25.972845992753403,0,1,2,-1.874986788894351,0.24
4.756315140577282,1,1.8395900656111164,26.539534382445108,0,2,3,0.14631742947091325,0.33999999999999997
4.302273235103253,0,3.909994085440297,25.993310524812355,0,3,2,-0.3450698642695748,0.43999999999999995
4.755731508881317,1,2.962438846607334,27.0034068515742,0,2,1,-0.14399592633301272,0.33999999999999997
4.335066770748913,0,0.12031151451787792,32.27870277423929,0,2,3,-1.3924513681736794,0.33999999999999997
3.94848478027106,1,5.340808770043436,29.718175957989466,1,1,1,-1.2098320099379394,0.24
3.179992218381082,0,1.9727087525156315,24.606730764493474,1,1,1,-2.4960918673442842,0.24
3.741775108022126,0,5.145929331341157,26.198659103233975,0,1,2,-1.3455477158341431,0.24
4.411710343503564,0,2.188636494474666,29.118301672829208,1,3,2,-0.6500361797009686,0.43999999999999995
3.974467335490298,0,0.9506003203967971,25.28047665720169,0,1,3,-0.5983478523578608,0.24
4.4863137620648015,1,5.256950796488562,25.82397987755573,1,3,1,-0.06762484939370247,0.43999999999999995
4.661968137289447,1,4.089975070588516,32.034878998522444,1,1,1,0.7616299832127008,0.24
3.6430498836739336,0,1.0083934274526853,26.15987311458044,1,2,3,-0.6889801368063571,0.33999999999999997
4.711550473668481,0,5.6585386508163,30.86400044808816,0,3,1,0.488789084320336,0.43999999999999995
4.689576158352656,1,3.254950413044945,31.765969568592816,0,1,1,0.7782610129965553,0.24
4.812757659256536,1,0.0852672063507115,25.799613726493106,1,2,2,1.1500380559440153,0.33999999999999997
4.318917183903043,1,0.18876314166952768,25.330112330328575,0,1,3,0.48978622279720063,0.24
4.296622093577245,1,3.370335783770976,27.171603740556506,0,1,2,0.07328768209833124,0.24
4.002567258318655,1,5.561794874150617,24.734116837979126,0,1,1,-1.0800372138841925,0.24
4.581821979362726,0,1.804657283967851,28.363101635508226,1,3,2,0.2725097663837726,0.43999999999999995
3.9976600334164907,0,1.8604983015614476,27.38304426443984,0,1,3,-0.3762882265948306,0.24
4.5294087028433765,0,-0.4577763939752617,29.081740047658904,1,1,3,1.3764877490158332,0.24
5.27381333768347,1,5.496011076658214,32.190830368698464,0,3,1,0.09126884332729283,0.43999999999999995
4.709359924298751,1,2.1512590047333973,30.452454942310958,0,1,3,-0.1599689206351216,0.24
4.95684739039613,1,0.1826547990990005,29.46771932623707,1,2,3,1.4159283441667032,0.33999999999999997
4.387586111325915,1,1.7558737660291517,22.101854761096245,0,3,2,-0.48237535218911576,0.43999999999999995
4.436131963974898,1,0.6624392515809372,29.330127946307126,0,1,2,-0.0031962248511765105,0.24
5.058655934967266,1,4.185158147076196,33.167882982113646,0,1,1,2.0093921880200063,0.24
4.51309984766477,1,1.6518191708108505,18.96843245105945,0,3,2,0.2662354921621315,0.43999999999999995
4.698467292004115,1,2.945778027441729,30.068147628926877,1,1,2,1.1251385699815617,0.24
4.451129898109044,0,6.478299920802764,27.52192427573061,0,1,1,1.5037901139422727,0.24
3.8227573142103917,0,4.2188537728331195,25.450614990931165,1,2,1,-0.5518632690507254,0.33999999999999997
4.841856422187274,1,3.2330713792009593,30.40338575173586,1,2,1,0.9087747916463117,0.33999999999999997
4.1916390534159484,0,-1.7803823334109943,33.12911770182199,0,1,3,-0.33274879363551807,0.24
4.90379551271937,1,2.2312807551846,30.325692186513262,0,1,2,2.0399390241259345,0.24
4.629242816613924,0,5.680888353566342,26.886424146215422,0,1,1,1.4436217075414193,0.24
4.386979038305761,0,2.3393057838943894,25.16959052677553,0,1,3,0.7432923874575843,0.24
4.967815473552563,1,3.7970254131670735,28.43388290136863,1,2,2,1.044597689980194,0.33999999999999997
4.403708206103732,1,-0.9167939813894224,30.619507877144763,0,1,3,-0.6955910009152347,0.24
4.884851756704101,1,2.335700359421118,26.838840921298818,1,2,1,1.7175476796939269,0.33999999999999997
4.351411040936282,1,5.137146587959355,27.12885102504761,0,2,2,-0.9043811896953817,0.33999999999999997
4.5285039012724395,0,3.8826271642748136,36.466000749515196,0,1,2,0.40703287546035577,0.24
4.0273892479558935,0,0.27891701857905016,31.235955837879178,0,1,1,-0.7139601304572374,0.24
4.763747977673765,1,7.776644409175773,31.450386035180898,0,1,1,0.8603876314285939,0.24
4.286711017353636,1,2.5229570537591233,23.619142281823564,1,1,1,1.7450738768807714,0.24
4.199206709174715,0,4.323385892594668,25.87843396211962,1,2,2,0.45154296190995336,0.33999999999999997
4.326100499342352,0,6.067666491625033,28.22404491836272,0,2,1,0.31508151063134665,0.33999999999999997
4.045528342430004,1,7.617099436358357,24.996587326344553,1,1,1,-0.11361795555976716,0.24
4.724934246267952,1,3.415693987254336,32.80119189666788,1,2,1,0.10046210130669146,0.33999999999999997
4.5127880098072675,0,-0.018370521945790586,32.230936919771935,1,3,1,-0.3357382407943399,0.43999999999999995
4.704641485428075,1,0.5414575777562123,26.39936398784784,1,1,3,1.6333490091680336,0.24
4.8077730416503295,1,2.5010102271475807,33.35175581982246,1,2,1,0.793973169936337,0.33999999999999997
4.33719805120921,1,4.842116884443484,27.987243709840172,1,2,2,-0.34740819977420645,0.33999999999999997
4.649329344324975,1,5.843179400271292,35.76816915216715,0,1,1,0.06039503223469544,0.24
5.71321787388111,1,-1.5040588653431737,28.43405839157511,0,2,1,2.91589035837341,0.33999999999999997
5.212742559232231,1,2.8660996242332692,29.728578250985265,1,3,3,0.27215353574927625,0.43999999999999995
4.842234090812623,1,1.376577977229068,32.199710323508675,1,1,3,1.4529512800577957,0.24
4.429352375982247,0,-0.1682558378784691,31.83290004942343,1,3,1,-0.5765585573174812,0.43999999999999995
4.187591816955624,1,2.3238974474851744,29.532196198407682,1,1,1,0.4735968558971902,0.24
3.936943056960271,0,5.245757120253334,27.57657904166849,0,1,1,-0.6244998057166453,0.24
4.367712006576958,1,4.823032695817464,29.54239809997936,1,2,1,-0.5353105148965901,0.33999999999999997
4.509478065720343,1,4.94740735036479,25.551447484371653,1,1,2,0.7937420512945421,0.24
3.8700191171761866,0,5.898441957457704,28.45640115659235,1,2,1,-0.8955931012870951,0.33999999999999997
3.3029032536140033,0,3.9719351940378607,24.672077402506016,1,1,2,-1.1920375546688182,0.24
4.037015520451064,0,2.7067535503661513,22.657355079759096,0,2,2,0.6852273019428925,0.33999999999999997
4.188266143795655,0,6.5227323790241005,28.151280292418328,0,2,1,-0.48818810132818863,0.33999999999999997
4.1738257136431445,0,4.973129852113547,31.786833672015018,1,2,2,-0.2800005310198892,0.33999999999999997
3.881130038595438,0,0.6503090877528113,30.777413924788178,0,1,3,-1.8011154638333449,0.24
3.8019104448331635,0,2.8338284223969414,27.754263112823175,0,1,2,-1.2692971308421301,0.24
4.413106428529602,0,0.9370525806810672,33.24096909452649,0,1,3,0.22067835370958205,0.24
4.238658219164131,0,4.474981490920774,26.292815827460277,0,2,2,-0.23357722390505356,0.33999999999999997
4.436557727525756,1,-0.7087339645895401,22.24650201460593,1,1,2,0.9091755571558775,0.24
3.378781924009346,0,0.191528711998588,21.453696117397115,1,2,3,-0.8997215617233593,0.33999999999999997
3.867739491790061,1,5.46972283831138,24.45642717821285,1,1,2,-0.1660618117044588,0.24
4.727687410493779,0,3.3834140491707383,30.449874229786687,0,2,2,0.04648514508151206,0.33999999999999997
4.220376393261663,1,5.777884062434549,26.095591949597843,1,2,1,-0.20412839585413375,0.33999999999999997
4.8377454107630005,1,1.8241913590387195,29.382875925571906,1,2,3,0.5975083035747978,0.33999999999999997
4.249266174598845,0,3.3751631859983755,32.93885015075193,1,2,1,-1.0857761680042615,0.33999999999999997
4.136308303025594,0,5.10164204662861,24.699709112266582,1,2,1,0.5122961493159612,0.33999999999999997
5.306924439534235,1,3.019029746044862,29.43549919538767,1,3,2,1.1391063267435761,0.43999999999999995
4.429755319805074,1,2.9217477725948977,29.616889217967167,0,2,2,-0.8233333446959359,0.33999999999999997
4.90358972026431,1,2.0076878587067783,25.41778603458069,0,2,2,0.40066901135419053,0.33999999999999997
5.034063300007156,1,3.2595336704013143,32.06263277573525,1,3,2,0.35737751447284616,0.43999999999999995
4.340291379435756,0,2.5904231583925044,27.13687883335157,1,3,1,0.588786892215225,0.43999999999999995
4.226192013197898,0,1.3457383944834265,26.848741057260973,1,2,3,0.0014911404006270074,0.33999999999999997
5.188723000651757,1,3.9253093868770494,34.334839655253916,0,1,2,1.4182923390899478,0.24
4.88385972929332,0,1.3634805361705626,29.568300227100153,1,2,3,2.1102874858381893,0.33999999999999997
4.671276296858074,1,1.142406894646677,30.775871649056494,0,1,1,0.62508433440978,0.24
4.863008194339475,1,5.494339965324274,32.064678794565516,0,2,2,0.313912160862394,0.33999999999999997
4.436360233154343,1,1.6135837446696546,26.04857800162235,0,2,2,0.01377922811689736,0.33999999999999997
3.852552187452759,0,6.416137570623659,31.74946329116104,1,2,1,-1.3135389236854216,0.33999999999999997
3.843397303669426,0,2.2615832941550185,26.49431765500699,0,2,3,-1.4274136762345762,0.33999999999999997
3.6911056439656433,0,1.9680860926194712,26.36612983198511,1,2,1,-1.1539653980425606,0.33999999999999997
3.915267700599787,0,2.4023272699236875,27.184000083075592,0,1,2,0.26573922596856603,0.24
3.7357951874566226,0,3.5205967787555426,26.133805495165134,1,1,2,-0.19272985482341526,0.24
5.039554393639983,1,1.7229195377337492,30.46646929797149,1,2,2,1.527116504980615,0.33999999999999997
3.514994866074195,0,1.9338127585437372,28.801631965435167,1,2,2,-2.5051868785944102,0.33999999999999997
4.622335530571796,1,8.317017833505359,26.52632675614866,0,2,1,0.04072733221320328,0.33999999999999997
4.834506811794496,1,3.738936739049293,30.023515099464465,0,1,2,0.4333894886440434,0.24
4.271100482016456,1,6.244290037021232,27.17445268784096,1,1,1,0.8976836762900798,0.24
4.376743788338878,0,4.939543681081607,27.01578888890597,0,2,1,0.14332339496113267,0.33999999999999997
4.851960992738151,1,4.568915358162174,28.14605165470463,0,2,1,0.364795268508353,0.33999999999999997
4.114217354012051,0,3.190992827113546,29.39038106699865,1,1,1,0.17603189205011846,0.24
4.635835625110292,1,5.447300591014624,29.16954294813226,1,2,2,0.43975228826950624,0.33999999999999997
3.9371938282040326,0,1.9527006142927328,26.910252453241508,0,1,3,-0.01928200975223124,0.24
5.095801300414198,1,8.646278264049874,30.541333622318206,0,1,1,2.1161785357542504,0.24
3.8218065755496813,0,3.367037386071922,27.33281754676103,1,1,1,0.5778445283674349,0.24
4.312382793797624,1,1.0099730306566022,26.035046534173844,1,2,1,0.1973894717674762,0.33999999999999997
4.3521348790075445,1,4.490230919271166,23.595935053697946,0,3,2,-0.7381244883245349,0.43999999999999995
4.220344500915012,0,6.80790822574227,30.949535442997064,0,1,1,-0.3422926627638551,0.24
4.738702284511938,1,9.14455458131814,28.037170228582024,1,1,1,1.5101203500159368,0.24
3.425296403526957,0,1.53474012690528,28.632617075531545,0,2,2,-2.484975881799891,0.33999999999999997
4.327769696706939,0,7.570570424756756,31.137408747098547,1,3,1,0.05679897242686674,0.43999999999999995
3.651438001245516,0,3.30087929265052,26.56778130520655,1,1,1,-0.024922878521544612,0.24
4.430530255492673,1,3.357221252901984,23.876802254577616,0,1,1,0.5000848172348585,0.24
4.417290970131661,1,2.3523807254675844,28.209342106645657,1,1,1,0.26521541324255515,0.24
4.938362309244662,1,3.6690405277491385,28.923884656240887,0,1,1,1.515811055274634,0.24
4.515527602392786,0,2.292213677547898,27.21145280151888,0,2,2,0.09820614567905703,0.33999999999999997
5.258509978421663,1,8.248974373869851,32.421212734228504,1,3,1,-0.06410822887660364,0.43999999999999995
3.913603699740238,0,5.691034542565725,20.54150029683593,1,2,1,0.951790756019536,0.33999999999999997
5.508696713604385,1,4.489758079980163,31.360169913699348,0,3,1,1.5328311414262208,0.43999999999999995
5.08176878181039,1,4.076085909956576,30.373460951092678,0,2,2,0.6868469441346166,0.33999999999999997
4.897874150844944,1,0.23268803431267338,29.370312333101378,0,3,3,1.011543751170463,0.43999999999999995
3.4967846942078777,0,0.27322821250521157,17.992295351592713,0,1,2,-0.21740423230641442,0.24
4.5646057587258175,1,4.560881256830322,31.851666349810806,1,1,2,0.12540480613913454,0.24
4.729461279627527,1,4.882393244872577,24.920697668092345,1,2,2,1.4857320735996398,0.33999999999999997
4.531619876179439,1,4.152172007382681,26.47692406484984,0,1,1,0.5267114602582283,0.24
3.9417447463883972,1,6.722831682202401,27.488222005629794,0,1,1,-0.24202987576281562,0.24
4.753483486361147,1,4.978160075898032,29.222254103955926,0,2,1,0.03255055478737508,0.33999999999999997
4.6779265190635515,1,5.594433385774614,29.91828412657765,0,1,1,1.0371512903045499,0.24
5.078002925231635,1,3.5961015798373848,30.678521662957888,0,2,1,1.1262270103241487,0.33999999999999997
4.067558567672697,1,2.3604248894256448,30.44756053023555,0,1,2,-0.8421311416197738,0.24
5.026598452714173,1,6.284084246723913,28.75878161263938,0,2,1,0.3625912750468706,0.33999999999999997
4.020375899853868,0,0.28873195090875614,29.24776797717277,1,1,3,-0.007842842553311104,0.24
3.9885851833848784,0,1.3509336093506468,24.72773885253326,1,2,3,-0.0655358481037066,0.33999999999999997
4.695677107811892,0,0.07523741303054499,25.746919579542933,0,1,3,1.3303079504307158,0.24
4.074325329768674,0,5.771350033676803,30.686380671024498,1,2,1,-0.23753813989392594,0.33999999999999997
4.463895265241406,1,0.946511545395516,30.511628460186042,1,2,3,-0.5755771032751217,0.33999999999999997
3.711890491426988,0,0.24618234558166618,30.17139824933326,1,1,3,-0.8149913043685142,0.24
3.9510299297923406,1,1.4943839338212423,26.45674971503042,1,1,3,-0.17454693120564455,0.24
4.152171500465665,1,4.506590341403516,30.731476395831088,1,1,2,-0.7352462687781551,0.24
3.6741004379844777,0,1.600644549800105,24.516266642558925,1,2,2,-0.8647817625390524,0.33999999999999997
4.491345017338848,0,3.9525329852441526,31.23207942958682,0,2,1,-0.8899701256670944,0.33999999999999997
3.929045285884971,0,6.0123224514078935,27.21738759626233,1,1,1,-0.8305427041067993,0.24
4.490003529963677,1,7.0833302452313,33.052511219021895,1,2,1,-0.7608323890173405,0.33999999999999997
4.010346507161308,0,-0.34564741959122425,23.435673723803546,1,3,3,0.399052721658541,0.43999999999999995
3.8228412046483373,1,4.17558709500467,33.29021213775557,1,1,1,-1.959982522607138,0.24
4.192382277835214,0,3.9759472011717634,26.915607012509614,0,2,1,-0.7017532479835235,0.33999999999999997
3.930062127277596,0,1.3455279831667515,26.86156223196477,1,2,3,-0.10012990735823263,0.33999999999999997
4.914509919608031,0,1.1359260998276812,28.58451645695679,0,2,1,1.148624620178139,0.33999999999999997
3.8588347515286125,0,0.3156015656261677,25.908763261597908,1,1,3,-0.24592703907658375,0.24
3.717525277743862,0,1.9486847755786592,27.783012996093078,1,1,2,-0.15332336788267392,0.24
3.953956472732585,1,5.758543480887939,25.787121204187436,1,1,1,-0.08794670397811996,0.24
3.7599124560110657,1,5.982346115765092,25.896809407062438,1,2,1,-1.8236876537777262,0.33999999999999997
4.449857268881985,0,1.2175629739570202,29.460657850901715,0,2,2,0.6590931009249315,0.33999999999999997
3.8281725821374564,0,0.6086131341467478,25.29530351408945,1,1,3,0.6174215702113746,0.24
4.382859406682383,1,-0.436069630770308,25.695417294983553,0,1,3,0.814496159286673,0.24
4.438731210785934,0,4.2377482023288815,23.881626250760775,1,1,1,2.50584805302829,0.24
4.2297179923560035,0,6.3760354413293285,26.488207960115982,0,3,1,-1.29852160298721,0.43999999999999995
3.9161334439752817,0,2.3836517800761428,31.934806089171765,0,1,1,-1.4880266646056737,0.24
4.6495973407336875,1,3.4938557082987733,25.462199079691096,1,2,2,0.7058673145989882,0.33999999999999997
4.331448069879405,1,4.403129408705108,25.805100204438276,1,2,1,-0.33748910118569214,0.33999999999999997
4.5539831838877545,1,2.268792593324651,28.581765839444607,0,3,1,-0.9856282535369405,0.43999999999999995
4.181678285133636,0,3.3388563680592913,26.88761069860142,1,2,2,-0.28256246782096944,0.33999999999999997
4.03356596208301,0,2.0130456807604906,34.68446330004895,1,1,1,-0.6183436250917211,0.24
5.382677446185183,1,4.514570823102466,27.51241610597123,0,3,1,1.7247770677971668,0.43999999999999995
5.275693681934375,1,6.289972435331965,29.005655038652115,1,2,2,2.2618123040233016,0.33999999999999997
4.325857460920551,0,6.92809323130298,30.831306354397967,0,2,2,-1.6355612913434658,0.33999999999999997
3.56091602823065,0,8.175830865078183,30.773733597588553,1,1,1,-1.476548813266637,0.24
3.9027598052736696,1,4.309435298890108,28.69986274467214,0,1,2,-0.7593680046319069,0.24
3.9623727804749223,0,4.384749256981504,27.516617539941997,1,2,2,-0.6895280416790119,0.33999999999999997
4.673604516081234,0,4.583809709216366,34.07208560913777,0,3,2,-0.775260446698419,0.43999999999999995
4.501612040459136,1,1.8191217067447008,27.700719174057202,0,2,3,-0.19423417954351363,0.33999999999999997
4.060633652757667,0,5.9091738258308055,26.67492968671456,1,3,2,-0.44683480072194054,0.43999999999999995
3.4563386433977445,0,2.897104205648386,26.062453035117944,1,2,2,-1.353612592895318,0.33999999999999997
3.6734940454369807,1,3.6329881215376667,22.819590391879732,1,1,2,-1.026808240863981,0.24
5.02879389138149,0,3.003065265342465,30.46484725671149,1,2,2,1.546338832209564,0.33999999999999997
4.287423648159164,1,5.820844549810136,20.95579480869752,1,2,1,-0.35744824673468306,0.33999999999999997
4.56167554159589,1,6.316663958646929,27.982831477285238,0,2,1,-0.40863089162598903,0.33999999999999997
4.3907108113375495,1,1.2211716393097245,27.385418097185845,0,3,2,-1.5204371458274732,0.43999999999999995
4.594325851048073,1,6.260169049803003,34.71989557669434,0,1,1,-0.4632167273041657,0.24
4.304790769065915,1,4.7465235438320335,22.505046313859122,0,1,1,0.9609024295675825,0.24
4.737406519063034,1,1.6793585446150963,25.29669013904693,1,3,2,0.5955514784694059,0.43999999999999995
4.347344182266021,0,4.855838642462194,27.591710623955052,0,1,1,0.8110992979735565,0.24
4.10097979578369,0,3.6506852380674735,27.407411987592493,0,2,2,-1.20359707607633,0.33999999999999997
4.463287008285998,1,7.535300881612357,26.351366227569866,0,3,1,-1.2196176834038477,0.43999999999999995
4.637720593908795,1,7.145279098402415,27.7570362717935,0,1,1,1.1334357221740536,0.24
4.959233907222535,1,6.50582190745156,24.221311813390777,0,3,1,0.8262741398677672,0.43999999999999995
4.284935670303869,1,9.058419960940597,29.071578636984817,1,1,1,-0.25846276181564737,0.24
4.675512664819992,1,-0.31247675055365143,21.035543973767265,0,2,1,0.8530402684490773,0.33999999999999997
3.6637770880893705,1,4.079882851347938,27.922691932368227,1,1,1,-1.2029963722537889,0.24
3.6601181987048146,0,4.977454761771234,26.19892991720928,1,2,1,-1.244468107797465,0.33999999999999997
4.323143510945647,1,2.8589455094250353,31.04886382826991,1,2,2,-1.6174611525147236,0.33999999999999997
4.4715423781363235,0,3.140498550695218,33.26593321189991,1,2,1,0.3614704330036452,0.33999999999999997
4.714232348979139,1,6.978363501791675,27.006843493748928,1,2,2,0.21671787443806698,0.33999999999999997
5.094856129042041,1,4.812386455391409,32.172177787424296,0,3,2,-0.5224165201809564,0.43999999999999995
4.621922648137107,1,6.788054107683662,27.05165115810877,0,2,1,-0.7803926096115112,0.33999999999999997
4.882758543933287,0,6.547872684608546,25.10162043061273,1,3,1,2.414548603862906,0.43999999999999995
4.92940894525972,1,3.4957402275185965,33.23771089655686,0,2,1,-0.2591309935883875,0.33999999999999997
5.244468289777663,1,3.9511965979446035,29.56232933420202,0,2,3,1.3880670145339764,0.33999999999999997
4.218379600236571,0,3.4751157457985604,28.013315567829444,0,1,3,-0.14634843444948117,0.24
4.355870856282032,0,1.9598659093095345,30.061532425295944,1,3,1,-0.5007127077886655,0.43999999999999995
4.733140563093027,0,3.4331117798960893,28.822645105390503,0,1,2,1.41665950980639,0.24
4.321989306954575,1,-0.05395597873955471,27.792341776175444,1,1,3,0.7899641204159967,0.24
3.735430879794869,0,2.9923636536277285,24.02069551807601,1,1,2,-0.024109022997649953,0.24
4.416325862996419,1,6.701266788034788,27.1883897885162,0,1,1,1.1337141117526117,0.24
5.3091183649780085,0,2.0043479406762685,29.86976627037542,0,3,1,2.520306516175237,0.43999999999999995
3.584221019211301,0,2.9883626784051733,27.63168572293957,1,1,1,-0.7323533665221554,0.24
5.2665275039089305,1,1.1338430528567378,30.706977283391158,0,3,2,0.4717366467452513,0.43999999999999995
4.722694750683869,1,2.070605314892638,29.150965071600368,0,2,2,-0.4092101637417476,0.33999999999999997
4.17261033528122,0,4.7938575138068,25.36559104574378,0,3,2,-0.9345410207683023,0.43999999999999995
4.120477540482768,1,5.8996363124638265,24.04248412650363,1,2,1,-0.962266786116133,0.33999999999999997
4.658454880159884,1,0.968320473037876,27.528464500209495,1,1,3,1.5923331460185985,0.24
3.652824299563128,0,2.7462507127319373,26.42731465568624,0,2,3,-1.8247606073063454,0.33999999999999997
4.176858682136958,0,6.019676873426903,29.008965428865057,1,2,1,0.5078593584667956,0.33999999999999997
3.546021927168859,1,2.655424859698426,25.84558702371181,1,1,1,-0.8252430776202341,0.24
4.553248961583428,1,2.399916521385963,26.15382302273537,0,1,2,1.7724949515679935,0.24
4.076572183241186,0,5.072677880555067,31.159209152784737,0,1,1,-0.2730766489343272,0.24
3.999884948972292,0,3.2025011508861807,28.444608905883694,1,1,1,-0.3640076732822661,0.24
4.331129276835561,0,5.436213736068522,25.89181880371812,1,2,1,1.5695093044942368,0.33999999999999997
4.092432278549293,0,1.781625727179873,28.05292542620506,1,1,3,0.8768000823122144,0.24
4.942540994006967,1,1.4620526348993468,32.136733729005044,0,2,3,0.5542269843626707,0.33999999999999997
5.269043090373003,1,8.483700608774557,28.881360064824168,1,3,1,0.805811955505784,0.43999999999999995
3.708221170383853,0,0.6154170495597366,29.77885242827539,1,1,3,-1.083273588765743,0.24
4.429927077808485,0,4.475256925737032,25.743296390417672,0,2,2,0.7417132055381365,0.33999999999999997
4.105851631331602,0,1.7640778839097044,31.0792581314038,1,1,1,-0.19905421417501803,0.24
4.76523066036985,0,1.268910871200571,34.9543067813914,0,1,3,0.36092469916225944,0.24
4.679203430482182,1,4.105444236277394,25.62559707246144,0,2,2,0.48455292626129165,0.33999999999999997
3.564771365924636,1,1.2038475331237923,24.454318076884032,0,1,3,-1.1105090832073072,0.24
4.17351745397497,0,6.484820277536927,28.526626731505445,1,1,1,0.5938225958408286,0.24
4.241490916193305,0,1.8471025738409654,30.62651514953323,1,1,2,-0.18635728997137616,0.24
4.060469565310701,0,4.870963457320015,27.725830983849217,1,3,1,-1.2399214459768697,0.43999999999999995
4.320303466321851,1,2.941174810553067,24.840380811872013,1,2,1,-0.14656580652904147,0.33999999999999997
4.982781147860243,1,4.104490301118118,27.67424751465883,0,3,2,0.02002511411517442,0.43999999999999995
4.342228772876861,0,-0.6915841037374875,29.794276818332364,1,3,3,0.5936318912679621,0.43999999999999995
2.8759703114816064,0,2.3600456348150667,26.778904519161824,1,1,2,-2.388291037807351,0.24
4.291646253734319,0,3.070948813433362,29.821765053264766,1,1,1,0.3881362298766596,0.24
4.3139999061940975,0,-0.5380577631027315,31.49413235571973,0,1,1,-0.5118600568353928,0.24
4.674572635853908,1,1.8219455439123986,28.720691877311342,1,2,3,0.809873446410491,0.33999999999999997
4.664241781802987,1,4.373247477959253,27.916156686165124,0,2,1,-0.0018661462842343274,0.33999999999999997
4.307506353518047,1,2.8882887193046147,30.488031775678845,1,1,1,-0.33338150435494895,0.24
4.2573446225332106,1,0.19034994980501874,25.43169751768831,1,1,3,-0.17750039627626085,0.24
3.894825358979936,0,2.1137140574986275,25.135870498921232,1,1,3,0.3334097421911105,0.24
5.283053081757239,1,2.9699403259199557,27.200283145213042,0,3,2,0.9079094076713538,0.43999999999999995
4.897862595574049,1,3.610663624478796,26.5243616355566,0,3,1,-0.8911112976750593,0.43999999999999995
3.834333414511151,0,6.587075268805031,25.589974074128573,0,1,1,-0.34365985943230276,0.24
4.675093220775682,0,2.873398343432862,33.49140542499632,1,1,2,1.4693460508186746,0.24
4.001628917782834,0,0.30709748190143504,34.515979628482874,1,1,3,-0.3611116932869676,0.24
4.24882693699052,0,1.2159418247337368,26.938884873233253,1,3,3,0.3672497308152677,0.43999999999999995
4.274817286193987,0,4.777870870142161,28.275156849245096,0,3,2,-1.2341919376862698,0.43999999999999995
3.7365535513283312,0,1.5733340747462758,27.436471539808625,0,1,3,-1.7145072911634698,0.24
4.368607417137986,1,2.573811472885178,31.32249772035447,0,1,1,-1.0402048650479627,0.24
4.173909045868241,1,4.622135492122067,31.91693668552014,0,1,1,-0.6898920560176784,0.24
4.504529671771859,1,3.895861837880907,22.66820860393106,1,2,1,1.0399111640475827,0.33999999999999997
4.978030883050111,1,1.8553500246075814,29.428032400196876,1,2,3,1.1495262626873715,0.33999999999999997
3.374934402860487,1,3.8391558984291487,24.079535976516553,1,2,1,-1.9253203068954512,0.33999999999999997
4.669914231320661,0,3.4956300573803123,33.27481647362583,0,3,1,-0.5412451392918616,0.43999999999999995
4.897444297743382,1,-0.493741741076392,29.320744090631194,0,1,3,0.6977893970404843,0.24
4.655395449597917,1,5.51934203186354,25.529951384912092,0,2,1,-0.10535312443122463,0.33999999999999997
4.003622369853087,0,9.223564701263282,27.27603583618644,1,1,1,1.5045584658174267,0.24
4.168305345286853,0,3.772376804925635,27.133068225201527,1,1,2,0.6735009421313022,0.24
4.670855939153378,1,1.1956463565750797,29.575338828657447,0,2,2,-0.2676851042888155,0.33999999999999997
5.083435243403165,1,7.24393547485565,31.125737812532435,0,3,1,-0.1786693711290775,0.43999999999999995
4.316801954057746,1,1.33794522012154,24.55537812408487,1,2,3,-0.05678983260484654,0.33999999999999997
4.123057456138528,0,7.639384715851776,33.516263502736344,1,2,1,-0.8459573967609407,0.33999999999999997
4.813815681391054,1,1.724130216460479,32.81707032346253,0,2,3,0.9392141356494985,0.33999999999999997
4.328068340430932,1,1.4371009968324728,25.374029297226866,1,1,2,0.7424288177415515,0.24
4.881308948180578,1,1.313897947069444,28.218405383086928,0,2,1,0.4542707676524304,0.33999999999999997
4.736089588536544,1,0.44597172954586106,33.132425632342944,1,2,3,0.2425746893569958,0.33999999999999997
4.368264576817571,0,2.260939021230342,31.698755760032448,0,2,1,-1.018197779033013,0.33999999999999997
4.494718563724402,1,8.852550474022975,26.989770909856315,0,2,1,0.5041931991417489,0.33999999999999997
4.542083502549086,1,-0.34623081636238595,30.44301944370362,0,2,3,0.12910247266475128,0.33999999999999997
6.003008563965335,1,3.342285982038316,36.99159487515742,0,3,1,2.0022690949744137,0.43999999999999995
3.475530585042711,0,6.070851912605745,28.315479945553637,1,1,1,-1.2932910979146213,0.24
4.183920328963052,0,3.798084742206523,26.102055245679942,1,3,1,-0.7232953878892984,0.43999999999999995
3.985734601456934,0,6.399906714038402,28.517259556274198,0,3,1,-1.5866445571171657,0.43999999999999995
4.125282523120309,0,0.9869876253410939,28.739656286491954,1,1,3,-0.21801979176706926,0.24
3.590745702644321,0,2.2144808653157995,26.426389782999706,0,2,3,-1.740899367995493,0.33999999999999997
4.543450445312883,0,4.944882587838905,29.32487520344265,0,1,1,1.1855016361685766,0.24
3.791836085089277,0,2.5661389860797152,24.236796820817496,1,1,1,1.0922373088701676,0.24
3.99429212386883,0,6.451183110136242,26.003398398973964,1,2,2,-0.15963197839064333,0.33999999999999997
4.760524319761226,1,6.754597039739512,30.274734328464394,0,3,1,-1.013721788230369,0.43999999999999995
3.560975475546581,0,6.105993279984875,22.735387445373245,0,1,1,-1.5241025485592599,0.24
4.047653171790041,0,6.2865617427565095,30.70950277598433,1,3,1,-0.7038646146404065,0.43999999999999995
4.483366425280738,1,1.150289560069333,21.96405590288289,0,2,1,0.6253713723408303,0.33999999999999997
4.0721104489189255,0,4.582858100491164,22.806026263371056,1,3,2,-0.7870526899898684,0.43999999999999995
5.525534090593232,1,1.316758714493771,26.503063770832345,1,3,3,1.9085761760067192,0.43999999999999995
5.30508314639901,1,4.376907544007671,28.860591528458052,0,3,2,1.49069543989815,0.43999999999999995
4.39618324819651,0,1.1730571769455653,31.975790809382165,0,2,2,0.0008239434044365071,0.33999999999999997
3.965132528892265,0,0.39653101441967475,28.172868289478785,1,3,1,-0.46186825520188357,0.43999999999999995
3.573807712259683,0,1.7735178126692621,27.26033917727203,0,1,3,-0.5691958997464516,0.24
4.8481177856600235,1,0.608074517183097,29.738743743954412,0,1,3,1.5983767605260095,0.24
3.5255648112098243,0,2.3764533733274913,25.387303538596196,1,1,3,-0.6566953315572904,0.24
4.760450882448877,0,6.93740504141175,28.418245478039218,1,2,1,0.9343689527333606,0.33999999999999997
3.9787771100358253,0,0.6090007017885365,24.40166122613392,0,1,2,0.021792213068303777,0.24
4.145161415897864,0,2.7257911471319396,28.24777155062624,1,1,2,0.7135622139241762,0.24
4.182805294749303,0,2.8152065486069304,27.61049102245179,1,3,1,-0.8203972915687643,0.43999999999999995
4.573752770459283,1,1.8273151511948265,25.58719623565175,0,2,3,-0.33291859552172826,0.33999999999999997
5.139552639023257,1,4.44769260444369,28.495121909613218,0,3,1,-0.024182519703662062,0.43999999999999995
4.06330952169212,1,4.041776690829145,28.475648959478928,1,1,1,-0.6313666176705683,0.24
4.887540931430474,1,6.0565088933133175,31.526362037017403,0,1,1,1.2492241693744977,0.24
3.6535909362255694,0,2.9853990309585163,23.18309979081164,0,1,1,-0.7643081296660397,0.24
3.996712238629533,1,1.9793286445289389,27.77185327690887,1,1,3,-0.5770321416101968,0.24
4.404186497446595,1,4.036662750327015,25.71921280088956,1,1,1,1.3587000236279756,0.24
4.586421055214855,0,3.810796306779878,30.609286174528876,1,1,1,1.164927236795503,0.24
4.510551876389951,0,3.784763179256009,30.2617361955764,1,1,2,1.58797877232563,0.24
3.651548600691909,0,2.820659128026656,29.523639535205863,0,2,1,-1.9082731640775343,0.33999999999999997
4.297727832970826,1,3.2785023113387344,25.88850022579161,0,1,2,0.2007227490418539,0.24
4.217404578045251,0,3.932616731738465,30.656411748820286,1,1,2,0.09028132463110586,0.24
3.873569643292918,1,0.3825172025644754,23.409607213770006,1,2,1,-0.5617328844458523,0.33999999999999997
4.286710383297496,1,1.1860687796681528,22.794067889221687,1,2,3,0.3244593898571548,0.33999999999999997
4.091870186796506,0,4.5317076042199105,24.17238700029423,0,3,2,-0.3214417303508001,0.43999999999999995
4.520980296672631,0,4.4462751518567805,27.899575569019284,1,2,2,0.1619922684028448,0.33999999999999997
6.07560133378167,1,-0.43969479615216733,30.02549320296488,0,3,3,3.401875562209925,0.43999999999999995
4.381563572069441,0,3.8407782974251083,19.071902577971425,0,3,2,0.3171307641284577,0.43999999999999995
4.642768877276978,0,6.52903781703211,31.96822849563936,0,2,1,0.3591315981028854,0.33999999999999997
4.956050006801331,1,6.246069507982787,28.393336588535302,0,2,1,0.8212193350158412,0.33999999999999997
3.999815126980418,1,3.3767081151263216,23.296682957230676,1,1,2,0.18064453099631772,0.24
4.292280379231511,1,-0.8442047474235133,28.302840910868742,0,2,3,-1.0980326761600787,0.33999999999999997
4.298784528148138,1,3.4899982663689446,31.27757624403526,0,2,1,-1.6467117291432722,0.33999999999999997
4.922521006331758,1,5.478953082036499,29.798323045918778,0,3,1,-0.029291062701908413,0.43999999999999995
4.232468718921127,0,3.00785572371018,31.2972191876619,1,2,2,-0.26911102837327844,0.33999999999999997
3.3124286234114324,0,4.259068880897598,23.901260111808668,1,3,2,-1.963602082781672,0.43999999999999995
5.242733867920798,1,5.250334599887488,26.757984294584787,1,3,1,1.6293927516227862,0.43999999999999995
4.652672275232583,1,0.7687678421389137,25.225923308429405,0,3,3,0.10700304336551121,0.43999999999999995
4.89363259135288,1,-0.26027872525111606,33.152740615132956,1,1,3,1.4394363546644235,0.24
3.574489468866525,0,4.007988017071835,29.91808853045989,0,1,2,-2.2318622840921623,0.24
5.377157931768323,0,0.3626788071260387,36.54102876687292,0,2,1,1.4584870557557261,0.33999999999999997
3.981812609366141,0,-0.02606607724343135,26.59717139974832,1,2,2,-0.48520507995040346,0.33999999999999997
4.569093289912914,1,2.175273818970443,25.825977364953086,0,1,1,1.2591578818500768,0.24
4.248706540535001,0,3.0659516940011207,27.571520084214548,0,2,2,0.2148684738096505,0.33999999999999997
4.750178835881598,0,5.297500174368312,32.13507166426765,0,2,1,0.45325655191969444,0.33999999999999997
4.406568941757391,1,-0.544917334691301,26.901640931873956,0,1,2,0.45451704027829515,0.24
4.418263611606296,1,2.894150761075069,28.37331279372083,0,2,1,-0.42513769811152224,0.33999999999999997
4.3435570448924645,0,0.611206064863949,28.290072108660457,0,3,3,-0.6465147368694548,0.43999999999999995
4.25903499207697,1,1.7483572984854405,28.11849028360657,0,2,2,-0.3611601894940772,0.33999999999999997
3.962567110749277,1,1.5439605688784295,26.042804618612568,1,2,3,-1.4719092082993568,0.33999999999999997
3.6681286528992296,0,9.137095167844528,27.5881267962689,1,1,1,-0.48071030369341256,0.24
4.204995012158954,1,4.578417364830384,27.459692195945927,1,2,1,-0.6967914537436412,0.33999999999999997
4.639222772634619,1,2.3314269986823852,27.97730602097605,1,3,1,-1.495905352669589,0.43999999999999995
4.696334067284958,1,3.4832960314763435,30.830550454458123,1,2,1,0.45866627571927404,0.33999999999999997
4.724884857047056,1,1.982218276866786,33.28188410387348,0,1,1,0.007717431932776087,0.24
4.74512957229807,1,3.392569249027685,25.47869571199088,0,2,2,0.24604232331714737,0.33999999999999997
5.068500336709384,1,3.162167961840246,26.824019125636855,1,3,2,0.6974507914617836,0.43999999999999995
3.96056479010593,0,6.478959149472741,25.52496430478144,0,1,1,-0.23786005722139408,0.24
3.8803062847962972,0,6.102283803705701,28.561304611666817,0,2,1,-0.9387164132901074,0.33999999999999997
4.2528480069107415,1,4.201637758740345,26.384951627467068,0,1,2,0.30394202330746406,0.24
3.134445648794692,0,4.516011575156123,28.719390501225966,1,2,1,-2.9221966090408467,0.33999999999999997
4.570322121798894,1,-0.1655703352799165,31.31088073133436,1,2,3,-0.10809509148721107,0.33999999999999997
4.739627862358146,1,3.3762169392320036,20.422504942586176,0,3,1,0.7651686233727968,0.43999999999999995
4.740780732482636,1,4.69310289511772,29.47533966880207,1,2,1,1.0469252624096224,0.33999999999999997
4.004241972237983,0,5.90015434633478,26.619438853306363,1,2,1,-0.5294432228770973,0.33999999999999997
3.8226332147785302,0,-1.1622856475531744,29.381266803953167,0,3,1,-2.2413872317092896,0.43999999999999995
3.1211356775173367,0,0.9765057590888674,25.310591686749397,0,1,3,-2.6332658600253342,0.24
4.775526349579952,1,5.329974279548366,31.588782964920625,0,2,1,0.6380521068863728,0.33999999999999997
4.191188808033243,0,-1.5939730705270474,30.739841854120854,1,2,2,-0.35398306310654143,0.33999999999999997
4.776309189559235,0,4.095207348508939,29.70505644562793,0,1,1,2.017299075303291,0.24
3.9457313076790124,1,0.9873541281723704,30.379677153430297,0,1,2,-1.4111036349154973,0.24
4.348025876269493,0,1.6886737565743917,25.76313859848348,0,2,3,0.34233590332526914,0.33999999999999997
4.613591957318867,1,1.0691344629167348,26.14112873593213,1,1,3,1.6623516352625511,0.24
4.212940166811735,0,7.3675322125791105,30.257308602452436,1,1,1,0.2064619297772781,0.24
4.442158636987865,1,1.379838247296991,25.696812571694164,0,3,3,-1.5919351916911986,0.43999999999999995
5.305887267193813,0,3.8017018047947495,32.33690513997426,1,2,1,2.7726112831056184,0.33999999999999997
5.6159419192168105,1,4.8626108606266065,27.029226786156904,0,3,1,1.5805874570461844,0.43999999999999995
4.3664000756778,1,3.774088925730293,29.505683169581864,0,1,2,-0.2272460158917491,0.24
4.768663588481985,0,-0.31626482010144286,34.29774855776527,1,3,3,0.8189540775509621,0.43999999999999995
4.228472269500098,0,6.060415213742696,25.88132993779577,1,2,1,0.8296611600689694,0.33999999999999997
5.0823585977698436,1,0.5856080362451328,28.20628525253435,0,3,2,0.6417710848659584,0.43999999999999995
3.705631940022588,0,4.3616595656903865,31.16254949391192,0,1,1,-1.3817447747016156,0.24
4.012936918058445,0,6.031848005362812,30.853832166629594,1,2,1,0.3241576211196536,0.33999999999999997
4.913725989024185,1,-0.0018815592621752586,27.016554069281927,1,2,3,1.4607157015924095,0.33999999999999997
4.228898596566101,0,3.949641785629316,26.449808687434437,1,2,2,0.5045272157507461,0.33999999999999997
5.161260843580136,1,4.851804687176653,27.300592202364843,1,3,1,0.3971510023075613,0.43999999999999995
4.283692994186012,0,2.6012258803708117,32.34357329845409,1,1,2,-0.5368243691484346,0.24
4.578914204864945,1,4.337616439129587,27.16268243092016,1,3,2,-0.9039786705133979,0.43999999999999995
4.4143642549730195,1,0.8683466739862182,28.234347077450394,1,3,2,-1.5725173863294912,0.43999999999999995
4.528776163131726,1,5.077060555312889,26.719640587229726,1,2,1,0.7574645979277007,0.33999999999999997
4.407861905345443,1,3.3207270756884695,30.11664569438796,0,1,1,-0.2208843335813096,0.24
4.103434716094238,0,2.8287203226074937,28.46657511275097,0,3,3,-1.341379611546068,0.43999999999999995
4.464273728665468,0,4.778472870196008,24.989698567725313,0,2,2,0.9764086665071289,0.33999999999999997
4.353263215188534,1,5.107595450949101,25.093527657895017,1,3,2,-0.586911079533224,0.43999999999999995
4.005716970736559,0,3.3867511941381943,22.00418330033348,0,3,2,-0.8578649002415238,0.43999999999999995
3.861026068619087,1,8.699943188601914,25.50603577262315,0,1,1,-0.4962480137102755,0.24
4.8164891042679425,0,3.757282351851138,30.381837410896516,0,2,2,-0.1930892598397063,0.33999999999999997
5.193030774191401,1,1.7492278968430668,31.971281614036805,0,2,1,0.45802207051486354,0.33999999999999997
4.389323500685152,0,4.586163663507458,30.056675089651552,1,3,1,-0.8753135909893102,0.43999999999999995
4.295000692644463,0,7.502729797037898,29.663896601922044,0,1,1,1.0103738754932081,0.24
3.983183568794927,0,1.5621457651280721,27.62042185141405,0,1,2,0.48422958839585467,0.24
4.353054023979241,0,7.237207154801782,30.324743664741963,1,3,1,-0.5146627459590914,0.43999999999999995
3.8993372162197124,0,5.351449426069993,28.858834669245653,1,1,1,-0.1597898105732014,0.24
5.061036955701751,1,6.293763109041713,33.41334691596138,0,2,1,-0.4226309440919011,0.33999999999999997
4.439158043315673,1,8.717711996408086,27.704664057469756,0,1,1,0.06586472883569609,0.24
4.801227086570966,0,1.3254721852634526,32.02902425120839,1,2,1,1.5198739664378962,0.33999999999999997
4.523218706839341,0,5.335708730840574,30.62234224545358,0,2,2,-0.43293631854246967,0.33999999999999997
4.684475239509072,1,4.810597764237366,30.206329858612477,1,2,1,0.1894658217928861,0.33999999999999997
4.023050927123972,0,3.1016389332927377,21.96552602361454,0,3,1,-0.6985827723146025,0.43999999999999995
4.795283222877311,1,2.1547588167828913,30.787568684643134,0,1,2,0.5319550442029973,0.24
4.062171139684807,0,-0.0984701898293252,27.61747606327254,0,1,2,0.27640665351736304,0.24
5.12510049019885,1,1.6597162790474165,26.668220516695325,0,2,2,1.3296177886761589,0.33999999999999997
3.763710149584326,0,0.9985710776173935,23.55126087646626,1,2,1,-0.8291902856637259,0.33999999999999997
4.218224859099428,0,0.5199847505777779,27.98323859809545,1,2,3,0.6905753209497915,0.33999999999999997
4.8679659195501825,1,6.885788471138736,28.100654790454726,1,1,1,1.2640835523684497,0.24
3.9546439743766726,0,2.5775315782238,24.090994234555588,1,3,2,-0.43761773574833374,0.43999999999999995
3.9857496392064915,1,4.963973320245537,23.580159481318923,1,2,1,-0.12695359913496748,0.33999999999999997
4.203576281286527,1,1.8633470884146988,29.459858440384334,1,1,1,0.1907381334145713,0.24
4.394422735360754,1,0.9541623324395414,30.61511539318413,1,2,2,-0.23657866734445712,0.33999999999999997
4.211092220803192,0,2.283588505932172,28.570848729767267,0,1,1,0.17731919608175545,0.24
4.718033732073059,0,1.6933650438370096,31.45250394905309,0,1,1,0.6734362294118096,0.24
4.18015430600748,1,6.100647379040919,27.740845046945505,1,1,2,-0.11397606542572955,0.24
4.143187074992177,0,2.5270266903604255,27.836946176799394,1,1,2,-0.12179879680776232,0.24
4.052435976557366,0,2.27973641493993,25.24891591377763,1,1,2,0.2666617921097465,0.24
3.7362397379081345,1,2.1559707163366424,23.31927406733885,1,2,2,-0.3991684022359678,0.33999999999999997
4.6082057021715865,0,2.2946960861668035,33.56398640157875,0,2,2,-0.349713262234294,0.33999999999999997
3.9628892353788037,0,3.1857115899592827,31.39389715074924,1,2,1,-0.8988602879961305,0.33999999999999997
4.045386317367067,1,0.6435619531144464,23.822462298584565,1,1,3,-0.04214145257696848,0.24
4.64900632516954,0,4.480622498942239,28.467255723493842,0,3,2,0.44774985312145577,0.43999999999999995
5.11217247190895,1,3.696632200400669,27.699861066689,1,3,2,-0.26913733956999786,0.43999999999999995
4.5822580813421085,1,5.9422861627977355,27.17802258051087,1,3,1,-0.773511049000758,0.43999999999999995
3.9473527861681545,0,0.33956058522997834,26.772946456555182,1,1,3,-0.09621668128166411,0.24
4.488054831515087,0,4.3438188699846,29.143807440903938,1,2,1,0.39708784353595983,0.33999999999999997
4.277750106695664,1,3.985043944576493,30.454526576414423,0,1,2,0.12796929039859078,0.24
5.831742312507306,1,5.744881425621656,29.207173507084615,0,3,1,2.2295499723722787,0.43999999999999995
3.702656784318808,0,3.6341138325128886,27.63844487686242,1,1,2,-0.6564159103736079,0.24
3.9276033602633014,0,3.503203452106038,27.52831984932664,0,1,1,-0.1503168983599416,0.24
5.137316031404289,1,6.857544279382445,30.810442950768,0,2,2,0.7792974653425291,0.33999999999999997
3.937864301863664,0,5.67923216625992,29.390334814348186,0,2,1,-0.6946798508770216,0.33999999999999997
5.220209919333335,1,8.700089357085176,28.2180683891063,1,2,1,1.9282188775333484,0.33999999999999997
4.31237683887847,1,2.001483972106681,27.892296107199677,0,1,3,0.00461607026025236,0.24
4.845112614543334,1,5.020016693617078,29.035811528836867,0,2,1,0.5611437877711567,0.33999999999999997
4.388821181199872,1,5.856797220920008,26.59495393432165,1,3,1,0.019013635735873655,0.43999999999999995
5.3538852737643925,1,3.1011952746742826,30.46461645192463,1,3,1,1.0186379447688925,0.43999999999999995
4.046911839008443,1,-0.51749775753044,24.7724243144864,1,2,3,-1.062844499348112,0.33999999999999997
4.829759121971874,1,4.375795816558356,26.765630470700554,1,2,1,1.5718475276978363,0.33999999999999997
4.122065831877041,0,7.1441981959554814,29.833318286338073,0,1,1,0.2317188049735523,0.24
4.484842411429213,1,4.157293265322073,24.60135155993718,0,1,2,0.6584588768809458,0.24
3.934763539405116,1,1.2412305885370443,23.2809743720515,0,1,1,-0.7383753192298868,0.24
4.261412069596675,0,6.332158960986933,28.18923302628772,1,2,1,0.3372430137475276,0.33999999999999997
3.6068962916187486,0,0.023697407199257392,22.91062553666059,0,2,3,-0.9679899618118405,0.33999999999999997
4.693290784463095,1,5.918361109665172,24.103589337844415,1,2,1,1.1756444306427223,0.33999999999999997
3.8630326073718,0,3.149301003390067,30.269782355519297,0,1,2,-1.2898084181248786,0.24
4.852917751649651,1,3.3270451865138115,27.385644227182794,0,2,2,0.15417341781887925,0.33999999999999997
3.8466779437316756,0,1.0317604942734138,31.856460849126957,1,1,3,-0.3884261151544872,0.24
3.3931146634661205,0,0.6219663290350347,24.385556977187633,1,2,3,-1.562627887521989,0.33999999999999997
4.3368415014761,1,4.875039337995047,27.718142903103146,0,1,1,-0.9353587301463556,0.24
4.523547248158525,0,3.6753558521375163,29.19875365962328,0,2,2,0.4495937267844734,0.33999999999999997
3.8933650648683438,0,2.4073608651913254,24.488455209613274,0,2,2,-0.8965569977442501,0.33999999999999997
4.198906932454955,0,2.74733593182404,31.095285713498875,0,1,1,-0.6691705651441885,0.24
4.4104617396338535,0,2.7978450847542145,29.532036649498117,1,1,1,0.37334457284023786,0.24
4.498781359257946,1,-0.07255983147181344,23.172138739937697,0,2,3,0.9148415162344212,0.33999999999999997
4.619846804156065,0,5.074164208621985,27.8867746113742,0,1,1,0.6607765209973608,0.24
4.527373404098441,1,5.068831688524961,29.157870208775897,1,2,1,-0.04657702407304274,0.33999999999999997
4.166360642610727,0,-0.10916645691484272,26.22982997941583,1,2,3,0.2176390641190103,0.33999999999999997
3.922653710049197,0,1.8402746593657777,23.560405283473557,0,1,2,0.11874575042916895,0.24
4.2555341275054595,0,3.9208635300984938,28.83537636834223,0,2,1,-1.0363559765470953,0.33999999999999997
5.499286886292981,1,4.016399977238777,34.63372885084768,0,3,1,0.27943909071367024,0.43999999999999995
4.246630688593998,1,3.462957079442827,26.83904770252693,0,2,1,-1.0452595479891897,0.33999999999999997
5.0406312649744525,1,1.5730280511176369,32.70772354385413,1,3,3,0.6142761413413215,0.43999999999999995
3.8412628605598034,0,1.592963417915121,25.743133534715597,1,1,3,0.13513564044673346,0.24
3.482460756721896,0,4.552649811244033,28.646636905029855,0,2,1,-2.1642000682069678,0.33999999999999997
5.033130706906188,1,2.7471282321778845,30.314567592628357,1,2,3,0.9791171774462315,0.33999999999999997
4.680362030173006,1,6.501118237414843,27.974759002085904,0,3,1,-0.5220317438477535,0.43999999999999995
4.098530843876104,1,2.4624682425221818,27.106793053356306,0,1,2,-0.6048040003327413,0.24
4.76166487156221,1,4.761180842567345,30.17838256405112,1,1,1,0.9559035422707072,0.24
4.695799501405014,1,4.142681328720879,33.674365345807665,0,1,2,-0.16326198159996091,0.24
5.221790902140463,1,4.511772449303545,28.901760773917395,0,3,1,0.5974121727795515,0.43999999999999995
3.7572385566988054,0,7.526749631193436,26.451819470408957,1,2,1,-0.6533556460669689,0.33999999999999997
5.225417769387699,1,2.2970071761454367,27.43074532822095,0,3,1,0.803669249636638,0.43999999999999995
4.417818888600011,0,1.7533661553150313,35.55912293693612,0,1,1,0.1972003597071161,0.24
4.165864165507998,0,2.1696250879047323,28.404721349014384,1,1,3,0.4049166611510962,0.24
3.6112231955114003,0,1.5482232374853235,26.216758904266083,1,1,3,-0.17852361797901883,0.24
4.98824629267385,1,0.18882165039745913,24.56479625055238,1,2,3,1.6297699338428921,0.33999999999999997
5.2571802884032435,1,6.4331544794826305,22.522296717662183,0,3,1,1.870443207327375,0.43999999999999995
3.4915067523176733,0,2.7873134868696297,29.09075282153857,0,1,1,-2.203717213588141,0.24
5.374780875763153,1,6.206777686529628,29.96392597847351,0,3,1,0.9263557417083659,0.43999999999999995
3.549253512702078,0,2.9561130261609874,26.80991146010438,1,1,1,-1.0797406403173953,0.24
4.460858494842527,0,5.1491503818762485,27.955088745907137,0,2,1,0.5096768435010928,0.33999999999999997
3.9748227023996647,1,4.309102801041191,24.48861487213413,1,2,2,-1.7776760806473844,0.33999999999999997
4.399480497248852,0,5.264287514382656,28.398785394482502,0,1,1,0.4032382214992748,0.24
4.0283009585025065,0,2.0654150254746124,29.444485961701375,0,1,3,-0.8362375405988187,0.24
4.15987702264115,1,2.532535912371375,26.394507198497088,0,1,2,-0.45882104844745364,0.24
4.266470910536432,1,2.283177317304511,33.07135800875752,1,1,1,-0.43209417461126476,0.24
4.605003042411786,1,3.944509306623231,25.488681019759266,1,3,2,-0.7345507205316113,0.43999999999999995
4.04371848678341,0,4.0939990946432365,28.850429812056948,1,3,1,-0.7074085019810824,0.43999999999999995
4.915441009708085,1,7.024061924464691,30.544951659113817,0,2,1,-0.39801415841928245,0.33999999999999997
4.688966012212847,1,3.9132125403506546,27.768131499551853,0,2,1,-0.15393119008422856,0.33999999999999997
4.585943101758025,1,4.18272335421415,27.434569543316528,0,1,2,0.32313187141112687,0.24
4.60405629262818,1,3.103220890024339,23.713401548651014,1,1,1,1.8607090960530799,0.24
4.841187958551928,1,4.174858555961807,32.07202448714885,0,3,2,-0.9468758715725644,0.43999999999999995
4.794781524645823,1,5.348743726116124,27.490320394997212,0,2,1,0.1267086884715438,0.33999999999999997
4.74129761855054,1,5.799593481537423,29.612096274804475,0,2,1,0.7726524235266179,0.33999999999999997
4.09994656818563,0,2.991950773111146,30.018161463580423,0,2,1,-0.7088919523582494,0.33999999999999997
3.4999128379516447,0,2.7424251541734854,26.11510452394674,0,2,2,-2.257269998823912,0.33999999999999997
3.290447903758325,0,2.0613693672739264,27.407414187126356,0,1,2,-1.909277914971325,0.24
4.269580781543683,1,3.2546314499266082,32.00344705223051,0,2,2,-2.2204896726647982,0.33999999999999997
4.784338010796099,0,0.7320092159985663,24.648407002778665,0,2,1,1.5401168846916007,0.33999999999999997
5.037108482653207,1,2.7733428681732653,34.38375422427177,1,3,1,0.6141552906334307,0.43999999999999995
4.5427372521745,1,3.829907306982102,25.76538164417118,1,2,2,0.755975360830629,0.33999999999999997
4.4320574677667235,1,5.898705635082695,24.461447630078464,0,1,1,0.9814080722964907,0.24
4.085645323295753,1,4.069935320959714,28.396927062065604,1,1,1,-0.5754707068691476,0.24
5.790409208522524,1,4.108780567455499,34.62504479301961,0,2,1,2.303044698086693,0.33999999999999997
4.072166481957806,0,4.155980574851253,22.267102193223387,0,2,2,0.3354665930776775,0.33999999999999997
4.588144695753293,1,3.118147894620729,27.576952844530922,1,2,2,-0.07277251686009856,0.33999999999999997
4.907697608369742,1,5.090703921659696,29.42879505176967,1,2,1,1.1100018145971213,0.33999999999999997
4.604810558072771,1,4.757874573790963,28.100949875606595,1,2,2,0.6672998731802249,0.33999999999999997
4.832392443634749,1,1.0672182099220133,29.14576501000903,0,1,2,1.3350459298048407,0.24
4.310955235238419,1,4.940722685985607,25.84590075348318,1,1,1,1.3938332446988326,0.24
3.8658822903191288,0,3.048621314589571,26.200834462205858,0,1,1,-0.35324654292745533,0.24
4.34751994852897,1,3.984008781264324,27.5547320585224,0,1,2,0.18702482090365932,0.24
4.10703557276135,1,-0.3392119186636706,24.610335736291745,0,2,2,-0.9091953667840901,0.33999999999999997
3.834702492831061,0,6.488439691198317,27.865940795679432,1,1,1,-1.6282821718814546,0.24
4.727959899327407,1,4.14399028074941,26.833764118985496,0,1,2,0.8367972180946409,0.24
4.196575134002944,0,6.896785625976407,26.589864444535394,1,1,1,0.9570358639551602,0.24
3.4675527951137477,0,3.0995095636041565,28.961519237795912,1,1,2,-1.9822399399113102,0.24
4.529278903128818,1,5.002202223050317,22.53802152040209,0,3,1,-0.7172080630738087,0.43999999999999995
4.2661463797450185,1,7.623230244285779,27.31272968985054,1,1,1,0.0560833975868275,0.24
5.117331639343434,1,4.230343661569003,34.95206129684458,1,2,2,0.15138774180092823,0.33999999999999997
4.929701384999607,1,2.134435921928415,24.741670941023123,0,1,1,2.0450009110814196,0.24
4.646888897508319,1,5.221855555037015,31.85650148945324,0,3,1,-0.6269381175446131,0.43999999999999995
4.43184338897715,0,4.644655726050356,28.163968362738096,1,3,2,-0.17130647527315612,0.43999999999999995
4.279007792314546,0,5.911755887267191,26.191126573355746,0,2,2,0.6498573741136284,0.33999999999999997
4.403710518387347,1,3.7416705849031384,24.03807502141058,1,3,2,-0.350203091907874,0.43999999999999995
4.116657600540874,0,5.3306227926544425,28.419045895855696,0,1,1,-0.5049761304878643,0.24
3.8624159705843706,0,2.5019391312617274,32.36019131744403,0,1,2,-0.5870599097931797,0.24
4.458398350226736,1,5.2663521719873705,26.832366564409707,1,1,1,0.2329802549559086,0.24
4.24774807791285,1,2.552642059401909,27.757115725789678,1,1,1,-0.1756904428890104,0.24
4.746356633741621,1,4.527578438042643,31.031112550570995,0,1,1,0.6824799707485644,0.24
4.473446256869596,1,2.094037290376943,29.022612374038843,1,1,1,0.35745814027230144,0.24
3.361815207099739,0,4.004744634492048,23.283172660826263,0,2,1,-2.915389804481916,0.33999999999999997
3.672808474282057,0,3.818388897798223,28.29666164756555,1,2,1,-1.7515265743612687,0.33999999999999997
4.1427128209032125,0,1.5400070194882312,32.53670473199679,1,1,3,-0.5007627150360905,0.24
4.4814784616968835,1,1.3132999899007542,27.889176440597506,0,1,3,0.9800025893061792,0.24
3.815062890894644,0,1.4970258291018703,19.77553171156787,0,2,3,-0.651678440113482,0.33999999999999997
4.5617642111427745,0,3.218859046542332,29.164644974773218,0,2,2,0.37459115155721917,0.33999999999999997
4.465664084055337,0,1.2928297515847866,27.40463068136789,0,1,3,0.598495735728614,0.24
4.013837110415817,0,2.1848520110074467,22.51271675823635,0,1,1,0.5402662582784524,0.24
4.119855305481172,1,2.453231044628741,22.962375729838648,1,2,2,-0.5474242799271158,0.33999999999999997
3.7633418889430175,0,7.29106559983193,30.925321429866425,0,1,1,-1.148087509294043,0.24
4.436393113331961,1,7.321612619720682,25.80285176321476,0,3,1,-1.3122243861015703,0.43999999999999995
5.0368623979127065,1,5.747025159436891,25.277510857792024,1,1,1,2.9709352037276755,0.24
4.337195218462285,0,4.8735654784273335,27.893084317204995,0,1,2,0.4554262971974579,0.24
5.012516376376065,0,6.117965660449052,26.067391005040182,0,2,1,1.8405829103452236,0.33999999999999997
4.334297030533253,0,5.167380381963903,28.300145883333236,0,3,2,-0.8331102618088251,0.43999999999999995
4.820173354104298,1,1.1813977368910975,27.391839911689992,1,2,3,1.2483184433557513,0.33999999999999997
4.1004573793596775,1,3.5149551148058213,24.40001325971907,0,1,1,-0.47681068674531824,0.24
3.7810225064189904,0,6.81673285432818,26.466406604315846,1,1,1,-0.02894844278536387,0.24
4.81926277706663,1,4.196772912389656,29.328259963927312,0,2,2,-0.2863637861139931,0.33999999999999997
3.8284278437244716,1,4.930635481908013,28.125754120715875,1,1,1,-0.879436050756387,0.24
3.817663619137367,0,0.6533775783465344,27.754172552824507,1,2,3,-0.8642356827447326,0.33999999999999997
4.6075507256298405,1,1.65880092512234,33.812152723538155,1,2,3,-0.03910730261128754,0.33999999999999997
4.045960130157145,0,5.712455092672624,30.193112576156608,0,1,1,-0.5870798030324644,0.24
4.362660005686807,0,5.498240493080177,30.55732379446403,0,1,1,0.12672023234222515,0.24
4.12174714093363,0,1.5787229712437787,27.502094776615227,1,2,3,-0.8378293121514563,0.33999999999999997
4.536651884389981,0,1.9721194556162636,28.660435571053824,0,2,3,0.7074608876884957,0.33999999999999997
4.263683749201689,0,4.890724092627579,26.706700031422923,0,3,1,-0.4599634180320682,0.43999999999999995
4.397428955803737,1,4.907233042457398,30.332649296572384,1,1,1,1.6369338608787378,0.24
4.49172261361877,1,3.8234977464983073,27.66880028770287,1,2,2,-0.05062491968116737,0.33999999999999997
4.346842195213351,1,3.664265781891239,28.667133246791668,0,1,1,-0.10218138422990053,0.24
4.457521949255688,0,1.4474978228311277,28.481833906465504,1,1,3,1.6035350746083237,0.24
4.564561977371774,1,3.376887391584936,27.945499355783635,1,2,2,-0.4952797846653775,0.33999999999999997
5.340575969147058,1,2.4311637750338164,36.81456420146731,0,3,2,-0.406905815835162,0.43999999999999995
3.8173002908507594,1,5.032829034106563,26.000142167515833,1,1,1,-0.7009737980981813,0.24
4.314109965155934,1,2.5504303270646753,25.972865409523923,1,2,2,0.20443370994279317,0.33999999999999997
4.1999620345677915,1,0.47756307268443976,30.08229024043527,1,2,1,-0.7351803221074122,0.33999999999999997
4.416888490260844,1,3.1164727283854807,26.21449300277446,0,1,1,0.7766650174046695,0.24
4.348417139498888,0,2.9074167798184893,27.12578091595332,1,3,2,-0.04657854635140009,0.43999999999999995
4.412251135848429,1,2.643096261899124,24.740767139933144,0,2,1,0.8388904759274616,0.33999999999999997
4.5713321113810865,0,4.679213160807135,29.47467375820776,0,2,2,0.7261849601874505,0.33999999999999997
4.1921681212853565,0,2.780234650554455,29.512771733452453,1,2,3,-0.5124826515561975,0.33999999999999997
3.8763322556300794,0,6.452066330855759,27.054423820229665,0,2,1,-0.7369733499605787,0.33999999999999997
4.481989576863764,0,5.932666590827221,30.144450065440218,0,3,1,-0.3283602260761153,0.43999999999999995
3.915204629228762,1,6.970621477325006,22.425624958799226,0,1,1,0.008868172637017174,0.24
3.6879524874992935,0,3.15075391133954,25.879439795456967,0,1,1,0.33402201044028934,0.24
4.927988453163834,1,3.465726569292091,27.490062441367208,0,3,2,0.44513133365456464,0.43999999999999995
4.155048837685759,0,2.525207620013311,24.48315250929114,0,3,2,-0.031926886127300984,0.43999999999999995
3.5996047331134524,0,0.6699742672719724,22.753860887743834,1,1,3,-0.6811794077339197,0.24
4.189908853788721,1,3.5020266647386236,27.07631210488466,0,1,2,-0.5866240023976257,0.24
4.253338744234271,0,8.724838243818535,30.082060261182225,1,2,1,0.5183537121634308,0.33999999999999997
4.3811585918575515,1,5.190884155726645,31.846325174279535,1,1,1,-0.6501834446928768,0.24
4.834757876354152,1,8.527252400401474,26.35813635038388,0,2,1,0.560234485273779,0.33999999999999997
4.199404075005397,0,1.3534066671944602,30.199647512864782,1,1,1,0.5929605220461355,0.24
4.755164626712038,0,3.7382673907934114,29.909626114227002,1,2,1,1.5339165893185778,0.33999999999999997
3.8467293132479456,0,5.817633161303855,31.65582452300349,1,1,1,-0.4808537552959207,0.24
3.7806322884780212,0,0.5105877080884242,26.949426908937994,0,2,3,-0.3251540280195679,0.33999999999999997
3.20004710035082,0,0.888907473605828,22.60449851444598,1,2,1,-2.312697461853295,0.33999999999999997
4.162990036047742,1,4.277179846543475,28.210557557268235,0,2,2,-0.9430728750427352,0.33999999999999997
3.6270670361340236,0,9.946035193237407,24.95861877709083,0,1,1,-0.9561290229166377,0.24
4.054827002894506,0,5.493825543660194,25.829484672813976,1,1,1,0.5056716944342423,0.24
4.305482421023557,0,6.208871999997575,27.096342567840452,0,1,1,1.8073789026460552,0.24
4.304386159903036,0,3.7121136641497148,26.98321710595257,1,2,1,0.5807579839756919,0.33999999999999997
4.592438331087567,0,5.486568294792682,28.424677800687384,1,2,1,0.9907919301595199,0.33999999999999997
3.5302303161657935,0,0.06192758190587677,30.109468949258854,1,1,2,-0.7113302039700827,0.24
3.9912629374678303,0,2.8729061337028114,26.896793250172102,0,2,2,-1.1979746298120537,0.33999999999999997
4.761595327475765,1,3.2243399795762504,29.187092519824013,1,2,2,-0.24202144111293653,0.33999999999999997
3.926834564863288,0,-0.0295625119061369,28.044448029791518,1,2,3,-0.6237542417424811,0.33999999999999997
4.333059796262646,1,-0.2631123321384661,30.806483187635337,0,1,3,-0.8610905039149233,0.24
4.386487491429434,0,3.713906673002369,27.43422444668105,0,3,2,0.21826067923215703,0.43999999999999995
3.920419768003155,0,1.572089125809013,27.763219972676332,1,2,1,-1.1859203190813077,0.33999999999999997
5.058304904101488,1,0.8363373871295893,26.87679865600328,1,3,3,0.8264806848326617,0.43999999999999995
4.078493457424615,1,1.8263578363544748,27.513254380124515,1,1,3,-0.3994411356708754,0.24
4.683034278346485,1,4.7489310558041495,25.649535614962378,1,3,2,-0.04523846345538226,0.43999999999999995
4.056713608650339,0,3.2076121670513675,25.35220814156946,0,1,2,0.09978630808852962,0.24
4.2667504552222155,0,1.9815228127174427,30.327296155848174,0,2,1,-0.46671449504811613,0.33999999999999997
4.7112448744199,1,1.9570744667329565,24.750394950446196,0,2,2,1.2655488236068289,0.33999999999999997
3.9382203472221806,1,0.7378299830224627,27.04264573090629,1,2,3,-1.6057808133078264,0.33999999999999997
5.170149266952862,1,3.4778557835563846,31.04602835881299,0,2,2,1.2833349961088085,0.33999999999999997
3.7668927186698578,0,1.9136721508557206,26.941897614989177,0,1,2,-0.34705401109036726,0.24
5.323962794118573,1,3.9778020665515093,30.486221361056725,0,3,1,0.9207474469776205,0.43999999999999995
4.452452702699361,1,7.640342152614695,26.226862837819475,1,2,1,0.20124094126030537,0.33999999999999997
4.809381358053977,1,3.0734969517980657,24.84650918094942,1,3,2,0.8504967536789582,0.43999999999999995
3.878096151183911,0,3.5252257944733385,23.215522435297537,0,1,1,-0.11841192238273791,0.24
4.846868530333086,1,1.3425980689286932,31.938172207817985,1,2,2,0.23843602452533633,0.33999999999999997
4.699288155107396,1,4.1057842880606366,24.589386455096754,0,2,2,1.0979047571667402,0.33999999999999997
4.803202170307866,1,7.1216712705881875,30.24155977037528,0,2,1,0.09584888401692072,0.33999999999999997
4.685410232852901,0,7.654357016244424,25.000158919619853,0,2,1,1.330078208380714,0.33999999999999997
4.251711248841992,0,2.301299424780931,31.952151753819464,0,1,3,0.3521967366878146,0.24
3.9617184681463096,0,6.142639148254034,34.6203481738453,0,1,1,-0.7327199693227181,0.24
3.989404774076382,1,4.186483071133165,22.94040982092899,1,2,1,-0.3548111108037923,0.33999999999999997
4.672752646824731,1,1.623493056178905,24.74573069752356,1,2,2,0.8881075723061893,0.33999999999999997
3.8655286379988913,1,0.20145817874902527,30.319395591409673,1,1,3,-1.2397805412930212,0.24
4.27903919392847,0,3.0863889592849056,29.539128770097445,1,2,3,0.7928800194669187,0.33999999999999997
4.347217461655134,0,3.088338495490588,30.330765564280576,1,2,2,-0.3657684181663989,0.33999999999999997
3.9899693598416692,1,6.094463663589943,26.278733348786872,0,2,1,-1.289719305642778,0.33999999999999997
4.524720411605959,1,1.2250305406950246,33.9626024830701,1,1,3,0.2072562318019896,0.24
4.068136372415817,0,0.2894405833234739,28.354148400069324,1,2,2,-0.700190316516467,0.33999999999999997
3.8964885177720476,0,5.068828086804941,24.34911226946944,1,2,2,-0.5716246700699371,0.33999999999999997
4.476904115588805,1,3.5744113603373115,27.240554499871166,0,2,1,-0.6257361994142051,0.33999999999999997
4.693740135993958,1,6.865147040670684,24.3892993113135,0,3,1,0.114893197367735,0.43999999999999995
4.355336191842521,0,6.939762414029671,32.772824075662314,1,2,1,-0.3899664755242815,0.33999999999999997
4.210450045603731,1,3.530864683798944,26.019006211599653,1,1,1,0.39094871127476954,0.24
4.77858251356685,1,5.329149235477471,29.477450454233868,0,1,1,1.0124204522399554,0.24
4.2475015914364604,0,1.3755433726655681,26.58798056505346,1,1,3,0.5416880031673664,0.24
4.3702221936404095,0,6.379204757418585,26.15383807071246,0,1,1,1.8053080564662305,0.24
5.176651354879938,1,9.417229526691797,22.269237456156848,1,3,1,2.051348550253969,0.43999999999999995
4.963970537960401,1,6.416937156003848,29.7945238089717,0,3,1,-0.2902562604778381,0.43999999999999995
4.63074392462916,1,4.664232843366913,31.89754375788755,0,2,2,-1.1526208745614355,0.33999999999999997
4.142612597239197,0,0.5368701359514967,25.252097255904545,0,1,3,-0.2891322660228035,0.24
4.165795788150116,0,3.932152186982617,23.364312655003985,0,1,2,0.11835406746919763,0.24
5.413479559231695,0,0.08954036921493758,30.409948128213486,0,3,3,2.225771172415349,0.43999999999999995
4.340820115965358,1,0.9734233605371164,23.061275952681246,1,3,3,-0.3748025018588783,0.43999999999999995
4.15296337796851,0,1.2979980132477897,31.658598807844776,1,1,3,0.2779303704666441,0.24
4.0682007600464125,0,7.588662506410785,25.28681463113614,0,2,1,-0.6811612169665737,0.33999999999999997
3.4875209668821334,0,6.217935804547225,24.690121771526123,1,1,1,-0.3466742906400417,0.24
3.977929679968999,1,3.7866101695653884,28.745387263393873,0,1,1,-1.2143861514189598,0.24
3.6347300782341394,1,6.073070602652785,24.88558214496569,0,1,1,-1.4627324026330295,0.24
4.425700458718607,0,3.8425977783747927,25.87866675612037,0,2,2,1.3609306661437917,0.33999999999999997
4.750126646609642,1,5.70164353404584,29.06194579801302,0,1,1,1.0661970143826625,0.24
3.5931901340873766,0,2.804180054037121,20.71266298850006,1,1,2,-0.3696020320607774,0.24
4.9954225789363935,1,5.1059886163712545,32.92725773778497,0,1,1,1.0633825569080215,0.24
3.582200437309126,0,3.185000278922484,28.130920397397215,1,1,1,-1.3069063044896543,0.24
3.8512064985611847,0,9.960408449994986,24.121101962789417,1,2,1,-0.17336321057784843,0.33999999999999997
4.010998917683714,1,0.7881487918979935,24.948263892139476,1,1,3,0.17426251261010225,0.24
5.449280458661943,1,3.0473769841585043,30.974939134782407,1,3,2,1.2660542341170993,0.43999999999999995
4.022695049785323,0,1.156173033170131,29.80315880522231,1,1,3,0.19754073435902963,0.24
4.240427596279898,0,1.9888953176633075,32.16034197185564,1,1,3,0.5447508943195698,0.24
3.918274080539348,0,2.40313411687573,25.951771465587296,0,1,1,-0.46996076823290633,0.24
4.316512526054352,1,1.5087889289716707,28.88975151145241,0,1,1,0.2639580239476008,0.24
4.40606842107469,0,2.1443612810409585,29.27970373535103,1,1,2,1.26436007965543,0.24
3.489958088619292,0,2.7200282844731425,30.08580250075671,1,1,2,-1.616509785768688,0.24
4.759197247105385,0,7.416641669079588,31.38184337029621,1,3,1,1.136074630595519,0.43999999999999995
4.4319256430368315,1,3.3831071405391193,25.84820828246696,0,2,1,-0.20997100935019117,0.33999999999999997
4.614255966146932,1,2.0736062993199287,27.657489196718558,0,3,2,-1.4059532088476219,0.43999999999999995
4.194851579710911,1,3.728021044338883,26.169550763259565,0,1,1,-0.267131294220717,0.24
4.9131012773014096,1,2.285813584073711,27.842164379930875,1,2,3,1.290081157043634,0.33999999999999997
4.413906091582368,1,2.1271802643453706,30.095298346188926,0,1,2,-0.48233498346885506,0.24
4.575250397423196,1,6.852958241796267,23.037893499217894,0,2,1,0.29933971563876866,0.33999999999999997
4.155661757234662,0,1.8686726056847829,31.328114708377857,0,3,1,-1.6131859819487837,0.43999999999999995
4.304901003305107,1,4.561129286266942,24.58245362720875,0,3,2,-1.8256662667115886,0.43999999999999995
3.945606797933962,1,2.8545332890992325,27.077889040908307,0,1,2,-1.0767390196833326,0.24
4.506168007456385,0,3.081989956702133,31.731825774898375,1,1,2,1.0128080096704857,0.24
4.530194840532387,1,1.750604676907248,28.984029153950214,0,1,2,-0.05083131778477398,0.24
4.648934080975385,1,2.5839229412105724,29.018589844790977,1,1,2,1.0996962118804638,0.24
4.173378929651314,1,3.1679288711072644,24.458121864114666,1,1,1,1.1581136585376606,0.24
3.73142408678582,1,-0.38312499771318764,24.86774219252848,1,1,3,-0.758151544748751,0.24
4.898423731958533,1,3.933668025412194,30.823769190006757,1,1,1,1.5670010163427355,0.24
3.5750523951260784,0,4.459535831584615,26.23256936354683,1,2,1,-0.5443795893481869,0.33999999999999997
4.914409644985663,1,5.595081081034274,26.51526438010045,0,2,1,1.0003622176754838,0.33999999999999997
4.6225433500467945,0,1.9840892377085062,30.891853753164135,1,2,1,0.9594915023854593,0.33999999999999997
4.371125476137488,0,6.01700902433069,24.850259363891418,0,1,1,0.06503451541399258,0.24
4.465226019851237,1,5.004734984751574,28.807705398658776,0,1,2,0.06666270973599647,0.24
4.38630060575855,0,4.3013889692445995,28.128721978503073,0,2,1,0.3204606939685967,0.33999999999999997
4.5087793919937855,0,-0.24011901739965547,27.991942822410273,0,2,3,0.11543736443955427,0.33999999999999997
4.093533617144035,1,2.676584943471504,26.444693104367488,0,1,2,-0.39013702849452153,0.24
4.5665917260689515,1,7.870381424600599,26.260434455610014,1,3,1,-0.4759010464966622,0.43999999999999995
3.9269305551345908,1,10.000522935960172,24.764907508615405,1,1,1,-0.38214080777505954,0.24
4.477897754036726,0,2.8769980247306552,29.44799507812392,1,1,1,1.2182164112153675,0.24
3.5847827550127245,0,2.4053051801169123,25.99555242544979,0,2,1,-1.588340046284596,0.33999999999999997
4.071285097268382,0,5.205499222616031,30.906233863501754,1,1,1,-0.49684175483182846,0.24
4.08967373931465,0,0.8421630386412531,27.326334875228042,0,2,1,-0.3259408008332066,0.33999999999999997
4.421718475763804,1,6.298830463651008,24.824648531736887,0,1,1,-0.22809823585606126,0.24
4.016393655273698,1,5.226161526145715,27.28655835355474,1,1,1,0.2967750189178912,0.24
3.7702926777606107,0,5.734573198522755,26.76742840259058,1,3,1,-1.3482494582244817,0.43999999999999995
4.254566944089303,0,0.3294184513393347,31.027310235184157,0,1,3,1.0253160630177611,0.24
4.8054638135860985,0,5.510031531936804,26.892999432245404,1,2,1,0.8869538083545248,0.33999999999999997
3.9268323263219562,0,4.585592421329875,27.171368856399024,1,1,2,0.6743339442765226,0.24
4.7534720302779805,1,5.4000468113331825,32.23464011647731,1,2,1,-0.20755858859075815,0.33999999999999997
4.303789828389222,1,2.309802769074915,29.524801964390047,0,1,1,-0.7383520046578884,0.24
4.65594510175714,1,2.64589119324245,32.98811804801049,0,2,2,-0.32520159220295725,0.33999999999999997
4.963071472103007,1,8.70792937209967,31.777135012191714,0,2,1,0.06086510931837263,0.33999999999999997
4.006432854843119,0,5.481784116959727,25.338512234911438,0,1,1,0.666185766150084,0.24
4.102066294757655,0,4.50254745960627,30.969852563200323,0,1,2,-0.08131120535795355,0.24
4.892646217308585,1,8.12007531578165,32.575909876223776,1,3,1,0.36045261340312545,0.43999999999999995
4.700198155097493,0,3.508768884470255,32.59843939697026,0,3,1,-0.43390876091236813,0.43999999999999995
4.430283520504723,1,6.779355280173544,30.96428795073006,1,2,1,0.2863258561450218,0.33999999999999997
4.769387172464627,1,3.9396852938956517,30.902568984727527,0,2,1,-0.24919993574831256,0.33999999999999997
4.806445593474598,1,7.173166686690273,27.09201686897335,1,3,1,0.2679515478687434,0.43999999999999995
3.555764068625316,0,0.8047326496882518,25.487853746951277,1,1,3,-1.766941368653625,0.24
4.398190465410706,0,3.349028824016961,26.94334804330763,0,2,2,0.48710437336117896,0.33999999999999997
4.189477721080447,0,3.4521443674459995,23.00563299570171,1,2,2,0.5400031129421958,0.33999999999999997
5.076808463034769,1,2.7869513394649768,32.02838594626512,0,2,2,0.5289624702758279,0.33999999999999997
3.985794132844513,1,2.7705967500931923,27.150121121746864,0,1,2,-0.9874425108340078,0.24
4.447898681465386,0,0.712758552471607,31.87399218719488,0,2,2,-0.7101307150573316,0.33999999999999997
3.9116833572448226,0,1.9660991804982944,24.305501268335203,0,2,2,-0.8685886104300619,0.33999999999999997
5.18619204781841,1,4.383786457210028,31.24787476300663,1,3,1,0.32998064033366276,0.43999999999999995
4.134069833750262,0,5.26972676041385,26.515358025462042,1,2,1,0.6582249160972643,0.33999999999999997
4.177617401315439,0,0.7630873985559143,24.14689177507248,0,3,3,-0.6965628707267122,0.43999999999999995
5.549014636160879,1,0.33638172057002325,32.881354156479276,1,3,3,1.3156127329295502,0.43999999999999995
4.543462213146712,0,6.358905344303618,31.321935008022322,1,2,1,1.3023867662873105,0.33999999999999997
4.1620752259592155,0,6.250112580804649,28.63537726055735,0,1,2,0.13795882127169645,0.24
4.495605548269275,1,3.334121248599394,28.10181365540489,0,2,2,0.37088593898718264,0.33999999999999997
3.824011361273956,0,7.123217065909191,29.318530056457355,0,3,1,-1.6795504828522196,0.43999999999999995
3.811500802896994,0,1.3009653923073623,28.583885733752233,1,1,3,-0.5290398136748117,0.24
4.075485874978212,0,2.007487851117041,25.623172137485586,0,2,2,-1.2523595083210894,0.33999999999999997
4.046827925780273,0,3.394273807703691,26.763843190645233,0,1,2,-0.909986374180291,0.24
4.592726788917964,1,2.8881044105494262,33.88215349611611,1,1,1,0.514518844122076,0.24
4.6349188045067615,0,4.695081886248769,36.01647022788404,1,2,1,0.7560574036680082,0.33999999999999997
4.91282880723348,0,5.351976379050921,32.68800551569205,0,2,1,0.7978578646219977,0.33999999999999997
3.993707678746509,0,3.3830072015992085,29.43467182048787,1,2,1,0.24169146726205623,0.33999999999999997
4.83587366248772,1,6.484665867050479,26.986752901894196,1,3,1,0.5233745279224273,0.43999999999999995
3.3913059020082197,0,0.7588612859294772,25.605442318309102,0,1,3,-1.5891334675228708,0.24
3.680350297356404,1,1.5022880569196377,25.803152768709392,1,1,2,-1.2895320754776156,0.24
5.000542424501669,1,5.827964303080803,26.34019702393972,0,3,1,-0.20921734537697687,0.43999999999999995
4.753675666636337,1,2.0943423232625142,34.45349212427731,0,2,1,0.597486245344554,0.33999999999999997
4.523316601403508,1,3.443568177215549,33.418846889147794,0,1,2,-0.4472638052515313,0.24
4.395192109890035,1,4.8173500238870615,30.238835169806183,0,2,1,-1.3607834733201392,0.33999999999999997
4.1392309726713545,0,0.008801355482573325,25.118160470761524,0,3,3,-0.6917626899891313,0.43999999999999995
4.537619591284092,1,3.292402365527825,30.67916778013311,0,2,2,-0.9334851116617301,0.33999999999999997
3.674000326258086,0,0.4506810278690948,27.284148914468183,1,2,3,-1.724488668316241,0.33999999999999997
4.558116129743224,1,6.02469913410794,21.540971684067635,1,1,1,2.224392631147198,0.24
4.447675667787095,1,3.2048994275234515,28.86130191220378,0,1,2,1.232871542564588,0.24
4.087635337571776,1,6.515275779034996,25.474260877497834,0,3,1,-1.9756591397371337,0.43999999999999995
3.6918157027439147,0,3.702405382720402,25.575839712729888,1,2,2,-1.9220514034455873,0.33999999999999997
3.645587494303204,0,6.002408364768243,27.248776019295978,0,1,1,-0.8059890929456427,0.24
3.790543593208045,0,2.577729814219196,26.50503108117276,0,2,2,-1.489333617950285,0.33999999999999997
5.241447946815886,1,7.091823178773304,27.897229542687977,0,2,1,2.382618723656168,0.33999999999999997
4.026175409602497,1,5.365431052529644,27.753008349948388,1,1,1,-0.8023198840027553,0.24
4.2866945820775335,1,7.37764662827646,22.372572721457107,1,2,1,0.3615403399309268,0.33999999999999997
4.124513572838759,0,1.9302637822877555,32.5608339666485,1,1,1,-0.5057960070312287,0.24
3.65979368504035,0,5.769769273627754,25.049869831153963,0,1,2,-1.167184416003872,0.24
4.602877881966681,1,-0.2962989699366416,25.14280484460858,1,2,3,1.0473471869423954,0.33999999999999997
3.9128020203668057,0,2.2461364145422684,27.014340244629107,0,1,2,0.6548305749108781,0.24
4.175919407509342,1,8.925621795347451,27.674995457892116,0,1,1,-0.059568367182019515,0.24
5.5424837797535815,1,3.223147401850401,32.37693945049551,1,3,1,2.381934731097994,0.43999999999999995
4.0788555413576795,0,5.106094063222946,28.8082703561647,1,2,1,0.23505509890864115,0.33999999999999997
4.663558038909315,1,5.310303950561311,29.699396452328603,0,2,1,-0.4564687513048482,0.33999999999999997
5.019454203928901,0,0.42923754038981565,28.823608562749847,0,1,3,1.9152730772836726,0.24
3.9761054088515166,1,6.769925332824976,28.69438474749632,1,1,1,0.40387582536570305,0.24
4.79889672879015,1,2.0337998940417497,28.929188509261024,1,2,3,1.6279196354479482,0.33999999999999997
3.683177061629064,0,0.6303702352515366,22.201797572293184,1,1,2,-0.0390885879258319,0.24
3.6601678243338007,1,3.2793906860972872,27.250244545481415,0,2,2,-3.014441105453871,0.33999999999999997
3.9247106778086893,0,1.6264481711025494,31.48678333171347,1,2,3,-1.5587539359346088,0.33999999999999997
5.059145077213656,0,4.322760263351926,39.826993032420056,1,2,1,1.0827105335315388,0.33999999999999997
4.0302664636535805,1,2.5892358413958756,24.38707320238147,1,1,1,-0.5890629558189012,0.24
4.325009908073392,0,-0.5493343902993415,29.269239880973057,0,1,3,0.2533251176026255,0.24
5.326040868186002,1,6.2226693455890665,26.286860266376976,0,3,2,1.1338473986907467,0.43999999999999995
5.453684996986376,1,7.522922061552447,34.14295571169055,0,3,1,0.1794847517437893,0.43999999999999995
4.000220044398211,1,3.2148357289075706,23.938651717625557,0,2,1,-0.8594007902598229,0.33999999999999997
4.818491688086441,1,5.0071404720258075,29.874818470947638,0,2,2,-0.011086706855674061,0.33999999999999997
4.067426693996924,0,6.709111085926699,23.77836670148743,1,2,1,0.10693190288824854,0.33999999999999997
3.8785149529245713,0,2.0022818023225755,27.044299995817504,0,1,3,-0.40815556793484614,0.24
3.477149519898278,0,2.9423275969030978,27.89706000775057,1,1,1,-1.3849781367554532,0.24
4.345799059794995,1,1.7040556501603912,31.209075045218825,0,1,2,-0.35548231033477723,0.24
4.3186647365706845,1,1.8807468421523084,24.768499521524415,0,2,2,-0.09281404952620229,0.33999999999999997
3.6094895183958147,0,4.227219128437814,29.990149146542155,1,2,2,-1.443181620062757,0.33999999999999997
4.989232183339421,1,7.60931325481352,28.056333170163843,0,3,1,-0.9180912389954188,0.43999999999999995
4.287884612963929,0,-0.035526751255556155,28.818380158857938,0,2,3,-0.7168507128636109,0.33999999999999997
4.08953558316388,0,3.4058099540368176,30.874998144055425,0,3,2,-1.8603618486518825,0.43999999999999995
4.415973983656994,1,0.23961802011374245,24.152329920984137,1,3,2,0.12823567131479907,0.43999999999999995
5.064545113893264,1,5.6799089054850755,30.43178491944578,1,3,1,0.23695680166886934,0.43999999999999995
3.646744021034749,0,4.1675995278901325,26.293285440731726,1,1,1,-0.5443259765026652,0.24
3.6803035479458504,0,1.9159814879007584,31.28762036493048,1,1,1,-1.3686153510813006,0.24
4.809457826702576,0,5.869501059745655,29.00367290361364,0,2,1,0.4069865455455692,0.33999999999999997
4.567085081066417,0,4.090912821860432,27.371414855448833,1,2,2,0.5460797536805502,0.33999999999999997
3.536312950970814,0,5.31261869749447,26.229922092727534,1,1,1,0.09858233713126703,0.24
4.540759863905725,0,1.588324882388992,30.46988498306599,1,3,2,0.04156161724209905,0.43999999999999995
5.182161949353345,1,4.162685883287306,31.782855056442784,1,3,1,0.5939434942883154,0.43999999999999995
4.094704810272238,0,5.960609243083023,26.401445377419446,1,2,1,-0.09546866731292573,0.33999999999999997
3.7710486649837365,0,-0.26182840574302757,24.60098030265581,0,2,3,-0.9177580421966668,0.33999999999999997
4.433480654220263,0,2.326358729083182,30.082633128835678,1,3,3,-0.07028400666843893,0.43999999999999995
3.4510210702583057,0,0.1731502691598793,23.6544071738989,1,1,3,-0.3920519438025511,0.24
3.8887039034855997,0,2.1889511750846182,24.083462687251085,1,1,3,-0.07031539571283059,0.24
5.046916302796241,1,3.985446156531494,24.811899173416304,1,3,2,0.8842663082157606,0.43999999999999995
3.973206169904393,0,2.0005628783232146,26.753648550883753,1,2,3,-1.2020784485454163,0.33999999999999997
3.88673331422136,0,4.717179813950091,23.991004332353665,1,2,2,0.17747447501855362,0.33999999999999997
4.31385710872898,1,1.5668378287876918,22.18360027185527,0,3,3,-1.252585448542296,0.43999999999999995
3.960744558194674,0,3.9470088517895743,24.59366741698863,0,1,1,-0.9181806771924578,0.24
4.617224042419049,0,2.907189761515654,29.927423339717855,1,2,3,1.5738376346537932,0.33999999999999997
4.285050165954376,1,1.9987682531386004,24.185367783619697,1,2,2,0.4573064542739106,0.33999999999999997
3.9922869671027845,0,4.672338339321616,26.97919096613749,1,1,1,0.16094119714280872,0.24
3.9192307788869987,0,6.801535952387374,33.84009538709669,1,1,1,-1.6584718764013866,0.24
4.171835411333994,0,-1.41583430569379,27.85247760991873,1,3,3,-0.23574026772537868,0.43999999999999995
3.8194702107865224,0,3.865106223349372,29.02759296918878,0,1,2,-2.0727908991177424,0.24
3.8319068785481494,0,0.28551849505730775,25.161879945245342,0,1,3,0.037252722225978044,0.24
4.199158199661875,0,1.6520080252758973,34.490424561100426,1,2,1,-1.2469636989162949,0.33999999999999997
4.084659772699828,0,5.589015325966614,26.376116532584714,0,1,1,0.5578437435593815,0.24
4.734286991631423,1,-0.3355168685542047,27.31568594664545,1,3,1,0.1613039155519392,0.43999999999999995
3.9061253434873557,0,1.5036110823048336,31.951176033902094,1,1,2,-1.2160927038964155,0.24
4.695835066462999,1,1.9489922277402436,27.454797265439144,0,2,2,0.38159317645447255,0.33999999999999997
4.357329123361395,0,0.9364252837936542,28.143666348025643,1,1,2,2.0933882642389867,0.24
4.7171307753373934,1,1.4642157880769169,27.15493503763261,0,3,1,-0.20272543734442497,0.43999999999999995
4.971120085869388,1,2.7616764660529043,27.175502865828317,0,2,1,0.8803029522859216,0.33999999999999997
3.824301331979579,1,-0.2178262265044415,29.111506032484275,0,1,1,-2.1029864392378887,0.24
5.1220852981617355,1,0.9458578328728875,29.658829567594317,1,3,3,0.46769594451281354,0.43999999999999995
3.982329687587578,1,6.1581266986371,26.0702547063623,0,1,1,-0.5692726909316239,0.24
3.9453897719910236,0,3.885134122849707,25.701758631559212,0,2,1,-0.26901482321168574,0.33999999999999997
4.904343247119155,1,5.339891083453116,26.17259173342731,0,3,1,0.5951144978871618,0.43999999999999995
3.9042148763073086,0,1.4397580295179524,23.796237957400695,0,2,3,-0.24348163763884317,0.33999999999999997
3.7591788961262296,1,5.065166140999177,23.22870922444211,1,2,1,-1.6174380541022146,0.33999999999999997
4.42514528158266,0,7.046264846226103,28.891501441674723,0,1,1,1.5272203593187017,0.24
3.8155417714207696,0,2.6982039469065677,30.81578740952534,1,1,2,-1.450200317668216,0.24
4.056157936189814,0,0.4399161117783106,30.613135879435653,0,1,3,-0.8395351905780726,0.24
3.9014419707433317,0,1.601182022666607,20.854026180590026,1,3,2,0.1281185640359642,0.43999999999999995
4.914682175088269,1,7.2228519136880935,27.264804738870218,0,3,1,0.13743352144681192,0.43999999999999995
4.02007067415615,1,4.550866790722505,24.693724133222325,1,1,2,0.4279724666995302,0.24
4.139144451203363,0,1.1254067829412722,28.43121231346257,0,1,3,0.13326867385776017,0.24
4.346628818132755,1,2.3428429958706247,26.74652944357186,1,1,2,1.148419829516028,0.24
4.5072267006761315,0,7.167710441662873,29.775735718733763,1,1,1,0.49029856113644094,0.24
3.592800485196099,1,3.2214003017106845,27.942540728795976,1,1,1,-1.1857002617465873,0.24
2.895739369751747,0,2.112756301077419,22.31199431524633,1,2,3,-2.598089585476415,0.33999999999999997
4.80459450838764,1,1.6918646127123145,25.09874238160138,0,3,2,0.15108780665681992,0.43999999999999995
4.9447706755649925,1,4.580735980764032,28.01735534447996,1,2,2,1.4661428304729545,0.33999999999999997
3.952825015020059,0,6.487216669775336,28.27033128769326,0,2,1,-1.2523729125196537,0.33999999999999997
4.101829827493932,1,4.1473212749676085,23.782969576887993,1,2,2,-1.0499492176608733,0.33999999999999997
4.432364064174367,1,9.799634999573541,23.390620889361635,1,2,1,0.35485555526165014,0.33999999999999997
4.505079215318708,1,6.300361506375939,28.16873601271954,1,2,1,0.4829932575362711,0.33999999999999997
4.38545378519238,0,0.6002117791491606,23.78899808184842,0,1,3,1.1222846841578658,0.24
4.676277926430195,1,2.5653205357835764,22.994111720497642,0,1,1,1.6411102632323438,0.24
4.512081253811862,0,8.818606307461952,26.664578462105975,0,2,1,0.2360847949409498,0.33999999999999997
4.596427178962737,1,0.010883908238441542,26.534661725984048,0,3,3,-0.9267008547951924,0.43999999999999995
4.062920775242984,0,4.421870316184727,25.364798567982096,0,2,1,-0.8961165044821621,0.33999999999999997
3.822950917393844,0,1.9376799319453268,25.88878912982511,0,3,2,-0.5436275066766052,0.43999999999999995
4.428588930812041,1,3.535496989544326,28.041507169667184,1,1,2,1.0312085512354259,0.24
3.7550547269299983,0,0.7929279689810134,25.83951128896054,1,2,3,-0.5000837347680399,0.33999999999999997
5.19435953544036,1,-0.11555937185578369,28.212091064994517,1,3,3,0.9615773133539443,0.43999999999999995
3.674543128063795,0,3.898436918484237,26.858594391647998,0,2,2,-1.5248339550585512,0.33999999999999997
5.04763965289735,1,6.113845270401893,28.502950466159966,1,3,1,0.2871607165209713,0.43999999999999995
4.174511729666462,0,4.985841739996692,30.634616696309934,1,2,1,-0.7510919626762353,0.33999999999999997
4.381410354128345,1,1.5357316093267643,30.517743536171785,1,1,3,0.5221091270653264,0.24
4.492162808494714,1,5.3445594954325735,31.86463141319825,0,1,1,-0.25627426518124596,0.24
4.632812618224972,0,3.877645340119521,30.51444069069148,0,2,2,0.7975307971646342,0.33999999999999997
4.272763460518835,0,4.878597365038891,28.715672594625413,1,3,1,-0.4349138283993483,0.43999999999999995
4.139639792647374,0,5.0506857589377026,26.699705087079565,0,1,1,-0.025973150557871805,0.24
4.62536844195395,1,8.110025480880928,26.83671723155133,1,2,1,0.8080815621877159,0.33999999999999997
3.889353131433366,0,5.944546428693066,25.36666808069257,0,2,1,-0.10189165886860281,0.33999999999999997
4.207512996482689,0,2.3097551496028546,28.013587873154673,0,1,3,0.05831052859519424,0.24
4.68362109198784,1,0.8980141745989948,30.092162436135805,1,1,3,0.7604750915407007,0.24
3.713161919209454,0,2.090423515435754,25.82299719135094,0,1,2,-0.0767527747776156,0.24
3.613492301748969,0,5.4023681313867495,27.888346424008677,0,1,2,-1.5848115287887665,0.24
3.68732419751369,0,1.4295936132284943,25.967913313834693,0,1,2,-0.5710403580703974,0.24
3.57340867085923,0,0.49346550716163895,28.628062990562846,1,1,3,-1.9234504664058547,0.24
4.119978737084772,0,1.2322428550481268,26.35184984815015,0,1,3,-0.24994188273305287,0.24
4.399014882643493,1,6.533445846987383,25.781468286117843,1,2,1,0.47131255499150165,0.33999999999999997
4.038042050994196,0,6.435741948814051,25.960099915203923,0,2,1,0.12459833629500357,0.33999999999999997
4.680600944593287,0,0.8721936718153382,29.5099863215367,1,2,2,1.3946571222200346,0.33999999999999997
4.693917220880982,1,1.1258528036871207,27.709751784008937,1,2,3,1.2826682619841665,0.33999999999999997
5.081421443118516,1,1.1382918300730727,26.714734809999893,0,3,2,0.25673555412471893,0.43999999999999995
3.8018800885711848,0,1.4429927061161902,28.78421350764163,0,3,3,-2.3921809918174266,0.43999999999999995
5.32005127709896,1,1.6694975570550015,26.75645134759705,0,3,3,0.6713449331890387,0.43999999999999995
4.374957985645617,1,4.975714765958689,31.37955368105711,1,1,2,-0.7717055765342025,0.24
5.291095735981214,1,0.7070713649209814,25.07840153892023,0,3,3,0.8812283921962963,0.43999999999999995
4.766190002262228,1,5.303976317982205,27.439085461548157,0,2,1,0.31265032694813394,0.33999999999999997
4.184246666894306,1,7.544232379482942,23.785704334998997,0,1,1,0.656083648473684,0.24
3.9760011569240237,0,4.211183132890174,26.95937682432972,0,1,2,0.5016693764818002,0.24
4.854300941582383,0,6.664932284517658,22.96109350688011,0,2,1,2.3901809160827643,0.33999999999999997
4.318707430561214,0,5.054323214278238,30.23894956767738,1,1,1,0.5211832433096111,0.24
3.720237362341352,0,2.2246498979451754,30.299511301016736,1,1,2,-1.280139782781286,0.24
4.53968934907681,0,4.806982898371169,30.35251052117343,0,2,1,1.0713124433836763,0.33999999999999997
4.245551467811062,1,1.4394135171192806,28.086617440523405,1,2,3,-0.4304429575085981,0.33999999999999997
5.074075575111153,1,0.6437727419077899,25.360388785869723,1,3,3,1.3451930203241755,0.43999999999999995
4.740844624586173,1,2.6333244577732726,25.59897810389215,1,2,2,1.5428850533975873,0.33999999999999997
4.449697303458734,0,2.925698154472184,32.59051616566156,1,2,2,0.6218454988534436,0.33999999999999997
3.6370808567948107,0,3.068704883839093,32.30703131139939,1,1,2,-1.277633419298381,0.24
4.349990310963254,1,4.469252837742319,28.367665470852316,1,2,1,-0.4603188714036174,0.33999999999999997
4.783762352445408,1,5.451991765931199,26.45309789775902,1,2,1,1.3407515169835797,0.33999999999999997
5.620997491509906,1,3.508113987655506,32.10587026809553,0,3,2,1.9990025873743087,0.43999999999999995
4.255940264703939,1,2.9331408509276917,25.91649051584557,0,1,2,0.061926134493785444,0.24
4.6293030599042275,1,4.495208261238784,28.686547624287723,0,2,1,-0.2747994154920412,0.33999999999999997
4.051698100487002,0,1.2963032475577325,32.05587191619537,1,2,3,-1.1801274416361194,0.33999999999999997
3.880821056440261,0,3.9602817337354685,25.490984501006118,0,3,2,-1.1670493381048213,0.43999999999999995
4.498148722888241,0,5.301058092143243,30.487670756911335,1,3,1,0.2327821378223684,0.43999999999999995
4.630714937952032,1,5.424656851046091,29.561682387531608,0,1,2,0.7007481522722769,0.24
3.7166426098148175,0,5.308209612992609,27.881450373305317,1,2,1,-1.487354984464769,0.33999999999999997
4.539536731607523,1,6.0963512881084965,25.019699202600652,0,2,1,0.8293369394859074,0.33999999999999997
4.601835560104624,0,0.6824196891448093,25.826680719690174,1,3,3,1.372277333056978,0.43999999999999995
4.4715027198812125,0,1.3660314022420532,28.868353218551977,1,2,3,0.6305902078741017,0.33999999999999997
4.533277671811926,1,2.768129663220601,23.72998961535584,0,1,1,1.6528618332941503,0.24
4.5196009698852,1,2.3160777571127413,28.392231577054748,0,1,3,0.3554698248129295,0.24
4.6829590531996335,1,3.467447593186086,29.623152952184988,1,2,1,0.3653667695589636,0.33999999999999997
4.822676289672891,1,4.76056177073806,30.9556605184273,0,2,1,0.3462628381028867,0.33999999999999997
4.337329457560758,0,4.016245993025141,23.80492877661933,1,1,1,1.3594230674625511,0.24
4.263327524788652,0,5.838162025128096,31.94874189148382,1,1,1,0.5376394492498282,0.24
4.213818649480754,0,5.097910048914469,33.08609048253981,1,2,1,-0.5297537353770001,0.33999999999999997
4.905836267524289,1,1.486411602281719,29.230454703140783,1,3,3,0.4234316979255228,0.43999999999999995
4.986398455772247,1,5.8847694465491225,24.88585425572602,1,3,1,0.43344744297289806,0.43999999999999995
4.245693683830324,0,4.64065391256714,27.015672134919278,1,2,1,-0.21233396749020575,0.33999999999999997
4.821651258535619,0,1.1940712121373274,27.85720826464448,1,3,2,1.0225832568605218,0.43999999999999995
4.538436358819017,1,6.003208976642723,28.81139052619167,0,1,1,0.09148589628005713,0.24
4.382253897671601,0,2.5382288750959874,28.065944657930807,0,2,2,0.7052870190137283,0.33999999999999997
4.467632293662538,1,3.021737706128835,28.843495428683852,0,1,1,0.5097602776814858,0.24
3.803054810112305,0,5.083502975978919,27.727759727982633,1,2,1,-0.7257736716412505,0.33999999999999997
4.840450305424997,1,2.39542531671832,28.79532128353673,0,3,2,-0.9795500983180155,0.43999999999999995
4.856680394389769,1,4.958175300884177,26.61842973651606,1,3,1,-0.7152634937636895,0.43999999999999995
4.326813728871524,0,3.6518781926912514,26.985439849052593,0,2,1,-0.08115809140679006,0.33999999999999997
4.7924557494572015,0,4.76018717789568,26.271924488569997,1,2,1,1.591527036887841,0.33999999999999997
5.281970113872311,1,5.3106206678957175,33.751778603512214,0,3,1,-0.047411758641334234,0.43999999999999995
4.719227553764742,1,2.5928659332105166,32.39170235852297,0,1,2,0.37375465392145796,0.24
4.558183004894652,0,1.432482647625235,29.665882570040846,0,2,1,0.8730157752137113,0.33999999999999997
4.2830944947297,0,1.710473032132126,31.975926991803217,0,1,2,-0.3588530665503489,0.24
5.072314075832387,1,2.7092412401333568,30.395384016933647,0,3,2,-0.414672231913746,0.43999999999999995
4.69072186836636,1,4.73888154217827,28.543813478542166,1,1,1,1.0515791195230937,0.24
4.300129407909893,1,-0.0778491538051338,23.483285976940948,0,1,3,0.5681702667613743,0.24
3.97116451834987,0,1.1509868164920192,27.21350823962458,1,2,3,-0.5639888514603645,0.33999999999999997
3.9168905593104806,0,2.2807927767461025,26.994886323944943,0,1,2,-0.41234560472102777,0.24
4.110942239182438,1,6.540023631519217,24.60077448072353,0,1,1,0.08531670517727986,0.24
4.158147532915766,0,6.724444328801572,23.541513176180153,1,2,1,0.3296208556116863,0.33999999999999997
5.102812811791117,1,7.101352610623692,29.478158039701075,0,3,1,1.2439777130309404,0.43999999999999995
3.907417067207661,0,1.518280621010041,28.973512967112438,1,1,1,0.5319950112412909,0.24
3.7977931687262583,0,4.390713571957711,24.497809059797163,1,3,1,-0.9835065165056517,0.43999999999999995
3.961195488516067,0,2.977775561309257,25.76236448069143,0,3,2,-0.7862785476873769,0.43999999999999995
4.91999969147365,1,3.1527365947240704,31.48366681946249,1,2,1,0.30972252014688056,0.33999999999999997
4.484771257115375,1,-0.05559626636205994,25.366910459450317,0,2,3,0.14278097824602354,0.33999999999999997
3.853986611808419,0,8.62075523027655,28.512396711801408,1,1,1,-0.8439719629952781,0.24
4.4331159194787935,0,3.523993364217743,27.430665101296057,1,1,2,1.0528970575994616,0.24
3.360780348014228,0,1.90740965194817,29.519090413186188,1,1,3,-2.247931530637039,0.24
4.121333482249178,0,4.104987545274303,25.43167704203071,0,1,1,0.3356241393782465,0.24
3.833433194049676,0,-1.7373370562130814,28.270250432620323,0,1,3,-1.5469604616559651,0.24
4.62940453905271,1,2.3078107025587533,28.506167732037632,1,1,1,0.8806984567877918,0.24
4.134391174224889,1,0.895656803723973,28.69054241868766,1,2,3,-0.2649900280284298,0.33999999999999997
4.324342775235612,0,3.3559681409386264,28.23722157388784,1,2,3,0.7477265915918042,0.33999999999999997
4.511283914652988,0,5.123945147931894,29.03382796178233,0,3,1,-0.39099419721948014,0.43999999999999995
4.708840841188502,0,1.7724254110872284,34.57531099615243,1,1,3,1.3257435748192146,0.24
3.6255687161503714,0,5.523199913240129,35.68389333031332,1,1,1,-1.865800041830473,0.24
4.551832638677373,1,6.7556536497545165,26.082351577639834,0,2,1,0.8794896513035912,0.33999999999999997
3.5115919347850504,0,3.5805449142574766,21.045271058942504,1,1,1,-0.6078482658746572,0.24
4.71534463327339,1,5.297202185874102,29.78648590216592,0,2,1,0.3750999318828913,0.33999999999999997
4.432914388996798,0,0.7370526271896376,28.5587573797038,0,2,2,0.41708992611961937,0.33999999999999997
4.0631397856786435,0,5.3803249873143635,31.18312557755074,0,2,1,-1.3924212017917559,0.33999999999999997
4.507542617359546,1,2.7161756642485555,28.854657699145953,1,1,2,0.9974149973981123,0.24
3.937138461758729,0,6.842471581684425,28.175811818577156,1,1,1,0.39370247429797434,0.24
4.682010774891512,1,-0.5299147611414732,31.386719787631666,1,2,3,0.11694105715325688,0.33999999999999997
4.5642018196756755,1,5.827971257857988,31.806341765241527,0,1,1,0.38517815455394155,0.24
4.17795363443164,0,2.1595734539609412,23.840319823657005,0,1,1,0.12523153464394382,0.24
4.64991749747957,1,2.295420142185837,25.550181438581248,1,2,2,0.834678944575195,0.33999999999999997
4.417700164188011,1,1.8765508245111504,27.683221122133965,1,1,3,-0.4714221870461783,0.24
4.217859252436573,0,5.268055712298232,28.29531287177375,1,2,2,0.8361837317324204,0.33999999999999997
4.192659421658366,0,2.417990175218921,27.322050389943254,0,1,1,0.5722977855302412,0.24
3.9178770788801263,0,5.675044656335715,29.302621533585658,1,1,1,-0.17201766139413635,0.24
4.776760528154497,1,5.528938514265297,30.9883143679513,1,1,1,1.8462445239124798,0.24
4.531200553205163,1,0.8362030348944343,33.168129132162186,1,1,2,0.4516016358028739,0.24
4.023341680804273,0,2.824794356464896,29.7367390713187,1,1,1,0.19500007684162907,0.24
4.087532494390757,1,7.087751149713499,25.44299896464067,1,1,1,0.5739608176229343,0.24
4.165658515947788,0,3.408502600142687,27.557871324406545,1,1,2,-0.10476728890914815,0.24
4.526511382994884,1,5.703067362427479,27.773943276221328,1,1,2,1.2011004914630057,0.24
4.999834939606991,1,2.7674791638545475,29.54392071994348,1,3,2,-0.021357589698041867,0.43999999999999995
4.95258902955156,0,0.09930662984283956,29.164504100301826,0,3,1,0.8194282810919908,0.43999999999999995
4.391292211920937,1,3.486437631481142,34.15118995333453,1,1,2,-1.0682800068811285,0.24
3.4346801290642155,1,5.08210873686209,26.615460594235273,1,1,1,-1.7958203990814046,0.24
5.008459244113096,1,8.767448110690403,29.15425160130041,0,2,1,0.4026335287988202,0.33999999999999997
5.016960333867859,1,3.954457044523272,35.06413419323228,1,3,2,-0.38380649416990137,0.43999999999999995
4.949773030267229,1,3.7241453781988416,26.244379309289197,1,3,2,-0.1926629982515042,0.43999999999999995
3.498076560663145,0,2.4598961220213673,28.435446088511064,0,1,2,-2.3414033826804426,0.24
4.345537726006835,0,8.27768537236182,25.165358496627952,1,2,1,1.7006255387482647,0.33999999999999997
4.532357861599753,0,1.6250908336340693,28.246260698882296,0,2,3,0.10455698194540022,0.33999999999999997
5.24722850576531,1,5.004814435876585,25.659348555587076,1,3,1,1.3345745278902135,0.43999999999999995
3.6454823103265133,0,1.3180114926675135,31.14040271047404,0,1,3,-1.392579025186814,0.24
4.653427219827105,1,2.9083287955861303,28.441956577094185,1,2,1,0.09864893451358696,0.33999999999999997
4.172474142278876,0,4.236234266268698,25.19380822005312,1,1,1,0.407519389150024,0.24
4.428104947453645,1,5.102438969230179,30.521703093375017,1,1,1,0.13396712005542313,0.24
4.100928438390214,0,7.763787750203525,28.538998116614763,1,2,1,0.23349771015235826,0.33999999999999997
3.9774927940939957,0,4.139913613037314,30.858456331670364,0,1,1,-1.389915033596411,0.24
4.512777916487812,1,0.35216271812569255,24.557012116156756,1,2,3,0.3170114509096546,0.33999999999999997
4.407907500938746,1,4.836323977472281,29.106473236745984,0,2,1,-0.8426803621779918,0.33999999999999997
4.211650605005512,0,1.1701275346634603,30.320025083934127,1,3,2,-0.6177144770046668,0.43999999999999995
4.23056725021144,1,1.119487489910392,26.72986752929279,1,1,3,0.016507761559644955,0.24
3.5189712383276532,0,6.290413158896553,24.222991819095547,1,1,2,-0.35191179023213165,0.24
4.125708618045142,1,6.957653319991056,27.87517751388882,1,1,1,-0.2944180849016067,0.24
5.341208660449997,1,-0.2119422262768509,31.684345881342786,0,2,3,1.1239757958555912,0.33999999999999997
4.650053028210028,0,7.127626791407648,31.37779099190217,0,2,1,-0.15604987664282455,0.33999999999999997
3.6878688188112334,0,2.2794294320782487,26.71471469573327,1,1,2,-0.39689505601272984,0.24
4.022620767131704,1,2.0234324011304468,24.150743690870673,1,2,2,-0.12302076516654915,0.33999999999999997
3.7957907740777066,0,5.932848468329925,26.706460838951283,0,2,1,-1.1114875825750823,0.33999999999999997
4.440955868912608,1,4.0192268009899905,26.59456704780426,0,1,2,0.16256230994680726,0.24
4.662400730847181,1,5.73283557938165,29.33934034991433,1,2,1,0.7218405280029753,0.33999999999999997
4.8808530434119355,1,1.147608548682955,27.684995491287637,0,2,1,0.31398367415146355,0.33999999999999997
4.1365696669244345,0,6.657973225002049,25.740207364788574,1,3,1,0.036656813638506605,0.43999999999999995
4.412480214437435,0,1.3731333914747823,31.312789201782003,1,2,3,0.6014774466705344,0.33999999999999997
3.7788991835970043,0,0.5970986734478829,28.421277602334502,1,1,3,-0.5541123082999597,0.24
4.518774091896548,0,8.960578067381434,29.306246958192823,0,2,1,0.03924780645407079,0.33999999999999997
4.563202392251172,1,2.098131314630182,22.825043697606198,0,2,1,1.398308055556148,0.33999999999999997
3.5401349266838054,0,4.899391207584825,20.727205387908143,1,1,1,-0.294075745069688,0.24
4.496045345313686,1,5.962734883469273,23.687362655666774,1,2,2,0.6078860583610937,0.33999999999999997
4.069075522355698,0,2.032347620167265,26.558369723179673,0,1,3,0.6328985339153258,0.24
4.212559374728291,0,1.3407081540959083,29.729068052841427,0,2,3,-0.7576777896986377,0.33999999999999997
4.768057813019194,1,2.4627260924428853,20.973259388778107,0,3,2,0.6879416563003564,0.43999999999999995
4.037192328952157,0,2.7847034482696893,32.77855619311596,1,2,2,-0.606848262392648,0.33999999999999997
4.293213281459223,0,5.307851625130689,28.511698080310378,1,2,1,0.42906289032760725,0.33999999999999997
3.960816994581346,0,1.6715358867728742,32.08088497884973,0,1,1,-0.6229604863858427,0.24
3.9553476826749807,0,3.1859376092318703,25.342089752577614,0,1,2,0.28106029707118024,0.24
4.7363400956524035,1,1.2442490996570363,29.511579802517474,1,2,2,0.12922382942979563,0.33999999999999997
4.639549599399576,1,0.9290741791125047,28.25558778991236,0,2,3,0.11193815650797684,0.33999999999999997
4.2831619355612265,0,3.0063602234868805,30.45305893916366,1,1,1,0.2719611878996692,0.24
4.132194840314468,0,7.09962238275684,27.29862589720085,1,3,1,-0.5306553195568983,0.43999999999999995
3.526682437210289,0,6.090510691363088,29.419645627022767,1,1,1,-1.1663490378448917,0.24
4.41179702381435,0,2.050505481266722,31.3065859563136,1,2,3,0.08160646531618061,0.33999999999999997
4.4671857295967525,0,5.140983427767054,26.046471118324675,1,2,2,1.1027932894197592,0.33999999999999997
4.51674465130454,1,4.224449232897214,28.72673269746895,1,2,1,0.5832439363506844,0.33999999999999997
4.66135443061416,1,0.5032563373340034,22.336413288332956,0,2,3,0.44724768366993456,0.33999999999999997
4.280238284703188,0,7.7286026537841925,30.10750905719007,0,1,1,-0.510886945341006,0.24
4.7931480899900025,0,9.394516015140583,33.86398763038747,1,3,1,0.18649121229372037,0.43999999999999995
4.215792070858318,1,6.113196828146251,24.266691856753916,0,2,1,-0.8304957308391228,0.33999999999999997
4.650970773016678,1,1.8052965903432632,27.72585621871617,1,2,2,-0.42358787802073294,0.33999999999999997
4.960060045929348,1,3.9255427453042575,30.641443902742342,0,2,2,0.3570986040738056,0.33999999999999997
3.4392971467445665,0,4.193273796415206,28.094252420399652,1,1,2,-1.8166633322509549,0.24
4.948611595873206,0,5.039395200756948,28.495298654479676,1,2,2,1.7295397743481464,0.33999999999999997
3.9314993076633744,0,4.069230902132988,26.827001675429084,1,2,1,-1.33417029068744,0.33999999999999997
4.926515555231789,1,4.22948797897449,26.715543240736256,0,2,1,1.8887153086218642,0.33999999999999997
3.8096994956733408,0,2.067443584711766,27.739917539243862,1,2,3,-0.8389027328393212,0.33999999999999997
4.779466257092556,1,0.9440860829163158,28.12501426641807,0,3,2,-0.8487813353746798,0.43999999999999995
4.227606230200915,1,3.2996618229359687,24.45567621526807,0,1,1,-0.3976001022701685,0.24
4.62344061631567,1,9.335448241239256,27.801934042161914,0,3,1,-0.43942313661580024,0.43999999999999995
4.139956178396123,0,2.269251970007495,32.70560181612798,1,1,1,-0.6050113197543424,0.24
4.065273349197383,0,6.774619088045101,26.742598619233284,0,2,1,-0.3705696285875467,0.33999999999999997
3.8995461604838733,0,4.476290579676225,24.288235051376116,1,1,1,0.09171514155619204,0.24
3.573016012894535,0,5.925596190523697,27.54575179604072,1,1,1,-0.8974202442241663,0.24
3.74508732864246,0,-0.8005410554678065,25.85616156362711,1,1,3,0.8407138987258029,0.24
4.147240148871722,1,5.3140864602413105,23.984974524034183,1,1,1,1.4122184348128712,0.24
3.4585512173792177,1,0.6684552514279986,28.417505385197863,1,1,3,-1.9447065667146852,0.24
4.851340773914629,1,5.542835147665863,25.869153888546766,1,2,2,1.8553877335959446,0.33999999999999997
4.08697727345319,0,5.338190544398686,26.125857499440176,1,1,1,0.7725398094025062,0.24
4.322643783865642,0,2.1224541354705972,28.460282141156167,0,2,2,0.2575606715326236,0.33999999999999997
3.6906484315557213,0,2.9537360504359476,23.400476213912995,0,1,1,-0.5742315271170082,0.24
4.054291798394043,1,4.844141204298442,22.775291049246626,0,1,2,0.16661623861999017,0.24
5.009163146192698,1,0.012853148164638561,30.012616583505796,0,2,1,0.8974530149127538,0.33999999999999997
4.972949430807571,1,4.4997502244707235,22.20749919782775,0,1,1,2.6099136076708582,0.24
4.698832468208695,1,3.529909430232356,25.069966914077934,1,1,2,2.1919335892961187,0.24
3.7025658731230284,0,5.364330832718384,22.600481393834688,1,3,1,-1.5286195421011344,0.43999999999999995
4.311887671998157,1,7.033451712008853,26.541590599453503,0,1,1,-0.20782101118965798,0.24
4.553790482528504,1,2.1860619776458434,29.284176242953496,1,2,1,0.0775242781059759,0.33999999999999997
4.341289796732405,1,9.707210464576889,28.33701384619713,1,1,1,1.343555605863543,0.24
4.8715288264320185,0,2.5819061766556652,35.17562016837185,0,3,3,-0.0838551360270503,0.43999999999999995
4.025348185505759,1,5.7634479801909375,31.260746853367003,1,1,1,-0.7552491569397379,0.24
4.7958243985015185,1,2.120491329305174,25.206526449530195,1,3,1,0.05378890586797509,0.43999999999999995
4.009690132892462,0,4.906865623333049,24.40883498552077,0,1,1,-0.385334870063204,0.24
4.853326096682628,1,6.943349643035784,36.120063822926504,1,1,1,0.9865135821280583,0.24
5.540252589789338,1,4.275892661338653,31.18771601720009,0,2,2,2.3875916983028267,0.33999999999999997
4.76175249954767,0,5.280391147453834,29.768108821808717,0,2,1,0.9105590258674797,0.33999999999999997
4.124550133370109,0,3.1609186693776894,28.224555436646853,1,1,2,0.9508526155873513,0.24
4.603088807030089,1,4.268727082834977,28.820564702425052,1,1,2,1.2355882652105776,0.24
4.1719250294511365,1,2.232582657873093,23.55378017355272,1,2,1,0.4545406988430259,0.33999999999999997
4.160580399456754,0,2.12269634098759,28.471117510590304,0,1,2,-0.3987433184428167,0.24
4.663533771018035,1,3.449467464985071,28.213694192377044,1,2,2,-0.30021821834837165,0.33999999999999997
4.848171258486521,1,7.060542344934566,25.28758347069556,0,2,1,1.0960025156241355,0.33999999999999997
4.043131888019349,0,3.3543599123907604,26.384420639294564,1,2,1,0.2889375492017564,0.33999999999999997
4.071819498942128,0,4.684864477662162,32.54552918033067,0,1,1,-0.9822768566977856,0.24
4.672725527116653,1,7.46360037200229,27.624475239115412,1,2,1,1.3091220422528989,0.33999999999999997
3.963050390394148,0,2.5426893504807198,34.213513907599335,1,1,1,-0.7741152821283407,0.24
3.527954851266479,1,3.175017878117764,22.77796169053785,1,1,2,-1.1273818829288178,0.24
3.8803530407523015,0,2.3567508725431665,26.433609441322755,0,2,2,-0.8768953794278115,0.33999999999999997
4.242704760832433,0,1.63234837351787,23.358164346259244,1,3,3,0.30638633885954475,0.43999999999999995
4.365494475331503,1,3.565997813282234,24.371732638324495,1,1,2,0.9727241716283702,0.24
4.144317905971364,1,2.372695010542676,25.51538288302211,1,1,2,0.2547002953451483,0.24
4.50537560497625,1,5.777985756977897,28.945928880311772,1,2,2,-0.5568571250719805,0.33999999999999997
4.196198097163839,1,3.2267869675244576,28.80047851324116,0,1,3,-0.807925753112955,0.24
4.695333892917452,1,6.068531540762777,25.962129041117183,0,2,1,0.7711205862750051,0.33999999999999997
4.121813196182789,0,7.430580345275109,21.316601327990256,0,3,1,-0.09270887334287482,0.43999999999999995
5.101820815755076,1,6.213949426342972,32.433078619096456,1,3,1,0.3410043665932117,0.43999999999999995
3.807567186842199,0,8.930794369665412,27.14270585189093,1,1,1,-0.14027061709724092,0.24
4.638836108999421,1,7.722149951472966,24.651129489096583,0,2,1,0.29944105303389584,0.33999999999999997
4.628597139813336,1,6.47615750337323,28.824792343210262,1,3,1,0.3902479282026958,0.43999999999999995
5.103095587127777,1,5.937237650711985,28.613335511569524,0,1,1,2.425374576346179,0.24
4.418740907724337,0,1.2973651682092564,27.031970605000105,0,2,3,0.40248783938991917,0.33999999999999997
4.3359207312467385,1,2.083826105335109,28.445593046924515,0,1,3,-0.387389479162287,0.24
4.235679607808354,1,2.8662841323883055,24.534910478775945,1,1,2,0.17561269706789323,0.24
4.157995305823534,0,1.2830379060785786,30.27973852952945,1,3,1,-0.9496335807409376,0.43999999999999995
3.9877068666398694,0,1.652913328325206,25.00939871572939,0,2,3,-0.9584266711370694,0.33999999999999997
4.565651647440171,1,3.459231205217613,26.183291034089706,1,1,3,1.2496768523779351,0.24
4.728204809920353,0,2.667115974866535,29.946405448454726,0,3,3,0.3041602949433497,0.43999999999999995
4.607588923306996,0,3.504917281203832,31.6118768950307,0,2,2,1.119008508488408,0.33999999999999997
4.85396231931712,1,5.212726329765046,32.75732370413902,0,3,1,-1.6249160092917472,0.43999999999999995
3.9801611863340223,0,4.195466931624668,31.167394715399716,0,1,1,-0.975528607134951,0.24
3.953051435996057,0,1.2927940174317922,27.027783448594654,1,1,3,0.2982281255371941,0.24
3.297990102035638,0,2.506956232337403,23.37690079269861,1,1,1,-0.8243596529143501,0.24
4.056943060004502,1,2.43970118011805,32.21516675680868,0,2,1,-1.4239728676191057,0.33999999999999997
4.267273468845019,0,0.6410139954540295,32.11208796671493,0,1,1,-1.0789107635292554,0.24
3.948882757534102,0,6.090924605606876,25.984071539939514,0,1,1,-0.3211638376553583,0.24
5.03606029968901,1,0.010395165925192518,30.76356711347368,0,3,3,0.41310199277097925,0.43999999999999995
5.065619611983803,1,8.867256452085293,27.003466618207785,1,3,1,1.7151589994906973,0.43999999999999995
4.1676139689959815,0,2.5117196318655077,32.503830650535185,0,2,1,-1.0525927251436829,0.33999999999999997
4.533705777112969,1,1.7395459245473952,26.455406012788654,1,3,3,-1.0008986070284784,0.43999999999999995
4.456191962169095,0,8.144518670703043,33.93595386264551,0,3,1,-1.4509379662856727,0.43999999999999995
4.692146756257032,0,0.4404435317778256,30.358361642794737,0,2,3,0.5731145555407422,0.33999999999999997
4.323966837828244,0,5.469594620931034,33.39263453405796,1,2,1,0.12480989471108558,0.33999999999999997
4.554154049409562,1,3.827502310652522,26.60860819105036,0,3,2,-0.9648330692996826,0.43999999999999995
4.13057057350971,0,7.552135393874569,29.215088813332578,0,2,1,-0.8308227355654852,0.33999999999999997
4.14892151387725,1,2.8013190207656002,25.092162404966903,0,1,2,-0.12392868880639053,0.24
4.5282699197132015,1,5.541415190891441,30.53196775635759,0,1,1,-0.06735819626094565,0.24
4.35900698603932,0,-0.7557893840060181,30.697124598511373,0,2,3,-1.039680295460185,0.33999999999999997
4.944265668970056,0,3.217166274607962,35.19107175460356,0,3,1,0.17718777857668064,0.43999999999999995
4.061695093210281,1,5.556093944568607,29.446119391658947,1,2,1,-1.376256952439591,0.33999999999999997
4.6953976894474625,1,0.8034230129495832,30.17228260751828,1,3,3,0.04901304023127774,0.43999999999999995
4.392479746340311,1,3.1383435811220473,26.587508870488655,1,2,1,-0.17757723572505893,0.33999999999999997
4.20258698535827,0,2.853978281594638,29.624138117905716,0,1,2,0.4011091347203565,0.24
4.52069125591047,0,3.7611505946662813,26.860326373937248,1,2,2,1.211279156440449,0.33999999999999997
4.060872403217366,0,2.9016893178795327,28.347582276526,0,1,1,-0.37067648084646343,0.24
4.900824820398803,1,4.085308554244088,28.523546984637385,0,2,1,0.0003990270683117051,0.33999999999999997
3.8850239857088478,0,0.4038026979123083,26.94308537995249,0,3,3,-1.9806803253959593,0.43999999999999995
5.309296968683169,1,6.738629499268109,28.18883528962598,0,2,1,1.971720866038966,0.33999999999999997
4.227237982321313,1,5.165645782327675,26.87411449085974,0,3,1,-1.860592946594509,0.43999999999999995
3.803354130938074,0,2.142312602741256,26.860806624898483,0,1,2,-0.08286875513603395,0.24
3.858089403398896,0,4.678836193461151,31.229993954506813,0,2,1,-2.5486015401205395,0.33999999999999997
4.059591636199743,0,2.4944978184596884,28.526240925479232,0,1,2,-0.8256600971205504,0.24
5.163079656901604,1,5.703818133257417,29.041198816600833,0,2,1,1.7354476931188003,0.33999999999999997
4.47472659201094,1,0.939451478127402,23.628085693043392,0,2,3,1.144709790648627,0.33999999999999997
5.203152204516987,1,4.2892402469054565,29.27037499549117,0,2,1,0.9850117975593145,0.33999999999999997
4.299968026254409,0,6.2002543447024365,29.591270391925715,0,1,1,-0.1927523063232778,0.24
4.51801473459804,0,0.5088984813230659,26.804984131933743,0,1,3,1.6509285861131935,0.24
5.190285536825142,1,7.41363716261864,34.25508902878207,0,2,1,0.2573606631922023,0.33999999999999997
4.49741458958124,1,2.7417678877651994,21.132318207447803,0,2,1,0.6898432895702572,0.33999999999999997
5.434284572822689,1,2.236956799803754,30.35310140731164,1,2,2,2.6469092800721143,0.33999999999999997
4.830110897539292,1,1.4675730682407682,30.138414414864588,0,2,2,1.090322208380781,0.33999999999999997
4.7449042498797205,0,5.197842675755189,29.624748795998237,0,3,1,-0.06545790528931525,0.43999999999999995
4.856605388323711,1,5.096512513948639,28.528638116915868,0,3,1,0.5104288753678284,0.43999999999999995
5.102060191023826,1,1.9454042962305165,29.652037967875113,0,1,2,1.4041343052039565,0.24
4.930398380645453,1,7.59022661169355,30.60452643866768,0,1,1,0.6224711449792778,0.24
3.892853687137049,0,0.3888439784873,25.822337248504017,1,2,3,0.7830625817521152,0.33999999999999997
4.614803857432073,0,4.544606847278251,28.89758686654027,1,1,1,1.2879346324028553,0.24
4.795729944194788,0,0.9915565514575385,27.45004947393009,0,1,3,2.5301392105942573,0.24
3.808830589771564,1,7.126402640103021,24.718694799323472,1,1,1,-0.9348049011227014,0.24
4.206620422588134,0,6.104873619955097,30.151509923839868,0,1,1,0.7020793809377954,0.24
4.644834231570129,1,4.136908393218583,26.3069187259479,0,2,1,0.45958683411409557,0.33999999999999997
3.4324499106946513,0,3.7754922765853545,23.506423975661598,1,1,1,-0.38569156427164064,0.24
3.7065264833719134,0,2.778792563068551,26.382668017895053,0,1,1,-0.647382371404802,0.24
5.499116558320771,1,5.386973695190505,25.60330330572061,0,3,1,1.6520544563794315,0.43999999999999995
4.347472201931171,0,1.550992241367934,31.085437027570332,1,3,3,-1.0222405470918283,0.43999999999999995
4.073336374824149,0,6.469690386258915,28.45957942167423,1,3,1,-1.4090480394661167,0.43999999999999995
3.9075961600982545,0,0.5959840458204224,32.14714823706982,1,1,3,-0.562985716286495,0.24
3.2118953872199896,0,7.9606192013238655,26.000331306300865,1,1,1,-1.7819018811705434,0.24
3.5799560880303316,0,1.3249048010002946,30.6225096156895,1,1,2,-0.8458817915982964,0.24
4.31187658656764,0,0.29906979532429856,36.51886874442374,0,1,3,-1.0525564698887444,0.24
4.709714274734575,1,0.921206852568483,29.068097401381422,0,1,3,0.08604625049098251,0.24
5.5712597268770025,1,4.852107183163995,30.58494658696946,1,3,1,1.4454834405667152,0.43999999999999995
4.281853244382409,0,2.050226312650085,30.080552992676218,1,3,2,-0.5892581321797994,0.43999999999999995
5.060220114643974,1,7.889259669473541,23.73377401772252,0,3,1,0.8651015621637137,0.43999999999999995
4.500365743943676,0,3.82279897790513,29.75745189240235,1,2,1,0.7512626194558735,0.33999999999999997
3.8162454765443794,0,3.489327252443861,28.919368961948706,0,2,2,-2.2204714416847176,0.33999999999999997
4.356776256232838,0,5.040144570220469,27.22075784980507,0,2,1,-0.5519221295534523,0.33999999999999997
4.609152567102884,1,4.524272666228482,25.347890877385357,0,3,1,-0.3760121932957605,0.43999999999999995
4.438674576085103,0,8.715394545626939,30.08194972098111,0,2,1,0.38145775984591157,0.33999999999999997
4.172088962071541,1,5.9793879083875,25.082788781168137,1,1,1,0.5700656562386712,0.24
4.7543673718703925,1,4.389474506337535,34.40093681404569,0,1,1,0.33082668324856607,0.24
4.007876448714406,0,1.7718272163986968,28.342507250464386,1,2,3,-0.894993026808254,0.33999999999999997
3.566426678704637,0,4.583192984324498,24.33007885664049,1,1,1,-0.6333200546781449,0.24
3.8439147667006357,0,3.5755143437349712,26.458011165014984,0,3,2,-1.5032425277970862,0.43999999999999995
4.342163134281265,1,5.339190550097329,27.16559698513055,1,2,2,0.06638540144475191,0.33999999999999997
4.71541588717943,1,1.205217455745454,35.23712996177154,0,2,2,-0.3671855582770894,0.33999999999999997
3.961057377087786,0,3.8926458101108024,25.34623315957151,1,1,2,0.5326676368060894,0.24
4.6467014148339025,0,1.5108300489564064,27.65134821024584,0,2,2,0.6968797220834915,0.33999999999999997
4.522244857928665,1,2.7848635930714627,26.386514890404932,0,2,1,-0.33377151009778333,0.33999999999999997
4.734026183761326,1,1.4340890855058204,29.497775456744993,1,2,1,0.28209867413874257,0.33999999999999997
3.884340420689215,1,2.1790720112847533,26.434349758884867,1,1,3,-0.21581912220688246,0.24
3.6691759503333055,0,1.8370328936924394,24.58283000158087,1,3,3,-1.1134877700866899,0.43999999999999995
3.907413179655668,0,1.36602052688694,27.414116260611404,1,2,2,-0.8001622910446848,0.33999999999999997
3.6113687133388765,0,5.016388865215669,27.10181847000327,1,2,1,-2.268902937952028,0.33999999999999997
4.419165338409227,0,4.051462359476529,26.22326686712796,0,3,1,-0.39574538909351475,0.43999999999999995
3.990080342986098,0,0.16653269970880924,26.383568923308648,1,3,1,-0.5935440500924578,0.43999999999999995
4.292847226883698,0,3.350853430131224,31.55408739364301,0,1,2,-1.0951367653816648,0.24
4.833334415132057,1,3.0143743435145867,27.040779357197486,0,3,2,0.8191790519640578,0.43999999999999995
4.3321172214995745,1,2.0904565669946393,24.5976170125647,0,1,2,0.5262810346984443,0.24
4.752215764019822,1,3.586609485803157,26.61365210860043,0,2,2,0.5537474091483251,0.33999999999999997
4.524266917553498,1,8.19818241806251,28.16300697839618,0,1,1,0.6916242358233948,0.24
4.517871403781668,1,3.284116359007128,23.99119109034594,0,2,2,-0.001792215951965277,0.33999999999999997
4.509932576940742,0,4.262705083394696,32.8779338800192,0,2,1,-0.012076494228804774,0.33999999999999997
4.644893325815226,1,1.1972570965932035,30.602738432518816,1,2,2,0.8302081488945307,0.33999999999999997
4.891425256262303,1,7.901533280046748,32.290518230856335,1,2,1,0.6672730171848031,0.33999999999999997
4.541732461984314,0,4.56736058592444,29.176384376463048,1,2,1,1.0274156392003537,0.33999999999999997
3.9095968864508777,0,3.530366051534916,21.718907649609697,0,1,1,-0.04360797279083437,0.24
4.937019618358074,1,2.6532113149685608,32.60600114991554,1,3,3,-0.9863796644939833,0.43999999999999995
4.453272532894956,1,3.8376094336112043,25.409294920870323,0,2,2,0.23710321724074412,0.33999999999999997
4.11002548195658,0,7.2587897705264055,25.653439767993703,1,2,1,-0.5782525761987584,0.33999999999999997
5.095292923636497,1,5.814825234959733,28.46897543186633,0,3,2,0.653535588575478,0.43999999999999995
4.406499586753245,1,5.0713947396822885,32.13468954001045,1,1,2,0.28780042598970873,0.24
4.751778040883213,1,1.2092362851280656,31.1598614018572,0,2,2,0.05144099657955058,0.33999999999999997
3.8756417943664627,0,6.768434341954545,30.718843360528062,1,2,1,-0.3920266818844824,0.33999999999999997
4.380051801174714,1,5.844767801166306,27.06451884137634,1,1,1,1.000676427539577,0.24
4.614679823223996,1,3.1576287380985413,27.017177421723666,1,1,1,0.9239001668369301,0.24
4.455347965058457,0,8.068291140102328,29.037831003940198,0,3,1,-0.5604884807215009,0.43999999999999995
3.7461088253632386,0,5.220444755667732,27.609787476149403,0,1,2,-1.2283829403395194,0.24
4.729836383377738,1,5.450384960933257,30.66795372198806,1,2,1,0.17944538949374675,0.33999999999999997
4.969505478579987,0,4.641777035308081,30.49035299348568,0,2,1,1.1859025299977168,0.33999999999999997
3.7284660518104733,0,4.983924131330687,29.77402396351812,1,2,1,-1.2617888126752372,0.33999999999999997
4.537796260236772,1,4.237034997154423,20.422116154691864,0,2,1,0.4703622064468958,0.33999999999999997
4.572884259369824,1,0.013236245166620475,28.383965091031794,1,3,3,-0.8209745680623256,0.43999999999999995
3.511021047185908,0,-0.22787925343982596,27.673438357801896,1,1,3,-1.0169042314343593,0.24
4.8641062935781605,1,4.014514820668635,28.504076805278594,1,2,1,0.9311845218433307,0.33999999999999997
4.394527328473071,0,0.3157906283173365,25.737026084360778,0,2,3,0.6503416630300003,0.33999999999999997
3.7345854559794245,0,4.741411819702235,24.025642268802326,0,1,1,-0.15229042665126608,0.24
4.495890437583258,0,2.8076818064855,29.38941543992512,1,3,2,0.7894998470034116,0.43999999999999995
4.876376812720557,1,7.262331787394626,26.931096046803816,1,3,1,0.6835196770941094,0.43999999999999995
3.6636780140608516,0,4.210303260865026,29.724078981122798,0,1,1,-1.4862479426691975,0.24
4.747788546727757,1,1.861225723466313,25.987256866945685,0,2,3,0.08427141814476005,0.33999999999999997
4.754090707502402,0,1.5126229913904747,32.24773192147803,1,2,3,1.4128052547382457,0.33999999999999997
4.726340309077001,1,3.3131494639839296,31.00319452771229,1,2,1,0.4738140394623799,0.33999999999999997
3.779111340005085,0,2.053547422901172,28.89048132563764,1,3,3,-2.615778322614017,0.43999999999999995
3.999261203070637,0,3.572960655182424,27.360134759842158,1,2,2,-1.0706492042490674,0.33999999999999997
4.451872801845523,0,9.165690527138226,30.557226633394592,1,2,1,0.9957739687929634,0.33999999999999997
3.8051667420911253,0,5.639633517506405,29.177643445712217,0,1,1,-0.5571650925178967,0.24
5.089473277448519,1,3.8669256766339624,28.715752563791813,0,2,1,1.1213391406617985,0.33999999999999997
5.379152807049475,1,1.6450315989757165,31.128596228678827,0,2,2,2.0461024836345074,0.33999999999999997
4.550813385096037,1,1.1471208408455762,32.27960846321992,1,2,3,-0.23794781432375114,0.33999999999999997
4.422532411109523,1,5.066757479257206,24.242766446543367,0,2,2,-0.6178395336553639,0.33999999999999997
3.8415093303146257,1,2.082220956275932,24.84884767795058,0,1,2,-1.0061515837394854,0.24
4.738163469168636,1,1.3669596973143059,25.65921782356361,0,1,2,0.7582433691804569,0.24
4.2409851753821375,1,5.241362072915853,23.492726207069346,0,2,1,-0.6026800805975541,0.33999999999999997
4.384535842106028,1,4.703677718636421,27.811754423292548,1,2,1,-0.40223653658552544,0.33999999999999997
4.583410712369712,1,4.557354130956859,29.800349365733517,1,2,1,-1.1085712116504125,0.33999999999999997
4.063464977414997,0,2.502176664413149,27.93574511514299,1,2,2,-0.43256451023214787,0.33999999999999997
3.7019297592123865,0,1.5520148698287257,26.397635075161315,0,1,3,-0.7067161872280899,0.24
3.611303445858102,1,4.669968378732531,31.379373271387475,1,1,1,-1.9819832641040707,0.24
3.8001920390576482,0,4.6468794579477875,28.421669209620248,0,1,1,-0.8386753053522433,0.24
4.460706925856609,0,5.455275766935695,29.028948902098954,1,2,2,0.7461896239780385,0.33999999999999997
4.81448475452634,0,4.017570750348506,31.46270441469928,0,1,1,1.3489956526924056,0.24
4.3638960102758295,1,2.3732433358317224,27.6302741834466,0,2,2,-0.10666975326603993,0.33999999999999997
4.959614623890587,1,3.503244612125078,34.18064221787404,0,2,1,0.03369516500549884,0.33999999999999997
5.000434653831874,1,1.853542874361335,26.656554988384702,1,3,2,0.28598246278025374,0.43999999999999995
5.717802797345817,1,1.4720455670038994,33.9938446135387,1,3,2,1.9626108331343044,0.43999999999999995
4.694215114005968,1,7.1685185736054775,25.075794454262738,0,3,1,-1.0098503789946192,0.43999999999999995
3.772785857474396,0,0.4263574400434422,29.552454708641324,0,2,3,-1.262142690752995,0.33999999999999997
4.344155446615829,1,2.772074870349637,26.072403493581287,1,2,1,-0.051594853343947374,0.33999999999999997
4.944267806945434,1,3.4320293534788497,31.35869835094328,0,2,1,0.394209415168112,0.33999999999999997
4.501230345025382,0,6.929083146273343,26.565302176424716,0,3,1,-0.03336733965825367,0.43999999999999995
4.446560012474048,1,1.4875399932607902,28.87261357193226,0,3,3,-1.3645417463909135,0.43999999999999995
4.7202551971719195,1,6.668906824025438,26.048374011875293,1,2,1,0.8848074479171318,0.33999999999999997
4.473232792030521,0,2.4757211404232966,30.81167552099984,0,2,1,-0.13813787369478955,0.33999999999999997
4.546924702823083,1,1.615987875181753,26.032746218082583,1,2,2,0.5543772660574198,0.33999999999999997
5.088840717025087,0,3.112417817956917,33.05024453422801,0,2,1,1.5527916499984238,0.33999999999999997
4.0990610934637095,1,4.301714765737521,25.01200867911583,0,2,1,-1.4632877572247276,0.33999999999999997
3.6838915644249313,0,5.3744621537305886,23.96311624501556,0,3,1,-1.7183597184725181,0.43999999999999995
4.778683887479292,1,0.7652266335551425,30.854656234237257,1,2,3,0.5655645964470789,0.33999999999999997
3.2135631201832053,0,0.006519859698724595,26.225069079209433,0,1,3,-2.034477451249103,0.24
4.004566273372966,0,3.7977757059008237,27.978288059651394,1,3,1,-0.39987788555974757,0.43999999999999995
4.158424586308564,1,3.759971983036872,27.03327653849284,0,1,2,-0.5712968294014852,0.24
3.966963397941709,1,3.9448671902054806,24.06217519854193,0,1,1,0.35985231541321944,0.24
4.242342831071143,1,3.418513330740697,27.769019007584987,1,2,2,-0.666108336485898,0.33999999999999997
4.589337601872927,1,2.2812402184206664,31.794747684916906,1,1,1,0.4919661790016575,0.24
3.9328397874756598,0,5.4310606838888456,31.009411009916697,0,1,1,-1.0669891903357478,0.24
3.93996001721212,0,1.5924476235881257,28.695378287877773,1,1,2,-1.2420791861399234,0.24
4.186639099287408,0,3.3318347360147262,31.336804879105323,1,1,1,0.019282945360755064,0.24
4.132366628743592,0,3.973975582133164,24.82144424591747,0,2,1,0.10528147659386206,0.33999999999999997
4.230950763724178,0,2.2855368186803258,27.023637013284983,0,1,3,0.2952070903861655,0.24
4.946419269957148,1,1.5787137498365358,29.187414822190625,0,2,3,1.4795765369904748,0.33999999999999997
4.854651134496401,1,6.748497525114392,27.608755519548666,0,1,1,1.2806099760825886,0.24
4.512714889413299,1,3.5295845590172057,27.25953000857033,1,2,2,0.4516171990459631,0.33999999999999997
4.568703957491074,1,4.006606544886437,24.398068803036715,0,1,2,0.8093932288309282,0.24
3.926492408006867,0,7.5329583236627125,21.755975834071865,0,1,1,0.26213904279359296,0.24
4.670375761258617,0,-1.396424950277559,30.45359927484891,0,1,3,1.1795023683772616,0.24
4.212569112516762,0,4.514615828609446,28.729664719756677,1,2,2,0.3638825835156063,0.33999999999999997
4.2879159121665085,1,1.6878866144975444,30.705995134630278,1,2,2,-0.5522424861725688,0.33999999999999997
3.834300424340308,0,6.6290590723270295,26.688292173524875,0,2,1,-0.7524650433921188,0.33999999999999997
4.921019185908855,1,5.484839731678036,25.861666345517218,0,3,1,1.150981263088819,0.43999999999999995
4.828539267713403,1,4.082046439503038,28.0196438999099,0,3,1,-0.18308525786875768,0.43999999999999995
5.105057011968237,1,3.9015154934139744,30.56259894583845,1,2,1,1.9167972038335306,0.33999999999999997
3.8857220092943585,0,4.3276492895994405,27.305643355037038,0,1,1,-1.104440021493388,0.24
4.830660585572387,1,5.913981771523971,30.40535555298546,1,2,1,1.251439877344758,0.33999999999999997
4.390200269905517,1,6.671565631865613,24.98107598322074,0,1,1,-0.42648616433519426,0.24
4.097727355154727,0,2.1114163088979274,27.515658600490397,1,2,1,0.407265824718272,0.33999999999999997
3.4128412825321406,0,1.1068026446975416,27.789657567765907,1,1,1,-1.3017308607924158,0.24
3.7604097907688834,0,3.0970203868157355,31.67916983176576,1,3,1,-1.838494840492856,0.43999999999999995
5.41659399369571,1,4.184646773249307,28.622882194047726,0,3,1,1.4799856409588026,0.43999999999999995
4.572019820165127,1,2.524817607323972,33.238232554882586,1,2,2,-0.43868430518242657,0.33999999999999997
4.717277046262277,1,4.439163664033624,23.956945600157553,0,2,1,0.9853712067196322,0.33999999999999997
4.183585379181576,0,1.3877675186693912,28.38975671323384,0,2,3,-0.6564453269337757,0.33999999999999997
4.66032618880482,1,2.3504185137917504,28.538194117541337,1,1,2,0.98672819747856,0.24
4.578952918088966,1,3.863161239129059,29.8602795927606,1,3,2,-0.4286232235346904,0.43999999999999995
4.007793249061932,1,1.2143736476499085,25.559920190653326,1,2,3,-1.2104777694192803,0.33999999999999997
4.674912535429006,0,3.670388228040161,33.053339018232506,0,1,1,0.6464848909504225,0.24
4.61120557108004,1,8.11958291193256,28.038891824415277,1,2,1,0.9446005210623467,0.33999999999999997
4.783719936531598,1,4.747647997072569,24.738797461195247,0,1,1,0.6404319058797806,0.24
4.645357654890196,1,4.324993404773788,27.951925028759145,0,1,1,-0.14475291903269286,0.24
3.567097921016347,0,2.7784216326873974,27.060515431359658,1,2,1,-1.7488570471628306,0.33999999999999997
4.2308024576705705,0,0.27321635389247356,36.349705426741984,0,2,3,-1.068946912191049,0.33999999999999997
3.950197896862206,0,9.508764788071879,31.14983079857504,1,2,1,-0.7020105078429352,0.33999999999999997
4.60503118866382,1,0.741930423553377,28.14898406712465,0,2,3,-0.2582614076212631,0.33999999999999997
4.758410535278297,1,4.510073784033284,27.664249944402385,0,1,2,1.130799132231126,0.24
3.9811186639426035,0,3.2284670366999944,30.853170587444396,1,2,2,-0.11736454750383611,0.33999999999999997
3.3259435218898874,0,6.18396749722356,30.996586480984643,1,1,1,-2.106623405912971,0.24
3.3072605032177607,0,1.7660643531459195,19.265350242038053,0,3,2,-2.590924463059685,0.43999999999999995
4.01736064343802,1,4.874331050517054,29.9289794642,0,1,1,-0.6947558551403238,0.24
3.755637120027599,0,5.98958956865702,28.08389963193588,1,1,1,-0.5133242470790619,0.24
4.914702299428315,1,-0.9699605681863688,24.06656853463907,0,3,3,0.35564764413583033,0.43999999999999995
4.171980097209916,0,4.798951015209644,30.64064241887253,0,3,1,-1.45249736377581,0.43999999999999995
4.161987287187595,0,2.6059443097625916,34.738564040674795,1,3,1,-1.3826747046791545,0.43999999999999995
4.5726482177960195,1,0.5308894018448589,29.670387840483343,0,1,3,0.45358999362637137,0.24
5.131359136607775,1,3.5516012487332906,31.301285326770593,1,2,1,1.3342061072926286,0.33999999999999997
4.033430050289093,1,2.6630473835908943,33.412357275893214,1,2,2,-1.963537902275678,0.33999999999999997
4.046431732721272,0,1.2474383163422473,25.509213547839845,1,3,2,-0.7689390407637191,0.43999999999999995
4.203415973093489,0,7.231329942493641,22.427285664499248,0,1,1,1.1112396321422435,0.24
4.646329653899433,1,1.6486122290630658,29.970598189928506,1,1,3,0.9330758289028058,0.24
4.024582182850992,0,1.0977747429964653,27.257165390675645,0,2,3,-0.9256914526049214,0.33999999999999997
4.501347923611357,1,8.061230142344836,23.877479642885373,0,1,1,1.1598780856903912,0.24
4.618351771068274,1,6.1359148655331675,27.76549019159262,0,2,1,0.04490704200089535,0.33999999999999997
5.202281715136242,1,4.879174311801235,30.18264212137186,0,3,2,0.6600514332133113,0.43999999999999995
4.1748931436035335,0,3.5653323065674813,27.55308500570692,0,2,2,-0.7040335340775895,0.33999999999999997
4.1053824230498455,0,3.424505588762493,25.639517107794887,1,2,2,0.29241660468579744,0.33999999999999997
4.196994548136955,0,8.108752176512695,27.32947881911047,0,3,1,-1.1658082271317143,0.43999999999999995
4.010788250416122,0,6.336378486022261,27.941570604095965,0,1,1,-0.5473466359945474,0.24
3.670548907187723,1,-0.6193408691895901,22.211553212121753,1,1,3,-0.2968781083124661,0.24
4.612824526676604,1,4.9015489853036165,27.57167514048792,0,2,1,0.140127241201643,0.33999999999999997
4.4623824999066075,0,4.811502007390293,23.966978583565325,1,1,2,2.406530139628101,0.24
5.070328644353285,1,0.7225043756223513,29.97707785606329,1,1,3,2.559859742537153,0.24
3.663861730714041,0,2.778226552074547,23.316872273239667,1,1,1,-0.38790502628609164,0.24
5.562588754773032,1,4.507811592197072,31.03807661365281,0,3,2,1.4795992060195728,0.43999999999999995
3.962173257144855,0,5.327907780422926,26.772504792358177,1,3,1,-1.1091525895285173,0.43999999999999995
4.123051484867205,0,-0.33140135633966117,26.371072879683965,1,2,3,0.3992771260817059,0.33999999999999997
3.947011854275816,0,4.024276489420044,28.883363791905918,1,1,1,-0.6856521232138905,0.24
3.8869321388591715,0,4.418211110553063,25.401896664329826,0,1,1,-0.45096325297250944,0.24
5.013224418311757,1,2.3120475953240525,28.836237262390192,1,1,2,2.660759550945195,0.24
3.6656449061774454,0,1.9568392432898263,25.80367367593489,1,1,2,-0.38698335292516955,0.24
3.863513231518343,0,4.09860764036162,26.32979646302569,0,1,1,-0.6498421919665505,0.24
4.255146844675494,1,5.672148404993914,29.216062507987406,1,2,1,-1.0003206976971222,0.33999999999999997
3.5198524769772215,0,3.3174440748867076,24.584257798796852,1,2,1,-0.7692667300081335,0.33999999999999997
3.425232158338625,1,6.535302609713016,24.20698809471293,1,1,1,-1.4217794280161404,0.24
4.939775670786082,1,1.0993671666267848,28.744676522231025,0,2,2,0.22285132356001333,0.33999999999999997
4.262992728094427,0,3.5777902738204057,27.919300442531846,1,2,1,0.20486750045230762,0.33999999999999997
4.330661398011649,0,2.44124646897452,28.506078234428177,0,2,2,0.33771725314478496,0.33999999999999997
3.939785324983773,0,0.4058331170199294,28.982917710164262,1,1,3,-0.011426214878492167,0.24
4.649097349098096,1,1.028302359059977,28.172126661420943,0,3,3,-0.5673794917331795,0.43999999999999995
4.115463381773587,0,0.5589592745570028,29.824277871901206,0,2,2,-0.6568447013207643,0.33999999999999997
4.555991645811854,1,4.264743178093718,28.292308860935975,0,1,1,0.15900365492296212,0.24
3.8062918644058894,0,3.708006841492156,21.97808830097409,1,2,1,-0.0515145120868334,0.33999999999999997
4.162066978445548,1,3.2779898051045526,22.756346216014432,1,2,3,-0.6357662132066624,0.33999999999999997
4.747362826152968,0,1.2009250370235522,33.78384754072625,0,2,3,-0.28659912769160195,0.33999999999999997
5.042573292843956,1,4.882971804989047,28.00021560117659,0,2,1,1.539448765150501,0.33999999999999997
5.179322152984177,1,1.435584087660947,30.85072495515129,0,2,3,1.9701725983514387,0.33999999999999997
4.0970140906335,0,1.2397895817616034,26.962888283118772,1,2,3,-0.22023127776037238,0.33999999999999997
3.948118140130204,0,0.8317720046249378,27.82595471681821,0,2,3,-0.7337784315931773,0.33999999999999997
4.019156494556919,0,4.743066506261729,26.63990603718747,0,1,2,-0.04309949411109075,0.24
4.925931869660718,1,1.4315784989231644,35.3977819943841,1,1,3,1.1358817032136646,0.24
4.403464007243713,0,-0.41745279385261846,28.759727267092426,0,1,3,-0.04367218258440575,0.24
4.714733955702466,1,4.7151373264117815,26.395426283481406,0,2,1,0.3550904592825753,0.33999999999999997
3.586443745733692,0,-0.48399381266350194,23.04538085970943,0,1,3,-0.6575337108254837,0.24
4.529929469563542,1,6.841324291323076,33.921200328207554,1,2,1,-1.1666898055563077,0.33999999999999997
4.51624772234974,1,1.6966928716017553,27.51016484431509,1,1,1,0.7615535310712026,0.24
4.840814619965308,1,2.327775271154151,30.232687358684792,1,2,2,0.1948446623693796,0.33999999999999997
4.826716850137431,1,3.9673176988187033,30.567991870919638,0,2,2,0.6558358607636758,0.33999999999999997
3.800975032180285,1,0.012897401940991204,26.611508429708888,1,1,3,-1.7107931576753936,0.24
5.633586045175935,1,4.082233811341271,30.01735832615847,0,2,1,1.832642908468755,0.33999999999999997
4.5253541026413,0,5.875327113554621,26.18758513974515,1,3,1,0.2522802193740027,0.43999999999999995
3.4768440689764604,0,5.666093592318825,25.028720913881752,1,1,1,-1.8072322426605474,0.24
4.7555319134816765,0,1.3297633157857605,31.49339407753664,1,3,1,0.9869080458346351,0.43999999999999995
4.757668717116093,1,3.147808731417343,27.525431860533402,0,2,2,-0.3733887359880377,0.33999999999999997
4.505517171007317,1,1.5145283564504948,29.555538500807966,1,2,1,0.030507929758371563,0.33999999999999997
3.8625061068169098,0,5.702570436908464,29.232762981645312,1,1,1,-0.47772255315583134,0.24
4.296642005051729,0,3.5393569320456617,29.913795880165868,0,2,1,-0.0978962682866198,0.33999999999999997
4.155086480727581,1,3.622878189829605,23.330389197395125,1,2,2,-0.04752023970195938,0.33999999999999997
3.5603993063740207,0,4.638463800244077,26.24412840605089,1,2,1,-1.670070313001123,0.33999999999999997
4.827994093467629,1,1.8078076401019332,27.026574527510725,1,3,2,0.8657621791022719,0.43999999999999995
3.956066158044031,0,7.399717732389833,25.505563981295527,1,2,1,0.11286838575471958,0.33999999999999997
4.15231429128139,0,3.256219670583294,29.287020544049163,0,1,1,0.4461895118397861,0.24
4.602948166024541,0,1.7563899600802455,31.56067923278769,1,1,3,0.8159509509216093,0.24
4.4310414422698186,0,5.935057348036266,32.03555396603889,1,1,1,0.12085953613342208,0.24
5.370251859997761,1,1.4616040854819907,26.982385704370348,0,3,2,0.3310935820855623,0.43999999999999995
3.692630872421121,0,2.4940039648575043,28.87589758737372,0,1,2,-1.4704223413835176,0.24
3.9221495954131966,0,0.9861726622803716,29.336930513470296,0,1,2,-0.8303728667467025,0.24
4.334411220971239,0,6.09973382990951,29.86376828261059,0,1,2,0.0850125612169224,0.24
4.082533036548064,0,2.598063562744823,25.365594780782068,1,3,2,0.18570474454455693,0.43999999999999995
4.8865352303683975,1,2.7257800713441784,33.4617408047949,0,2,2,0.4007074664329605,0.33999999999999997
5.261216846380896,1,7.012323797464973,30.779560553039335,0,3,1,1.4060461929644716,0.43999999999999995
4.540153169311315,0,5.224037588393775,30.857948031077324,0,2,1,-0.09420893015058297,0.33999999999999997
5.100218953895907,1,1.2570527658972361,31.61038017070119,0,3,3,0.3628930688694611,0.43999999999999995
4.588064585763791,1,1.646540734521738,29.602407826797954,0,1,3,0.05899084216930142,0.24
4.041717014911364,1,8.074525548606353,24.918059730847084,0,1,1,-0.24972068579742096,0.24
4.256465430546761,1,4.760801650076399,27.58308180533468,0,1,1,-0.2108315798926722,0.24
3.6413845961852935,0,2.325114269343181,23.046839814814252,1,2,1,-0.7842855922177057,0.33999999999999997
4.6957073487903305,1,3.0533577422637177,29.245217529097253,0,2,2,-0.11701038284965008,0.33999999999999997
3.785601541134398,0,3.618014374320217,27.492359025503358,1,1,1,-0.21887911306566438,0.24
4.204366107996335,0,2.089252886840983,27.878432849419205,0,1,2,-0.15169109613084564,0.24
3.932885365627174,0,1.8829912732693619,31.612003390256955,0,2,3,-1.741901750623489,0.33999999999999997
4.056366746925029,0,2.1190736219277153,26.629017884330622,0,1,3,-0.09894121023881156,0.24
4.355498754567203,1,6.056198524552667,27.24363052368377,0,2,1,-0.8770534254267818,0.33999999999999997
3.93270142155262,0,1.4408430598794808,28.06591988788965,0,1,3,-0.06185213429135381,0.24
3.897956226841212,0,2.2766914799978344,22.480023251759103,0,2,2,-1.0947696454844746,0.33999999999999997
4.1773227861549955,0,1.4272018249931162,27.20180903271399,0,2,1,0.04992688671807618,0.33999999999999997
4.149352599406748,1,7.314643795817483,20.54261526314145,1,2,1,-0.2969678541198594,0.33999999999999997
4.173633405912601,1,3.6479223347085883,26.243435314312784,0,1,2,-0.6262814146291775,0.24
3.9402401615005,0,1.6526702685023649,30.56556716017848,1,1,3,0.2893371237316332,0.24
4.502774220794426,0,1.3231556905033992,29.341799674753208,1,3,1,0.37547604654416755,0.43999999999999995
4.47295723913017,1,4.17198380976148,26.21553906863777,1,2,1,-0.04930953328585963,0.33999999999999997
4.433327261844994,0,7.4853777445417835,28.12239465467144,0,2,1,0.5687881632665528,0.33999999999999997
3.845567108738624,0,0.12784101628711075,24.775031298608784,1,2,3,-0.41329698795141373,0.33999999999999997
4.252191154184764,0,0.15228063789083113,27.992969790551438,0,1,3,0.3999520610248129,0.24
5.310487826932739,1,6.255541351454374,36.79096085647753,0,3,1,-0.04222376900806581,0.43999999999999995
4.330650449629144,0,5.92833900068877,33.53740396111579,0,2,1,-0.9993316528885958,0.33999999999999997
3.923874994173025,0,0.40729097584831686,28.157866390051783,1,2,3,-0.8013522813469452,0.33999999999999997
4.844093383389452,0,2.955718709039251,28.480432494746122,0,3,2,1.1654017746671892,0.43999999999999995
4.370387933902309,1,1.3210721422045195,25.061304056096347,1,1,3,1.576339121165457,0.24
4.454544068434086,0,1.6567804225628722,25.594632676146848,0,2,3,0.7132537137226365,0.33999999999999997
3.86801506776346,0,1.7787642942163293,29.08655296631408,1,3,1,-0.5831885868230609,0.43999999999999995
4.578927215827845,1,6.779945326919962,26.425322303090546,1,1,2,1.4277235047826202,0.24
4.271615446090088,0,5.378989073567032,30.712448784554745,1,1,1,0.6125490017105989,0.24
4.514189707753633,0,1.3318228066525446,32.709057042933274,0,2,3,0.3356466338526196,0.33999999999999997
4.584163862846662,1,3.1111024376620486,28.997862354343116,1,1,2,1.8423095896527513,0.24
4.1700069573059455,0,2.8692538310680837,28.30521161751978,1,3,3,-0.8599754800497419,0.43999999999999995
4.282713085486442,1,0.8141940826090177,22.957661125268046,0,1,3,0.7729859093999953,0.24
4.188555946725644,0,4.427460621022437,30.24283073581615,0,2,1,-0.8146008572260837,0.33999999999999997
3.560843660992426,1,2.096820665882337,24.568986095382826,1,1,1,-0.6066299671712059,0.24
5.129404501652017,1,4.403008547977155,26.745972614099742,0,1,1,2.602061583522535,0.24
5.2255946364827315,1,3.3321177016101857,30.878727677155403,1,3,3,0.502363502483159,0.43999999999999995
5.326320144272455,1,1.7396610909540287,31.089274492927096,0,2,3,1.8491872621459167,0.33999999999999997
3.9085618426233064,0,1.4465399694825134,26.600477417949648,1,1,3,0.5435807642892118,0.24
4.224508589159709,0,3.101329888528445,26.77325339524004,0,1,2,0.40241989458628113,0.24
3.9646424827159428,0,3.8756521351585436,25.902043380229983,0,2,1,-0.626097650603824,0.33999999999999997
5.183147082746189,1,3.675501021264945,24.40643876402227,0,3,1,0.9777422591396542,0.43999999999999995
4.065484411376619,0,2.3796641335132835,26.095613553687276,1,2,1,0.02531009824076112,0.33999999999999997
3.7608314310816517,0,1.3192489937839664,23.160609943255935,0,2,2,0.0804763085018839,0.33999999999999997
3.861757030590666,1,0.06442846985554385,30.049187744524794,1,1,3,-0.26112768179204127,0.24
4.2723804397422835,0,7.8275770415568555,29.183570815485627,1,3,1,-0.10077801160298076,0.43999999999999995
4.459492782448215,0,0.9206833582451175,29.68158785461154,0,2,3,0.02492824447855376,0.33999999999999997
4.45985460058564,1,2.742271129988604,25.136787848274572,0,2,1,0.12288130607284213,0.33999999999999997
4.5193436321515525,1,3.801055112710892,24.41478830945483,0,2,1,-0.05071901904928191,0.33999999999999997
3.741661475390731,0,1.7845148477458759,28.16054282294068,0,2,2,-1.5568477902858167,0.33999999999999997
5.421591325984908,1,7.447415780717086,28.192307694850676,0,3,1,0.5419419850930224,0.43999999999999995
4.40280568112594,1,1.5712785824721058,27.558190517461163,1,2,3,-0.12302036272317962,0.33999999999999997
3.7917634421081017,1,2.1082425080959775,27.131550192436453,1,3,1,-3.317318321288845,0.43999999999999995
3.9364681809743174,0,2.5338343434398993,33.13232733308316,0,2,1,-1.587884807716327,0.33999999999999997
4.009136786972795,0,1.7708046152647807,29.278075035378937,1,2,3,-0.47345623708689716,0.33999999999999997
5.543262049993428,1,1.2753143330050658,33.91203517439947,1,3,3,1.2785962933196788,0.43999999999999995
4.5557298334484235,1,1.4863260948704982,31.8068950762949,1,1,2,0.6077154630593283,0.24
3.7821025916620723,0,2.6351983301945285,33.10981277805204,1,2,1,-0.6871512087075551,0.33999999999999997
4.346486172286644,1,5.279548762568639,24.776611700931994,1,2,1,-0.19069955934892352,0.33999999999999997
5.011710949699741,0,2.940309925509601,29.77951297299409,0,3,1,1.1045431757992894,0.43999999999999995
3.809960421080634,0,3.202746648830747,26.70470353301988,1,1,1,-0.6163327207082634,0.24
3.539614495231061,0,2.130715114553028,23.0098398659214,1,1,3,-1.0859554612972313,0.24
4.615678080827402,0,4.331477670450932,32.48800950866658,0,1,1,0.8805485624351124,0.24
4.750104314857271,0,3.235441828055059,27.118922422883113,0,1,1,1.1160687151430708,0.24
3.795305332730533,0,2.3739259948080047,24.834695109199945,0,1,2,-0.6048964061132128,0.24
4.038723480722998,0,-0.3766218655625526,26.75630841025392,0,2,3,0.4876128007552759,0.33999999999999997
4.841937688714072,1,6.9755562217189855,25.61132763167854,0,3,1,-0.04059989852997299,0.43999999999999995
4.036870913817692,0,3.680944650730403,25.91890609715,1,2,1,-0.5906670746703826,0.33999999999999997
4.300714913643608,1,9.466481059736456,27.33518982945205,1,1,1,1.168732271342323,0.24
4.959855916765078,1,5.678129962837658,33.19244557913423,0,3,1,-0.6639703271419042,0.43999999999999995
4.6087801687691385,0,6.6738634590560455,26.001048350366123,0,2,1,0.7560032022570304,0.33999999999999997
4.134617287609071,0,4.154864137431099,32.97781199265757,1,1,2,0.06807628650122563,0.24
4.139940113654896,0,6.952881210204752,30.546510387938564,0,1,1,-0.1724966188078063,0.24
4.6499935696430015,1,5.669778051635836,29.188814690758257,0,2,1,-0.5552259083783637,0.33999999999999997
3.7739257410411673,0,4.242044908249591,30.244360096755624,1,2,1,-0.9866152677147475,0.33999999999999997
4.225314031743651,0,0.5831843596885317,28.040966991512374,0,2,3,-0.24990224253216053,0.33999999999999997
4.233421017690685,1,3.795474667386131,31.85815031159028,0,1,2,-0.5124180734375272,0.24
4.572578183585541,0,-0.8322375706057219,29.7009407898013,0,3,3,0.09251645114480084,0.43999999999999995
3.376583755963662,0,6.738056553172852,23.006002044923463,1,1,1,-1.1974502095436572,0.24
4.307982294049921,0,-0.5878221416530474,28.888755795669894,1,2,3,-0.15167494981871596,0.33999999999999997
4.926254570038942,1,1.1569125934310294,30.351919428977844,0,2,1,0.40596293894592056,0.33999999999999997
3.7698949742947274,0,6.2923600970063625,27.13299634419635,0,1,1,-0.6732739984790433,0.24
4.61081584197248,1,3.428819724339565,28.378767618141797,1,1,2,0.7409824340741481,0.24
4.2052453280906406,0,1.3350589232906764,26.16142601597678,1,1,2,0.8495651345599076,0.24
3.089963734976944,0,0.6454221979246364,23.867123031809317,1,1,3,-1.2071494513843535,0.24
3.8556167210149495,1,3.202267830576399,23.34886938720628,1,1,2,-0.7584057023789246,0.24
3.8670486593246727,1,3.738238669734058,23.38879603879341,1,2,1,-1.340428337904404,0.33999999999999997
4.71234926655882,1,2.7656807863647073,30.007134227411598,1,2,1,0.42307944386967294,0.33999999999999997
3.993385600730015,0,7.105954913850434,20.529154874871015,1,2,1,0.12787802417686273,0.33999999999999997
3.5390433660047096,0,2.2607016409238647,26.000560219109556,1,2,1,-1.6011270227460443,0.33999999999999997
4.1736607860574475,0,2.4769202796958663,25.703040144263866,1,3,2,-0.65204524673319,0.43999999999999995
4.741781055993453,0,3.790447751652219,27.153521392037607,0,3,2,0.3083218385149384,0.43999999999999995
3.95475337605847,1,-0.28664939382193766,22.430705350191392,1,1,3,0.11295196838526499,0.24
4.640733946118447,0,4.801731608892443,29.211664284221857,1,2,2,1.210153713537796,0.33999999999999997
3.757550807090241,1,1.9727847676553998,24.180515817520302,1,1,2,-1.1519195654184076,0.24
4.33656391348835,0,7.036148997445649,31.397216622127807,0,1,1,-0.008896768364370401,0.24
3.889608414544819,0,4.2963950489306315,26.134702937233502,1,2,1,-1.001759986461175,0.33999999999999997
4.0120442744717915,0,2.475292849318348,27.71316092976424,1,2,3,0.11015351750750368,0.33999999999999997
4.150038207764448,0,1.7800008320640237,28.01132156966562,0,2,3,-0.18105387735330708,0.33999999999999997
4.419226671540807,1,4.806228142923369,28.732723158581717,1,2,1,0.2717579068957081,0.33999999999999997
4.0857105993924,0,-0.07104183538554154,28.111043132488426,1,1,3,-0.4091520550343232,0.24
4.8532697667907785,1,5.4874883139004345,26.718668353802105,0,3,2,0.7623277769347435,0.43999999999999995
4.3751604429320015,1,1.777675471457298,29.02914559208213,0,1,3,-0.7146800889273852,0.24
3.786179779788387,0,4.37112024397197,29.398441391484862,1,1,1,-1.015271947479007,0.24
3.7713660465638528,0,3.2392286462971343,25.704595998671138,1,1,2,0.2252249899058052,0.24
5.369411741029076,1,8.535089305423853,29.27910345692067,0,3,1,1.8538698444663382,0.43999999999999995
4.3566601809945205,1,5.755744249938133,31.57516090720509,0,2,2,-1.5213213820491724,0.33999999999999997
4.028853272047898,0,8.590117934994515,30.11768258831366,0,2,1,-1.144552416679256,0.33999999999999997
4.90864687343152,1,7.838605298555734,30.797125724941562,0,2,1,0.2315536239781062,0.33999999999999997
4.334036673948592,0,3.6358303774449183,28.515762546722335,0,2,2,1.1272250905510406,0.33999999999999997
4.273223421626608,0,4.7501807899216235,25.19154866177536,1,3,1,0.30643445103866196,0.43999999999999995
4.05466994610426,1,3.1618258607350134,25.571066620889066,1,2,2,-0.6079967064851707,0.33999999999999997
4.715549462811506,0,4.793432728815435,28.959663903563236,1,3,2,0.42029549406825484,0.43999999999999995
4.997709948222118,1,2.937999526249113,30.828291175456933,0,2,3,0.5163320184727407,0.33999999999999997
4.777703692630413,1,5.5932105110940284,36.35773574198217,0,2,1,-0.6801896518138469,0.33999999999999997
4.707920983242823,0,1.8677578328933384,30.94546583331581,0,1,1,0.8248455453963723,0.24
4.538725729488169,1,5.27528328091272,24.488692727507495,1,3,1,-0.03451674370899661,0.43999999999999995
3.4943912022247314,0,3.010454229847711,25.698182282920055,1,2,1,-1.7496972655313123,0.33999999999999997
4.491915303852674,0,0.8508884186122188,34.835551947868,1,2,2,-0.13483018391093246,0.33999999999999997
4.233510121010026,0,5.382406885078271,27.356833204069666,0,2,1,-0.5690627578667465,0.33999999999999997
4.890377821347716,1,4.294293057194362,28.142543904283865,1,2,1,1.3048918780469805,0.33999999999999997
3.8603109288800446,1,1.7189782742586903,25.118749238772313,1,1,1,-1.3289512723236088,0.24
3.9795583148991933,0,2.623962333100966,32.69531021672273,1,1,1,-0.48312340890523786,0.24
4.495074276526685,1,1.372975148894301,29.500999621961878,1,2,3,0.2572067956866337,0.33999999999999997
4.798405153928243,0,0.5414703842774655,25.676195956344063,1,1,3,2.4190382709280516,0.24
5.0303902447798965,1,2.079368034751108,25.018524133428187,0,2,2,1.9549244586321375,0.33999999999999997
4.611498001774465,1,5.019402583263137,28.921611837693618,1,2,1,-0.045237514379918624,0.33999999999999997
4.3266631250857435,0,0.7430215766659273,28.13261852464136,0,1,3,0.34929268158339405,0.24
4.71781887993136,0,1.6323561148830779,30.49633065166338,0,1,3,0.6019848543775981,0.24
4.673748732870315,1,1.125881278055721,29.6409054193816,0,3,3,-1.0124354912854734,0.43999999999999995
4.192521213948953,0,3.3031291274430616,27.20655895369413,1,2,2,0.01014238619596498,0.33999999999999997
4.54784691941574,1,4.160985835039282,26.3685952136159,0,1,1,1.3562175598836297,0.24
4.2963083883219095,0,10.07257111807887,27.520173555103497,1,3,1,0.14161342269334634,0.43999999999999995
4.538670887333412,0,2.236791810103628,26.34795746002971,1,2,3,1.9498047974870694,0.33999999999999997
4.163821534784776,1,0.6328134670428258,27.609413401585716,1,1,3,-0.4456386733701549,0.24
4.063841922744527,0,4.366186006094891,28.049322785858145,1,1,1,-0.08865247916781502,0.24
4.086429019062151,1,2.2962688778782603,25.30620731985983,1,1,1,-0.08070147986938357,0.24
4.527837109101934,1,4.591681016313908,29.89203958629364,0,3,2,-1.301343987861506,0.43999999999999995
4.818586881286239,1,0.6884546738808874,26.88871685659099,0,2,3,1.1059712530470873,0.33999999999999997
4.158315240138134,1,4.091054419879631,25.47434694914397,1,2,2,-0.3337469823883019,0.33999999999999997
5.018231332271346,1,5.047921684479364,26.945177715154397,0,3,2,0.25811586433551864,0.43999999999999995
3.719673054007261,0,3.7276624372942884,28.72677446986086,0,1,1,-0.598376234059689,0.24
4.660502688929955,1,4.790197154160467,28.24911459943991,1,1,1,1.7251633222530012,0.24
4.422249730584961,1,4.228805277330951,29.266354344713385,1,1,2,1.2326559839500912,0.24
4.178212753830874,0,1.3549214987531373,30.695038375226588,1,1,3,0.058350960451395505,0.24
3.8298164289227232,0,4.254206721186826,31.914820612024098,1,2,1,-1.224194116677411,0.33999999999999997
5.049726994817139,1,9.92940396864433,28.85645848806416,1,2,1,0.7439519130567581,0.33999999999999997
4.421286683149766,0,-0.41924505792809375,24.79179283829351,0,1,2,1.0829756958641057,0.24
3.768077964815007,0,2.4280690267411105,27.192667592409098,0,1,1,-0.9273139661143173,0.24
3.818352592806119,0,0.6769794941153098,24.987044846850974,1,1,2,-0.14339401881883787,0.24
4.847840981114691,0,1.9513258088963115,33.09056222113684,0,3,2,0.07684746612170942,0.43999999999999995
5.120167362140972,1,4.230017607013161,33.96220264758149,0,2,2,1.086977491259521,0.33999999999999997
4.727868406745793,1,-0.24545998435082272,29.95093359248903,1,2,3,-0.15134481674932523,0.33999999999999997
4.743026806379102,1,4.051843594155352,30.575376527917093,0,1,1,0.9620431221530245,0.24
3.9905851829702343,0,-0.02958293612452545,28.752829579709978,0,2,2,-0.7728963000160034,0.33999999999999997
3.9195180763992408,0,4.974572904577013,29.098167746382373,0,1,1,-1.055427784777432,0.24
4.641414371673373,0,0.6417895028023337,23.207637345012632,0,3,3,1.831521141573898,0.43999999999999995
4.333552623760779,1,1.1879534195162302,27.778202904229268,0,2,3,-1.312441999560421,0.33999999999999997
3.843909753550298,0,5.880539293697931,25.35654081296122,1,2,1,-0.7512336696830125,0.33999999999999997
4.330187193984951,0,3.529865245087476,28.84406961261511,1,2,1,0.7849529239195555,0.33999999999999997
4.275336054090294,0,5.62413409817715,27.8211704638344,0,2,1,-0.5306532172529728,0.33999999999999997
4.330625988640347,0,4.248948224229827,33.84046588703834,0,1,2,-0.5573104426125195,0.24
4.369958579242257,1,6.129940938007516,30.749883066168525,0,1,1,-0.1975217052741097,0.24
3.6267432054462234,0,5.618542079420423,28.853535947564936,1,2,2,-2.1559747782914633,0.33999999999999997
4.196311676916606,0,2.3977956808182954,27.199180938581122,0,1,2,1.1205984632596182,0.24
4.327893846458361,0,2.5496973950146495,33.02806437627979,1,1,2,0.17588425763263535,0.24
3.8332251193972797,0,0.33137713743609365,27.91013606162041,0,2,3,-0.8114404912142696,0.33999999999999997
4.344119063412878,1,5.6254462935746,28.99502188490583,1,3,1,-1.7163035188134086,0.43999999999999995
4.200118930458664,0,2.060793886994813,28.126748813280503,0,3,3,-1.3653567809106764,0.43999999999999995
3.611849029555589,0,10.66507936234787,26.78753828287803,0,1,1,-1.5943028224964335,0.24
4.406660673102198,0,6.710855498248813,28.10951866715656,0,1,1,0.22726063747526257,0.24
4.147867683614096,1,7.480056523685927,22.114099447965053,1,2,1,0.2372420656059193,0.33999999999999997
4.51280133125547,0,0.572545969576885,23.35688079627644,0,3,2,0.6121587016964368,0.43999999999999995
4.452361543283725,0,4.736811163923889,29.04889162500888,0,3,1,0.7325869375516078,0.43999999999999995
5.136851985787591,1,4.877554283818774,32.70459907158246,1,3,2,0.6281638804783892,0.43999999999999995
5.108188094868031,1,4.734914275594138,29.044663312432508,0,2,1,1.5378426661583755,0.33999999999999997
4.825621348570573,1,0.7234092663271656,25.838893435310037,0,1,3,1.1952414579113773,0.24
4.017548526960736,0,3.648677647269091,23.671438737797995,1,1,2,0.9583941484353364,0.24
4.665678641176391,1,4.573115795236144,30.353581781426914,0,1,2,0.23677959672634707,0.24
4.145481717968642,0,-0.2843103510982228,26.298414546954696,1,2,3,0.720738843313029,0.33999999999999997
4.263366484458392,1,5.233588471863166,29.92970625565768,0,1,2,-0.4106051785455348,0.24
4.50667097352956,1,6.934051274908066,29.169595474197152,0,2,1,-0.22099927599596839,0.33999999999999997
4.739096208777896,0,3.777371323695853,29.43490117676407,0,2,1,1.7214147746166446,0.33999999999999997
3.8891197677467586,1,3.7235668789593936,28.100805122060667,1,1,2,-0.557115048212872,0.24
4.126240673186903,0,4.3787301597146495,29.150933154908923,1,3,1,-0.6307188800786202,0.43999999999999995
4.669870665431433,1,5.7945720454494944,27.641636796230994,1,2,1,-0.3620726903479182,0.33999999999999997
4.231138865813961,0,6.928214914320473,26.09408039689539,0,3,1,-0.5493054895716251,0.43999999999999995
3.8631936123888004,0,2.522635447822035,25.109502818451844,1,3,2,-0.4645479242969383,0.43999999999999995
3.976295266743237,1,6.084199719285779,20.844973606087063,0,1,1,0.24229843816604765,0.24
4.547824802146213,1,7.270308731236065,27.456671312786472,0,1,1,0.27503297056929343,0.24
4.585976858231769,1,6.50250132621098,32.55813454885586,1,1,1,0.9110925256511903,0.24
5.629078219829683,1,1.6213122162353062,30.19024027761279,0,2,2,2.1880772155769255,0.33999999999999997
4.378099443405642,0,3.296161627150412,28.683127355427875,0,2,2,-0.3683403241997449,0.33999999999999997
4.781080933353396,1,2.4023406074161775,25.797985017132547,0,3,2,-0.0655620781364191,0.43999999999999995
3.4498180001207692,0,8.250680624250199,30.992017677277232,1,1,1,-1.8379491698249213,0.24
3.7517927396038937,0,0.24684062844563837,27.642072064590927,0,2,3,-1.2923075912909934,0.33999999999999997
5.161236607994332,1,4.669344561340852,32.72480294136717,0,3,1,-0.14621117684809196,0.43999999999999995
4.544158606082682,1,4.772748835729398,25.056738210115956,1,2,2,0.4635823135240918,0.33999999999999997
4.335921489604888,0,1.2269256263750772,25.750091416082032,0,1,3,0.49138277624382914,0.24
4.411553559031682,0,0.20198461973926785,25.458190167341115,0,2,3,0.6170802261915842,0.33999999999999997
4.29206540287204,1,5.27839847197801,23.55364488869796,1,1,2,1.2574666073228364,0.24
4.527304119929002,0,1.4250875521152404,25.188865944424712,1,1,3,1.7056878108667406,0.24
4.165353511215828,0,1.7311507375950774,28.309648779297753,0,1,2,-0.2433964090102318,0.24
3.4993830167320996,0,2.9821313084776273,25.863396925448118,1,1,1,-0.8021261290822116,0.24
3.9055459340639187,0,6.880458611677698,16.43087401227821,0,2,1,0.6548877598139922,0.33999999999999997
4.730357027113023,1,4.7388278358246625,31.222819892260365,1,1,2,0.9338238955856331,0.24
4.473869165502887,1,5.210171214849893,22.947718811957785,0,2,2,0.1358315818215534,0.33999999999999997
4.223507125328025,1,5.564253051909216,29.76768485465991,0,1,1,-0.1789955348107367,0.24
3.9798120394392407,0,0.07235512952258194,28.093643769008693,0,1,3,-0.5041661561554049,0.24
4.393589298976191,1,9.718905244972648,34.35211844926103,1,1,1,-0.04223544414003226,0.24
4.316088910930733,0,6.861030314558844,30.99087244456786,1,1,1,0.6900683837835265,0.24
3.7188810103291785,1,5.034413156628436,26.48618621354508,1,1,1,-0.6682619190670833,0.24
3.6707680534216927,0,2.036355880740219,25.893809312934064,1,2,3,-0.8009548054766267,0.33999999999999997
5.220083063096992,0,1.2717070527230743,32.50818304239785,0,3,3,0.5995931989011895,0.43999999999999995
3.800270281262725,1,4.973786507359224,23.572386708695763,0,1,2,-0.8480446947110984,0.24
4.190999604659525,0,0.3300180611999687,28.572639807756126,1,1,3,0.15116375337116272,0.24
3.940915542162133,0,-1.0810931311269312,27.606638610250982,1,1,3,0.09821188269098896,0.24
4.558201417635753,1,1.1438516332463482,26.970321793885972,1,3,3,0.00041076337592419425,0.43999999999999995
4.338233683135771,1,6.3756984876856135,29.060541953345275,0,2,1,-0.6426580924573356,0.33999999999999997
5.0696615150140145,1,1.467797299489838,28.568679581526027,0,2,2,1.733905949596211,0.33999999999999997
4.849969498175857,1,5.760324082323502,29.372202228375233,0,1,1,0.3983309883529638,0.24
3.9318570623358733,0,-0.27341558185025416,28.416926957089853,0,1,3,-0.5144073453514562,0.24
4.2890931381176705,0,1.1676357059655869,29.253044215051744,0,1,3,0.330936915139814,0.24
5.605940241314362,1,2.7462173566507784,28.280095578794786,0,3,2,1.8322250864519685,0.43999999999999995
3.9536285222776395,0,5.593301523315734,26.021719338351055,1,1,1,0.0895127577650116,0.24
4.890354194102717,0,7.764478127245269,28.012003780709787,0,2,1,1.533351885247992,0.33999999999999997
4.109703222206798,1,6.567951882030902,25.85684032088794,0,2,1,-1.1477539358938729,0.33999999999999997
3.6000231574692134,0,2.6738656914559153,25.658870185807448,1,2,1,-0.8511491676602827,0.33999999999999997
3.2657747665308734,0,2.3451504956325553,26.991549991846746,0,1,2,-2.140400558169015,0.24
4.835036033153666,1,5.908315810383712,27.64173051779247,1,2,1,1.975763657226813,0.33999999999999997
3.5167008968035525,0,2.2381460940285414,28.10567591904343,0,1,3,-1.7018564637134546,0.24
4.4207966755054935,1,5.065639025859602,30.74913648208999,1,3,1,0.17420347551279847,0.43999999999999995
4.7452116704092155,1,0.5419168195894413,26.50460775237747,1,1,3,1.737638298245112,0.24
4.596690632684665,1,5.004350550538953,28.590555779424463,1,1,2,0.9711631316600423,0.24
3.9342716559196154,0,3.610811186017425,28.354083141831456,1,1,1,0.37629266465656896,0.24
4.5871135778365,0,7.415891139504589,26.174115137601806,0,3,1,1.2831236236556793,0.43999999999999995
4.139732804020693,0,1.3412403660347056,28.221222358619634,0,1,3,-0.6683877689046431,0.24
4.60068685320649,0,1.9480783602566134,31.00816424553194,1,2,2,0.5176860125043471,0.33999999999999997
4.145574622965205,1,7.59124756518511,28.5595186506502,1,1,1,-0.11264796961916339,0.24
4.082746360626083,1,7.17920493469197,28.679751787081923,1,1,1,-0.1332459212752904,0.24
4.25708314733437,0,2.738209450230678,25.884015007172,0,2,2,0.1905883876262212,0.33999999999999997
4.621790764566781,1,7.401992667252668,33.90657655361463,1,1,1,1.1753204865314082,0.24
4.906653471347763,1,1.6828379386417254,26.054930889032498,1,2,1,1.5665397158975822,0.33999999999999997
3.6394106259205956,0,1.5779045574609931,22.996649618357566,1,2,2,-0.26701487016988673,0.33999999999999997
4.383788763980026,1,1.5036421250654721,30.58055236065423,0,3,2,-1.0886923481372648,0.43999999999999995
3.564828551422613,0,7.299563825276911,27.65554888105472,1,1,1,-0.8195799335745708,0.24
4.68661963813108,0,0.9334142596612061,27.090874537158776,0,2,3,1.947794859997333,0.33999999999999997
5.573437097058399,1,2.6623164272182596,26.363338658765418,0,3,2,1.4807764473607516,0.43999999999999995
4.354577621897671,0,1.2272895409065563,33.61514387294751,1,2,3,-1.091280994158005,0.33999999999999997
4.724042595944156,1,10.386497973486573,29.063770835814047,0,1,1,1.6610091258336477,0.24
4.003951116165017,0,5.1652808959631935,29.649253664935255,1,2,1,-0.7116591925821982,0.33999999999999997
5.065328235196847,1,6.194151383895107,28.4878468707468,0,3,1,0.664605260857608,0.43999999999999995
4.742455954897877,1,0.9576764800689581,28.81014884033559,0,2,1,-0.7124078000789874,0.33999999999999997
5.525627573891504,1,1.2387769499520145,32.19587383167824,0,3,3,2.1628700027563794,0.43999999999999995
4.161097516538763,0,0.06179258959581302,27.247436016316914,0,2,3,-0.5701409220684917,0.33999999999999997
3.9982136153039707,1,5.1311495722588365,23.62918736343781,0,1,2,-1.0498099576549422,0.24
4.011399826407653,0,2.786079390284795,30.60416396268333,0,1,2,-0.45652446858446377,0.24
5.05610910662785,1,1.9671894280826119,29.490104836727177,1,1,2,2.626877290594414,0.24
4.442327705064195,1,2.230986257721982,28.323939438655128,1,1,2,0.2605543996522378,0.24
3.946108423824354,0,3.5423274927435466,29.41225972464336,1,3,1,-1.0282148403888978,0.43999999999999995
3.953355606500209,0,1.2754394878073798,26.887767339117477,1,2,2,-0.7883806672868049,0.33999999999999997
3.8865376052316676,1,2.319403701515641,28.06207774856278,0,2,2,-1.7476794680289052,0.33999999999999997
4.392982108559958,1,3.1791272444981495,27.60489923842027,1,2,1,0.5401323582297275,0.33999999999999997
3.613704159391556,0,6.550679704616215,26.225535228787248,1,1,1,-1.2505428812518085,0.24
4.465029832870814,0,6.6594766881837435,31.56751834931501,0,1,1,1.1056586981252627,0.24
4.842087535470633,1,1.0010294032704476,23.7632241177466,1,3,2,0.7900855646183762,0.43999999999999995
4.447407556281068,0,6.918347250190648,35.0826465154389,0,2,1,-0.10001901016469628,0.33999999999999997
4.694531684412423,0,4.769351111897585,30.632086627619426,1,2,2,1.2361211972804325,0.33999999999999997
4.702112495399829,1,6.702663934693465,22.666073395892948,0,3,1,0.9255893970236804,0.43999999999999995
4.307793864707115,0,3.6524959335218856,27.32750101152721,0,1,1,0.1569105230599615,0.24
4.366286793839327,0,1.5140948314654687,27.494362252289328,0,3,3,-0.7681491642921802,0.43999999999999995
5.0326504968735,1,3.763741564262562,29.175659886826338,0,3,2,0.413534003163406,0.43999999999999995
3.6444509796921345,0,3.688970721704904,25.031865187780838,1,1,1,0.4076981816545535,0.24
4.071536521548787,0,2.089053394382037,28.09607603010465,1,1,3,0.4914549299608989,0.24
4.891791272802699,1,4.427127827764657,27.63664180563206,0,3,1,0.07903241115826652,0.43999999999999995
4.545846348508638,1,0.6312295011153757,25.787144912279683,0,2,3,0.32715418494883614,0.33999999999999997
4.456726677589726,1,1.7144284263431382,25.369743305586304,0,1,2,0.30214981540359004,0.24
4.878477441158807,0,4.3208456535368525,30.75641394010707,1,2,1,1.3620911644077955,0.33999999999999997
3.72741638808049,0,1.0034087816391075,22.91025237987222,0,2,2,-1.2741003033781069,0.33999999999999997
4.144793897518733,0,1.3648163221008511,29.433636808288153,1,2,1,-1.0015884702399978,0.33999999999999997
4.511691255512746,1,9.45594292907608,30.39253092063437,1,3,1,0.07513000025036294,0.43999999999999995
4.483606597508114,1,2.3681851986097775,27.344324984984752,1,3,1,-0.7599883568973158,0.43999999999999995
4.8083537203154325,1,3.586290591021287,28.15711851917499,1,3,1,0.21087266397750096,0.43999999999999995
4.156892950180926,1,2.4432334578628567,31.490484999092143,1,1,2,-1.1131548525778139,0.24
4.049893641567907,1,1.8685231934970208,25.88544546782783,1,2,3,-0.9553802365426406,0.33999999999999997
4.56121573559288,0,-0.5797201503991545,26.19504271333263,1,1,3,2.0604959916431262,0.24
3.7346348236115365,0,6.440027311455015,26.513548956702074,1,1,1,-0.22933261793195178,0.24
4.072321702998621,0,3.6840190130712878,31.495976797669844,1,3,2,-1.1712416639921541,0.43999999999999995
4.769558006302134,1,7.088167737688717,31.87688124065412,1,2,1,-0.11482272278007202,0.33999999999999997
4.891267963313947,1,4.97437096018602,23.812329296609143,1,3,2,1.0364209640593551,0.43999999999999995
4.748661853039362,1,0.44562830638650885,31.01872224193491,1,1,3,1.2055305020585148,0.24
4.288470494955825,1,6.926058772328479,30.456724919041854,1,3,1,-1.4610716087776288,0.43999999999999995
4.2046011807525145,0,0.7268876577121235,32.660784431349484,0,1,3,-0.767043293021414,0.24
4.063016380527745,0,1.459812691166792,29.15532409637914,0,1,3,0.22270683445238185,0.24
4.730143423017192,1,3.537302037916565,27.86721963916427,1,2,2,-0.03397418888780877,0.33999999999999997
3.7533067196213374,0,1.6594465346918787,31.435650059714977,0,1,2,-1.6000062377475703,0.24
3.9113341664935315,0,1.9921859137875249,30.096711374505297,0,2,2,-1.4379900029479193,0.33999999999999997
4.650281903587703,0,2.94250859235749,34.73469524244618,0,3,3,-1.0676032204087704,0.43999999999999995
3.754783971417177,0,-0.7674579656809613,30.876123534885483,1,2,2,-1.7708877462340609,0.33999999999999997
4.183115224370553,1,2.876746109081625,28.460643929271747,1,1,1,-0.4584711143809583,0.24
4.2373979242122815,0,2.017406161226863,24.477686858871486,0,1,2,1.194496702448913,0.24
4.120138104819269,0,4.854201081681689,26.257248468417643,0,2,1,-0.6658432344543863,0.33999999999999997
4.58781732616448,1,1.8933748097275014,23.692135065915952,1,2,3,1.0822556104197771,0.33999999999999997
4.256677420811817,0,2.2922341745522665,27.35481389181741,1,2,3,0.029696584074713858,0.33999999999999997
4.356507456719494,0,4.578720065723811,30.778202779698535,0,1,2,-0.183382106844894,0.24
3.562043563436718,0,-0.19184226693788586,27.988986734558452,0,2,2,-1.665739537365632,0.33999999999999997
4.507872555932396,0,0.2848361934476149,31.06517580628022,1,1,3,1.1698170175670375,0.24
4.510009382630303,0,5.468079317066641,29.01272120031704,1,2,1,0.11642736082449288,0.33999999999999997
3.702235712731883,0,5.975368020000685,26.79072313073797,1,2,2,-1.5998926656749861,0.33999999999999997
4.6834726924507395,1,4.452119359759597,28.262875465509893,1,1,1,0.3818546308281153,0.24
4.105235749976783,0,-0.18499921553558085,29.41629007316529,1,3,2,-0.5878353887851654,0.43999999999999995
4.717961118314303,1,2.349605836797639,28.417670195390848,0,2,1,0.06132153306545479,0.33999999999999997
4.467791163650169,0,1.361134933433331,28.452052686555742,0,2,2,0.24013415366969665,0.33999999999999997
4.660332766153297,1,5.780041912188737,25.69284967723988,1,2,1,1.2157356840420463,0.33999999999999997
4.201524049243084,1,3.2570832689421936,26.70107120427335,1,3,1,-1.1272786647516897,0.43999999999999995
4.985804818618095,0,6.151196854904118,34.77538238846393,1,2,1,0.5718821500549203,0.33999999999999997
4.941089834374415,1,3.8098650250969395,31.685399471270628,1,1,1,1.3282974411150843,0.24
4.808750403224555,1,2.373702826570103,23.578477309570854,1,1,1,2.5204867714676946,0.24
4.1570035503447675,1,3.064131234663621,20.899093127480914,1,1,2,1.049559952072263,0.24
4.24090876137915,0,2.1155193145944162,28.228577264346168,0,1,2,0.3614064611719362,0.24
5.250732088902931,1,4.8087784416339385,30.68041868327797,0,3,1,0.275021818797201,0.43999999999999995
4.753991282709851,0,1.1542740436119006,26.44017448773338,1,2,2,1.552101669509789,0.33999999999999997
4.9012835152747884,1,2.9455391689912966,31.064976184593814,0,3,2,-0.2864369924253293,0.43999999999999995
4.603566217484628,1,2.189603927667077,28.178963695021253,0,1,1,0.7959025461513024,0.24
5.068273975431464,1,7.89792649204634,27.510816160819076,1,2,1,2.194102660639664,0.33999999999999997
4.272070687507517,0,1.5799790325085181,30.268345528525543,1,3,2,-0.10937447365729866,0.43999999999999995
3.5639788423364034,1,2.378974870562611,26.40437262129319,0,1,1,-2.013952216973439,0.24
3.881192828085574,0,3.975532983113331,27.13988103458904,1,2,1,-0.8608133858049897,0.33999999999999997
5.083663862802874,1,1.5582367416387417,30.010501786391387,0,3,3,0.29344540924312584,0.43999999999999995
4.248297998847493,0,2.2012255392552764,27.905812188801928,0,3,2,-0.8369504380168767,0.43999999999999995
4.6408479302927095,0,3.6384736387794394,33.72632882013321,1,3,1,-0.34721397677970867,0.43999999999999995
4.538822045899486,0,0.9776974609454193,30.081476238568055,1,3,2,-0.2950458453904712,0.43999999999999995
4.960678359551141,0,2.1777161320057283,29.886441484998286,0,2,3,0.5609493032534699,0.33999999999999997
3.924470997020781,0,1.1675128665444303,27.851486061804795,0,1,3,-0.9459658505158027,0.24
4.503549213842578,1,1.0520545171767761,30.624264030128817,0,2,1,-0.5837646953531667,0.33999999999999997
5.329131944889558,1,4.752602667481401,27.03217668159506,1,3,1,1.4070471897008938,0.43999999999999995
4.00008485157807,0,5.611822397314476,28.847133253598546,1,2,2,-0.48196209120740796,0.33999999999999997
4.0754146914365705,0,2.760833492354761,25.25112085898632,0,1,1,0.7257855293143489,0.24
4.553520122712924,0,0.19721131888187848,31.118324176691775,0,2,3,0.013938100545515602,0.33999999999999997
4.398716484104749,0,5.868953302368342,28.871814091785375,1,2,1,-0.02311774904846404,0.33999999999999997
4.617990425299775,1,4.364719070307145,33.94753919109363,1,1,1,0.7381415664370123,0.24
4.337416103652476,1,3.3532456386655625,35.176895151009276,1,2,3,-1.8624622649584208,0.33999999999999997
4.615953786552533,0,3.813371676126434,30.289958354299443,0,2,1,0.4433444078844854,0.33999999999999997
4.5238078583000005,1,7.5027598048151525,28.20527593362371,1,2,1,0.5527623360908271,0.33999999999999997
4.237906781021303,1,6.224765097858652,25.161806463623293,0,1,2,0.8484436035509693,0.24
4.1526431401867,1,5.7467801342149745,30.71424940977647,0,1,1,-0.37547073910902684,0.24
4.523527772567859,0,2.651991587672474,28.630853691685687,0,2,2,0.0005256308357240357,0.33999999999999997
3.42536821095529,0,2.0456075797975632,29.614104517463385,1,2,1,-2.452530608723595,0.33999999999999997
3.91397397604368,0,7.9338902134889295,33.18936216236873,1,1,1,-0.6698412969634687,0.24
3.9267801614204925,0,4.801284357469398,25.52673013400996,1,1,1,0.17558530047903292,0.24
4.687674879699585,1,1.3576716169890628,25.22708749455599,1,1,2,1.4706614734541448,0.24
4.9835648945993665,1,6.499684447049394,27.290722184887958,0,2,1,1.8457789132615745,0.33999999999999997
4.677218034519654,1,7.019429535087744,30.46360344925547,0,3,1,-0.3424478988994969,0.43999999999999995
5.0567761092718335,1,1.072809020223298,29.664601720643464,1,2,3,0.8740315928632763,0.33999999999999997
4.2485538358825155,0,1.0784094808867872,25.312934464912683,1,3,3,-0.1472066981368178,0.43999999999999995
3.6177899751333307,0,2.768523438944157,30.26965870210745,1,2,2,-1.615958608866614,0.33999999999999997
4.2355888801926636,0,1.9613158530152863,24.39636154332021,0,2,1,0.6050552797729224,0.33999999999999997
4.613369439756749,1,5.846312542415235,25.486774976953427,0,1,2,1.8312852463674472,0.24
4.26424168511572,0,3.040228080270657,27.65362804843243,0,2,2,-0.38143702020707737,0.33999999999999997
3.948232509681584,0,1.3658689101034145,26.33970626207434,1,2,3,-0.907256903541679,0.33999999999999997
4.74408190644201,1,0.14627595604101096,30.669578465952803,1,2,3,0.06736885161786316,0.33999999999999997
4.331081266266758,0,2.767198063038075,28.859135449003283,0,2,3,-0.12279156331093977,0.33999999999999997
5.444561527613838,1,2.0592426912616153,33.29668353288178,0,1,3,2.6100418699785113,0.24
4.253429281918776,0,4.963664734182402,27.258443903936758,0,1,1,1.0058621207158713,0.24
4.453861224317819,0,4.260548071622459,27.63339354687777,0,3,2,0.1293900976842219,0.43999999999999995
3.2638581271725084,0,-0.42543144973975044,31.631147827185288,1,1,3,-2.895329733768855,0.24
3.8518707562159933,0,0.506331678447494,27.72723759062861,1,1,3,-0.14329849050932103,0.24
5.129853240930421,0,1.9017828201219702,32.48201574312264,1,3,3,1.8522266297139711,0.43999999999999995
4.502503896401859,1,5.12067496542199,29.622484631153476,0,2,2,0.08004751041176182,0.33999999999999997
3.975821674510609,0,4.733467684088325,20.941640590343923,1,1,2,0.821849460232885,0.24
4.323404751678445,1,4.692145443352187,31.532711242448393,1,1,1,0.3919593299593181,0.24
3.7746884004575514,0,5.758891560187336,30.738180439359425,0,1,2,-0.48666205924389583,0.24
5.0327984674495205,1,3.8565699093564954,30.853997818331635,1,2,1,1.6913157238906154,0.33999999999999997
4.227678878563601,1,0.9130146661521531,22.267064864364226,1,2,3,0.18890591957264719,0.33999999999999997
4.09114085540711,0,0.4924214271114693,26.011030116186856,0,1,3,-0.7068702784506735,0.24
4.194824887438824,0,1.0902214633415972,26.23388549932969,1,3,2,0.021525044289525126,0.43999999999999995
4.283554539920559,0,4.109167743260455,25.476635897318822,1,1,1,1.4275466659917708,0.24
4.055555855832009,1,4.9624496986501185,33.225767595681816,1,1,1,-1.4794516235841795,0.24
4.792083180251616,1,2.8429810202882155,27.9646964865291,0,3,2,0.27026625664848614,0.43999999999999995
4.100818236553699,0,2.728834980764106,27.89031717211249,0,1,1,0.07363476165278673,0.24
4.0811019839482165,0,7.868492936540743,29.656024930947336,0,3,1,-1.54010872317444,0.43999999999999995
4.817974172892928,1,-0.4984771332828777,29.707905003668145,1,2,3,0.7667677909552582,0.33999999999999997
3.740160435284557,0,6.28944205900408,17.99532186812251,0,1,1,0.25645171517519516,0.24
4.784224574245755,1,6.817110964403826,26.06092738855191,1,2,1,0.8785280433803053,0.33999999999999997
4.491035800137372,1,3.9390624936773766,23.76163426662617,1,2,2,1.138078240123472,0.33999999999999997
5.055858350570279,1,2.4914019788183133,29.20091827946446,0,3,3,-0.05556004076264372,0.43999999999999995
3.830716872909983,0,-0.470320272452337,27.133322756997856,1,2,3,-0.5556037218256445,0.33999999999999997
3.73841572703674,0,-0.0023201334965154974,28.046162693503806,0,2,3,-1.4245294462448341,0.33999999999999997
4.097807137983583,1,2.662285523515982,21.76444075332843,0,1,2,-0.6443384632868981,0.24
3.984819688131518,0,5.760963935035878,27.070443325928505,0,2,1,0.010947875262480792,0.33999999999999997
3.75070051900318,0,1.0628821184480246,31.345390755498446,1,1,3,-0.9635768161816228,0.24
4.36979891660556,0,2.5529415627005196,32.2283484493065,1,1,1,0.5834519319014164,0.24
4.246881781647152,0,5.457315548408388,30.1565902586221,0,3,1,-0.9034258229992385,0.43999999999999995
3.4833847618478733,1,8.36983035933613,23.993604119655643,1,1,1,-1.7628193377410541,0.24
3.764098709686363,0,1.5738379413570618,31.778205408976373,1,1,3,-0.5779353327061693,0.24
4.527083589646498,1,-0.7293810060586323,30.17200676500005,0,2,3,0.18422801556809412,0.33999999999999997
4.413432754002106,1,4.057122252186887,27.648432897806384,0,3,1,-1.2594452371042797,0.43999999999999995
3.552584906413062,0,4.227804430369443,21.924891056470766,0,1,1,-0.8882621438105535,0.24
3.878254899744961,0,1.0144020437085155,30.86078485198755,1,1,3,-0.6301727673142501,0.24
3.806935136562205,0,3.4950141468660574,26.223501010049862,1,1,1,-0.4988781493930993,0.24
4.267587300560913,1,0.8191019919969804,29.038497463164344,0,1,2,0.29788221272172866,0.24
4.415285650521556,0,6.542255137513538,28.205181581909986,0,2,1,0.6378988810094505,0.33999999999999997
4.717638288636402,1,5.471716162153211,32.61518495331484,0,2,1,-0.4744310544091677,0.33999999999999997
4.164165785042456,1,3.998374270480295,27.623899042007473,0,2,1,-1.0389384319634791,0.33999999999999997
4.20945005894833,0,2.7928855955355223,27.954659229742155,1,2,1,0.13673571155721742,0.33999999999999997
4.849924968869429,0,4.378908871099639,32.73584617143589,0,3,2,0.5177245995477566,0.43999999999999995
4.6084244521584985,0,1.8322316389184452,26.025333268749435,1,2,3,1.6137738879407875,0.33999999999999997
5.299315422813491,1,5.42236284487486,30.44296855422333,1,3,1,1.1461712407458462,0.43999999999999995
3.614537374932587,0,2.1658542577842077,27.40415283136461,0,2,3,-1.2588477883501268,0.33999999999999997
4.328205078328361,0,7.391467853803246,24.99237411398521,0,2,2,-0.1409918102613785,0.33999999999999997
4.451177265345505,1,5.317921372224927,28.003482960162618,0,2,1,0.4561616624655214,0.33999999999999997
3.9159138249974905,0,1.6422170913123304,30.075115340823963,0,2,2,-0.8501924246007927,0.33999999999999997
4.876603405421307,1,5.149450293901844,32.06112951992954,1,3,2,-0.35070391524898453,0.43999999999999995
4.4177864034213945,0,4.326023331850615,32.42408195603705,1,1,1,0.6739592631722365,0.24
4.628434914951653,1,6.0909890341045525,27.1157077773234,0,2,1,0.24997140259342493,0.33999999999999997
4.411131854844599,1,0.08860853713715222,25.03825230390336,0,2,3,0.0017284228485352907,0.33999999999999997
4.043791506977343,0,2.521565195794329,27.043783301267563,0,2,2,-0.6535492156483845,0.33999999999999997
3.768168758730195,0,7.328501987129958,24.455407740009534,0,2,1,-1.4456033226108425,0.33999999999999997
4.1916831468136735,1,3.7587453214625524,27.347841401750486,1,2,1,-0.31243507447556973,0.33999999999999997
3.8542382984518615,0,3.5592887193033134,26.975004149140723,0,1,1,-0.09122667560909076,0.24
3.8887628104150815,0,4.681251743230125,30.182470612470297,1,3,1,-1.4684275950188426,0.43999999999999995
3.8315135020288418,0,4.894120229572522,21.382194460256866,1,1,1,0.04797091113855557,0.24
4.703511895945903,1,7.1416490342318895,25.799176161740082,0,2,1,0.3920441416270407,0.33999999999999997
3.9594318046326467,1,3.5406321016372906,25.823445086674255,1,1,1,-0.6919917529509858,0.24
4.487757249023109,0,4.282622174127056,31.561381757224076,1,1,2,0.40344486744756175,0.24
4.133746107301324,0,7.14965049402642,24.65846686779695,0,1,1,0.27570589064706896,0.24
4.266104510702418,0,5.43108716679735,28.67997207894698,0,2,1,-0.3045317487842753,0.33999999999999997
4.429736241488524,1,4.978366059390836,27.615614756740655,0,1,1,-0.4159708836219764,0.24
3.8610470590890364,0,5.476995242933862,31.129127580509145,1,1,1,-0.3321963648034079,0.24
4.132717461069337,1,2.7448949969782745,29.78749559353164,0,1,1,-0.856200260216069,0.24
4.485018161355858,1,5.035365041134306,28.36373119546114,1,1,2,0.3446430031583618,0.24
3.524124192338638,1,1.8235724967327838,26.335999376235794,1,1,1,-0.8452720067461029,0.24
3.318309272566961,0,5.413363574739206,22.44297249067037,1,1,1,-0.7810808541074029,0.24
4.604680212716309,0,2.077372413929221,28.741256967062217,0,2,3,0.49726552754111436,0.33999999999999997
4.172941260248303,0,5.646577350213944,29.59146939558962,1,2,2,-0.24207087959725954,0.33999999999999997
4.159351697496356,0,7.28725598512963,23.27539716257604,0,2,1,0.06169678799855951,0.33999999999999997
3.953998563052633,1,7.908444438107749,24.29891750701435,0,3,1,-1.7116148591433982,0.43999999999999995
3.9047122482163465,0,-0.668853435191086,28.75698992011503,1,2,3,-0.5233034891963917,0.33999999999999997
5.592480524396828,1,1.8627054772549474,29.01742505862361,0,3,3,1.6807701311668384,0.43999999999999995
3.131865668066296,0,7.951929389684919,25.028058069723823,1,1,1,-1.7808082201469158,0.24
5.202506206360809,1,3.597969606645826,26.277805859295885,0,2,1,1.749628658758184,0.33999999999999997
4.036009481011374,1,2.642934759233504,22.49053348428872,1,1,1,0.261213778783425,0.24
4.020889089463252,0,4.322241094861797,32.1317917114397,1,2,1,-0.5329870332563811,0.33999999999999997
4.285517833328151,1,4.088513381331569,24.100376777894642,1,2,1,-0.20442093689653487,0.33999999999999997
4.902835563680914,1,4.009631390280266,29.626778173745652,0,1,2,1.23051345127412,0.24
4.005732269338171,1,3.299960617713761,27.89511791153986,0,2,1,-2.277494770744044,0.33999999999999997
4.848623533745117,0,5.739466289526665,31.868780858874278,1,2,1,1.4154288282374374,0.33999999999999997
3.891545773927114,1,2.2222579800453577,25.623237721675732,1,1,2,0.26564397980002724,0.24
5.2911178073949525,1,1.9041958140762485,28.18375813102116,0,2,3,1.0122430499150696,0.33999999999999997
3.9438614215209506,0,2.610868993120586,22.90471927228795,0,2,1,-1.7483228326730074,0.33999999999999997
4.195288394760279,1,2.5143145134279927,22.18441948918074,0,1,2,-0.22746608468040108,0.24
3.7482771042208167,1,4.330171416844977,29.789000751596422,0,1,1,-2.3283515687743606,0.24
4.970781906655402,1,5.461779845340936,22.644922482790893,0,3,1,1.197583230371392,0.43999999999999995
4.403382593639002,1,1.0509000887899487,27.315347396696406,1,3,3,-0.9827087857430098,0.43999999999999995
4.07006014216884,0,5.532421812777886,31.03388634391876,0,1,1,-0.9974042332647826,0.24
4.632025431294156,1,2.748536901365806,30.240054568284037,0,3,2,-1.9344294343315704,0.43999999999999995
3.8861801509307936,0,6.382510075530588,26.00624353615422,1,1,1,0.4443694460517065,0.24
4.720064387077603,1,6.686049538832302,23.234490590775483,0,3,1,0.07189042583560785,0.43999999999999995
4.530603919402493,1,2.78649624247338,29.528484584966584,1,2,2,-0.7478702891568625,0.33999999999999997
5.054887677167657,1,5.7751836546129915,32.02677034858054,1,3,1,0.26310323307282846,0.43999999999999995
4.173474114448944,1,6.293271092591227,26.01328576400313,1,2,1,-0.7799322532264683,0.33999999999999997
3.748205755002166,1,3.1709473999700455,25.59006142477865,1,1,2,-1.7592881004273662,0.24
4.184455741634076,1,4.298389577087088,26.425294111393004,1,1,1,-0.36379801111776416,0.24
4.99989132412774,0,5.752467862417327,29.714826132421347,0,2,1,1.6447184116639788,0.33999999999999997
4.265413998396757,0,1.3573800174470052,31.68555281924474,1,1,2,0.9716663645045116,0.24
4.282157503255777,1,4.423706220723621,24.281179565858434,1,2,1,0.4553714484617397,0.33999999999999997
4.238105481906165,0,2.994230775842087,23.50515457202604,0,3,2,0.2440246896115632,0.43999999999999995
4.50371277901818,1,1.415822012491502,35.019988965797346,0,1,3,-0.3633308908853282,0.24
4.716590225973974,1,5.934118709141773,27.468031636329883,1,2,1,0.7359767184009849,0.33999999999999997
4.3835623649586,1,3.4155530765593887,28.75867838707093,1,1,1,0.5653237890158839,0.24
4.487040112412801,1,4.207128416480724,25.924207478147082,0,2,2,-0.08311358606759779,0.33999999999999997
4.284530147663357,1,6.60877356470502,29.469886928358147,1,1,1,0.19908044497675903,0.24
3.7206417609809646,1,3.195395856696483,30.880182624104567,1,1,2,-1.605860436855537,0.24
4.181695694729313,0,3.3769492874554476,28.89938851471879,1,3,1,-0.4802972473021058,0.43999999999999995
4.618232130009396,0,3.1964969491759514,33.2225742310433,1,3,1,-1.1931065824682647,0.43999999999999995
3.992217011086396,0,7.3020602826710785,27.019766230176725,0,2,1,-1.2121790918638298,0.33999999999999997
4.254656235527442,0,1.586712770285692,27.21135258089387,1,2,2,0.47027344686796213,0.33999999999999997
3.5802628259928535,0,5.685046796769069,28.69421905383225,1,2,1,-1.264609348589266,0.33999999999999997
4.641604438836283,1,1.5130164578787142,29.39488493651829,1,2,3,0.7680890502701639,0.33999999999999997
4.28745042425046,0,1.1687000411401982,28.683841786187827,1,1,2,1.0320004488167682,0.24
4.33276453859038,1,7.0253769253314164,24.14675491913473,0,1,1,-0.06170433786624744,0.24
3.9995802025950673,0,2.6063936880408836,28.937545498586683,0,1,1,-0.6055161360685004,0.24
4.385513698694714,0,2.8287859884919873,26.87747924558969,0,1,1,1.0310231389791216,0.24
4.435064877721725,1,3.0512061166666724,26.257068957776063,1,1,2,0.552369285173602,0.24
4.407734531408971,1,1.513870604646475,28.097446164259733,1,1,3,1.1951796319108206,0.24
4.38224526261368,1,6.01283539239738,25.115431938012357,0,2,1,-1.081508913195092,0.33999999999999997
3.8840743873867725,1,4.054835926572993,24.593826028380306,1,1,1,-0.2603486174144151,0.24
4.205826792838865,1,4.53512330242245,20.15359311998845,1,2,1,-0.21856488568695184,0.33999999999999997
4.875431748601357,0,7.536141201590464,33.241711985529676,0,2,1,0.20942466009020594,0.33999999999999997
5.074736661136578,1,0.7293235045987526,29.667193957309006,0,3,2,0.624886769541421,0.43999999999999995
4.363840252069956,1,5.590865582506572,27.649707636081086,0,1,1,0.13783133009179638,0.24
4.568904298638259,0,3.6285682579602607,25.998330289340057,1,2,1,1.3354026841055708,0.33999999999999997
3.9031693313093503,1,2.870440267733378,19.37190315386075,1,2,2,-0.374745114295249,0.33999999999999997
4.037195677906965,0,6.256852368545335,25.814413371335547,0,3,1,-1.049010333926489,0.43999999999999995
4.1879198391486385,1,2.2021571479908255,30.14759901149223,0,1,1,-0.6656685119500854,0.24
3.8152140359724602,1,4.478397940704109,30.826522910781605,1,1,1,-0.7900771843793067,0.24
4.308189001407847,1,3.708007724261904,29.926875980809903,1,1,2,-0.4559250475750736,0.24
3.7415501565614395,0,6.800911162021659,28.475175867257406,1,1,1,-0.26918928944223525,0.24
4.08415862639158,0,9.09461790184287,31.911622437794136,0,2,1,-0.22677661782654251,0.33999999999999997
4.677331079423609,0,0.6391177599989,27.014388333734377,0,3,1,0.23192749714419456,0.43999999999999995
4.287171706442566,1,2.145802618125905,31.255566748403083,1,1,1,-0.4610954347446471,0.24
4.159241164551869,0,5.334640167139706,26.846252668839362,0,1,1,1.0488010119075393,0.24
3.7893016763512564,1,4.963082379421093,25.356576073366714,0,1,1,-1.9381951080485875,0.24
3.2309076223080657,0,4.178309656389758,24.982861058732436,1,1,1,-2.2268569488815553,0.24
4.4907664869228885,0,1.5247599654977324,24.80651073648114,1,3,1,1.0013092712316265,0.43999999999999995
5.113124751666993,1,5.6468936599502575,29.977204086407454,1,3,1,0.9227325764490136,0.43999999999999995
4.191941430033631,0,4.949204323791541,25.771763286708765,1,1,2,1.2390235504375493,0.24
4.167038694835678,0,3.435687404095917,24.90091346489517,0,1,2,0.6367269809196806,0.24
4.9295215198228,1,7.6145758442736415,30.14120565898408,0,3,1,0.002528291836206253,0.43999999999999995
4.479374348741309,1,2.402568016117526,28.983911171416697,0,1,1,-0.25842861209101653,0.24
4.237093910491071,1,4.976217177676463,30.887775948537406,1,2,1,-1.6021350031256794,0.33999999999999997
4.600937630108159,0,6.184155442897431,29.537798533818396,0,3,1,0.1476706096839491,0.43999999999999995
3.867457733927723,0,3.623477104953407,25.740665259408065,1,2,1,-1.4367993823980694,0.33999999999999997
4.806014751884762,0,6.560024003085779,28.228307249405763,0,1,1,2.466114474870728,0.24
3.891547979005368,0,6.406755579873869,28.375398972309032,1,1,1,-1.032048523246095,0.24
4.673397660591303,1,0.17961971590335546,25.242524024577992,1,3,3,-0.07543307739533982,0.43999999999999995
4.349869100291377,0,6.604485506535039,24.68612507771802,1,1,1,1.5064108791500326,0.24
3.833016127449937,0,1.8954447564586847,25.957835172646888,0,1,3,-0.36602841242312945,0.24
4.407251781543017,1,1.5046545869049277,34.10974707001624,1,2,3,-0.3592809288870527,0.33999999999999997
3.733947999955535,0,-0.25145598876086495,26.761767717335353,0,3,3,-2.586784129563845,0.43999999999999995
3.7638077297098143,0,2.0640606231270437,31.698600374160144,1,2,3,-1.309778814097226,0.33999999999999997
4.196257420694721,1,4.192331816579298,26.594018471560606,1,1,1,0.561536970488119,0.24
5.28654896356323,1,4.385605524653714,30.666516458619977,0,2,1,1.672835142345993,0.33999999999999997
3.7217642255954164,0,7.243580981438736,30.70747496667354,1,1,1,-0.8911512042996973,0.24
4.147153668280679,0,7.7378480276117205,30.857771523856133,1,1,1,0.19673988318080612,0.24
5.2506446076091695,0,2.529266767493392,29.163482026026877,1,3,1,2.708453522118506,0.43999999999999995
4.345514458665863,1,2.342712643385247,32.132099736343456,1,1,3,0.5668017425834752,0.24
4.490703141009655,0,4.133589659406867,29.135061908058184,0,1,1,0.9760748059292916,0.24
4.03402702197948,0,5.629817284005344,33.14058918802084,0,1,1,-0.7660742476857028,0.24
4.702516198451338,1,4.843638386707093,23.1402405904347,0,2,2,1.552373367183563,0.33999999999999997
3.6943427856221955,0,2.078324029914439,29.044858743000454,1,2,1,-0.6923107787822425,0.33999999999999997
4.188940431735431,1,4.765010133923188,28.849970777607,0,2,1,-0.8680049900031637,0.33999999999999997
4.796929338965568,1,6.572230408610631,25.190440462583528,1,2,1,1.4793784099428962,0.33999999999999997
4.0522251051331715,0,2.7426141761855627,29.738752665291216,1,2,3,-0.6369383655157521,0.33999999999999997
4.003144462479293,0,1.550287159721995,23.529751973270145,1,2,2,-0.0036749394152499957,0.33999999999999997
4.987089627865874,1,3.3616427143626533,26.037447022719014,0,1,2,1.6261853889807225,0.24
3.9693174522151953,1,7.55257914748823,22.002736561306577,0,1,1,-0.9141209510078523,0.24
4.612116818190213,0,-1.6253685376743703,32.675879550888446,0,2,3,-0.23680856612484233,0.33999999999999997
4.300168963611762,1,3.479074225669013,27.305351518164112,0,1,1,-0.6102110546304553,0.24
4.353537873747167,0,1.0823604889827192,34.50065210444893,0,1,2,-0.3287286159408466,0.24
4.456625114099532,0,1.4380543022223762,30.408849779558484,0,2,3,0.0392419490237336,0.33999999999999997
4.849833331560007,0,3.6417470144985287,29.344294640053075,1,2,2,1.340097816244559,0.33999999999999997
5.07721543522115,1,1.7121059710035171,26.241316917157004,0,2,2,1.6422909332517277,0.33999999999999997
4.225463364491618,0,4.766528937936363,24.86094989293774,0,2,1,0.15583974967954284,0.33999999999999997
4.675326044383466,1,2.935452733368265,29.568914721690835,0,2,1,-0.7265826840906734,0.33999999999999997
4.651205791507629,0,-0.18313217630225043,27.785457972181053,0,3,3,0.6780375962423159,0.43999999999999995
4.120510085242232,1,5.771128043290203,23.982189053544097,0,1,1,0.005265198737493542,0.24
3.8796408466536407,0,-0.2678988580290309,23.449424750475046,0,2,3,0.037897689047287235,0.33999999999999997
3.667262961540433,1,3.9371879736969206,25.12388881256925,1,1,2,-1.0318231640085909,0.24
3.8385635057121568,0,6.03950745489813,33.46290167579869,0,1,1,-1.6170854346281178,0.24
5.075323989832291,1,3.544298154457176,34.639833754033916,1,3,2,-0.018919976974263987,0.43999999999999995
4.171481995625085,1,4.514921862603674,28.61496744192673,0,1,1,-1.069458756402413,0.24
3.661951254662312,0,3.05840253505617,28.446828388723866,1,1,1,-0.530267364841512,0.24
5.107719691504623,1,3.5976913914308106,26.991038884511436,1,2,1,1.4826630850938105,0.33999999999999997
3.4797549402997934,0,4.886396446884118,25.196543955071494,1,1,1,-0.0701569587284586,0.24
4.778133560960607,0,-0.6985560685903489,32.12553717282173,1,2,3,1.1070924490726382,0.33999999999999997
4.832376154692577,1,6.421575783177178,33.62072918169141,0,1,1,0.296142992748377,0.24
4.244932261783347,0,1.82281363238518,25.319742742482145,0,1,2,0.5838365855346236,0.24
4.286897433436613,0,8.114153531131466,27.751484864726194,0,2,1,-0.5500368641993465,0.33999999999999997
4.546648640239343,0,3.0409416645004175,26.650401097869498,0,2,2,1.152911466187623,0.33999999999999997
4.858164951472309,1,2.4751237599794704,26.73928277540507,0,2,2,0.3108282652635244,0.33999999999999997
4.484946367928946,1,3.229390887604457,31.557724766289585,1,2,1,-0.26440185992070564,0.33999999999999997
4.105259172490954,0,0.730598689120401,24.064115363901635,0,2,3,0.3102999296018656,0.33999999999999997
4.805747837348764,1,-0.06972790520677208,29.39940907280892,0,2,3,-0.7152424877538293,0.33999999999999997
4.14765360325937,0,2.9907582406445186,30.184714321917596,0,1,2,-0.29368211503907016,0.24
4.054858555588535,0,1.0490998106670437,27.573546479194544,1,1,3,-0.0552714335516911,0.24
4.240673194419726,1,2.65777169112087,30.679203480960318,1,1,2,-0.5256888986924604,0.24
4.788261793741709,1,1.7641443125351484,28.44295552161235,1,1,3,1.558720109918989,0.24
3.857226094089347,0,5.0772902909691595,31.651389763468337,0,1,1,-0.4151829135430605,0.24
4.792871552289771,1,4.365787927667154,23.43338408522244,0,1,1,2.0825198141887395,0.24
4.760229828759677,1,1.199197675907448,26.953674216979394,1,3,3,0.06726715117880241,0.43999999999999995
4.364924792645834,0,4.705166552571384,27.784560571446896,0,2,1,-0.23432960121011975,0.33999999999999997
3.5184845627495474,1,8.6487567809582,19.983377846585952,1,1,1,-0.5044278930706932,0.24
4.442819495824713,0,2.916289570067639,24.742141799264395,0,2,1,0.4224093060221115,0.33999999999999997
4.265257426063675,0,5.409218447551981,25.559202236923642,0,2,1,0.8941929324374683,0.33999999999999997
3.503094002439132,1,6.4226119283748,30.844617984470048,1,1,1,-2.537936378071012,0.24
4.148694597539922,1,1.0758078684198842,25.8794699610562,1,2,2,0.004883331484132131,0.33999999999999997
3.0687758447890903,0,1.613780268430649,25.545763038082068,1,1,3,-1.9880955458587632,0.24
5.058212691165686,1,1.99079637463312,30.452457341968575,0,2,1,0.9818256871812021,0.33999999999999997
4.45248024307512,1,2.582562464298758,23.146268062629836,1,1,2,0.9996862343948503,0.24
4.3468512282475285,1,7.262297422882181,21.786267797669282,0,2,1,0.04097377172690494,0.33999999999999997
4.115687908005783,0,4.803148201252702,26.915223099791962,0,2,1,0.2083943670805079,0.33999999999999997
3.337281225114435,0,1.6428343801876757,23.656879695764935,0,2,2,-1.4297655516389902,0.33999999999999997
3.875402461738641,0,1.0501203723431658,23.770962116021053,1,2,3,-0.5472861634747569,0.33999999999999997
3.953753057606275,0,2.7037610673958743,29.720301375063947,1,2,1,-0.6121800621976892,0.33999999999999997
4.018138650844107,0,2.9907518681807974,30.627921513737736,0,1,1,-0.44900493348778375,0.24
4.691479779311592,0,4.892781017862633,30.366592647556374,1,2,1,0.8721741337044586,0.33999999999999997
5.030595278358865,0,1.8431433523124976,31.3263299809217,0,3,3,1.2817046637016662,0.43999999999999995
4.964546806752005,1,6.281163711870638,31.723402960044407,0,2,1,0.6105742404026271,0.33999999999999997
4.397923188295817,1,3.7060096600214285,21.61422937351921,1,3,1,-0.32340650584985975,0.43999999999999995
4.256005266374177,1,2.1062782204340333,29.3512358797884,1,1,3,-0.7461633716668601,0.24
4.1758180543214705,1,3.802015456744962,26.411175401291324,1,1,2,0.09052407961057403,0.24
4.142948023879222,1,2.9624216767717035,25.75772726202869,1,2,3,0.2965222482159008,0.33999999999999997
3.9950741743651617,0,0.8960199512232981,29.681243896626118,0,1,3,-0.22098240435120511,0.24
3.690059551029435,1,8.612783360463352,22.809113560312746,1,1,1,-0.6590660079979529,0.24
4.201426229924481,0,2.7867276617430283,22.74667418238304,1,2,2,0.6152554923398379,0.33999999999999997
4.462702600439298,1,0.4357592516484612,29.90071823224515,0,1,1,0.7135242888743196,0.24
3.651912733821267,0,0.2584399605950064,29.463358052532694,1,1,3,-1.3119336889740876,0.24
4.683113811771262,1,5.909289157094858,28.41019796761453,1,3,1,-0.38373585769703483,0.43999999999999995
4.35386313855966,0,0.7410202185093104,25.36025978583059,0,1,2,0.7779016929471778,0.24
4.448609833951796,1,4.646643427529939,30.231488903746374,1,1,1,0.9885812131777671,0.24
4.486507611359479,1,4.315563627854356,30.040908676181427,0,1,1,0.06456681144573231,0.24
5.14236261658723,1,1.000754230403531,28.255913545142363,1,3,1,0.3653343155392233,0.43999999999999995
4.674004757405035,1,3.6992618949439446,24.468036876190684,0,2,2,0.2525381426746744,0.33999999999999997
4.502397427080438,1,4.322754447842075,26.72425496281148,1,1,1,0.9543085960412565,0.24
3.93633037443084,1,5.498499764086919,30.513501032573327,1,1,1,-1.1092098205206329,0.24
4.602068372582266,0,5.982578548040581,31.98157366840536,0,2,1,0.2676054876641056,0.33999999999999997
3.767441818589529,0,7.482136744089281,27.020390189871016,0,1,1,-0.888858549297547,0.24
5.207458631033823,1,4.884713294008377,27.250981096575213,1,3,2,1.0880809225346597,0.43999999999999995
4.227210887495888,1,2.41203569096857,27.51493267592482,1,2,1,-1.0583469437718556,0.33999999999999997
4.019651892954602,0,3.852066537751199,28.824679026732916,1,1,1,0.4084889699654989,0.24
4.849604940482815,1,3.2434398219368483,26.256798099819928,0,3,2,-0.883500719249248,0.43999999999999995
4.3122525467522665,1,1.4585718520314095,19.31744482728525,0,1,2,0.7524241183376139,0.24
4.3707137011344,1,4.935949355866033,31.57830700494129,1,1,2,0.4392889603298624,0.24
4.239518119863699,0,1.4898411432545196,33.384066841487645,1,1,3,0.23966322379558225,0.24
5.112657724939884,1,8.944786925256164,26.16280042118286,0,2,1,1.9609353726684755,0.33999999999999997
3.7016853641608805,0,0.359857919154819,24.800039893243678,1,1,3,-0.7025280580323823,0.24
4.475889348639485,1,2.7326899374855693,27.588698432829332,0,1,2,0.9260707463709755,0.24
4.563099936621874,1,4.872655907971589,27.43748834881368,0,1,2,1.1720125348620647,0.24
5.3489897014351016,1,1.5796003537201735,30.986555731488878,1,3,2,0.9263575093978077,0.43999999999999995
3.9887921884898887,0,2.7322965260789527,28.163918324935114,0,1,1,-0.6773488137151568,0.24
3.6184565792579555,0,6.115753288527757,25.62213150888645,0,1,1,-0.23459780856533066,0.24
4.209088904881391,1,1.6471334530984871,24.044771648325852,1,2,2,-0.6059637151709758,0.33999999999999997
4.459514340868194,1,3.1403488546704783,30.59690255445902,0,2,1,-0.2973001404772973,0.33999999999999997
4.532382007853957,1,4.4574601684709005,29.79853372349275,1,3,2,-0.8411700976298124,0.43999999999999995
3.9453848733293357,0,2.5527215365032196,31.181679634275458,1,1,2,-0.36324291203918013,0.24
5.014667654150827,1,3.3448579507992653,25.095439747836718,1,3,1,1.4676270013957555,0.43999999999999995
4.3825911243198705,0,4.842213840894353,33.51531069858499,0,2,1,-0.3192377596286614,0.33999999999999997
3.7145307141216692,0,3.98352461431627,22.768916478828288,0,1,1,0.10583689199114901,0.24
4.755673041683295,1,9.429971801199738,30.12880306420444,1,3,1,-0.7254315924488859,0.43999999999999995
4.107102107672333,1,7.120714586751159,22.271251698409294,0,2,1,-0.01499242480557853,0.33999999999999997
4.1996985763748675,0,3.818615155089674,25.629005854904598,1,2,1,0.8266708117804296,0.33999999999999997
4.849651280090023,0,4.049325777483137,32.68306879134388,1,3,1,0.4894490316016261,0.43999999999999995
4.909812126095401,0,0.961103449864523,30.494092763427968,0,2,1,1.4182930341051323,0.33999999999999997
3.537438050509984,1,5.274807302182889,26.361338753538455,1,1,1,-1.2098078344792922,0.24
4.195829726354775,1,1.4666477065753374,26.443488871534935,1,3,3,-0.7563678170507129,0.43999999999999995
3.827839729592699,0,0.6879019382193339,28.301866332506325,0,1,3,-0.412900783275693,0.24
4.847884363976292,1,1.0674518101915393,29.542422972282168,0,2,1,1.5249178386420368,0.33999999999999997
4.241124152480952,0,4.946487328022116,31.75473814804809,1,1,1,0.2987853116391285,0.24
3.537521384331401,0,8.39734261246699,26.631297986174516,0,1,1,-1.4170608040783192,0.24
4.668525171675236,1,5.108282322464654,23.164644809538395,0,2,1,1.092236683879941,0.33999999999999997
4.77298212004868,1,4.359975012184914,28.47090588114628,0,2,2,0.10959265881550809,0.33999999999999997
4.969524789628061,1,4.959066550180349,26.627707487474815,0,2,1,0.8903201616494769,0.33999999999999997
4.665711454195507,0,4.871502527627827,24.09809888575466,1,3,1,1.5835510236380306,0.43999999999999995
3.6679368218232904,0,1.7510906237346866,28.893006745938383,1,1,3,-0.9775990608065129,0.24
4.827642661033286,1,1.2421466071705103,27.360658737721632,1,2,3,1.583233396040166,0.33999999999999997
4.461087574376551,1,1.2232187320684367,28.91953661940938,1,2,3,-0.07420097110997845,0.33999999999999997
4.2627520935185865,1,5.0429163484548765,25.316667399438458,1,2,1,-0.4139198833679409,0.33999999999999997
4.898223497893657,1,1.8498076329361393,29.460131590976495,0,2,3,0.15466327517836412,0.33999999999999997
3.336257413708352,0,6.904401062541833,24.048705409735064,0,1,2,-1.1925006795863384,0.24
4.190674128157353,1,2.71541939619383,25.51680583091025,1,2,2,-0.019928336061564095,0.33999999999999997
4.5298329176336765,1,0.8234044077416478,27.271257306738168,0,2,3,-0.24269190453871414,0.33999999999999997
3.6131631498967325,0,0.7863401139365866,33.22545524487914,1,1,3,-0.9381512282772437,0.24
4.6066054135485865,1,2.573472750389413,30.35447610564548,0,2,2,-0.6463916031781279,0.33999999999999997
4.6114800524058674,0,1.291727045690704,31.23157751280337,1,1,1,1.1381203005859863,0.24
4.863019361533537,0,6.323307533431446,32.251231100029436,1,3,1,-0.1776778144811391,0.43999999999999995
4.558516107543034,0,2.9534264473486647,38.80849640743262,0,2,2,-0.9807306680810141,0.33999999999999997
4.369582710422559,0,1.6836509511914324,28.1247672026753,0,1,3,0.4481593597769423,0.24
4.546339665187164,0,2.6466247250666544,32.26120276938957,0,1,2,0.7666542635504155,0.24
4.694232398576875,0,8.451915943520735,31.037905763205824,0,2,1,-0.0020014644424819297,0.33999999999999997
4.015682723781829,0,2.1329862220398628,30.98809750992258,0,2,1,-1.2341266849420696,0.33999999999999997
3.9015848057998297,0,7.045851006705389,33.322718854120545,1,3,1,-2.546508406599777,0.43999999999999995
3.857400806240854,0,1.5594945961874527,26.74206090704657,0,1,3,-0.9008442886372946,0.24
4.399758993753905,0,6.053152876928438,26.50394492819086,0,1,1,1.0542583936075949,0.24
5.161070622525811,1,5.676193050292667,28.959296540445585,0,3,2,0.9628433958991287,0.43999999999999995
3.4777137897936146,0,-0.1821508201344666,27.45190068423434,1,1,3,-0.7960470455286488,0.24
4.77018111581361,1,5.2537494815934105,28.95550255899452,0,2,1,-0.2359182308703682,0.33999999999999997
4.67143337785356,1,1.5891175435861205,32.68824635515904,1,1,3,0.6978027833306488,0.24
4.388036264519376,1,1.9867126370234622,26.565559831881163,1,2,3,-0.1384529572560726,0.33999999999999997
4.468981003971712,0,4.308777168166017,27.08596311221881,0,1,1,0.9363200617326396,0.24
4.423752120926974,0,7.962435392048771,28.52293301057973,0,2,1,-0.09722525720931736,0.33999999999999997
4.653966712216982,1,5.365178303794723,27.31504472192449,1,2,2,0.4815976549444249,0.33999999999999997
4.6514037605043015,1,6.964652126597477,22.257982515959537,0,3,1,-0.3227771034168062,0.43999999999999995
3.699031927476762,0,2.0132042724770742,26.259617071903183,0,1,2,-0.7839257943722543,0.24
4.482888104267957,0,1.878135779611135,30.062119726712513,1,1,2,1.1656975107446048,0.24
3.869633240689073,1,5.287883986255355,32.31264025279794,0,1,1,-1.5019686001200943,0.24
4.149862422123469,0,4.352797945214734,24.53614429738682,0,3,1,-0.5996962127088742,0.43999999999999995
4.05988807023436,0,3.261554372170666,24.52215280230747,1,2,1,-0.09434308314913915,0.33999999999999997
4.454308576076867,0,-1.1336014616788654,28.090701408152007,0,2,1,0.858659599769826,0.33999999999999997
3.3963589597800685,0,3.6353202494476373,21.77321480536649,1,1,2,-0.8788845745826991,0.24
4.656499357120273,1,0.39695300922388965,26.665089391038617,0,2,2,0.12684406518575972,0.33999999999999997
3.1400307409423927,0,2.2095409022196733,22.79187382134582,1,1,1,-1.3865194898966346,0.24
4.696836648138375,1,2.928438985021538,32.10718389952739,1,1,2,0.4403827220078624,0.24
5.1197664775329095,1,2.130274383270587,25.692006536948785,0,2,1,1.8237137593863415,0.33999999999999997
3.358664189273287,0,2.7931014293216414,32.958502559017084,1,1,3,-1.959568491717651,0.24
4.1124178489374055,0,3.213186829813484,31.340564060375016,1,2,1,-0.7273861281827033,0.33999999999999997
4.872198434822699,0,7.440685954400273,26.061048106907748,0,3,1,0.8369356604361333,0.43999999999999995
5.511704674572358,1,2.5205599493231543,24.784121089461767,1,3,2,2.943647693574264,0.43999999999999995
4.689788935120515,1,2.5076896949495837,27.419362752497236,0,2,2,0.5880646009801145,0.33999999999999997
3.8737761200329808,1,5.607899333151706,27.68606012722539,1,1,1,-0.7294380565803931,0.24
4.473330970516971,1,3.474103854700596,29.038440831857205,1,2,1,-0.14857757786987397,0.33999999999999997
3.4336051568820696,0,3.474614748010514,25.670370131409463,0,1,1,-1.2268533903630294,0.24
4.9038641966179615,1,6.422053093164027,30.239184620566608,0,1,1,0.8051318603817974,0.24
5.132240451009453,1,6.826784047274083,28.795984164999698,0,2,1,1.04610501714267,0.33999999999999997
5.322417081929744,1,3.526539771515645,26.978814529852407,1,3,2,1.4062797102653606,0.43999999999999995
3.6686392764838294,0,2.179037126647132,25.86387803374593,0,1,3,-0.3300757278283123,0.24
3.9392913818584465,1,4.491937160023572,27.445345050703942,1,1,2,-0.8075251603711041,0.24
5.127672800814485,1,3.1364864363899416,25.549296244517294,0,2,1,1.49496601045519,0.33999999999999997
4.4709803752794794,1,0.21157087326510515,28.175316084650763,1,1,3,1.3808225938978862,0.24
4.195617400453796,1,1.0770888759193986,28.25631605565973,1,2,1,-0.9878742672673132,0.33999999999999997
3.9516701696155674,1,0.5915273902859282,28.785121850429018,1,1,1,-0.37556489840700946,0.24
4.816881750398537,1,3.0511571265297346,33.29872722901556,1,1,2,0.7895221788800806,0.24
4.512266940221935,1,0.7146214346113409,27.60266584090128,0,2,1,-0.2522361280651991,0.33999999999999997
5.0863117962787205,1,7.7142818029962905,31.013793601373447,0,3,1,0.03164441538926434,0.43999999999999995
3.574413787171754,0,6.573610727140547,28.688762190927104,1,2,1,-1.4691039958510443,0.33999999999999997
4.799765789991798,1,2.602806796633892,27.285267094304636,0,3,1,-1.122322020091877,0.43999999999999995
3.9123340330422516,0,4.788134186625108,27.6425221901463,1,1,1,-0.09143592190475797,0.24
4.69026908032266,1,1.1956724253948408,27.82352077249585,1,3,2,-0.6987763006906388,0.43999999999999995
3.945167635142817,1,6.000397241824847,28.83930312318465,1,1,1,-1.1480161732427454,0.24
4.565499399427499,1,9.228752535941611,25.122037704343093,0,3,1,-0.31414401161819555,0.43999999999999995
3.5707580453203165,0,4.771467731814363,23.6039788496651,0,2,1,-0.8775419893392404,0.33999999999999997
4.267856076604501,1,2.208666715382928,29.962892180422827,1,1,3,0.02806827643834319,0.24
4.9384392574066736,1,2.837781666625772,30.694371497743777,0,1,1,0.9924946555454424,0.24
3.876033224223724,0,5.04728931159889,30.23690749840841,1,2,1,-0.3012657958833452,0.33999999999999997
4.2876536339093825,0,4.114359166641521,28.464916055669416,0,1,2,-0.42608312871651743,0.24
5.502249260144336,1,5.19825006653858,30.301673882359864,0,3,1,1.0736982406670172,0.43999999999999995
4.455676425654684,0,4.2836100007139715,30.140287078051426,0,1,1,0.7335233648275542,0.24
4.5301706979094165,1,4.46962378957384,30.362888076864863,1,1,2,0.798007304956992,0.24
3.193667073597196,0,6.057784192266009,25.421377535973658,1,1,1,-2.5207075727112565,0.24
3.467860399197275,0,4.773127006760184,24.709144608536107,1,1,1,-0.4483052461246243,0.24
4.326553865190795,1,3.4668174531098233,26.834292259743187,1,2,1,-0.5717399228893316,0.33999999999999997
4.285944446169181,1,4.49111441693641,27.947847671372035,1,2,1,-0.8255838809839143,0.33999999999999997
5.33910192845186,1,2.653918940690598,27.27423661860313,1,3,3,1.0535905838036528,0.43999999999999995
3.6006716147645044,0,3.4393022477698176,22.369929005986375,0,1,1,-0.5434578653026896,0.24
4.1978334217379585,0,2.5326941224650152,33.16507783640542,1,3,1,-1.3903904078380613,0.43999999999999995
4.122756788126729,0,0.19153891293333858,27.177862033342794,0,1,3,0.246168095987866,0.24
4.296087166236345,0,4.901580615844523,28.51811324973086,1,3,1,-0.007614019940305676,0.43999999999999995
4.321690537353123,1,7.726580330331554,31.733646972289176,1,1,1,-0.9224273338122289,0.24
4.44741993429367,1,4.151164173534007,20.965083191436385,0,2,2,1.017876692753074,0.33999999999999997
4.494865034729231,1,5.448554501391864,26.464918384264863,0,2,2,0.5308826964650515,0.33999999999999997
4.086817982249065,0,5.764041332504439,26.838648179260584,1,1,2,0.5276580472087559,0.24
4.326036531552753,1,4.544118428154545,26.991069863648065,0,1,1,0.48396640489711196,0.24
4.828976946090756,1,1.0853088646419384,27.47954022785814,1,2,3,1.0895945663757725,0.33999999999999997
4.605457240094302,1,5.162424274650736,32.341404395334536,0,1,1,-0.15540565396423778,0.24
3.9004704071431,0,3.1728901765684423,30.02037662718167,1,2,1,-1.2415563483355574,0.33999999999999997
4.725135873230608,1,6.777493443091211,30.87410580588649,0,2,1,-0.20722021538966717,0.33999999999999997
3.6911101079834054,1,3.202602097518465,28.141360815432773,1,2,2,-1.6556235880487475,0.33999999999999997
4.0554064097809945,0,1.6293085203884519,23.801880861563497,0,3,2,-1.062057047376889,0.43999999999999995
4.3032021821163795,0,2.3064425268296715,21.76090889456198,0,1,2,1.6190757808103071,0.24
3.821546374592831,0,4.30206300022506,23.411776830305108,0,1,2,-1.1005843427632995,0.24
4.212363468467592,1,4.934062162516756,29.079297112498057,0,1,1,-1.173949441309725,0.24
4.623354468780577,1,4.058834590582144,28.095309138092905,0,2,1,0.6696222271874155,0.33999999999999997
4.736544271879429,0,2.8823679323248133,27.369509057331978,1,3,2,0.8632117280574747,0.43999999999999995
4.189877776741538,1,3.8154386079284843,26.89426927977959,0,3,1,-1.6663107694916883,0.43999999999999995
4.851448347925339,0,5.843125805006775,34.03516472632824,1,3,1,0.24878385582229023,0.43999999999999995
4.430086158733358,0,2.8029409842640565,25.531289227070577,0,3,3,-0.548393002960477,0.43999999999999995
4.868397792973484,0,1.9622892088907693,30.783458368348178,1,3,2,0.330577130038767,0.43999999999999995
3.9500749438693545,0,1.341802530541551,28.005738808062983,0,1,1,-0.30267319398948883,0.24
4.037080115597683,0,2.8490951573620755,27.817181464642008,1,3,2,-1.3656026982208338,0.43999999999999995
4.673511570202053,1,3.927255152206432,31.52991264585023,1,2,2,-0.48135739404399736,0.33999999999999997
4.577708806918876,0,7.006011885525615,32.387591148074335,0,1,1,0.62578764133481,0.24
4.6364628697624175,1,3.9576786195282025,27.281351629345487,0,1,1,1.9437048246870174,0.24
4.360003283812618,0,8.446186892926429,30.397608157726427,0,1,1,0.3898494833881683,0.24
4.662661577532743,1,2.4023552425325168,29.091674086450162,0,2,1,-0.3909259053008567,0.33999999999999997
3.946981995415406,0,5.328287329094643,28.022311416429744,0,2,1,-1.1796475150277044,0.33999999999999997
3.954301565376428,0,0.39282472504860055,28.612764827971077,0,1,3,-0.15845179957848196,0.24
3.90313250925796,0,7.694181786279958,25.935973555465488,1,2,1,-0.3784432592291914,0.33999999999999997
4.52099774854433,1,2.2176231750834376,27.081701820006746,0,1,3,0.30577907221353795,0.24
4.894046255905989,1,5.851269516271847,26.25809416074188,0,3,1,-0.05962508441995635,0.43999999999999995
4.988899634030055,1,4.511536736210578,30.704130149286758,0,2,1,0.47957970878795514,0.33999999999999997
4.190516404153502,0,2.510624419336162,27.714396653376813,1,3,3,-0.3597053674738122,0.43999999999999995
4.482049740861302,0,3.342882637554837,24.106857926154884,0,1,1,1.7091170975613472,0.24
4.5406704809479175,1,1.6391307908408095,25.829688330510738,1,3,3,0.5838218827014782,0.43999999999999995
3.491496928571698,1,3.3236169191243032,18.402206064363465,1,1,1,-0.7066944413204979,0.24
4.659017872380567,1,1.9807321119917862,26.516522194353556,1,2,3,1.0011106838643744,0.33999999999999997
4.302915624274512,1,4.261270254538456,28.11293519529145,0,2,1,-1.1560105338522615,0.33999999999999997
3.6972548361571,0,4.22954048948515,27.59159245339908,1,2,1,-0.8546805231201019,0.33999999999999997
4.612264694988107,0,2.243579290229906,33.940463054594176,0,3,2,-0.800986645304626,0.43999999999999995
5.2631079865234565,1,3.7020097059956267,29.72471812274511,1,2,2,1.3283793275385527,0.33999999999999997
4.828056711884331,1,2.8355217260963,29.591355559267452,1,3,1,-0.17875181877307925,0.43999999999999995
3.6718821477720347,0,2.6314649667929073,23.070192896289168,0,1,3,-0.6286861060576904,0.24
4.320695685503581,0,2.7519013094521245,26.906073837648602,1,1,2,0.16410386103150199,0.24
4.437493285178997,1,2.8879012832020257,26.540011578028913,1,2,1,0.5420680966836597,0.33999999999999997
4.773077910201852,1,6.0009595326583725,25.641756403575975,0,1,1,1.589181392175157,0.24
4.16797770618174,0,5.9023465769728185,25.60035800345996,0,3,1,-1.4969917732762599,0.43999999999999995
4.199223574388085,0,6.327421921082458,22.57563113817513,1,2,1,1.2633127861235334,0.33999999999999997
3.4663482945394373,0,2.9460382143103785,24.172440385956016,1,2,1,-2.0673449901961813,0.33999999999999997
4.578019033136081,0,0.2685041306236199,30.622280208294846,1,2,2,0.9062862263735939,0.33999999999999997
4.656352713668648,1,3.296484438775594,27.571255924020452,1,2,2,1.163281932005404,0.33999999999999997
4.603914219096524,1,6.909459376676631,26.480792745177,0,1,1,1.2150696452682175,0.24
4.655071499266853,1,5.852027909688604,27.983765996041875,1,2,1,0.5688380174644644,0.33999999999999997
3.910185962346869,0,1.428723672387241,31.502172036103453,1,2,3,-1.0651028277516876,0.33999999999999997
4.483764942901982,0,7.081151070636475,28.01263156262736,0,3,1,0.7470794776549865,0.43999999999999995
3.799017236849958,0,6.014688681282649,29.621122392793115,0,1,1,-1.0675060953054312,0.24
3.5171371359638433,0,4.264721974167376,25.460185472835228,1,2,2,-0.9386977787045745,0.33999999999999997
3.8015801877866786,0,2.990130620261916,26.144110147759843,1,1,2,-0.45626526924668015,0.24
4.215630030056809,1,1.9262787269163875,29.061930655191027,1,1,3,-0.36615103795750603,0.24
4.804900382844787,1,0.5191042278314476,33.67796112501134,0,2,3,0.24070322503221991,0.33999999999999997
4.1181455497366715,0,2.193748126590254,32.28932457854462,0,1,3,-0.6954005091224448,0.24
4.134727665821877,0,8.752280415363643,29.748484208368417,1,2,1,0.3296955453164093,0.33999999999999997
3.70673733934222,0,2.865362833891214,28.454301280482156,1,2,1,-1.3723187256840055,0.33999999999999997
4.221481492087301,0,4.503332521812512,32.203208066881515,0,1,2,0.03881352263600957,0.24
4.25949651642927,0,6.759904962126525,30.38403496913537,1,2,1,-0.27245725823898187,0.33999999999999997
3.907203286630061,1,6.851046621804873,21.119013932888016,1,1,1,1.0138291255499905,0.24
5.113715194661672,1,6.111650347267238,24.838207456434333,1,3,1,1.1144716658908236,0.43999999999999995
4.133897969485917,0,6.35222058758329,29.014420976073794,1,1,1,-0.16995884449130927,0.24
3.2224762961823377,0,3.396756449283333,22.639097303347082,0,1,1,-1.9594867888908145,0.24
3.371255325482672,0,6.666006390961299,25.307232985729414,1,2,1,-1.4742719809974323,0.33999999999999997
4.858136935587533,1,5.4799933434372035,25.900555169026077,0,3,1,1.1237441804331043,0.43999999999999995
4.872858250091549,1,0.7342556050016698,27.2315022812625,1,3,3,-0.14335669364224157,0.43999999999999995
5.119218066793261,1,6.355926577202333,27.13770937532138,0,1,2,1.7491546627178678,0.24
4.422173020902513,1,0.6054630321913145,27.13263871849952,1,1,3,0.8966929506084782,0.24
4.515934906313185,1,5.783701205915634,30.47592255172094,1,2,1,0.2551712270905587,0.33999999999999997
4.624508251071537,1,0.6843958145993065,27.204328403648397,1,3,1,0.1285497620078606,0.43999999999999995
3.724880769286283,0,6.782455742583754,26.8461096037863,1,1,1,-1.1488904658197991,0.24
4.273571574851624,1,2.6857355774116405,23.95248368756945,0,2,2,-0.6313139530882413,0.33999999999999997
4.323139934775065,1,-0.31081760880800147,31.073038605957475,1,1,3,0.4162767891309831,0.24
4.24062814368913,0,5.233496586438246,25.985507458157542,0,1,1,-0.3450857593917615,0.24
4.434241444675639,0,1.5575399980066127,24.738909015996175,0,2,3,0.46828042602456743,0.33999999999999997
4.373155603988095,0,4.254574575637366,28.639271724606914,1,1,2,1.0292383746134686,0.24
3.6973661630688395,0,4.196659381811781,25.699176212850812,1,1,1,-0.17965641154206774,0.24
4.167491234692419,1,3.268697832565271,26.422141780617117,1,1,2,-0.43154387336452604,0.24
4.392159870607356,1,3.2226759114021686,28.775380522957207,1,2,2,-0.896307645898225,0.33999999999999997
4.135519479679602,0,3.948304472264711,27.020552128661333,1,1,1,0.8348859766738624,0.24
5.226044202873767,1,6.325683538446764,34.9348281259019,1,2,1,0.7535002865219251,0.33999999999999997
5.5917613699293165,1,3.6039888767966346,27.775514370042405,1,3,2,2.1870790830925366,0.43999999999999995
4.136825099877565,0,2.441350729525794,29.853514656637667,1,1,2,0.17685959127521075,0.24
3.8077231373096674,0,6.2314841667942,22.174917857521166,0,2,1,-0.096638249340949,0.33999999999999997
4.207897200253115,0,1.1566163365065976,25.41805260425581,1,3,3,0.4673257161127035,0.43999999999999995
3.462859066307364,0,8.467598068274107,24.739258915249863,1,1,1,-0.287955027678783,0.24
3.8899400459394835,0,8.480903642831118,25.136860830092115,0,1,1,-0.8853156617285226,0.24
3.96984480138301,0,2.628764071263943,29.246613981511008,0,1,1,0.08878039221576642,0.24
4.787793539043184,1,-0.2886937983250011,31.10669520333223,1,2,3,0.45781164059172363,0.33999999999999997
4.610285542758208,1,4.767475316149664,29.033891513903534,0,2,2,0.5240923213961353,0.33999999999999997
4.45177091267386,0,2.77695445017174,27.320066129301072,0,1,2,0.4440665267744191,0.24
4.550159445909697,0,2.9408189892286565,26.10743488386274,0,3,3,1.0638889417910773,0.43999999999999995
4.671613369041415,0,5.9414596846478585,31.340799253559528,0,2,2,0.5205197966586848,0.33999999999999997
4.346675527016241,1,5.870739006996978,34.21376636246458,1,1,1,0.27060057326448667,0.24
4.411202586438674,1,3.535230190467008,28.405167114351073,0,2,2,-1.2655860406647939,0.33999999999999997
4.717382903522774,1,2.907816378730949,30.818089192214718,0,1,2,0.2458786758907308,0.24
4.4928879726483455,1,3.6288341186273847,29.030111049386424,1,2,1,-0.17085063773982745,0.33999999999999997
3.8669708983047455,0,4.219729444872748,30.266514719396767,0,1,1,-1.121614315985649,0.24
4.587222870230438,1,2.0041209000290063,24.50635966566965,1,2,2,0.5008699932979648,0.33999999999999997
4.180797999483529,1,6.00266544882873,26.535591159573627,1,1,1,0.5181971766885035,0.24
4.840270703062698,1,-0.25467287943318073,29.186408320136753,1,2,1,0.4254036467314854,0.33999999999999997
4.343031342889154,0,4.278661668890898,31.637472832245937,1,1,2,0.5555949527594324,0.24
3.9784985758447915,0,1.0651531585430944,25.545597335086974,0,2,3,0.12391364879981802,0.33999999999999997
3.997990240192747,0,7.7620766474049825,21.90010266687962,0,1,1,-0.24672776834867316,0.24
4.583874919505404,0,6.184489208160864,26.505206720676252,0,1,1,1.7700427766068432,0.24
4.485260495039658,1,3.948388790095192,31.03039214304475,0,1,2,0.14823535628981982,0.24
2.9744464562804596,0,0.8045103061639592,23.24831322673645,1,1,2,-2.542581780419582,0.24
3.2873897793528606,0,1.5131403990789574,24.46924032360525,0,2,3,-2.4277105822125287,0.33999999999999997
5.151938151230508,1,2.9790429095016777,28.467755758153334,1,3,2,1.204943728413963,0.43999999999999995
3.8508056172130627,0,4.120607854922344,27.652086241715608,0,2,2,-1.833995665041049,0.33999999999999997
4.529023406876979,0,0.14736786167512728,29.783399444659683,0,3,3,-0.5443362061362105,0.43999999999999995
3.643903908609455,0,7.628463679672514,24.31381971866326,0,1,1,-1.2158043467609192,0.24
3.87032672761259,0,5.547161645355186,27.025064217494,0,1,1,-0.30257260678691555,0.24
4.315990932900619,0,2.603586595725211,31.585556207209294,1,2,2,0.3861099581723123,0.33999999999999997
4.029852465012845,0,3.79121370750104,24.421311419089648,1,3,1,-0.6646566341810081,0.43999999999999995
4.242471395536882,0,5.731812679280988,32.4307368889308,1,2,1,-0.8156080508041976,0.33999999999999997
3.898781280955047,0,5.576342592947924,24.797749042333933,1,1,1,0.7292810161188183,0.24
4.832802592126478,0,0.45029021478823483,30.548144732132833,1,1,2,2.631879947978774,0.24
4.355056376580253,1,0.23222571703901584,26.881124469360625,1,1,3,0.5404251538550027,0.24
3.879694100226209,1,2.8890719597814765,24.56527522708307,0,1,1,-0.9140232953186912,0.24
5.000386554968683,1,3.03597759811636,26.509302858542206,0,2,2,0.8711381850617794,0.33999999999999997
4.5987883200939,1,4.607707138494528,29.634787564536982,1,1,1,1.7441383933305399,0.24
5.040026518630812,1,4.298042826413955,27.97943801529553,0,3,2,1.0633429853010394,0.43999999999999995
4.809037022072229,1,4.614785417169827,31.35540823433003,0,3,2,-1.5437121389511304,0.43999999999999995
4.966461816959419,0,-0.4150729987137858,32.30722018280464,0,3,3,0.5284482531356784,0.43999999999999995
4.198413588176978,0,8.76249119584214,24.45090800404645,0,3,1,-0.45903854631088153,0.43999999999999995
3.7272300487596786,0,6.698500173186343,24.231192565268966,1,1,1,0.0525160203495901,0.24
4.262636563222756,0,7.376433513096473,24.085618679137475,0,3,1,-0.37414861364865587,0.43999999999999995
4.456273856136168,1,4.623939776520849,25.302411711855942,0,1,2,0.7427490308607594,0.24
4.604665658269103,0,1.51078354317417,31.312643562459233,0,3,3,-0.3529488939202525,0.43999999999999995
4.6892643265030145,1,1.8136350443375,29.681085852000205,1,1,3,1.4178320927354509,0.24
4.1476173829575265,0,5.451640345230881,26.364917281232707,1,2,1,-0.0029704497145376166,0.33999999999999997
4.409043305167039,1,1.5653402036916597,27.966692228131496,0,1,3,-0.22347832280170563,0.24
4.4677700651390335,0,3.0497190667031324,32.21291651549782,1,1,1,0.5717742431334827,0.24
5.401953252365165,1,6.449494189232855,33.72403255293736,0,3,1,0.3572099017546452,0.43999999999999995
4.568479627594334,0,1.0038584300317301,28.778153000328405,1,3,3,0.6004177162015013,0.43999999999999995
4.1178140336412845,1,1.385825924701722,20.022156447857803,1,2,1,-0.13323670842355773,0.33999999999999997
4.774198608045283,0,5.171443373262186,28.89186128427992,1,2,1,1.3344961142186185,0.33999999999999997
4.714118738612031,0,2.3875643982216324,30.804244388624042,0,2,1,0.9902640369280171,0.33999999999999997
4.329142541012516,1,3.9300046532278996,28.673896947568224,0,1,1,-0.012274900278862659,0.24
5.06981678136167,1,4.681618680490118,30.17954475620435,0,2,1,0.8226771572290122,0.33999999999999997
4.385405179675487,0,-0.7455130534651084,29.071196123381153,0,2,3,-0.2630050557640776,0.33999999999999997
4.610809108396103,1,4.892517634187557,24.296063747554403,0,2,1,0.5702672658956548,0.33999999999999997
5.122235925116975,1,5.136936154141017,25.34128469990961,0,3,1,0.8253175771900032,0.43999999999999995
4.54069404616369,1,6.51014746359377,27.03654343860953,0,2,1,0.2497164956739721,0.33999999999999997
4.402128378304678,1,5.014524355234926,31.196244334715054,1,2,2,-0.8201304575678865,0.33999999999999997
4.700026894870308,1,1.6859176686382211,25.70234779503814,0,3,2,-1.1934365876593214,0.43999999999999995
5.037592266853451,1,0.26293143073474645,29.367707899502943,1,3,3,0.2934939606885758,0.43999999999999995
4.081338636475825,0,0.5827012562006435,28.91107778176359,1,3,3,-0.7238669585731913,0.43999999999999995
4.967255650718243,1,1.658845409719261,32.75859179523739,1,2,1,1.0543248076737624,0.33999999999999997
3.304593701718158,0,2.0873064836307926,27.874960665611756,1,1,3,-1.5087643222929243,0.24
4.565482237602974,1,6.489024994805006,22.735724745171225,1,1,1,1.3172397286111135,0.24
4.153132853446377,1,3.132566418829767,29.940611394690333,1,1,1,0.050966004178556026,0.24
4.325070804371929,1,2.3509983009760065,34.41416563490201,0,2,2,-0.8542773612082986,0.33999999999999997
3.9504688154649794,1,4.85902534714473,30.13715003459937,1,1,1,-0.4513436206915225,0.24
3.97872913218063,0,7.204881263563527,25.637015224568778,1,2,1,-0.20357600758912567,0.33999999999999997
4.815063658255473,1,0.1074421987948605,24.754162362463106,0,3,3,0.4830260805361538,0.43999999999999995
4.448882789549366,1,3.3456143031675185,25.141093499477783,0,3,2,-1.2252502134959562,0.43999999999999995
4.013995592415962,0,4.982687905872921,34.009935641146136,1,1,1,-0.9590929063776931,0.24
3.9500251699403024,1,1.4284096486730224,27.018017678435694,1,1,2,-0.3242601384138312,0.24
4.543428960813826,1,-0.4472794097204096,26.01206981851592,1,3,3,-0.030727755842083027,0.43999999999999995
4.627813860612202,0,0.056233717799836214,27.5246900676183,0,2,3,0.7164944878925753,0.33999999999999997
4.867994793839517,1,3.081305819932867,27.049278854182894,1,3,2,0.26923306499501154,0.43999999999999995
4.216894696314782,0,3.2938612425070826,32.702951079362514,0,3,2,-0.3894834609763662,0.43999999999999995
4.178182232212531,1,0.37956050213330583,24.95656752695109,1,2,2,0.2364503134976363,0.33999999999999997
4.057823169738752,0,4.986194102686009,31.54192969498134,0,1,2,0.16548396185836195,0.24
4.068872324024933,0,1.889285402241897,28.366276289353255,1,2,2,-0.25173052949084906,0.33999999999999997
4.886355320851763,1,3.1476827833097776,31.621079540283056,0,2,2,0.11626236576336686,0.33999999999999997
3.6662078753035385,0,8.158668504767908,32.74785713120215,0,1,1,-2.151534683494195,0.24
4.838503286945556,1,1.2716492367252905,28.254392901739287,0,2,3,0.9334848801515315,0.33999999999999997
4.770415977524497,0,5.8178509248436026,27.054809171202503,0,3,1,0.5479501910965923,0.43999999999999995
4.457394813154453,0,6.792054691322361,28.19853649559531,1,1,1,1.497982175869968,0.24
4.105681580873734,0,2.9012525363310044,27.715687983984605,0,3,2,-0.8109496812343365,0.43999999999999995
4.435831008288543,1,2.859238904993364,23.029100632783816,0,2,1,0.571499967500953,0.33999999999999997
4.047051138754224,0,2.547117524905167,32.65744112135522,0,3,2,-1.9049832470769439,0.43999999999999995
3.4050645003348223,0,3.463555879752226,28.73735505214357,1,1,1,-1.7656309597107822,0.24
3.8597284888198264,0,3.3290559720568678,24.51070244484684,0,1,2,-0.23694790092909956,0.24
3.6782792512351974,0,1.1197250286558182,21.797430039404773,0,1,3,-0.5786666836266698,0.24
4.031562934064427,1,2.956037068123183,21.017202301208954,1,1,2,1.0473397765652053,0.24
4.4556205536114915,1,5.007613668456251,30.31144131006251,1,1,1,1.1783439937527915,0.24
5.141266818760281,1,-0.26426477478308863,26.143067294778714,1,3,3,1.283631793503312,0.43999999999999995
4.725467986600212,1,7.694259535138483,26.6352979956846,1,2,1,0.5978910991187497,0.33999999999999997
5.462049361333061,1,5.9186451981044215,29.46446279361647,0,3,1,0.6410094770282845,0.43999999999999995
4.088795407130985,1,3.284406041734143,26.451855531694665,1,2,1,-1.2816983503160406,0.33999999999999997
4.582399201786198,1,2.3083105644605286,29.639573248160538,1,1,3,1.3997018978687408,0.24
4.971456544478821,1,4.223622704683837,28.285792193130145,1,2,1,1.2518921361203788,0.33999999999999997
4.050773337434096,0,2.4270294747868544,27.747611250552293,0,3,2,-1.379940518848357,0.43999999999999995
4.192717814518068,1,3.9705117263730854,23.281748782925533,1,2,1,0.46804708470848677,0.33999999999999997
3.8057567089696565,0,2.7965159639128125,25.540805930683423,0,1,1,-0.5467139088255513,0.24
5.477656943656726,1,0.29082733944124817,29.807606096760598,1,3,3,1.8496152391288954,0.43999999999999995
3.9202296519970448,0,2.7111799340977423,25.953934555407844,0,1,2,-0.9750123113969626,0.24
4.859284870568377,1,4.851220481192943,31.616108667353473,0,2,2,0.09259148652712614,0.33999999999999997
4.435450390679472,0,5.97095039018538,35.03920397198019,1,2,1,0.18596912447273903,0.33999999999999997
3.8994143956359,0,3.3307567699151135,29.96915590252397,0,1,2,-0.05335499321951763,0.24
4.634068245294386,0,-0.9650407734709907,32.47849567409547,1,1,3,2.1483557557329584,0.24
4.819890680406426,0,8.562972729037032,30.162181714888206,1,3,1,1.6910531332380374,0.43999999999999995
4.468517780350611,1,3.362346421780622,26.397213931983437,1,3,2,-1.6376026345920927,0.43999999999999995
4.787513599108898,1,2.4261693063666296,28.600454994422275,0,2,3,0.48712408506625887,0.33999999999999997
4.235153257515385,0,-0.08735170775675938,34.039962838292325,1,1,3,-0.011350013296091406,0.24
4.286933138890657,0,5.537907108753515,26.429338772117646,1,1,1,0.8342919821936877,0.24
4.0983653138232565,0,4.51144809930098,24.882018103365777,0,1,2,0.21289602758184567,0.24
3.696776740965585,0,1.8009738123642394,24.597416730654192,1,2,2,-0.8126073768191562,0.33999999999999997
3.928092621058822,0,1.6346217231981992,27.347411848499352,0,1,1,-1.0374944069814698,0.24
3.9663057287340706,1,1.5571344391850213,24.989583734070813,0,1,2,-0.40190659620475905,0.24
4.747490814383569,1,0.652265436100117,33.02205828231171,1,2,3,-0.12053832146036839,0.33999999999999997
4.392337016104834,1,-0.9505711071302023,28.649069603773864,1,2,3,0.19390772144700158,0.33999999999999997
4.513623762454374,0,-0.46660563566138236,30.91517892928151,0,3,3,-0.5705562437655799,0.43999999999999995
5.259653696259938,1,5.55324258303316,27.104003828260904,0,2,1,1.7059737940456747,0.33999999999999997
4.270242011801685,0,1.6160167192144612,24.579408406731645,1,2,3,0.5352545182756282,0.33999999999999997
4.301099943879936,0,1.6738030967025785,24.07181816370017,0,1,2,0.8739572792667405,0.24
4.5553479932635685,0,4.293150917377939,25.276024773465636,0,2,1,-0.13873042306111405,0.33999999999999997
4.190735897521548,1,2.7883935419495294,29.042576482080133,1,2,2,-1.0375266574706505,0.33999999999999997
4.847422732211908,1,-0.8148896145374132,29.559648795303843,0,2,3,0.8833408069575495,0.33999999999999997
4.010846747238915,0,7.544182763044363,29.809588219176053,1,2,1,-0.9934644120967463,0.33999999999999997
3.3378051412840706,0,2.1638604444144445,23.53398194865443,0,2,3,-2.0228139583005924,0.33999999999999997
4.349689001556816,0,-0.07052130457411909,27.99877244230519,1,3,3,0.5656230214094919,0.43999999999999995
4.221546462207233,1,1.6706970834387693,24.92181450732282,0,2,1,-0.7556131567018683,0.33999999999999997
4.746983244213705,1,3.76105596651758,29.204397902753584,1,2,3,-0.3342615016467226,0.33999999999999997
5.023413317323044,1,1.32589787530611,29.437231166492356,0,2,3,0.6939890622180027,0.33999999999999997
3.5521344337011804,0,6.16140367379565,24.483480858920686,1,1,1,-0.9303790164712799,0.24
3.903625318105552,1,4.74990890855494,30.904088821589042,1,2,1,-1.6022069048362384,0.33999999999999997
5.4132122472869675,1,4.051900233279976,35.016468824584734,1,3,1,1.2194236421819045,0.43999999999999995
4.422616785699781,0,6.577369089257859,30.504507212753985,0,1,1,-0.05830855946486585,0.24
4.502283006991725,1,4.035214586961633,27.511497881346685,1,1,2,1.2573445427732837,0.24
5.109598875718658,1,6.58438237062547,27.050362890370774,0,2,1,0.626132901246116,0.33999999999999997
4.18254174975787,0,0.0019528268578373753,27.372808054982475,1,1,3,0.6556469602840003,0.24
4.212350674489356,0,0.8461566031533382,25.71779845966897,0,2,3,0.16343501148548972,0.33999999999999997
4.379545226969673,1,6.00488180380629,28.75719461995615,0,1,1,0.16260666978801339,0.24
4.79982624729749,1,5.917033903329447,24.584612226537086,0,2,2,1.1345107672105115,0.33999999999999997
4.233113837713179,1,0.2564293046149184,22.330906640206297,1,2,2,0.8144719784873922,0.33999999999999997
4.152192635451434,0,5.901384371633438,28.658805045440644,1,2,2,-0.5890229393455586,0.33999999999999997
4.55733993546823,1,6.489059847966928,28.063699197327463,0,1,1,0.4930008307672705,0.24
3.6400925548737284,0,5.318363642366526,26.286489950688416,1,1,1,-0.6193434226937382,0.24
3.647087049169467,0,1.1817606977734498,24.1519101321689,1,1,1,-0.3126060488671844,0.24
4.825444990657201,1,2.2158123949935535,28.869232080742105,1,2,1,0.5683828776407825,0.33999999999999997
4.065607320152178,0,1.0068695241108114,25.029474884288646,0,1,3,-0.634437968152978,0.24
4.743178094608365,1,5.9130893335571635,27.583166947403996,1,2,1,0.1476129205258572,0.33999999999999997
4.55664004419858,0,6.113704843045509,33.29491556237933,1,2,1,0.38010251122380206,0.33999999999999997
3.972486656177431,0,3.3990242738650784,29.953569308726152,0,1,2,-0.3393343206205579,0.24
3.7305386806239422,0,2.971139178064876,23.89260201285491,1,1,1,0.7196838173958883,0.24
3.795336682647533,0,7.618505939775632,24.175445286963093,0,1,1,-0.4394657146348811,0.24
4.338076463764194,0,7.010704661231111,28.455457278231275,1,2,2,0.9426305489867072,0.33999999999999997
3.806190400292848,0,5.241937479057593,23.87403795382294,1,1,2,0.13069594391236874,0.24
3.895192193573116,0,5.490406800089389,21.994823556297142,0,1,1,0.17284586990467396,0.24
4.257768340142791,1,5.483180513138859,29.59711603389017,0,1,1,-0.898754878487987,0.24
4.742023623722356,1,4.380808964485907,28.962807262962603,0,3,1,-0.23462380572677125,0.43999999999999995
4.632976508012991,1,5.405514613634486,29.351794993837398,0,2,2,0.19485641525110867,0.33999999999999997
4.649653212280796,0,2.492728849040495,28.78910554545371,1,3,2,1.0244208071649779,0.43999999999999995
3.882773204928797,0,6.730322973592845,27.804067864982816,1,1,1,-0.3216843371298466,0.24
4.577121916705428,1,5.499580866906881,26.013434356970016,0,1,1,1.0207089483240925,0.24
4.187444647408866,0,3.609565642478394,29.54840489826383,1,1,2,-0.7556215851068773,0.24
4.490842240264099,0,0.14189530760364077,32.58965046521545,0,3,3,0.33416296740170476,0.43999999999999995
4.129318014122813,1,0.3424991835376786,26.49631297766964,1,1,3,-0.5067759783248683,0.24
4.76894766661165,0,6.049461788330536,24.937779369375104,0,2,1,1.5441691911469875,0.33999999999999997
4.29153981540107,1,1.9593606922027973,24.59464174176628,1,1,2,1.3636751097732571,0.24
4.184854309434714,0,1.663497622958866,25.399809299998847,0,2,2,0.28570675584372646,0.33999999999999997
4.474104308151211,1,-0.041681432704589794,28.607795573428223,0,1,3,-0.5350721038172268,0.24
3.2806386247953587,0,1.7883333526441707,21.58111730933932,1,2,3,-1.5169741368807041,0.33999999999999997
5.0285303475689735,1,4.335599827291365,29.317511273296976,0,3,1,0.37829091464932907,0.43999999999999995
4.666838270365219,1,5.248211543344987,29.93173903088847,1,2,1,0.20753749153526455,0.33999999999999997
4.214587973565757,0,4.952421370801321,22.60576492017136,1,2,1,0.8581598121513199,0.33999999999999997
4.052848197379134,1,6.244018735707387,25.0624586911672,1,2,1,-1.4663624489179785,0.33999999999999997
5.000510155015461,1,1.269789023911201,28.23904293953624,1,3,3,0.14151927206913947,0.43999999999999995
4.324452910678908,0,2.5835764202014646,27.569590809086808,0,1,1,0.4289857704924373,0.24
3.4711517289174165,0,3.4202920778160566,29.55891240480577,1,1,1,-0.9019705520638241,0.24
4.157585468802321,0,-1.029171254747928,27.576589535450903,1,2,3,0.11652554303198383,0.33999999999999997
4.371361117726053,0,2.4900590622572043,31.794308580324895,0,2,1,-0.7269489869075193,0.33999999999999997
4.1569312501722075,0,4.926292186498031,27.036491802868955,1,3,1,-0.8253536360778945,0.43999999999999995
4.076868313965087,1,5.121509311429003,25.05090103984074,1,2,1,-0.5306051842241123,0.33999999999999997
3.7572524393380835,0,2.571063839331871,24.809674401214732,1,2,2,-0.2660983498353848,0.33999999999999997
4.658207110407301,1,5.418444267583588,30.206405527845067,0,1,1,1.2387348772505633,0.24
4.127740890432216,0,1.7714428382753797,28.08886342587075,1,2,1,-0.3217713550410121,0.33999999999999997
4.292390405330652,0,3.093631322873523,29.901147702175585,0,2,1,-0.845851314094681,0.33999999999999997
4.847116590496254,1,4.903849190668852,29.839367497687554,1,2,2,0.8128903294492634,0.33999999999999997
4.034840197307528,1,6.759713475894847,21.940450441708478,1,1,1,1.0276887380577857,0.24
5.0417626421336745,1,0.7295912129220083,24.579752196929668,0,3,3,0.8194478915998448,0.43999999999999995
4.064903749455462,0,3.238360840055451,24.938124878488537,1,1,1,1.369267305475437,0.24
3.7747203488586782,0,4.5295155260651265,25.55180743452471,1,1,1,0.19225964129040218,0.24
4.718336178582016,1,2.2529374557084174,26.73893402027042,1,3,2,0.15560614759192162,0.43999999999999995
4.1189317599046795,0,5.442450481615887,30.997448783851556,0,2,1,-0.7038748414211724,0.33999999999999997
4.919945291582602,1,3.7831827011596895,31.5954470571517,1,2,1,1.3990186615558347,0.33999999999999997
4.950823002458851,1,3.1089607539726916,27.12132750939101,1,3,2,-0.09216398292144454,0.43999999999999995
3.7780580496484966,1,6.330053233443174,27.246157416025767,1,1,1,-0.30357292224131466,0.24
3.787545606582083,0,6.18232513731449,25.88369882782814,0,1,2,-0.3930080451800247,0.24
4.811982944161839,1,5.543028631049937,28.267563091715633,0,2,1,0.6365735753401008,0.33999999999999997
4.429635995411288,1,1.4781448255372376,28.60756264820181,1,1,3,0.08354496653538034,0.24
4.72202191837762,0,1.362966143429034,30.419426665006796,0,3,3,0.1895017428930553,0.43999999999999995
4.770173705298804,1,4.352639149038461,30.39531617794766,1,3,1,-0.32453492807502426,0.43999999999999995
3.584013459883524,0,0.9449711296454079,21.093645846792846,0,1,2,-0.19830040140954927,0.24
4.894789381169985,1,4.3758790872175695,27.542365157088646,1,3,1,-0.1480656162698826,0.43999999999999995
4.463092442031023,0,-1.6637751965386318,32.15230009267031,1,1,3,1.4215705120079873,0.24
3.575585720955555,0,4.4684356432102295,26.685655218085248,1,2,1,-1.801231629345299,0.33999999999999997
4.779934657967182,0,3.080832910233855,31.417725455089865,0,3,2,0.4481913122318486,0.43999999999999995
5.142488936372102,1,2.386054315624703,27.080644599966433,1,3,2,1.088162345175558,0.43999999999999995
3.9003462290257995,1,5.230398689399265,28.524770402325892,1,1,1,-1.8385281566394431,0.24
4.103847052859622,1,3.8528051527070484,24.589327922802553,1,1,1,-0.0714785802582451,0.24
4.450408407246639,1,7.160673296509565,24.702254327300455,0,1,1,0.9821107859826178,0.24
4.2842891032165005,0,1.501744345453627,30.176474716789045,1,2,3,-0.7529687324326843,0.33999999999999997
4.939807266407749,1,2.4231713699094963,30.645454840601996,1,2,1,0.2685409907371889,0.33999999999999997
3.9952992022844005,0,1.2110322556962347,28.079286718601477,0,1,2,-0.9319778303175182,0.24
4.358102291565679,1,4.063716134951015,24.317427272084828,1,2,1,0.03308521611334467,0.33999999999999997
5.214180931803203,1,6.851196105789999,28.131413669821644,0,3,1,1.2775889773935385,0.43999999999999995
4.832362583506498,1,2.802329443614249,31.77170488202283,1,2,2,1.695611216631911,0.33999999999999997
4.559716528911561,1,1.6781026259677756,33.22859941015528,1,1,3,0.2552366847367871,0.24
4.184903241061087,0,1.339909363374467,27.049876203022258,0,3,2,-1.2789653477880532,0.43999999999999995
3.7973106700238906,1,2.379740310410929,23.02039644922663,0,1,2,-0.3104712870033506,0.24
3.7944264588849794,0,1.5132818806260604,30.521090798664336,1,2,2,-1.813169287885389,0.33999999999999997
3.9035945477351843,0,1.4470353449930085,27.172110710634996,0,1,2,-0.2939863213824608,0.24
5.147403151041575,1,6.863214989949659,30.82912192468312,0,2,1,0.96469837253932,0.33999999999999997
3.8408136345978425,0,0.2628501065638962,28.843216675052858,0,2,3,-1.3628826232751212,0.33999999999999997
4.3364531193902796,1,3.112027051979662,25.34966768271445,0,2,2,-0.20707384281245925,0.33999999999999997
4.394717389916797,1,5.547110049413884,28.174733081978143,0,2,2,-0.8161878316167526,0.33999999999999997
4.657899680995758,0,4.809237640102496,31.925015101162984,0,1,2,1.7936891869269367,0.24
4.881467566755799,1,2.502662935334746,27.55253803309827,0,2,1,0.398686489854476,0.33999999999999997
4.5929276618064545,1,5.255265192965638,24.895584509663866,1,2,1,0.8503738461456807,0.33999999999999997
3.6277950146453737,0,5.947675891132853,23.23406749421003,1,1,1,0.29259562594411964,0.24
4.520133478740738,0,3.5540908523530472,25.683505939406047,0,3,2,0.7609838385960297,0.43999999999999995
5.1412053719832596,1,5.757855131366652,26.769591214687054,1,3,1,1.0806408688661575,0.43999999999999995
4.879275598848717,1,4.824011504308609,30.45999740775178,1,3,1,0.03830245755965765,0.43999999999999995
4.07900439060158,0,1.907149317665678,24.637452196565135,0,2,3,-0.5311862356047591,0.33999999999999997
3.993221439732554,1,2.5114112193754345,32.66125565718891,1,1,2,-0.9352431146217951,0.24
4.775089237257093,1,6.949968868385637,23.988543367476424,1,2,1,1.7587317808639307,0.33999999999999997
5.525096061269994,1,2.7572303774668168,34.99445827767051,0,3,2,0.8206786520216443,0.43999999999999995
4.025903145783619,0,5.379381990484863,33.17655567026341,0,1,1,-2.2232019545565587,0.24
3.988594911609269,0,3.116557700543837,28.423498748163976,1,2,2,-0.24462376045354253,0.33999999999999997
3.921651185729349,0,4.146902709534953,23.056919395691224,1,1,2,0.41608360483421697,0.24
4.904082844250795,1,4.0658430563538825,27.833727814052736,0,1,1,1.672256155014476,0.24
4.0633411062504186,1,5.657898953676335,26.83947712604048,1,1,1,-1.1026756504959747,0.24
4.930698409314612,1,5.861992271394359,24.177138330847228,1,3,1,0.4263507397567929,0.43999999999999995
4.154348643181789,0,9.376818940960632,28.87302888174233,0,2,1,-0.39973008584979985,0.33999999999999997
3.4599783312926418,0,4.044515642444775,25.529070610433067,0,1,1,-1.196931303180339,0.24
4.7240305756913425,1,0.5075513532975193,25.855282458851256,0,2,3,1.345429855199683,0.33999999999999997
4.0555931398132845,1,3.279170234198927,27.388964096282933,0,1,1,-0.9641702905754358,0.24
4.997069962191366,1,2.5611072955751073,26.27527351388289,0,2,3,0.9707838844686024,0.33999999999999997
4.794920286267543,1,4.234680038919709,34.23446985133009,1,3,2,-1.5945845606017304,0.43999999999999995
3.883474830423509,0,2.3794415461924907,26.39285610100135,1,2,2,-0.4900133846342226,0.33999999999999997
4.8843985019644345,1,4.988683096274588,29.322643034183425,0,2,1,0.5720338940794761,0.33999999999999997
4.6007691281147425,0,3.7547700161882194,28.436567476631087,1,2,1,0.7167772939802787,0.33999999999999997
4.369497762669583,0,0.9328331139339021,29.058250675776616,0,2,2,0.4368819542156063,0.33999999999999997
4.2886895418913875,0,2.447490915459935,29.287265210832796,0,2,3,0.9854187797952553,0.33999999999999997
4.568603501864513,0,5.635051840629789,30.644084459818366,1,3,1,-0.2886013465439659,0.43999999999999995
4.583627766902449,0,1.9473029758541194,28.799338226855927,0,2,2,1.392387477731943,0.33999999999999997
4.44713160905711,0,7.768406186775438,28.67468738465896,1,3,1,0.3566171228019526,0.43999999999999995
5.08770222803414,1,6.943538937795954,28.17543120540442,1,3,1,0.7348066869560108,0.43999999999999995
4.5089879309602034,1,3.880112218540193,27.584746442980077,1,2,2,0.36359218300493823,0.33999999999999997
5.112711934215211,1,1.4844292421803935,25.264606355017968,0,3,2,0.4914360435091607,0.43999999999999995
4.191225125162103,0,3.4284496953871706,27.817394867739395,0,1,1,-1.0011457298973723,0.24
3.9326373869571167,0,2.7228422297406403,28.7238021257966,0,2,1,-0.9416532664691915,0.33999999999999997
4.408053580982584,1,2.531468861146509,29.206493669718384,1,2,1,-0.5411826974655309,0.33999999999999997
4.3320858665328945,0,1.9834757526562106,28.54085431897071,1,2,3,0.5143166806835874,0.33999999999999997
4.625393309212084,1,3.545166595266956,27.301134959654398,1,3,1,-0.5886133737549228,0.43999999999999995
3.7621048782145095,0,7.398451268979198,27.82876029041231,1,1,1,-0.29607586788903417,0.24
3.7476328233837193,0,3.842076816879142,26.339060546347625,1,1,1,-0.072641155975098,0.24
5.1683674194470415,1,5.188511674743365,28.939671973019692,1,3,1,1.4178712889635696,0.43999999999999995
4.1784470048960705,0,4.171279511679978,27.336615316257635,0,1,2,0.6027854507148104,0.24
3.4718451344207457,0,2.1922851252316984,28.54168281459241,1,1,1,-1.4613056753604077,0.24
3.772244686138678,0,3.5680413560053794,31.002409130147658,1,1,2,0.1596895222023469,0.24
4.455861622284928,1,6.390964169289986,25.871923271072742,0,2,1,-0.30342224084041586,0.33999999999999997
4.125827256263612,0,4.802977414012492,29.790086142731454,1,2,2,-0.2283266883618831,0.33999999999999997
4.247408453340859,0,6.189893320497907,28.09963053965612,1,3,1,0.0006444865420640978,0.43999999999999995
4.844886745279131,1,1.8621516381879861,34.063580798742265,1,1,3,1.1258415177578929,0.24
4.072679264155188,0,3.5199020695264456,27.35109901460947,1,3,1,-0.8135053526605518,0.43999999999999995
4.4457888477790215,1,5.2368429682250675,30.0854937494532,0,1,2,0.20388336641442903,0.24
4.430809587567434,1,-0.534274971404114,28.04606035526793,0,1,2,0.290635618960042,0.24
4.27805764662451,1,3.766755786531364,23.83508647505952,0,2,2,-0.2213752329606597,0.33999999999999997
3.7450506032741915,1,6.956933353701945,26.437932713442567,1,1,1,-0.6383225939858669,0.24
4.5396320950674225,1,-0.8239597849591052,30.64141331628518,0,1,3,-0.7553368495097291,0.24
3.834513510961046,0,7.195701819939963,26.70191661817518,0,1,1,-0.42063915971943916,0.24
3.878080279217786,0,1.848122598812032,21.339231055481157,1,1,3,0.7376249175335946,0.24
4.777257249189448,0,5.480318542492399,27.90579094922649,0,3,1,-0.35833767228446234,0.43999999999999995
4.084353294095029,1,4.267677809242373,24.722991106146967,0,1,1,-0.09913892263989449,0.24
4.241711255155651,0,6.778312347353788,28.395453197790157,0,3,1,-1.1569709817762763,0.43999999999999995
5.379371144221048,1,6.80552397857028,32.653441244194056,0,3,1,-0.4743487584819543,0.43999999999999995
4.036732003677953,0,2.0464378397136618,30.30837193240871,0,1,1,0.22935596835881453,0.24
4.570404883500581,1,7.6505956684443595,32.60996748621993,0,2,1,-1.6672228528118223,0.33999999999999997
4.5625597009054,0,-0.17830567039433176,26.315463935666525,0,2,3,1.0448929344199867,0.33999999999999997
4.664889684237906,1,1.801552492616838,27.570500999093404,0,3,2,-0.5928612884718959,0.43999999999999995
5.3195025478285665,1,4.746396856673555,24.86669140957666,0,3,1,1.762987560323396,0.43999999999999995
4.459113434984822,1,7.478859588480306,25.947869664879715,1,2,1,0.41998460851486685,0.33999999999999997
3.8869507570740467,1,3.203065345547804,25.219345503141458,0,1,2,-1.834847964094052,0.24
4.374848326520794,1,4.992051379933811,24.079831092364127,1,2,1,0.2775278526978415,0.33999999999999997
4.714144412692979,0,2.0277898181657332,32.09756987599402,0,3,3,-0.31802401374707556,0.43999999999999995
4.3338653154257,1,2.449306431773634,21.724119114920732,0,2,2,0.28998375838353535,0.33999999999999997
5.674397231310476,1,1.666351825454182,32.11041671441367,0,3,2,1.61673577565959,0.43999999999999995
4.490979445391787,0,3.9855309437324102,31.738176774760692,1,2,2,0.7049721939951186,0.33999999999999997
3.8942634230491615,0,1.5299623192879983,29.499378026436993,0,1,2,-0.22572578417063907,0.24
4.400022308014393,1,4.253981633193873,24.656478195717792,1,3,1,-1.396875939026269,0.43999999999999995
4.866725737461105,1,4.2356687398495465,23.253474665670378,1,3,1,0.8727779708281217,0.43999999999999995
4.526343171761489,1,6.923547640444631,26.35478895620931,0,1,1,0.5097333240450254,0.24
4.521875816353784,1,3.8502999972704584,29.87536136901977,1,1,2,1.1579021180919287,0.24
4.775307602091071,1,1.6335455023413559,28.009190912322023,0,2,1,-0.14286322814154442,0.33999999999999997
4.642182741202834,1,4.375029895990175,24.869501514715726,0,2,2,0.29510906685342037,0.33999999999999997
4.2208864180454695,0,3.6198874318127983,31.44461435396947,0,1,1,-0.24626370303415748,0.24
4.5331024967724485,0,4.566848246499318,33.05314998454462,0,1,1,0.08684808477475742,0.24
3.762266132017677,0,2.8049056207813057,27.320202507956207,0,2,1,-1.5145223082978565,0.33999999999999997
4.256091054667324,0,4.66386055188804,28.328010710792036,1,1,2,0.31826908990496827,0.24
3.8890533849500044,0,0.2881907179400025,23.473453949111512,0,1,3,0.3823950113342178,0.24
3.9416774823647605,0,2.3610453506711746,26.756839851672893,1,2,2,-0.5038520729670898,0.33999999999999997
5.058087843411912,1,3.012203939736586,29.53131993400298,0,3,3,0.6066562186030979,0.43999999999999995
4.632764379343273,1,1.3711019603293508,29.064569620773334,1,2,3,0.8725618166844492,0.33999999999999997
4.914035115140059,1,3.4934583747155683,26.47699645237088,0,2,2,1.400164687536534,0.33999999999999997
3.7787146738740507,0,7.835453268566086,27.177269474570657,1,2,1,-1.0200518553583706,0.33999999999999997
4.366500509795825,0,5.580690630419559,26.658367790366345,1,2,1,0.6693848092591842,0.33999999999999997
4.363142908755652,0,4.5215875743119645,27.164605858844844,0,1,1,1.3378996749050371,0.24
4.146282866265983,0,0.5931042176688128,29.26970440755438,0,1,3,-0.35079515801766753,0.24
4.41535291886188,1,7.142226739744862,22.097388743892633,0,1,1,1.3949191353710249,0.24
4.1969649278532035,0,6.645279070046264,27.776951455576235,0,3,1,-0.7259070270090064,0.43999999999999995
5.107825244255772,1,2.8221990712884963,29.04992660687707,0,3,3,0.06970874210452307,0.43999999999999995
3.8046517162747318,1,3.6263745326383683,26.28854594307677,1,2,1,-1.7270328874861343,0.33999999999999997
4.581702889015465,1,3.704254286697109,26.562000868105354,0,3,2,-1.867259645828957,0.43999999999999995
3.881278136430936,0,4.283739983665372,26.64881667755365,1,3,2,-1.5533749501647534,0.43999999999999995
4.648623089599338,0,-0.5506340144902515,26.56285007938852,0,3,3,1.4187335795677416,0.43999999999999995
3.700327144997134,0,0.17775271774922208,28.01765133355112,1,1,3,-0.7755890114370207,0.24
4.330353350398754,1,1.2177115995134302,28.38700827404135,0,2,3,-0.7730509506419584,0.33999999999999997
3.8612036691467844,0,3.765587168113927,21.6984570512986,0,2,2,0.4082495447477032,0.33999999999999997
4.333547841234622,0,6.812008309011086,29.958641114416864,0,2,1,-0.7435541416543603,0.33999999999999997
4.820132474491205,1,6.91491775098553,27.13000334695912,0,1,2,1.2049902582143024,0.24
5.230323257516562,1,0.8712414359249667,33.7988895264056,1,2,3,1.86364484970699,0.33999999999999997
3.411347221753922,0,5.5158946656203955,24.425054383303873,1,2,1,-2.2216629046524945,0.33999999999999997
4.947526327721676,1,6.936687528169861,25.398056473737004,1,3,1,0.520261651904621,0.43999999999999995
3.8395222015632817,1,5.514097974260999,27.391273064250218,1,2,1,-2.060482203253886,0.33999999999999997
3.74678720833356,0,2.9137067538365744,29.239676349058108,1,1,2,-1.3601288259559774,0.24
4.084856285546164,1,3.3693805491202697,22.147698017885496,1,1,1,0.47764798189049196,0.24
4.404342279733614,1,1.099119881072801,25.51269984365168,0,2,2,-0.9436976693120769,0.33999999999999997
4.631103332254787,1,5.993896168510585,29.77396048172153,0,2,1,0.2609202567109435,0.33999999999999997
4.529294821998563,1,4.013728682367571,25.155628160702374,0,2,1,0.031060472359137257,0.33999999999999997
4.231314681778316,1,6.817823448333321,32.110079129128685,1,2,1,-1.6480635528109935,0.33999999999999997
4.4556681852711515,0,0.7786234414121033,26.638349203452783,0,3,2,0.6574128731673291,0.43999999999999995
3.7456659183979126,0,4.998116269012008,25.30188039597431,1,1,1,0.2989976582278725,0.24
4.505577111159304,1,3.7910325829107396,29.83073277336856,0,2,1,0.03882668776895314,0.33999999999999997
4.403508189563179,0,1.5389156935760493,32.82285216047334,1,3,3,-0.6480495218840852,0.43999999999999995
4.9033088984596525,1,0.2766082806185971,29.24918877623169,1,3,3,0.38966993684535095,0.43999999999999995
3.707281270639133,0,-0.29763599801488705,31.781288197669774,0,1,3,-1.2938948218041968,0.24
4.081675889983004,0,3.3435068284359724,33.02990602191089,1,1,2,-1.0080274035493921,0.24
3.9680450020630564,0,-0.22037600927071677,25.234423960217264,1,1,3,0.32092773900536786,0.24
4.691121950693908,0,3.0391422021950296,30.81517400217876,1,3,2,1.0301521642169016,0.43999999999999995
4.298826602980288,1,1.5960173304445164,23.429588472089357,0,2,3,-0.4771303819657801,0.33999999999999997
4.315141239619294,0,5.8128627776494906,29.274707595359153,1,2,1,0.4570109043611031,0.33999999999999997
3.916431891816313,0,2.0465532326179283,27.78604632845554,0,1,1,0.20495818216726688,0.24
4.3018136182749815,0,9.383946342877922,31.728850609126187,1,1,1,0.4143045784544059,0.24
4.364281385111543,0,2.0717104705127767,31.516754538954523,1,2,3,-0.6917833705165373,0.33999999999999997
4.742494458566389,1,1.472347209954959,29.709350051603206,1,2,2,-0.14924715517234485,0.33999999999999997
4.348801164502031,0,5.402332785131667,28.895283698448456,0,2,1,-0.03823464591771339,0.33999999999999997
4.650372967442902,1,0.04853069237749985,29.52510603016585,1,1,2,1.4983875323511588,0.24
4.102346622303856,1,0.771529854097795,28.185312614129636,0,1,3,-1.104496128663608,0.24
4.109665003453341,0,-0.17028770607417765,27.816412776676287,0,3,3,-1.4037901850028436,0.43999999999999995
5.285411782118746,1,3.3886428047227897,32.32773451675733,1,1,2,2.9993895723750374,0.24
5.39614306449793,1,5.360535257432711,32.68866945903453,1,3,2,0.30896974668737986,0.43999999999999995
4.273887095747569,1,4.818571354309765,27.57502240689338,1,1,1,0.5485066376656762,0.24
4.321863512037657,0,5.26008612583325,28.712909209032233,1,1,1,0.6421674533070357,0.24
4.565392629119218,0,0.39250956510998225,28.244965674318323,0,2,3,0.7718852223230601,0.33999999999999997
4.550247950809227,0,3.9411528754778797,23.164904674188417,0,3,2,0.8989989872368331,0.43999999999999995
4.034832798967902,0,6.570658740705239,26.99069326716398,0,1,2,0.776457227037776,0.24
5.383274289226833,1,3.588857604487771,32.79911260314431,0,2,1,1.1270202385867198,0.33999999999999997
4.703264266864127,1,5.269051479389827,25.750672374904568,0,2,1,0.16739127164125778,0.33999999999999997
4.7670518002556355,0,5.726773911637031,34.343630386903904,0,1,1,1.0722247312981583,0.24
5.2386347616245965,1,2.7770577547933106,31.516378928768148,0,1,2,1.8919864723029596,0.24
4.971331366796531,1,3.370794026872124,29.204494451638627,1,3,2,0.19591577272040786,0.43999999999999995
4.223751575679138,1,-0.500737881718778,29.68252985792926,1,1,3,0.4807855095085433,0.24
3.6928867368993785,0,5.606555734784436,25.248379910994924,1,2,2,-0.5798104159820964,0.33999999999999997
4.841675298795267,1,5.195054408989957,27.204313743325894,0,3,1,-0.16482702557617543,0.43999999999999995
4.408347942878726,1,5.332302039937916,32.324197330965276,0,1,1,0.3528529395795613,0.24
4.059415483363899,0,2.279020726071556,26.1564119824794,0,1,3,-0.38923394087255675,0.24
4.254580854525617,0,2.5898528771946996,31.183395270846397,0,1,1,0.09247870844105575,0.24
3.8663818920162143,0,2.1729321629030585,23.868879431688825,1,1,2,0.3413279828463177,0.24
4.229239702865479,0,3.830003359942464,24.405524762574967,0,1,2,1.5206227485396553,0.24
4.27304455800908,0,1.8345281950346681,33.70415399675895,1,2,1,-0.8637924992499343,0.33999999999999997
4.252866215222135,0,7.765168966652141,27.964488561279026,1,2,1,0.4201630524330238,0.33999999999999997
3.9890633614372812,0,5.509635751448963,26.384500339016977,0,2,1,-0.6041645672344879,0.33999999999999997
5.14586500653165,0,6.913803528847481,32.08822248099689,0,3,1,0.7660363141508395,0.43999999999999995
4.8269379932402146,1,1.0187964573156836,31.737464664890513,1,1,2,0.845499435975641,0.24
4.70380911412247,0,4.917217203258233,30.762263695771715,1,1,2,1.6774612721436792,0.24
3.768167135819479,0,0.7238307598598952,26.290306241763684,1,1,3,-0.42568806922740915,0.24
4.11321670181823,1,1.0184974203391544,27.139247272186974,1,1,3,0.14555938463902898,0.24
4.5846381005676164,1,5.423773827057196,28.93488647117419,0,1,1,0.8040600709891819,0.24
4.891538076732351,1,2.568892168870558,30.083198026441714,0,2,2,0.6586369702645238,0.33999999999999997
3.7362133292614126,0,3.343640904093118,26.474549277944387,0,3,2,-2.4877990752890136,0.43999999999999995
4.754617487310288,1,5.923338605602708,28.51221133186209,0,3,1,-0.687446672489098,0.43999999999999995
4.310123435027466,0,-0.564850637587621,28.80217390239222,0,1,3,0.570116422488869,0.24
4.861210078340238,0,3.648766928741576,31.86030926912576,0,3,2,-0.20979585423744104,0.43999999999999995
5.318163574549627,1,0.40686844416042645,30.263397486805356,1,3,3,0.8114511513486978,0.43999999999999995
4.159422891676796,1,-0.7791046780916322,23.479595065494127,1,1,3,1.0420740860519977,0.24
4.288454864545899,1,3.3604340198965903,27.35910907454384,0,1,2,-0.21349046537840705,0.24
4.86457005174571,1,6.503077655952565,25.21364989004975,0,3,1,0.6008232103259532,0.43999999999999995
4.76246142459505,0,3.8013349589351346,29.70426226183502,1,2,2,1.4561419042844683,0.33999999999999997
5.673405214270005,1,1.0863636448757306,30.769460051515132,0,3,2,1.0185034301847102,0.43999999999999995
4.220630320796159,1,-0.040379895556001966,28.304667956830734,1,2,2,-0.7706471258021121,0.33999999999999997
3.9728305747772574,0,6.776295687778842,27.19561890811645,1,1,1,-0.18513345321088429,0.24
4.210653511000917,0,6.337528321868433,28.20750937910795,1,1,1,0.027480653052095898,0.24
4.230335263309716,0,2.0165558161967856,28.626757820433266,0,3,3,-0.9352259801697248,0.43999999999999995
4.249128763232522,0,1.4108792811712565,26.07970104484928,1,1,3,1.0699944146699467,0.24
3.980931478934535,0,4.4017954989804595,24.343866697691904,0,1,1,-0.644955547249856,0.24
4.161642757036289,1,0.5054120124672412,21.84958287233394,0,2,3,-0.10142428339762091,0.33999999999999997
4.696128061598974,1,7.428078729311931,31.80154639521665,0,1,1,1.0718405085358165,0.24
3.9425172937597655,1,0.5671874640055645,29.489098730904896,1,1,3,-0.4509931864807314,0.24
4.366637277881878,0,1.596465817682382,29.087533034032518,0,2,1,-0.3366081783340695,0.33999999999999997
4.089224245332056,0,-0.17649572558596072,31.79559666385885,1,1,3,0.33805021477833924,0.24
4.412982846776288,1,5.230240797473614,24.23359597092275,0,2,2,-0.4089138331179619,0.33999999999999997
4.503380791645146,0,4.21757677191603,22.793107372434942,0,1,1,1.5326109495925357,0.24
4.173719617484371,1,7.377693437994097,29.152695749557267,1,2,1,-0.9154448781638674,0.33999999999999997
3.3412342556818735,0,6.867387803630209,28.87981412633029,0,1,1,-2.294812866320253,0.24
4.433690993178347,1,4.624142422492988,22.80607957098174,0,1,2,0.8429965420314615,0.24
4.2538366637196035,0,1.588650925936253,29.078563186421416,0,2,3,-0.35756867183342245,0.33999999999999997
3.6832426204734157,1,2.352083947647417,26.799331142801297,0,1,2,-0.8076306747679248,0.24
4.563892461072571,1,2.1511433720607096,25.578735820787255,0,1,3,0.38391401565686595,0.24
4.64860347162288,1,3.3483216546310777,26.999728875152762,1,2,2,0.4193911406487868,0.33999999999999997
3.5381506813753574,1,-0.2861273396193522,20.675414287244593,1,1,3,-0.7618833285733106,0.24
4.154230109686764,0,1.8409120415809457,26.225877329824186,1,1,2,1.1868893191514187,0.24
4.407959594031472,0,5.532153322857745,25.887116291547386,1,2,1,0.8618770130974323,0.33999999999999997
5.159205494425141,1,3.8478276717331092,29.671307340808422,1,2,2,1.9745732859958247,0.33999999999999997
4.337262604390441,1,7.372146150707804,27.52530959046734,1,2,1,-0.4586340572628652,0.33999999999999997
4.315317375218617,0,0.596875598074867,29.916606621036646,1,2,3,0.15626867769242025,0.33999999999999997
4.204711030939281,1,4.994429101422059,20.351381965789958,0,2,1,0.2333317652205921,0.33999999999999997
4.36193848140811,1,5.631330636156912,25.482705332286855,0,2,1,-0.32694730120930293,0.33999999999999997
4.366116411852577,1,4.643860945390366,29.667991154714333,1,1,1,0.40321891724104375,0.24
4.083101867691761,0,1.7773685201133294,27.073406108280533,0,1,2,0.47842437539719723,0.24
4.801691692416017,1,5.428260087377866,30.5363815989231,1,2,1,0.4788797428436441,0.33999999999999997
3.8540111873005074,0,2.014667689745749,22.58619127183233,1,2,3,-0.326493085763115,0.33999999999999997
4.939844281549336,1,4.269669837169101,30.193332519068424,0,2,1,-0.2093220003446316,0.33999999999999997
3.569854676414928,0,4.7353701669413955,26.08258234664488,1,1,1,-0.5670950457288706,0.24
4.137892350018271,1,-1.359740479279961,25.791408746851978,0,1,1,-0.7508221719529234,0.24
5.133211916186526,1,7.416812098668268,30.973141140782356,1,3,1,-0.06394906567638262,0.43999999999999995
5.2616831160851,1,6.802060351721199,31.485703389869517,1,2,1,1.516532101164189,0.33999999999999997
5.182209321967975,1,2.324337639034965,31.104099088261847,1,2,1,2.039049225933212,0.33999999999999997
4.993562717770903,1,3.649065509944876,34.115925775144795,0,1,1,1.3138582287632443,0.24
4.618546755710985,1,7.897042722083182,31.80041082533,0,1,1,-0.4638783062842993,0.24
3.925012578484996,0,2.6902986453580957,25.613690248803103,1,1,1,0.4076717555211973,0.24
3.5526526043277986,0,-0.016329528861273035,28.42491438440695,1,2,2,-2.046913462441187,0.33999999999999997
4.326462961592905,0,4.015966537839111,26.919406274545196,0,3,1,-0.15500374831596758,0.43999999999999995
5.243870109694465,1,5.820283913370331,34.087269579847195,0,3,1,-0.38855374353118466,0.43999999999999995
4.998910027630061,1,5.10027605031413,31.314609864096127,0,2,1,1.8743371552380035,0.33999999999999997
4.718289846277349,1,4.043778239329863,27.433359589859634,1,3,2,0.2604092890601526,0.43999999999999995
4.489918663194932,1,5.777043746502908,30.633729393259006,1,2,1,0.050721605646137,0.33999999999999997
4.132897666439514,0,2.0854373616197828,24.303404601060688,0,1,2,-0.06843408096467361,0.24
4.325112517445163,1,0.42969114475553694,28.750785212936417,0,1,3,-0.29086256905209107,0.24
4.138515855685374,0,3.144555462492531,25.186232522190746,1,2,1,0.5315571986676271,0.33999999999999997
3.4673885935429194,0,2.9042827502381083,22.93422339811778,1,1,1,-0.6624022692667008,0.24
4.225406589510132,0,1.7917616841582555,30.3536087125895,1,2,1,0.5498681294886163,0.33999999999999997
5.5592449293797594,1,5.738800132695411,30.725773285562653,1,3,1,1.4317566935737913,0.43999999999999995
4.149669021629803,0,4.654466618778986,29.371637908635957,0,1,1,0.11264061686818408,0.24
4.06722313686647,0,5.707882131619639,27.451098878300495,0,1,1,-0.31433121766170735,0.24
3.638973498454315,0,1.491772516492752,24.200924035460773,1,1,3,-0.07532029907217722,0.24
4.667009341381196,1,6.512937673520483,24.515959387848255,1,2,1,1.2006854606277364,0.33999999999999997
3.7085424945652474,0,5.813843482297563,25.09216006078361,1,1,1,0.13921747610549295,0.24
3.8949424833642334,0,5.203865939128586,27.298980124825228,1,2,2,-0.6093340581639196,0.33999999999999997
4.510140235512745,0,6.159051050501951,31.228536200814744,1,1,1,0.8086535638794032,0.24
4.60172639521362,1,5.4436094784154125,31.18121263323596,0,2,1,-0.7106915718909574,0.33999999999999997
4.078805270781924,1,5.962361914516508,23.05429720116137,0,1,2,-0.23342757939337558,0.24
4.32416157345209,0,5.015836679746011,25.92029998984916,1,3,1,0.22916288911821775,0.43999999999999995
4.384540388839883,1,2.0061236640518514,25.839516941284483,1,2,3,-0.8070302934504976,0.33999999999999997
3.1118582706638884,0,4.8103487823713955,20.405250614496264,1,2,1,-1.7864111461949053,0.33999999999999997
4.34903631514638,0,4.6892814984818525,29.698362840849722,1,2,2,0.4494432858953999,0.33999999999999997
3.6337103778614455,0,5.402013784067672,27.261520527044436,0,2,2,-2.1918394608699128,0.33999999999999997
3.6556651001281626,0,4.130752847598695,27.660572390107074,0,1,1,-0.9265618754709669,0.24
5.094306039408286,1,5.354707315509833,32.037613175126914,0,2,1,0.7781860392781661,0.33999999999999997
4.293452883207742,0,6.243520884246218,28.26492703985307,1,2,1,0.41919927442617,0.33999999999999997
4.545098112031461,1,0.9886067512916513,26.707808605101945,0,2,3,-0.15793047298975643,0.33999999999999997
3.9349076206901454,0,2.2616044798658224,29.71623286301483,0,1,2,-0.8954945886079884,0.24
3.878786185160015,0,6.42862065919959,31.176615539726686,1,1,1,-0.4310157562369768,0.24
4.07373004941857,0,3.1844267730947924,28.889402698147677,0,1,2,0.5764865767378823,0.24
4.281130761003171,1,2.265151944512122,30.067568796094445,1,1,2,-0.1323664181371613,0.24
4.263610554487361,1,1.3148471917518314,27.563297050771347,1,3,3,-1.2351586462792896,0.43999999999999995
3.809876564074172,0,3.824928430041707,27.75442676092101,0,1,1,-0.8799267602959269,0.24
3.9643000604112077,1,1.8689640850709452,28.339062130896487,1,1,3,-0.4346222746510419,0.24
3.9250126804368453,0,8.433794892306805,25.740637148702014,1,2,1,0.3669814534979538,0.33999999999999997
4.500254314590829,0,1.1161357802233547,26.295815156891198,0,3,3,0.1045614521094582,0.43999999999999995
4.08779829779371,0,1.9528091036815214,32.13363892545542,1,2,1,-1.2464537613244677,0.33999999999999997
4.970803576653184,0,3.432613223157771,34.023868287586964,0,1,1,1.3470563250803131,0.24
4.048901768376872,0,-1.0703998911808252,32.77659374211454,0,1,3,-0.7429009283966546,0.24
4.57977884913155,1,0.6408844040313444,24.03022792969436,0,2,3,0.44104650757993186,0.33999999999999997
3.5039060437406997,0,8.774426860329664,23.74042739624508,1,1,1,-0.9473634839734525,0.24
4.6691564168638875,0,1.6773942038926002,24.427871704164517,1,1,2,2.48193164317774,0.24
4.4951522873005905,1,5.472312813975846,28.40316232563844,0,1,1,1.3250170623899524,0.24
3.4760593023245066,0,7.2569777767782995,19.57382622292701,1,3,1,-0.774413515522378,0.43999999999999995
4.4864608212628845,1,3.6819683030133032,26.2335953001415,0,1,1,0.08846059502693267,0.24
3.9495369925983823,0,6.407448416137943,32.22129786748334,0,2,1,-1.0292273481570073,0.33999999999999997
5.118175349905958,1,0.9617289726175144,30.947316492186722,0,3,2,-0.3559862425025597,0.43999999999999995
4.400171383426936,0,8.517509078821476,26.472716048279477,1,2,1,0.42294625526717894,0.33999999999999997
4.499021125006448,1,6.98951552301443,26.699933676488087,1,1,1,0.8450473214046466,0.24
3.5130867268702715,0,0.7074938600882825,29.70172512042071,1,1,3,-1.2383865853253586,0.24
4.721951773170114,1,6.659635555667432,30.805806265732596,0,3,1,-0.748557555053486,0.43999999999999995
4.293921477299478,0,5.286813669456279,26.40058819678072,0,1,2,0.9417653680867911,0.24
5.114743859706428,1,0.8305443451736382,27.29690193484169,1,2,3,1.3239129336376745,0.33999999999999997
4.444667894155346,0,3.800244202050439,26.30197081443993,0,3,1,-0.773127084896265,0.43999999999999995
4.322194139069741,1,7.692166827685865,24.005951675874357,1,1,1,0.9568552020485984,0.24
3.657202587913494,0,3.960105972217036,27.34076875593456,0,2,2,-1.2355924868347423,0.33999999999999997
4.39070695908604,0,1.1299958206199276,27.11221737937371,0,3,2,-0.2975010551774489,0.43999999999999995
4.076418544041898,1,2.430337729352671,24.218067652034033,0,2,2,-1.1444080219571777,0.33999999999999997
4.2786032589253455,0,3.45717264222934,29.938242812913188,0,2,2,-0.4057359126515505,0.33999999999999997
5.336815202635616,1,2.118634125283675,29.449962035877668,0,3,3,1.9092722873518748,0.43999999999999995
4.7644630432264,1,5.212434527844006,30.087159102535228,0,2,1,-0.05490094369040673,0.33999999999999997
4.214713175856074,1,4.594136126613919,25.695788933606895,0,2,2,-0.2819314670499738,0.33999999999999997
3.793534143363475,1,6.280021261029884,22.04927296565606,0,2,1,-0.5647744035980952,0.33999999999999997
4.353814635269433,1,6.458481953318422,29.401993388936948,0,1,1,-0.2998180786071756,0.24
4.0456247901073175,0,2.5209222544859453,26.00766185611086,0,1,1,-0.8085077936073021,0.24
4.122095627217052,1,2.6568021835287943,25.3279956002629,0,1,1,0.13680367422935436,0.24
3.8307465167607346,0,0.3111643038790267,24.228840776069674,0,1,3,-0.0325939820413679,0.24
3.9058417651757,0,5.388650136268539,27.174032415738537,1,1,1,-0.45740769463446423,0.24
4.737413692575327,1,1.0504128361566791,32.73198189115142,1,2,1,-0.5452688763171661,0.33999999999999997
3.9448617937003867,0,3.3559565917088445,26.483651435933456,1,1,1,0.18283615904543637,0.24
4.011469601626541,0,5.627686197804069,24.7305908674992,0,3,1,-0.7293252332152775,0.43999999999999995
4.524666994502981,0,3.8425871308733814,29.955800203090085,0,2,2,-0.24013525984074724,0.33999999999999997
4.346017532556623,1,3.466185775045149,28.518436839313853,0,2,2,-0.4512185980935449,0.33999999999999997
3.4321013629063044,1,-0.8404755456472952,21.642095896935377,1,2,3,-2.2060961493031925,0.33999999999999997
4.545621480826649,0,5.9942417124133955,29.98703895925986,0,1,2,0.8600916985626312,0.24
3.8341716402179364,0,3.3710559128633575,34.3854033055048,0,2,2,-1.832651736086326,0.33999999999999997
3.4376851636709698,0,5.3491765550520185,20.19839221771293,0,2,1,-1.7682830738966961,0.33999999999999997
4.744038141954472,1,1.74036767152438,24.292881927933628,1,2,2,0.8953369224215272,0.33999999999999997
3.681662442942936,1,2.687397135650364,19.45441873404518,1,1,1,-1.1084646496315878,0.24
3.947249135187342,1,1.3830985133266893,27.774086737777495,0,2,3,-2.0764831785110576,0.33999999999999997
5.123748737306502,1,0.0272872117222982,30.971158709834057,0,2,3,1.3373755472474442,0.33999999999999997
4.421663341807137,1,2.928252686791426,28.316502249388837,1,2,3,-0.6380192586818768,0.33999999999999997
4.580548546622031,0,4.200957819643502,32.17598709433801,0,1,1,1.2147325173243377,0.24
3.9536911288262626,0,4.573512370936598,30.4916508709904,1,2,1,-0.9152710061894139,0.33999999999999997
3.9605932725186035,0,0.4081918053618999,33.10644197050653,1,2,3,-1.6434814875467252,0.33999999999999997
4.773383509833923,1,0.47974462606445856,31.480632304321283,0,2,2,-0.32164396594810446,0.33999999999999997
3.9310897457762035,1,1.3122423976315383,26.791170794171485,0,2,2,-1.2080049317483643,0.33999999999999997
4.296323955928643,1,5.0300070642843755,28.200179368704518,0,1,1,0.40425369119397897,0.24
3.7475933260395093,0,1.431435794109195,25.39396925355708,1,1,3,0.6761561796919987,0.24
4.184147648259273,1,4.500123095067624,27.308031493395855,1,1,2,0.9297071833595806,0.24
3.9379825637778993,1,3.8940811337188665,28.18549501605436,1,1,1,-0.31161876246023007,0.24
4.5580254154976965,1,1.072861552144738,27.745278029393937,1,1,3,1.3803370555887973,0.24
3.8542136458982683,0,3.592347966934915,32.02676057891083,1,1,1,-0.9276790323674834,0.24
3.617941479093517,0,2.7479919216176767,27.009495812479507,1,1,2,0.13410169060965602,0.24
4.318703318163874,1,5.535595330574625,25.20374075932793,0,2,1,-0.13835847914878144,0.33999999999999997
5.173615609125132,1,4.634257265144141,25.39116689529044,0,3,2,1.9726261021944993,0.43999999999999995
4.620569400461559,1,3.5540215627323732,29.965300814867593,1,1,1,1.207796582145901,0.24
3.6507371880242903,0,1.3137484292364565,23.790584775733002,1,1,1,0.03215631721073678,0.24
5.158135931826862,1,4.232378762520057,27.396441489547247,0,3,2,0.198445411272256,0.43999999999999995
5.128878267577775,1,4.103428101411895,31.982500736366262,1,2,1,1.5355775067363775,0.33999999999999997
3.8273642937478516,0,2.637193034305004,28.87779533722249,0,1,3,-0.7515870728910815,0.24
3.6395463448121834,0,3.802536621995858,27.776183832643735,0,2,1,-2.0330646967734682,0.33999999999999997
3.5577717773215505,0,0.7501071316768453,27.89226878908471,1,1,3,-0.9676518329113183,0.24
4.562432275597886,1,4.969019955766146,24.911306223318483,0,2,1,-0.41449785388736143,0.33999999999999997
5.169371046395842,1,2.6782081135890072,25.428595868696377,0,3,2,1.3607610091919269,0.43999999999999995
4.29986205581683,0,6.160226745984612,27.41445498125627,1,1,1,1.035774012142254,0.24
4.9359826610555775,1,8.321877637399579,28.81381909032788,1,3,1,-0.04386031050580383,0.43999999999999995
4.3730502474542705,1,3.523625403095658,30.844450035406332,1,1,2,0.46658028772407095,0.24
3.6806673860787322,0,3.831911705403485,28.277681851514306,1,2,1,-0.7089037539731958,0.33999999999999997
5.247368905453849,1,1.9024564189785051,32.058322527262746,1,2,3,2.088529918330076,0.33999999999999997
5.190299749623948,1,6.100507611804022,32.81559404562858,1,2,1,1.2130835022352937,0.33999999999999997
3.9810322362768287,0,-0.047012742306316246,30.385801637446612,0,1,3,0.053550559183377006,0.24
4.3495867904137615,0,2.278554880063818,31.674944224167653,1,2,2,-0.07360532184667208,0.33999999999999997
4.82780497550852,1,1.0073426286685887,25.027859435835715,0,2,2,0.7015071835050382,0.33999999999999997
4.509209829797055,1,6.766751608746883,24.552403195935813,1,2,1,-0.057174556087639064,0.33999999999999997
3.9729550708668993,1,3.376655473196546,29.553920128870498,0,1,1,-1.821380364068861,0.24
4.642702882901214,1,6.495382779965365,23.97637056439886,0,1,1,1.5332634124018965,0.24
4.824947844349137,1,6.113156717088051,27.1288844679522,1,2,2,1.1686387666957307,0.33999999999999997
4.396092991876875,0,2.3997999352456914,30.313575715989217,1,3,2,0.37200413329606674,0.43999999999999995
4.584141590304183,1,4.800160235942516,32.240118774055624,0,2,2,-0.41960557948105154,0.33999999999999997
4.0049795709247755,0,1.4664413798479505,27.237353049135805,0,2,3,0.0098171423742352,0.33999999999999997
3.070135632799461,0,6.191418125256188,26.050167114076928,1,1,1,-2.6438814056076323,0.24
4.081960352449253,0,5.528502539816412,28.961384864534747,0,2,1,-1.1073901628198541,0.33999999999999997
4.486754223073984,0,7.054169394447132,24.77936966942833,0,1,1,1.7670983211806406,0.24
4.811740764706213,1,3.955533100876431,27.48016405511972,0,2,3,0.5172696012898548,0.33999999999999997
4.028140128590297,0,3.9877178164565645,27.975999855171157,0,3,1,-1.948699208008674,0.43999999999999995
4.048418912647927,0,2.3853299536810724,27.916048021987613,0,3,2,-0.8277210486134193,0.43999999999999995
3.3951155580055126,0,2.880662885084336,28.265510421453644,1,1,1,-1.9252892560665569,0.24
3.9776607513303395,0,5.484628514902762,25.496455433283575,0,2,1,-0.7804586832183846,0.33999999999999997
3.871065083637004,0,1.8542261923811338,25.81902102214475,0,1,2,-0.16516352188870195,0.24
3.9995516859521154,0,4.608138666267973,25.75865121690214,1,1,1,1.6016048466031805,0.24
4.028888905447461,1,6.14539728419378,23.13971698241483,1,1,1,0.7851100587616027,0.24
3.984390648349268,0,3.3454887047675474,29.025490965538317,0,1,2,-0.3021459759839976,0.24
4.720731556356205,1,3.439766436739749,30.683972355076016,0,2,1,-0.2530221521068492,0.33999999999999997
4.374305158190826,1,4.72150240910608,30.38893024856061,1,2,1,-0.8005331866030511,0.33999999999999997
5.076219295469102,0,2.0540462809645965,27.212509418617735,0,3,2,1.0903197268407256,0.43999999999999995
4.332762641695339,0,2.7433710640930555,25.566984281608338,1,1,2,1.2095424075104206,0.24
3.6567133993898806,0,3.4024657251399146,30.23294392708807,1,1,1,-1.338269425584699,0.24
3.697819121109932,0,2.5425034442416377,29.916769067123656,0,1,2,-1.7206543663833298,0.24
4.07765972751071,0,1.0155651613723848,28.65226192730889,1,1,2,-0.31851646648889537,0.24
4.899235364446012,0,6.408394412285503,33.23293375726982,0,3,1,-0.19591213022816406,0.43999999999999995
4.463749949301567,1,0.06621055857026481,27.92072343589881,0,1,2,0.25866539136043465,0.24
4.069053529532346,0,1.6612435106632726,27.229330048225332,1,3,2,-1.6746996601122859,0.43999999999999995
3.690642757099988,0,7.270266010213268,26.8005480067762,0,1,1,-0.7156174790786259,0.24
3.836819812957498,0,2.633727342581554,23.31736688055758,0,1,2,-0.08240280341991013,0.24
4.530496715028926,1,2.3778419422099586,29.98401989242688,1,1,2,-0.7788010969872263,0.24
4.698077857334,0,0.8472389313129414,27.683543898526672,1,3,3,0.8578609401937887,0.43999999999999995
4.955904663913822,1,2.242514381084081,29.529793724070387,0,1,2,1.868532745287793,0.24
4.920280090440764,1,5.069504173588502,33.52563400627372,1,3,1,-0.5386403947555706,0.43999999999999995
4.8750934967601465,1,3.3848231301643206,26.82774469028615,0,2,1,0.8891989989248288,0.33999999999999997
3.742637484216574,0,0.02391425533645919,20.985973849625346,1,1,3,-0.3571734881080952,0.24
4.063738856180291,0,2.547238004694983,29.443211108532317,1,2,3,-0.9301715305174995,0.33999999999999997
3.7495486848263786,0,3.4032627342124364,28.500578169678025,1,1,1,-0.7122409087405146,0.24
4.059315989399403,1,8.409588315249172,25.80263837208604,1,1,1,0.7686287772914203,0.24
4.2580987932737635,0,3.904310219150555,29.191799006864493,0,3,2,-0.6416239156405216,0.43999999999999995
4.633107164978968,1,2.9513614623866062,30.358288960313125,0,2,2,-0.44605698694498314,0.33999999999999997
3.7954181039117794,0,3.248373190465183,25.16017026936536,0,2,1,-1.1438321537705616,0.33999999999999997
4.259358299901691,0,3.1239734883661496,27.096004415789853,1,1,2,0.6339291094024587,0.24
4.664258110436684,1,6.937373687609016,32.43026118954678,0,1,1,0.4581600212718645,0.24
4.644065339042489,1,2.2298346086943077,25.835133426311906,1,1,1,1.4550276076515718,0.24
4.458079605015717,1,6.397209697382607,28.200009266241356,1,2,1,0.5963010981929111,0.33999999999999997
4.29153840912893,1,1.6241999058201988,20.126766501868346,0,2,2,0.4129086697629614,0.33999999999999997
4.206909252974914,0,1.4430477976204923,23.554463496756114,1,2,3,0.5832804636097018,0.33999999999999997
4.74693976905737,1,4.193604563213381,28.4725524919984,1,2,1,-0.25593588777832027,0.33999999999999997
4.295930613962019,0,4.727673367298995,31.683963428756805,0,1,1,0.11011570205529354,0.24
4.389371921648365,1,0.515095918239962,23.913910953996997,1,1,3,0.9311916744997989,0.24
4.065541673935591,0,2.3588344253599542,28.22369218618149,0,1,1,-0.8202162295264913,0.24
5.237127017511367,1,0.5303162480087736,26.87284627283885,0,2,2,1.7016815144537336,0.33999999999999997
4.596599374372294,0,2.161817590892077,30.859264164977482,1,2,2,0.6379838728311035,0.33999999999999997
4.560584386482201,1,3.928648566680499,24.346590084032243,1,1,1,2.021162878082681,0.24
4.279797005204159,1,3.9620051054943675,29.290232945102456,0,1,1,-1.1754553167936987,0.24
3.5015676033117833,0,1.9114833024566436,26.03892793901123,1,2,3,-1.1755792018639069,0.33999999999999997
4.895018782190142,1,3.3784287529473427,28.669114074479424,0,3,2,0.37201221510059423,0.43999999999999995
4.8175174954574835,1,8.548451449029159,28.206793156925418,1,2,1,0.12356147323716676,0.33999999999999997
3.829358518387782,0,2.259191361088871,27.244662777572145,1,1,3,-0.457058684524718,0.24
3.8051660103833327,0,7.633726779019506,29.433435538808155,0,2,1,-1.2693625684390142,0.33999999999999997
4.2011815638841945,1,4.038488629952634,28.130958202908882,1,2,1,-0.2677505352734399,0.33999999999999997
3.9238487632522134,0,4.0625773894444155,27.601581093769916,0,1,2,0.2171254400039551,0.24
4.1591422217966265,0,2.0786646611751562,26.93075039793177,0,2,2,-1.3084958870363097,0.33999999999999997
3.8263392736201913,0,4.967578120230479,28.23279516923601,1,1,1,-0.41037912020415557,0.24
4.410441314901301,1,6.4606356002590735,28.666130644438216,0,1,1,0.3824352876342246,0.24
4.682255182844322,0,1.0067748771407463,25.032573759758137,1,3,2,0.7876970912841255,0.43999999999999995
4.249400210054112,0,3.7051146374326387,26.95158628624787,1,3,2,-0.2862351825099146,0.43999999999999995
3.852292669180197,0,2.1094188199272383,24.83444216610648,0,2,3,-0.8010515668801376,0.33999999999999997
4.527719227795179,1,4.078198031063462,27.880463731657642,0,1,1,0.11521686720301218,0.24
4.578776836709545,1,3.1402505552726967,26.223003385437917,0,2,2,-0.20676525258134626,0.33999999999999997
3.866171052874454,0,5.980866834495755,30.312349443943766,0,1,1,-1.4650502203087494,0.24
4.26522353377532,1,-0.6538786000320556,30.01818093327007,0,1,3,-0.45050950416267527,0.24
3.6503517777060326,0,4.267171684558285,25.23175430930689,0,1,1,-0.5897816883511857,0.24
4.00491843055464,0,3.5442193741924166,27.993077963804577,1,2,2,0.02278296253398071,0.33999999999999997
3.841098939917816,0,1.7111138257749583,29.915549737745092,1,1,3,-0.7337164902191867,0.24
4.450300057366634,1,-0.3898918614587392,27.474075039507913,0,2,3,-0.5484424265022848,0.33999999999999997
4.008535565296183,0,3.311766901647711,25.815347425583365,0,1,2,-0.1821768769143658,0.24
4.313933297666875,0,3.2474920976345247,24.722789415865613,1,3,2,0.6383893005016819,0.43999999999999995
4.69802934075703,0,1.807553014485575,30.562802684735086,1,3,3,0.09281065681598397,0.43999999999999995
5.036044137513672,0,1.9325294858465352,30.70813944485491,0,2,3,2.6648954861737693,0.33999999999999997
4.142047807253525,1,4.811501480130074,27.376157203377854,1,2,2,-1.2648912578811913,0.33999999999999997
4.442004301638974,1,3.5311833279725224,30.29841275358003,1,1,2,0.9116861404451944,0.24
3.6453189604688405,0,3.6990310279054555,19.104368410343977,1,2,1,-0.07807956769727288,0.33999999999999997
4.582755853598392,1,5.931920240432428,31.98266395212771,0,3,1,-1.3942230183159268,0.43999999999999995
3.99779391496393,1,6.447521423850947,27.529165584168464,1,1,1,-0.3783956605714786,0.24
3.706680910972498,0,2.967464286544341,28.425329682398466,0,2,1,-1.5134732981335428,0.33999999999999997
4.016591436701382,1,0.65352174226295,27.03844682900209,1,1,2,0.0826467752460594,0.24
4.362424199203733,0,3.9337666862821736,32.18712244560252,0,1,1,-0.30498856388787093,0.24
3.5769295746584815,0,3.2732639562038726,24.817805128133397,1,2,1,-0.6851536426996729,0.33999999999999997
4.790625333329685,1,1.2398300195050265,32.42338097982051,1,3,1,-1.0601246490062421,0.43999999999999995
4.682226107186087,1,0.5613725740733901,29.188812762835333,1,1,1,1.0167029512665853,0.24
4.645051164531023,1,4.236385769003257,29.867992647754473,1,2,1,-0.1597020046593722,0.33999999999999997
4.509474800394128,0,1.2260310994975037,27.01238631001325,0,3,3,0.2094997595430601,0.43999999999999995
3.843014730962395,0,3.9259849001859766,24.075342406310888,1,2,2,0.1768675019666702,0.33999999999999997
4.730214832048333,1,2.275331852051111,30.791532296608306,1,3,1,0.10806987776665089,0.43999999999999995
4.111735885869634,1,2.3093217652146034,28.934225053567992,0,1,1,-0.32654715287363384,0.24
4.833454396162739,0,2.683937894957496,32.08487037492645,1,3,2,1.5176132688505548,0.43999999999999995
4.873080103430309,1,1.783639730100628,27.418671039352905,1,1,2,2.236321394046596,0.24
4.509155263517533,0,7.017563200793597,26.742305863303255,1,3,1,1.4478994749792509,0.43999999999999995
4.133637795527691,0,6.43544413838044,32.16426470992091,1,1,1,0.021446100165412398,0.24
4.7685623110855815,1,4.264343657705874,33.735682493492334,1,2,1,-0.04749098198902614,0.33999999999999997
4.233769671232184,0,5.720310609235529,28.02804152909719,1,1,1,1.0927575269016587,0.24
4.109216391178688,1,3.312921521739659,25.74172750942868,1,2,1,-0.7576313194154112,0.33999999999999997
5.016129346962295,1,3.9090640195365536,30.43159228836865,1,1,2,1.710314578413098,0.24
5.064280438883531,1,0.4905252486127962,27.237938301487976,1,3,3,0.7914225375241227,0.43999999999999995
4.301426398852034,1,7.8086045796559755,29.797788476202395,1,1,1,-0.2797315900326315,0.24
4.289938232797868,0,-0.0006916206470783948,27.22217207686374,0,2,2,0.28190466022219146,0.33999999999999997
4.640346319446653,0,0.6506612126213734,32.692042054635436,0,1,3,0.6268841034966113,0.24
4.1623753403538934,0,3.3961628545597464,25.9015314848479,1,3,2,-0.42752207403620796,0.43999999999999995
4.563915728706233,0,4.507039330102497,29.44158898756588,1,2,2,1.0343659186663743,0.33999999999999997
4.749838729708361,0,1.2548975694283255,26.53389408930363,0,3,3,1.2728291241581577,0.43999999999999995
4.554501735139459,1,4.539959243706421,27.155480315737694,0,2,1,-0.26263900472006413,0.33999999999999997
4.4517426589493585,1,4.712681580703274,26.76383303571827,0,1,1,-0.47565068137664673,0.24
4.119702894329477,0,1.0098265122421883,30.215824198280245,1,1,3,-0.1054109573158146,0.24
4.197072615374921,0,6.2242507042977016,30.75508934480161,1,2,1,-1.1568287048888195,0.33999999999999997
3.4503462073415103,0,3.2856114512270698,29.673216486797113,1,2,2,-1.6675757880151143,0.33999999999999997
4.164668564509665,0,0.48311764829853254,27.676049599764188,0,2,3,-0.433263507189174,0.33999999999999997
3.956186628334903,0,2.557906937704528,28.420540093004778,0,1,1,-0.9599540957353969,0.24
5.363875657348298,1,5.869196378373725,30.693164705378273,0,2,2,1.7707182525314462,0.33999999999999997
5.019787164997315,1,2.163238286673165,30.787934761622815,0,3,2,-0.4562086116248524,0.43999999999999995
3.864858805875093,1,6.237047942149317,19.929173105939395,1,1,1,0.45570710195771735,0.24
4.052399209905765,0,4.5011234538104645,27.183333484681913,0,1,1,-0.6282078997445851,0.24
4.900915969782927,1,3.2328203166692013,27.327223625681544,0,2,2,1.7822353936577335,0.33999999999999997
4.359777150377788,1,8.12313517013138,30.007757692378487,0,1,1,-0.19390567790966046,0.24
3.9355169224062565,0,7.4798387957038095,27.799687546867762,0,2,1,-1.2436575829701018,0.33999999999999997
4.523032301992371,0,6.401316309185265,30.15755014284786,0,2,1,0.6702540848343296,0.33999999999999997
4.860224324117892,1,4.181978179930614,24.764017686908343,0,3,2,0.25944287525153836,0.43999999999999995
5.04521604783421,1,2.1170294883627987,28.78016354638234,0,3,3,1.2030674123988936,0.43999999999999995
4.534336760117843,1,1.9427456749818723,30.700616960351482,0,2,2,-0.1541162288149914,0.33999999999999997
4.341741480324212,1,2.897431286410584,23.576851392045555,0,1,1,0.10787674988836791,0.24
3.9113406116894325,0,0.6567066819239235,35.54093040462671,1,1,3,-1.507392059405553,0.24
4.722458901442542,0,5.255744990821816,31.572657798599558,1,3,1,0.8354869488337978,0.43999999999999995
4.3159806010030115,0,4.751086954314814,28.004059907396925,1,2,1,0.06271329279802736,0.33999999999999997
4.536557054831486,1,5.5445535624219975,25.514775678283694,1,2,1,-0.12419810864081517,0.33999999999999997
4.3264092407956865,0,0.7933989005147213,27.474744549178883,1,2,1,-0.229290946881893,0.33999999999999997
3.744842851855042,0,6.011328605638667,28.25140707883402,0,1,1,-0.28227905370724554,0.24
4.868235790668537,1,5.124275111623991,29.321987670436144,0,1,1,0.8490199508739834,0.24
3.8732775608341306,0,4.62510008248339,32.50198254838009,0,1,1,-0.9255890402214604,0.24
4.836881565338493,1,2.4911072426416485,26.571704591671462,0,2,2,0.7434936169783831,0.33999999999999997
3.8445023603289905,0,2.9089332332608873,29.688129512717683,1,2,1,-1.605344573485918,0.33999999999999997
3.8124999936392054,1,5.185999206202666,24.122712512199662,0,1,2,-1.9165578440488509,0.24
4.921571561367245,1,7.051093420020808,26.759197857024198,1,2,2,1.4107281357932449,0.33999999999999997
4.731491585896843,1,3.2939773827807173,29.130150543608075,0,3,1,-1.0228810162698578,0.43999999999999995
4.159758404034768,0,-1.0981825852941376,30.073787473026414,1,2,3,0.10579429004193998,0.33999999999999997
4.043465321809842,1,2.693919779309204,25.74030257000614,1,2,1,-0.2680048531663882,0.33999999999999997
3.8575500948189703,0,4.870558825512218,26.67762491196426,1,1,1,0.34417372859038153,0.24
4.7954933359139,0,4.501960512674253,32.38166990675064,1,3,1,0.05139917490072904,0.43999999999999995
4.792111020769975,0,4.813151911271452,31.485725858884138,0,2,2,1.0430098912316021,0.33999999999999997
4.201696700366742,0,7.789510928124462,28.6253716511571,1,3,2,-1.4291979226228575,0.43999999999999995
4.0581684236657525,0,1.9157610538123206,21.290064540337852,0,2,2,0.6709311214103886,0.33999999999999997
