purchase,coupon,age,months,app_open,loyalty
44903.0,1,33.8,21,14.0,0.497
54533.0,0,33.5,15,8.0,-0.138
42027.0,0,20.0,25,12.0,0.648
68928.0,0,34.7,21,19.0,1.523
48014.0,0,45.3,21,8.0,-0.234
41440.0,1,25.3,28,11.0,-0.234
80404.0,0,48.5,27,19.0,1.579
41868.0,0,42.9,22,13.0,0.767
37427.0,0,30.7,24,3.0,-0.469
47586.0,0,36.6,26,10.0,0.543
49921.0,0,54.0,27,2.0,-0.463
46340.0,1,45.3,25,5.0,-0.466
33898.0,0,38.1,24,11.0,0.242
32000.0,0,35.6,27,0.0,-1.913
26900.0,0,38.8,18,0.0,-1.725
30801.0,0,32.9,33,5.0,-0.562
29691.0,1,17.0,24,1.0,-1.013
42035.0,0,58.4,28,10.0,0.314
31570.0,0,39.6,18,3.0,-0.908
28651.0,0,42.0,19,0.0,-1.412
59424.0,0,37.4,23,17.0,1.466
39184.0,1,30.6,18,5.0,-0.226
35830.0,1,36.1,26,8.0,0.068
26602.0,0,22.0,17,4.0,-1.425
24487.0,0,60.8,15,7.0,-0.544
48128.0,1,25.7,27,6.0,0.111
18247.0,1,27.7,25,0.0,-1.151
52252.0,1,33.6,25,10.0,0.376
38475.0,0,50.9,19,6.0,-0.601
47948.0,1,38.1,26,5.0,-0.292
41824.0,0,25.6,20,6.0,-0.602
79490.0,1,50.5,20,19.0,1.852
36254.0,1,45.3,26,8.0,-0.013
35449.0,1,43.4,24,3.0,-1.058
73232.0,0,45.2,31,12.0,0.823
36094.0,1,61.9,16,0.0,-1.221
42933.0,0,59.9,19,11.0,0.209
18616.0,0,31.1,19,0.0,-1.96
28628.0,0,54.2,26,4.0,-1.328
40925.0,1,41.8,22,11.0,0.197
63363.0,1,43.0,19,14.0,0.738
47793.0,0,21.1,18,9.0,0.171
35281.0,1,36.3,23,9.0,-0.116
40021.0,0,29.9,28,6.0,-0.301
23168.0,0,46.3,21,0.0,-1.479
25556.0,0,48.7,27,2.0,-0.72
23842.0,0,17.3,19,7.0,-0.461
47125.0,0,37.8,23,15.0,1.057
53939.0,1,49.2,28,14.0,0.344
18500.0,0,36.1,18,2.0,-1.763
45309.0,1,45.3,25,11.0,0.324
37371.0,0,41.5,23,6.0,-0.385
42570.0,0,41.4,21,2.0,-0.677
57387.0,1,35.3,23,13.0,0.612
64362.0,0,25.8,29,15.0,1.031
56067.0,1,26.8,27,15.0,0.931
48814.0,0,45.1,25,6.0,-0.839
47503.0,1,38.2,27,4.0,-0.309
43856.0,0,36.6,20,8.0,0.331
59614.0,1,33.8,24,13.0,0.976
28008.0,0,34.9,21,7.0,-0.479
44093.0,1,48.5,21,8.0,-0.186
34261.0,0,34.6,23,0.0,-1.106
35127.0,1,24.6,18,2.0,-1.196
54184.0,1,45.4,18,10.0,0.813
87439.0,1,36.0,33,14.0,1.356
46405.0,1,38.3,28,7.0,-0.072
48427.0,1,54.1,22,13.0,1.004
61415.0,1,37.8,22,12.0,0.362
41949.0,0,40.9,22,5.0,-0.645
48622.0,0,26.2,21,14.0,0.361
63808.0,1,35.8,32,17.0,1.538
47431.0,0,44.1,19,8.0,-0.036
78395.0,1,22.4,30,20.0,1.565
15077.0,0,40.0,23,0.0,-2.62
45854.0,1,39.0,23,16.0,0.822
16680.0,0,38.4,16,10.0,0.087
45044.0,0,48.4,20,2.0,-0.299
39915.0,0,41.3,31,11.0,0.092
21769.0,0,52.8,21,0.0,-1.988
35201.0,0,28.1,29,9.0,-0.22
45042.0,1,39.4,23,6.0,0.357
56539.0,0,38.8,24,16.0,1.478
31578.0,0,27.3,24,4.0,-0.518
42342.0,0,47.6,22,1.0,-0.808
47055.0,0,61.2,25,8.0,-0.502
48695.0,1,37.8,22,13.0,0.915
46329.0,1,43.1,36,10.0,0.329
42003.0,0,38.8,26,6.0,-0.53
58509.0,0,30.9,25,12.0,0.513
51731.0,0,19.8,25,2.0,0.097
45942.0,0,30.9,17,13.0,0.969
41802.0,0,24.1,22,1.0,-0.702
31414.0,0,55.0,35,7.0,-0.328
38699.0,0,36.8,26,5.0,-0.392
33215.0,1,34.5,22,0.0,-1.464
33057.0,0,46.9,24,6.0,0.296
64393.0,0,26.8,31,9.0,0.261
58725.0,1,30.3,31,10.0,0.005
48463.0,0,38.7,30,9.0,-0.235
21838.0,0,48.3,25,1.0,-1.415
41160.0,0,43.0,30,3.0,-0.421
49983.0,1,40.5,22,8.0,-0.343
24309.0,0,38.8,14,5.0,-0.802
46221.0,1,42.0,30,7.0,-0.161
60034.0,1,40.0,23,6.0,0.404
53733.0,0,27.7,23,21.0,1.886
52423.0,1,38.5,23,8.0,0.175
32642.0,0,27.3,26,10.0,0.258
36277.0,0,38.8,23,8.0,-0.074
17017.0,0,33.2,24,0.0,-1.919
55799.0,1,63.4,26,8.0,-0.027
40057.0,0,37.6,25,8.0,0.06
75057.0,1,24.0,18,26.0,2.463
36193.0,0,36.7,21,6.0,-0.192
44153.0,0,43.2,20,11.0,0.302
59899.0,1,54.7,24,7.0,-0.035
22090.0,0,32.1,31,0.0,-1.169
65013.0,1,22.2,23,15.0,1.143
55440.0,0,46.2,26,14.0,0.752
47417.0,0,24.2,23,15.0,0.791
27493.0,1,33.6,29,5.0,-0.909
50077.0,0,35.4,14,16.0,1.403
21764.0,0,37.3,23,0.0,-1.402
52076.0,0,44.9,26,11.0,0.587
77888.0,1,31.2,24,19.0,2.19
31101.0,0,35.3,29,2.0,-0.991
34117.0,0,37.9,14,4.0,-0.566
47348.0,1,39.5,18,10.0,0.1
41719.0,0,39.0,19,1.0,-0.503
31604.0,0,42.4,22,0.0,-1.551
40793.0,1,46.4,34,7.0,0.069
30185.0,0,41.9,23,4.0,-1.062
62583.0,0,42.5,32,9.0,0.474
19065.0,0,22.2,15,3.0,-0.919
63669.0,0,38.5,22,17.0,1.55
34353.0,0,42.8,22,5.0,-0.783
40695.0,0,45.3,40,7.0,-0.322
71450.0,1,31.1,35,13.0,0.814
28136.0,0,31.4,18,0.0,-1.231
58958.0,0,32.3,25,6.0,0.227
62135.0,0,43.4,28,16.0,1.307
33143.0,0,48.3,36,0.0,-1.607
42987.0,0,33.9,30,6.0,0.185
47552.0,1,47.1,23,7.0,0.26
57842.0,0,39.2,25,13.0,0.782
35392.0,0,36.8,35,1.0,-1.237
33621.0,0,35.9,25,0.0,-1.32
52797.0,0,45.5,12,10.0,0.522
37161.0,0,41.3,19,6.0,0.297
47169.0,1,60.8,21,12.0,0.25
54279.0,0,29.5,23,7.0,0.346
21749.0,0,43.2,24,5.0,-0.68
52534.0,1,32.7,26,9.0,0.232
45918.0,0,29.3,23,12.0,0.293
42808.0,0,37.9,23,2.0,-0.714
69728.0,0,39.4,19,19.0,1.866
54351.0,1,67.2,33,7.0,0.474
23753.0,0,36.2,20,0.0,-1.191
50801.0,1,26.7,29,13.0,0.657
39154.0,0,40.7,29,0.0,-0.975
35315.0,1,17.3,22,12.0,0.787
60224.0,0,37.1,26,17.0,1.159
29512.0,0,38.2,32,5.0,-0.821
58879.0,0,45.9,23,12.0,0.963
55970.0,1,47.7,19,7.0,0.413
42811.0,0,33.0,35,14.0,0.822
69521.0,1,36.5,29,22.0,1.897
41151.0,0,30.3,20,5.0,-0.245
34767.0,0,26.7,24,2.0,-0.754
32813.0,0,41.1,20,2.0,-0.89
22933.0,0,25.3,22,4.0,-0.816
35304.0,0,33.9,27,10.0,-0.077
38377.0,1,28.0,19,8.0,0.341
55177.0,1,43.5,18,7.0,0.277
58304.0,1,56.0,18,18.0,0.827
41990.0,0,25.0,21,8.0,0.013
44819.0,0,19.5,19,17.0,1.454
40168.0,0,36.8,19,5.0,-0.265
86135.0,1,38.2,27,25.0,2.72
40501.0,1,40.2,22,14.0,0.626
32561.0,0,33.5,39,3.0,-0.857
18286.0,0,36.0,20,5.0,-1.071
49179.0,1,41.7,16,10.0,0.482
36671.0,0,48.4,25,6.0,-0.223
55883.0,1,18.4,21,13.0,0.714
53679.0,0,34.3,36,12.0,0.473
57979.0,1,40.1,26,8.0,-0.073
34029.0,1,28.8,15,0.0,-0.847
30526.0,0,55.3,17,0.0,-1.515
36027.0,1,31.6,19,5.0,-0.447
49790.0,1,37.6,27,12.0,0.856
55281.0,0,43.6,26,9.0,0.214
39310.0,0,32.1,26,0.0,-1.246
51754.0,0,19.5,34,7.0,0.173
51231.0,0,33.7,31,5.0,0.385
30145.0,0,48.3,35,6.0,-0.884
54872.0,0,34.6,22,10.0,0.154
47465.0,0,29.5,17,8.0,0.058
50672.0,0,47.3,34,0.0,-1.143
39962.0,0,34.7,27,4.0,0.358
56865.0,0,32.9,20,10.0,0.561
64614.0,1,39.5,20,16.0,1.083
54866.0,0,45.7,19,16.0,1.054
47351.0,1,61.8,32,1.0,-1.378
38006.0,0,46.3,24,3.0,-0.938
48425.0,1,49.6,25,14.0,0.515
51660.0,1,32.9,21,10.0,0.514
44451.0,1,27.7,22,13.0,0.515
90578.0,1,38.6,25,30.0,3.853
57442.0,0,39.1,24,10.0,0.571
67323.0,1,27.2,22,13.0,1.136
56755.0,0,36.2,19,12.0,0.954
51015.0,1,42.0,28,13.0,0.651
47010.0,1,41.6,21,5.0,-0.315
61851.0,1,43.0,16,10.0,0.759
21786.0,1,40.9,17,5.0,-0.773
42129.0,0,32.9,24,7.0,-0.237
37883.0,0,32.9,30,7.0,-0.485
52814.0,1,26.0,15,10.0,0.082
81539.0,1,55.8,25,20.0,2.315
25888.0,0,38.1,22,0.0,-1.867
52043.0,1,35.8,25,12.0,0.686
24067.0,0,28.7,24,0.0,-1.613
54490.0,1,67.4,26,3.0,-0.472
59338.0,1,27.3,27,13.0,1.089
45725.0,0,33.7,21,12.0,0.064
24403.0,1,42.2,30,1.0,-1.078
36368.0,0,44.0,23,6.0,-0.715
38096.0,0,47.6,23,11.0,0.68
36218.0,1,56.1,17,5.0,-0.73
49465.0,1,43.1,13,11.0,0.216
53899.0,1,27.4,29,10.0,0.046
30802.0,1,35.4,20,5.0,-0.652
73179.0,0,41.1,20,24.0,2.144
66057.0,0,58.7,18,13.0,0.634
13876.0,0,24.0,27,0.0,-2.025
35865.0,0,50.0,21,6.0,0.186
39647.0,0,39.8,25,5.0,-0.662
47350.0,0,46.4,27,14.0,0.852
28185.0,0,37.0,22,1.0,-0.793
48546.0,0,29.6,19,8.0,-0.115
68401.0,1,45.5,16,8.0,0.505
45565.0,0,44.5,11,12.0,0.866
29755.0,1,47.7,28,0.0,-1.2
40647.0,1,37.9,26,9.0,-0.335
32618.0,0,32.0,18,5.0,-0.475
49088.0,0,22.4,19,8.0,-0.653
66570.0,1,46.2,27,20.0,1.765
47394.0,0,42.2,25,11.0,0.405
40950.0,0,28.3,23,0.0,-1.261
63420.0,1,32.6,28,11.0,0.918
80853.0,1,33.3,26,22.0,2.122
52116.0,1,23.2,31,14.0,1.032
20500.0,0,29.8,21,0.0,-1.519
28971.0,0,26.7,24,2.0,-0.484
68994.0,1,33.9,25,14.0,1.267
44402.0,0,30.6,21,7.0,-0.708
42487.0,0,21.7,22,15.0,0.444
57216.0,1,58.2,24,13.0,0.775
32992.0,0,50.5,24,3.0,-0.927
33939.0,1,30.2,26,7.0,-0.06
2723.0,0,40.7,33,0.0,-3.241
38720.0,0,42.2,21,5.0,-1.024
38552.0,1,49.9,19,10.0,-0.253
29343.0,0,29.8,24,0.0,-1.248
57563.0,1,48.9,19,18.0,1.632
27064.0,0,32.5,31,0.0,-1.43
33609.0,0,24.6,27,5.0,-0.44
40882.0,1,45.2,25,11.0,0.131
73755.0,1,50.9,26,14.0,1.441
41225.0,1,63.9,24,0.0,-1.436
51202.0,1,26.0,19,16.0,1.163
47242.0,1,45.0,24,8.0,0.01
35562.0,1,33.9,23,4.0,-0.982
41202.0,1,45.8,30,11.0,0.462
36406.0,1,23.3,22,12.0,0.199
46994.0,0,25.4,29,1.0,-0.6
38353.0,1,30.2,21,8.0,0.07
50560.0,0,38.8,25,6.0,-0.385
37637.0,1,31.6,25,3.0,0.114
61805.0,1,44.6,23,10.0,0.662
67282.0,1,48.3,31,16.0,1.586
33679.0,1,44.0,30,2.0,-1.238
91872.0,1,54.2,30,19.0,2.133
11165.0,0,42.2,20,0.0,-1.952
45512.0,0,25.8,22,9.0,-0.152
57733.0,0,51.6,21,8.0,0.588
78101.0,1,31.9,29,6.0,0.281
31276.0,0,47.1,30,4.0,-0.623
42455.0,1,53.7,23,4.0,-0.208
46496.0,0,42.6,26,2.0,-0.493
32281.0,0,23.0,16,6.0,-0.589
50713.0,0,28.8,28,15.0,0.85
61528.0,1,51.2,23,12.0,0.357
34499.0,0,36.3,26,6.0,-0.693
51980.0,1,38.8,26,16.0,0.9
53436.0,0,45.6,14,6.0,0.307
60801.0,1,45.0,20,14.0,0.813
51271.0,1,40.8,14,11.0,0.63
31857.0,0,35.9,25,2.0,-0.829
27890.0,0,34.9,12,6.0,-0.56
63455.0,1,46.6,22,9.0,0.747
49274.0,0,43.5,20,8.0,0.61
41404.0,1,35.4,26,9.0,-0.021
36547.0,0,48.8,19,10.0,0.117
64676.0,1,36.7,17,16.0,1.278
32755.0,1,29.5,11,3.0,-0.592
38725.0,1,30.4,32,13.0,0.547
36079.0,1,28.2,33,8.0,-0.202
41110.0,0,35.3,30,7.0,-0.218
57792.0,0,50.3,22,12.0,1.099
53749.0,1,29.9,20,12.0,0.825
54183.0,1,39.9,21,15.0,0.814
47074.0,0,31.4,21,18.0,1.305
41865.0,1,35.4,30,7.0,0.021
59789.0,0,22.9,22,12.0,0.682
53636.0,1,35.8,32,6.0,-0.31
52223.0,0,36.1,20,10.0,0.324
50565.0,1,43.4,22,6.0,-0.13
54537.0,0,40.2,29,3.0,0.097
41978.0,0,26.0,28,14.0,0.595
41271.0,1,48.8,31,7.0,-0.818
64062.0,1,40.1,23,19.0,2.092
23802.0,0,40.0,22,0.0,-1.006
33560.0,0,37.9,26,0.0,-1.214
68495.0,1,32.8,24,15.0,1.158
52276.0,0,40.2,20,15.0,0.792
67995.0,1,42.8,18,12.0,0.624
53614.0,1,20.5,20,10.0,0.628
37631.0,0,32.6,24,5.0,-0.012
23357.0,0,35.5,16,4.0,-0.897
54039.0,0,40.6,23,10.0,0.076
40092.0,0,49.9,27,6.0,-0.677
64152.0,1,30.3,26,12.0,0.975
21025.0,0,33.0,24,11.0,-0.147
35283.0,0,32.9,20,0.0,-0.825
39847.0,1,30.0,30,7.0,-0.321
37284.0,0,34.5,20,7.0,0.413
42290.0,1,45.7,27,3.0,-0.564
43887.0,0,27.5,33,6.0,-0.822
66096.0,0,42.3,22,11.0,0.244
46324.0,0,21.0,20,8.0,0.245
31002.0,0,32.4,18,4.0,-0.507
32697.0,0,34.7,25,5.0,-0.471
60202.0,1,54.7,21,10.0,0.232
19036.0,0,35.3,24,2.0,-1.448
30388.0,0,16.0,28,0.0,-1.407
33330.0,0,18.0,13,0.0,-0.718
43554.0,0,38.3,23,7.0,-0.213
36107.0,0,44.1,20,9.0,0.311
60012.0,0,41.8,23,14.0,1.475
46878.0,1,39.7,25,14.0,0.858
43918.0,1,49.6,29,7.0,-0.16
51300.0,0,32.6,25,8.0,-0.019
45560.0,0,46.9,32,0.0,-1.003
43441.0,0,21.7,22,9.0,-0.019
35216.0,0,29.0,23,4.0,-0.289
58267.0,0,19.9,22,8.0,0.323
30792.0,0,35.3,29,3.0,-0.827
41677.0,0,37.5,23,15.0,0.519
67936.0,0,39.1,19,19.0,1.533
47450.0,0,38.6,25,10.0,-0.109
48089.0,1,28.7,30,13.0,0.402
56198.0,1,36.1,22,19.0,0.69
45276.0,1,23.0,29,6.0,-0.401
52163.0,0,51.6,29,12.0,0.224
47167.0,0,35.0,19,10.0,0.013
42593.0,1,33.1,16,11.0,0.098
40117.0,0,53.9,14,7.0,-0.773
43571.0,0,25.6,25,7.0,0.025
48113.0,1,26.7,23,10.0,0.498
60802.0,1,27.0,20,17.0,1.451
54226.0,0,37.3,18,13.0,0.959
61523.0,0,42.3,33,22.0,2.153
34608.0,1,45.4,24,7.0,-0.767
59045.0,0,63.7,21,12.0,0.872
31618.0,0,15.5,18,8.0,0.183
69031.0,1,44.1,19,21.0,2.19
52742.0,0,32.4,21,3.0,-0.808
26810.0,0,32.1,34,0.0,-0.84
32807.0,0,31.8,20,3.0,-0.599
12880.0,0,28.9,32,0.0,-2.124
42883.0,1,54.8,23,8.0,-0.526
30635.0,0,46.4,25,1.0,-0.759
46694.0,1,38.2,19,7.0,0.15
45179.0,0,51.5,24,10.0,0.342
76086.0,1,22.9,22,15.0,1.876
54062.0,0,24.7,20,13.0,0.95
29786.0,1,16.2,25,1.0,-0.577
39096.0,0,31.0,21,5.0,-0.898
43279.0,0,39.6,24,9.0,0.492
15199.0,0,39.0,17,3.0,-1.32
66977.0,0,39.5,24,21.0,1.831
76295.0,1,23.9,30,14.0,1.179
25553.0,0,46.0,23,3.0,-0.469
13954.0,0,40.4,24,0.0,-1.713
70166.0,1,45.3,19,16.0,1.354
34248.0,0,19.1,18,8.0,-0.115
65417.0,0,41.1,26,14.0,1.238
20985.0,1,26.1,28,0.0,-1.594
41547.0,1,34.0,26,5.0,-0.599
59620.0,0,43.3,24,7.0,0.005
39344.0,1,38.9,26,7.0,0.047
49712.0,1,29.5,26,5.0,-0.45
61321.0,1,38.1,27,10.0,0.623
17777.0,0,22.7,24,2.0,-1.068
49088.0,0,49.5,23,7.0,-0.142
49118.0,1,35.9,22,9.0,0.12
52380.0,0,49.2,19,15.0,0.514
56042.0,0,32.7,28,12.0,0.712
28116.0,0,32.8,26,3.0,-1.125
25805.0,0,30.4,24,0.0,-1.534
66178.0,1,46.8,23,15.0,1.278
58092.0,1,30.9,31,10.0,0.332
23368.0,0,44.4,18,3.0,-0.748
74567.0,1,34.2,16,18.0,1.551
33582.0,0,18.2,22,7.0,0.116
63989.0,0,32.3,23,12.0,1.179
45677.0,0,26.2,30,10.0,0.068
63331.0,1,38.3,29,22.0,2.061
70704.0,1,26.1,21,20.0,1.755
38638.0,1,47.3,24,7.0,-0.249
68673.0,1,37.1,28,15.0,0.972
46991.0,0,36.2,26,13.0,0.645
52248.0,0,44.6,34,18.0,1.369
46138.0,0,47.6,20,0.0,-0.965
59453.0,1,37.8,34,10.0,0.686
64082.0,0,30.3,28,14.0,1.058
14222.0,0,20.3,24,0.0,-1.759
14637.0,0,31.1,25,0.0,-1.183
32605.0,0,31.8,23,0.0,-2.039
42476.0,0,39.1,28,10.0,-0.269
58824.0,1,34.5,19,12.0,0.718
72313.0,1,44.9,25,17.0,1.502
44487.0,1,31.9,21,11.0,0.074
65868.0,0,37.4,23,13.0,1.629
41966.0,0,49.8,20,0.0,-1.38
26613.0,0,41.4,34,0.0,-1.703
53580.0,1,37.4,19,7.0,-0.056
32176.0,0,32.0,22,10.0,0.384
53048.0,0,31.7,27,11.0,-0.033
5739.0,0,29.5,20,0.0,-2.067
51394.0,0,32.6,26,9.0,-0.089
31805.0,0,45.6,16,0.0,-1.304
52336.0,0,35.8,27,9.0,0.67
44578.0,0,24.5,15,6.0,0.367
36352.0,1,55.7,20,0.0,-0.94
31548.0,0,41.2,19,6.0,-0.514
27731.0,0,23.9,21,2.0,-1.059
60050.0,0,33.6,19,7.0,-0.063
67846.0,0,39.1,29,13.0,0.955
26960.0,0,55.0,16,6.0,-0.986
52128.0,0,26.9,28,9.0,0.504
43869.0,1,47.8,25,7.0,-0.53
37046.0,0,52.0,28,3.0,-0.793
34350.0,0,31.7,23,7.0,-0.107
39528.0,1,35.2,29,4.0,-1.035
42970.0,0,27.6,22,8.0,-0.554
22649.0,0,36.0,20,0.0,-1.198
87566.0,1,37.6,27,21.0,1.965
62189.0,1,44.6,28,9.0,0.035
41624.0,0,48.9,20,4.0,-0.7
39792.0,1,30.5,26,10.0,0.214
49312.0,1,18.3,37,6.0,-0.112
45772.0,0,37.8,31,6.0,-0.221
57716.0,0,40.9,29,11.0,0.614
69588.0,1,40.5,22,14.0,0.758
35936.0,0,34.7,21,5.0,-0.531
55460.0,0,39.2,29,2.0,-0.576
46425.0,0,53.2,21,5.0,-0.275
15626.0,0,41.8,25,0.0,-2.302
44453.0,0,34.3,20,0.0,-1.515
70491.0,1,33.0,26,16.0,1.367
62647.0,1,36.3,19,18.0,1.645
48140.0,1,54.4,25,10.0,-0.249
59526.0,1,36.2,24,13.0,0.577
49898.0,1,37.8,22,11.0,0.311
84694.0,1,33.2,22,23.0,3.079
56146.0,1,49.0,23,14.0,1.12
31323.0,0,57.6,17,6.0,-0.128
34261.0,0,42.5,21,1.0,-0.956
29567.0,1,38.8,23,0.0,-1.606
52114.0,0,38.4,27,6.0,0.203
27538.0,0,14.2,24,1.0,-0.756
16926.0,0,45.5,18,1.0,-1.422
28920.0,0,39.3,21,4.0,-0.647
40909.0,0,42.3,24,0.0,-1.082
61046.0,1,30.9,21,18.0,1.687
50666.0,0,34.2,21,16.0,0.882
45188.0,1,33.9,27,8.0,-0.008
60138.0,0,48.2,29,18.0,1.48
40015.0,0,34.2,26,7.0,0.077
34420.0,1,58.8,28,2.0,-0.861
75329.0,0,42.3,26,18.0,1.523
54394.0,0,25.2,22,15.0,0.539
42143.0,0,36.7,24,5.0,-1.037
56133.0,1,31.5,24,8.0,-0.19
12602.0,0,16.1,26,3.0,-0.876
36753.0,1,54.0,26,3.0,-1.383
54279.0,1,45.0,19,15.0,0.926
79847.0,1,43.3,21,15.0,1.909
22534.0,0,39.7,25,0.0,-1.399
41249.0,0,24.2,25,12.0,0.563
27394.0,0,33.2,37,1.0,-0.651
36996.0,0,46.4,20,3.0,-0.487
43834.0,0,27.5,26,3.0,-0.592
32684.0,0,12.7,24,2.0,-0.864
37020.0,0,35.7,32,8.0,0.049
56037.0,1,36.6,30,2.0,-0.831
54645.0,0,39.4,30,11.0,0.27
54709.0,1,45.3,25,7.0,-0.05
56169.0,1,44.4,24,6.0,-0.239
22176.0,0,40.6,29,0.0,-0.908
34181.0,0,50.0,33,7.0,-0.577
57170.0,0,22.8,19,11.0,0.755
44282.0,0,43.0,20,9.0,0.501
32009.0,0,44.3,25,3.0,-0.978
43911.0,1,25.6,11,7.0,0.099
45343.0,1,23.0,29,11.0,0.751
20362.0,0,30.5,22,0.0,-1.669
61044.0,1,31.4,26,11.0,0.543
44414.0,0,45.5,27,9.0,-0.663
62429.0,1,31.9,23,11.0,0.571
44235.0,1,29.4,18,5.0,-0.763
23871.0,0,31.9,16,0.0,-1.805
27761.0,0,49.2,15,0.0,-1.628
47423.0,0,38.1,24,6.0,0.048
40831.0,0,36.2,15,8.0,0.26
25944.0,0,36.9,26,3.0,-0.904
51084.0,1,50.9,20,14.0,0.639
22930.0,0,30.5,33,0.0,-1.662
41534.0,0,51.2,28,7.0,-0.066
37694.0,1,40.1,28,0.0,-1.211
40352.0,1,36.4,19,6.0,-0.652
55595.0,1,63.0,29,12.0,0.047
35903.0,0,27.4,25,3.0,-0.86
47820.0,0,34.5,17,8.0,-0.385
57158.0,1,25.7,20,15.0,1.006
52773.0,1,47.5,36,6.0,-0.577
60095.0,0,54.9,17,11.0,0.836
40985.0,0,54.7,15,0.0,-1.13
64911.0,0,50.2,19,12.0,0.53
67616.0,0,36.0,30,19.0,1.442
17023.0,0,34.3,32,0.0,-2.472
33109.0,0,21.3,22,0.0,-0.797
49217.0,0,58.4,15,10.0,0.577
39437.0,0,42.7,26,9.0,-0.203
55333.0,0,33.1,22,7.0,0.371
31035.0,0,51.3,20,2.0,-0.604
59498.0,1,28.3,20,9.0,0.087
47328.0,1,42.1,34,7.0,-0.156
87051.0,1,36.3,37,16.0,1.168
44266.0,0,44.4,29,7.0,0.254
50357.0,0,37.4,22,9.0,0.338
35066.0,0,23.5,25,8.0,-0.412
33117.0,0,38.8,26,3.0,-0.488
47693.0,0,48.5,14,8.0,-0.433
40445.0,0,37.7,23,8.0,0.394
39902.0,1,45.8,31,7.0,-0.421
51600.0,0,27.5,25,9.0,0.29
78025.0,1,37.7,21,18.0,2.075
46182.0,1,31.8,24,12.0,0.871
50062.0,1,45.5,26,7.0,-0.326
62293.0,1,38.3,19,15.0,1.201
31796.0,0,44.9,15,8.0,-0.408
17263.0,0,48.9,32,0.0,-2.038
20873.0,1,44.9,26,0.0,-1.008
37100.0,0,40.7,27,0.0,-1.871
46408.0,0,28.0,20,3.0,-0.352
34704.0,0,38.0,24,6.0,0.018
70509.0,0,32.7,24,20.0,1.676
46215.0,0,34.6,37,11.0,0.327
49927.0,0,34.3,29,6.0,-0.219
49514.0,0,28.2,25,13.0,0.829
12024.0,0,18.4,22,0.0,-2.211
46118.0,1,31.3,18,13.0,0.236
49282.0,0,39.9,25,13.0,0.771
35629.0,0,24.5,21,0.0,-1.479
64737.0,0,38.2,19,15.0,1.144
55592.0,0,57.0,39,12.0,0.338
51548.0,1,48.2,19,6.0,-0.415
45642.0,1,54.4,28,13.0,0.633
68207.0,1,41.9,36,22.0,2.271
52330.0,0,49.7,23,7.0,0.182
53177.0,0,30.8,27,8.0,0.248
41156.0,0,31.6,27,5.0,-0.459
14832.0,0,10.6,21,5.0,-0.85
51845.0,1,49.9,28,11.0,0.83
40370.0,0,53.4,25,4.0,-0.856
65241.0,0,32.5,29,9.0,0.072
49430.0,0,35.5,29,8.0,-0.478
61035.0,0,30.5,19,11.0,0.479
54496.0,1,41.8,21,6.0,0.334
64198.0,1,49.2,22,16.0,1.038
28198.0,0,20.6,26,9.0,-0.51
50190.0,0,42.1,26,8.0,-0.27
35654.0,1,35.2,27,1.0,-0.979
45780.0,0,39.1,27,3.0,-0.444
50662.0,0,42.6,26,8.0,0.377
55635.0,0,36.1,23,17.0,0.757
36477.0,1,37.0,27,2.0,-0.922
56111.0,0,35.9,21,12.0,0.87
74124.0,1,47.7,27,16.0,1.356
42860.0,1,42.2,22,10.0,0.413
58709.0,1,40.2,24,22.0,1.877
37015.0,0,25.3,24,1.0,-0.774
44221.0,1,34.2,26,3.0,-1.245
40145.0,1,47.0,18,0.0,-1.779
56414.0,1,38.4,26,19.0,1.496
50219.0,0,44.6,23,15.0,0.654
36349.0,0,55.7,31,8.0,-0.056
46513.0,0,48.4,30,9.0,0.28
39017.0,0,38.9,17,1.0,-1.125
76879.0,1,32.9,27,22.0,2.446
39529.0,0,12.5,24,5.0,0.129
49621.0,0,36.3,21,12.0,0.109
48460.0,1,34.7,18,13.0,0.726
67701.0,1,41.9,28,9.0,0.481
50914.0,1,36.5,27,5.0,0.224
33419.0,0,34.8,33,0.0,-0.79
51883.0,0,20.2,21,12.0,0.471
71689.0,0,28.6,15,18.0,1.882
75828.0,1,42.8,16,15.0,1.345
66212.0,0,55.2,31,19.0,1.593
47408.0,0,37.0,25,4.0,-0.511
36626.0,1,41.3,21,3.0,-0.99
42628.0,1,47.5,23,7.0,-0.126
38038.0,0,29.9,24,8.0,0.056
51105.0,1,41.7,16,11.0,1.094
16246.0,0,30.6,18,0.0,-1.692
76977.0,1,46.6,27,18.0,1.53
48585.0,0,39.5,23,6.0,-0.158
31195.0,0,41.0,29,8.0,-0.427
17310.0,0,30.2,23,7.0,-1.012
18904.0,0,45.1,33,0.0,-1.655
50991.0,0,58.8,21,16.0,0.823
44342.0,1,27.9,22,10.0,0.073
36594.0,0,34.6,16,0.0,-1.29
24425.0,0,40.3,20,1.0,-1.295
55194.0,0,45.9,23,10.0,-0.336
53547.0,1,32.4,24,17.0,1.669
34646.0,0,9.7,24,4.0,-0.26
37085.0,0,51.6,34,0.0,-1.503
52769.0,1,45.6,24,6.0,-0.246
37427.0,0,20.6,30,4.0,-0.273
20340.0,0,31.9,28,0.0,-2.697
55998.0,1,53.7,24,8.0,-0.054
40544.0,1,52.5,18,9.0,-0.231
56882.0,0,47.4,23,12.0,0.696
75352.0,1,36.2,24,17.0,1.849
57159.0,1,38.8,27,12.0,1.127
57132.0,0,36.7,35,5.0,-0.269
27931.0,0,49.3,31,2.0,-1.107
78519.0,1,29.2,24,24.0,2.573
33304.0,0,29.9,19,10.0,0.059
49309.0,1,48.1,19,5.0,0.014
34907.0,0,37.6,19,8.0,-0.024
50892.0,1,51.8,29,7.0,0.198
30768.0,0,31.3,31,8.0,-0.144
44832.0,0,37.5,27,6.0,-0.574
39504.0,0,28.8,23,2.0,-0.547
53917.0,0,38.1,28,10.0,-0.033
37079.0,1,23.2,28,9.0,-0.543
43585.0,0,33.1,19,5.0,-0.713
48037.0,1,23.6,28,8.0,0.106
44686.0,0,44.9,29,6.0,-0.255
83835.0,1,45.2,24,17.0,1.504
5316.0,0,20.7,18,0.0,-2.651
68119.0,0,51.3,16,15.0,1.092
70337.0,1,63.0,24,13.0,1.246
17213.0,1,38.5,18,0.0,-2.073
28201.0,0,31.6,19,6.0,-0.343
35515.0,0,66.2,20,6.0,-0.371
35377.0,0,24.8,26,0.0,-1.408
50172.0,0,38.2,28,1.0,-0.778
31074.0,0,39.8,17,2.0,-1.111
73396.0,1,51.5,31,17.0,1.752
64579.0,1,41.6,18,13.0,0.936
63297.0,1,33.0,26,19.0,1.272
63631.0,1,28.5,23,14.0,0.722
32472.0,0,34.6,21,0.0,-1.129
36880.0,0,27.9,18,2.0,-0.525
43751.0,0,38.5,17,11.0,0.489
24326.0,1,32.4,22,0.0,-1.222
25242.0,0,23.1,21,8.0,0.713
55472.0,1,50.6,18,8.0,-0.24
40383.0,1,33.0,19,6.0,-0.375
46826.0,0,25.3,17,13.0,0.711
33465.0,0,36.3,20,11.0,0.444
33850.0,0,38.7,16,6.0,-0.361
53319.0,1,20.5,26,14.0,1.159
24167.0,0,41.3,15,3.0,-1.081
54083.0,0,27.5,28,15.0,0.616
59662.0,1,55.1,30,11.0,0.593
30381.0,0,43.2,21,4.0,-0.31
39531.0,0,34.0,33,8.0,0.326
17671.0,0,30.5,21,0.0,-1.251
71215.0,0,37.0,29,14.0,0.924
55042.0,0,44.1,22,3.0,-0.185
30071.0,0,37.7,16,6.0,-0.523
44250.0,1,35.8,24,16.0,1.049
39260.0,0,38.6,33,0.0,-0.704
28168.0,0,32.0,28,0.0,-1.408
28141.0,0,34.6,24,0.0,-1.557
55874.0,0,17.1,29,11.0,0.606
34709.0,0,47.7,25,1.0,-1.28
60774.0,1,41.0,26,18.0,1.755
21409.0,0,30.3,26,0.0,-2.082
78636.0,1,57.0,28,18.0,1.696
44471.0,0,38.9,38,7.0,0.211
46685.0,0,27.6,35,5.0,-0.097
35724.0,0,46.6,27,6.0,-0.545
68756.0,1,42.0,22,10.0,0.399
34926.0,0,41.9,27,9.0,-0.038
69849.0,1,33.7,25,16.0,1.103
35080.0,0,42.5,32,5.0,0.114
64155.0,1,35.4,27,7.0,0.15
32538.0,0,43.6,26,4.0,-0.364
42177.0,0,19.0,21,6.0,-0.057
36609.0,1,33.7,18,9.0,0.308
18661.0,1,55.2,22,0.0,-1.71
36053.0,0,30.3,31,2.0,-1.348
65439.0,1,32.0,31,12.0,0.743
47693.0,0,33.5,22,9.0,0.171
45699.0,0,25.9,19,5.0,-0.184
49268.0,0,15.9,20,8.0,0.018
45552.0,1,35.7,21,10.0,0.348
30535.0,1,39.4,25,6.0,-0.54
33672.0,0,37.5,16,5.0,-0.778
44915.0,1,36.6,22,5.0,0.196
38433.0,1,38.4,20,2.0,-0.978
57018.0,1,48.2,16,13.0,0.408
16830.0,0,36.1,15,0.0,-1.703
60922.0,0,32.3,19,16.0,1.029
59483.0,1,35.2,30,10.0,0.473
53528.0,0,43.8,19,10.0,0.256
59048.0,1,52.1,27,12.0,0.983
73883.0,1,31.7,28,16.0,1.665
63881.0,1,39.0,22,16.0,1.014
26139.0,0,41.4,13,0.0,-1.841
42779.0,0,28.1,31,0.0,-1.28
41755.0,0,38.2,33,2.0,-0.625
39859.0,0,23.3,33,8.0,0.026
38075.0,0,20.3,17,14.0,0.518
45265.0,0,41.7,22,7.0,-0.726
49324.0,0,34.2,24,8.0,0.187
54799.0,1,40.0,36,0.0,-0.755
22599.0,0,37.8,31,6.0,-0.612
33741.0,0,28.2,24,0.0,-1.407
31164.0,0,37.5,22,4.0,-0.923
24902.0,0,25.7,29,0.0,-1.352
27058.0,0,51.9,14,0.0,-0.976
66406.0,1,24.4,28,14.0,1.054
41422.0,1,36.0,26,5.0,-0.949
69886.0,1,27.6,30,23.0,2.632
55295.0,1,43.7,21,9.0,0.493
51170.0,0,34.7,19,6.0,0.185
34946.0,0,32.8,23,1.0,-0.858
66346.0,1,46.5,24,11.0,0.7
38816.0,1,38.3,25,6.0,-0.576
28404.0,0,43.2,21,6.0,0.122
77743.0,1,28.2,20,26.0,2.56
42985.0,0,24.0,24,5.0,-0.096
64642.0,1,39.1,26,20.0,1.149
48339.0,1,34.8,27,7.0,-0.703
29500.0,0,44.3,23,8.0,-0.035
66822.0,1,37.2,23,15.0,1.771
31003.0,0,40.1,28,4.0,-0.627
57450.0,1,21.8,24,18.0,1.812
58147.0,1,56.9,22,10.0,0.708
42219.0,0,36.4,18,5.0,-0.562
58843.0,1,45.0,24,10.0,0.632
52516.0,1,29.6,23,12.0,0.973
55360.0,1,41.1,28,11.0,0.622
31642.0,0,25.0,25,0.0,-1.57
43217.0,0,42.5,29,8.0,-0.727
36874.0,0,34.4,24,5.0,-0.248
40811.0,1,38.3,18,8.0,-0.074
40963.0,1,45.0,16,12.0,0.621
45448.0,1,25.7,28,10.0,0.178
13863.0,0,31.2,24,1.0,-1.335
66185.0,0,42.6,22,12.0,0.38
49033.0,0,59.0,27,12.0,0.611
63182.0,1,36.6,24,12.0,0.56
75401.0,1,43.9,20,15.0,1.081
57176.0,0,36.9,28,13.0,0.834
56823.0,1,57.4,31,9.0,0.459
30358.0,0,20.5,22,7.0,-0.07
20774.0,0,38.9,23,0.0,-1.661
59749.0,0,21.7,21,11.0,0.43
49742.0,1,12.9,26,10.0,0.208
50732.0,1,41.0,19,9.0,0.272
43385.0,1,39.4,25,0.0,-1.277
36170.0,0,35.2,20,0.0,-1.081
56696.0,0,36.9,27,15.0,1.053
50703.0,0,69.0,24,7.0,-0.04
50246.0,1,35.4,28,12.0,0.682
42217.0,0,43.1,28,10.0,0.028
46933.0,1,31.5,31,7.0,0.03
64962.0,1,41.0,29,15.0,0.938
27271.0,0,35.6,19,5.0,-0.516
45548.0,0,33.9,22,13.0,0.096
38862.0,0,56.2,24,5.0,-0.462
37744.0,1,49.8,27,7.0,-0.434
37619.0,0,39.4,21,6.0,-0.309
24238.0,0,15.0,18,7.0,0.222
34253.0,1,34.4,18,4.0,-0.479
58528.0,1,65.0,26,17.0,1.256
34479.0,1,35.7,24,2.0,-0.895
24574.0,0,49.0,17,2.0,-0.187
42013.0,0,52.4,18,5.0,-0.44
71768.0,1,40.2,19,14.0,1.447
44758.0,0,29.6,23,9.0,0.197
57520.0,0,13.6,24,17.0,1.032
24498.0,0,44.8,27,1.0,-1.486
38346.0,1,29.9,29,13.0,0.267
58353.0,1,39.8,22,12.0,0.89
51556.0,0,25.5,35,8.0,0.082
47593.0,0,35.3,29,12.0,1.065
35921.0,0,38.3,29,4.0,-0.517
59138.0,0,40.7,19,15.0,1.409
95326.0,1,26.9,18,19.0,2.299
43028.0,0,50.0,19,9.0,-0.363
23514.0,0,32.0,25,1.0,-0.446
47106.0,1,21.3,32,19.0,1.453
72635.0,1,36.9,25,20.0,1.58
60657.0,1,38.3,20,6.0,-0.523
37551.0,0,39.6,23,3.0,-0.42
40935.0,0,51.6,25,3.0,-0.282
31758.0,0,35.6,24,0.0,-1.344
29010.0,0,36.8,33,4.0,-0.919
9742.0,0,27.0,19,2.0,-1.004
45515.0,0,46.2,26,1.0,-0.768
39355.0,0,39.8,22,10.0,-0.035
56981.0,0,33.8,32,13.0,0.234
54661.0,0,19.0,25,17.0,1.551
38961.0,0,52.4,39,2.0,-0.998
63409.0,1,25.7,18,11.0,0.984
53108.0,1,32.1,25,6.0,-0.214
50808.0,1,41.6,30,9.0,-0.049
53969.0,0,26.0,31,13.0,0.675
38045.0,1,23.1,29,0.0,-1.123
48516.0,0,16.8,17,10.0,0.382
37349.0,0,45.2,23,8.0,0.166
41915.0,1,32.5,20,10.0,0.492
35788.0,0,67.3,24,11.0,0.289
81704.0,1,28.1,23,19.0,2.455
32599.0,0,28.8,24,4.0,-0.638
44742.0,0,32.3,27,6.0,-0.531
41117.0,0,40.4,25,3.0,-0.623
34210.0,1,33.3,33,4.0,-0.555
36108.0,0,44.1,19,3.0,-0.637
56962.0,1,28.2,24,14.0,1.189
57100.0,1,24.2,20,17.0,1.421
45576.0,1,20.0,24,5.0,-0.571
52962.0,0,15.8,31,0.0,-0.832
61410.0,1,32.8,23,12.0,0.471
41306.0,1,35.0,28,4.0,-0.552
64324.0,1,31.7,23,16.0,0.633
66203.0,1,50.4,26,7.0,0.203
16714.0,0,50.3,21,0.0,-1.516
75467.0,1,34.7,23,17.0,1.548
74817.0,1,20.1,34,20.0,1.796
44301.0,0,32.3,15,0.0,-0.613
45154.0,0,32.0,21,4.0,-0.388
44623.0,0,31.4,20,11.0,0.286
64030.0,0,31.0,24,8.0,0.334
54639.0,0,31.5,25,15.0,0.659
67668.0,1,34.1,23,19.0,2.01
45171.0,0,31.6,21,5.0,-0.177
42712.0,0,40.1,21,4.0,-0.798
29147.0,0,41.6,22,3.0,-1.379
37808.0,0,28.9,24,4.0,-0.731
47416.0,0,50.7,26,10.0,-0.033
62384.0,1,28.2,23,22.0,1.795
30587.0,0,21.8,29,3.0,-0.518
37434.0,0,41.8,27,11.0,0.224
55321.0,0,29.8,23,5.0,-0.016
56755.0,0,41.2,19,16.0,1.188
46297.0,1,14.0,20,23.0,2.527
42891.0,0,51.9,20,7.0,-0.531
43142.0,0,44.7,25,7.0,-0.489
40947.0,0,23.0,28,15.0,1.044
43905.0,0,23.2,23,13.0,0.682
65459.0,1,54.7,24,20.0,1.847
47963.0,1,30.6,25,12.0,0.584
48339.0,0,29.7,21,6.0,-0.359
45898.0,0,15.3,17,14.0,0.591
57760.0,1,34.5,27,18.0,1.109
66883.0,1,35.7,27,13.0,0.82
54523.0,0,45.2,17,12.0,0.507
40574.0,0,24.0,19,15.0,1.067
51218.0,0,22.8,22,12.0,1.169
68438.0,1,42.5,28,16.0,1.382
47223.0,0,48.1,27,15.0,0.649
60674.0,1,22.3,29,5.0,-0.167
49286.0,0,48.8,25,13.0,0.147
56107.0,1,38.4,23,18.0,1.207
27451.0,0,48.9,23,4.0,-0.817
58539.0,0,37.3,34,11.0,0.369
31714.0,0,12.8,27,4.0,-0.393
46356.0,0,36.5,16,8.0,0.029
50719.0,0,48.6,15,19.0,1.278
46314.0,0,29.1,24,8.0,0.191
38488.0,0,34.1,18,10.0,0.046
23894.0,0,36.2,15,0.0,-1.36
46636.0,1,9.0,27,10.0,0.746
63058.0,0,54.7,23,16.0,0.645
65679.0,1,29.0,10,21.0,2.163
39918.0,0,43.1,20,5.0,-0.308
50339.0,1,37.1,28,12.0,0.219
65177.0,1,50.6,22,12.0,0.249
75261.0,1,42.1,28,19.0,1.577
50430.0,0,35.7,28,6.0,-0.095
35785.0,0,29.1,32,9.0,0.279
48040.0,0,46.0,24,12.0,0.608
55538.0,0,19.3,33,11.0,0.187
29644.0,0,44.5,17,4.0,-0.446
44753.0,0,27.0,17,10.0,0.194
54240.0,1,50.5,25,15.0,1.074
24605.0,0,39.6,22,4.0,-1.027
63808.0,1,44.4,24,10.0,0.133
40876.0,0,38.8,17,1.0,-0.7
65177.0,1,20.5,13,15.0,1.195
31301.0,0,29.4,23,0.0,-1.523
38187.0,0,44.7,25,6.0,-0.559
47844.0,1,39.7,28,12.0,0.377
65341.0,1,49.8,25,18.0,1.566
46481.0,1,42.0,26,7.0,-0.066
50898.0,0,28.3,24,5.0,-0.555
59889.0,1,30.0,31,20.0,1.881
22749.0,0,39.0,22,0.0,-1.448
7440.0,0,14.9,23,0.0,-2.199
63843.0,1,54.7,23,7.0,0.44
53268.0,0,42.4,19,8.0,-0.502
37056.0,0,50.3,25,3.0,-1.021
54657.0,0,22.2,27,13.0,0.708
49523.0,0,50.4,20,12.0,0.244
45678.0,0,60.3,28,2.0,-0.564
34040.0,0,24.8,26,0.0,-1.28
64832.0,1,45.7,34,14.0,0.872
55795.0,0,38.0,20,12.0,0.65
51297.0,1,22.6,28,4.0,-0.099
55473.0,1,42.9,19,20.0,1.847
33825.0,0,46.3,27,1.0,-1.07
28034.0,0,32.0,24,0.0,-1.526
44775.0,1,49.7,25,3.0,-0.692
39386.0,0,21.3,19,3.0,-0.046
48964.0,1,23.1,20,8.0,0.243
36351.0,0,39.4,24,5.0,-0.241
36064.0,1,38.3,15,11.0,0.352
39572.0,1,30.8,24,0.0,-1.252
53265.0,0,46.1,19,18.0,1.444
42527.0,0,43.3,20,2.0,-0.082
54902.0,1,46.6,16,13.0,1.117
60824.0,0,36.8,21,11.0,0.343
50548.0,0,44.0,24,10.0,0.457
48885.0,0,33.5,26,13.0,0.57
61836.0,1,58.5,22,7.0,0.448
72746.0,1,29.9,30,13.0,0.643
70153.0,1,59.1,24,15.0,1.329
45991.0,1,38.3,18,8.0,0.197
60418.0,1,24.2,27,14.0,0.709
31994.0,0,51.7,18,10.0,-0.09
65242.0,1,39.3,22,19.0,1.44
55112.0,0,46.5,30,8.0,-0.676
70909.0,1,50.2,16,21.0,1.801
48687.0,1,41.4,24,6.0,-0.04
25707.0,0,32.1,18,0.0,-1.431
46837.0,1,47.8,20,8.0,0.128
40544.0,1,38.0,16,8.0,-0.681
63519.0,1,44.9,16,15.0,0.841
35883.0,1,16.5,33,4.0,-0.653
23590.0,1,42.5,26,7.0,-0.446
29693.0,1,31.6,33,0.0,-1.89
59517.0,1,54.5,12,6.0,-0.452
11838.0,0,44.2,15,0.0,-2.424
14784.0,0,40.4,26,0.0,-1.584
62674.0,1,42.9,22,14.0,0.76
65883.0,0,28.0,20,15.0,0.786
57575.0,0,54.2,29,11.0,0.425
50181.0,0,57.9,25,2.0,-0.967
50366.0,0,41.9,20,5.0,-0.048
55597.0,1,53.9,23,6.0,-0.004
26102.0,0,32.3,25,0.0,-1.158
66328.0,1,30.0,21,17.0,1.503
58554.0,1,38.4,26,15.0,0.877
45091.0,1,42.3,23,9.0,-0.221
41501.0,0,34.1,19,5.0,0.027
48112.0,0,43.4,15,8.0,0.208
10588.0,0,41.1,25,0.0,-2.042
50630.0,1,28.0,28,1.0,-0.247
31972.0,0,43.2,32,5.0,-0.682
32474.0,0,46.6,26,1.0,-1.002
42328.0,0,39.7,14,6.0,-0.281
63883.0,1,49.5,25,21.0,1.798
34932.0,0,25.8,24,12.0,0.641
34583.0,0,42.7,19,4.0,-0.571
41867.0,1,26.3,26,13.0,0.573
66820.0,0,26.9,30,19.0,1.399
50321.0,1,31.7,32,14.0,0.925
56784.0,0,28.6,28,10.0,0.06
35368.0,0,32.5,20,4.0,-0.647
56931.0,1,35.9,27,12.0,0.698
35533.0,0,46.4,27,11.0,0.393
61219.0,1,34.8,34,12.0,0.895
54602.0,1,22.1,35,11.0,0.635
51712.0,1,49.4,24,17.0,1.05
40020.0,1,29.6,20,9.0,-0.535
59537.0,1,37.4,20,19.0,1.317
48907.0,1,42.5,23,7.0,0.198
70010.0,0,40.0,23,18.0,2.075
33799.0,0,48.9,21,1.0,-0.689
66122.0,0,42.8,13,19.0,1.736
45391.0,0,29.4,25,4.0,0.198
42833.0,0,59.8,18,3.0,-0.651
35855.0,0,39.9,28,8.0,-0.484
34415.0,0,36.5,35,8.0,-0.32
45065.0,0,47.6,21,10.0,0.424
65989.0,1,40.5,24,10.0,0.523
44762.0,0,42.0,17,6.0,-0.574
61753.0,1,62.9,28,10.0,-0.024
83156.0,1,35.2,23,20.0,2.142
63323.0,1,34.8,19,18.0,1.728
51977.0,0,39.2,21,9.0,0.436
49670.0,1,48.7,20,6.0,0.038
48257.0,0,22.9,19,8.0,0.12
50301.0,1,18.3,26,11.0,0.614
32190.0,0,32.1,23,0.0,-1.023
39839.0,0,21.7,24,8.0,-0.257
27198.0,0,33.8,18,0.0,-1.669
60190.0,1,43.0,32,12.0,0.399
56180.0,1,29.1,30,10.0,0.647
40853.0,1,23.7,24,1.0,-0.483
69799.0,1,38.7,30,18.0,1.574
46757.0,1,46.6,20,0.0,-1.226
9645.0,0,21.1,18,0.0,-1.464
39966.0,0,46.2,19,7.0,0.224
68581.0,1,46.2,32,14.0,1.047
70197.0,1,47.5,17,21.0,1.684
45823.0,1,50.2,22,4.0,-0.459
69187.0,1,60.0,23,12.0,1.079
44316.0,0,34.4,18,9.0,-0.039
39419.0,0,39.1,29,7.0,-0.173
60810.0,0,33.8,29,9.0,0.884
51798.0,0,38.0,19,13.0,0.652
25402.0,0,53.3,28,3.0,-1.576
70024.0,1,24.5,29,12.0,1.477
65678.0,0,29.4,26,14.0,1.38
44277.0,1,51.8,25,0.0,-0.626
68217.0,1,48.2,26,10.0,0.396
59798.0,0,34.4,19,13.0,0.494
59425.0,1,46.5,20,10.0,0.261
61839.0,1,41.4,22,7.0,-0.55
37419.0,0,53.0,22,6.0,-0.672
40687.0,0,38.7,23,11.0,-0.026
66894.0,0,48.3,22,17.0,1.173
58065.0,1,64.4,33,10.0,0.544
42945.0,0,44.0,32,6.0,-0.371
46247.0,0,38.5,24,11.0,0.772
16154.0,0,45.2,22,0.0,-2.849
49869.0,1,34.3,27,15.0,1.149
29134.0,1,61.9,21,0.0,-1.74
41998.0,0,39.8,31,9.0,-0.362
30866.0,1,35.3,26,1.0,-1.12
13153.0,0,29.6,20,0.0,-1.295
49659.0,1,49.0,26,13.0,1.161
37719.0,1,46.7,25,7.0,-0.468
53724.0,0,33.0,30,7.0,0.347
49213.0,1,43.8,18,7.0,-0.047
50130.0,1,22.9,19,14.0,0.477
42723.0,1,39.8,28,9.0,0.077
33612.0,0,42.5,28,0.0,-1.283
47124.0,1,55.1,20,14.0,0.996
18946.0,0,30.3,26,3.0,-0.494
22459.0,0,25.2,25,0.0,-1.557
36951.0,1,29.0,24,5.0,-0.428
68710.0,0,24.6,23,18.0,1.501
61872.0,1,51.4,27,15.0,0.85
55345.0,0,53.5,20,6.0,-0.349
37304.0,0,41.2,27,9.0,-0.349
46267.0,0,50.2,22,9.0,-0.322
67104.0,0,39.3,20,22.0,2.077
62894.0,1,37.0,22,13.0,0.382
48029.0,0,34.7,25,9.0,0.43
66133.0,1,34.9,22,12.0,1.03
38123.0,0,22.5,31,10.0,0.239
37566.0,0,40.6,18,4.0,-0.259
45911.0,1,37.6,30,6.0,-0.196
59366.0,1,45.5,30,9.0,-0.072
28916.0,1,38.9,19,11.0,-0.037
51226.0,0,36.4,27,12.0,0.728
42185.0,0,29.3,29,7.0,0.052
41484.0,1,38.7,31,13.0,0.733
43226.0,0,45.4,34,5.0,-0.081
33903.0,1,26.6,20,8.0,0.079
2107.0,0,38.9,23,0.0,-1.998
52847.0,0,40.3,18,13.0,0.916
44912.0,0,30.8,21,10.0,0.346
55535.0,0,32.1,32,12.0,0.998
12014.0,0,40.3,22,0.0,-2.896
64125.0,1,26.7,24,19.0,2.088
58377.0,0,41.5,26,4.0,-0.14
60689.0,1,29.0,30,15.0,1.108
49007.0,1,48.6,33,4.0,-1.04
43021.0,0,61.4,28,13.0,0.613
23592.0,0,29.4,21,1.0,-1.053
44407.0,0,43.3,28,3.0,-0.624
69266.0,1,30.7,31,21.0,1.914
36088.0,0,48.4,27,8.0,-0.191
29602.0,0,25.3,18,10.0,0.217
61827.0,0,42.8,24,17.0,0.87
54052.0,0,29.3,21,11.0,0.496
50241.0,1,35.9,19,8.0,0.15
45466.0,0,27.7,33,9.0,0.365
69370.0,1,46.2,26,19.0,2.403
43629.0,0,29.6,30,9.0,-0.058
40719.0,1,43.5,25,9.0,0.201
53679.0,1,34.6,23,15.0,1.051
71985.0,1,36.9,29,18.0,1.106
45059.0,0,39.5,27,14.0,1.187
57942.0,0,30.4,30,7.0,0.639
46353.0,1,40.1,24,2.0,-1.143
76027.0,1,53.3,23,18.0,1.633
32862.0,0,30.2,23,0.0,-1.146
49281.0,1,49.7,23,11.0,0.303
33029.0,0,53.0,25,5.0,-0.754
23821.0,0,29.8,19,6.0,-0.064
48059.0,0,23.4,30,9.0,0.329
49491.0,1,41.0,27,13.0,0.321
46058.0,1,32.5,22,9.0,0.422
70807.0,1,56.7,29,18.0,1.614
52194.0,0,38.3,31,5.0,0.454
35982.0,0,30.0,26,4.0,-0.244
67553.0,0,26.5,24,14.0,0.964
70353.0,1,48.9,28,18.0,1.189
38582.0,0,32.3,35,0.0,-1.228
51408.0,0,38.4,25,12.0,0.597
62138.0,1,47.6,26,11.0,0.701
33937.0,0,33.2,27,8.0,-0.298
70770.0,1,37.5,30,14.0,1.376
43939.0,1,37.8,22,8.0,-0.15
39156.0,0,44.8,24,7.0,0.126
46627.0,1,43.9,25,7.0,-0.173
41920.0,0,35.8,22,8.0,0.016
50125.0,0,38.6,23,1.0,-1.096
32845.0,0,34.3,36,0.0,-1.44
76955.0,1,23.2,22,18.0,1.595
44473.0,0,40.6,26,3.0,-0.847
36844.0,0,56.9,28,1.0,-0.991
14084.0,0,29.2,24,0.0,-2.153
21451.0,0,30.3,21,5.0,-0.639
22049.0,0,29.3,31,0.0,-1.323
73693.0,1,45.2,23,17.0,1.642
53173.0,0,42.5,14,12.0,1.01
39111.0,0,36.4,23,4.0,-0.688
56810.0,1,28.8,22,20.0,2.252
60348.0,0,38.9,24,15.0,0.982
48327.0,0,22.4,29,7.0,-0.325
816.0,0,39.4,24,0.0,-2.499
77971.0,1,46.7,16,22.0,2.291
38597.0,0,25.5,32,1.0,-1.39
35597.0,0,22.7,21,0.0,-1.645
58412.0,1,53.8,24,13.0,1.023
79199.0,0,31.9,23,20.0,2.44
78354.0,1,49.4,28,18.0,1.384
54947.0,0,36.5,26,13.0,0.564
64975.0,1,36.4,24,11.0,0.595
57012.0,1,42.4,17,15.0,0.853
55336.0,0,29.2,22,7.0,0.759
45000.0,0,39.3,32,12.0,0.281
45761.0,0,34.2,32,8.0,0.104
48538.0,1,24.8,24,8.0,-0.063
31686.0,0,41.4,29,3.0,-0.754
38448.0,0,35.4,20,9.0,-0.281
30336.0,0,36.4,24,0.0,-1.693
57025.0,0,25.9,18,10.0,-0.098
23328.0,1,53.9,31,3.0,-0.989
53085.0,1,46.8,31,3.0,-1.104
48126.0,1,47.6,18,8.0,0.18
71565.0,1,34.9,23,14.0,1.392
67515.0,1,20.7,34,15.0,0.918
40399.0,0,57.5,19,0.0,-1.571
25609.0,0,37.4,17,5.0,-0.99
55164.0,1,30.5,19,13.0,0.941
31807.0,0,42.2,17,1.0,-0.982
41396.0,0,49.7,26,9.0,-0.225
62516.0,0,37.8,27,15.0,0.55
33083.0,0,50.8,17,2.0,-0.968
35541.0,0,48.8,28,7.0,0.105
21713.0,0,27.2,22,2.0,-1.334
24146.0,0,31.3,25,4.0,-0.601
47447.0,0,47.6,20,11.0,0.32
27796.0,0,10.9,28,0.0,-1.593
48226.0,1,36.5,27,14.0,0.44
39394.0,0,23.7,25,6.0,-0.02
47717.0,0,33.2,20,12.0,0.552
49365.0,0,35.0,30,8.0,0.224
64961.0,0,34.4,25,16.0,1.364
51732.0,0,32.5,23,8.0,0.125
60046.0,1,27.0,29,7.0,-0.429
53493.0,1,60.9,23,11.0,0.122
60407.0,0,56.7,26,12.0,0.543
35343.0,1,26.4,31,8.0,0.049
44427.0,0,53.8,23,9.0,0.041
33414.0,0,34.0,23,6.0,-0.702
29100.0,0,39.3,25,6.0,-0.663
24586.0,0,37.4,29,0.0,-1.403
63745.0,0,31.4,23,18.0,1.75
28712.0,0,47.8,31,0.0,-1.244
59489.0,1,39.3,19,5.0,-0.693
43362.0,1,33.2,28,4.0,-0.718
73190.0,1,25.0,27,15.0,0.895
51061.0,0,29.1,20,4.0,-0.295
54597.0,1,21.6,21,16.0,1.248
37037.0,0,38.1,24,6.0,-0.673
43474.0,0,26.0,27,7.0,0.279
33283.0,0,35.3,25,8.0,-0.835
68185.0,1,51.7,26,23.0,2.145
29215.0,0,50.0,26,1.0,-1.188
50346.0,0,37.7,19,8.0,0.31
57340.0,1,37.1,21,11.0,0.634
56213.0,0,56.8,32,11.0,0.414
43880.0,0,43.2,29,8.0,-0.185
50436.0,0,34.7,28,10.0,-0.13
45930.0,1,23.7,33,7.0,0.044
56959.0,1,41.9,20,8.0,-0.147
41830.0,0,46.3,19,11.0,0.964
78633.0,1,31.7,24,20.0,2.211
41854.0,0,40.9,21,5.0,-0.557
23620.0,0,34.4,30,1.0,-1.37
44023.0,1,36.2,26,6.0,-0.088
78143.0,1,13.1,21,23.0,2.58
41951.0,0,35.8,23,6.0,-0.804
50928.0,0,47.7,19,20.0,1.639
68811.0,0,31.7,23,18.0,1.678
34775.0,0,38.5,25,0.0,-0.554
59096.0,0,30.4,22,16.0,0.569
52767.0,1,41.6,22,18.0,1.628
63288.0,1,35.8,28,5.0,-0.379
35659.0,0,28.6,33,6.0,-0.204
51258.0,0,51.3,24,5.0,-0.582
33063.0,0,47.3,22,3.0,-1.015
33352.0,1,32.0,28,6.0,-0.649
34780.0,0,43.0,33,0.0,-1.224
57248.0,1,43.4,24,8.0,0.034
23302.0,0,44.4,20,7.0,-0.77
50277.0,0,21.1,22,10.0,0.234
30342.0,1,48.1,23,0.0,-1.556
54132.0,0,32.3,32,8.0,0.331
54353.0,0,34.4,24,14.0,0.834
20657.0,0,64.4,26,0.0,-1.994
39237.0,0,41.0,16,12.0,0.374
64134.0,0,34.1,23,15.0,1.228
31715.0,0,15.9,21,1.0,-1.21
75654.0,1,51.9,26,21.0,1.673
49831.0,0,24.5,17,13.0,0.419
40992.0,0,28.0,17,2.0,-0.705
58082.0,1,34.7,25,3.0,-0.056
40413.0,1,52.2,18,12.0,0.558
31538.0,1,45.7,26,10.0,0.076
64972.0,0,36.4,25,9.0,0.539
26086.0,1,41.1,22,2.0,-0.921
39442.0,1,32.0,20,8.0,0.169
27344.0,0,39.4,32,0.0,-1.414
31744.0,1,38.7,16,6.0,-0.111
31554.0,0,47.7,20,5.0,-0.904
30240.0,0,47.7,26,4.0,-0.736
60707.0,1,42.9,20,14.0,1.236
62191.0,1,34.4,22,16.0,1.091
54474.0,1,45.4,29,9.0,0.609
27402.0,0,37.1,19,4.0,-1.092
40244.0,0,27.2,18,8.0,-0.316
69707.0,1,34.0,22,18.0,1.213
58251.0,0,38.8,18,9.0,0.142
75249.0,1,47.1,24,21.0,2.319
67044.0,1,36.2,25,11.0,0.393
55104.0,1,25.9,23,9.0,0.192
33120.0,1,38.6,18,5.0,-0.309
37883.0,0,39.1,31,8.0,0.134
37231.0,0,39.9,17,6.0,-0.152
66634.0,0,47.2,26,10.0,0.708
53398.0,0,48.2,22,15.0,0.957
17338.0,0,32.1,14,3.0,-0.786
27070.0,0,31.8,29,0.0,-1.331
3761.0,0,27.6,16,0.0,-1.836
45904.0,1,45.0,21,9.0,0.508
28237.0,0,52.5,20,5.0,-1.103
20290.0,0,34.8,27,0.0,-2.153
57094.0,0,35.6,23,12.0,0.389
86469.0,1,52.7,29,23.0,2.493
37651.0,0,43.1,32,2.0,-0.006
52743.0,0,42.4,25,17.0,0.838
44007.0,0,26.1,21,10.0,0.082
46134.0,1,44.8,27,6.0,-0.099
51081.0,0,28.7,18,13.0,0.919
24834.0,0,26.7,19,4.0,-0.29
37467.0,0,34.5,20,13.0,0.267
45758.0,0,32.1,30,8.0,0.322
11905.0,0,35.8,25,3.0,-0.668
62868.0,1,23.6,25,12.0,0.992
34557.0,0,47.6,31,7.0,-0.175
42317.0,0,49.3,21,6.0,-0.756
56508.0,1,18.5,26,15.0,0.537
30937.0,0,47.8,23,2.0,-0.898
53727.0,1,29.9,18,9.0,0.028
53122.0,1,46.6,15,8.0,-0.009
57656.0,1,37.3,21,13.0,1.086
50965.0,1,38.3,28,16.0,0.475
53600.0,0,36.1,27,11.0,-0.025
61288.0,1,50.1,24,13.0,0.818
72181.0,1,25.6,30,20.0,1.39
35694.0,1,44.1,21,14.0,0.558
44964.0,0,49.0,12,8.0,0.01
16913.0,0,45.2,21,1.0,-1.312
34499.0,0,61.2,20,5.0,-1.065
45054.0,0,32.7,19,4.0,-0.305
57635.0,1,47.6,33,8.0,-0.61
33892.0,0,36.9,19,6.0,-0.187
47924.0,1,50.3,33,11.0,0.057
54381.0,1,37.9,29,11.0,0.53
36776.0,0,34.1,30,8.0,-0.07
62626.0,1,51.1,20,11.0,0.487
48276.0,1,33.1,29,7.0,0.064
19151.0,0,23.9,20,0.0,-1.975
37114.0,0,32.8,21,5.0,-0.939
44826.0,0,44.2,31,3.0,-0.144
25631.0,0,51.9,23,0.0,-1.21
51262.0,0,39.1,22,10.0,0.6
60497.0,1,51.2,20,15.0,1.531
58052.0,0,24.4,23,18.0,1.219
52749.0,1,33.6,25,9.0,-0.213
52056.0,0,35.1,20,18.0,1.491
36353.0,1,36.9,20,8.0,0.149
41275.0,0,38.8,24,9.0,-0.337
34533.0,0,44.9,35,1.0,-0.613
40157.0,0,33.6,21,10.0,-0.302
41714.0,0,39.4,18,4.0,-0.388
30428.0,0,37.5,28,8.0,0.17
53857.0,1,28.7,24,8.0,0.161
35509.0,0,36.9,25,6.0,0.003
52849.0,1,36.6,25,14.0,0.437
56965.0,1,36.3,26,17.0,1.191
55027.0,1,38.3,25,16.0,0.95
40246.0,0,38.8,22,0.0,-1.485
20459.0,1,33.7,31,0.0,-2.554
66958.0,0,50.7,33,15.0,0.934
27651.0,0,26.3,23,0.0,-1.367
44981.0,0,30.8,19,4.0,-0.225
41668.0,1,65.8,26,3.0,-1.17
25055.0,0,27.6,31,0.0,-1.802
58124.0,0,24.5,24,9.0,0.541
60064.0,1,45.3,28,9.0,0.759
53447.0,0,17.2,26,6.0,-0.577
23639.0,0,35.6,37,0.0,-2.591
34347.0,0,59.5,34,3.0,-0.546
48972.0,1,22.6,25,11.0,0.392
27257.0,0,18.2,24,1.0,-1.479
48308.0,0,23.0,40,7.0,0.183
51459.0,0,47.0,24,7.0,-0.015
62815.0,1,49.2,24,10.0,0.579
32189.0,0,32.9,12,11.0,0.12
43397.0,0,44.8,19,5.0,-0.973
60270.0,1,51.9,24,15.0,1.197
39411.0,0,55.9,17,5.0,-0.159
40310.0,0,35.5,29,7.0,-0.027
37217.0,0,15.0,27,1.0,-0.933
35313.0,0,29.8,20,3.0,-0.443
28034.0,0,33.7,23,2.0,-0.885
40145.0,0,35.4,30,8.0,-0.173
54501.0,1,36.1,28,19.0,1.712
22878.0,0,49.2,22,0.0,-1.372
17632.0,0,50.7,25,0.0,-1.614
58643.0,0,36.3,17,17.0,1.471
51849.0,1,49.0,22,4.0,-0.209
43539.0,0,41.6,33,4.0,-0.669
70630.0,1,38.6,25,13.0,1.04
50964.0,1,47.1,28,2.0,-0.606
65992.0,1,38.7,26,20.0,1.826
58974.0,1,58.6,23,11.0,0.678
36127.0,0,23.6,22,6.0,-0.488
51307.0,0,32.8,17,23.0,2.157
25804.0,0,36.7,15,2.0,-0.606
54426.0,1,42.4,16,13.0,0.742
51110.0,1,50.7,20,6.0,0.299
68883.0,1,37.8,31,19.0,1.302
64314.0,0,23.8,20,15.0,1.562
33082.0,0,46.4,28,7.0,0.032
41240.0,0,45.5,25,6.0,-0.753
49036.0,0,18.6,25,10.0,0.46
44049.0,1,38.0,21,2.0,-0.678
75710.0,0,22.1,27,22.0,2.013
47298.0,1,31.4,24,10.0,0.137
52027.0,1,29.0,24,5.0,-0.365
41515.0,0,46.1,26,8.0,0.185
24444.0,1,39.2,25,0.0,-1.347
35442.0,0,25.1,28,2.0,-0.972
57575.0,0,46.8,24,11.0,1.2
34660.0,0,23.7,13,4.0,-0.657
48276.0,0,41.3,22,5.0,-1.047
58167.0,1,29.9,34,9.0,0.537
62577.0,1,34.3,21,14.0,1.186
48230.0,0,43.0,29,10.0,0.719
46135.0,1,43.2,20,15.0,0.996
37144.0,0,51.4,24,6.0,-0.757
40550.0,1,37.2,31,2.0,-1.422
62292.0,0,41.1,32,15.0,1.501
48083.0,1,33.6,32,7.0,-0.323
55475.0,1,39.8,19,9.0,-0.251
72410.0,0,42.4,23,17.0,1.328
59758.0,1,37.0,34,12.0,0.556
48726.0,0,20.0,23,10.0,0.456
59128.0,0,41.3,24,21.0,2.165
36383.0,1,41.6,28,7.0,-0.644
52268.0,0,31.2,22,14.0,0.928
39939.0,1,25.2,25,6.0,0.057
55425.0,1,52.8,25,9.0,0.269
81572.0,1,42.9,21,20.0,1.528
64893.0,1,35.7,20,12.0,0.508
51705.0,0,26.6,25,11.0,0.538
63073.0,0,29.8,26,13.0,1.073
36346.0,0,51.0,23,8.0,-0.365
46449.0,0,39.4,23,6.0,-0.839
19141.0,0,32.5,25,4.0,-1.045
29471.0,0,43.1,25,0.0,-1.966
75018.0,1,29.9,23,20.0,2.056
26566.0,0,53.0,18,0.0,-1.103
44904.0,1,51.5,21,6.0,-0.221
35104.0,1,33.3,26,6.0,-0.277
39013.0,0,31.7,25,13.0,0.307
39733.0,0,11.8,33,15.0,0.816
62643.0,1,23.2,27,14.0,0.86
48837.0,1,24.6,26,2.0,-0.583
29503.0,1,39.4,28,4.0,-0.167
67208.0,1,34.7,33,10.0,0.283
40302.0,0,24.5,27,8.0,-0.249
71785.0,1,35.2,38,17.0,1.607
42670.0,1,43.1,24,15.0,0.491
67377.0,1,43.3,21,10.0,0.735
50107.0,0,19.0,17,10.0,0.663
72000.0,1,36.7,30,14.0,1.173
54064.0,0,24.2,21,8.0,0.181
39670.0,0,47.0,16,1.0,-1.297
44386.0,0,45.8,18,10.0,0.4
34573.0,0,29.0,27,1.0,-0.651
33014.0,0,30.3,27,7.0,-0.529
61105.0,1,33.4,23,8.0,0.586
61943.0,1,15.5,24,13.0,1.238
53512.0,0,41.4,21,5.0,0.021
57199.0,0,35.3,25,10.0,0.309
55464.0,1,47.7,22,19.0,1.702
60448.0,1,27.0,27,13.0,0.241
82298.0,0,31.8,22,25.0,2.602
47773.0,1,22.9,16,14.0,0.566
25763.0,0,28.0,28,0.0,-1.761
53878.0,1,26.2,23,11.0,0.753
57596.0,0,48.0,33,11.0,0.381
55258.0,0,31.0,19,17.0,1.29
59296.0,0,39.2,36,13.0,0.673
43706.0,0,34.2,27,6.0,-0.138
24347.0,0,25.3,22,2.0,-1.224
45360.0,0,36.3,33,5.0,-0.209
58144.0,0,44.0,29,1.0,-0.851
32538.0,1,25.9,19,2.0,-0.581
50077.0,0,46.1,19,12.0,0.589
60619.0,1,29.5,21,16.0,1.67
45306.0,0,33.2,29,10.0,0.395
36772.0,0,43.3,19,3.0,-1.196
55267.0,1,31.4,11,9.0,0.445
58569.0,0,38.4,21,14.0,1.197
44421.0,0,34.9,20,4.0,-0.61
48933.0,0,39.3,20,8.0,-0.134
43106.0,1,14.2,24,7.0,0.015
20166.0,0,19.7,23,5.0,-0.785
59742.0,0,44.2,22,13.0,0.648
46662.0,0,48.4,26,10.0,-0.121
51046.0,1,28.9,21,10.0,0.42
29656.0,0,35.6,22,2.0,-0.887
43350.0,0,40.9,11,4.0,-0.437
59296.0,1,44.9,19,13.0,0.722
35190.0,0,17.7,23,5.0,-0.373
53591.0,0,29.1,20,17.0,1.727
49649.0,0,34.7,32,5.0,-0.4
55390.0,1,45.0,19,8.0,0.225
63782.0,1,63.0,19,14.0,0.933
5783.0,0,35.7,22,0.0,-1.418
21457.0,0,23.9,25,0.0,-1.761
25966.0,0,42.0,28,0.0,-1.526
59585.0,1,51.2,22,14.0,1.263
43974.0,0,39.1,22,9.0,-0.552
83057.0,1,28.9,25,23.0,2.558
40961.0,0,47.6,14,1.0,-0.564
58913.0,1,44.6,22,9.0,0.185
53188.0,0,27.7,22,17.0,1.542
67016.0,0,41.8,30,21.0,2.006
72032.0,0,48.0,26,20.0,2.062
58897.0,1,49.8,23,13.0,1.208
66006.0,1,37.3,25,12.0,1.024
49996.0,1,34.4,23,10.0,0.593
64768.0,0,50.3,16,12.0,0.778
27721.0,0,25.9,18,2.0,-0.551
52695.0,0,42.4,24,2.0,-0.818
57139.0,0,24.3,15,9.0,-0.003
43598.0,0,48.7,24,10.0,-0.17
49544.0,0,35.4,31,7.0,-0.453
54456.0,1,50.7,22,15.0,0.696
64307.0,0,42.9,20,16.0,0.955
43018.0,0,25.8,26,10.0,0.088
54184.0,0,52.2,23,16.0,1.478
5364.0,0,53.5,25,1.0,-1.142
44450.0,1,46.8,23,6.0,-0.194
36488.0,0,30.4,20,3.0,-0.717
32585.0,0,34.9,24,0.0,-1.867
43719.0,0,39.5,21,9.0,-0.083
50907.0,0,31.0,27,8.0,-0.122
62068.0,0,54.9,25,17.0,1.513
53488.0,1,39.4,27,12.0,0.631
37287.0,0,11.0,26,3.0,-1.024
50041.0,1,41.4,20,20.0,1.854
62034.0,1,34.5,24,12.0,1.221
50673.0,1,37.3,20,9.0,0.582
55214.0,1,34.3,23,9.0,-0.226
29671.0,0,46.1,21,2.0,-0.959
47146.0,0,49.2,29,5.0,-0.372
65062.0,0,40.8,21,14.0,1.089
58565.0,1,34.6,27,19.0,1.885
65742.0,1,37.6,27,18.0,1.543
35110.0,0,38.2,22,3.0,-0.489
36531.0,0,30.0,18,1.0,-1.12
54360.0,0,43.8,32,9.0,0.141
23603.0,0,42.6,30,0.0,-1.768
46209.0,1,53.4,27,10.0,0.323
55417.0,1,50.6,20,8.0,-0.148
36438.0,0,31.1,18,4.0,-0.466
13147.0,0,46.2,20,0.0,-1.595
37278.0,0,28.5,24,16.0,0.514
46553.0,1,45.0,27,4.0,-0.533
22380.0,1,32.8,22,1.0,-1.17
23075.0,0,27.8,21,0.0,-2.872
38393.0,0,40.8,29,11.0,-0.028
63452.0,1,11.3,16,18.0,1.772
66182.0,1,20.5,23,16.0,1.661
32814.0,0,36.2,22,3.0,-0.457
19379.0,0,38.8,22,8.0,-0.602
50998.0,0,34.3,22,9.0,0.469
22824.0,0,22.2,16,2.0,-0.998
47727.0,0,29.8,22,8.0,0.302
53001.0,0,41.9,21,10.0,0.766
61902.0,0,43.8,21,15.0,1.227
56469.0,0,37.8,26,6.0,-0.1
41922.0,1,49.6,20,5.0,-0.204
31310.0,0,42.0,25,7.0,-0.878
19430.0,0,30.5,19,4.0,-0.827
41500.0,0,35.2,31,9.0,-0.226
50783.0,0,24.0,26,12.0,0.367
55933.0,1,36.9,30,13.0,0.914
40161.0,0,49.1,24,2.0,-0.803
65920.0,1,44.9,27,17.0,1.493
32231.0,0,52.0,19,7.0,-0.271
50785.0,1,35.0,30,7.0,-0.021
36406.0,0,51.5,25,4.0,-0.747
16201.0,0,36.1,23,0.0,-2.424
56880.0,1,52.7,28,13.0,0.884
50766.0,1,37.8,21,12.0,0.737
43544.0,0,45.1,23,4.0,-0.281
49372.0,1,52.8,26,4.0,0.067
64895.0,0,36.1,26,9.0,0.516
33567.0,0,40.2,28,2.0,-1.563
48145.0,1,50.9,26,4.0,-0.529
52712.0,0,36.7,24,14.0,0.794
10359.0,0,24.8,18,0.0,-1.254
50076.0,1,59.4,34,8.0,0.294
23038.0,0,33.3,26,0.0,-1.357
52435.0,1,39.6,29,10.0,0.466
49639.0,1,49.6,28,13.0,-0.036
29754.0,0,31.9,24,0.0,-1.615
58850.0,0,27.9,21,18.0,1.165
50039.0,1,40.5,31,3.0,-0.735
30492.0,0,20.1,27,6.0,-0.81
49632.0,1,35.1,13,13.0,0.201
65302.0,1,40.5,27,15.0,1.149
34571.0,0,35.3,26,1.0,-1.016
56080.0,1,22.6,22,6.0,0.062
60567.0,1,53.9,18,10.0,0.429
40317.0,0,39.0,12,12.0,0.693
50749.0,1,52.3,22,13.0,0.176
40294.0,0,35.4,26,3.0,-0.367
51161.0,0,29.2,26,3.0,-0.828
42599.0,0,40.7,19,5.0,0.086
24151.0,0,35.8,26,1.0,-1.072
11284.0,0,26.2,23,0.0,-2.921
55219.0,0,52.7,19,12.0,0.437
56124.0,1,31.8,19,15.0,0.904
11522.0,0,19.6,22,0.0,-2.363
44467.0,1,51.3,20,3.0,-1.01
44845.0,0,33.0,25,12.0,0.619
67851.0,1,31.9,19,18.0,2.057
38424.0,0,20.3,25,4.0,0.021
47227.0,0,55.4,23,3.0,-0.728
45955.0,1,25.1,24,7.0,-0.183
52866.0,0,38.6,24,19.0,1.375
33901.0,1,47.1,25,4.0,-0.646
49630.0,0,42.2,18,3.0,-0.799
50583.0,1,37.4,24,6.0,-0.483
37140.0,0,21.0,22,2.0,-0.953
46155.0,0,29.9,29,10.0,0.123
76246.0,0,39.9,22,22.0,1.625
42069.0,1,30.1,26,14.0,0.323
52301.0,1,40.0,30,7.0,-0.252
40775.0,0,44.8,34,7.0,-0.292
24294.0,0,47.6,18,2.0,-1.563
59364.0,1,25.7,9,13.0,0.883
45612.0,0,60.0,22,9.0,-0.078
41508.0,0,45.7,30,5.0,-0.18
82353.0,1,38.0,25,27.0,3.193
33129.0,0,48.9,19,12.0,0.299
49232.0,1,61.7,28,2.0,-0.752
30673.0,0,23.6,30,5.0,-0.426
75311.0,1,35.7,20,12.0,1.148
40891.0,0,14.2,27,13.0,0.113
38505.0,0,39.9,25,2.0,-1.438
42307.0,0,41.7,26,14.0,0.919
42975.0,0,37.6,26,5.0,-0.668
79006.0,1,31.5,33,20.0,1.873
63515.0,0,17.5,16,17.0,1.08
26968.0,0,41.7,20,4.0,-0.447
59134.0,1,52.6,21,17.0,1.281
49540.0,0,32.1,25,11.0,0.068
60481.0,1,42.4,27,16.0,0.853
51411.0,0,22.3,28,6.0,0.485
36247.0,1,42.6,28,2.0,-0.846
49494.0,0,34.1,27,2.0,-0.644
80284.0,1,30.4,26,14.0,1.03
41674.0,0,30.4,30,2.0,-0.335
41793.0,0,34.1,18,1.0,-0.404
35162.0,0,41.8,28,7.0,-0.955
58387.0,0,24.9,25,12.0,0.424
79388.0,1,34.0,28,21.0,2.063
23396.0,0,37.6,24,2.0,-1.068
37740.0,0,27.0,20,8.0,0.024
58767.0,1,56.0,21,18.0,1.412
66523.0,1,29.5,21,6.0,-0.08
54707.0,0,31.3,26,11.0,0.452
23018.0,0,28.2,10,2.0,-1.062
48233.0,0,56.0,29,8.0,0.428
50025.0,0,43.5,25,9.0,-0.187
61663.0,0,28.6,20,13.0,0.986
70093.0,1,49.1,24,17.0,1.187
76771.0,1,40.0,29,24.0,2.59
54588.0,0,40.6,24,15.0,0.58
51080.0,1,34.6,19,8.0,0.326
39718.0,0,30.5,30,7.0,0.194
34657.0,0,41.4,29,4.0,-0.353
55340.0,1,32.5,29,10.0,0.338
44552.0,0,56.2,19,9.0,-0.295
49944.0,0,25.3,27,12.0,0.168
72044.0,1,53.4,23,11.0,1.318
44550.0,0,36.9,24,2.0,-1.007
54720.0,1,41.0,19,8.0,1.14
67897.0,0,46.3,29,17.0,1.317
48431.0,0,31.7,24,10.0,-0.118
18937.0,0,46.6,28,0.0,-2.122
34820.0,0,10.9,26,5.0,-0.608
60191.0,1,30.8,25,16.0,1.297
59808.0,0,28.8,23,6.0,-0.023
31367.0,0,25.5,22,3.0,-0.999
40232.0,0,35.9,15,5.0,-0.505
56354.0,1,41.9,24,15.0,0.841
48178.0,0,45.0,22,11.0,0.547
32078.0,0,40.4,25,5.0,-0.239
50599.0,1,31.3,21,3.0,-0.367
45600.0,0,41.7,18,2.0,-0.392
31709.0,0,39.2,25,5.0,-0.922
59386.0,0,47.4,29,17.0,1.615
46337.0,1,45.8,23,7.0,-0.322
59070.0,1,38.3,27,19.0,1.217
63534.0,1,29.0,27,16.0,1.521
50292.0,1,31.5,32,13.0,0.998
40732.0,0,32.5,25,5.0,-0.432
53468.0,1,34.8,21,10.0,0.404
53670.0,0,40.7,24,12.0,-0.024
32822.0,0,45.2,19,6.0,-0.904
47947.0,1,37.5,19,11.0,0.324
21222.0,1,38.2,24,4.0,-1.179
71275.0,1,39.4,25,15.0,1.188
47193.0,1,32.8,17,6.0,-0.465
46256.0,0,28.7,25,9.0,0.201
38132.0,1,20.4,25,7.0,0.283
31534.0,0,31.0,27,9.0,-0.259
48373.0,0,42.7,25,13.0,0.587
46769.0,0,31.0,29,5.0,-0.475
60622.0,1,35.6,26,13.0,0.871
18401.0,0,42.7,29,0.0,-1.346
52731.0,1,43.2,21,7.0,0.126
64135.0,1,27.2,31,20.0,1.939
30714.0,0,48.0,27,1.0,-1.0
47132.0,0,49.3,29,3.0,-0.678
55196.0,0,26.7,23,11.0,0.514
53664.0,0,29.8,20,8.0,0.18
53209.0,1,49.9,22,8.0,0.351
58514.0,0,36.5,29,8.0,0.489
46398.0,1,15.8,19,12.0,0.635
57356.0,1,24.0,26,16.0,1.11
49733.0,1,35.5,24,7.0,0.41
38751.0,0,26.4,16,7.0,-0.241
41159.0,0,33.9,20,13.0,0.673
68847.0,1,38.3,24,17.0,1.9
57815.0,0,52.6,28,10.0,-0.133
24130.0,0,35.1,25,1.0,-0.975
51259.0,1,48.7,20,14.0,1.107
35909.0,0,52.3,26,7.0,-0.12
42774.0,0,52.3,27,0.0,-2.173
60315.0,1,40.8,15,15.0,0.847
35069.0,0,18.4,33,3.0,-0.535
44351.0,0,42.6,21,7.0,-0.091
51977.0,0,48.5,23,11.0,0.332
41441.0,0,37.2,22,12.0,0.19
56193.0,1,55.4,31,10.0,0.709
41802.0,0,46.6,35,4.0,-0.435
48012.0,0,43.7,34,14.0,0.513
42940.0,1,48.9,23,7.0,-0.26
60391.0,1,41.3,26,14.0,0.739
41268.0,0,13.1,28,10.0,0.615
53506.0,0,33.0,23,2.0,-0.935
67453.0,1,50.0,18,14.0,1.086
27396.0,0,29.9,26,3.0,-0.536
36138.0,1,35.8,18,9.0,0.808
43940.0,1,27.6,18,9.0,0.367
77209.0,1,55.8,20,22.0,1.838
52964.0,1,54.8,31,7.0,-0.223
38996.0,0,29.2,27,9.0,-0.349
39576.0,0,39.5,22,8.0,-0.019
31908.0,0,31.2,19,5.0,-0.303
53301.0,1,44.1,15,15.0,0.8
23470.0,1,43.1,36,0.0,-1.616
28982.0,0,46.1,18,4.0,-1.054
43532.0,0,41.3,26,0.0,-1.068
58237.0,1,67.4,28,16.0,0.95
72673.0,1,27.7,29,20.0,1.711
47088.0,0,20.9,24,8.0,-0.104
34348.0,0,34.1,28,5.0,-0.169
35942.0,0,22.3,21,8.0,0.07
63855.0,0,23.1,18,16.0,1.162
23164.0,0,28.0,16,3.0,-0.927
46817.0,0,28.8,29,11.0,0.238
76590.0,1,28.5,35,16.0,0.975
58829.0,0,43.2,21,10.0,0.501
46398.0,0,32.9,21,7.0,0.19
61469.0,0,36.2,15,14.0,1.001
13455.0,0,46.9,25,0.0,-2.703
62531.0,1,30.3,22,14.0,0.678
20184.0,0,35.4,24,2.0,-0.654
25867.0,1,41.7,27,0.0,-1.831
32331.0,0,18.6,29,14.0,0.511
63397.0,1,14.2,31,16.0,1.374
41580.0,0,41.5,23,7.0,-0.137
72658.0,1,42.9,33,12.0,0.953
77738.0,1,58.6,33,17.0,1.612
57007.0,0,39.6,26,15.0,1.315
61859.0,0,46.2,21,21.0,1.64
57058.0,0,36.0,27,12.0,0.742
40971.0,0,41.0,21,6.0,0.075
27618.0,0,54.7,23,0.0,-1.602
50195.0,0,16.8,29,8.0,-0.246
29068.0,0,42.1,26,3.0,-0.843
73473.0,1,59.4,24,24.0,2.171
40253.0,0,40.8,22,8.0,-0.176
77019.0,1,54.5,24,7.0,0.123
56940.0,1,31.7,17,10.0,0.551
54332.0,0,37.7,24,9.0,0.044
73336.0,1,38.3,19,15.0,1.695
39085.0,0,15.8,16,5.0,-0.623
49372.0,0,26.3,25,6.0,0.195
37167.0,0,27.0,24,6.0,-0.742
21787.0,1,46.2,25,2.0,-1.32
40630.0,0,46.7,19,5.0,-0.612
46975.0,1,41.2,24,6.0,-0.037
48048.0,1,46.2,23,6.0,-0.429
39278.0,1,36.4,27,3.0,-0.692
35032.0,0,50.0,20,0.0,-1.406
52735.0,0,38.1,31,7.0,-0.083
4533.0,0,38.6,29,0.0,-1.505
49651.0,0,35.3,22,13.0,0.76
35357.0,1,44.8,26,11.0,0.082
28789.0,0,33.8,25,1.0,-1.458
38948.0,0,47.8,18,7.0,-0.309
47723.0,1,26.7,23,0.0,-0.752
47240.0,0,27.0,17,9.0,0.319
61232.0,1,44.9,25,14.0,1.34
30674.0,0,37.1,29,0.0,-1.875
41354.0,0,33.5,16,7.0,0.115
42830.0,0,46.9,37,6.0,-0.16
55894.0,0,31.9,28,14.0,0.671
62362.0,1,36.0,21,10.0,0.213
45104.0,0,52.0,26,6.0,-0.752
48416.0,0,53.4,27,3.0,-0.319
60414.0,0,53.7,28,3.0,-0.796
54230.0,1,35.2,23,16.0,1.076
44264.0,1,50.3,26,11.0,0.021
68755.0,1,28.5,16,16.0,1.901
55032.0,0,28.9,25,7.0,-0.061
24440.0,0,14.5,20,6.0,-0.708
43181.0,0,54.7,24,0.0,-1.514
9153.0,0,29.4,18,0.0,-1.803
24431.0,0,36.7,23,0.0,-1.584
48828.0,0,28.9,28,8.0,0.267
45286.0,0,45.0,26,8.0,0.509
20492.0,0,34.2,25,0.0,-1.581
63956.0,1,25.0,29,15.0,0.895
54398.0,1,42.4,25,3.0,-0.483
28694.0,0,23.7,30,9.0,0.147
68132.0,1,29.6,28,19.0,1.612
54095.0,1,16.9,22,13.0,0.897
43301.0,1,23.8,24,3.0,-0.269
32639.0,0,39.8,28,3.0,-0.891
6708.0,0,18.4,29,0.0,-2.152
46887.0,0,23.2,27,3.0,-0.719
54738.0,1,38.0,25,6.0,-0.211
31507.0,0,32.6,25,2.0,-0.987
43306.0,0,57.9,29,8.0,-0.131
43398.0,0,56.3,23,13.0,0.077
19915.0,0,29.3,23,7.0,-0.225
40466.0,0,43.6,23,7.0,-0.65
53390.0,0,45.5,20,10.0,0.169
52310.0,1,32.0,19,10.0,0.442
28381.0,0,23.0,22,2.0,-1.09
64580.0,1,37.9,18,14.0,1.411
35132.0,0,36.3,17,8.0,-0.099
40576.0,0,33.6,25,4.0,0.019
55431.0,1,42.4,23,11.0,0.708
53446.0,1,30.5,16,10.0,0.233
68541.0,1,26.5,24,16.0,0.953
50376.0,1,39.1,28,13.0,0.287
30071.0,0,41.9,26,4.0,-0.612
51258.0,1,26.2,27,10.0,0.362
47359.0,0,47.3,18,3.0,-1.144
36185.0,0,20.3,26,6.0,0.109
52421.0,0,32.2,33,9.0,-0.033
58603.0,1,35.4,39,5.0,-0.208
39623.0,0,31.6,25,7.0,-0.129
15764.0,0,32.3,24,0.0,-1.882
45822.0,0,56.7,25,6.0,-0.549
51064.0,1,29.5,27,10.0,0.093
56738.0,0,62.4,28,11.0,0.16
48713.0,0,42.4,19,3.0,-1.028
59663.0,0,38.9,15,16.0,1.266
27982.0,1,42.8,21,7.0,-0.866
60761.0,0,63.3,24,11.0,0.969
52368.0,1,28.1,19,14.0,0.427
45302.0,0,26.8,23,4.0,-0.646
66597.0,1,30.5,25,20.0,1.775
28252.0,0,38.3,29,0.0,-1.194
43072.0,0,20.7,28,12.0,0.919
62020.0,0,38.2,28,15.0,1.001
70479.0,1,54.9,31,6.0,-0.671
62356.0,1,39.5,21,17.0,1.392
44376.0,0,35.1,21,5.0,-0.25
42954.0,0,31.8,24,17.0,0.289
42021.0,1,47.0,24,12.0,0.26
44623.0,0,29.7,20,9.0,-0.134
57525.0,0,56.5,24,12.0,0.811
39737.0,1,57.3,17,12.0,0.793
36683.0,0,40.6,22,0.0,-1.749
66363.0,1,37.9,22,18.0,1.304
26387.0,0,48.3,21,0.0,-1.662
58857.0,1,48.9,26,12.0,1.033
60954.0,0,29.9,27,16.0,1.127
34330.0,0,32.7,23,2.0,-1.091
40297.0,0,24.8,20,4.0,-0.411
40889.0,0,42.1,25,0.0,-1.106
56783.0,1,44.7,25,10.0,-0.215
54923.0,0,24.5,23,7.0,-0.308
44778.0,0,33.4,14,10.0,0.78
57915.0,1,24.5,29,13.0,1.31
66289.0,1,29.0,25,16.0,1.396
33448.0,0,43.5,28,6.0,-0.562
36245.0,0,30.7,24,8.0,-0.209
27949.0,0,35.0,24,0.0,-1.683
41295.0,0,21.7,31,0.0,-0.806
66466.0,0,39.9,22,14.0,0.965
65980.0,1,37.6,26,21.0,1.616
32600.0,0,30.7,24,3.0,-1.234
39549.0,0,36.1,25,5.0,-0.592
45695.0,0,39.8,28,13.0,-0.026
41212.0,0,29.9,28,11.0,0.28
27325.0,1,23.2,19,5.0,-0.81
58530.0,0,56.1,27,11.0,0.424
35501.0,1,31.7,29,4.0,-0.474
30066.0,0,37.0,23,6.0,-0.014
55418.0,1,48.1,23,12.0,0.546
62213.0,0,73.3,26,8.0,0.006
16138.0,0,25.6,28,2.0,-0.436
42253.0,0,42.5,26,5.0,-0.11
47280.0,0,30.9,20,7.0,-0.088
27364.0,1,32.6,21,7.0,-0.37
42907.0,1,30.8,29,6.0,-0.259
56380.0,1,26.7,25,17.0,1.599
45012.0,0,37.6,32,9.0,0.561
36223.0,0,23.3,26,6.0,-0.295
47598.0,1,47.5,19,15.0,0.697
33426.0,1,38.6,20,6.0,-0.334
61637.0,1,42.2,22,12.0,1.173
72154.0,1,33.3,38,8.0,0.37
49624.0,0,34.3,27,9.0,-0.107
57888.0,0,40.9,20,10.0,0.448
30182.0,0,26.4,22,0.0,-1.571
28562.0,1,34.4,26,0.0,-1.127
32470.0,0,29.4,28,2.0,-1.194
53561.0,0,29.1,22,8.0,0.143
72652.0,1,16.9,27,18.0,1.733
76341.0,1,51.4,15,20.0,2.231
56387.0,0,31.1,28,14.0,0.638
71658.0,0,49.6,21,11.0,0.501
30106.0,0,48.7,17,0.0,-1.801
33038.0,0,25.1,20,2.0,-0.543
34922.0,1,27.1,18,7.0,-0.788
35757.0,1,63.6,24,7.0,-0.621
67185.0,1,55.5,24,3.0,-0.168
53519.0,0,37.7,32,4.0,-0.472
21700.0,0,40.6,22,0.0,-1.979
69075.0,0,31.7,18,10.0,0.748
37835.0,0,42.3,25,1.0,-1.073
44548.0,1,30.8,16,10.0,0.239
76692.0,1,17.7,23,20.0,2.074
37774.0,1,24.8,23,4.0,-0.919
21171.0,0,38.2,24,0.0,-2.53
30119.0,0,26.7,31,2.0,-0.286
53628.0,1,37.3,20,17.0,1.101
80396.0,1,27.3,18,22.0,1.958
44817.0,1,30.2,21,6.0,-1.23
63561.0,0,46.5,25,7.0,0.497
59737.0,1,40.5,21,7.0,-0.465
50133.0,0,37.9,34,3.0,-0.106
79907.0,0,46.8,14,27.0,2.644
18980.0,0,42.8,18,0.0,-1.503
45770.0,0,52.5,26,8.0,0.254
33616.0,0,33.4,23,12.0,0.468
54413.0,0,33.7,23,13.0,1.086
28356.0,0,25.0,28,9.0,0.098
56501.0,0,33.7,24,10.0,0.308
44255.0,0,47.6,22,9.0,-0.392
33370.0,0,51.0,22,13.0,0.269
44203.0,1,47.6,27,5.0,-0.343
68509.0,1,20.1,25,14.0,0.622
41584.0,0,48.8,27,6.0,-0.37
42780.0,1,19.6,30,7.0,0.377
31312.0,0,47.0,23,6.0,-0.029
45516.0,0,34.3,33,19.0,1.126
51122.0,0,45.0,32,8.0,-0.051
20254.0,1,24.7,20,0.0,-1.773
61892.0,1,49.7,24,15.0,1.262
28296.0,0,23.4,24,1.0,-0.906
34030.0,0,31.3,20,4.0,-0.654
27938.0,0,28.0,32,4.0,-0.596
64591.0,1,20.5,26,13.0,1.374
7932.0,0,38.9,24,0.0,-2.136
81115.0,1,56.1,19,28.0,3.138
71360.0,1,64.7,18,14.0,1.056
51834.0,1,39.0,15,9.0,0.223
52102.0,0,49.2,28,8.0,-0.055
67578.0,0,40.3,33,10.0,0.286
54525.0,1,43.0,25,13.0,0.521
55001.0,1,34.6,23,10.0,0.645
48645.0,0,40.0,19,12.0,0.556
47534.0,1,43.4,31,10.0,0.09
36880.0,1,32.2,26,9.0,-0.197
43341.0,0,37.2,23,4.0,-0.151
44014.0,0,37.4,18,7.0,-0.195
68131.0,1,46.3,35,18.0,1.134
53839.0,1,27.3,24,11.0,0.594
16647.0,0,37.5,23,0.0,-2.94
56774.0,0,57.1,29,13.0,0.656
46809.0,0,49.6,30,7.0,0.195
41983.0,1,51.5,23,12.0,-0.019
27383.0,0,38.2,22,7.0,-0.389
75054.0,1,41.2,32,16.0,1.124
51681.0,0,48.0,22,10.0,0.948
30861.0,0,53.6,26,5.0,-0.773
43617.0,0,18.5,25,11.0,0.407
29540.0,0,24.8,27,5.0,-0.972
43717.0,0,51.1,26,0.0,-1.38
35039.0,0,35.2,28,2.0,-0.627
78408.0,1,31.3,25,12.0,0.862
57666.0,1,25.5,23,13.0,0.953
67781.0,1,32.4,15,9.0,0.513
61549.0,1,24.0,24,15.0,0.725
55619.0,0,58.9,17,14.0,0.516
49091.0,0,37.8,21,4.0,-0.641
62274.0,1,37.4,26,10.0,0.432
62964.0,1,43.9,22,9.0,0.8
73036.0,0,47.6,20,14.0,0.754
55699.0,0,47.5,20,18.0,1.189
50751.0,1,48.7,28,11.0,0.708
44661.0,1,31.7,19,10.0,0.351
70613.0,0,35.0,21,15.0,1.07
55841.0,0,45.7,17,11.0,-0.027
27424.0,0,32.7,15,3.0,-0.882
23798.0,0,37.9,23,7.0,-0.163
35613.0,0,42.0,28,4.0,-0.745
30370.0,0,45.9,27,1.0,-0.675
39248.0,1,20.2,23,4.0,-0.145
30128.0,0,45.1,35,2.0,-0.792
30878.0,1,35.7,24,8.0,-0.308
38603.0,0,45.1,26,0.0,-1.894
43456.0,0,45.8,26,8.0,0.213
59328.0,0,54.1,28,7.0,0.001
35054.0,0,51.5,23,3.0,-0.817
48484.0,1,51.5,23,15.0,0.659
65289.0,1,52.4,24,13.0,0.938
22218.0,0,40.9,21,0.0,-1.608
36639.0,1,38.3,22,3.0,-0.763
40439.0,1,46.7,21,7.0,-0.769
28322.0,0,45.3,25,1.0,-0.94
43321.0,1,34.9,19,11.0,0.829
44071.0,1,42.0,16,6.0,-0.194
52285.0,1,37.6,24,7.0,-0.265
12660.0,0,29.5,26,0.0,-2.004
55592.0,0,50.9,24,14.0,0.635
42056.0,0,38.6,24,0.0,-1.239
48474.0,0,58.5,27,6.0,0.06
46579.0,0,21.7,25,9.0,0.277
64334.0,1,32.4,27,18.0,1.361
27084.0,1,38.3,26,0.0,-1.309
2325.0,0,49.4,24,0.0,-3.02
40291.0,0,42.0,27,8.0,0.184
70417.0,0,41.1,27,21.0,1.801
63439.0,0,26.7,21,16.0,1.239
53621.0,0,26.4,32,11.0,0.21
34356.0,0,41.2,14,8.0,-0.492
61586.0,0,24.4,26,12.0,0.807
35579.0,0,32.7,28,0.0,-0.974
54434.0,1,43.0,22,8.0,0.476
22477.0,0,28.2,23,7.0,0.505
57191.0,1,54.1,28,13.0,1.06
71983.0,1,50.2,31,24.0,2.76
53968.0,1,22.3,18,12.0,0.392
39254.0,0,28.7,30,5.0,-0.509
31889.0,0,15.1,21,7.0,-0.026
24432.0,0,30.2,22,0.0,-1.769
25425.0,0,45.7,20,2.0,-0.695
32318.0,0,33.9,31,8.0,-0.409
32520.0,0,42.6,19,3.0,-0.524
47466.0,0,22.8,18,7.0,0.152
47523.0,0,46.0,25,5.0,-0.822
55732.0,1,32.4,24,16.0,1.121
54400.0,0,38.1,19,5.0,0.0
48328.0,1,37.1,26,10.0,-0.009
44447.0,1,25.3,27,5.0,-0.328
46822.0,1,26.5,21,8.0,0.155
54374.0,0,47.7,23,13.0,0.825
38907.0,0,42.0,26,4.0,-0.867
44000.0,0,48.5,22,5.0,-0.658
33165.0,0,41.2,17,6.0,-0.304
28150.0,0,39.4,28,0.0,-1.346
45934.0,0,20.7,25,4.0,-0.819
38697.0,0,35.3,17,5.0,-0.476
58145.0,0,37.7,27,17.0,0.874
58819.0,0,57.5,17,11.0,0.263
44544.0,0,44.9,26,7.0,0.194
56643.0,0,53.4,22,12.0,0.851
49383.0,0,44.0,18,7.0,-0.137
60930.0,1,30.9,22,13.0,0.39
25416.0,0,39.2,27,10.0,-0.103
41845.0,0,40.4,21,9.0,0.265
32411.0,1,28.6,29,3.0,-0.583
13567.0,0,34.2,22,0.0,-2.439
33699.0,0,35.9,15,8.0,-0.134
72394.0,1,54.1,23,21.0,1.423
53373.0,0,17.2,20,15.0,0.926
66907.0,1,50.1,17,11.0,0.965
65052.0,0,28.6,20,14.0,1.236
53638.0,1,24.3,31,7.0,0.089
48851.0,1,49.8,22,8.0,0.197
40920.0,0,45.3,32,4.0,-0.618
42002.0,1,50.5,23,7.0,-0.316
44872.0,1,46.0,21,13.0,0.616
69167.0,0,58.6,20,17.0,1.204
48692.0,1,43.6,36,8.0,-0.139
26142.0,0,36.4,19,1.0,-0.45
52016.0,1,41.4,21,6.0,0.001
56488.0,1,50.4,31,11.0,0.601
7826.0,0,30.2,14,0.0,-1.444
5678.0,0,31.5,26,0.0,-2.296
32125.0,0,34.9,24,5.0,-0.551
29879.0,0,17.0,30,1.0,-1.221
46214.0,0,39.4,29,5.0,-0.508
46828.0,0,19.1,27,7.0,-0.148
45864.0,1,38.5,17,5.0,-0.453
62253.0,0,46.7,19,19.0,1.452
64383.0,1,33.2,22,10.0,0.327
58720.0,1,54.8,20,10.0,0.3
51653.0,0,23.4,23,12.0,0.622
38254.0,1,49.9,13,4.0,-1.139
59290.0,1,44.8,30,12.0,1.039
43659.0,0,20.8,38,11.0,-0.076
43256.0,1,65.1,24,10.0,0.67
31348.0,1,37.4,22,0.0,-1.072
39318.0,0,29.2,26,0.0,-1.554
56891.0,1,23.9,25,15.0,0.818
49641.0,0,35.8,23,7.0,0.376
43773.0,0,36.7,34,0.0,-0.902
39781.0,1,39.0,21,3.0,-0.87
55567.0,1,35.0,29,19.0,1.125
30066.0,0,44.3,16,3.0,-1.189
57849.0,1,34.1,24,17.0,1.643
34759.0,0,18.7,35,0.0,-0.901
49135.0,1,36.5,27,12.0,0.638
43932.0,0,14.3,20,7.0,-0.329
48487.0,0,41.5,24,11.0,0.603
29604.0,0,28.2,21,3.0,-0.544
45189.0,1,39.6,24,7.0,-0.163
52185.0,1,51.1,19,6.0,0.041
21092.0,0,28.5,21,6.0,-1.002
54912.0,1,48.6,28,15.0,0.741
41433.0,1,33.7,22,6.0,-0.513
57394.0,0,55.5,34,7.0,-0.229
10890.0,0,34.3,18,1.0,-0.994
16313.0,0,29.6,17,0.0,-2.562
43470.0,1,44.9,24,10.0,-0.191
70141.0,1,33.6,14,24.0,2.413
52104.0,1,29.6,32,13.0,0.785
40941.0,0,33.2,24,10.0,-0.019
46145.0,0,37.6,22,8.0,-0.263
42989.0,0,51.4,25,9.0,0.022
60533.0,0,18.7,18,13.0,0.547
37256.0,1,38.2,17,2.0,-1.181
63293.0,1,44.2,22,16.0,1.114
55546.0,1,39.9,25,13.0,0.715
67502.0,1,51.1,22,12.0,0.718
59438.0,0,37.3,18,10.0,0.438
38068.0,1,36.2,22,7.0,0.02
51948.0,1,43.9,28,9.0,0.673
60328.0,1,39.0,25,10.0,0.592
47859.0,0,34.1,26,4.0,-0.354
36688.0,0,43.2,26,4.0,-0.574
42504.0,1,31.5,26,12.0,0.102
65700.0,1,31.9,22,17.0,1.549
40752.0,0,32.7,23,1.0,-1.239
29348.0,0,51.5,23,0.0,-1.468
35634.0,1,5.8,28,12.0,0.165
48081.0,1,42.0,15,7.0,0.051
57593.0,1,38.3,31,9.0,0.173
43595.0,0,21.2,20,9.0,0.244
55451.0,1,41.1,23,9.0,-0.223
73319.0,1,42.8,24,20.0,1.49
27180.0,0,43.9,30,0.0,-1.601
31025.0,0,11.5,23,5.0,-0.828
30876.0,0,51.7,24,8.0,-0.103
33857.0,0,30.6,25,0.0,-1.643
40883.0,0,44.9,23,9.0,-0.176
65450.0,1,45.4,23,19.0,1.661
39937.0,0,29.2,27,7.0,0.021
56013.0,1,44.6,28,11.0,0.231
19870.0,0,34.1,23,0.0,-1.26
27023.0,0,17.3,27,4.0,-0.616
44029.0,1,49.7,21,8.0,-0.375
35413.0,0,30.2,27,6.0,-0.318
65380.0,1,29.5,28,16.0,1.282
49769.0,1,34.0,27,13.0,0.558
45031.0,0,40.7,26,0.0,-1.111
53220.0,0,37.4,24,10.0,0.247
61448.0,1,43.5,31,14.0,0.498
51233.0,0,24.6,22,13.0,1.14
85098.0,1,30.6,25,18.0,1.581
29933.0,0,36.8,29,0.0,-1.015
32206.0,0,57.0,24,5.0,-0.811
34592.0,0,36.9,21,2.0,-1.258
45181.0,0,48.9,24,6.0,-0.234
46707.0,1,38.4,23,15.0,0.466
74689.0,0,33.2,30,16.0,0.987
51323.0,0,35.5,24,9.0,-0.076
44341.0,1,36.3,27,7.0,-0.32
66535.0,0,44.0,23,11.0,0.152
44126.0,0,51.7,28,1.0,-0.835
70519.0,0,41.6,25,21.0,2.09
45340.0,0,49.9,23,0.0,-1.608
52042.0,0,28.4,30,8.0,0.185
77583.0,1,33.9,30,21.0,2.024
39504.0,0,30.8,18,11.0,0.007
44387.0,0,41.1,29,6.0,-0.19
35287.0,0,34.4,17,6.0,-0.357
56648.0,0,45.3,31,5.0,-0.18
49802.0,1,28.7,23,13.0,1.373
27649.0,0,38.4,16,0.0,-2.212
60413.0,1,44.9,25,17.0,1.533
23151.0,0,17.3,19,0.0,-1.424
42821.0,0,59.2,26,4.0,-0.267
35463.0,0,35.2,26,5.0,-0.429
55343.0,1,17.7,14,14.0,0.589
25218.0,0,39.6,21,0.0,-1.598
46055.0,0,38.3,29,11.0,0.462
72801.0,1,37.2,22,21.0,2.024
23960.0,0,47.9,22,0.0,-1.363
42495.0,0,45.5,17,10.0,0.19
25525.0,0,41.0,25,2.0,-0.662
46183.0,0,42.5,20,9.0,0.426
47027.0,0,37.0,15,6.0,0.019
41862.0,1,55.8,18,4.0,-0.641
62556.0,0,23.2,22,10.0,0.488
89164.0,1,39.4,17,19.0,1.804
41693.0,1,38.7,23,5.0,-0.191
47990.0,0,46.1,24,14.0,0.72
34853.0,0,29.6,13,2.0,-1.293
32589.0,0,20.6,20,2.0,-0.956
59591.0,0,39.6,23,10.0,0.472
66822.0,0,40.8,27,16.0,1.484
50547.0,0,52.9,28,10.0,0.356
40228.0,1,25.3,22,3.0,-0.313
49786.0,0,49.5,23,6.0,-0.001
34657.0,1,61.7,24,2.0,-1.25
64044.0,1,34.2,23,12.0,0.605
42633.0,0,25.1,22,17.0,0.882
47678.0,0,33.9,20,5.0,-0.452
26793.0,1,38.1,22,4.0,-0.47
50597.0,0,43.6,27,9.0,0.266
33824.0,0,32.1,13,5.0,-0.437
37808.0,1,53.6,27,6.0,-0.066
55245.0,1,26.9,26,21.0,2.1
30247.0,0,20.6,23,7.0,-0.247
41925.0,0,49.1,21,5.0,-0.358
29400.0,0,15.3,27,7.0,-0.648
44497.0,0,36.0,21,16.0,0.744
58520.0,0,69.2,26,9.0,-0.181
27732.0,0,37.9,27,5.0,-0.649
66407.0,1,26.8,19,17.0,1.321
56637.0,1,37.4,19,20.0,1.42
30936.0,1,37.5,21,6.0,-0.6
18212.0,0,39.6,26,0.0,-1.867
67243.0,1,44.6,31,15.0,1.008
21454.0,0,27.6,11,5.0,-0.685
61518.0,1,54.9,21,11.0,0.791
12040.0,0,40.5,15,0.0,-1.97
52955.0,1,45.3,22,16.0,0.893
31729.0,0,31.7,20,0.0,-1.211
76087.0,1,50.9,25,10.0,0.731
38098.0,0,35.4,28,8.0,0.014
39928.0,0,40.8,26,3.0,-0.954
37414.0,0,28.7,31,3.0,-0.407
45342.0,0,28.0,12,12.0,0.686
58874.0,1,44.9,25,11.0,0.106
47599.0,1,33.6,25,12.0,0.584
57404.0,0,29.5,21,22.0,1.976
29346.0,0,31.6,27,0.0,-1.564
81413.0,1,45.0,26,16.0,1.617
49509.0,0,31.7,16,10.0,0.104
22182.0,0,36.8,22,3.0,-0.899
25936.0,1,38.2,19,0.0,-1.33
48291.0,0,18.8,28,5.0,-0.189
68302.0,1,23.3,19,17.0,0.922
49404.0,1,41.4,28,5.0,-0.128
58795.0,1,30.6,17,19.0,1.511
41539.0,0,48.6,21,0.0,-1.451
44308.0,0,47.7,18,8.0,-0.012
29204.0,1,45.2,25,1.0,-1.252
48094.0,1,56.2,21,6.0,0.364
47158.0,1,37.2,16,10.0,0.887
61993.0,0,44.5,17,6.0,-0.421
23040.0,0,32.2,19,0.0,-2.604
46016.0,0,62.5,26,11.0,0.199
70871.0,1,57.8,29,7.0,0.437
52736.0,0,38.1,18,12.0,0.404
67802.0,1,41.9,28,13.0,1.236
28043.0,0,51.6,23,1.0,-1.071
51829.0,1,36.5,25,10.0,0.68
58186.0,0,31.4,26,19.0,1.193
7444.0,0,46.7,16,0.0,-1.779
43659.0,0,38.8,18,10.0,0.32
42460.0,1,39.8,26,2.0,-0.504
53646.0,0,29.7,27,11.0,-0.082
40263.0,0,20.8,18,11.0,0.348
48005.0,0,40.4,35,5.0,-0.487
22965.0,1,47.0,16,7.0,-0.676
58407.0,1,35.7,30,8.0,0.034
27705.0,0,52.4,29,2.0,-1.087
33356.0,0,31.0,32,2.0,-1.086
54221.0,0,27.5,22,13.0,0.679
36595.0,1,37.3,29,0.0,-1.149
53618.0,1,37.2,18,12.0,0.666
44974.0,1,45.7,26,12.0,0.463
15612.0,0,30.3,23,0.0,-1.726
46693.0,0,51.7,24,4.0,-0.678
60301.0,1,57.7,24,12.0,1.194
31741.0,0,37.6,22,5.0,-0.981
28965.0,0,50.5,23,4.0,-0.464
60429.0,1,27.4,33,13.0,0.462
45858.0,0,48.8,27,13.0,0.783
49880.0,0,48.5,20,4.0,-0.252
34223.0,1,46.6,28,7.0,-0.598
72161.0,1,37.8,20,17.0,1.422
64517.0,1,8.5,25,21.0,1.739
52714.0,1,31.6,17,14.0,0.979
58488.0,0,31.7,28,10.0,0.085
32683.0,0,28.2,22,0.0,-0.808
32924.0,0,39.2,28,2.0,-0.83
60315.0,1,33.8,22,9.0,0.523
37140.0,0,29.8,26,10.0,0.418
39814.0,0,27.4,24,17.0,1.402
64596.0,1,30.8,28,11.0,0.65
27155.0,1,49.2,36,1.0,-1.503
65149.0,1,31.4,18,13.0,1.052
31220.0,0,32.9,18,4.0,-0.998
32795.0,1,33.4,22,8.0,-0.384
55569.0,1,41.4,21,12.0,0.25
71151.0,1,42.6,34,19.0,1.996
71333.0,1,7.6,21,22.0,3.11
48603.0,1,48.2,26,13.0,0.607
31893.0,0,52.4,29,7.0,-0.183
56263.0,1,27.5,26,9.0,0.535
44510.0,0,28.3,14,12.0,0.888
39599.0,0,33.5,22,9.0,-0.321
66755.0,1,30.4,24,16.0,1.795
44164.0,1,40.2,28,10.0,0.23
34870.0,0,18.5,20,11.0,0.498
69984.0,0,26.8,17,11.0,0.666
51380.0,0,53.4,22,12.0,0.422
69062.0,0,28.7,29,16.0,0.839
49578.0,0,50.4,29,4.0,-0.617
34064.0,0,41.6,14,4.0,-0.558
29932.0,0,19.9,22,3.0,-1.1
55442.0,1,44.4,25,12.0,0.44
71924.0,1,36.8,25,12.0,0.779
55449.0,0,33.4,20,10.0,0.458
59003.0,0,40.4,25,14.0,1.674
50858.0,1,42.7,22,6.0,-0.006
62321.0,0,45.1,34,10.0,0.669
24864.0,0,49.8,28,3.0,-1.092
44320.0,0,42.1,22,5.0,-0.387
64647.0,1,24.2,23,12.0,0.696
47219.0,0,33.3,23,13.0,0.849
43532.0,1,67.4,27,4.0,-0.294
56711.0,1,45.2,21,11.0,-0.072
29306.0,1,61.7,19,1.0,-1.518
33553.0,0,52.0,18,9.0,-0.357
66305.0,1,40.4,26,15.0,0.89
57969.0,0,41.0,30,11.0,0.575
53708.0,1,37.6,20,14.0,0.501
51587.0,0,20.6,23,7.0,0.05
57877.0,1,38.2,26,6.0,0.007
37630.0,0,50.1,22,3.0,-0.66
68281.0,0,32.0,25,13.0,0.699
62737.0,0,42.1,22,9.0,0.421
39107.0,1,46.5,24,11.0,0.492
31682.0,1,28.9,23,2.0,-0.526
1841.0,0,33.5,32,0.0,-2.153
57041.0,1,27.8,25,12.0,1.097
28531.0,0,29.8,26,3.0,-0.479
29001.0,1,25.1,24,5.0,-0.863
59496.0,0,29.0,19,15.0,0.693
31986.0,1,52.2,28,6.0,-0.392
58584.0,0,28.8,31,15.0,1.06
53383.0,0,39.3,24,11.0,0.617
54589.0,1,33.0,24,11.0,0.684
29823.0,0,49.8,17,0.0,-1.366
47052.0,1,51.1,27,12.0,1.212
46555.0,1,46.6,28,10.0,0.261
56572.0,1,41.1,26,6.0,-0.369
36799.0,0,35.7,25,7.0,0.143
33430.0,0,26.1,16,0.0,-1.776
44565.0,1,57.4,25,12.0,0.409
20492.0,0,30.4,31,3.0,-1.029
22949.0,0,44.6,29,0.0,-1.353
37754.0,0,48.6,27,0.0,-1.522
52150.0,0,32.4,20,16.0,1.113
39769.0,0,48.4,15,5.0,-0.629
64740.0,0,45.6,23,20.0,1.534
39927.0,0,55.3,21,4.0,-0.536
33001.0,0,33.3,20,0.0,-1.707
35645.0,0,25.1,24,3.0,-1.117
50328.0,1,32.9,12,13.0,1.236
40838.0,0,40.1,23,9.0,-0.156
52855.0,0,38.6,27,2.0,-0.548
48087.0,0,34.1,21,10.0,0.16
38895.0,1,18.9,24,10.0,0.502
49818.0,1,42.7,21,16.0,1.117
75062.0,1,57.7,23,19.0,1.448
47999.0,0,42.6,30,6.0,-0.36
22430.0,0,44.1,24,0.0,-1.326
45278.0,0,43.7,17,4.0,-0.413
65114.0,1,42.0,28,8.0,0.26
44895.0,0,47.3,17,0.0,-0.964
48541.0,1,42.0,18,5.0,-0.957
53700.0,0,34.9,28,10.0,0.344
45001.0,1,30.0,26,5.0,-0.049
43400.0,1,35.5,18,11.0,0.033
34830.0,0,41.1,18,2.0,-0.758
36353.0,1,34.8,18,7.0,-0.23
31906.0,0,41.1,27,1.0,-0.924
68142.0,1,42.4,18,9.0,0.89
48000.0,1,46.3,21,11.0,1.035
10845.0,0,50.8,17,0.0,-1.846
41207.0,0,38.8,28,4.0,-0.93
22679.0,0,24.9,27,0.0,-1.497
24877.0,1,34.5,28,4.0,-0.65
42174.0,0,38.4,18,3.0,-0.083
22618.0,0,19.6,22,2.0,-1.45
33372.0,1,51.9,14,3.0,-0.922
39052.0,0,39.4,27,2.0,-1.004
36594.0,0,41.8,21,12.0,0.207
49384.0,1,51.7,17,11.0,0.069
32906.0,0,31.7,21,6.0,-0.722
49086.0,0,43.7,29,9.0,0.177
26018.0,0,36.9,33,3.0,-0.547
41883.0,1,36.2,33,8.0,-0.272
67081.0,1,30.3,25,15.0,1.673
71513.0,1,54.7,28,20.0,1.34
43413.0,0,34.2,24,0.0,-1.3
64854.0,1,45.0,22,11.0,0.83
55813.0,0,19.2,26,10.0,0.811
42763.0,0,49.8,23,0.0,-1.148
52373.0,0,48.5,17,13.0,0.819
80433.0,1,39.0,32,17.0,1.538
40743.0,0,35.7,28,0.0,-1.123
30223.0,0,42.0,21,2.0,-0.918
79237.0,1,60.9,26,11.0,1.018
48989.0,0,20.4,24,11.0,0.271
71135.0,0,45.8,29,11.0,0.551
52145.0,1,28.9,20,9.0,0.341
43763.0,0,37.8,18,8.0,0.391
21770.0,0,35.5,21,0.0,-1.326
54679.0,0,33.7,28,13.0,1.047
56849.0,1,37.9,22,16.0,1.17
49117.0,0,26.7,17,7.0,-0.229
48390.0,1,48.3,23,9.0,-0.043
9823.0,0,20.1,19,0.0,-1.531
54085.0,0,43.4,27,7.0,0.514
54179.0,1,34.7,19,13.0,0.572
38948.0,0,26.3,26,6.0,-0.062
59337.0,0,40.0,17,13.0,1.124
38703.0,0,22.4,27,6.0,-0.334
59505.0,1,38.4,23,12.0,0.565
35230.0,0,23.8,25,1.0,-1.02
48729.0,0,42.6,27,7.0,-0.024
30730.0,0,28.8,23,6.0,-0.174
64979.0,0,33.5,30,12.0,0.225
30559.0,1,40.9,20,6.0,-0.37
40634.0,0,30.3,22,5.0,-0.131
48270.0,1,37.4,21,11.0,0.826
40059.0,0,22.9,22,5.0,-0.437
28575.0,0,44.3,29,0.0,-1.607
70092.0,1,55.6,24,19.0,1.75
79708.0,1,65.9,19,17.0,1.381
38298.0,0,38.9,24,0.0,-1.292
51442.0,0,45.9,23,11.0,0.69
44126.0,0,20.2,32,6.0,-0.503
65733.0,1,53.0,24,7.0,0.263
60106.0,1,45.8,18,9.0,0.294
39571.0,0,33.2,21,8.0,-0.234
25328.0,0,50.4,28,5.0,-0.784
37929.0,0,35.5,20,3.0,-0.691
41668.0,1,33.4,25,2.0,-0.916
29174.0,0,42.8,23,0.0,-0.832
42979.0,0,27.4,26,9.0,-0.067
40680.0,1,48.2,27,6.0,-0.716
62702.0,0,27.4,25,17.0,0.682
79702.0,1,27.5,28,18.0,1.487
45277.0,0,28.9,21,4.0,-0.58
50128.0,1,45.6,19,8.0,0.239
59053.0,0,31.8,24,7.0,0.5
55032.0,0,24.5,31,11.0,0.472
47404.0,1,31.9,25,13.0,0.076
69003.0,0,37.7,17,15.0,0.743
45911.0,1,26.2,24,13.0,0.482
32852.0,0,26.5,23,1.0,-1.238
67313.0,1,59.1,20,14.0,0.869
54057.0,1,29.4,20,8.0,0.887
39629.0,0,34.8,24,5.0,-0.763
51468.0,0,34.3,20,7.0,0.038
53525.0,0,33.8,20,11.0,0.683
49200.0,0,44.2,35,6.0,-0.209
62741.0,1,47.5,23,14.0,1.073
82688.0,1,34.9,27,21.0,2.364
32282.0,0,25.6,27,3.0,-0.786
29045.0,0,50.7,31,0.0,-1.381
49867.0,0,37.0,31,10.0,0.304
67924.0,1,55.3,21,9.0,0.722
24882.0,0,15.5,25,6.0,-0.231
55857.0,1,40.0,12,15.0,1.453
52021.0,0,57.2,35,0.0,-1.339
56187.0,0,34.5,31,12.0,0.693
34335.0,0,35.7,26,1.0,-0.606
76035.0,1,41.0,28,17.0,1.719
67992.0,1,32.4,41,21.0,1.993
20110.0,1,34.9,18,1.0,-0.767
40137.0,0,34.6,22,8.0,-0.55
50728.0,1,31.7,21,16.0,0.86
42009.0,0,50.3,20,5.0,-0.387
45582.0,0,42.6,14,6.0,-0.045
50418.0,1,40.5,28,9.0,0.025
11505.0,1,46.1,20,0.0,-1.92
45848.0,1,35.4,16,4.0,-0.014
42519.0,1,30.3,27,3.0,-0.69
26178.0,0,32.0,21,5.0,-0.493
50373.0,0,38.0,26,17.0,1.444
19181.0,0,27.4,22,0.0,-1.257
64782.0,1,33.0,34,15.0,0.813
27092.0,1,32.8,21,3.0,-0.279
51268.0,0,59.2,24,4.0,-0.28
52660.0,0,10.3,21,14.0,0.79
49951.0,1,36.2,26,8.0,0.34
43991.0,1,55.3,17,9.0,0.571
52829.0,1,39.2,22,14.0,0.968
49810.0,0,45.5,32,4.0,-0.331
51657.0,1,39.0,29,4.0,-0.612
22526.0,0,31.3,24,0.0,-1.085
40467.0,0,15.6,23,1.0,-0.825
89584.0,1,40.1,27,21.0,2.949
58118.0,0,30.2,22,16.0,1.245
21284.0,0,30.0,23,0.0,-1.351
24131.0,0,33.0,27,0.0,-1.322
69983.0,1,55.4,20,10.0,0.482
60202.0,1,62.0,28,11.0,0.547
62151.0,0,40.2,23,11.0,0.549
42976.0,0,33.4,24,7.0,-0.255
36907.0,0,26.2,19,6.0,-0.125
57710.0,1,42.7,27,12.0,0.328
68568.0,1,55.8,23,5.0,0.086
12844.0,0,35.5,25,0.0,-2.219
48785.0,0,14.2,39,8.0,-0.23
38512.0,0,44.7,31,4.0,-0.851
39584.0,1,47.9,23,7.0,0.175
69069.0,1,22.1,22,24.0,2.985
46259.0,0,39.8,26,8.0,0.367
44894.0,0,42.5,26,7.0,-0.314
65579.0,1,37.3,23,12.0,0.922
39839.0,1,30.1,24,11.0,0.483
56587.0,0,48.2,24,11.0,0.42
54130.0,1,34.0,27,16.0,0.607
69877.0,1,23.1,22,21.0,2.057
33264.0,0,17.5,26,0.0,-1.131
68744.0,1,50.6,21,8.0,0.474
38238.0,0,44.2,30,2.0,-0.926
39344.0,0,38.9,17,11.0,0.556
35019.0,1,33.6,26,0.0,-0.919
47015.0,0,32.7,30,4.0,-0.417
46526.0,0,27.2,23,7.0,-0.295
60789.0,0,33.7,22,13.0,0.976
49961.0,0,16.8,31,15.0,0.918
19005.0,0,30.6,30,0.0,-1.246
48909.0,0,34.9,20,10.0,0.055
27086.0,0,44.1,22,6.0,-0.71
34782.0,0,37.6,22,2.0,-1.259
49934.0,1,45.9,14,4.0,-0.217
43180.0,1,51.5,28,7.0,-0.308
78208.0,1,48.6,27,21.0,2.427
54091.0,1,42.7,18,8.0,0.433
24168.0,0,38.1,28,0.0,-1.378
25098.0,0,28.2,22,3.0,-0.565
57653.0,0,45.4,23,16.0,1.021
74501.0,1,54.8,17,22.0,2.088
40370.0,1,41.4,25,0.0,-1.586
18461.0,0,57.2,22,0.0,-1.88
75511.0,1,22.7,19,18.0,1.871
40168.0,1,26.5,17,10.0,0.39
26706.0,0,46.6,33,5.0,-0.868
51005.0,0,40.6,33,13.0,0.535
7014.0,0,51.1,21,0.0,-2.636
34548.0,0,37.8,27,7.0,0.003
67787.0,1,29.3,33,6.0,0.328
55558.0,1,35.9,27,16.0,0.924
47825.0,0,22.7,19,1.0,-1.014
36177.0,0,26.7,24,12.0,0.086
20485.0,0,47.7,19,3.0,-0.925
62304.0,1,46.7,23,14.0,0.255
27587.0,0,41.6,18,4.0,-0.895
39032.0,0,20.8,27,3.0,-0.408
24868.0,1,34.4,26,1.0,-0.996
54871.0,1,25.8,31,12.0,0.651
43693.0,0,49.8,13,11.0,0.858
38718.0,0,32.2,15,6.0,-0.235
39639.0,0,27.1,23,5.0,0.038
28104.0,0,38.3,18,0.0,-1.449
47849.0,1,31.6,22,7.0,-0.3
48152.0,0,52.8,23,6.0,-0.05
83756.0,1,30.7,34,28.0,2.621
28485.0,0,24.0,24,1.0,-1.112
60458.0,1,16.5,33,15.0,1.464
59077.0,0,37.7,17,11.0,0.997
45233.0,0,32.4,18,10.0,0.281
63374.0,0,23.7,25,18.0,1.759
54631.0,0,49.9,26,12.0,0.372
43805.0,1,44.7,17,10.0,0.389
57357.0,0,37.7,33,5.0,-0.053
62734.0,1,51.6,25,19.0,1.224
62745.0,1,44.6,23,15.0,1.096
35301.0,0,29.8,22,4.0,-0.626
32632.0,0,27.6,24,0.0,-1.319
46505.0,0,46.2,25,8.0,-0.203
34995.0,0,42.0,22,0.0,-0.8
55282.0,0,39.7,21,8.0,-0.064
35953.0,1,29.5,25,15.0,1.237
48966.0,0,44.1,18,6.0,-0.457
54515.0,1,30.4,29,6.0,-0.043
35457.0,1,37.0,33,7.0,0.058
66786.0,1,52.5,20,16.0,0.848
24914.0,0,31.4,22,0.0,-2.247
39054.0,0,22.3,21,0.0,-0.607
32484.0,0,27.5,20,12.0,0.211
66754.0,0,47.9,27,15.0,1.2
45937.0,0,40.5,17,4.0,-0.492
16910.0,0,36.7,21,0.0,-1.877
57002.0,1,32.9,19,10.0,0.62
38078.0,1,42.9,24,3.0,-0.635
34933.0,0,29.5,17,0.0,-1.19
40658.0,1,41.1,36,2.0,-0.624
39248.0,1,30.7,21,5.0,-0.185
34482.0,0,29.0,17,5.0,-0.605
7044.0,0,31.6,26,0.0,-2.206
57093.0,1,34.2,25,14.0,0.897
64122.0,1,37.5,15,16.0,1.275
62131.0,1,40.4,20,9.0,0.652
26607.0,0,1.1,19,2.0,-1.138
29710.0,0,29.9,24,5.0,-0.201
55553.0,0,34.1,27,9.0,-0.007
66732.0,0,53.1,29,9.0,0.599
56701.0,1,27.2,32,11.0,0.668
31219.0,0,39.6,29,3.0,-0.734
42774.0,0,53.0,19,10.0,0.082
46890.0,0,24.9,25,11.0,0.457
64090.0,0,41.9,19,17.0,1.456
49815.0,0,30.0,25,16.0,0.705
50845.0,1,33.0,30,9.0,0.789
52585.0,0,30.0,23,6.0,0.084
65486.0,1,30.7,23,14.0,1.41
48781.0,1,65.2,26,7.0,0.41
38064.0,0,46.4,24,1.0,-0.861
68788.0,1,49.0,30,18.0,1.403
48568.0,0,42.9,26,11.0,0.698
46034.0,0,21.9,21,5.0,-0.443
43718.0,1,41.9,24,2.0,-0.479
47235.0,0,48.7,19,8.0,0.297
48010.0,0,29.5,22,10.0,0.463
54567.0,1,47.7,21,10.0,0.197
52615.0,1,45.0,27,7.0,0.311
70333.0,1,56.5,24,17.0,1.7
66160.0,0,33.8,27,17.0,1.072
37094.0,1,27.0,24,8.0,0.191
49741.0,1,34.4,30,9.0,0.941
42979.0,0,52.4,35,4.0,-1.033
70159.0,1,19.7,29,12.0,0.398
72821.0,1,17.3,21,21.0,1.809
56031.0,0,38.9,18,3.0,-0.218
31690.0,0,33.6,30,6.0,-0.848
33690.0,1,38.1,18,3.0,-0.652
35795.0,0,47.5,19,0.0,-1.09
45583.0,1,32.5,26,2.0,-0.785
27652.0,1,19.3,12,8.0,-0.371
28894.0,0,58.4,22,0.0,-1.406
47875.0,1,28.0,32,9.0,0.016
51408.0,1,27.4,23,14.0,0.902
31265.0,0,49.0,25,2.0,-0.908
72799.0,1,34.2,27,15.0,1.519
57992.0,1,37.4,26,15.0,0.511
69479.0,1,42.8,35,11.0,1.031
44226.0,1,48.8,24,5.0,-0.658
49968.0,1,34.7,21,14.0,0.855
41162.0,1,53.2,28,4.0,-1.092
45463.0,0,16.6,28,16.0,0.89
47908.0,1,45.6,21,9.0,0.172
46290.0,1,29.6,31,12.0,0.553
31864.0,1,51.7,29,4.0,-1.176
34196.0,0,39.4,20,2.0,-0.895
46897.0,0,31.3,22,9.0,0.597
25549.0,0,44.6,15,2.0,-0.948
61001.0,0,46.9,25,8.0,0.463
28400.0,0,44.4,24,1.0,-1.367
52410.0,1,27.7,25,15.0,0.848
24825.0,1,33.2,30,0.0,-1.233
38446.0,1,38.0,19,8.0,0.552
49469.0,0,37.6,19,14.0,0.626
24738.0,0,45.5,15,0.0,-0.697
53858.0,0,17.9,21,8.0,0.582
49263.0,0,41.3,27,9.0,0.26
49966.0,0,35.1,22,5.0,-0.539
35624.0,0,29.6,36,3.0,-1.009
15121.0,0,30.6,28,0.0,-1.963
33034.0,0,35.9,21,14.0,0.35
27673.0,0,2.0,27,0.0,-1.565
35301.0,0,31.0,28,11.0,0.095
36460.0,0,29.2,21,8.0,-0.263
67342.0,0,43.3,25,9.0,0.679
49455.0,1,29.9,32,6.0,-0.302
46443.0,1,35.8,23,10.0,-0.329
66250.0,1,53.4,23,11.0,0.732
61969.0,1,47.9,31,9.0,0.335
64195.0,1,47.0,17,10.0,0.316
48664.0,1,33.0,28,10.0,0.469
23774.0,0,43.4,22,0.0,-1.536
49752.0,1,35.7,27,12.0,0.757
51794.0,0,36.0,25,15.0,0.612
32956.0,0,42.1,28,2.0,-1.017
28736.0,1,32.0,18,4.0,-0.244
41337.0,0,52.9,24,5.0,-0.039
57659.0,1,36.4,25,12.0,-0.134
54688.0,1,44.2,24,10.0,0.334
69883.0,0,52.6,24,17.0,1.431
60764.0,1,48.3,21,13.0,1.082
10843.0,0,23.9,19,1.0,-1.312
53703.0,0,42.4,33,15.0,0.622
71757.0,0,46.5,31,15.0,1.329
41294.0,0,46.9,24,11.0,0.387
61798.0,0,26.9,22,12.0,1.091
59347.0,1,31.4,34,24.0,2.012
61138.0,1,47.9,21,15.0,1.024
50805.0,0,30.4,23,9.0,0.249
54195.0,0,35.0,23,14.0,1.045
68682.0,0,53.8,24,8.0,0.145
42870.0,1,37.5,18,7.0,0.024
34066.0,0,30.7,20,1.0,-0.351
65680.0,0,29.2,33,17.0,1.563
31438.0,1,41.3,19,3.0,-0.818
52258.0,1,24.7,22,18.0,1.532
41446.0,0,35.5,23,10.0,0.5
34772.0,0,41.3,25,0.0,-1.399
49921.0,1,51.0,15,10.0,0.368
33417.0,0,44.7,20,0.0,-2.1
47105.0,0,30.9,21,12.0,0.626
66474.0,1,49.8,27,10.0,0.885
42529.0,0,35.0,30,7.0,-0.592
42180.0,0,25.6,31,10.0,0.124
60561.0,0,36.3,22,18.0,1.954
25834.0,0,52.4,18,6.0,-0.506
36166.0,0,39.7,21,2.0,-1.059
70985.0,0,38.1,18,15.0,1.482
60487.0,1,54.4,21,16.0,1.963
42334.0,1,23.7,22,9.0,0.004
48874.0,0,25.1,20,12.0,1.011
68885.0,1,21.8,39,18.0,1.341
33820.0,0,41.7,24,4.0,-0.742
50810.0,0,39.7,29,4.0,-0.485
61609.0,1,53.4,23,19.0,1.231
58294.0,1,40.4,23,19.0,1.685
48998.0,1,34.0,18,4.0,0.563
31776.0,0,38.0,26,2.0,-0.88
72630.0,0,39.2,22,17.0,1.987
33133.0,0,21.3,25,3.0,-0.531
51965.0,1,65.1,27,6.0,-0.335
47564.0,1,43.2,30,11.0,0.342
60608.0,0,40.1,20,18.0,1.554
54090.0,1,44.2,31,15.0,0.854
43869.0,0,45.1,23,12.0,0.415
64147.0,1,36.6,28,12.0,0.463
42054.0,1,31.7,26,9.0,0.044
51416.0,0,44.0,33,14.0,0.558
24381.0,0,41.9,29,0.0,-2.53
48626.0,1,29.9,22,6.0,-0.297
63754.0,1,52.2,13,6.0,0.241
35290.0,0,40.9,24,3.0,-1.151
45127.0,0,45.3,21,10.0,0.386
65691.0,1,51.9,33,13.0,-0.204
72155.0,1,38.2,17,18.0,1.755
63314.0,0,41.2,26,18.0,1.573
45285.0,1,46.1,31,6.0,-0.466
43537.0,0,30.8,25,5.0,-0.151
43499.0,0,38.5,31,8.0,-0.074
30362.0,0,39.3,33,5.0,-0.452
62320.0,1,28.4,27,9.0,0.195
39802.0,0,61.2,28,6.0,-0.758
30190.0,0,23.9,22,0.0,-1.131
68751.0,1,25.0,18,12.0,0.623
51259.0,1,51.1,21,15.0,0.63
41062.0,0,45.1,22,2.0,-0.804
49067.0,1,27.7,16,13.0,0.895
41900.0,0,44.1,30,9.0,-0.632
55452.0,1,52.7,28,10.0,0.253
64124.0,1,37.7,25,12.0,0.82
60560.0,1,64.0,22,9.0,-0.034
43635.0,0,20.8,27,10.0,0.455
51777.0,0,44.9,28,2.0,-0.516
54492.0,0,49.7,16,10.0,-0.196
41867.0,0,46.9,25,5.0,-0.206
36282.0,0,36.0,28,8.0,-0.747
37088.0,0,35.1,18,6.0,-0.177
26839.0,1,42.4,21,3.0,-1.549
31102.0,0,46.2,27,2.0,-0.491
47505.0,0,44.0,19,8.0,-0.285
27084.0,0,48.4,25,7.0,-0.256
36197.0,0,27.8,31,8.0,-0.241
43948.0,0,35.7,27,10.0,-0.062
57342.0,0,28.6,13,10.0,0.479
54153.0,1,34.1,28,11.0,0.875
42148.0,0,48.2,25,4.0,-0.65
30676.0,0,39.1,28,1.0,-1.203
43167.0,0,64.1,21,1.0,-1.042
41248.0,0,39.9,19,6.0,-0.487
46308.0,0,38.6,19,7.0,-0.352
34914.0,1,39.1,27,2.0,-0.77
19978.0,0,31.6,23,1.0,-1.296
46777.0,1,37.4,32,5.0,-0.456
44567.0,0,49.3,23,8.0,0.181
51354.0,0,39.1,19,13.0,0.595
39259.0,0,30.1,23,3.0,-0.557
50592.0,1,28.7,20,5.0,-0.413
39297.0,0,33.5,24,3.0,-0.927
37685.0,0,38.7,17,11.0,-0.031
27449.0,0,49.9,25,3.0,-0.848
65726.0,1,24.6,21,12.0,0.573
10829.0,0,34.8,27,0.0,-1.786
37081.0,0,39.4,24,6.0,-0.36
50625.0,0,19.7,23,10.0,0.301
63066.0,1,29.7,30,10.0,0.184
77779.0,0,31.2,40,24.0,2.693
51222.0,1,30.0,25,13.0,0.35
26039.0,0,39.9,24,1.0,-1.004
45627.0,0,36.4,30,4.0,-0.095
13851.0,0,32.4,26,3.0,-1.776
37472.0,0,42.3,19,7.0,-0.081
44099.0,0,55.2,27,6.0,-0.833
55975.0,0,54.4,30,16.0,0.915
41059.0,0,18.8,16,7.0,-0.55
42836.0,0,43.8,23,7.0,-0.117
27156.0,0,36.2,30,5.0,-0.636
76246.0,1,39.6,14,16.0,1.739
33425.0,1,34.0,27,10.0,-0.321
65553.0,1,39.2,26,17.0,1.833
55399.0,1,39.5,20,12.0,0.814
61363.0,1,32.2,27,11.0,0.482
43068.0,0,29.0,21,10.0,0.369
41039.0,0,33.5,22,9.0,0.394
21521.0,0,40.3,15,0.0,-1.928
40040.0,0,44.0,21,8.0,-0.279
52283.0,0,46.5,23,14.0,0.845
47804.0,1,33.1,22,7.0,-0.049
20335.0,0,40.8,32,2.0,-1.405
32040.0,0,47.6,25,7.0,-0.052
84107.0,0,49.7,24,21.0,1.704
62708.0,1,37.4,20,16.0,1.247
46718.0,1,35.8,17,10.0,-0.062
54048.0,1,39.9,28,13.0,0.951
45859.0,0,26.5,24,6.0,-0.367
19795.0,0,36.1,24,0.0,-1.704
15134.0,1,45.4,22,7.0,-0.924
62981.0,1,44.4,24,20.0,1.563
39455.0,0,35.3,27,8.0,-0.274
40645.0,0,40.2,23,8.0,-0.243
41373.0,1,29.8,24,5.0,-0.3
67946.0,1,45.0,31,20.0,1.904
59663.0,0,37.2,31,16.0,1.626
74228.0,1,35.2,37,22.0,2.219
28185.0,0,34.4,19,8.0,-0.159
32992.0,0,37.4,26,6.0,0.296
28113.0,0,33.5,31,0.0,-1.517
63828.0,0,44.6,21,18.0,1.477
36829.0,0,34.0,22,1.0,-1.168
51546.0,1,53.9,28,10.0,0.217
24881.0,0,52.7,27,0.0,-1.097
20479.0,0,29.1,22,3.0,-0.589
27136.0,0,38.7,21,5.0,-0.837
38310.0,0,31.5,16,4.0,-0.608
48572.0,0,34.7,20,5.0,-0.539
41857.0,0,58.0,25,4.0,-0.548
47430.0,1,34.9,23,13.0,0.833
29443.0,1,41.6,31,0.0,-1.105
43069.0,1,43.4,17,11.0,0.221
54667.0,0,28.0,24,19.0,1.218
46726.0,0,29.4,26,3.0,-0.513
44767.0,0,25.9,28,2.0,-0.718
40527.0,0,29.1,30,7.0,-0.231
58146.0,0,9.5,34,18.0,1.18
41566.0,0,43.4,24,9.0,0.194
27027.0,0,58.5,20,2.0,-0.531
68535.0,1,39.5,26,10.0,0.484
11268.0,0,23.8,26,0.0,-1.102
41725.0,1,31.6,31,11.0,0.681
66586.0,1,33.4,25,10.0,0.409
39313.0,0,27.8,22,4.0,-0.308
30020.0,1,46.6,24,1.0,-0.839
42837.0,0,46.1,34,3.0,-0.887
55469.0,0,26.4,23,12.0,0.535
52174.0,1,45.3,20,13.0,1.229
39980.0,1,53.3,33,5.0,-0.637
61164.0,0,57.0,29,10.0,0.458
16918.0,0,66.7,21,0.0,-2.087
38689.0,0,29.0,24,6.0,-0.585
60662.0,0,66.2,27,7.0,-0.031
13013.0,0,34.5,18,4.0,-0.91
29543.0,0,32.1,22,1.0,-0.937
37370.0,0,41.3,14,7.0,-0.668
32297.0,0,32.2,20,8.0,0.292
41114.0,0,42.0,35,8.0,-0.187
25117.0,0,24.8,28,0.0,-2.238
12959.0,0,35.6,22,0.0,-2.121
27971.0,0,50.9,26,6.0,-0.607
59853.0,0,37.4,27,10.0,0.458
18198.0,1,39.4,22,0.0,-2.748
38165.0,0,42.8,20,0.0,-0.5
38254.0,0,49.7,18,3.0,-0.526
70203.0,1,21.4,24,19.0,1.388
48413.0,1,43.8,34,8.0,-0.385
57759.0,1,35.3,27,9.0,0.383
41405.0,0,39.7,25,8.0,0.141
5684.0,0,48.6,25,0.0,-2.131
59003.0,1,26.1,18,10.0,0.768
55273.0,0,27.9,27,7.0,0.215
44800.0,0,18.6,17,13.0,0.508
100393.0,1,32.5,20,33.0,3.926
20705.0,0,51.3,32,0.0,-2.084
66590.0,1,36.8,19,16.0,1.725
51960.0,0,24.6,17,6.0,-0.287
46587.0,1,33.1,16,5.0,0.287
38618.0,0,23.1,21,9.0,-0.046
24262.0,0,26.7,30,6.0,-0.424
44066.0,0,41.9,24,2.0,-0.57
41915.0,0,26.3,27,13.0,0.33
27841.0,0,49.1,16,0.0,-1.517
53780.0,1,37.3,22,14.0,0.751
35968.0,0,38.9,22,7.0,-0.416
30080.0,0,35.2,25,0.0,-1.13
41232.0,1,45.7,14,5.0,-0.45
75669.0,1,45.8,35,12.0,1.257
50240.0,0,41.4,20,0.0,-0.535
54354.0,0,43.6,20,8.0,0.358
49883.0,1,35.9,29,2.0,-0.731
62142.0,0,43.4,27,14.0,0.758
59076.0,1,34.6,22,12.0,0.686
80028.0,1,38.0,16,19.0,1.849
31613.0,0,35.3,23,5.0,-0.176
49062.0,1,33.4,21,11.0,0.669
41376.0,1,31.1,24,7.0,0.098
61841.0,1,42.7,25,13.0,1.296
43427.0,0,51.1,23,2.0,-0.719
49576.0,1,49.7,24,13.0,0.745
46401.0,1,25.4,18,6.0,-0.195
42067.0,0,50.9,28,7.0,-0.064
46047.0,1,34.8,26,10.0,0.092
49731.0,0,44.0,21,9.0,0.252
55696.0,0,28.9,25,5.0,-0.116
40291.0,0,39.4,16,10.0,0.215
67967.0,1,41.1,31,18.0,1.578
46973.0,0,23.2,30,15.0,0.985
49967.0,0,44.1,22,14.0,0.869
32454.0,0,51.5,23,6.0,-0.456
39025.0,1,36.3,25,3.0,-0.889
60106.0,0,51.6,16,19.0,0.955
64924.0,1,36.1,31,11.0,0.876
55517.0,0,46.5,13,16.0,1.473
38088.0,0,15.8,23,6.0,-0.604
50178.0,1,62.2,27,7.0,-0.23
26507.0,0,53.0,22,0.0,-1.639
29732.0,0,35.2,24,6.0,-0.392
57627.0,0,18.3,37,17.0,0.997
41714.0,0,40.9,27,3.0,-0.466
50934.0,0,23.6,23,15.0,0.64
48182.0,1,42.4,18,9.0,-0.191
57463.0,1,42.1,22,8.0,0.324
21031.0,0,28.6,25,2.0,-1.148
45170.0,0,49.2,21,8.0,0.085
13641.0,0,46.1,21,0.0,-2.991
41874.0,0,47.8,24,3.0,-0.187
31723.0,0,38.1,18,0.0,-1.63
59870.0,1,23.8,19,17.0,1.206
40756.0,0,47.8,28,14.0,0.777
57310.0,0,35.3,27,10.0,0.467
63231.0,1,24.1,25,19.0,1.521
22683.0,0,51.5,31,4.0,-0.949
68899.0,1,59.0,19,19.0,1.747
49378.0,1,37.6,27,12.0,0.932
50625.0,0,59.6,21,7.0,-0.237
61278.0,1,38.9,24,16.0,1.136
23764.0,0,34.2,25,3.0,-1.106
39647.0,0,31.7,20,5.0,-0.825
45221.0,0,54.4,32,2.0,-0.609
35196.0,0,30.2,23,4.0,-0.529
24059.0,0,45.4,28,0.0,-1.057
56498.0,1,32.4,32,17.0,1.223
33544.0,0,33.4,21,6.0,-0.259
59347.0,1,48.3,23,11.0,0.353
26739.0,1,34.2,23,2.0,-0.57
24768.0,1,34.0,23,0.0,-1.821
48738.0,0,49.3,29,7.0,0.27
34333.0,1,54.0,18,0.0,-1.912
47605.0,0,44.4,28,8.0,-0.069
32280.0,0,31.5,27,0.0,-1.368
65879.0,1,32.9,20,19.0,1.987
47408.0,1,38.8,16,12.0,0.911
45947.0,1,41.2,19,11.0,0.106
67700.0,1,28.1,24,16.0,1.264
45528.0,1,45.2,27,0.0,-0.846
51605.0,1,38.9,27,10.0,0.543
41138.0,1,20.8,26,9.0,0.2
37921.0,0,28.7,23,11.0,0.264
63219.0,1,33.0,34,14.0,1.272
59173.0,1,37.3,32,11.0,0.732
62284.0,0,56.9,21,10.0,0.289
26685.0,0,40.4,26,0.0,-1.655
37328.0,0,29.6,26,0.0,-0.96
39215.0,0,40.2,33,8.0,-0.123
48726.0,1,34.5,24,8.0,0.093
33045.0,0,41.2,25,1.0,-1.13
75887.0,1,43.8,21,26.0,2.412
65836.0,1,50.1,15,17.0,1.516
56199.0,1,37.8,25,13.0,0.602
55571.0,1,54.4,27,10.0,0.072
52368.0,0,47.1,21,4.0,-0.212
13591.0,0,30.9,21,0.0,-0.952
61954.0,1,60.1,29,10.0,0.077
35697.0,1,41.3,14,7.0,0.258
33316.0,1,29.6,20,0.0,-1.242
70935.0,0,54.5,28,12.0,0.334
46713.0,0,58.8,29,5.0,-0.155
23297.0,0,37.7,24,0.0,-1.908
31638.0,0,33.0,26,7.0,-0.86
46716.0,0,36.3,33,2.0,-0.414
71422.0,0,45.1,24,17.0,1.888
46187.0,0,50.8,15,10.0,0.557
27915.0,0,43.7,20,0.0,-1.335
41038.0,0,39.0,20,9.0,0.486
27328.0,0,53.0,23,0.0,-1.547
53168.0,0,34.9,20,18.0,1.083
45385.0,1,48.3,27,6.0,-0.471
37165.0,0,35.1,22,9.0,-0.094
62441.0,1,42.3,23,16.0,1.326
29054.0,0,36.9,23,1.0,-1.287
26178.0,0,37.4,12,1.0,-1.397
39025.0,0,34.2,22,3.0,-0.584
62084.0,1,51.4,30,15.0,1.038
18575.0,0,30.7,21,0.0,-1.519
12160.0,0,30.6,33,0.0,-2.832
41137.0,0,59.2,24,9.0,-0.451
63085.0,1,47.8,19,11.0,0.552
65431.0,0,14.1,27,17.0,1.2
27818.0,0,32.3,26,0.0,-0.463
44682.0,1,19.9,22,9.0,-0.411
66763.0,1,28.5,24,13.0,1.154
4889.0,0,6.6,14,0.0,-1.87
44568.0,0,36.6,24,7.0,-0.389
53740.0,0,26.6,30,9.0,0.19
43483.0,0,38.6,28,11.0,0.449
34554.0,0,21.7,25,8.0,-0.51
49028.0,1,38.8,20,7.0,0.034
18081.0,0,33.9,20,0.0,-2.488
35246.0,1,53.0,29,8.0,-0.658
65415.0,1,52.1,28,12.0,0.454
17156.0,0,45.9,20,6.0,-0.982
56008.0,0,34.7,26,10.0,0.059
57943.0,0,57.9,26,8.0,0.447
35586.0,1,22.5,20,7.0,-0.343
55455.0,1,24.0,28,7.0,0.17
25739.0,0,37.2,29,2.0,-0.963
46021.0,0,60.5,21,7.0,-0.207
57927.0,1,36.0,30,8.0,0.61
47698.0,0,36.2,21,7.0,0.157
29081.0,0,23.6,25,9.0,-0.587
44941.0,0,47.5,24,10.0,0.224
59819.0,1,47.5,29,12.0,0.715
16570.0,0,45.9,29,0.0,-2.05
63937.0,1,31.7,29,14.0,1.159
37592.0,1,30.9,23,6.0,-0.336
56166.0,0,25.1,25,13.0,0.425
74794.0,1,38.8,24,14.0,1.197
22340.0,0,27.2,14,0.0,-1.372
42083.0,0,26.2,25,0.0,-0.709
38803.0,0,33.8,23,4.0,-0.289
29970.0,1,33.1,23,1.0,-0.784
65207.0,1,32.6,28,19.0,1.735
35103.0,0,42.7,20,2.0,-0.857
25156.0,0,38.8,30,9.0,-0.556
51026.0,0,35.1,20,7.0,0.204
31737.0,0,39.8,26,4.0,-1.202
47969.0,0,28.1,31,6.0,-0.396
53432.0,0,39.1,23,12.0,0.317
45791.0,1,39.5,28,7.0,-0.333
38578.0,0,23.0,24,3.0,-0.093
51524.0,0,48.0,21,5.0,-0.529
43263.0,0,29.2,27,0.0,-1.514
47281.0,0,38.9,30,8.0,0.322
80144.0,1,49.6,30,19.0,1.755
44155.0,1,47.3,26,12.0,0.018
46253.0,1,38.3,26,4.0,0.225
52079.0,1,34.4,22,11.0,0.693
36467.0,0,47.5,24,0.0,-1.269
57043.0,0,44.7,21,18.0,1.703
61100.0,1,31.8,21,9.0,0.202
73293.0,1,30.1,22,17.0,1.632
38987.0,0,17.3,28,5.0,-0.733
64897.0,0,39.5,26,22.0,1.818
63214.0,1,37.2,22,18.0,0.775
29002.0,0,49.4,20,10.0,0.553
50274.0,0,41.6,17,6.0,0.234
48300.0,1,51.3,25,8.0,-0.249
45071.0,1,31.0,19,18.0,1.201
55242.0,1,49.4,28,10.0,0.14
26129.0,0,32.7,29,0.0,-1.967
21530.0,1,45.8,28,1.0,-1.117
30688.0,0,23.4,23,6.0,-0.186
69788.0,1,40.4,31,10.0,0.31
42253.0,1,18.2,22,7.0,-0.057
71832.0,1,35.3,34,17.0,1.219
30462.0,0,42.4,21,0.0,-1.951
51093.0,1,32.8,20,11.0,0.144
29347.0,0,27.5,23,0.0,-1.818
41083.0,1,46.5,23,13.0,0.76
40467.0,0,37.0,18,9.0,-0.094
26256.0,0,33.1,33,7.0,0.42
19127.0,0,38.4,17,3.0,-0.864
63740.0,1,64.4,29,16.0,1.279
53508.0,0,49.5,23,15.0,1.042
54078.0,0,49.6,25,11.0,0.584
46134.0,1,42.4,21,8.0,-0.13
56278.0,1,39.7,25,10.0,0.58
33521.0,0,14.0,21,6.0,-0.707
57112.0,0,31.2,26,14.0,0.856
60801.0,1,33.2,32,18.0,1.649
53637.0,1,19.3,32,13.0,1.071
33614.0,0,26.4,22,5.0,-0.73
47595.0,1,18.2,17,11.0,0.361
21769.0,0,37.6,30,0.0,-1.293
62349.0,0,46.2,28,11.0,0.572
62666.0,1,49.1,34,12.0,0.451
15907.0,0,42.1,23,0.0,-1.87
32347.0,1,28.4,32,2.0,-1.162
55181.0,0,18.7,27,6.0,-0.283
39039.0,0,20.4,20,8.0,-0.301
31948.0,0,25.3,26,3.0,-1.209
46663.0,1,29.1,26,12.0,0.389
46473.0,0,36.4,31,8.0,0.251
52838.0,0,27.9,23,5.0,-0.194
37345.0,0,41.4,25,2.0,-0.756
61269.0,1,35.7,33,18.0,1.049
67742.0,1,38.1,24,18.0,1.655
59271.0,0,49.4,15,9.0,-0.484
37602.0,0,26.2,32,4.0,-0.612
47482.0,1,42.2,23,10.0,0.491
35640.0,0,37.9,26,6.0,-0.358
48273.0,0,34.7,21,7.0,-0.139
45376.0,1,46.9,18,11.0,0.74
25811.0,0,46.8,19,0.0,-1.909
55809.0,1,28.5,21,17.0,1.318
29529.0,0,36.2,19,11.0,0.073
30843.0,0,40.8,16,10.0,-0.411
43540.0,0,35.3,24,7.0,-0.089
56788.0,0,43.9,26,7.0,-0.038
32154.0,0,40.8,26,0.0,-1.731
64939.0,1,56.3,18,19.0,1.495
53378.0,1,22.7,22,10.0,0.041
50078.0,1,36.8,24,9.0,0.443
45724.0,1,28.9,22,12.0,0.952
33621.0,0,44.0,24,4.0,-1.021
38608.0,1,21.8,22,12.0,0.473
47439.0,0,41.5,19,8.0,-0.268
63263.0,1,31.7,23,11.0,0.847
11332.0,0,30.7,25,0.0,-2.127
41606.0,0,23.5,19,6.0,-0.099
39157.0,0,33.3,30,6.0,-0.603
62790.0,1,48.8,30,15.0,0.432
44642.0,1,37.7,30,10.0,0.47
44646.0,1,44.3,22,8.0,-0.708
32017.0,1,54.6,28,5.0,-0.712
56285.0,1,40.6,40,5.0,-0.111
39904.0,0,32.4,15,3.0,-0.897
53048.0,1,42.7,23,15.0,0.842
49506.0,0,32.6,25,1.0,-0.369
-3633.0,0,33.0,23,0.0,-2.907
44819.0,0,22.8,14,8.0,-0.375
48035.0,1,47.3,23,3.0,-1.039
30812.0,1,34.1,26,0.0,-1.631
27660.0,0,39.8,19,0.0,-1.237
46058.0,0,27.6,19,8.0,0.109
56768.0,0,42.4,25,14.0,1.329
67812.0,0,30.4,21,9.0,0.313
32017.0,0,36.6,21,4.0,-0.607
63927.0,1,46.8,18,11.0,0.456
38547.0,1,45.9,29,4.0,-0.459
51206.0,0,37.8,34,2.0,-0.695
46594.0,1,20.3,20,3.0,-1.154
31155.0,0,67.9,23,0.0,-1.752
44833.0,0,55.5,23,5.0,-0.39
41328.0,1,45.2,15,10.0,0.158
34305.0,0,30.5,26,7.0,-0.097
44621.0,0,36.9,37,6.0,-0.416
47501.0,1,32.6,25,4.0,-0.946
53609.0,1,50.6,29,10.0,0.608
47252.0,0,40.6,25,0.0,-1.317
50855.0,1,30.2,23,12.0,0.776
33702.0,0,33.3,23,0.0,-1.002
40709.0,1,49.2,16,3.0,-0.752
27586.0,0,54.0,18,0.0,-1.467
24925.0,0,53.3,25,0.0,-0.501
56087.0,1,45.6,26,15.0,0.975
55806.0,1,35.5,27,11.0,0.516
50511.0,0,5.6,22,16.0,0.978
57201.0,0,41.0,27,12.0,0.522
42608.0,1,38.0,34,3.0,-1.104
39920.0,0,39.4,28,8.0,-0.331
27819.0,0,38.5,24,3.0,-0.78
72164.0,0,24.7,29,16.0,1.331
19831.0,0,43.6,21,0.0,-1.197
51510.0,0,44.3,23,16.0,0.894
52339.0,1,44.8,22,13.0,0.893
78347.0,1,47.5,30,17.0,1.83
51326.0,0,44.0,24,7.0,-0.41
51343.0,0,33.9,24,8.0,0.712
72312.0,0,37.3,16,21.0,2.282
40755.0,0,38.9,23,6.0,-0.618
42173.0,0,39.1,30,0.0,-1.535
9149.0,0,48.0,22,0.0,-1.88
64272.0,1,44.4,29,11.0,0.713
27930.0,0,58.8,22,0.0,-1.883
45275.0,1,60.1,32,7.0,-0.372
55377.0,1,38.8,22,10.0,0.437
49994.0,1,-0.4,23,9.0,0.185
56426.0,0,50.4,24,10.0,0.425
67125.0,1,32.6,25,9.0,0.222
59564.0,0,30.0,22,17.0,1.279
33990.0,0,34.0,29,2.0,-0.952
35756.0,0,33.5,30,1.0,-0.677
39670.0,0,44.1,18,5.0,-0.773
53367.0,0,22.4,30,14.0,0.83
53494.0,0,27.2,21,14.0,0.9
51672.0,1,41.4,13,13.0,0.451
57859.0,0,44.2,19,15.0,1.183
24756.0,0,44.4,14,3.0,-1.178
67371.0,0,30.1,26,21.0,1.667
58931.0,0,28.2,22,18.0,1.523
58377.0,0,32.9,27,11.0,0.736
66228.0,0,40.4,18,18.0,1.782
23256.0,0,52.9,20,1.0,-1.657
48754.0,0,17.5,28,2.0,-0.524
33827.0,0,35.8,19,3.0,-0.735
57841.0,0,24.7,31,12.0,0.721
27520.0,1,21.5,26,0.0,-1.05
40336.0,1,47.7,15,14.0,0.757
60727.0,1,43.4,25,17.0,1.371
37917.0,0,42.5,30,11.0,0.695
47292.0,0,47.2,22,11.0,0.284
43775.0,0,33.2,23,2.0,-0.988
25947.0,0,33.7,20,1.0,-0.847
49226.0,1,59.9,24,14.0,1.25
67984.0,1,35.5,20,14.0,0.779
41632.0,0,45.4,24,10.0,-0.039
40669.0,0,38.1,29,5.0,-0.418
24624.0,0,19.5,27,0.0,-2.026
32468.0,0,17.6,21,5.0,-1.071
77273.0,1,32.2,31,17.0,1.911
38022.0,0,48.6,23,1.0,-1.28
38087.0,1,45.9,28,11.0,0.189
46946.0,0,47.1,24,14.0,1.007
40830.0,1,28.1,25,3.0,-1.255
42986.0,0,54.2,23,14.0,0.185
47626.0,0,28.4,16,14.0,0.938
36766.0,1,40.1,17,8.0,0.012
79966.0,1,37.9,29,27.0,2.868
22921.0,0,36.3,30,0.0,-1.669
54413.0,0,51.4,36,9.0,1.059
34044.0,0,30.9,28,7.0,-0.173
59788.0,1,24.5,35,12.0,0.772
43664.0,0,38.2,24,11.0,0.441
29952.0,0,34.0,21,3.0,-0.733
34924.0,0,71.8,23,9.0,0.229
38226.0,0,44.8,20,0.0,-1.858
60160.0,0,33.9,30,13.0,0.603
42235.0,0,27.4,21,13.0,0.298
45251.0,1,19.2,23,10.0,0.639
60447.0,1,27.7,31,12.0,1.058
51652.0,1,39.1,21,10.0,0.368
38510.0,0,52.3,24,9.0,0.148
15705.0,0,49.2,25,5.0,-0.881
33588.0,0,40.3,30,1.0,-0.712
45649.0,0,34.8,22,14.0,1.187
63610.0,0,40.7,23,12.0,1.436
42189.0,0,32.8,22,9.0,-0.238
41944.0,0,55.2,33,9.0,0.046
29784.0,0,36.1,26,2.0,-0.905
71648.0,0,37.1,18,12.0,1.173
56062.0,0,15.8,26,10.0,0.665
66783.0,1,36.0,22,20.0,1.941
55251.0,0,46.4,31,1.0,-0.878
27887.0,0,27.3,18,6.0,-0.378
40550.0,0,30.5,27,13.0,0.231
55863.0,1,45.9,24,11.0,0.646
28149.0,0,23.2,26,5.0,-0.216
50834.0,0,48.6,27,4.0,-0.873
57844.0,0,32.7,33,11.0,0.881
47151.0,0,34.1,27,16.0,0.721
35701.0,0,26.8,24,5.0,-0.916
62801.0,0,41.8,24,16.0,1.355
64695.0,1,62.6,32,13.0,1.17
40916.0,1,45.8,24,8.0,0.134
32769.0,0,29.4,23,8.0,0.08
69447.0,0,49.4,18,12.0,0.554
26163.0,1,34.8,24,5.0,-0.862
63606.0,1,51.7,23,6.0,0.03
15223.0,0,46.1,33,0.0,-2.152
61423.0,1,8.6,30,14.0,0.876
31679.0,1,28.0,26,0.0,-1.561
75381.0,1,47.4,38,15.0,1.503
51322.0,1,39.5,31,6.0,-0.33
26832.0,0,27.8,19,5.0,-0.212
33306.0,1,31.7,21,6.0,-0.628
28340.0,0,18.9,28,4.0,-0.288
67204.0,1,37.1,29,18.0,1.419
7676.0,0,60.1,24,0.0,-2.488
47683.0,1,46.0,20,15.0,1.277
54842.0,1,59.9,32,10.0,0.338
13967.0,0,46.8,24,3.0,-1.207
39907.0,1,48.3,31,0.0,-1.075
60217.0,1,57.7,21,17.0,1.676
30095.0,1,41.8,23,1.0,-0.946
11436.0,0,36.1,19,1.0,-1.153
77398.0,1,48.3,30,13.0,1.137
42740.0,1,52.5,26,6.0,0.339
28113.0,0,33.2,15,0.0,-0.938
33783.0,0,30.8,33,13.0,0.217
28014.0,0,39.4,34,2.0,-1.026
75672.0,1,46.3,21,15.0,1.101
64913.0,1,46.0,28,14.0,1.061
44659.0,0,23.8,31,11.0,0.532
53534.0,0,57.1,33,9.0,0.362
64888.0,1,31.6,31,20.0,1.761
47659.0,1,35.3,29,8.0,-0.0
34214.0,0,29.0,19,0.0,-1.182
53792.0,1,65.0,20,11.0,0.449
75956.0,1,40.4,29,16.0,2.086
32438.0,0,29.5,20,3.0,-1.015
43149.0,1,46.6,29,3.0,-0.361
45264.0,0,45.7,25,10.0,0.416
40470.0,0,36.1,28,5.0,-0.054
39667.0,0,46.4,23,2.0,-0.982
67084.0,1,29.7,28,16.0,1.122
65799.0,1,33.1,24,25.0,2.32
42650.0,0,17.9,27,6.0,0.196
26142.0,0,24.8,25,5.0,-0.904
37324.0,0,56.1,34,0.0,-1.549
45788.0,0,54.4,20,9.0,0.258
77353.0,0,38.7,32,16.0,1.104
57540.0,1,54.6,23,10.0,0.475
51787.0,0,36.4,13,9.0,-0.002
29647.0,0,35.6,26,2.0,-0.589
32273.0,0,38.6,26,0.0,-1.092
62159.0,1,36.8,22,15.0,0.835
48376.0,1,35.8,15,16.0,0.914
29129.0,0,49.4,29,0.0,-1.546
76518.0,1,39.5,29,12.0,1.59
50938.0,0,45.1,28,11.0,0.574
55328.0,0,48.3,19,16.0,1.4
44700.0,0,41.9,29,0.0,-1.342
16981.0,0,28.3,21,0.0,-1.366
43430.0,0,24.5,30,6.0,-0.149
50390.0,1,39.5,34,13.0,0.503
60405.0,0,36.3,33,16.0,1.796
62937.0,1,38.9,27,15.0,0.706
40619.0,0,37.8,26,10.0,-0.243
39006.0,0,63.8,21,0.0,-1.026
38124.0,0,24.7,17,14.0,1.23
33664.0,0,18.1,21,3.0,-0.965
63675.0,1,41.3,32,15.0,1.628
24592.0,0,34.2,18,5.0,-0.284
84039.0,1,41.2,32,20.0,1.591
62631.0,1,43.8,29,14.0,0.679
47300.0,0,50.8,26,11.0,-0.137
46902.0,0,22.9,27,5.0,-0.519
45655.0,1,32.4,28,5.0,-0.341
46994.0,1,42.3,23,11.0,0.428
46482.0,0,45.7,29,8.0,0.077
35338.0,0,59.9,23,4.0,-0.594
41043.0,0,47.6,28,7.0,-0.166
36596.0,0,37.4,29,7.0,0.079
9159.0,0,29.1,19,0.0,-2.129
58608.0,0,32.4,34,8.0,0.458
32411.0,0,32.1,12,1.0,-0.98
28319.0,0,44.6,26,1.0,-1.153
17713.0,0,40.6,29,0.0,-1.687
17045.0,0,24.8,19,0.0,-1.794
14810.0,0,33.6,26,0.0,-1.355
41221.0,1,46.8,22,5.0,-0.709
79330.0,1,41.5,24,17.0,1.953
57878.0,0,43.7,22,4.0,-0.526
37881.0,0,41.8,20,10.0,0.178
58676.0,0,54.3,21,15.0,0.4
40069.0,0,40.4,19,9.0,0.131
36464.0,1,34.1,20,4.0,-0.077
20052.0,0,28.8,24,3.0,-1.195
67511.0,1,40.5,28,16.0,1.451
55979.0,0,13.6,27,19.0,1.807
20677.0,0,36.2,30,0.0,-1.683
28280.0,0,35.9,22,0.0,-1.024
35876.0,0,24.4,36,6.0,-0.28
25332.0,0,28.7,24,1.0,-0.965
32853.0,0,46.1,25,13.0,0.506
37302.0,0,40.3,25,5.0,-0.728
76875.0,1,39.0,36,18.0,2.165
54367.0,0,41.1,30,18.0,1.191
50173.0,0,38.9,23,10.0,0.213
72563.0,1,50.4,21,11.0,1.027
61645.0,1,39.2,25,15.0,1.106
46887.0,0,23.4,26,7.0,-0.564
54756.0,0,54.3,21,1.0,-0.816
65337.0,0,41.7,18,11.0,0.078
42350.0,0,32.1,12,10.0,0.862
34324.0,0,25.5,20,7.0,0.139
22114.0,0,42.0,20,0.0,-1.577
34020.0,0,36.8,14,6.0,-0.803
60567.0,0,53.7,32,7.0,-0.074
50791.0,1,34.5,21,5.0,-0.076
59988.0,1,29.6,21,21.0,1.973
24419.0,0,47.0,23,1.0,-1.386
52319.0,0,47.3,26,12.0,0.506
50009.0,0,39.7,19,16.0,1.489
77781.0,1,44.8,32,22.0,2.271
34183.0,1,37.6,28,4.0,-0.404
37842.0,0,40.3,24,14.0,0.491
46409.0,0,49.6,27,14.0,0.57
51172.0,0,44.3,23,11.0,0.195
44793.0,0,36.3,15,9.0,-0.099
56233.0,1,51.5,26,12.0,0.436
17599.0,0,14.4,18,0.0,-2.532
67748.0,1,58.5,32,13.0,0.682
45790.0,0,20.9,26,9.0,0.126
41521.0,0,31.7,23,9.0,-0.222
72737.0,1,37.6,21,22.0,2.047
35100.0,0,36.5,23,5.0,-0.675
24078.0,0,48.1,24,2.0,-0.403
78796.0,1,27.4,22,20.0,1.992
37387.0,0,40.6,19,2.0,-0.832
29801.0,0,32.2,35,5.0,-0.55
57701.0,1,41.0,23,6.0,-0.147
53672.0,1,37.4,27,12.0,0.841
48371.0,1,38.9,18,10.0,0.208
37452.0,0,32.5,28,0.0,-1.293
41210.0,1,32.9,18,5.0,-0.532
48826.0,0,40.9,25,1.0,-0.607
45072.0,1,47.4,22,6.0,-0.077
63142.0,0,32.0,27,12.0,0.426
41493.0,0,29.3,20,8.0,0.418
35149.0,0,44.1,25,0.0,-1.776
40598.0,1,37.7,15,16.0,1.064
41075.0,0,46.3,28,9.0,0.253
65839.0,1,28.9,26,22.0,1.385
47058.0,1,20.2,23,13.0,0.444
60818.0,1,32.7,30,13.0,1.101
51582.0,0,30.3,34,12.0,0.467
52909.0,1,37.2,17,16.0,1.346
43984.0,1,31.6,23,10.0,0.522
44594.0,0,45.4,14,5.0,-0.098
68706.0,1,35.1,21,24.0,2.272
69422.0,1,39.5,24,12.0,0.889
52786.0,1,39.6,21,11.0,0.574
34927.0,0,39.9,21,0.0,-1.276
35847.0,1,37.8,24,0.0,-1.288
45269.0,0,43.1,29,10.0,0.293
30710.0,0,30.0,30,10.0,0.146
49609.0,0,52.0,27,0.0,-0.614
39506.0,0,35.6,30,9.0,0.141
60666.0,1,24.9,19,16.0,1.589
52820.0,0,39.9,27,15.0,0.695
31423.0,1,29.5,19,7.0,-1.141
51956.0,0,44.7,23,7.0,-0.112
39101.0,0,60.1,27,0.0,-0.805
41349.0,1,30.1,26,6.0,-0.388
47883.0,0,41.3,21,5.0,-0.414
42440.0,0,20.4,30,9.0,-0.478
24335.0,0,42.5,23,4.0,-1.255
31362.0,0,29.1,17,9.0,-0.128
33346.0,1,31.8,23,3.0,-0.561
8201.0,0,27.0,27,0.0,-2.929
64165.0,1,45.3,27,21.0,2.053
59502.0,0,48.1,21,15.0,1.089
40486.0,0,38.2,30,3.0,-0.376
28389.0,1,29.4,34,10.0,0.019
20875.0,0,53.9,19,1.0,-1.172
44937.0,1,30.5,29,18.0,1.696
63173.0,1,16.4,17,18.0,1.897
55160.0,0,42.6,20,7.0,0.157
42900.0,1,27.0,22,15.0,1.024
36408.0,0,47.9,17,6.0,0.175
31678.0,1,34.2,33,2.0,-1.337
34854.0,1,44.0,22,3.0,-0.412
41336.0,1,52.0,16,5.0,0.132
44865.0,1,25.9,24,9.0,-0.455
40768.0,1,32.3,26,5.0,-0.219
35096.0,1,37.2,26,6.0,-0.091
29634.0,0,53.4,25,10.0,-0.081
64107.0,1,31.4,19,12.0,0.052
39607.0,0,32.1,21,0.0,-1.061
33500.0,0,42.8,25,2.0,-0.717
28622.0,0,32.2,21,0.0,-1.285
56654.0,1,39.5,28,16.0,0.978
22689.0,1,22.5,16,0.0,-2.106
60531.0,1,60.1,36,13.0,1.154
54469.0,0,24.5,21,19.0,1.386
48334.0,1,34.8,29,5.0,-0.302
24545.0,0,37.7,21,0.0,-2.603
52065.0,1,57.1,23,3.0,-0.361
51914.0,0,24.8,24,7.0,-0.064
31749.0,0,57.8,17,2.0,-1.011
37969.0,1,45.6,25,4.0,-0.515
51681.0,1,42.2,26,18.0,1.53
54080.0,1,28.2,20,10.0,0.665
38394.0,0,43.7,28,1.0,-0.925
20944.0,0,30.8,18,0.0,-1.598
36162.0,0,50.7,22,9.0,-0.327
51329.0,0,28.3,27,7.0,-0.213
55639.0,0,36.9,24,12.0,0.496
47846.0,0,32.4,23,6.0,-0.535
41028.0,0,28.1,20,13.0,0.511
66468.0,1,45.4,24,18.0,1.935
65615.0,0,43.4,27,11.0,0.816
43658.0,0,50.1,14,6.0,-0.048
34380.0,0,20.2,19,11.0,-0.183
38320.0,0,48.6,25,7.0,-0.357
62037.0,0,63.1,21,16.0,1.181
48818.0,1,33.5,30,5.0,-0.627
45901.0,0,57.0,19,6.0,0.045
53344.0,0,35.4,34,12.0,0.051
39659.0,0,24.3,20,6.0,-0.502
21645.0,0,34.9,28,1.0,-1.372
43415.0,0,48.5,25,6.0,0.323
38809.0,0,29.6,22,9.0,-0.061
39008.0,0,32.0,23,10.0,0.5
35374.0,0,43.9,25,2.0,-0.534
75162.0,1,38.0,27,13.0,1.221
34905.0,0,43.8,24,0.0,-0.877
57770.0,0,40.4,15,16.0,1.712
40074.0,0,42.8,25,0.0,-1.748
43924.0,1,33.7,19,10.0,0.435
41958.0,0,40.3,18,12.0,0.475
42098.0,0,28.7,16,7.0,-0.796
60316.0,1,50.9,25,10.0,0.424
62362.0,1,31.7,30,11.0,1.28
26547.0,0,49.3,24,0.0,-2.217
56687.0,1,35.7,28,13.0,0.503
9694.0,1,40.0,29,0.0,-2.493
17289.0,1,33.1,29,5.0,-0.966
58687.0,0,27.8,26,19.0,1.629
45081.0,0,20.6,30,1.0,-0.582
25703.0,0,27.4,24,1.0,-1.174
47020.0,1,34.8,16,7.0,-0.198
75609.0,1,40.1,30,23.0,2.068
12587.0,0,48.1,33,1.0,-1.832
29664.0,0,33.5,31,4.0,-1.051
68117.0,1,29.2,28,18.0,1.497
60231.0,1,23.6,17,20.0,1.858
45379.0,1,42.8,29,7.0,-0.103
35140.0,0,51.8,24,0.0,-1.239
74231.0,1,50.7,18,21.0,2.096
75773.0,1,45.1,21,18.0,1.594
60175.0,1,44.4,25,10.0,0.679
31551.0,0,55.0,32,6.0,-0.812
43889.0,1,41.3,24,10.0,-0.049
43407.0,0,44.5,21,4.0,-0.16
62196.0,1,34.8,25,13.0,0.331
55781.0,0,24.4,21,16.0,1.451
40467.0,0,31.2,24,12.0,0.879
38982.0,1,37.9,27,4.0,-1.077
55364.0,0,38.6,24,16.0,1.376
42765.0,0,57.3,32,14.0,0.313
54517.0,0,38.8,30,10.0,0.687
76350.0,1,49.8,31,13.0,1.467
24817.0,0,33.6,17,1.0,-1.112
48475.0,0,34.9,27,9.0,-0.036
40684.0,0,24.7,18,3.0,-0.531
31607.0,0,30.6,26,0.0,-1.568
47493.0,1,43.3,27,11.0,0.347
69781.0,1,38.1,28,20.0,2.512
16855.0,0,47.4,27,0.0,-1.84
51212.0,0,39.8,25,7.0,-0.032
56697.0,0,34.5,21,13.0,0.641
44642.0,1,59.5,23,6.0,0.123
58763.0,0,37.1,16,10.0,-0.113
25743.0,1,49.6,26,0.0,-1.299
55787.0,0,34.0,28,11.0,0.233
49341.0,0,45.1,26,5.0,-0.757
21591.0,0,47.3,28,0.0,-2.19
55290.0,1,40.1,19,17.0,1.195
49186.0,1,14.5,21,11.0,0.958
47351.0,1,38.2,29,6.0,0.052
59042.0,0,50.3,29,13.0,0.229
53284.0,1,43.3,31,17.0,1.074
36851.0,1,42.5,26,13.0,0.224
54761.0,0,20.8,18,13.0,0.904
48002.0,1,30.8,25,6.0,-0.297
75905.0,0,42.1,19,17.0,1.312
37206.0,0,42.1,19,10.0,0.321
51072.0,1,50.1,25,8.0,0.194
38837.0,0,36.6,25,0.0,-1.27
49419.0,0,42.1,22,10.0,0.287
35278.0,1,38.2,19,1.0,-0.832
43579.0,1,28.1,17,2.0,-0.638
27037.0,0,15.4,25,4.0,-0.815
39263.0,0,42.3,23,1.0,-1.066
64130.0,1,39.7,27,23.0,2.125
51893.0,1,31.8,30,15.0,1.331
63827.0,0,21.8,27,18.0,1.92
10764.0,0,44.3,25,2.0,-1.223
49134.0,1,35.3,25,7.0,0.071
16453.0,0,43.6,25,0.0,-1.294
41307.0,0,56.6,23,3.0,-0.696
30654.0,0,16.6,17,2.0,-0.918
59282.0,0,31.0,30,19.0,1.24
44022.0,0,35.9,28,3.0,-0.396
64236.0,1,52.5,23,17.0,1.068
46051.0,0,21.6,18,13.0,0.604
93396.0,1,57.4,26,25.0,2.304
30397.0,0,39.4,24,5.0,-1.479
64942.0,0,37.0,19,18.0,1.259
70245.0,1,36.0,26,17.0,1.146
37810.0,0,33.6,24,0.0,-0.973
78160.0,1,48.5,25,12.0,1.007
50359.0,0,27.3,33,11.0,0.336
44533.0,1,41.5,19,3.0,-0.227
27940.0,0,34.2,18,4.0,-0.824
33377.0,0,30.4,26,0.0,-0.719
70627.0,1,63.9,25,23.0,2.05
54054.0,1,42.2,25,7.0,0.001
48207.0,0,44.1,26,13.0,0.782
41006.0,1,49.4,26,2.0,-0.791
38386.0,0,23.8,27,0.0,-0.78
61615.0,0,55.5,24,17.0,1.082
17074.0,0,12.9,21,3.0,-1.35
48256.0,1,30.3,29,5.0,-0.415
46437.0,1,33.4,22,10.0,0.034
22427.0,0,43.8,16,8.0,0.111
36312.0,0,40.2,30,8.0,-0.179
60909.0,0,36.3,26,12.0,0.396
64971.0,0,37.9,24,13.0,0.693
57158.0,0,28.2,28,15.0,0.735
39197.0,1,23.0,20,3.0,-0.986
37654.0,0,45.3,31,6.0,-0.284
60297.0,1,44.9,20,14.0,1.195
68995.0,0,53.8,30,12.0,0.895
28948.0,0,30.1,16,1.0,-1.373
50977.0,0,44.9,26,7.0,0.351
19941.0,0,35.2,28,0.0,-1.978
56545.0,0,49.9,24,8.0,0.047
79882.0,1,48.2,18,18.0,1.898
37739.0,0,40.1,18,0.0,-0.948
36809.0,0,34.6,34,4.0,-0.834
51556.0,0,47.6,19,13.0,0.764
32801.0,0,44.5,24,2.0,-1.543
27765.0,0,31.2,26,2.0,-0.633
42409.0,0,24.7,22,10.0,0.596
26547.0,1,35.1,16,4.0,-0.634
54923.0,0,53.2,28,5.0,-0.236
53285.0,1,49.5,27,12.0,0.744
51822.0,0,26.9,26,11.0,0.422
44246.0,0,26.3,19,11.0,0.267
66223.0,0,50.7,26,9.0,-0.339
52873.0,0,26.6,33,8.0,0.37
31582.0,1,43.1,21,8.0,-0.124
61773.0,1,31.8,24,9.0,0.458
37765.0,0,54.2,22,6.0,-0.497
41446.0,0,30.3,32,8.0,-0.183
30055.0,0,49.4,28,0.0,-0.99
47622.0,0,39.8,31,6.0,-0.035
36706.0,0,40.5,23,4.0,-0.811
24112.0,0,18.3,28,1.0,-1.114
44734.0,1,16.0,30,9.0,0.259
51632.0,1,35.8,28,11.0,0.213
38223.0,1,40.5,21,14.0,0.783
26207.0,0,26.7,23,4.0,-0.431
64624.0,1,27.1,25,9.0,0.408
56874.0,1,43.6,19,9.0,0.551
49382.0,1,43.6,22,11.0,0.445
21717.0,0,36.6,27,0.0,-0.826
47512.0,0,45.8,25,9.0,0.149
57690.0,1,26.3,21,13.0,0.364
64666.0,0,34.4,20,7.0,0.007
36971.0,0,54.5,22,0.0,-2.086
39133.0,0,38.7,21,13.0,0.16
69173.0,1,39.3,17,24.0,2.213
32966.0,0,61.1,28,4.0,-0.36
26831.0,0,24.0,22,4.0,-0.728
46772.0,0,46.0,14,11.0,0.373
50507.0,0,54.6,36,10.0,0.312
78062.0,1,34.8,24,19.0,1.193
23272.0,1,46.6,23,1.0,-1.258
55343.0,1,28.2,27,13.0,0.731
33347.0,0,31.1,19,13.0,0.59
48919.0,1,41.8,22,10.0,-0.142
42928.0,1,46.0,27,12.0,0.339
67856.0,0,49.2,25,15.0,1.029
58894.0,1,53.7,27,10.0,0.872
20167.0,0,37.3,26,0.0,-1.143
41811.0,1,49.9,20,15.0,0.82
40281.0,1,34.6,32,8.0,-0.065
49543.0,0,47.0,27,10.0,0.073
49562.0,0,40.1,25,12.0,0.073
39478.0,0,42.5,23,5.0,-0.15
68942.0,1,42.2,18,17.0,1.192
34102.0,1,22.0,18,7.0,-0.084
5663.0,0,26.8,21,3.0,-1.12
45892.0,1,39.0,26,6.0,-0.394
53134.0,0,21.1,16,13.0,0.179
70792.0,0,46.3,22,16.0,1.229
45346.0,1,46.7,21,10.0,0.603
30727.0,0,41.3,24,4.0,-0.851
82531.0,1,26.8,28,24.0,2.485
44431.0,0,51.8,21,12.0,0.265
67604.0,1,58.4,27,17.0,1.275
37069.0,0,39.5,22,12.0,-0.152
43051.0,0,43.1,23,11.0,0.533
47805.0,0,40.0,23,13.0,0.839
70660.0,1,43.3,23,14.0,1.218
58419.0,1,36.8,14,15.0,1.057
65990.0,1,37.7,12,14.0,0.872
46941.0,0,47.1,26,7.0,-0.315
53109.0,0,61.5,18,5.0,-0.572
53236.0,0,24.0,24,9.0,0.333
62317.0,0,37.0,26,12.0,0.933
39393.0,0,26.2,24,6.0,-0.223
87044.0,1,53.9,24,17.0,1.065
62251.0,0,32.1,24,19.0,1.453
16052.0,0,23.6,25,2.0,-0.916
37659.0,0,44.4,23,1.0,-0.837
37674.0,0,55.4,23,7.0,-0.14
61223.0,1,44.6,27,14.0,0.308
47219.0,0,40.0,37,7.0,-0.525
63108.0,1,42.1,24,17.0,1.352
46708.0,0,52.1,33,12.0,0.424
43933.0,0,29.3,18,11.0,0.039
22671.0,0,36.9,26,0.0,-1.436
35834.0,0,33.5,30,0.0,-1.316
53068.0,0,26.3,35,9.0,0.281
42604.0,0,34.7,26,0.0,-2.133
56252.0,1,49.1,15,14.0,1.013
39725.0,0,43.7,16,9.0,-0.158
86645.0,1,44.4,25,26.0,3.243
76027.0,1,39.5,30,25.0,2.308
52224.0,0,43.2,27,7.0,-0.181
39512.0,0,30.0,21,9.0,-0.106
71662.0,0,34.9,22,16.0,0.996
73384.0,1,39.9,25,20.0,1.703
22674.0,0,40.8,29,0.0,-1.638
18514.0,0,41.2,27,0.0,-1.786
46255.0,0,36.6,28,8.0,-0.622
53255.0,1,34.2,18,13.0,0.583
55372.0,0,69.6,23,10.0,0.497
57810.0,1,47.1,27,16.0,1.07
33532.0,1,42.1,24,1.0,-1.2
12345.0,0,35.7,28,0.0,-2.316
65313.0,0,33.5,24,14.0,0.858
39002.0,0,36.7,17,3.0,-0.828
20419.0,0,40.9,28,0.0,-2.018
42804.0,0,19.2,27,7.0,0.145
54501.0,0,22.3,33,10.0,0.793
45736.0,1,31.6,26,8.0,-0.122
32161.0,0,40.1,25,6.0,-0.458
27523.0,0,35.6,25,7.0,-0.159
37789.0,0,52.8,32,6.0,-0.371
23572.0,0,23.2,15,0.0,-1.348
31394.0,1,30.5,20,3.0,-0.715
62690.0,1,53.2,23,10.0,0.521
48624.0,0,39.3,32,12.0,0.322
62333.0,0,46.8,20,10.0,0.168
34843.0,1,58.5,26,1.0,-0.995
41707.0,0,31.1,19,10.0,-0.182
21415.0,1,37.0,35,0.0,-2.177
52051.0,1,35.3,19,10.0,0.178
67740.0,0,18.5,25,16.0,1.429
30911.0,0,34.9,21,2.0,-1.474
24444.0,0,46.8,32,5.0,-0.586
53359.0,0,43.4,23,10.0,0.329
56076.0,1,44.2,26,15.0,1.253
36180.0,0,34.2,23,6.0,-0.448
40223.0,0,31.4,20,6.0,-0.692
14719.0,0,50.7,27,0.0,-1.969
58343.0,1,33.0,28,9.0,0.103
70719.0,1,40.9,28,24.0,2.042
65741.0,0,39.6,24,11.0,0.277
47675.0,0,52.6,26,7.0,-0.022
66965.0,1,47.7,25,7.0,0.322
52505.0,0,25.0,25,7.0,-0.011
27974.0,0,26.1,22,4.0,-0.813
49134.0,1,43.8,29,14.0,0.823
50722.0,0,37.4,36,12.0,0.226
43467.0,1,33.4,28,6.0,0.018
47257.0,0,48.2,24,1.0,-0.975
61148.0,1,39.9,21,13.0,1.304
50452.0,0,38.5,24,9.0,0.665
26168.0,0,45.8,14,3.0,-0.553
61613.0,0,34.2,34,15.0,1.002
34788.0,1,53.7,24,7.0,-0.498
37373.0,0,30.1,22,1.0,-0.782
44910.0,1,44.6,27,2.0,-0.76
20301.0,0,52.3,27,0.0,-1.771
59645.0,1,24.2,27,11.0,0.472
21912.0,1,34.6,18,0.0,-1.831
21402.0,0,49.4,31,4.0,-1.228
34991.0,0,49.6,29,0.0,-2.076
38922.0,1,36.3,23,7.0,-0.086
46151.0,0,30.7,25,6.0,-0.15
48120.0,1,47.6,21,3.0,-0.327
36978.0,0,49.8,23,0.0,-1.043
31761.0,0,26.4,23,0.0,-1.172
40005.0,0,26.0,20,9.0,0.464
52662.0,0,40.3,27,3.0,-0.551
61790.0,1,44.3,32,11.0,0.316
36929.0,0,35.0,21,4.0,-0.885
36328.0,0,44.8,19,8.0,0.181
55747.0,1,30.9,30,20.0,1.303
56722.0,1,16.9,23,8.0,0.586
27386.0,1,33.8,30,6.0,-0.412
55091.0,1,38.6,31,9.0,0.257
30849.0,0,35.2,24,5.0,-0.241
35412.0,0,26.4,20,7.0,0.008
29681.0,1,19.8,23,6.0,-0.326
47026.0,1,32.9,24,7.0,-0.164
57422.0,0,47.0,23,8.0,0.212
37348.0,0,50.6,23,0.0,-0.993
39254.0,0,49.9,30,0.0,-1.016
28457.0,0,29.8,25,0.0,-1.389
29928.0,0,26.5,27,0.0,-1.6
36274.0,1,43.0,17,0.0,-1.217
24345.0,0,44.4,16,9.0,0.159
39937.0,0,42.0,14,2.0,-0.893
57751.0,1,17.9,26,11.0,0.514
40618.0,0,29.3,22,7.0,0.035
5140.0,0,37.7,23,0.0,-1.969
56730.0,0,42.9,31,10.0,0.655
59494.0,0,45.7,30,12.0,0.811
31766.0,0,39.4,35,1.0,-0.994
52632.0,0,41.3,28,9.0,0.42
43224.0,0,38.8,24,3.0,-0.856
67381.0,0,44.9,30,8.0,0.098
31071.0,0,41.1,23,0.0,-1.264
25653.0,0,38.7,22,0.0,-1.793
35213.0,1,35.3,19,4.0,-0.383
39426.0,0,38.8,24,8.0,-0.124
42666.0,0,42.8,39,10.0,-0.398
42815.0,1,40.7,21,0.0,-1.184
47924.0,0,41.8,28,6.0,-0.4
65880.0,0,51.4,26,10.0,0.269
35137.0,0,40.7,36,9.0,-0.045
39027.0,1,31.5,27,10.0,0.183
49901.0,1,46.8,24,4.0,-0.67
71002.0,1,24.3,22,15.0,1.172
29329.0,0,27.2,24,0.0,-1.176
17630.0,1,41.4,20,9.0,0.488
55609.0,1,43.2,18,15.0,1.182
53787.0,1,25.5,21,8.0,0.481
33800.0,0,34.2,20,6.0,-0.203
39832.0,0,31.9,28,7.0,-0.528
74291.0,1,33.1,22,14.0,1.036
41749.0,0,47.4,30,1.0,-1.423
42489.0,0,45.1,33,5.0,-0.97
39085.0,0,37.8,22,5.0,-0.398
59276.0,1,32.5,31,16.0,1.238
56195.0,1,24.5,23,10.0,0.38
37317.0,0,52.2,33,1.0,-0.968
41642.0,0,43.9,20,4.0,-0.31
26158.0,1,30.9,20,6.0,-0.614
33846.0,1,45.2,20,4.0,-0.71
64056.0,1,37.3,17,18.0,0.979
19500.0,0,35.1,26,2.0,-1.372
68084.0,1,42.4,15,16.0,1.609
60327.0,1,30.6,26,15.0,0.828
60742.0,0,34.6,22,14.0,1.091
44109.0,0,39.2,25,8.0,-0.463
50273.0,1,33.0,24,6.0,-0.15
22415.0,0,44.7,18,0.0,-1.433
28766.0,0,56.7,20,3.0,-0.525
43604.0,1,30.5,14,9.0,0.494
66294.0,1,21.3,22,14.0,1.296
20105.0,0,18.0,30,0.0,-1.107
31863.0,0,36.5,24,8.0,-0.366
36421.0,1,31.4,23,11.0,-0.151
12595.0,0,40.1,19,0.0,-1.396
44719.0,1,39.3,18,14.0,0.591
42710.0,0,22.0,29,3.0,-0.724
34999.0,0,19.9,29,8.0,-0.195
30629.0,1,41.0,33,2.0,-0.452
32238.0,0,39.4,28,4.0,-0.789
51361.0,1,33.7,25,4.0,-0.007
29281.0,1,21.4,30,7.0,-0.216
50671.0,0,42.7,34,6.0,-0.372
26838.0,0,50.7,26,4.0,-0.728
47487.0,1,40.8,17,8.0,0.32
63906.0,1,29.5,28,19.0,1.654
43654.0,1,38.4,17,10.0,0.14
55386.0,0,24.3,30,14.0,0.996
34733.0,0,48.6,18,1.0,-1.39
47089.0,0,38.8,27,9.0,0.158
24534.0,0,20.3,26,2.0,-1.097
30085.0,0,35.0,23,0.0,-1.477
40281.0,0,42.6,34,4.0,-0.739
58047.0,1,34.7,33,16.0,1.192
56725.0,0,35.2,27,13.0,0.95
40061.0,0,25.8,25,7.0,0.243
21731.0,0,43.7,31,0.0,-1.533
51918.0,1,31.5,29,9.0,-0.196
52961.0,1,16.4,30,10.0,0.302
51113.0,0,34.3,17,10.0,0.176
29227.0,0,47.8,24,0.0,-1.844
25038.0,0,34.1,17,4.0,-0.89
55448.0,0,55.4,28,7.0,-0.064
51898.0,1,42.3,21,10.0,0.536
26388.0,0,41.4,24,0.0,-2.196
44261.0,1,36.7,22,6.0,-0.162
50119.0,0,37.3,30,11.0,0.143
60146.0,1,35.4,23,15.0,0.85
57766.0,0,35.0,17,13.0,0.693
43111.0,1,43.3,27,9.0,0.583
21586.0,0,28.6,26,3.0,-0.8
24664.0,0,27.2,19,0.0,-1.908
41449.0,0,26.8,25,5.0,-0.393
54083.0,0,58.5,26,14.0,1.002
69231.0,1,43.3,29,18.0,1.393
45320.0,1,41.0,23,11.0,0.711
75880.0,0,27.4,31,10.0,0.429
60383.0,0,44.2,22,10.0,0.38
45730.0,1,36.8,23,7.0,-0.556
46366.0,1,40.1,20,7.0,-0.13
60214.0,1,28.2,18,16.0,1.669
22648.0,0,39.6,21,0.0,-0.943
64231.0,1,33.8,17,18.0,1.615
33709.0,0,30.3,28,5.0,-0.322
55195.0,0,45.3,23,17.0,1.325
14478.0,0,22.6,25,0.0,-1.407
56275.0,0,43.6,32,10.0,0.586
34570.0,0,44.8,27,1.0,-0.737
30978.0,0,29.2,25,0.0,-1.415
51249.0,0,29.8,31,11.0,0.219
61415.0,1,35.8,24,15.0,1.009
54359.0,0,40.8,14,1.0,-0.845
32972.0,0,36.5,23,0.0,-1.499
33264.0,0,42.3,19,8.0,-0.092
50465.0,0,55.6,26,4.0,-0.087
55186.0,1,32.9,34,11.0,0.548
42890.0,0,20.8,24,17.0,0.95
33953.0,0,46.3,24,7.0,-0.059
77617.0,1,54.8,31,16.0,1.856
55460.0,1,41.9,18,8.0,0.224
33641.0,1,27.1,24,5.0,-0.346
35437.0,1,36.8,21,3.0,-1.612
45650.0,1,26.8,26,10.0,-0.263
52495.0,1,44.4,15,7.0,-0.336
67014.0,1,24.5,29,13.0,0.96
50032.0,0,35.0,31,13.0,0.462
44426.0,0,28.0,35,0.0,-1.179
41264.0,1,39.3,25,11.0,0.172
74831.0,1,34.3,26,14.0,0.672
56771.0,0,39.8,26,17.0,1.528
55100.0,0,38.2,24,16.0,0.888
50913.0,1,28.1,24,12.0,0.761
45847.0,1,44.3,21,6.0,0.06
72975.0,0,37.5,25,12.0,0.388
53809.0,0,28.1,20,15.0,1.25
43577.0,1,60.4,32,1.0,-1.333
38438.0,0,42.8,19,10.0,-0.349
42192.0,0,36.5,21,2.0,-0.773
46719.0,0,52.2,22,10.0,0.379
65174.0,0,56.4,28,19.0,1.23
42648.0,0,36.5,25,6.0,-0.597
11863.0,0,41.5,29,0.0,-2.39
63033.0,0,28.1,37,4.0,-0.412
60588.0,0,36.5,22,12.0,0.913
52345.0,1,36.0,25,10.0,0.538
48838.0,1,39.8,30,11.0,0.428
43673.0,0,41.3,29,6.0,-0.28
19763.0,0,43.6,20,1.0,-1.279
66198.0,0,40.4,27,9.0,0.515
37023.0,0,25.9,27,3.0,-0.834
72898.0,1,28.6,29,17.0,2.184
59594.0,0,32.5,26,12.0,0.571
36637.0,1,35.2,34,7.0,-0.581
30392.0,0,48.5,27,1.0,-0.611
45099.0,1,26.4,30,8.0,-0.093
42210.0,0,34.4,23,5.0,-0.24
69076.0,1,47.5,35,16.0,1.117
34577.0,0,35.0,23,9.0,0.186
32261.0,0,42.6,20,4.0,-0.732
45208.0,1,36.6,22,19.0,1.89
39718.0,1,40.6,26,11.0,0.049
58405.0,0,35.7,19,13.0,0.769
45990.0,0,44.7,23,3.0,-0.608
37704.0,0,22.5,24,10.0,0.363
44992.0,0,34.4,22,9.0,0.311
24974.0,1,41.0,20,0.0,-1.89
81209.0,1,43.3,23,19.0,2.015
73960.0,0,52.9,20,14.0,1.291
41472.0,0,34.1,28,6.0,-0.397
32107.0,0,52.8,26,1.0,-1.102
36833.0,0,31.4,26,12.0,0.348
50698.0,1,51.3,19,8.0,0.087
68894.0,0,46.2,34,6.0,0.356
59450.0,1,28.9,26,8.0,0.192
55134.0,1,41.1,21,8.0,0.506
69118.0,1,37.5,32,18.0,1.447
51247.0,1,44.3,30,8.0,0.568
28812.0,0,35.8,23,0.0,-1.05
66871.0,1,34.9,34,15.0,1.363
68146.0,0,51.7,26,21.0,1.641
93163.0,1,37.0,22,25.0,3.152
41054.0,0,46.3,28,1.0,-1.123
52541.0,0,35.7,29,11.0,0.243
14122.0,0,54.7,23,0.0,-2.082
43729.0,0,31.2,29,13.0,0.553
31597.0,0,31.9,31,7.0,-0.548
75252.0,1,53.2,25,21.0,1.923
16027.0,0,33.6,11,1.0,-0.775
25281.0,0,54.0,16,0.0,-1.689
51952.0,0,46.9,25,7.0,-0.471
25597.0,0,36.5,21,0.0,-1.975
50687.0,1,19.9,21,11.0,0.751
14404.0,0,37.8,24,0.0,-2.065
51940.0,0,39.0,25,10.0,0.028
22466.0,0,49.7,16,0.0,-2.078
44568.0,1,53.9,25,5.0,-0.32
58181.0,0,31.2,21,15.0,1.643
50941.0,0,46.0,24,10.0,0.361
33162.0,0,45.7,24,2.0,-0.863
55911.0,1,48.7,27,8.0,-0.031
55094.0,0,43.0,21,6.0,0.018
39820.0,1,18.6,25,11.0,0.473
18358.0,0,36.4,24,0.0,-1.367
61762.0,0,26.4,28,9.0,0.593
13370.0,0,36.0,24,0.0,-2.704
31058.0,0,47.8,31,2.0,-0.63
47664.0,0,41.1,26,5.0,-0.488
56456.0,0,49.5,22,12.0,0.633
65410.0,1,41.4,20,9.0,0.023
22303.0,0,25.0,15,0.0,-1.406
38468.0,0,12.8,26,1.0,-0.985
36417.0,0,39.5,27,11.0,0.199
54299.0,0,35.9,22,7.0,-0.079
47738.0,1,28.2,28,5.0,-0.579
48714.0,0,21.0,21,5.0,-0.481
63737.0,1,30.7,23,13.0,0.696
39504.0,1,36.1,19,4.0,-0.518
35973.0,0,44.7,27,8.0,-0.088
69506.0,0,39.9,40,21.0,2.17
19439.0,1,54.1,26,1.0,-1.424
11657.0,0,27.6,14,0.0,-1.852
61932.0,1,46.8,24,9.0,0.784
39945.0,1,38.5,27,2.0,-0.679
39234.0,0,44.9,19,8.0,-0.318
27027.0,0,33.6,17,3.0,-0.781
29911.0,0,48.7,28,7.0,-0.26
70082.0,1,41.0,30,15.0,1.599
55440.0,0,31.2,19,13.0,0.802
46596.0,0,37.9,21,11.0,0.862
25978.0,1,35.6,23,0.0,-1.416
46657.0,1,42.9,22,0.0,-1.151
18837.0,0,26.2,27,0.0,-2.839
24568.0,0,37.7,31,4.0,-0.809
60196.0,1,42.0,29,15.0,0.957
62493.0,0,38.3,23,8.0,0.517
45231.0,1,51.5,23,7.0,-0.222
42342.0,0,45.7,18,7.0,-0.022
47864.0,1,37.9,22,1.0,-0.689
56279.0,0,40.2,28,9.0,0.205
62116.0,0,41.0,25,12.0,0.766
22918.0,0,42.0,19,0.0,-1.616
50160.0,0,19.7,20,10.0,0.3
68495.0,1,35.0,14,12.0,0.932
36393.0,0,23.2,20,7.0,-0.415
53299.0,1,50.8,16,8.0,0.701
88525.0,0,37.4,25,25.0,2.815
62821.0,1,36.1,25,4.0,-0.104
68385.0,0,47.0,27,9.0,0.393
33181.0,0,42.2,22,5.0,-0.738
42490.0,0,26.7,21,7.0,0.181
41784.0,0,37.3,23,8.0,0.46
50380.0,1,34.6,23,14.0,0.195
22154.0,0,20.6,28,0.0,-1.02
45228.0,1,31.1,25,13.0,0.206
71080.0,1,36.2,26,16.0,1.462
56531.0,1,36.9,26,10.0,0.449
39635.0,0,23.2,24,15.0,0.962
57646.0,0,49.5,31,9.0,-0.237
44550.0,0,37.0,22,10.0,0.75
45520.0,1,38.4,34,9.0,0.279
24279.0,0,42.0,25,4.0,-0.951
41950.0,0,30.1,23,10.0,0.319
31010.0,1,42.6,32,4.0,-0.992
29675.0,0,34.3,24,5.0,-0.633
26813.0,0,29.0,28,13.0,0.189
49667.0,0,43.7,21,10.0,0.297
33823.0,0,52.9,20,1.0,-1.189
78890.0,1,45.2,21,15.0,1.054
57739.0,0,47.2,28,11.0,0.572
31390.0,0,32.8,23,5.0,-0.705
17147.0,1,22.0,23,0.0,-1.538
45526.0,0,52.9,29,9.0,-0.145
46120.0,0,58.5,24,7.0,-0.446
49045.0,1,53.4,32,10.0,0.113
40427.0,0,34.6,24,7.0,-0.363
33557.0,0,26.5,21,0.0,-2.007
38268.0,1,27.3,23,5.0,-0.388
24913.0,1,21.2,16,8.0,-0.306
59031.0,0,36.9,23,15.0,0.634
44345.0,1,54.1,24,0.0,-0.698
54060.0,1,36.6,24,17.0,1.679
24535.0,0,41.0,18,0.0,-1.912
54814.0,0,51.8,25,14.0,1.311
48433.0,1,34.0,26,5.0,-0.224
75626.0,1,58.4,20,14.0,0.86
48130.0,0,57.9,28,12.0,0.08
69544.0,1,36.7,22,11.0,1.14
27857.0,0,32.2,16,5.0,-0.387
18107.0,0,45.0,12,2.0,-1.099
77864.0,0,34.5,26,18.0,1.421
44566.0,0,26.4,26,8.0,-0.113
58874.0,1,50.8,31,13.0,0.222
74858.0,1,50.2,30,15.0,1.235
28227.0,0,39.6,23,4.0,-1.032
60253.0,1,25.4,27,10.0,0.595
40665.0,0,25.7,21,5.0,-0.59
32616.0,0,39.1,22,5.0,-0.132
57421.0,0,33.0,26,10.0,0.072
35541.0,0,34.6,18,0.0,-1.5
26517.0,0,48.2,23,4.0,-0.779
63115.0,0,45.3,21,15.0,1.351
54253.0,0,51.8,17,14.0,0.886
57709.0,1,28.1,28,8.0,-0.063
36918.0,0,34.6,29,7.0,0.243
71027.0,0,45.6,23,4.0,-0.294
63955.0,1,42.5,27,16.0,1.357
54202.0,1,53.3,27,8.0,-0.2
57713.0,0,42.2,16,13.0,0.232
60357.0,0,56.5,27,15.0,1.146
35362.0,0,43.4,24,5.0,-0.777
64476.0,1,48.6,26,14.0,1.559
19465.0,0,34.8,27,3.0,-1.53
67352.0,0,38.1,28,19.0,1.63
41012.0,0,47.1,26,6.0,-0.373
41032.0,0,54.1,28,6.0,-0.243
23206.0,1,45.3,27,0.0,-1.89
42428.0,0,37.2,17,4.0,-0.455
27208.0,0,51.8,20,6.0,-1.04
31845.0,0,16.1,22,2.0,-0.608
49008.0,0,23.8,28,5.0,-0.137
62094.0,1,44.8,23,12.0,0.958
42716.0,1,38.1,28,7.0,0.208
49809.0,0,44.1,27,10.0,0.308
38047.0,1,38.6,23,4.0,-1.096
41202.0,0,43.7,15,1.0,-0.881
61520.0,1,29.9,21,16.0,1.799
34165.0,1,43.7,18,4.0,-0.735
64005.0,1,47.9,26,18.0,1.656
41950.0,1,50.2,26,9.0,-0.243
54488.0,1,58.1,26,7.0,0.002
64366.0,1,40.4,17,14.0,1.07
71281.0,1,40.7,21,15.0,1.272
39856.0,0,22.8,21,8.0,-0.111
30701.0,1,32.7,22,5.0,-0.388
49595.0,0,36.1,26,7.0,-0.056
51104.0,0,48.5,21,6.0,0.338
57659.0,1,31.9,22,12.0,0.891
39178.0,1,46.0,26,9.0,0.004
53058.0,1,38.0,21,13.0,0.619
56645.0,1,36.2,19,17.0,1.638
54605.0,1,40.5,14,13.0,0.381
44714.0,0,34.1,25,10.0,0.312
19373.0,0,33.7,12,0.0,-1.519
-623.0,0,21.0,29,0.0,-2.631
59305.0,1,35.5,19,13.0,0.388
40874.0,0,33.2,24,7.0,-0.095
36544.0,0,32.8,14,2.0,-0.515
43464.0,0,42.2,29,5.0,0.244
32459.0,0,44.6,27,7.0,-0.06
55029.0,0,40.3,27,16.0,1.128
48954.0,1,48.0,32,7.0,0.086
37642.0,0,43.8,17,1.0,-0.747
55599.0,1,35.0,20,13.0,0.99
38353.0,1,33.4,22,9.0,-0.217
38161.0,0,41.1,17,8.0,0.527
42919.0,1,43.7,22,4.0,-0.477
33526.0,0,52.0,28,7.0,-0.65
61163.0,1,49.9,24,9.0,0.084
44743.0,0,32.6,21,8.0,0.013
55702.0,0,37.0,28,10.0,0.48
42992.0,1,44.7,21,6.0,-0.269
25776.0,0,48.7,23,0.0,-1.836
33289.0,0,47.4,21,4.0,-0.433
43604.0,0,37.4,18,11.0,0.794
43272.0,1,25.5,28,8.0,-0.297
43908.0,0,28.0,19,6.0,-0.246
45279.0,1,40.7,28,15.0,0.986
32177.0,0,41.4,21,4.0,-0.712
41975.0,1,27.0,22,0.0,-1.543
47373.0,0,38.4,27,7.0,-0.161
54438.0,1,44.3,20,4.0,-0.484
25206.0,0,26.5,18,1.0,-0.966
41690.0,0,49.0,29,4.0,-0.175
60666.0,0,34.2,38,9.0,0.492
55163.0,1,50.6,27,7.0,-0.009
47129.0,0,32.7,25,7.0,0.307
57921.0,1,27.7,24,16.0,1.813
48853.0,0,33.4,22,8.0,-0.343
68879.0,0,37.0,28,10.0,0.278
25732.0,0,34.1,25,4.0,-0.509
44349.0,0,35.8,18,7.0,-0.846
39136.0,1,41.3,32,1.0,-0.585
35130.0,0,36.3,19,7.0,-0.479
51172.0,0,37.3,24,10.0,0.359
60181.0,0,20.9,21,24.0,2.349
34698.0,0,41.9,15,4.0,-0.716
29977.0,1,37.1,25,2.0,-0.417
51667.0,0,54.1,31,8.0,-0.063
66610.0,0,28.6,27,11.0,0.396
39734.0,0,19.9,22,5.0,0.264
62786.0,1,44.2,24,20.0,1.284
15247.0,0,41.5,24,0.0,-2.426
23336.0,0,27.9,28,0.0,-2.387
43199.0,1,22.7,26,3.0,-0.496
72836.0,1,53.4,35,16.0,1.097
24284.0,0,52.1,25,1.0,-1.566
8046.0,0,13.1,22,0.0,-3.008
28224.0,1,33.4,30,11.0,0.571
56160.0,0,54.6,27,8.0,0.244
21061.0,0,33.2,23,1.0,-1.09
28817.0,0,33.1,20,1.0,-0.986
41501.0,1,35.2,23,3.0,-0.97
31956.0,0,26.8,23,7.0,0.111
46843.0,1,21.0,26,5.0,-0.626
55113.0,1,48.5,28,9.0,0.494
19005.0,0,19.6,22,0.0,-2.855
28666.0,0,40.5,29,4.0,-0.857
21715.0,1,46.9,27,0.0,-1.126
40915.0,1,23.5,17,8.0,-0.256
43854.0,0,28.8,35,6.0,-0.538
64561.0,1,50.1,24,12.0,0.798
14803.0,0,43.3,27,0.0,-1.859
32223.0,0,31.8,28,8.0,0.045
52805.0,1,50.0,19,14.0,0.558
71421.0,0,50.1,16,23.0,1.857
44349.0,0,40.7,30,5.0,-0.482
58720.0,0,29.0,18,11.0,0.324
18546.0,0,33.9,19,0.0,-1.804
1367.0,0,40.9,22,0.0,-2.392
66428.0,1,36.1,20,13.0,0.845
47703.0,0,47.4,24,5.0,-0.006
60105.0,0,22.7,30,13.0,1.179
31414.0,0,23.1,20,1.0,-1.373
65219.0,1,39.8,28,10.0,0.52
66304.0,0,33.1,24,21.0,1.869
58308.0,0,31.7,24,11.0,0.42
52484.0,1,20.3,22,13.0,0.277
41687.0,0,38.2,34,9.0,0.009
25004.0,0,37.5,29,1.0,-1.571
68781.0,1,44.5,18,17.0,1.356
32702.0,0,38.7,28,5.0,-0.611
58747.0,0,36.7,29,13.0,0.504
29675.0,0,49.8,27,0.0,-1.563
32531.0,0,24.9,28,1.0,-1.179
77550.0,1,43.4,25,17.0,1.435
39778.0,0,21.3,18,7.0,-0.347
62753.0,1,29.6,15,15.0,1.453
45582.0,1,25.9,30,6.0,-0.078
20993.0,0,45.8,15,0.0,-1.842
58705.0,0,37.3,28,17.0,0.892
47808.0,0,37.9,20,3.0,-0.59
46230.0,0,26.9,22,11.0,0.699
38753.0,0,35.0,22,10.0,0.025
35818.0,0,30.4,26,0.0,-1.543
43218.0,0,41.8,26,10.0,0.164
76197.0,1,28.1,33,23.0,2.196
51576.0,1,51.3,27,10.0,0.493
30361.0,1,21.2,20,8.0,-0.058
61080.0,1,29.9,24,15.0,1.075
57565.0,0,54.8,18,8.0,0.211
46365.0,0,33.6,25,10.0,0.21
17875.0,0,24.9,24,4.0,-1.092
52207.0,1,40.2,26,9.0,0.234
50265.0,0,33.2,23,15.0,1.035
10957.0,0,29.6,16,3.0,-0.836
61803.0,1,27.0,20,16.0,1.424
54794.0,1,65.7,23,9.0,-0.092
41991.0,0,35.5,18,1.0,-0.888
68138.0,0,18.7,25,17.0,0.998
51807.0,1,52.9,24,8.0,-0.287
66299.0,1,44.1,29,11.0,0.76
29673.0,0,30.3,23,10.0,-0.292
55457.0,0,28.7,23,8.0,-0.06
62272.0,0,44.7,26,10.0,0.494
45383.0,0,35.5,26,12.0,0.291
22418.0,0,18.7,19,0.0,-1.996
40274.0,0,55.9,32,0.0,-1.121
69864.0,0,33.7,38,13.0,0.929
45849.0,0,53.0,32,8.0,-0.132
33663.0,0,50.8,20,1.0,-0.524
21876.0,0,28.0,18,0.0,-1.359
44167.0,0,48.3,42,2.0,-1.08
4002.0,0,31.5,23,0.0,-2.022
20608.0,1,19.3,28,8.0,-0.101
43336.0,0,33.8,20,4.0,-0.598
36196.0,0,42.0,25,0.0,-0.967
43436.0,0,33.4,24,9.0,-0.068
38463.0,0,34.9,25,12.0,0.364
59755.0,1,49.4,18,20.0,2.093
20741.0,0,39.1,19,0.0,-1.512
60541.0,0,29.6,25,16.0,1.159
52044.0,0,45.0,20,13.0,0.973
45748.0,0,40.0,38,0.0,-0.779
37424.0,0,12.8,32,10.0,0.203
34396.0,0,42.3,17,4.0,-0.458
58442.0,1,41.9,35,8.0,0.186
64124.0,1,38.2,30,20.0,1.509
53986.0,1,46.9,25,11.0,0.606
46347.0,0,31.3,32,11.0,0.509
33910.0,0,41.4,26,6.0,-0.43
26674.0,0,22.3,20,0.0,-1.484
48179.0,1,42.1,16,5.0,-0.208
67426.0,1,57.5,26,15.0,1.207
23052.0,1,28.1,24,0.0,-1.527
27387.0,0,30.4,14,2.0,-1.055
56418.0,0,30.9,16,9.0,0.126
22410.0,0,39.3,27,7.0,-0.985
48982.0,0,27.4,25,1.0,-0.793
44546.0,1,42.2,26,7.0,-0.424
27042.0,0,46.5,18,2.0,-1.366
40139.0,0,43.3,17,3.0,-0.974
38050.0,1,20.3,29,11.0,0.703
42047.0,0,48.0,26,3.0,-1.307
41493.0,0,47.4,22,0.0,-1.598
47989.0,0,46.3,28,3.0,-0.63
40124.0,1,41.7,23,15.0,0.732
52081.0,1,40.2,25,6.0,-0.197
51942.0,0,48.3,14,8.0,-0.465
61960.0,0,57.2,31,5.0,0.044
11957.0,0,28.5,28,0.0,-1.746
60085.0,0,48.8,22,10.0,0.495
66036.0,1,37.1,21,11.0,0.383
39530.0,0,36.7,22,5.0,-0.409
45745.0,1,22.6,23,13.0,1.006
38072.0,0,35.2,27,4.0,-1.127
69270.0,1,28.0,29,18.0,1.128
44044.0,0,33.4,20,8.0,0.154
28588.0,0,27.0,19,3.0,-0.337
53543.0,1,33.5,18,4.0,-0.02
35153.0,0,33.9,16,8.0,-0.107
65967.0,1,39.0,25,17.0,1.22
43123.0,0,21.9,30,2.0,-1.077
21811.0,0,23.5,32,3.0,-0.763
69641.0,1,41.6,32,13.0,1.036
34805.0,0,30.0,24,6.0,-0.596
59573.0,1,48.7,28,17.0,0.901
73246.0,1,40.3,27,14.0,1.699
35518.0,0,44.1,28,5.0,-0.402
48292.0,1,52.1,22,10.0,0.681
16218.0,0,34.9,24,0.0,-1.154
62649.0,0,32.3,23,10.0,0.755
48527.0,1,46.7,24,10.0,0.199
55800.0,0,43.1,24,12.0,0.473
33292.0,0,36.1,26,7.0,-0.646
17060.0,0,51.9,21,0.0,-1.661
57539.0,1,35.9,18,8.0,0.503
22912.0,0,38.3,25,0.0,-2.063
42128.0,1,38.2,24,3.0,-0.317
59907.0,1,28.7,23,11.0,0.941
39335.0,0,38.8,23,10.0,0.192
80360.0,1,52.0,17,20.0,1.948
72508.0,1,42.4,31,15.0,1.025
43874.0,0,38.3,28,3.0,-0.654
41709.0,0,36.4,23,10.0,0.027
44003.0,0,41.3,18,7.0,-0.047
40689.0,0,45.5,30,1.0,-1.582
47678.0,1,44.1,24,3.0,-0.94
54524.0,0,34.7,29,4.0,-0.561
15208.0,0,41.2,27,0.0,-2.036
39728.0,0,42.8,27,8.0,0.047
43575.0,1,27.9,20,10.0,-0.249
29233.0,0,39.7,29,0.0,-1.673
42870.0,0,16.4,12,10.0,0.404
52997.0,1,42.8,19,12.0,0.716
62254.0,1,44.6,27,11.0,0.227
42707.0,0,45.5,31,7.0,-0.324
44383.0,1,34.0,23,11.0,0.591
46029.0,0,41.1,31,10.0,0.68
52201.0,0,52.2,22,8.0,0.307
63447.0,1,52.1,21,3.0,-0.825
40068.0,0,37.7,23,12.0,0.277
60036.0,1,39.4,25,15.0,1.195
57945.0,0,49.1,21,3.0,-0.597
66650.0,1,23.0,23,17.0,2.098
42452.0,0,34.8,28,8.0,-0.526
64000.0,0,51.4,33,9.0,0.032
31181.0,0,47.8,27,6.0,-0.672
49559.0,1,41.7,29,11.0,0.223
18360.0,0,22.9,27,0.0,-1.742
24229.0,0,37.5,15,5.0,-0.546
43565.0,0,32.1,25,4.0,-1.092
45237.0,1,41.3,24,9.0,0.135
47509.0,0,29.9,19,15.0,0.994
47658.0,0,27.7,25,14.0,0.646
20873.0,0,17.4,25,0.0,-2.372
75041.0,1,50.2,24,20.0,2.042
43210.0,0,34.0,33,10.0,0.295
40391.0,1,39.6,16,5.0,-0.776
53383.0,0,38.0,25,10.0,0.157
44523.0,0,27.3,21,11.0,0.176
35231.0,1,25.4,20,5.0,-0.667
52394.0,0,27.9,17,10.0,0.198
36192.0,0,30.8,30,3.0,-0.607
55963.0,1,41.7,22,4.0,-0.404
30710.0,0,30.0,31,5.0,-0.686
25180.0,0,55.5,30,0.0,-1.433
40460.0,0,48.3,22,9.0,0.146
53125.0,1,46.1,19,14.0,0.585
53819.0,1,36.8,24,14.0,0.515
49105.0,1,53.1,23,14.0,0.82
51739.0,1,35.8,22,9.0,0.324
45483.0,1,37.7,22,5.0,-0.533
49207.0,1,39.7,38,15.0,0.84
25993.0,0,45.0,27,0.0,-1.358
41687.0,1,44.4,20,1.0,-0.901
23002.0,0,33.2,20,5.0,-0.964
57833.0,1,32.7,26,15.0,1.08
69579.0,1,44.4,28,13.0,0.943
69482.0,1,45.2,26,12.0,0.487
63592.0,1,34.1,24,16.0,1.072
31914.0,0,22.1,31,1.0,-0.879
47661.0,1,35.9,24,10.0,0.349
51119.0,0,44.2,22,7.0,-0.125
66738.0,0,56.1,24,14.0,0.847
34369.0,1,26.0,19,9.0,-0.115
47024.0,0,33.7,25,5.0,-0.385
45250.0,0,34.1,21,8.0,0.541
49271.0,0,51.6,18,15.0,0.876
37698.0,0,37.7,35,2.0,-0.668
54239.0,1,28.9,27,8.0,-0.061
35812.0,0,43.6,26,1.0,-1.058
16275.0,0,34.0,23,0.0,-2.498
50188.0,1,25.8,19,13.0,0.2
54309.0,0,29.1,23,18.0,0.609
53633.0,1,55.3,29,6.0,0.262
26637.0,0,41.8,22,0.0,-1.95
38074.0,1,39.1,22,6.0,-0.351
22813.0,0,35.5,23,0.0,-2.218
68531.0,0,40.9,24,18.0,1.37
37581.0,0,40.8,23,4.0,-1.086
68511.0,0,40.9,35,16.0,1.255
62242.0,1,39.1,20,12.0,0.946
43484.0,0,46.7,18,4.0,-0.901
13868.0,0,38.2,28,1.0,-1.133
57368.0,1,28.2,24,10.0,0.35
50953.0,0,31.9,31,2.0,-0.844
37886.0,0,18.2,23,11.0,0.102
36176.0,0,58.3,24,8.0,-0.483
34211.0,0,46.6,20,0.0,-1.781
10375.0,0,29.7,29,0.0,-2.23
41364.0,0,35.2,22,9.0,0.227
41866.0,1,31.6,26,2.0,-0.562
34085.0,0,53.4,24,5.0,-0.553
61021.0,1,23.8,24,11.0,0.696
52727.0,0,39.1,24,12.0,1.173
46652.0,1,36.9,21,5.0,-0.273
48429.0,1,46.3,30,4.0,-0.341
64157.0,0,37.0,25,10.0,0.5
34402.0,0,20.4,20,0.0,-1.357
40665.0,0,35.5,13,9.0,0.223
39448.0,0,28.3,22,10.0,0.552
60386.0,0,38.8,27,13.0,0.68
19283.0,0,52.3,28,0.0,-1.937
31769.0,0,20.6,31,4.0,-0.761
25782.0,0,30.0,30,2.0,-0.878
52602.0,0,32.5,34,8.0,0.1
43225.0,0,34.2,16,9.0,0.481
66590.0,1,45.4,24,15.0,1.497
39244.0,0,36.3,28,6.0,-0.495
40321.0,0,42.2,21,1.0,-0.498
66351.0,1,31.7,26,15.0,1.15
49161.0,1,40.3,21,9.0,0.297
54847.0,0,45.8,22,17.0,1.268
34890.0,1,30.7,22,7.0,0.289
34308.0,0,45.8,31,1.0,-1.157
30225.0,1,38.5,22,1.0,-1.333
24266.0,0,48.5,35,0.0,-1.552
52743.0,0,36.0,23,10.0,0.662
69483.0,1,41.8,24,15.0,1.189
78227.0,1,37.6,21,20.0,1.849
44292.0,1,37.0,18,13.0,0.843
61056.0,1,40.6,33,16.0,1.163
47533.0,0,43.4,30,2.0,-0.58
46417.0,1,25.5,32,0.0,-1.156
51813.0,1,52.3,15,13.0,0.85
57449.0,0,19.4,21,8.0,0.418
33661.0,0,31.2,21,7.0,0.107
57693.0,0,37.1,20,12.0,0.387
49243.0,1,42.1,20,10.0,0.323
79273.0,1,53.8,30,15.0,1.284
55240.0,0,19.4,31,14.0,1.295
47090.0,0,32.9,19,13.0,0.544
51092.0,0,16.7,26,13.0,0.846
39320.0,0,38.3,27,9.0,0.514
29174.0,1,40.7,27,1.0,-0.461
63146.0,1,53.9,23,16.0,0.757
36755.0,0,39.2,27,0.0,-1.394
67273.0,1,48.4,26,15.0,1.054
20110.0,0,43.8,18,4.0,-1.195
50218.0,0,33.6,18,10.0,0.286
24423.0,0,23.9,23,2.0,-0.845
57114.0,1,40.8,19,8.0,0.553
50605.0,0,23.1,21,5.0,-0.034
31345.0,0,51.0,28,0.0,-1.595
63754.0,1,36.4,21,13.0,0.421
40858.0,1,50.0,21,4.0,-0.578
55320.0,1,33.2,21,12.0,0.881
45958.0,0,40.7,25,9.0,0.001
38518.0,0,40.1,21,9.0,0.395
29618.0,0,37.5,22,3.0,-0.958
37558.0,1,33.7,24,5.0,-0.589
40213.0,1,41.9,22,4.0,-0.459
56438.0,0,28.7,27,13.0,0.857
50872.0,0,25.9,22,22.0,1.677
31637.0,1,50.4,28,4.0,-0.805
70669.0,1,45.3,23,17.0,1.077
5605.0,1,38.7,23,0.0,-2.17
37298.0,0,54.7,21,3.0,-1.194
29305.0,0,35.3,21,4.0,-0.959
32835.0,0,51.2,29,0.0,-1.353
39925.0,0,39.8,31,0.0,-1.584
49569.0,1,27.8,21,9.0,0.413
52406.0,1,56.5,21,4.0,-0.214
52307.0,0,47.9,29,11.0,0.379
52229.0,0,36.8,25,13.0,0.69
46213.0,0,45.3,19,10.0,0.266
58096.0,0,34.0,26,12.0,0.658
43357.0,1,46.3,29,7.0,-0.07
19713.0,1,14.1,18,6.0,-1.187
57960.0,1,27.8,16,12.0,1.058
43342.0,1,47.8,22,6.0,-0.589
19605.0,0,35.5,29,2.0,-0.936
43492.0,0,40.1,27,5.0,-0.178
21611.0,0,24.5,22,2.0,-0.913
48177.0,0,56.5,27,3.0,-0.417
39685.0,1,49.9,26,9.0,0.344
66680.0,1,36.0,22,10.0,0.348
33313.0,1,34.0,22,0.0,-0.898
33772.0,0,48.3,25,6.0,-0.488
62402.0,1,57.8,29,13.0,1.074
60038.0,1,47.5,26,8.0,0.496
82082.0,1,59.7,19,18.0,2.075
55784.0,0,28.8,26,19.0,1.18
44393.0,0,29.8,17,11.0,1.144
16064.0,0,26.1,21,1.0,-1.388
56920.0,0,42.4,24,11.0,0.764
52525.0,0,39.8,25,7.0,-0.053
45500.0,0,36.5,17,6.0,-0.551
48575.0,0,46.1,20,10.0,0.168
65929.0,0,50.3,25,12.0,0.945
66020.0,1,22.7,20,8.0,0.501
43686.0,0,32.0,28,4.0,-0.878
64916.0,1,46.2,22,14.0,0.742
29995.0,0,33.3,24,4.0,-0.638
53104.0,0,30.0,20,10.0,0.217
44777.0,0,48.2,16,5.0,-0.303
45645.0,0,25.1,25,5.0,-0.219
63031.0,0,35.0,21,13.0,0.766
35279.0,0,41.3,22,3.0,-1.04
69661.0,1,32.3,25,20.0,1.945
15563.0,0,45.8,24,0.0,-1.821
34403.0,0,32.3,24,3.0,-0.598
56458.0,1,52.1,26,13.0,0.37
57244.0,1,36.7,26,11.0,0.584
46952.0,0,44.7,26,7.0,-0.1
52706.0,0,45.5,23,5.0,-0.057
60108.0,1,31.7,31,10.0,0.411
40650.0,1,17.5,20,8.0,-0.231
58881.0,1,41.6,27,18.0,1.393
60447.0,1,38.7,21,16.0,0.839
73278.0,0,43.6,20,14.0,0.873
38636.0,1,35.7,25,3.0,-0.966
39034.0,0,33.7,15,7.0,-0.079
49294.0,0,58.1,28,5.0,-0.3
34290.0,0,23.3,19,4.0,-1.006
54100.0,0,45.3,20,12.0,0.36
48069.0,0,32.3,22,3.0,-0.538
57250.0,1,34.6,19,13.0,0.655
41885.0,0,34.8,23,3.0,-1.07
68265.0,1,30.0,20,16.0,1.719
47601.0,0,43.7,27,4.0,-0.896
59571.0,0,51.9,26,7.0,0.219
64782.0,1,42.7,21,8.0,0.792
47221.0,1,39.0,23,4.0,-0.571
76362.0,1,28.1,31,14.0,0.852
38438.0,0,43.2,19,0.0,-1.229
57865.0,0,59.6,20,22.0,1.452
45966.0,0,34.2,22,9.0,0.014
36361.0,0,34.2,31,5.0,-0.596
56684.0,0,32.4,23,7.0,-0.299
65984.0,0,33.1,35,12.0,0.809
52324.0,0,10.5,36,6.0,-0.584
29135.0,0,42.1,18,4.0,-0.749
50887.0,1,29.5,15,7.0,-0.222
17145.0,0,21.9,23,0.0,-1.177
57639.0,1,45.5,22,16.0,1.821
32205.0,0,27.2,19,4.0,-0.566
69170.0,1,34.6,23,14.0,0.832
43372.0,1,52.7,18,8.0,0.209
30737.0,0,23.9,24,3.0,-0.985
55140.0,1,22.7,25,7.0,-0.006
64983.0,1,40.7,27,14.0,0.784
62795.0,0,49.5,28,5.0,-0.188
60183.0,1,22.3,26,16.0,1.193
52537.0,0,42.1,16,13.0,1.022
49743.0,1,43.8,18,10.0,0.919
35251.0,0,17.4,34,5.0,-0.46
27011.0,0,46.0,38,5.0,-1.08
24380.0,0,46.8,24,1.0,-0.614
65794.0,1,34.9,26,9.0,0.196
52619.0,0,50.5,19,13.0,0.546
41978.0,0,49.4,28,0.0,-2.172
42343.0,1,39.0,30,7.0,-0.008
41989.0,0,33.5,21,8.0,0.158
32807.0,0,28.3,19,4.0,-0.278
57313.0,1,37.6,20,18.0,1.291
61505.0,1,43.7,28,9.0,0.422
64567.0,0,34.8,24,15.0,1.31
45115.0,0,16.0,20,3.0,-0.216
72091.0,1,50.7,26,15.0,0.937
76165.0,1,39.9,22,20.0,1.635
55903.0,1,34.2,29,18.0,1.312
29589.0,0,46.6,28,0.0,-1.092
44415.0,0,53.2,21,8.0,-0.254
68278.0,1,10.0,19,3.0,-0.345
62702.0,1,42.3,35,11.0,0.489
54150.0,1,23.7,21,13.0,0.686
44268.0,1,43.0,26,4.0,-0.839
39781.0,0,39.3,18,9.0,0.068
26414.0,1,44.4,23,0.0,-2.02
71592.0,1,33.0,22,13.0,1.442
37010.0,1,19.3,16,6.0,-0.512
37342.0,0,33.5,17,9.0,0.056
41271.0,0,42.1,25,4.0,-0.31
61319.0,1,48.2,28,12.0,1.146
-1665.0,0,26.3,25,0.0,-2.838
44369.0,1,48.3,23,10.0,-0.017
33216.0,1,31.5,18,9.0,-0.106
30606.0,0,41.6,27,4.0,-0.454
57222.0,1,32.9,17,13.0,1.726
42253.0,0,39.8,25,4.0,-0.887
69113.0,1,46.9,18,13.0,0.772
38746.0,1,25.7,28,9.0,0.356
74760.0,1,31.2,25,18.0,1.262
29858.0,0,39.8,33,6.0,-0.667
49382.0,1,62.0,28,4.0,-0.733
61927.0,1,29.4,25,15.0,1.096
62451.0,1,58.4,31,11.0,0.425
22941.0,1,58.0,24,0.0,-1.545
26284.0,1,37.0,22,3.0,-0.539
45766.0,1,35.0,25,11.0,0.386
58430.0,0,31.1,30,11.0,0.838
51802.0,0,37.3,22,7.0,-0.679
-719.0,0,23.9,23,0.0,-2.914
51374.0,0,37.2,30,10.0,0.523
26609.0,0,53.0,25,1.0,-1.22
19337.0,0,31.9,23,0.0,-2.017
-2395.0,0,35.6,37,0.0,-2.832
64400.0,0,21.0,26,16.0,0.814
51097.0,1,41.7,29,10.0,0.129
49826.0,0,40.6,24,10.0,-0.226
61306.0,1,38.6,17,17.0,1.389
51848.0,0,35.8,15,13.0,0.637
75987.0,1,35.1,25,20.0,1.616
30494.0,0,43.0,27,0.0,-1.393
50084.0,1,37.7,31,8.0,-0.035
19720.0,0,41.1,25,0.0,-1.617
37494.0,0,40.1,21,8.0,-0.229
35399.0,0,49.2,24,5.0,-0.249
47831.0,0,44.8,26,7.0,0.627
55046.0,0,39.9,21,8.0,0.046
68027.0,0,53.2,19,8.0,0.623
42693.0,0,42.2,18,10.0,0.703
79578.0,1,51.0,28,19.0,2.155
44585.0,1,44.1,35,5.0,-0.315
41721.0,0,19.6,23,4.0,-0.941
53589.0,1,51.0,23,12.0,0.246
34916.0,0,39.4,22,4.0,-0.802
59547.0,1,37.5,24,18.0,1.482
29169.0,0,40.8,22,8.0,-0.283
43183.0,0,34.6,22,0.0,-0.566
43309.0,0,40.3,29,5.0,-0.471
55953.0,0,32.1,26,9.0,0.718
42224.0,0,50.7,35,8.0,-0.158
38963.0,1,36.9,25,0.0,-0.642
73339.0,1,34.2,23,18.0,1.665
42595.0,0,28.8,32,4.0,-0.856
35002.0,0,40.7,18,6.0,0.036
48442.0,0,39.9,27,14.0,0.652
14688.0,0,41.9,24,0.0,-1.631
50432.0,0,27.7,23,12.0,0.48
39612.0,1,22.0,23,3.0,-1.055
55582.0,1,44.3,20,12.0,0.823
28372.0,0,52.8,15,3.0,-0.963
49291.0,0,27.7,26,12.0,0.693
81505.0,1,53.9,22,15.0,1.106
67499.0,1,40.8,21,12.0,0.861
56253.0,1,37.9,22,7.0,0.251
47989.0,1,34.0,29,6.0,-0.231
36104.0,0,24.2,26,4.0,-0.576
59081.0,1,47.9,21,15.0,1.471
26949.0,0,30.2,25,6.0,-0.699
27042.0,0,30.2,26,0.0,-1.037
51042.0,1,47.9,31,12.0,0.665
27559.0,0,19.2,24,6.0,-0.796
28699.0,0,22.8,16,4.0,-0.95
28047.0,0,37.8,28,2.0,-1.444
37882.0,1,40.9,26,4.0,-0.483
51296.0,1,42.8,23,9.0,-0.083
48352.0,1,35.0,22,7.0,0.243
62129.0,0,63.3,26,13.0,0.951
43224.0,0,35.7,16,11.0,0.527
47906.0,0,35.7,25,6.0,-0.191
38747.0,1,30.0,18,6.0,-0.198
67576.0,1,39.2,27,10.0,0.51
62593.0,1,44.1,26,14.0,1.273
46764.0,0,50.0,21,10.0,0.126
45485.0,1,23.1,28,5.0,-0.469
39411.0,0,35.5,26,2.0,-0.993
34684.0,0,42.5,20,0.0,-1.445
68281.0,0,43.9,26,12.0,0.666
61041.0,1,38.1,29,12.0,0.578
52806.0,0,43.4,28,11.0,0.577
41205.0,1,29.9,26,10.0,-0.129
68149.0,1,53.6,35,18.0,1.407
52952.0,0,47.9,27,5.0,-0.484
42150.0,0,24.6,19,13.0,0.955
37170.0,0,27.2,29,8.0,-0.039
34778.0,0,27.5,27,5.0,-0.608
49469.0,1,44.8,25,15.0,0.593
48518.0,1,25.2,29,8.0,0.41
66437.0,1,34.7,26,11.0,0.357
42273.0,0,42.5,15,11.0,0.081
48739.0,0,37.3,30,5.0,-0.038
65383.0,1,40.6,33,22.0,2.388
51793.0,1,27.3,25,13.0,1.184
64028.0,1,43.9,20,13.0,0.723
58366.0,0,31.9,23,8.0,0.112
58970.0,0,34.8,28,14.0,1.007
52924.0,1,40.4,29,10.0,0.518
49638.0,0,39.0,26,10.0,0.026
19614.0,0,38.2,20,7.0,-0.304
43336.0,0,30.5,18,8.0,-0.081
-1063.0,0,35.0,29,0.0,-3.17
52883.0,0,38.0,20,10.0,0.211
19137.0,0,24.2,23,5.0,-0.488
61991.0,1,33.4,28,21.0,1.593
49286.0,1,41.9,29,6.0,0.019
23522.0,0,25.2,29,0.0,-1.189
45932.0,1,49.6,24,4.0,-0.05
43386.0,0,50.7,34,0.0,-1.046
50217.0,0,25.5,33,12.0,0.473
43483.0,0,51.6,27,11.0,0.291
63802.0,0,36.6,25,16.0,0.958
36945.0,0,42.2,19,1.0,-0.791
47403.0,0,33.0,27,10.0,0.034
23064.0,0,47.2,26,0.0,-1.365
32246.0,0,42.1,18,13.0,0.701
41956.0,0,29.9,21,12.0,0.519
40739.0,0,26.3,23,9.0,0.496
38523.0,1,23.4,13,13.0,0.002
42524.0,0,39.9,20,13.0,0.415
67412.0,1,43.7,17,17.0,1.604
48402.0,0,44.5,19,4.0,-0.285
57696.0,1,36.8,23,9.0,0.139
35129.0,0,26.4,16,2.0,-1.086
27177.0,0,31.2,29,5.0,-0.868
49973.0,1,49.5,18,6.0,0.098
73042.0,1,33.2,25,15.0,1.104
32662.0,1,39.4,26,3.0,-0.256
51741.0,0,27.2,27,7.0,-0.236
32053.0,0,41.4,22,5.0,-0.407
39647.0,0,33.4,22,9.0,-0.535
56412.0,1,48.5,25,7.0,0.295
29913.0,0,45.7,26,2.0,-1.497
79855.0,1,33.0,22,12.0,1.281
35418.0,0,36.7,30,1.0,-0.665
41120.0,0,32.5,32,9.0,0.722
30882.0,0,23.8,27,1.0,-1.27
53180.0,1,29.4,24,10.0,0.669
59199.0,0,40.0,32,9.0,0.672
59155.0,1,41.3,20,11.0,0.384
32020.0,0,39.5,20,3.0,-0.994
54032.0,1,35.0,25,10.0,0.25
32157.0,0,47.3,19,1.0,-1.183
56597.0,0,38.6,26,10.0,-0.253
55643.0,0,45.0,26,14.0,1.029
51603.0,1,20.3,36,14.0,0.797
50344.0,1,-1.2,30,8.0,0.015
28695.0,1,40.8,22,0.0,-0.975
52947.0,0,23.8,21,13.0,0.646
46357.0,1,35.9,24,7.0,0.019
16693.0,0,35.0,29,0.0,-2.32
81071.0,1,53.9,34,13.0,0.783
56982.0,1,42.0,19,4.0,-0.024
67451.0,0,39.7,23,12.0,1.202
36957.0,0,46.4,23,3.0,-1.095
1500.0,0,41.7,23,0.0,-3.177
48554.0,0,33.4,19,8.0,0.279
54173.0,0,48.7,22,10.0,0.292
22839.0,0,26.9,16,0.0,-1.691
33701.0,0,41.2,21,3.0,-0.978
74962.0,1,22.5,22,24.0,2.755
48426.0,1,40.0,33,7.0,-0.306
53056.0,1,39.9,26,11.0,0.731
45134.0,0,54.8,24,4.0,-0.651
3243.0,1,22.4,19,0.0,-2.09
53726.0,0,32.0,29,6.0,-0.17
35553.0,1,46.2,25,8.0,-0.266
31366.0,0,41.4,21,5.0,-0.4
48166.0,0,39.8,30,9.0,-0.115
49057.0,0,28.4,15,10.0,0.264
58339.0,0,32.1,22,7.0,-0.15
33270.0,0,50.5,21,1.0,-1.264
48633.0,0,37.5,16,13.0,0.486
23501.0,0,41.8,24,0.0,-1.949
32347.0,0,36.8,22,0.0,-2.05
73491.0,1,26.2,20,12.0,0.739
50207.0,0,47.3,21,14.0,0.507
52408.0,1,43.0,25,9.0,-0.057
33718.0,1,61.1,23,0.0,-1.395
35428.0,0,27.8,31,4.0,-0.708
56913.0,0,46.2,19,8.0,-0.263
16276.0,0,24.9,24,0.0,-1.596
20493.0,1,39.6,24,0.0,-0.739
59832.0,1,47.8,25,12.0,0.652
71428.0,1,17.3,24,19.0,1.427
42619.0,0,36.0,31,9.0,-0.419
59851.0,1,32.4,23,12.0,0.756
26797.0,0,31.0,24,0.0,-1.914
54579.0,0,41.9,26,13.0,0.659
41284.0,0,49.2,24,3.0,-0.804
53005.0,0,36.7,26,11.0,0.307
25466.0,0,40.1,19,6.0,-0.248
64327.0,1,39.1,22,18.0,1.32
21327.0,0,38.0,22,4.0,-0.874
52192.0,1,27.1,18,13.0,0.628
39146.0,0,49.1,24,6.0,-0.28
56615.0,1,41.0,34,11.0,-0.158
44941.0,0,41.9,23,8.0,-0.184
36828.0,0,29.9,22,3.0,-0.846
44810.0,1,33.4,21,6.0,-0.014
54201.0,1,36.2,19,7.0,-0.063
33415.0,1,22.7,13,10.0,0.241
38318.0,1,21.1,20,7.0,0.085
63365.0,0,32.0,22,12.0,0.798
53781.0,0,43.2,27,13.0,0.924
17446.0,1,31.5,26,2.0,-1.051
67518.0,1,27.8,20,10.0,0.869
36957.0,0,29.9,19,1.0,-1.186
60059.0,1,33.4,25,11.0,0.588
53861.0,1,34.5,16,12.0,0.62
38198.0,0,59.7,23,0.0,-1.911
57567.0,0,48.5,24,13.0,0.093
52698.0,0,48.2,22,7.0,-0.468
46012.0,1,49.7,24,1.0,-0.759
62894.0,1,28.0,21,15.0,1.351
31929.0,0,25.8,24,5.0,-0.654
24112.0,0,26.9,28,4.0,-0.806
55926.0,1,51.3,30,10.0,0.076
55889.0,0,32.5,19,12.0,0.686
41225.0,1,25.5,23,6.0,-0.142
65259.0,1,33.7,20,19.0,1.166
50556.0,1,35.6,21,11.0,0.531
26604.0,0,40.7,27,0.0,-2.178
32166.0,0,40.5,26,8.0,-0.529
29375.0,0,29.7,29,2.0,-0.562
50056.0,0,44.9,26,4.0,0.479
19574.0,0,31.6,27,0.0,-2.625
69283.0,1,36.4,26,25.0,2.549
63400.0,1,44.9,23,12.0,0.531
35683.0,1,31.6,25,6.0,0.149
58751.0,1,32.3,22,15.0,1.182
62107.0,0,43.9,22,22.0,2.344
33283.0,0,29.4,25,12.0,0.871
61340.0,1,34.2,23,17.0,0.949
45779.0,0,43.6,24,7.0,0.131
36806.0,0,58.5,33,8.0,-0.142
41266.0,1,44.1,36,8.0,-0.476
42130.0,1,42.7,24,4.0,-0.826
34407.0,0,43.3,24,6.0,-0.687
26594.0,0,27.3,30,1.0,-1.351
40875.0,0,39.2,24,8.0,-0.076
22281.0,1,37.7,21,0.0,-1.685
46411.0,1,41.2,27,10.0,0.191
42741.0,1,39.2,25,7.0,-0.036
43708.0,1,41.8,22,6.0,0.147
30529.0,0,34.9,27,7.0,-0.522
77773.0,0,38.6,19,29.0,3.077
53360.0,0,25.7,20,17.0,1.36
20212.0,0,34.8,21,0.0,-1.245
54809.0,0,51.9,19,6.0,0.233
47243.0,0,41.2,21,5.0,-0.608
32594.0,0,37.8,24,0.0,-1.014
32695.0,0,57.0,27,0.0,-1.34
43005.0,0,24.4,27,11.0,0.432
43896.0,0,26.9,26,2.0,-0.681
76288.0,1,55.1,26,14.0,0.968
57684.0,1,38.5,20,14.0,0.994
59552.0,1,35.6,23,15.0,1.374
38104.0,1,26.0,22,0.0,-0.852
54407.0,1,42.5,20,9.0,0.475
49805.0,0,43.4,27,10.0,0.632
41838.0,0,27.1,27,3.0,-0.474
43234.0,0,36.6,26,3.0,-0.772
60324.0,1,34.6,24,15.0,1.61
68650.0,0,40.6,26,9.0,0.227
38689.0,0,26.8,25,12.0,0.636
32599.0,1,50.5,22,1.0,-0.822
34414.0,1,47.2,14,2.0,-1.219
54997.0,0,34.4,22,2.0,-0.569
41686.0,1,35.8,25,5.0,-0.124
26299.0,1,36.6,24,1.0,-1.064
50508.0,1,30.2,22,9.0,-0.01
22084.0,0,33.6,25,0.0,-1.689
36676.0,0,35.3,26,5.0,-1.12
54504.0,0,54.1,23,11.0,0.671
47808.0,0,47.5,30,11.0,0.604
60890.0,0,47.3,27,4.0,-0.392
9907.0,0,41.7,26,0.0,-1.018
45557.0,0,26.8,25,2.0,-1.027
50125.0,1,37.6,21,4.0,-0.373
49225.0,0,47.7,30,14.0,0.645
73231.0,1,25.4,30,11.0,0.928
28825.0,0,44.4,24,6.0,-0.497
41907.0,0,61.2,21,0.0,-1.153
36946.0,1,48.6,29,8.0,0.268
27872.0,0,52.1,24,4.0,-0.824
31322.0,1,40.2,17,4.0,-0.518
56350.0,0,47.7,25,15.0,1.325
55941.0,1,30.8,20,11.0,0.827
41882.0,0,46.0,27,13.0,0.158
12627.0,0,44.5,16,0.0,-1.272
52479.0,1,40.9,14,9.0,0.211
63118.0,1,51.2,25,14.0,1.063
43356.0,0,32.6,27,6.0,-0.376
63708.0,1,36.1,17,15.0,1.351
68890.0,0,39.0,28,15.0,1.293
64817.0,1,27.7,20,19.0,1.664
57503.0,0,40.3,27,8.0,0.305
41865.0,0,20.8,18,14.0,0.587
59191.0,1,48.5,17,19.0,1.414
64447.0,1,38.5,25,12.0,0.447
47449.0,0,32.8,17,5.0,-0.501
43756.0,0,29.7,29,0.0,-0.449
38598.0,0,35.7,16,10.0,0.239
23989.0,0,44.9,31,0.0,-1.291
57527.0,1,43.5,24,7.0,-0.143
70482.0,1,30.9,26,11.0,1.097
15327.0,0,29.5,17,0.0,-2.191
86534.0,1,44.6,27,14.0,1.534
64256.0,1,30.8,26,15.0,1.122
31315.0,0,38.6,28,7.0,-0.46
48701.0,0,39.2,21,10.0,0.543
45550.0,0,41.1,25,10.0,0.003
64738.0,1,46.6,25,14.0,1.23
63898.0,0,25.4,20,15.0,0.983
16682.0,0,18.9,20,0.0,-1.4
40944.0,0,32.3,27,14.0,0.587
51653.0,1,56.0,18,9.0,-0.206
43371.0,0,58.2,17,9.0,0.083
57797.0,0,56.3,22,3.0,-0.728
72034.0,0,36.1,19,16.0,1.748
53404.0,1,20.2,24,13.0,1.04
42311.0,0,14.6,25,6.0,-0.74
32107.0,0,31.9,16,0.0,-1.335
44744.0,0,36.0,23,3.0,-0.386
53587.0,1,51.0,22,8.0,0.435
54548.0,1,46.7,20,12.0,0.24
42955.0,0,40.3,22,16.0,1.253
62681.0,0,29.1,20,10.0,0.79
28705.0,0,28.4,30,10.0,0.97
46966.0,0,40.5,31,9.0,0.327
14608.0,0,45.0,15,0.0,-1.389
39033.0,0,41.9,24,7.0,-0.196
58576.0,1,27.7,25,19.0,1.06
35983.0,0,44.5,26,4.0,-0.052
28680.0,0,42.3,21,11.0,0.503
44626.0,1,27.3,27,9.0,-0.319
50957.0,1,30.2,24,3.0,-1.03
43142.0,0,44.9,32,7.0,-0.123
56631.0,1,35.7,13,10.0,0.309
52751.0,1,53.9,16,2.0,-0.656
27523.0,0,43.0,24,6.0,-0.236
28338.0,0,33.1,20,3.0,-0.939
47605.0,0,37.9,22,17.0,1.119
36511.0,0,38.6,32,5.0,-0.294
75157.0,0,30.7,26,16.0,1.453
64566.0,1,28.9,14,15.0,1.529
52590.0,0,45.0,31,8.0,-0.081
31815.0,0,46.5,15,4.0,-1.008
14390.0,1,44.0,26,0.0,-2.086
34233.0,0,53.2,21,0.0,-1.472
37322.0,0,32.6,23,0.0,-1.374
67992.0,1,54.7,17,15.0,1.378
48752.0,0,29.0,24,11.0,0.116
39078.0,0,27.9,29,10.0,0.39
20170.0,0,20.4,19,0.0,-2.22
42924.0,0,33.5,36,0.0,-1.198
60926.0,1,33.0,24,14.0,0.887
32856.0,0,43.3,15,10.0,0.287
54484.0,0,40.4,14,6.0,-0.147
41630.0,0,26.1,21,10.0,0.565
69943.0,1,34.1,24,16.0,1.636
52214.0,1,34.3,24,6.0,-0.221
53805.0,0,20.2,35,7.0,0.069
33239.0,0,28.2,34,11.0,0.193
76287.0,1,30.3,24,21.0,2.392
20366.0,0,52.3,15,0.0,-2.099
68598.0,1,39.9,28,12.0,0.683
48285.0,0,44.6,25,9.0,-0.115
63538.0,1,23.0,22,14.0,0.567
47222.0,1,49.9,30,5.0,-0.657
44771.0,0,51.0,20,8.0,-0.049
54090.0,0,18.0,35,10.0,0.711
97286.0,1,30.9,29,25.0,3.113
47465.0,1,43.0,22,11.0,0.808
43437.0,0,44.4,27,4.0,-0.848
