purchase,coupon,loyalty,age,months
49357.0,1,0.346,44.0,22
67212.0,1,0.822,44.7,31
36290.0,1,0.33,34.5,23
22996.0,0,-1.303,43.0,23
47846.0,0,0.905,33.4,29
49670.0,0,0.446,27.8,22
35653.0,1,-0.537,23.6,32
49425.0,1,0.581,35.6,23
45245.0,1,0.365,38.8,24
47557.0,0,0.294,52.5,21
34786.0,0,0.028,31.4,24
45765.0,0,0.547,50.9,27
32259.0,0,-0.736,20.6,27
44336.0,0,-0.163,35.4,33
51846.0,0,-0.482,59.8,21
53361.0,1,0.599,33.0,24
44662.0,0,0.04,27.4,23
47233.0,1,-0.292,26.2,27
43187.0,0,-0.782,58.8,24
44998.0,1,-0.257,49.0,24
46199.0,1,0.008,31.0,31
40485.0,0,-0.276,32.0,23
75325.0,1,1.294,11.6,21
54802.0,1,1.007,34.8,22
14960.0,0,-2.711,52.2,22
25545.0,0,-1.889,17.2,27
47126.0,0,-0.175,47.5,23
47872.0,0,-0.422,42.9,21
48360.0,1,0.214,52.6,29
44164.0,0,0.217,31.4,25
82278.0,1,2.118,39.5,24
27416.0,0,-1.112,50.5,20
51740.0,1,-0.378,41.9,23
86284.0,1,2.043,44.1,21
49609.0,0,0.647,33.8,24
58117.0,1,0.663,35.2,18
30825.0,0,-0.514,31.2,26
18865.0,1,-1.648,38.2,22
45576.0,1,0.167,37.4,23
31013.0,1,0.109,34.5,16
34770.0,0,-1.227,15.6,21
39336.0,0,-0.683,22.9,34
53602.0,0,-0.072,36.4,20
36148.0,1,-0.945,48.8,20
32967.0,0,-0.098,28.2,23
45618.0,1,0.095,31.8,21
39960.0,1,0.036,36.7,28
38413.0,1,-0.506,46.8,24
48308.0,1,0.594,53.8,24
51032.0,0,0.891,39.9,19
50829.0,1,0.321,37.2,31
40264.0,0,-0.818,29.1,17
48121.0,1,0.732,41.0,25
34866.0,0,-0.501,34.2,19
48145.0,1,0.879,38.7,24
22318.0,0,-1.072,28.2,28
65274.0,1,0.914,48.0,35
39475.0,1,-0.02,33.0,25
26959.0,0,-1.249,21.7,19
49626.0,0,-0.314,36.7,21
38834.0,0,0.054,26.0,19
47054.0,0,0.273,42.5,31
39238.0,0,-0.982,50.4,29
44972.0,0,-1.107,42.6,19
68274.0,1,0.2,35.6,18
37947.0,1,-0.467,28.8,25
48507.0,1,0.236,32.3,22
59064.0,1,0.76,58.6,23
35735.0,1,-1.649,47.9,29
54855.0,1,0.254,27.1,24
58018.0,0,1.225,27.8,21
48016.0,0,-0.298,41.1,24
30098.0,1,-0.811,38.3,29
65131.0,1,0.752,38.5,18
45936.0,1,0.253,43.6,19
60475.0,0,0.896,26.7,22
44251.0,0,-0.345,29.5,23
25516.0,0,-1.482,47.7,24
54575.0,0,-0.11,40.8,20
39657.0,0,-0.446,35.1,30
49217.0,0,0.775,36.7,21
53757.0,0,0.194,44.1,23
19109.0,0,-1.631,40.7,30
42627.0,0,-1.195,31.0,21
62479.0,1,0.884,26.0,26
58862.0,1,0.68,45.7,26
33876.0,0,-0.64,25.6,25
58711.0,0,-0.001,58.2,29
48190.0,1,0.446,26.2,36
60487.0,0,0.468,31.6,22
66774.0,0,0.876,48.6,28
51985.0,1,0.256,52.2,23
27117.0,1,-0.095,38.5,14
36096.0,1,-0.259,11.1,30
58587.0,0,1.056,36.5,17
15787.0,0,-2.251,16.8,20
47772.0,0,-0.139,32.7,27
47804.0,1,0.033,46.3,36
30974.0,0,-1.425,45.7,24
53271.0,1,0.333,39.0,19
33149.0,0,-0.651,40.3,28
64538.0,0,0.862,44.0,24
44986.0,1,-0.126,33.9,30
35223.0,1,0.669,34.1,21
59353.0,0,1.219,49.9,27
48985.0,0,0.383,42.7,24
32932.0,0,-0.876,49.9,23
22788.0,0,-1.514,41.9,19
72366.0,1,1.753,41.7,22
49602.0,1,-0.111,46.1,25
35556.0,0,-0.689,45.0,25
43586.0,0,0.144,55.0,29
34867.0,1,-0.191,43.8,33
58124.0,0,0.852,33.2,22
37025.0,0,0.034,33.9,24
41346.0,0,0.014,28.4,31
39606.0,0,-0.715,40.1,18
41516.0,0,0.47,30.8,22
32525.0,0,-1.034,24.8,23
48126.0,1,0.666,44.3,23
77641.0,0,1.524,52.6,24
24545.0,0,-1.525,21.9,27
14079.0,0,-2.466,47.5,30
36216.0,1,0.617,40.0,22
69120.0,1,2.548,27.6,29
38548.0,0,-1.001,31.0,32
43152.0,1,-1.251,35.9,30
64673.0,0,0.589,60.8,29
30832.0,0,-0.841,40.2,27
35285.0,0,-0.506,53.7,23
45221.0,0,-0.348,31.9,30
56453.0,0,0.532,48.5,27
37749.0,0,-0.405,46.0,28
40817.0,0,0.278,31.1,15
34357.0,0,-0.177,32.1,24
46161.0,0,-0.845,42.8,26
38028.0,0,-0.32,22.1,27
32648.0,0,-0.95,37.6,22
54830.0,0,0.007,24.9,25
22141.0,0,-1.124,37.9,19
37715.0,0,-1.093,42.1,29
65161.0,1,1.457,44.8,39
55459.0,0,-0.053,41.9,13
63446.0,1,-0.054,36.0,17
57364.0,0,0.512,32.5,20
43188.0,0,-0.421,29.4,24
42750.0,0,-0.229,31.8,14
45419.0,0,0.425,33.6,15
43613.0,1,0.282,32.7,16
29027.0,0,-1.159,39.6,28
58594.0,1,0.833,31.1,22
38856.0,0,-0.59,22.0,14
22159.0,1,-1.056,44.6,22
35796.0,1,-0.9,30.3,14
23517.0,0,-0.391,21.2,25
75438.0,1,1.627,28.6,32
26923.0,0,-1.176,34.4,12
71792.0,0,0.16,35.6,21
34106.0,0,-2.138,39.9,23
47193.0,1,-0.002,57.0,16
58541.0,0,0.9,24.7,29
53576.0,1,-0.237,53.9,25
45614.0,1,-0.629,39.5,28
39376.0,1,0.232,34.6,23
49373.0,1,0.7,15.4,17
52855.0,0,0.664,34.9,30
69388.0,0,1.972,44.3,28
45378.0,0,0.209,27.3,20
31411.0,0,-0.592,22.5,25
67127.0,1,-0.126,24.7,33
40276.0,0,-0.072,39.5,18
47755.0,1,0.109,38.1,26
35737.0,1,-0.03,53.7,20
44111.0,1,0.174,32.9,14
17512.0,0,-1.671,45.8,20
53519.0,0,0.83,25.5,18
33087.0,1,-0.575,35.5,28
41161.0,0,-1.173,48.7,25
45838.0,0,0.638,34.8,23
53069.0,0,1.317,43.0,26
44785.0,0,0.493,25.0,35
33833.0,0,0.161,28.3,29
25507.0,0,-0.932,32.2,10
85979.0,1,2.872,26.4,20
40930.0,0,0.88,33.0,27
30755.0,0,-1.139,52.4,25
33735.0,0,-0.78,35.4,22
25127.0,0,0.087,40.2,22
20987.0,0,-1.555,53.4,27
43606.0,0,0.169,38.0,18
43021.0,0,-0.459,36.3,20
67009.0,0,1.226,32.9,27
58754.0,1,0.962,49.0,27
8782.0,0,-2.711,46.9,24
54215.0,1,0.042,58.4,20
42614.0,0,-1.617,58.6,25
51862.0,0,1.11,22.9,29
53805.0,0,0.168,45.6,23
55363.0,1,0.548,59.1,22
29206.0,1,-1.065,41.2,22
85499.0,1,1.828,39.7,26
64550.0,1,2.02,26.5,30
35049.0,1,-1.065,49.5,27
33432.0,0,0.373,28.0,23
32588.0,0,-0.673,39.9,30
53220.0,0,-0.024,34.8,21
16054.0,0,-1.266,42.8,20
73296.0,0,1.867,33.8,20
30566.0,0,-0.969,33.9,23
42044.0,0,-0.296,48.5,32
44095.0,0,0.501,37.8,27
40053.0,0,-0.648,47.3,28
32057.0,0,-0.239,31.5,25
34337.0,1,-0.564,53.0,21
57870.0,1,-0.133,43.4,25
25641.0,0,-1.171,50.4,23
32067.0,0,-0.438,45.9,20
32525.0,1,-0.207,22.4,24
42449.0,0,-0.334,12.4,17
47694.0,0,0.057,48.8,34
29827.0,0,-0.293,33.3,24
56753.0,0,0.753,34.1,36
39623.0,0,-0.323,29.7,20
46771.0,0,-0.137,32.5,20
54435.0,0,-0.665,41.1,27
37932.0,0,-0.527,46.9,20
23608.0,0,-1.264,35.1,27
72216.0,1,0.519,16.1,25
29061.0,0,-1.143,44.0,24
49426.0,0,-0.746,41.0,23
49814.0,0,0.359,31.9,13
46265.0,0,0.403,25.0,20
56055.0,1,-0.4,24.6,27
26619.0,0,-2.019,50.5,17
47610.0,0,0.421,31.8,25
55409.0,0,0.26,50.1,29
25546.0,0,-1.412,35.5,25
61363.0,1,0.77,46.8,19
37311.0,0,-0.701,28.7,19
31502.0,0,-1.126,25.3,24
53597.0,0,0.096,36.0,24
22588.0,1,-0.178,20.6,29
52658.0,1,0.203,24.5,22
23427.0,0,-1.606,42.7,20
70943.0,0,1.812,53.7,27
42171.0,0,-0.603,39.8,23
17628.0,0,-1.54,21.4,22
46531.0,1,0.619,27.7,22
41173.0,0,-0.355,39.8,31
54323.0,1,0.325,36.6,34
45359.0,0,-0.34,62.0,25
40549.0,0,-0.06,56.9,24
49825.0,1,0.246,35.0,21
34336.0,0,-0.747,59.1,25
43897.0,1,0.679,28.5,23
34042.0,0,-0.47,28.5,18
30983.0,0,-0.87,52.4,20
51030.0,0,0.077,27.5,26
46811.0,1,0.445,32.4,25
38210.0,0,-0.229,54.1,24
37600.0,0,-0.863,33.9,22
43792.0,0,0.62,51.7,17
19844.0,0,-1.76,45.2,27
32868.0,1,-1.031,33.8,28
55991.0,0,0.04,44.6,11
36263.0,0,-1.361,49.4,22
48277.0,0,0.028,46.4,26
50654.0,1,-0.055,29.6,23
54000.0,1,0.899,47.6,31
32090.0,0,-0.915,14.5,28
27258.0,0,-0.626,34.9,20
62799.0,1,0.333,38.5,18
18095.0,0,-2.458,47.5,20
87248.0,1,3.1,51.8,21
27957.0,0,-0.699,24.4,26
42461.0,0,-0.73,32.3,28
52076.0,1,0.861,36.6,19
38624.0,0,-0.04,33.1,22
27709.0,1,-1.779,41.6,25
47282.0,1,0.627,44.4,19
55434.0,1,0.855,44.8,24
42719.0,0,-0.45,34.4,28
46633.0,0,-0.282,70.1,27
58776.0,1,0.486,26.2,18
36052.0,0,-0.909,35.9,22
65145.0,1,0.438,53.7,20
26972.0,0,0.199,46.3,21
38388.0,1,-0.675,46.0,19
42519.0,0,-1.392,50.9,22
50741.0,0,-0.226,36.3,18
37610.0,0,-0.875,39.3,31
47623.0,0,1.001,49.6,19
42076.0,1,0.144,54.6,25
43359.0,0,0.782,25.4,26
56690.0,1,0.135,33.1,24
43545.0,0,0.263,38.5,20
27428.0,0,-0.783,47.6,25
40235.0,0,0.668,26.0,25
60854.0,1,1.785,48.0,23
41342.0,0,-0.31,31.6,23
33168.0,0,-0.593,46.1,29
45125.0,0,-0.158,41.1,26
49184.0,0,-0.481,53.5,22
36391.0,0,-0.701,28.2,12
50488.0,0,0.138,44.3,24
51355.0,0,-0.291,35.7,27
52574.0,0,1.439,31.5,24
49003.0,0,0.0,48.1,17
55799.0,1,0.324,28.8,24
57576.0,1,0.952,45.9,19
27663.0,0,-0.301,28.1,29
62220.0,1,1.437,26.6,35
42542.0,0,-0.633,45.4,17
47451.0,0,-0.808,60.1,25
46541.0,0,-0.366,43.1,23
38075.0,0,-0.115,28.9,26
34586.0,1,-1.401,41.7,21
45737.0,0,-0.035,35.3,22
29531.0,0,-1.667,31.6,24
70183.0,1,1.392,40.4,20
53144.0,0,-0.081,43.7,21
45553.0,0,-0.642,46.4,26
33988.0,0,-0.908,27.9,24
42991.0,0,-0.384,54.6,27
50638.0,0,-0.223,35.2,30
24272.0,0,-1.045,22.0,21
39127.0,0,-0.92,29.6,25
41201.0,1,-0.187,39.3,21
39499.0,0,-0.521,29.5,22
62055.0,1,0.939,40.1,23
57722.0,1,1.138,28.9,28
45972.0,0,0.016,48.3,27
61662.0,0,0.474,39.7,26
40765.0,0,-1.335,35.3,25
57950.0,0,0.637,47.8,19
55788.0,0,-0.031,28.4,14
48444.0,0,0.485,36.3,27
60130.0,0,1.6,43.8,18
20313.0,0,-2.281,41.6,27
57414.0,0,0.261,38.4,31
36456.0,0,-1.099,46.6,23
48667.0,1,0.592,32.6,20
33042.0,0,-1.313,37.6,37
35986.0,0,-0.495,29.0,23
45673.0,0,0.203,37.1,25
55086.0,0,0.614,26.1,26
32370.0,0,0.075,26.0,21
36657.0,0,-0.793,37.6,32
45922.0,0,-0.554,27.4,22
59454.0,1,0.885,45.4,20
31393.0,0,-0.005,47.5,25
17997.0,0,-1.684,43.5,24
60287.0,1,0.844,45.3,22
56228.0,1,0.416,42.9,22
50131.0,0,0.873,22.6,15
25905.0,0,-0.337,26.6,24
64343.0,1,0.828,41.0,11
15410.0,0,-1.061,26.8,22
40208.0,0,0.57,30.9,23
37730.0,0,-0.49,37.3,20
52626.0,0,0.674,40.8,18
59224.0,0,1.006,21.9,30
19112.0,0,-0.736,38.0,22
30066.0,0,-0.051,46.3,12
53506.0,1,0.039,41.5,23
63821.0,1,1.19,52.8,21
49101.0,0,0.711,33.0,22
33155.0,0,-1.219,50.5,22
43982.0,0,0.458,59.4,20
53683.0,0,0.745,44.9,28
88631.0,1,2.124,47.8,28
22846.0,0,-1.679,47.9,29
36793.0,0,-0.536,16.0,15
52177.0,0,1.333,30.8,22
28430.0,1,-1.355,48.7,26
34172.0,0,-1.199,25.0,19
59229.0,0,0.517,40.8,28
62250.0,0,1.018,43.3,27
40938.0,1,-0.669,50.5,19
55888.0,0,0.54,36.4,31
50399.0,1,0.117,46.5,29
64815.0,1,1.519,37.6,18
44344.0,1,-0.002,53.6,26
69422.0,1,0.99,31.4,24
23182.0,0,-0.903,32.4,21
46586.0,0,-0.185,41.7,35
39347.0,0,-0.097,54.5,23
57135.0,1,1.139,40.3,25
57114.0,0,0.58,37.4,29
39944.0,0,-0.752,31.5,19
45556.0,0,0.682,48.2,26
55186.0,1,0.771,30.8,22
56336.0,1,-0.112,35.2,21
47945.0,1,-0.258,34.9,26
35230.0,1,-0.194,48.9,24
13012.0,0,-1.695,29.1,31
29797.0,0,0.189,29.3,28
56857.0,0,0.235,39.7,22
23286.0,0,-0.866,38.1,28
63494.0,1,0.742,22.9,22
16245.0,0,-1.373,28.8,25
42368.0,0,-0.552,31.3,13
34634.0,0,-0.475,38.1,31
61091.0,1,1.988,29.3,15
10912.0,0,-1.599,57.4,25
39450.0,0,0.563,40.4,19
46377.0,1,0.942,49.8,16
38666.0,1,0.378,41.0,27
66272.0,1,1.182,40.1,25
52978.0,1,-1.003,45.0,20
-1207.0,1,-2.28,34.2,13
47852.0,0,0.767,19.5,28
35442.0,0,-1.196,42.1,34
36168.0,0,-0.326,30.2,21
31735.0,0,-1.179,50.8,29
54130.0,0,1.052,28.6,23
54459.0,1,0.865,39.2,23
44517.0,1,-0.72,38.0,26
52877.0,0,0.903,32.0,27
47195.0,1,0.121,33.9,25
42063.0,0,-0.139,36.0,27
55763.0,0,0.057,39.5,27
36789.0,1,-0.203,40.3,28
51087.0,1,0.615,38.2,25
50532.0,0,0.31,37.6,25
36043.0,1,-0.349,15.5,25
47143.0,0,1.006,51.6,20
48950.0,1,-0.611,44.6,19
47724.0,0,0.287,25.1,24
51045.0,0,0.422,29.4,23
59112.0,0,1.479,16.4,22
35035.0,1,-0.505,8.2,25
77202.0,1,1.743,33.1,18
54222.0,1,0.176,54.5,26
49730.0,0,-0.194,39.3,34
40572.0,0,-0.672,40.0,18
47870.0,0,0.586,38.6,36
48560.0,1,0.049,43.7,30
30626.0,1,-1.104,37.4,28
52339.0,0,-1.128,29.6,25
36075.0,0,-0.556,32.0,35
36876.0,0,-0.676,44.7,16
53064.0,0,1.09,33.9,30
58993.0,1,1.376,18.8,19
67582.0,1,0.869,43.4,28
51877.0,0,0.358,40.2,23
39987.0,1,-0.428,51.3,17
54283.0,0,0.054,39.0,24
64599.0,0,0.885,38.1,21
84375.0,1,2.131,36.9,30
47624.0,1,0.913,30.0,26
31429.0,0,-0.28,40.7,13
36634.0,0,0.038,32.8,20
36767.0,0,-0.483,27.6,22
45444.0,0,-0.782,36.9,24
34668.0,0,-0.184,38.9,28
51835.0,0,0.196,41.6,22
77330.0,1,1.836,44.7,28
50448.0,0,0.052,59.9,12
56941.0,1,1.357,35.2,17
72730.0,1,1.767,51.4,20
44709.0,0,0.079,38.0,23
68949.0,1,1.608,39.2,28
46144.0,0,0.715,46.1,25
56392.0,0,-0.418,29.4,30
53210.0,1,0.265,37.2,25
38992.0,0,0.023,44.8,14
39352.0,0,-0.232,23.5,20
38787.0,0,-0.199,28.5,24
38021.0,0,0.144,33.4,27
48294.0,1,0.434,37.6,20
41797.0,0,-0.885,45.6,26
40709.0,0,-0.009,25.1,25
21988.0,0,-1.522,51.8,21
31850.0,0,0.261,44.9,19
62223.0,1,0.624,44.0,27
58835.0,1,0.164,18.2,29
46043.0,0,0.286,41.2,25
54369.0,0,0.59,30.1,23
42612.0,0,-0.665,45.2,22
40295.0,0,-0.239,37.0,23
56300.0,1,0.511,33.6,24
53307.0,1,1.002,28.7,16
50152.0,1,0.395,35.5,23
84775.0,1,2.553,44.6,28
43211.0,0,-0.091,21.5,28
51775.0,1,1.0,30.3,37
59177.0,1,1.267,35.3,25
55006.0,0,-0.134,35.9,25
32270.0,0,-0.821,33.1,25
20972.0,0,-1.183,39.8,17
56442.0,0,0.162,38.6,23
45992.0,0,1.11,16.8,27
56346.0,1,0.272,48.1,20
70893.0,0,0.173,23.6,22
55018.0,0,-0.379,49.5,31
58787.0,1,0.561,45.6,28
24934.0,0,-2.136,20.2,28
63271.0,0,0.232,38.9,20
52821.0,1,0.028,51.5,25
45141.0,0,-1.37,51.8,30
71287.0,1,2.176,39.7,18
11131.0,0,-1.387,30.2,26
32758.0,0,-1.078,50.0,26
24203.0,0,-1.201,22.9,27
59044.0,1,1.11,23.0,28
43676.0,1,-0.888,45.7,23
54712.0,1,0.669,25.8,27
54542.0,0,0.588,43.4,21
65191.0,0,0.26,27.2,34
26910.0,1,-1.308,31.6,20
49737.0,0,-0.612,49.5,31
65941.0,1,1.673,37.2,28
44285.0,0,-1.291,44.3,18
44936.0,0,-0.832,36.0,23
47810.0,1,-0.162,33.4,19
50208.0,0,0.809,31.0,16
55324.0,1,0.252,28.7,24
42313.0,1,0.742,41.9,18
19999.0,0,-1.067,42.5,26
60722.0,1,0.945,54.6,32
44815.0,1,0.569,40.8,23
12254.0,1,-1.595,35.4,22
62647.0,0,1.54,43.0,27
90354.0,1,2.292,52.4,28
24163.0,0,-0.769,23.6,23
57552.0,1,0.056,54.7,19
76713.0,1,1.397,29.8,23
27308.0,0,-1.481,29.9,34
15145.0,0,-1.99,63.7,17
30732.0,0,-1.297,48.9,23
41102.0,0,-0.567,32.5,24
22574.0,0,-0.578,46.6,16
65736.0,1,0.607,51.6,21
56811.0,0,0.269,44.9,31
26186.0,0,-1.246,49.0,22
60323.0,1,0.567,41.6,28
68604.0,1,1.874,43.2,26
66450.0,1,1.197,26.6,21
55889.0,1,0.991,27.7,19
51602.0,1,0.02,39.9,31
59764.0,0,0.984,24.6,29
41768.0,1,-0.966,44.7,28
43642.0,0,0.751,37.2,21
41847.0,0,-0.087,49.8,32
56367.0,0,1.131,46.9,42
42124.0,0,0.466,33.9,17
34095.0,0,-1.09,11.1,19
31804.0,0,0.128,23.5,26
62187.0,1,1.218,38.0,30
37607.0,0,-1.129,58.5,21
24658.0,0,-0.559,38.2,21
26045.0,0,-0.769,43.9,27
29324.0,0,-1.496,37.8,25
41348.0,1,0.961,11.4,14
69265.0,1,1.311,44.0,23
58628.0,0,0.8,35.5,27
55667.0,1,0.243,23.0,23
52785.0,1,-0.052,45.0,32
40283.0,0,0.239,37.5,23
51691.0,0,-0.732,67.5,21
61553.0,1,0.894,15.8,30
57052.0,1,1.045,30.0,31
57828.0,0,0.933,38.5,27
55523.0,0,-0.531,34.2,36
41490.0,0,0.078,44.5,21
44343.0,0,-0.166,46.9,21
63389.0,1,1.789,42.8,20
39800.0,0,0.18,38.7,23
26467.0,1,-1.882,31.1,19
45292.0,0,0.399,39.8,27
83966.0,1,1.882,47.0,26
54669.0,0,0.685,39.2,26
45492.0,1,0.879,17.0,22
40929.0,0,0.036,54.9,29
1752.0,0,-1.971,33.1,29
26969.0,0,-1.81,46.8,27
36712.0,0,-1.246,33.0,27
45733.0,0,-0.127,48.8,27
55807.0,1,0.31,34.8,20
60971.0,1,0.689,53.0,26
33016.0,0,-0.34,51.1,25
52667.0,1,0.957,31.6,17
39062.0,0,-0.28,8.9,18
33835.0,1,-0.704,41.5,27
54084.0,1,0.852,28.2,22
34819.0,1,-0.914,47.9,27
11537.0,0,-2.729,41.8,21
27849.0,0,-1.06,34.3,24
55030.0,0,0.094,28.6,14
16010.0,0,-3.08,29.5,26
62538.0,1,-0.357,52.7,16
40753.0,1,-0.332,47.7,17
25162.0,0,-1.426,35.9,21
34955.0,1,-1.483,41.3,30
54574.0,0,-0.462,47.2,16
35709.0,0,-0.547,36.2,21
55452.0,1,1.26,20.0,24
58217.0,0,0.375,54.7,18
16761.0,0,-1.581,34.8,25
33507.0,0,-0.855,31.9,23
66488.0,0,0.705,38.3,19
60477.0,1,1.896,28.5,19
54018.0,1,0.386,27.2,19
55948.0,1,0.311,40.3,21
59853.0,0,1.861,31.0,26
44143.0,0,-0.023,42.4,29
51204.0,1,-0.309,42.1,16
26485.0,1,-1.413,57.9,16
36627.0,0,-0.513,35.4,15
78641.0,1,2.179,39.0,28
28790.0,1,-1.422,32.7,28
47445.0,1,0.011,50.1,26
30597.0,0,-1.408,43.0,16
37147.0,0,0.128,42.0,32
53802.0,0,0.888,57.1,35
34210.0,1,-0.244,41.1,24
57003.0,0,0.73,40.9,25
52764.0,0,0.721,25.1,25
48241.0,0,0.447,20.7,21
65601.0,1,1.716,33.0,33
64469.0,1,0.779,39.2,22
44789.0,0,-0.305,27.2,27
22558.0,0,-0.681,28.6,18
36791.0,1,-0.845,45.8,21
59549.0,1,0.476,32.5,18
26452.0,0,-0.324,32.3,17
68404.0,1,2.729,34.8,20
70435.0,1,1.842,27.3,24
55100.0,0,-0.215,46.8,20
60714.0,0,-0.329,52.5,31
85269.0,1,1.69,48.6,31
3637.0,0,-1.883,53.6,25
38241.0,0,-0.452,18.5,21
65567.0,1,0.951,47.3,26
25989.0,0,-0.912,36.9,30
26979.0,0,-0.477,52.0,19
36970.0,1,-0.351,31.8,26
51888.0,0,0.661,46.4,23
54026.0,1,0.138,56.1,23
40020.0,1,0.402,44.5,21
54062.0,1,0.595,39.7,18
42352.0,0,0.03,36.8,30
61917.0,1,1.111,43.8,15
34834.0,0,-0.729,36.6,25
25475.0,0,-1.436,26.9,31
26105.0,1,-1.777,44.8,23
37950.0,0,-1.621,55.2,27
57917.0,1,-0.551,42.6,20
54045.0,0,1.03,49.4,23
50069.0,0,0.174,50.9,20
30335.0,0,-0.599,39.1,20
24868.0,0,-1.07,38.0,17
32826.0,0,-0.529,30.6,24
24385.0,0,-0.404,41.0,24
38722.0,0,-0.565,43.8,26
43902.0,0,-1.433,29.3,24
38375.0,0,-0.476,35.8,27
72056.0,1,1.017,49.3,20
18906.0,0,-2.175,32.1,20
44057.0,0,-0.241,46.2,28
33007.0,0,-2.121,42.5,22
49536.0,1,0.183,35.7,32
38992.0,0,-0.747,47.7,26
15088.0,0,-2.086,44.9,31
51303.0,0,0.101,38.2,26
60856.0,1,1.817,39.7,24
61392.0,1,0.109,42.7,34
63115.0,0,1.162,43.7,15
45013.0,0,-0.072,43.1,19
25847.0,0,-2.158,45.9,19
35260.0,0,0.49,33.8,18
43892.0,1,-0.418,53.5,22
38876.0,1,-1.462,37.8,18
44003.0,0,0.785,37.0,20
63920.0,0,0.287,51.9,28
46919.0,1,-0.525,48.8,22
49776.0,0,0.868,20.2,20
25171.0,0,-0.872,38.8,28
63223.0,1,0.643,46.5,25
36738.0,0,-0.94,44.2,26
34749.0,0,0.534,22.1,23
25486.0,0,-1.101,31.8,27
68440.0,1,1.489,31.1,22
72067.0,1,0.254,45.1,24
61999.0,1,1.433,47.5,29
31514.0,0,-0.822,42.4,26
42055.0,0,-0.476,38.5,25
59235.0,1,0.84,30.7,29
17215.0,0,-2.744,49.5,32
36359.0,0,-1.067,16.8,22
45196.0,1,1.033,44.2,25
53524.0,1,0.465,44.8,22
54383.0,0,0.979,41.9,24
49941.0,1,-0.31,38.7,27
50753.0,0,0.564,40.2,21
28886.0,1,-0.731,45.5,34
29694.0,0,-1.372,32.1,23
17230.0,0,-1.695,46.1,25
34887.0,0,-0.552,38.8,29
43190.0,0,-0.549,39.7,30
38439.0,0,-0.629,12.1,20
-5979.0,1,-3.549,25.4,20
21451.0,0,-1.999,36.5,23
57602.0,0,-0.533,32.1,29
63152.0,0,0.287,47.8,25
31328.0,1,-0.579,23.8,28
20196.0,0,-0.877,50.7,19
16687.0,0,-2.308,46.7,26
74803.0,1,2.021,40.8,25
31951.0,0,-1.101,33.7,23
77141.0,1,1.683,27.0,31
64396.0,1,1.561,26.5,20
46019.0,0,0.274,31.4,19
46682.0,1,-0.573,38.5,36
37377.0,0,0.132,45.3,30
35082.0,0,-1.153,45.7,24
41424.0,0,0.261,49.4,27
37802.0,0,0.003,48.8,21
52765.0,0,0.532,31.6,21
59129.0,1,0.95,33.2,29
75172.0,1,1.733,49.3,25
40646.0,0,-0.388,30.5,20
58179.0,0,1.043,48.8,29
48679.0,1,-0.792,39.1,28
38683.0,0,-0.895,24.8,24
44241.0,0,-0.618,43.1,18
38369.0,1,-0.982,40.9,23
54642.0,0,0.98,30.6,25
61123.0,1,0.923,14.7,13
67927.0,1,1.272,41.4,26
44115.0,0,-0.025,43.1,30
47800.0,1,0.274,46.9,24
47991.0,0,-0.578,42.8,27
44414.0,1,-1.151,31.5,37
54118.0,0,0.447,21.9,27
34080.0,0,0.268,37.3,32
32765.0,0,-1.107,48.3,21
60221.0,0,0.585,37.6,30
2225.0,0,-1.742,26.4,22
48948.0,0,-0.179,21.9,23
37980.0,0,-0.63,12.3,27
44064.0,1,-0.529,40.5,15
31291.0,0,-1.083,43.1,29
48242.0,0,0.952,17.0,23
55697.0,0,0.566,32.5,28
67249.0,0,1.183,52.8,32
41361.0,1,0.13,17.3,37
29345.0,0,-1.298,53.5,27
48170.0,0,-0.379,50.2,16
36842.0,0,-1.192,47.2,23
61096.0,1,0.447,43.6,17
58572.0,1,1.199,43.7,21
38969.0,0,0.316,45.1,26
34583.0,1,-0.613,55.2,19
43302.0,0,-0.383,27.6,19
49751.0,0,0.19,21.0,23
23232.0,0,-1.46,18.9,26
48062.0,1,0.135,41.0,29
42337.0,1,0.183,48.9,21
43271.0,0,-0.56,31.5,20
35546.0,1,-0.434,43.0,22
47993.0,0,0.154,40.8,20
42105.0,0,-0.838,50.4,18
22420.0,0,-0.84,46.1,29
51046.0,0,0.76,42.9,24
66059.0,1,0.203,32.1,17
57168.0,1,1.659,34.9,21
38154.0,0,-1.008,47.6,13
19306.0,0,-1.801,40.4,26
66847.0,0,0.919,51.9,24
71658.0,1,0.934,32.4,31
40246.0,0,-0.762,48.2,12
24761.0,0,-1.493,36.8,22
36046.0,0,-0.072,42.9,20
30048.0,0,-1.778,21.5,24
45417.0,0,-0.369,45.5,26
11214.0,0,-2.211,29.6,29
43546.0,0,-0.268,50.5,21
19056.0,0,-2.151,47.2,31
32330.0,0,-0.269,32.4,25
66350.0,0,1.485,53.4,27
49017.0,0,-0.301,53.8,25
59835.0,1,0.735,56.1,24
38509.0,0,-0.677,51.1,27
23878.0,1,-0.928,35.2,30
30548.0,0,-1.535,53.3,23
68537.0,1,1.002,26.5,32
42475.0,0,-0.097,35.7,28
64745.0,1,1.582,42.3,31
34671.0,0,-1.22,22.9,18
48083.0,0,-0.265,50.9,30
49231.0,1,0.036,45.1,19
73234.0,1,1.368,37.6,29
55820.0,1,1.777,17.6,18
38394.0,0,-0.695,32.3,18
24586.0,0,-1.18,46.9,29
11089.0,0,-1.784,45.4,18
47143.0,0,1.289,29.9,22
50647.0,0,-0.136,26.0,19
34392.0,0,-0.697,39.1,26
48174.0,0,-0.101,27.3,29
-827.0,0,-2.609,22.7,32
28831.0,1,-1.777,53.2,24
60871.0,0,0.884,38.9,33
52240.0,0,0.344,42.4,21
61738.0,0,0.098,36.3,33
29902.0,0,-1.054,48.3,30
59280.0,1,0.535,48.4,31
65150.0,1,1.726,37.2,16
13916.0,0,-1.277,34.4,18
49981.0,0,-0.038,34.7,30
30949.0,0,-0.488,47.7,21
41704.0,0,0.308,40.1,27
34453.0,0,-0.039,26.9,22
42063.0,0,-0.201,52.0,24
33916.0,0,-0.936,39.0,31
57576.0,0,-0.07,43.7,26
31999.0,0,-0.668,52.9,24
53399.0,1,-0.2,43.8,31
54265.0,1,-0.118,46.9,24
51727.0,0,0.6,37.9,21
38627.0,1,-0.636,44.7,19
50652.0,1,-0.377,47.7,15
64153.0,1,1.018,42.7,28
39515.0,1,-0.272,37.9,27
40726.0,0,-0.316,37.0,36
49175.0,0,0.81,36.0,25
60997.0,1,0.219,41.2,29
43796.0,1,0.037,33.9,29
34858.0,0,0.166,44.2,30
29442.0,1,-1.293,34.2,20
54890.0,0,0.408,48.6,25
71604.0,1,1.274,39.9,20
47340.0,0,0.53,32.3,22
24050.0,0,-1.606,42.9,28
40312.0,1,0.235,27.9,32
33852.0,0,-0.953,68.3,25
51064.0,1,-0.273,31.8,32
47467.0,1,0.084,37.3,28
30933.0,0,-1.237,52.6,23
60160.0,1,1.292,33.1,19
45874.0,0,-0.112,29.5,24
63126.0,1,0.75,29.0,27
55124.0,1,0.593,49.8,23
71165.0,1,1.303,27.4,28
63475.0,1,1.152,55.3,18
22877.0,0,-1.513,44.7,25
43548.0,1,0.005,37.3,15
36884.0,0,-2.172,49.8,21
45265.0,1,-0.484,38.5,20
47626.0,1,0.678,35.8,16
46328.0,1,0.878,26.1,24
61888.0,0,1.254,24.3,17
40277.0,0,-0.412,40.9,24
35288.0,0,0.286,18.5,23
54011.0,1,0.064,23.0,19
54800.0,0,1.234,23.2,25
68449.0,1,1.555,37.7,18
28505.0,0,-0.392,24.5,27
99492.0,1,3.752,36.3,25
54887.0,0,-0.036,63.0,24
50698.0,0,-0.399,38.3,25
72853.0,1,0.568,55.3,25
64250.0,1,0.727,39.4,19
56028.0,0,0.516,27.0,32
54097.0,0,-0.68,32.3,30
60190.0,1,1.444,31.3,23
50112.0,0,0.026,42.1,22
68946.0,1,1.51,44.5,19
70837.0,1,1.367,39.4,28
28284.0,0,-1.299,33.7,15
32637.0,0,-1.004,29.9,27
31461.0,0,-1.024,33.5,22
50411.0,1,0.227,28.8,27
45251.0,0,0.032,29.7,21
51636.0,1,0.248,62.1,19
29666.0,0,-0.833,46.4,23
49744.0,0,0.407,27.2,21
56100.0,0,1.385,37.7,29
36937.0,1,-1.354,40.8,18
46336.0,0,-0.214,37.1,20
45805.0,0,0.231,30.7,29
44420.0,0,-0.147,41.0,28
43004.0,0,-0.214,38.7,29
63530.0,1,1.752,42.2,20
67687.0,1,1.267,48.5,30
34772.0,0,0.833,32.0,24
43446.0,0,-0.777,39.3,33
65731.0,1,2.226,32.7,35
52407.0,0,0.346,28.9,29
35813.0,0,-0.593,32.1,14
34500.0,0,-0.352,39.5,26
54122.0,0,-0.504,31.8,19
56647.0,1,2.107,27.9,28
45430.0,0,0.191,30.2,23
33112.0,0,0.049,38.9,22
4333.0,0,-2.167,51.5,22
43035.0,0,0.724,50.2,24
28943.0,0,-1.071,21.9,19
15971.0,1,-1.143,34.5,19
47369.0,0,0.6,43.3,28
33765.0,1,-0.876,33.4,27
50431.0,0,0.823,36.1,18
55013.0,0,1.109,28.3,25
28291.0,0,-1.802,39.1,25
56053.0,1,-0.149,36.3,24
30113.0,0,-1.587,29.1,18
58138.0,0,-0.075,42.8,21
56447.0,1,0.899,47.8,24
33417.0,0,-1.377,42.4,30
61611.0,0,1.789,26.3,22
43048.0,0,-0.325,40.3,18
25609.0,0,-1.198,45.4,25
58946.0,1,-0.139,48.7,26
45199.0,0,0.777,49.5,33
18382.0,0,-1.393,47.0,24
42363.0,1,-0.014,35.9,25
23240.0,0,-1.39,42.8,21
80776.0,1,1.188,44.6,20
53006.0,1,0.138,38.8,25
43784.0,0,-0.443,41.0,22
51149.0,0,1.017,27.6,19
37708.0,0,-1.307,40.7,29
19276.0,0,-0.412,33.4,19
70933.0,0,1.828,36.3,20
47353.0,0,-0.143,54.6,21
66592.0,1,1.338,39.9,31
57163.0,1,0.176,40.8,24
26728.0,0,-0.72,31.5,25
39861.0,1,-0.266,23.1,20
53711.0,0,0.057,25.8,34
34476.0,0,-0.43,34.4,21
30765.0,0,-0.845,35.5,21
45206.0,0,-0.802,20.0,34
33537.0,0,-1.504,31.1,28
51934.0,0,0.089,37.7,22
35682.0,1,0.372,29.7,25
62210.0,0,0.727,34.0,21
23612.0,0,-1.828,38.8,27
58429.0,1,0.784,49.7,31
47040.0,0,-0.039,41.0,17
41241.0,0,-1.451,52.7,19
48048.0,1,0.076,24.1,33
50167.0,1,0.793,50.4,29
53337.0,0,0.5,36.0,36
51326.0,1,0.703,47.5,21
67767.0,1,0.923,57.3,26
49719.0,1,0.874,47.1,22
37084.0,0,-0.057,41.9,23
17837.0,0,-2.104,53.5,28
30814.0,0,-0.781,33.0,31
56118.0,0,0.335,48.0,28
37740.0,1,-0.491,41.6,25
51536.0,1,0.664,41.6,26
53611.0,0,0.777,31.9,25
32583.0,0,0.027,41.1,24
69264.0,1,1.859,41.4,24
32178.0,0,-0.996,37.6,22
59304.0,1,0.911,41.1,17
32672.0,0,-0.493,24.2,25
33318.0,0,-0.8,47.1,25
52656.0,0,0.569,35.4,27
33295.0,0,-0.636,40.3,30
66865.0,1,0.839,31.6,22
21532.0,0,-1.186,34.4,17
45816.0,0,0.016,31.5,19
52254.0,0,-0.863,50.2,16
35990.0,0,-0.254,29.7,20
47830.0,0,-0.391,30.5,23
34710.0,0,-1.148,36.1,26
64452.0,1,0.636,25.9,29
42744.0,1,-1.264,27.8,13
29645.0,0,-0.999,39.9,22
63490.0,1,0.873,40.7,19
65744.0,1,0.955,45.2,18
49767.0,0,0.649,42.2,22
58232.0,0,0.322,29.3,22
64191.0,1,2.26,27.6,16
39273.0,1,-1.227,48.0,29
27760.0,0,-0.761,16.3,29
34399.0,0,-1.011,39.3,29
59890.0,1,0.881,44.5,22
55935.0,1,0.271,49.3,30
75218.0,1,1.094,51.2,27
46493.0,1,0.956,48.4,24
31152.0,0,-0.242,56.6,26
34899.0,0,-0.835,20.0,25
50058.0,0,-1.008,34.9,29
82235.0,1,2.196,41.2,21
56945.0,1,0.952,15.5,31
50944.0,0,0.578,30.3,27
39148.0,0,-0.354,49.4,28
38441.0,1,-0.213,31.3,24
43964.0,0,-0.359,47.7,29
34173.0,0,-0.339,44.1,28
16062.0,1,-2.418,49.6,24
47917.0,0,-0.076,46.0,24
52099.0,0,-0.397,43.2,28
45544.0,1,0.275,44.6,24
52020.0,0,0.195,29.3,29
67185.0,1,0.839,54.5,21
45294.0,1,-0.028,35.7,28
54005.0,0,0.782,30.0,21
15980.0,0,-2.575,42.5,21
24279.0,0,-1.116,24.3,20
79402.0,1,1.711,58.5,26
37264.0,0,-1.234,61.5,23
51332.0,0,-0.293,49.8,30
54581.0,0,0.693,29.0,29
42168.0,0,-0.897,42.7,26
46075.0,0,0.708,41.0,24
29083.0,0,-1.442,33.1,28
14862.0,0,-1.928,35.4,23
23176.0,0,-1.343,42.8,29
23322.0,0,-1.668,33.4,34
38551.0,1,-0.032,38.1,32
46790.0,1,-0.332,38.9,15
61422.0,1,0.314,26.0,37
38820.0,0,-1.05,35.3,22
68340.0,0,2.529,34.4,20
50740.0,0,-0.11,54.7,25
36587.0,0,-0.06,40.0,25
50213.0,0,0.442,42.8,20
43823.0,0,-0.258,41.1,28
44997.0,0,-0.646,38.7,29
46185.0,0,0.072,39.6,30
51085.0,1,0.905,37.7,20
68423.0,0,0.652,18.0,24
66936.0,1,0.928,39.1,24
41007.0,1,-0.578,32.6,31
36810.0,0,-0.788,35.8,13
57269.0,1,1.991,29.3,21
43945.0,1,-0.252,29.7,25
55001.0,1,0.466,38.8,18
53558.0,1,0.726,34.2,14
42357.0,0,1.409,39.3,25
32993.0,0,-1.363,41.0,15
30626.0,1,-0.492,38.7,24
46918.0,0,-0.445,39.9,22
43234.0,0,-0.313,32.9,27
15000.0,0,-2.424,36.6,18
54676.0,1,-0.108,45.0,26
22059.0,0,-2.905,37.0,33
57363.0,0,0.287,44.6,20
35991.0,0,0.527,39.4,20
43170.0,0,0.587,48.8,23
25798.0,0,-1.215,29.2,26
46538.0,0,0.945,41.5,28
35410.0,0,-0.874,47.1,23
29788.0,0,-1.237,31.2,15
44322.0,0,-0.99,40.2,20
39211.0,0,-0.857,42.2,25
55068.0,1,0.164,37.5,22
63638.0,1,0.816,47.9,27
8876.0,0,-2.11,42.2,15
43680.0,1,-0.549,36.4,21
49674.0,1,0.894,47.0,30
49057.0,1,0.196,42.4,24
64036.0,0,0.502,66.5,21
19546.0,0,-1.505,23.2,25
49557.0,1,0.949,40.3,21
33210.0,0,-1.569,38.2,27
36317.0,0,0.19,38.6,22
60276.0,1,1.361,18.8,22
62912.0,0,1.879,39.4,23
33973.0,0,0.512,32.9,26
57529.0,1,0.881,45.5,30
47270.0,0,-0.606,27.6,23
31219.0,0,-0.481,55.2,33
61738.0,0,1.169,37.9,18
34865.0,0,0.002,33.4,16
35236.0,0,-0.127,41.3,18
37742.0,0,-1.411,23.9,23
60391.0,0,0.151,27.9,21
55317.0,1,0.646,43.9,28
27342.0,0,-0.794,35.0,21
37129.0,0,-0.507,38.8,21
63643.0,1,1.58,15.7,25
55582.0,0,0.178,24.4,21
35485.0,0,-0.289,21.0,26
46447.0,0,-1.137,54.0,15
36967.0,0,-0.62,36.1,30
43099.0,1,-0.25,50.3,20
50669.0,0,1.369,34.9,35
41442.0,0,-0.61,47.8,26
68308.0,0,1.794,32.1,24
28587.0,1,-0.929,32.8,19
41669.0,1,-0.358,36.0,18
50700.0,0,0.844,38.2,20
36030.0,0,-0.24,17.5,31
36134.0,0,-0.83,37.1,23
46273.0,1,-0.132,27.8,16
35088.0,0,0.449,30.4,26
32364.0,0,-1.716,34.3,18
48980.0,0,-0.249,33.2,19
42378.0,0,-0.109,36.4,29
46615.0,0,-0.404,47.7,23
57131.0,1,0.735,48.1,32
51104.0,1,-0.569,54.4,20
35887.0,0,-0.365,30.7,26
45518.0,1,0.038,36.1,22
61103.0,0,0.729,34.3,16
46877.0,0,-0.221,32.9,22
52375.0,0,1.517,43.4,35
28195.0,0,-0.908,44.8,15
76306.0,1,1.287,36.5,23
21964.0,1,-0.858,39.1,23
40546.0,0,-0.163,49.9,26
55045.0,0,0.364,36.4,22
78959.0,0,2.055,48.7,23
62085.0,1,0.896,38.0,26
38696.0,1,-0.406,42.6,25
51351.0,0,1.299,56.3,34
38736.0,0,-0.214,32.8,25
33453.0,1,-0.791,41.8,17
48237.0,0,0.449,50.6,21
41303.0,0,0.094,39.7,21
61039.0,0,0.954,51.5,27
32679.0,1,-0.55,63.6,26
45361.0,0,0.382,52.6,22
54069.0,1,0.635,38.0,27
50191.0,0,0.278,30.8,19
55770.0,1,-0.029,40.8,17
35373.0,0,-0.698,33.3,27
59605.0,0,0.904,31.2,27
35820.0,0,0.137,46.0,22
71419.0,1,0.496,45.3,15
35595.0,1,-0.351,22.6,20
51592.0,0,0.013,33.7,24
35936.0,0,-1.037,28.7,23
48161.0,0,0.086,45.3,32
52283.0,1,0.765,42.6,22
51901.0,0,0.093,48.1,23
53602.0,1,0.859,38.6,18
46878.0,0,0.313,44.0,22
61738.0,1,1.364,45.8,24
42739.0,0,-0.19,38.4,25
29006.0,0,-1.639,47.6,21
46606.0,0,0.432,21.1,21
44202.0,0,-0.165,48.8,21
37276.0,0,-0.974,25.6,24
55606.0,1,0.651,35.2,29
62854.0,1,0.264,41.1,18
45213.0,0,0.445,40.0,28
40737.0,0,-0.332,25.1,21
42975.0,1,0.197,39.0,27
53109.0,1,0.254,16.9,19
65049.0,1,1.775,36.1,38
34433.0,1,-0.684,33.7,30
51153.0,0,-0.01,53.1,14
42814.0,0,0.364,35.3,18
21983.0,1,-1.725,30.9,18
23254.0,0,-1.603,31.2,25
67372.0,1,2.166,29.8,23
18518.0,0,-1.767,38.0,37
67021.0,1,0.575,40.2,22
25314.0,1,-0.848,54.0,31
20211.0,0,-0.763,25.4,19
18984.0,0,-1.983,43.8,18
44299.0,0,-0.901,24.2,30
67221.0,0,0.784,35.1,20
14678.0,0,-1.389,49.1,25
71364.0,0,0.595,50.0,28
50942.0,0,0.313,46.4,22
56418.0,1,2.018,32.5,23
38713.0,0,-0.475,47.5,27
58644.0,1,1.263,53.0,33
43072.0,0,0.889,24.5,20
39671.0,0,-0.287,32.7,25
30903.0,0,-1.663,39.0,17
73200.0,1,1.509,40.6,27
33885.0,0,-1.364,41.3,23
35669.0,1,-0.473,36.2,26
54571.0,1,0.883,31.7,22
71361.0,1,1.116,43.4,23
26317.0,0,-0.845,31.0,29
40210.0,1,-0.032,36.6,21
31482.0,0,-0.259,42.9,24
60477.0,1,1.182,42.7,24
72780.0,1,2.505,46.9,17
22329.0,0,-1.83,47.4,25
70593.0,1,0.916,45.2,28
6460.0,1,-2.858,53.3,22
34977.0,0,0.014,25.3,23
30907.0,0,-1.109,40.5,30
74711.0,1,1.992,40.5,26
47165.0,0,0.166,36.3,25
53206.0,0,-0.737,38.5,34
36752.0,0,-0.499,42.2,28
36560.0,0,-0.575,35.2,23
53976.0,0,0.188,58.6,23
42125.0,0,-0.158,58.3,34
45575.0,0,0.656,34.0,24
67806.0,1,1.54,48.9,23
65481.0,1,0.701,47.0,33
28345.0,0,-1.226,41.1,36
22121.0,0,-1.624,36.9,29
42395.0,1,-0.755,43.8,22
54772.0,0,1.053,40.3,23
34800.0,0,-0.335,33.5,27
35821.0,0,-0.668,47.5,24
47813.0,1,0.138,40.5,38
39239.0,1,-1.416,49.8,24
29901.0,0,-1.139,26.0,16
67292.0,1,0.51,31.1,27
40988.0,1,-0.303,8.1,18
36394.0,0,-0.453,34.6,24
59906.0,0,0.318,27.4,31
31037.0,0,-0.585,44.3,23
36608.0,0,-0.686,48.5,21
56094.0,1,-0.46,39.5,25
60981.0,0,0.603,47.4,19
42023.0,0,0.06,31.6,21
40889.0,0,-1.195,26.3,26
46576.0,0,-0.303,52.0,30
49842.0,1,0.648,48.3,40
65042.0,0,1.871,45.7,26
37595.0,0,-1.142,35.2,28
57208.0,1,0.339,48.5,20
49413.0,1,-0.259,44.5,26
59283.0,0,0.826,64.3,10
51477.0,0,0.45,12.3,35
64114.0,1,1.472,26.5,19
60579.0,0,0.519,46.9,18
40716.0,0,-0.545,45.8,26
54768.0,0,-0.539,41.7,32
55541.0,1,0.406,36.7,28
39287.0,0,0.395,32.0,24
77392.0,1,2.398,54.6,26
69211.0,0,1.676,49.7,23
27463.0,0,-1.174,41.8,35
37948.0,0,0.35,42.6,22
16007.0,0,-1.331,55.2,26
25987.0,0,-1.656,28.6,20
45371.0,1,0.744,27.1,19
58403.0,1,0.552,37.3,21
20673.0,0,-1.039,28.3,28
74143.0,0,1.644,47.1,22
38791.0,1,-0.978,45.5,22
37818.0,0,-1.168,45.6,34
48238.0,0,0.653,36.2,19
38987.0,1,0.221,32.6,23
35410.0,0,-0.161,42.6,24
49887.0,1,-0.067,17.8,19
41129.0,0,0.224,23.2,19
32707.0,1,-0.14,28.3,28
29306.0,0,-0.173,24.6,18
12031.0,0,-1.896,38.4,23
28757.0,0,-1.342,26.9,22
54135.0,0,0.611,44.8,29
44408.0,0,-0.704,37.2,28
63844.0,1,0.545,21.9,21
51172.0,1,1.235,13.8,21
43901.0,1,-0.355,56.5,26
42924.0,1,0.283,41.1,18
75747.0,1,2.076,42.3,22
62696.0,0,0.695,33.1,34
56446.0,1,1.842,28.4,21
68854.0,0,1.533,51.2,27
58384.0,1,0.753,26.3,22
45574.0,0,-0.112,33.8,28
33288.0,0,-0.842,37.9,20
28574.0,1,-1.112,29.2,23
55836.0,0,0.486,32.5,25
57974.0,1,0.468,32.6,22
50317.0,1,-0.175,33.0,27
55385.0,1,0.848,53.2,13
44111.0,0,-0.605,38.4,27
67394.0,1,1.11,47.7,30
47421.0,0,0.04,29.2,21
53601.0,0,-0.036,32.4,29
35562.0,0,-0.0,31.6,22
42756.0,0,-0.099,22.2,22
82753.0,1,2.488,37.9,24
11494.0,0,-1.612,23.7,23
61167.0,1,0.177,26.2,25
56747.0,0,1.244,37.8,23
56592.0,0,0.718,40.7,31
38358.0,1,-0.302,29.9,27
80093.0,1,1.74,39.3,29
25699.0,0,-1.068,49.7,19
28596.0,0,-1.306,52.2,27
47564.0,1,0.568,46.9,34
38515.0,0,-1.454,34.8,26
10117.0,0,-2.378,50.5,20
59844.0,1,0.883,35.1,23
51337.0,1,0.761,34.9,25
48252.0,1,0.732,47.5,23
21410.0,0,-0.487,41.6,35
46631.0,1,0.183,42.9,27
19105.0,0,-0.965,29.7,17
60202.0,1,1.734,35.3,31
51911.0,0,0.791,41.1,18
58422.0,1,0.742,43.2,18
27889.0,0,-1.95,43.5,19
47438.0,0,0.807,20.3,24
67166.0,1,1.494,60.3,22
79652.0,0,1.216,46.0,24
52720.0,1,0.789,29.9,31
69842.0,1,-0.001,49.8,19
39684.0,0,-0.342,36.8,23
50133.0,0,0.602,34.3,23
70296.0,1,0.383,54.5,29
40678.0,0,0.236,27.1,21
36402.0,0,-0.309,28.1,29
67825.0,1,1.681,29.5,22
34862.0,1,-1.168,32.4,25
43675.0,0,-0.023,70.5,25
25439.0,1,-0.58,33.7,30
56183.0,0,1.032,28.2,22
50446.0,0,1.43,39.9,17
58299.0,1,1.244,45.7,24
58228.0,1,0.755,50.8,25
34202.0,0,-1.403,29.7,17
69956.0,1,2.081,57.8,20
45760.0,1,0.517,40.1,18
42377.0,0,-0.108,29.7,25
52932.0,1,0.022,30.6,13
46223.0,0,-0.34,43.1,30
45879.0,0,0.424,38.5,19
47034.0,0,0.31,34.1,32
34146.0,1,-0.36,39.9,20
16044.0,0,-2.57,61.7,23
52486.0,1,-0.035,52.8,24
53549.0,1,0.477,33.4,29
42734.0,1,0.526,31.3,23
40004.0,0,-0.153,48.3,26
58250.0,1,0.453,27.7,23
56602.0,1,1.028,19.9,18
33761.0,0,-0.47,28.6,27
78575.0,1,1.466,25.0,30
22767.0,0,-1.955,23.3,23
25875.0,0,-1.261,35.7,31
47119.0,0,-0.905,30.1,22
19906.0,0,-2.444,34.6,25
35999.0,0,-1.0,41.6,28
70905.0,1,1.248,32.7,25
73430.0,0,1.242,23.4,30
46678.0,0,0.097,28.6,18
67291.0,1,1.721,46.4,22
47552.0,1,0.239,27.1,21
42831.0,0,-0.498,26.6,27
43624.0,1,0.242,42.1,14
49339.0,0,-0.137,28.6,29
33779.0,0,0.736,28.5,19
17592.0,0,-1.503,40.4,33
52849.0,0,0.999,36.6,26
28179.0,1,-0.46,32.4,25
57894.0,1,0.855,33.8,27
29622.0,1,-1.541,48.7,17
27894.0,0,-0.419,41.3,20
36648.0,0,0.078,31.0,30
56894.0,0,0.901,33.7,33
34607.0,0,-1.218,53.9,11
61398.0,1,1.667,35.8,17
49649.0,0,0.483,41.5,21
38728.0,0,-0.526,41.1,29
45152.0,1,1.217,33.0,24
45514.0,0,0.103,39.8,27
48508.0,1,1.158,28.6,17
84237.0,1,2.323,35.5,18
61889.0,1,0.769,49.7,26
31308.0,0,-0.527,36.5,24
38200.0,0,-0.426,53.5,24
56008.0,0,0.583,40.2,22
41142.0,1,0.288,43.4,27
43801.0,1,-0.833,39.5,23
30034.0,0,-0.668,29.4,31
44101.0,1,0.666,48.9,28
74681.0,1,2.347,52.4,15
33718.0,0,-2.63,41.3,27
55999.0,0,0.724,38.3,25
50313.0,1,-0.211,35.8,26
56439.0,0,0.779,43.3,24
61151.0,1,0.868,49.0,19
49076.0,1,0.053,47.3,21
31974.0,0,-1.016,40.9,26
31569.0,1,-1.397,38.5,22
14116.0,0,-1.874,39.7,24
61500.0,0,1.222,36.7,25
46814.0,1,-0.21,27.6,22
40837.0,1,-0.54,58.5,29
53350.0,1,-0.278,30.1,15
32974.0,0,-1.339,28.8,24
57399.0,0,0.305,52.5,24
51396.0,1,1.319,43.2,25
53938.0,1,1.138,43.7,24
21066.0,0,-1.566,32.9,19
69943.0,0,1.364,38.1,24
35617.0,0,-0.764,46.0,20
25794.0,0,-1.913,65.9,17
15763.0,0,-1.229,43.6,19
33165.0,0,-0.967,39.6,30
43464.0,0,-0.007,44.9,19
34160.0,0,-1.032,38.7,21
27972.0,0,-1.51,30.4,27
30288.0,0,-0.264,20.4,23
65751.0,1,1.924,43.2,16
36200.0,0,-0.702,23.6,16
64186.0,1,0.464,50.1,19
46877.0,1,0.08,32.8,23
70889.0,1,2.658,33.4,20
23766.0,0,-1.898,26.0,20
61935.0,0,1.095,27.2,20
29435.0,0,-1.281,31.2,17
39061.0,0,-0.592,40.8,11
39410.0,0,-0.097,32.8,24
88379.0,1,3.186,36.0,17
36094.0,0,-0.763,32.2,21
15632.0,0,-1.889,42.6,25
82143.0,1,1.297,41.4,28
44587.0,0,-0.839,42.2,34
38514.0,0,-0.243,27.3,35
48486.0,1,-0.024,29.6,26
43056.0,1,0.097,24.4,18
43628.0,1,-0.17,44.5,23
66882.0,0,0.268,11.1,21
73440.0,1,0.387,52.6,30
51220.0,0,0.854,34.4,24
38822.0,0,-0.427,30.9,22
42667.0,0,-0.749,39.2,25
34200.0,0,-1.064,34.7,21
62195.0,1,0.593,33.8,28
50637.0,0,-0.046,41.2,23
59523.0,1,0.553,43.3,23
45028.0,0,0.538,32.2,20
63545.0,1,1.686,53.4,17
50139.0,1,0.208,24.3,25
66250.0,1,0.752,46.0,19
35522.0,0,-1.203,40.0,30
33061.0,0,-1.08,27.2,26
34668.0,0,-0.312,46.1,24
45510.0,0,-1.217,50.6,25
52855.0,0,0.69,21.7,26
25752.0,0,-1.333,43.4,21
49015.0,1,0.068,36.5,17
22476.0,0,-2.458,39.8,24
32899.0,0,-1.105,20.8,33
47661.0,1,-0.339,43.6,19
43549.0,0,-0.259,49.2,31
27252.0,0,-1.792,40.3,21
51772.0,0,0.109,30.7,19
56942.0,1,0.975,34.1,23
58405.0,0,0.648,40.7,30
16463.0,0,-0.659,35.5,19
36420.0,1,-0.587,23.9,32
17533.0,0,-1.186,25.7,22
43061.0,0,0.63,22.6,28
67763.0,1,1.442,37.9,22
38041.0,1,-0.526,55.9,23
28168.0,0,-1.698,50.8,13
51974.0,0,0.2,35.2,24
58447.0,0,0.708,35.5,15
7771.0,0,-2.722,46.9,22
50433.0,1,0.138,44.3,26
67807.0,1,2.164,50.2,27
54685.0,0,0.821,42.0,22
55750.0,0,0.55,33.6,25
65005.0,0,0.402,43.5,19
61247.0,1,1.062,55.1,23
29317.0,0,-0.941,40.4,19
35496.0,0,-0.845,58.3,25
47048.0,0,0.408,28.9,31
38306.0,1,-0.685,34.6,24
41385.0,1,0.259,40.0,19
3968.0,0,-1.913,36.7,26
63650.0,1,0.758,46.9,24
52709.0,0,0.847,40.9,18
35479.0,0,0.044,44.3,17
61062.0,0,0.164,52.8,23
66338.0,0,1.621,25.9,25
37952.0,0,-1.083,34.9,26
46545.0,1,-0.913,57.7,23
29990.0,1,-1.094,34.4,21
29418.0,0,-0.425,27.1,29
33323.0,1,-1.011,29.3,26
46640.0,0,0.037,26.2,23
40120.0,0,-0.651,36.2,30
34979.0,0,-1.449,40.3,22
36997.0,0,-1.55,41.1,32
52770.0,1,1.212,45.3,19
42551.0,1,-0.069,36.2,18
36936.0,1,-0.227,45.8,20
49910.0,0,0.027,48.8,22
44376.0,0,-0.082,23.7,30
61050.0,1,0.756,27.8,16
49647.0,1,0.562,42.4,28
37854.0,0,-0.59,26.0,19
40516.0,0,-0.824,48.4,21
25631.0,0,-1.087,31.7,19
26392.0,0,-1.251,31.4,28
47783.0,0,1.402,39.1,25
25438.0,0,-0.917,60.9,20
29951.0,0,-2.019,26.4,30
36699.0,0,-0.843,37.2,21
22691.0,0,-0.788,30.2,26
49784.0,1,0.33,43.3,32
27236.0,1,-0.886,36.2,16
47213.0,1,0.535,37.0,24
37002.0,0,0.389,42.2,22
54438.0,0,1.267,35.3,20
64918.0,1,2.167,37.9,26
91006.0,1,2.849,42.8,24
66575.0,1,1.351,37.2,19
38291.0,1,-1.16,35.1,25
44851.0,0,-0.404,28.9,25
42881.0,1,0.248,41.8,27
83854.0,1,2.068,38.9,11
56214.0,0,0.677,36.2,16
53380.0,0,1.203,31.3,27
37831.0,0,-0.174,32.8,20
51775.0,0,0.59,27.9,24
52331.0,1,0.718,55.2,16
35616.0,1,-0.456,43.8,30
56995.0,0,0.777,57.7,30
68459.0,1,1.071,20.4,21
44792.0,0,-0.158,21.7,25
71954.0,0,1.018,40.5,22
54829.0,0,1.648,35.8,26
53597.0,0,0.066,33.0,17
33215.0,0,0.0,31.5,18
34145.0,0,-0.31,35.0,21
32098.0,0,-0.619,11.9,33
59730.0,0,0.156,62.0,25
35807.0,0,-0.412,34.3,23
46003.0,0,-0.312,35.6,21
25986.0,1,-0.773,47.1,17
38176.0,1,-1.536,36.0,27
41671.0,1,-0.937,41.0,22
56587.0,1,0.329,44.9,20
20688.0,0,-1.183,45.5,19
40429.0,0,-0.648,43.2,30
78034.0,1,1.642,48.9,28
66071.0,1,1.127,49.1,27
26392.0,0,-0.693,39.5,23
62600.0,0,0.603,43.8,18
52344.0,1,-0.65,33.2,25
54897.0,1,1.628,46.5,23
40089.0,0,-0.586,25.5,31
46871.0,0,0.082,24.6,29
53009.0,1,1.385,30.9,22
49459.0,0,-0.828,43.6,19
48689.0,0,1.305,32.8,26
31167.0,0,-0.817,35.4,29
58025.0,1,0.238,51.1,22
36981.0,0,-0.296,55.0,19
40704.0,1,-0.089,60.5,24
49813.0,1,0.16,49.9,20
39872.0,1,-0.074,45.6,21
33879.0,0,-1.017,44.2,23
53703.0,1,0.867,28.3,14
61919.0,1,0.721,40.6,34
52124.0,0,1.29,38.0,28
55589.0,0,1.385,49.6,23
40749.0,0,-1.344,44.5,24
47597.0,0,1.286,29.8,29
57106.0,1,1.298,36.1,26
52879.0,1,-0.532,44.5,29
59073.0,0,1.037,40.8,18
53834.0,1,1.468,32.9,21
27625.0,0,-0.539,47.5,26
33112.0,0,-1.379,20.2,28
42000.0,1,-0.36,44.5,18
91614.0,1,2.793,30.2,24
70684.0,0,0.236,24.0,17
24474.0,0,-1.214,35.2,28
47342.0,0,-0.253,49.8,22
56638.0,1,-0.994,22.8,34
39554.0,0,-0.399,36.6,19
55470.0,0,0.095,38.3,31
9301.0,0,-2.562,33.8,21
52011.0,0,0.36,34.1,17
67971.0,1,1.415,37.0,18
42746.0,1,-0.197,40.2,18
42412.0,0,-0.383,52.7,17
57346.0,1,1.094,10.9,21
29062.0,0,-1.267,40.6,19
30345.0,1,-1.246,47.0,29
29106.0,0,-1.391,20.7,20
34953.0,0,-0.157,44.4,21
66493.0,1,0.394,47.7,21
32655.0,0,-0.091,34.1,19
60632.0,0,0.55,40.6,31
59130.0,1,0.831,32.2,31
49800.0,0,0.497,25.7,18
30605.0,0,-0.809,32.6,22
36720.0,0,-0.268,31.2,33
56452.0,0,1.248,47.3,14
31375.0,0,-1.047,31.7,26
31517.0,0,-0.253,44.7,24
27428.0,0,-0.417,46.9,13
48395.0,1,-0.18,49.9,20
28265.0,0,-1.076,38.5,32
29156.0,0,-1.349,43.1,22
69228.0,1,2.556,30.2,31
68816.0,0,0.946,28.0,24
33255.0,0,-0.713,53.9,25
46240.0,0,-0.059,48.7,24
54275.0,0,0.677,28.0,21
51587.0,0,-0.344,29.5,25
56668.0,1,0.617,55.1,22
21035.0,1,-0.615,41.1,21
30884.0,0,-0.359,49.8,22
60317.0,0,-0.085,53.0,21
50162.0,0,-0.457,36.7,27
17199.0,0,-2.453,47.3,21
55835.0,0,0.021,26.5,33
46927.0,0,0.262,37.8,29
63953.0,1,0.476,46.1,21
39333.0,0,-0.994,51.9,23
33541.0,0,0.344,38.3,16
59776.0,1,0.216,43.5,25
19559.0,0,-1.769,29.8,25
17017.0,0,-2.202,47.3,24
57142.0,1,0.476,25.1,29
9919.0,0,-0.954,34.6,23
67182.0,1,1.002,36.7,17
66141.0,1,2.14,28.9,25
35756.0,0,-0.583,32.1,16
38859.0,0,-0.689,35.0,24
41713.0,0,-0.012,47.6,21
55517.0,0,0.675,44.4,22
42438.0,1,-1.136,41.5,36
65672.0,1,1.245,41.7,16
72961.0,1,0.991,42.0,34
59975.0,1,0.661,28.6,20
19716.0,1,-0.54,34.8,23
59727.0,0,0.916,35.8,29
67040.0,0,0.857,45.6,23
27726.0,0,-1.201,41.2,22
70581.0,1,2.09,43.5,34
42818.0,1,-0.301,26.4,33
60144.0,1,0.369,53.8,22
31022.0,0,-0.524,31.7,25
52565.0,1,0.385,28.2,17
64058.0,1,1.16,38.3,18
47616.0,1,-0.807,40.7,29
17729.0,0,-1.655,36.0,23
48130.0,0,-0.45,52.6,31
26044.0,1,-1.306,32.5,21
38202.0,1,-0.759,33.2,23
55394.0,0,-0.126,24.7,25
49858.0,0,-0.064,50.8,29
59895.0,1,1.291,34.3,28
19335.0,0,-1.015,33.9,15
39143.0,1,0.353,19.8,28
42863.0,1,-0.508,29.4,31
71693.0,0,1.365,32.5,30
65094.0,1,2.528,41.6,16
45186.0,0,0.303,46.9,26
67376.0,1,1.674,48.8,26
44118.0,0,-0.53,30.4,25
25471.0,0,-1.599,39.9,25
22706.0,0,-1.27,52.9,24
33513.0,0,-1.579,44.2,31
28501.0,0,-0.955,46.2,21
51449.0,0,-0.24,50.8,12
65130.0,1,1.15,43.6,29
49115.0,1,0.7,39.2,22
67981.0,0,0.464,63.4,15
35790.0,0,-0.424,23.7,31
42242.0,0,-0.722,40.7,22
48145.0,0,0.033,45.1,25
58223.0,1,0.138,39.7,25
37560.0,0,0.256,38.7,25
53157.0,0,0.372,34.8,22
47719.0,0,-0.118,49.6,19
26988.0,0,-1.925,20.8,37
23457.0,1,-1.115,27.3,31
35040.0,0,-0.826,24.7,25
68816.0,0,1.697,31.6,22
35484.0,0,-0.427,33.0,24
55717.0,1,0.675,42.0,30
66542.0,1,1.464,48.3,16
63323.0,0,0.333,30.2,22
43202.0,1,-0.393,38.8,30
36642.0,0,-0.293,59.1,30
37508.0,0,-1.022,46.2,23
50178.0,1,0.307,22.7,29
64313.0,0,1.128,45.9,28
60035.0,0,0.57,39.4,27
60586.0,1,0.771,39.1,26
49045.0,1,0.718,42.1,29
70006.0,1,2.004,46.9,16
33456.0,0,-0.634,41.5,19
45049.0,1,0.158,48.5,17
38360.0,0,0.705,42.1,30
72252.0,0,1.247,47.5,22
15577.0,1,-2.428,44.2,19
34061.0,0,-0.522,30.0,30
39779.0,0,-0.208,23.7,17
24365.0,0,-1.029,57.3,19
72194.0,1,0.847,30.0,17
51738.0,1,0.219,27.7,20
45490.0,0,-0.396,48.9,17
17801.0,0,-1.634,49.6,22
23438.0,0,-1.324,36.7,20
32220.0,0,-0.985,51.3,18
47290.0,1,0.455,33.2,34
32321.0,1,-1.219,34.7,19
15895.0,0,-2.069,24.9,24
29120.0,0,-1.453,58.9,25
27538.0,0,-0.592,39.7,25
75030.0,1,1.673,45.8,26
89634.0,1,2.502,22.7,23
44716.0,0,-0.481,43.5,33
52051.0,1,0.944,20.7,34
60887.0,1,1.401,32.0,20
67742.0,0,1.285,45.4,22
51419.0,0,-0.117,53.1,25
19422.0,0,-1.302,54.8,14
43484.0,1,-0.488,38.4,23
32586.0,0,-1.862,25.8,29
38713.0,0,0.239,42.6,17
44614.0,1,0.777,34.4,26
34720.0,1,-1.893,46.1,16
37666.0,0,-0.052,43.7,20
57004.0,0,0.292,56.4,33
58979.0,0,1.249,45.3,17
81909.0,1,1.379,37.6,34
59789.0,1,0.801,43.6,32
48577.0,0,-0.687,36.0,24
34682.0,0,-0.368,34.3,25
53764.0,1,1.204,33.1,26
37099.0,0,-0.606,36.5,21
44695.0,0,-0.042,32.7,24
66216.0,0,1.561,39.3,25
41259.0,1,0.128,24.0,19
30186.0,0,-1.375,34.1,23
54403.0,1,-0.296,44.6,24
55307.0,0,0.639,31.0,24
42003.0,1,-0.19,28.5,21
54944.0,1,1.161,56.6,27
61871.0,1,1.282,33.5,21
48060.0,0,-0.651,56.2,17
53233.0,1,-0.504,37.9,23
44292.0,0,-0.104,43.7,25
25971.0,0,-1.202,47.5,19
64558.0,1,0.378,32.3,29
49462.0,0,-0.18,30.8,18
52375.0,1,0.785,39.5,22
36984.0,1,-0.6,38.0,26
30497.0,0,-0.88,46.2,26
75506.0,1,1.838,33.9,25
39637.0,0,-0.879,32.1,22
49355.0,1,-0.586,41.0,28
24500.0,0,-0.732,31.2,30
47112.0,1,-0.305,29.4,28
36772.0,0,-0.916,41.5,21
44501.0,1,-0.045,34.6,26
41905.0,1,-0.705,25.3,30
44653.0,0,-0.417,47.2,21
59917.0,0,0.363,36.2,22
65053.0,1,0.702,16.1,30
64396.0,1,0.467,30.8,20
60815.0,0,-0.736,48.4,16
45115.0,0,0.397,38.4,20
41879.0,0,-0.12,31.6,26
41038.0,0,-0.106,40.5,25
20571.0,0,-1.722,31.6,23
53295.0,1,0.671,34.8,23
34872.0,0,-0.14,42.1,26
66175.0,1,1.706,28.7,20
52247.0,0,0.64,56.3,19
29850.0,0,-1.117,12.4,29
20615.0,0,-1.372,22.8,28
62256.0,1,1.151,47.2,22
37640.0,1,-0.875,41.6,23
60942.0,1,0.684,57.0,27
31345.0,1,-0.301,44.8,25
89794.0,1,2.104,49.6,30
47941.0,1,0.08,45.1,21
64113.0,1,1.516,36.5,20
51306.0,0,1.334,20.5,19
33939.0,0,-0.461,35.6,33
54686.0,1,-0.326,42.7,32
76557.0,1,1.49,40.9,25
43650.0,0,0.007,29.2,26
18071.0,0,-0.861,47.9,23
51517.0,1,1.214,34.2,18
77782.0,1,2.585,28.5,25
36739.0,0,-0.023,39.1,29
63810.0,1,1.418,37.8,15
37927.0,0,-0.14,26.7,24
70831.0,1,1.381,28.8,30
54584.0,0,-0.211,40.1,25
58739.0,1,1.364,56.0,20
49120.0,0,0.578,13.6,23
46837.0,0,-0.147,14.4,16
50894.0,1,0.276,31.3,19
32160.0,1,-0.501,34.0,24
47644.0,0,-1.083,46.3,23
34158.0,0,-1.011,22.2,24
51282.0,1,-0.009,41.1,28
31295.0,0,-1.007,41.7,31
48296.0,0,0.493,47.4,20
38762.0,1,0.587,32.2,15
56041.0,1,0.529,30.4,22
26959.0,0,-0.437,36.1,27
59491.0,0,0.118,33.2,24
51060.0,1,0.038,33.4,28
66416.0,0,1.387,33.5,22
33902.0,0,-0.742,45.7,24
45012.0,0,-0.319,36.0,20
36750.0,0,-0.167,36.6,20
47711.0,1,-0.076,44.6,17
46889.0,1,-0.682,35.9,18
32830.0,1,-0.561,40.9,29
64082.0,1,1.085,24.0,34
38073.0,0,-0.569,39.5,32
53431.0,0,0.987,39.1,26
76365.0,0,2.106,32.4,20
58046.0,1,1.349,33.3,27
2128.0,0,-1.738,30.5,16
62770.0,0,0.845,50.3,28
55072.0,0,0.55,37.4,36
48404.0,0,0.616,31.8,23
33754.0,0,-1.556,32.3,23
41136.0,0,0.83,29.2,29
28639.0,0,-1.019,40.8,31
57589.0,1,1.365,40.0,30
52211.0,1,1.141,30.6,21
74150.0,1,2.619,31.3,23
38911.0,0,-0.319,41.2,35
34412.0,0,-1.459,27.2,24
62366.0,1,1.114,52.9,20
52548.0,1,0.939,39.7,22
52639.0,1,-0.319,33.1,24
58767.0,1,1.425,40.9,30
60802.0,1,0.753,20.4,31
28456.0,0,-1.225,43.8,21
35845.0,0,-0.289,32.5,22
38923.0,0,-0.384,47.8,21
38823.0,0,-0.047,47.1,21
55955.0,0,0.254,30.6,25
41855.0,0,-0.634,52.8,18
48962.0,1,-0.136,35.4,23
61622.0,1,0.651,35.6,21
47235.0,0,-0.012,48.8,23
41732.0,0,-0.209,47.9,19
30124.0,0,-0.244,32.2,25
41149.0,1,-0.039,40.2,24
28381.0,0,-1.855,32.6,23
49805.0,0,0.221,29.3,25
26670.0,0,-0.968,31.7,29
57811.0,1,0.167,42.2,27
29706.0,0,-1.412,20.6,37
67431.0,1,0.983,40.7,25
56520.0,0,0.297,30.4,15
30261.0,0,-1.291,35.5,23
53399.0,1,0.298,50.4,33
42789.0,0,-0.699,42.6,25
52714.0,1,1.862,34.6,27
45662.0,1,0.552,55.8,24
30001.0,0,-0.736,22.7,35
35373.0,0,0.286,38.7,22
51167.0,1,0.029,47.6,21
79151.0,1,1.261,25.2,26
47189.0,0,0.42,42.9,21
62610.0,1,0.578,35.7,15
40075.0,1,-1.054,54.3,26
42014.0,1,0.858,46.8,19
74257.0,1,2.16,43.7,25
49809.0,0,0.703,23.4,27
43786.0,1,0.027,35.5,22
39559.0,0,0.231,54.5,22
22504.0,0,-0.886,46.1,22
59956.0,1,0.253,31.2,22
27449.0,1,-1.031,36.1,27
54149.0,1,0.112,20.5,24
43161.0,0,-0.32,39.3,25
38373.0,0,-0.763,28.3,26
51778.0,0,0.649,24.0,21
27604.0,0,-1.421,28.3,21
43143.0,1,0.028,45.7,26
32093.0,0,-1.256,22.8,29
61082.0,1,1.899,10.1,23
74174.0,1,2.044,59.1,27
59039.0,0,0.916,33.5,21
67918.0,1,1.967,33.5,17
58834.0,1,0.662,26.6,15
68507.0,0,0.612,49.4,31
50607.0,0,-0.357,44.8,22
41616.0,1,-0.827,45.5,21
43417.0,0,0.196,42.7,22
50252.0,1,-0.467,46.9,19
51253.0,0,-0.37,42.2,26
56665.0,0,0.797,36.3,26
56274.0,0,-0.06,48.1,26
26141.0,0,-1.494,40.4,24
31970.0,0,-0.15,32.6,24
28452.0,0,-0.697,41.5,22
33759.0,0,-0.229,19.0,21
31193.0,0,-1.032,39.5,23
60268.0,1,1.265,31.3,28
58738.0,0,1.968,23.2,16
42911.0,1,-1.047,43.7,31
57906.0,1,0.713,57.7,23
55873.0,1,0.663,50.5,28
43469.0,0,-1.01,44.1,25
49393.0,0,0.165,30.4,27
59946.0,0,1.475,24.0,23
62610.0,0,0.911,34.6,24
78772.0,1,1.682,31.2,22
32577.0,0,-1.108,40.3,28
36149.0,1,-0.685,55.2,22
46192.0,1,0.352,46.3,17
62221.0,1,0.414,41.6,27
51092.0,1,0.083,41.9,24
38346.0,0,-0.329,22.9,24
29181.0,0,-0.353,45.3,19
35359.0,0,-0.551,40.0,29
67432.0,0,0.506,30.8,36
10200.0,0,-2.705,37.4,25
72782.0,1,1.653,36.1,27
43333.0,1,-0.475,44.1,16
16767.0,0,-1.379,33.3,19
62325.0,1,0.595,49.3,28
28267.0,0,-1.355,38.6,21
35039.0,0,0.435,33.4,35
50437.0,0,-0.354,52.1,19
62263.0,1,0.638,36.6,28
57765.0,1,0.835,38.2,20
61471.0,1,1.34,27.7,30
33910.0,0,-0.451,49.9,16
56788.0,1,-0.248,37.9,26
36654.0,1,0.03,43.7,24
38416.0,0,-1.373,35.4,32
57279.0,0,0.634,41.0,22
45016.0,0,0.169,25.5,24
33600.0,0,-1.301,33.6,24
76849.0,1,1.249,25.5,33
78458.0,1,1.404,35.0,23
27577.0,1,-1.279,45.5,14
35704.0,1,0.61,33.1,22
49699.0,1,1.288,37.3,15
55940.0,1,0.876,40.1,24
27433.0,0,-0.945,54.7,18
34213.0,1,-1.362,46.2,21
44376.0,0,-0.081,21.9,29
36556.0,0,-0.462,51.4,19
48491.0,0,0.026,21.3,23
44008.0,0,-0.07,23.3,19
53287.0,1,0.56,40.1,30
35036.0,0,-0.529,53.5,29
50118.0,0,-0.13,30.1,23
85545.0,1,2.999,26.0,24
44926.0,0,-0.099,34.7,23
51079.0,1,0.766,39.5,18
53367.0,1,0.318,51.4,29
52383.0,0,0.246,38.7,16
34348.0,0,-0.884,34.0,35
61462.0,1,0.554,33.8,23
38082.0,1,-0.025,39.2,23
64813.0,0,0.844,42.6,32
65708.0,1,2.077,28.0,22
59536.0,1,0.21,36.0,22
62422.0,1,0.786,45.2,31
33042.0,0,-0.999,59.9,21
55012.0,1,0.141,42.6,13
74197.0,1,1.575,15.7,29
44301.0,1,-0.036,32.0,22
17439.0,0,-0.614,41.8,16
59046.0,1,0.23,34.4,19
50996.0,1,-0.162,49.5,23
49707.0,1,-0.218,35.2,28
54703.0,1,-0.35,43.1,25
74753.0,1,2.009,42.6,24
25382.0,0,-0.849,33.3,20
38145.0,1,-0.391,32.6,23
39283.0,1,-0.548,34.2,25
53140.0,0,1.262,26.9,21
59342.0,1,-0.257,38.2,32
67098.0,1,1.326,31.0,20
45287.0,0,0.188,37.8,26
42548.0,0,-0.002,27.2,23
33848.0,0,-1.439,53.7,21
71384.0,1,1.233,43.0,27
46256.0,1,0.562,51.5,25
50792.0,0,0.426,31.5,28
46787.0,0,-0.096,34.1,21
40790.0,1,-0.395,42.6,28
16508.0,0,-1.247,41.2,19
57212.0,0,0.967,40.9,24
42728.0,0,0.29,45.8,20
39566.0,0,-0.338,42.8,20
33131.0,1,-0.609,49.2,12
49353.0,1,0.137,32.6,31
42454.0,0,-0.07,47.8,19
69895.0,1,1.664,2.9,23
69600.0,1,0.795,41.1,22
27294.0,0,-0.575,35.3,22
34343.0,0,-1.084,33.0,25
42481.0,1,-0.214,37.7,35
24100.0,0,-0.89,36.9,25
36465.0,0,0.098,41.6,17
48885.0,0,0.426,27.8,24
59618.0,1,0.659,31.9,21
37828.0,1,0.439,41.6,25
41587.0,0,-0.167,32.7,24
60189.0,1,0.625,33.6,22
42370.0,0,-0.864,43.0,27
47539.0,0,-0.053,39.8,21
51311.0,0,0.839,32.3,23
67206.0,1,0.315,30.1,17
30305.0,1,-1.244,43.1,30
43026.0,0,-1.127,45.4,21
17575.0,0,-1.587,44.0,20
55399.0,1,1.833,43.0,29
38490.0,0,-1.52,35.0,24
43542.0,1,-0.108,29.8,22
53641.0,1,1.867,37.1,20
52312.0,0,1.108,36.2,27
69640.0,1,1.349,31.6,26
40232.0,1,-0.467,40.2,20
47218.0,1,0.771,66.3,15
82437.0,1,3.078,32.8,19
46391.0,0,-0.003,34.3,20
52180.0,1,0.447,44.8,21
46952.0,0,-0.282,30.6,21
55589.0,0,0.021,33.6,33
49603.0,0,0.408,33.4,24
56376.0,1,1.421,37.1,25
31475.0,0,-0.865,45.8,23
25193.0,0,-1.393,42.9,27
42451.0,0,0.061,23.6,23
60469.0,1,0.241,34.5,22
59225.0,0,1.447,27.9,25
57445.0,1,0.754,40.8,24
62279.0,1,-0.588,32.8,31
51778.0,0,0.603,48.2,22
60174.0,1,1.153,56.7,22
52652.0,1,0.323,34.7,28
45194.0,1,-0.303,39.6,32
55106.0,0,0.713,45.2,19
49793.0,1,-0.318,30.9,31
22798.0,1,-1.831,23.2,20
61212.0,1,1.367,42.4,28
36174.0,0,-1.254,40.7,22
42371.0,0,-0.3,19.1,24
53302.0,0,-0.282,36.8,28
41482.0,0,-0.302,32.5,22
53284.0,1,-0.252,31.2,27
41187.0,0,-1.408,37.8,23
73004.0,0,0.557,23.2,19
40675.0,0,0.058,23.7,30
46780.0,0,0.07,49.7,25
60931.0,0,1.102,43.6,24
53306.0,1,1.129,36.6,26
65829.0,1,1.368,38.5,30
81832.0,1,1.879,40.4,30
43469.0,1,0.481,37.8,30
24182.0,0,-1.51,60.6,22
41451.0,1,0.241,31.8,17
45072.0,1,0.041,43.4,29
36545.0,0,0.097,26.2,24
32042.0,0,-0.572,43.6,18
46777.0,0,-0.861,54.8,18
43436.0,1,0.824,37.0,13
43825.0,1,0.998,30.0,17
27757.0,0,-1.09,21.6,23
53984.0,0,0.568,48.6,27
47272.0,0,-0.141,30.8,22
33756.0,0,-0.36,39.7,27
50898.0,0,0.712,44.5,21
55859.0,0,-0.024,28.3,26
39230.0,1,-0.527,38.3,24
51644.0,0,0.083,50.9,32
14865.0,0,-1.97,29.4,32
26195.0,0,-0.567,34.8,21
36947.0,0,-0.415,38.0,26
34208.0,0,-1.374,21.8,27
45186.0,1,0.2,33.5,26
41730.0,0,0.29,46.5,18
36897.0,0,-0.582,57.6,22
56935.0,0,-0.152,28.5,27
56392.0,0,0.69,38.4,26
62589.0,0,1.076,41.3,27
41977.0,0,-0.745,34.9,24
51856.0,1,0.354,31.8,15
59941.0,0,1.051,35.7,24
43933.0,0,-0.018,33.5,25
29901.0,0,-0.76,29.6,28
34823.0,0,-0.756,35.5,23
46301.0,1,-0.313,36.5,16
32149.0,0,-1.025,15.5,15
58499.0,0,2.02,39.1,25
54973.0,1,-0.564,35.9,26
51664.0,1,0.384,38.5,25
37995.0,1,0.188,18.2,21
63913.0,1,0.641,57.3,24
30416.0,0,-0.382,37.9,22
34457.0,0,-1.296,21.9,23
80674.0,1,1.64,48.4,21
35521.0,0,-0.078,44.1,25
37242.0,0,0.117,32.5,21
54954.0,0,0.2,50.0,26
49727.0,1,1.262,43.3,31
57350.0,1,0.769,28.0,31
53504.0,0,1.174,31.3,21
43302.0,0,0.823,42.0,19
59213.0,1,0.154,54.1,22
48793.0,1,0.255,33.5,27
41385.0,1,-0.742,51.7,27
26159.0,0,-1.937,39.6,20
42698.0,0,-0.238,30.8,25
22226.0,0,-1.071,51.0,21
70059.0,1,2.589,29.1,19
84534.0,1,1.56,36.0,22
42409.0,0,1.172,17.0,23
35436.0,1,-0.549,34.6,18
67018.0,1,2.06,46.0,21
24119.0,0,-1.703,25.5,28
33341.0,0,-1.207,22.8,14
45528.0,1,-0.779,53.3,26
33201.0,0,-0.956,44.3,23
51483.0,1,0.134,30.6,21
49152.0,0,0.195,37.2,27
79148.0,1,1.912,57.0,28
60298.0,0,0.999,26.3,25
60079.0,1,1.222,47.6,22
46606.0,1,0.42,43.4,18
40208.0,0,-0.146,41.6,24
46609.0,0,-0.685,37.2,19
23919.0,0,-1.508,45.7,27
45710.0,0,-0.868,28.8,21
35253.0,1,-0.379,38.9,24
58830.0,1,0.764,51.5,25
20231.0,0,-1.685,36.4,28
29047.0,0,-1.365,39.5,25
43603.0,0,0.221,46.9,25
24970.0,0,-1.047,21.7,24
42920.0,0,0.337,17.2,25
32150.0,0,-0.41,51.8,31
41820.0,0,-0.75,41.2,18
34000.0,0,-1.332,42.9,22
50999.0,1,-0.092,33.7,29
46304.0,0,-0.727,38.7,24
49704.0,0,-0.612,45.9,16
43318.0,1,-0.636,37.2,26
38200.0,0,0.188,32.5,31
57227.0,0,0.149,29.1,38
30203.0,0,-1.713,23.0,21
35616.0,1,-0.16,13.8,17
57386.0,1,0.399,33.9,22
52658.0,1,1.039,33.4,34
58226.0,0,0.783,62.4,21
43572.0,1,0.21,31.7,25
30551.0,0,-1.142,26.6,22
33825.0,0,-0.77,56.6,28
60642.0,1,0.915,30.6,24
43913.0,0,-0.702,34.5,30
61567.0,1,1.026,47.7,23
67298.0,1,1.274,48.0,19
28531.0,0,-1.062,48.1,31
41153.0,1,0.441,44.7,25
28712.0,0,-0.112,28.8,31
60606.0,0,2.028,31.7,28
64941.0,0,0.838,33.6,28
29927.0,0,-0.51,44.5,19
57010.0,1,0.407,35.7,28
37766.0,1,-0.918,49.1,18
34291.0,1,-0.151,40.9,22
55862.0,1,0.205,41.8,20
48163.0,0,0.149,16.4,33
50708.0,0,0.308,40.1,28
21867.0,0,-0.907,28.2,23
19419.0,0,-1.853,47.4,21
36133.0,0,-0.363,36.9,21
45977.0,0,-0.892,45.9,33
37222.0,1,-0.7,45.2,26
81174.0,1,2.137,33.1,27
61434.0,0,1.163,31.5,21
38040.0,1,-0.174,49.3,20
42101.0,1,-1.433,52.0,25
35118.0,0,-1.298,30.7,25
52146.0,0,0.361,22.6,27
47564.0,0,1.069,47.3,28
34942.0,0,-0.289,24.3,19
47037.0,0,0.135,38.3,28
47647.0,1,0.255,18.0,18
74561.0,0,1.066,49.5,15
32872.0,0,-1.88,42.5,36
42031.0,0,0.156,34.8,23
55378.0,1,0.406,26.4,24
54695.0,1,0.95,10.8,25
40827.0,0,0.396,37.8,25
29967.0,0,-1.101,45.4,28
38435.0,0,-0.581,41.0,27
14187.0,0,-1.524,25.6,18
59770.0,1,0.193,46.1,20
39919.0,0,0.192,42.1,28
53790.0,0,0.512,22.9,28
34703.0,0,-0.97,21.7,28
32253.0,0,-1.14,29.0,22
86542.0,1,1.526,51.0,29
38558.0,0,0.182,32.4,22
68516.0,1,1.746,56.3,23
70028.0,0,0.439,51.3,25
23019.0,0,-1.462,22.0,22
56378.0,0,0.805,36.3,25
80174.0,1,1.235,72.1,16
56622.0,1,-0.451,38.8,35
35983.0,0,-1.925,46.0,26
56607.0,1,0.665,42.5,18
40791.0,1,-0.14,36.1,27
51258.0,1,0.278,31.5,23
7648.0,0,-2.687,41.7,25
56442.0,1,0.457,43.2,28
9731.0,0,-2.751,44.9,16
30839.0,0,-0.867,47.4,26
59433.0,1,0.886,27.8,23
21113.0,1,-1.824,29.5,19
17912.0,0,-1.864,46.5,32
33630.0,1,-0.45,40.4,25
61491.0,1,1.647,19.6,30
79290.0,1,1.616,29.1,19
45802.0,0,-0.608,62.6,26
70257.0,1,1.0,35.2,21
37574.0,0,0.579,36.0,20
52456.0,1,0.261,42.3,20
59630.0,1,0.354,43.5,27
35110.0,0,-0.726,24.8,20
50321.0,1,0.8,31.7,17
58665.0,1,1.06,54.2,31
83947.0,1,2.7,28.9,33
55626.0,1,0.915,39.3,20
24219.0,0,-2.455,53.1,23
37089.0,1,-1.207,37.6,25
45689.0,0,0.33,37.9,20
40950.0,0,0.065,29.6,25
19810.0,0,-1.864,31.0,30
35991.0,0,-0.144,50.0,30
60285.0,0,-0.363,44.5,21
64730.0,1,-0.054,41.3,21
43247.0,0,-0.127,33.7,31
72341.0,1,0.916,55.1,17
69969.0,1,1.46,56.4,27
52590.0,0,0.679,40.3,26
30583.0,0,-1.115,30.2,30
27060.0,0,-0.868,27.7,18
42155.0,0,-0.667,61.5,20
47991.0,0,-0.061,64.6,16
31580.0,1,-0.431,32.1,19
47582.0,1,-0.354,40.6,26
40793.0,1,-0.927,18.3,28
58716.0,1,0.945,30.4,23
65160.0,1,0.847,57.9,18
46685.0,1,0.95,46.5,34
34253.0,0,-0.084,47.0,27
59772.0,0,0.451,35.2,35
32774.0,0,-0.915,28.1,21
37854.0,0,-1.016,35.4,27
24221.0,1,-0.548,49.9,23
63187.0,1,0.581,42.5,27
51949.0,1,-0.152,45.1,27
28202.0,0,-1.145,45.1,33
39718.0,1,0.09,31.1,23
52641.0,1,0.42,39.8,17
42721.0,0,0.16,29.3,22
23355.0,0,-0.669,27.8,10
49354.0,1,0.062,43.4,28
43044.0,1,-0.424,25.2,29
37870.0,0,-0.328,53.6,26
43027.0,0,-0.092,40.7,27
51474.0,1,0.751,24.9,23
68728.0,1,1.823,32.6,29
49324.0,1,1.557,27.5,15
47508.0,0,0.627,48.0,19
44282.0,0,-0.402,44.2,21
23610.0,0,-0.31,39.0,26
38837.0,0,-0.267,55.2,17
53187.0,1,1.151,39.0,19
31529.0,0,-2.765,36.0,18
52413.0,1,0.258,29.2,21
4613.0,0,-1.992,26.3,29
45346.0,0,-0.004,42.4,27
63276.0,1,1.325,46.7,20
34405.0,0,-0.911,37.6,24
9263.0,0,-2.283,41.4,24
60943.0,0,1.297,39.1,22
66955.0,1,1.506,55.7,24
64969.0,0,0.499,40.7,29
52961.0,0,1.255,50.2,18
28663.0,0,-0.802,36.7,16
61032.0,1,1.173,29.9,22
62642.0,1,1.701,22.7,21
51781.0,0,0.64,27.4,24
62397.0,1,0.281,42.5,15
58641.0,0,1.283,28.2,34
67454.0,1,1.132,49.3,26
29659.0,0,-0.749,34.3,21
58828.0,1,1.36,19.4,27
43527.0,0,0.745,39.9,25
55091.0,1,0.159,33.1,27
70393.0,1,1.304,57.0,27
62221.0,0,0.925,45.0,26
35529.0,0,0.746,27.9,18
38256.0,1,-0.508,39.0,22
58509.0,0,0.833,23.7,28
29485.0,0,-1.109,22.4,28
44171.0,1,-0.126,37.3,27
22986.0,0,-1.693,43.3,26
22252.0,0,-1.704,33.0,18
42947.0,1,0.443,49.6,24
43844.0,0,-0.082,19.7,29
53846.0,1,0.085,43.6,18
57341.0,0,0.592,40.5,25
41584.0,0,0.35,23.0,29
46626.0,0,-0.886,42.4,37
52632.0,0,0.073,34.9,19
60605.0,0,-0.067,49.9,22
37688.0,0,-0.52,22.3,26
39415.0,0,-0.125,44.8,16
39629.0,0,-0.365,35.1,25
32645.0,0,-0.649,53.4,18
42107.0,0,-0.334,63.9,16
51535.0,1,0.235,34.2,18
62865.0,1,2.063,35.2,20
33723.0,0,-0.817,37.0,28
43524.0,0,0.522,37.2,19
25211.0,0,-1.461,48.1,19
70576.0,1,1.59,32.4,23
48451.0,0,-0.333,30.3,20
43466.0,0,0.139,37.4,25
63885.0,1,1.277,37.9,22
62236.0,1,0.988,52.4,28
19330.0,0,-1.492,32.5,25
41519.0,0,0.555,31.9,17
44868.0,1,-0.227,43.8,19
63153.0,1,0.619,43.2,23
45224.0,0,0.152,27.7,19
68223.0,0,0.736,34.2,21
47085.0,1,0.292,24.1,25
41058.0,0,-0.14,45.5,17
61935.0,0,1.177,29.4,19
32232.0,0,-1.544,31.0,20
47881.0,1,-0.433,33.6,16
26311.0,0,-0.956,28.5,23
36515.0,1,-0.144,38.2,33
47244.0,0,-0.43,46.5,26
46003.0,1,-0.148,40.5,17
48865.0,0,-0.49,59.0,20
47884.0,0,-0.47,39.1,23
27060.0,0,-1.644,20.8,19
44439.0,1,-0.038,37.3,18
51647.0,0,0.308,31.6,35
35462.0,0,-0.596,47.1,25
46353.0,0,-0.657,35.5,25
47179.0,1,-0.645,41.2,31
60719.0,1,1.679,23.6,26
47634.0,0,0.188,30.5,28
42494.0,0,0.388,39.0,27
47089.0,0,-0.3,34.2,29
33003.0,0,-0.5,37.8,23
36063.0,0,-0.879,54.0,31
55747.0,0,1.542,25.1,26
25994.0,0,-1.7,25.5,27
66542.0,1,0.3,50.8,28
37312.0,0,-0.024,39.9,19
43516.0,0,-0.256,30.7,25
11943.0,0,-1.566,41.5,17
43348.0,0,-1.235,47.0,24
64681.0,1,0.982,30.4,23
24614.0,0,-0.694,47.0,27
52606.0,1,0.879,36.2,27
45636.0,1,0.67,51.9,22
39415.0,0,0.579,15.7,17
55414.0,1,0.761,56.5,24
39916.0,1,-1.21,36.8,25
40371.0,0,-0.474,49.6,20
39950.0,0,0.679,31.9,26
44515.0,0,-1.262,42.9,34
70258.0,0,1.665,49.0,21
41703.0,0,-0.56,38.9,21
47648.0,0,-0.064,33.9,15
35244.0,0,-1.025,30.7,20
53845.0,0,0.366,30.8,32
27934.0,0,-0.734,45.9,17
29943.0,0,-0.243,28.3,31
28807.0,0,-1.139,45.1,34
60842.0,1,1.192,38.4,25
31654.0,0,-1.633,35.7,21
48503.0,1,0.451,31.0,30
50194.0,0,0.237,33.3,14
52415.0,0,0.438,17.7,24
33054.0,1,-1.021,44.2,20
55380.0,0,1.034,33.3,30
59171.0,0,0.964,50.3,21
36444.0,0,0.16,30.1,20
50065.0,0,0.313,29.8,18
43039.0,0,-0.157,37.3,25
58244.0,0,0.643,33.9,31
23137.0,0,-0.821,26.4,24
43051.0,1,0.555,17.5,20
55732.0,0,0.406,29.4,34
25227.0,0,-1.41,31.6,23
10380.0,0,-2.624,44.8,15
35993.0,0,-0.117,45.3,28
39826.0,1,-0.162,27.6,29
65707.0,0,1.218,45.6,28
38027.0,0,0.058,27.6,18
34029.0,1,-0.498,31.0,25
45108.0,1,-1.36,33.5,27
29358.0,0,-0.088,28.9,23
52994.0,0,-0.584,45.4,30
32024.0,1,-1.103,53.4,26
56268.0,1,-0.12,27.6,28
59294.0,0,1.057,41.8,25
49955.0,0,0.093,37.8,15
22419.0,0,-1.049,42.8,14
59352.0,0,0.327,32.2,26
28907.0,0,-1.098,50.5,23
16533.0,0,-1.578,44.6,25
49798.0,0,0.494,43.4,28
46129.0,1,-0.55,58.7,23
63969.0,1,1.114,31.1,25
34454.0,0,0.311,37.5,18
29379.0,0,-0.806,45.1,11
44616.0,1,0.219,48.4,23
72516.0,1,1.296,38.9,37
40809.0,0,-0.189,44.8,25
28273.0,0,-1.061,52.8,23
28423.0,1,-0.661,36.3,25
34015.0,1,-0.813,35.6,18
25983.0,0,-1.181,38.8,24
35186.0,0,-1.292,13.4,25
48272.0,0,0.422,43.9,29
55169.0,0,1.109,43.6,17
50070.0,0,-0.362,58.0,30
60354.0,0,0.787,24.3,13
59943.0,1,0.908,41.2,18
60064.0,0,1.684,42.4,21
45895.0,0,-0.186,45.1,22
30704.0,1,-0.349,26.1,22
49660.0,0,0.421,7.2,23
32335.0,1,0.098,38.5,26
49218.0,0,0.302,40.7,29
60532.0,1,1.297,40.7,27
31789.0,0,-0.429,31.3,22
47135.0,0,0.217,29.7,23
31602.0,0,-0.981,37.0,38
57961.0,1,-0.159,28.6,23
21611.0,0,-0.673,28.6,23
34015.0,1,-0.758,40.7,22
50691.0,0,-0.22,43.6,16
43841.0,0,-0.447,27.0,27
68124.0,0,0.372,19.7,24
41991.0,0,0.804,27.8,22
38689.0,1,-1.492,44.9,22
70052.0,1,1.003,34.8,29
38380.0,0,-2.226,44.9,33
44103.0,0,0.247,44.2,23
52926.0,1,0.71,49.6,20
40528.0,1,-0.651,34.5,25
55615.0,0,-0.229,39.2,19
28163.0,0,-0.782,46.7,21
59537.0,1,0.895,33.7,26
-4792.0,0,-3.172,28.2,23
14000.0,0,-0.971,49.0,21
19090.0,0,-1.937,53.2,25
44597.0,0,0.188,29.4,20
56709.0,1,1.299,43.3,23
69200.0,1,1.192,42.5,20
60702.0,0,0.668,40.3,25
53207.0,1,0.248,34.2,30
31472.0,0,-0.766,29.7,34
66298.0,1,1.218,26.2,24
54387.0,0,0.623,47.8,25
29134.0,0,-0.844,38.0,29
27570.0,0,-1.28,43.8,21
24512.0,0,-0.629,19.9,20
61129.0,0,1.082,47.9,23
70184.0,1,1.251,47.6,27
63142.0,1,1.616,41.0,25
42702.0,0,-0.775,58.7,23
39417.0,0,-0.36,40.2,22
62134.0,0,1.383,39.6,31
52869.0,1,0.22,28.6,33
63817.0,1,0.764,31.6,25
27348.0,0,-1.321,42.8,25
58309.0,1,-0.369,41.2,23
54798.0,0,-0.016,49.7,23
29199.0,1,-0.354,32.1,19
35923.0,1,-0.414,43.0,23
27977.0,0,-1.632,28.8,24
56250.0,0,1.631,36.2,22
65645.0,0,0.149,31.7,28
30443.0,0,-1.453,15.7,26
65001.0,1,1.081,45.8,24
38150.0,0,0.072,28.8,36
28907.0,1,0.724,29.0,29
40517.0,0,-0.184,39.4,27
22078.0,0,-0.773,26.2,23
34725.0,1,-0.747,28.4,25
48022.0,0,0.356,12.1,26
57009.0,1,0.788,37.6,23
83989.0,1,0.504,44.2,26
44251.0,0,0.661,33.3,36
64276.0,1,1.22,48.8,20
58328.0,1,0.306,52.4,20
54535.0,0,1.024,44.6,30
71701.0,0,1.129,34.6,21
54521.0,0,0.317,45.0,25
47052.0,0,-0.05,45.1,32
46017.0,0,-0.407,39.2,25
38861.0,0,-1.174,49.0,26
7145.0,0,-1.526,42.2,9
67448.0,0,1.346,25.8,24
30624.0,0,0.021,35.2,36
41409.0,0,-0.513,38.7,19
72547.0,0,1.614,25.5,24
69113.0,1,1.009,23.3,18
30291.0,1,0.099,38.5,21
53074.0,0,1.046,42.6,17
43929.0,0,-0.148,27.5,28
39058.0,1,0.404,42.8,23
70433.0,1,1.867,28.0,27
58899.0,1,1.107,25.4,22
34060.0,0,-0.224,46.7,21
55991.0,0,0.745,39.1,29
48739.0,1,1.234,19.4,28
37673.0,1,-0.063,21.3,17
41389.0,1,-0.361,38.3,18
52414.0,0,1.934,28.7,25
37915.0,1,-0.234,28.9,21
22526.0,1,-1.255,23.5,34
41490.0,1,0.212,34.8,25
71170.0,1,2.363,60.5,18
56663.0,0,0.71,21.1,22
58761.0,0,1.044,54.0,27
34572.0,0,-2.076,28.6,25
31760.0,0,-0.454,25.4,20
68794.0,0,1.312,46.0,30
43210.0,1,-0.293,35.0,18
59682.0,1,1.432,34.6,25
43078.0,0,0.596,48.7,18
64122.0,1,0.519,57.3,28
67246.0,0,1.806,41.2,10
51324.0,0,-0.376,26.6,31
39255.0,0,-0.339,26.5,29
48556.0,0,0.237,36.2,21
46638.0,0,0.351,47.4,22
13071.0,0,-1.564,41.5,19
72495.0,1,1.363,40.1,23
40568.0,0,0.363,48.5,33
57735.0,0,-0.031,15.2,20
57001.0,1,0.756,46.2,30
36167.0,0,-0.261,38.0,23
61916.0,1,1.344,37.4,29
41402.0,0,0.201,41.5,23
58620.0,0,0.858,34.4,27
27818.0,1,-0.75,26.5,24
44532.0,1,-0.142,17.3,34
51733.0,1,0.508,40.8,29
47052.0,0,-0.811,25.2,27
57031.0,1,-0.526,36.5,23
35992.0,1,0.08,20.3,18
60025.0,1,1.244,37.0,28
68258.0,1,0.892,42.2,17
70381.0,1,1.034,33.6,30
53502.0,1,0.433,41.5,26
48301.0,0,1.031,30.1,32
73567.0,0,1.669,32.6,18
45474.0,0,0.296,39.4,22
46807.0,0,0.562,37.6,26
51769.0,1,0.71,42.4,30
24997.0,0,-1.876,38.9,20
57870.0,1,0.025,47.5,35
60832.0,1,0.542,54.2,22
68744.0,1,0.877,44.2,26
46376.0,0,-0.199,47.5,33
68520.0,1,1.096,41.5,24
40744.0,1,-0.52,27.4,20
31550.0,0,-0.057,46.5,29
52536.0,1,1.801,46.7,23
12751.0,0,-1.234,26.9,17
53100.0,0,0.036,36.3,32
52393.0,0,-0.035,22.5,23
36420.0,0,0.02,41.2,24
42465.0,0,-0.425,52.9,16
70788.0,1,0.755,39.6,29
40198.0,0,-0.966,31.0,17
30700.0,0,-1.219,48.9,19
53869.0,0,0.58,43.3,26
33170.0,0,-1.094,40.0,23
55889.0,1,0.47,46.3,27
39211.0,0,0.115,35.8,24
44681.0,1,-0.594,48.9,17
31918.0,0,-0.255,17.0,21
46768.0,0,-0.011,43.3,16
64142.0,0,0.534,29.8,24
56875.0,0,-0.549,41.7,30
34349.0,0,-0.129,30.1,26
40086.0,0,-1.353,21.7,32
53065.0,1,-0.198,43.1,24
-37.0,0,-1.843,24.5,24
46827.0,0,0.025,13.6,19
49710.0,1,-0.387,35.5,30
77359.0,1,2.157,51.0,33
41044.0,0,1.347,55.6,20
45882.0,1,-0.089,53.2,23
78338.0,1,1.006,18.8,23
46590.0,0,0.34,37.3,27
24342.0,0,-1.093,27.9,28
14869.0,0,-2.371,39.8,29
51768.0,0,1.157,18.7,18
46228.0,0,0.437,44.1,25
7355.0,0,-1.908,39.7,30
53641.0,1,0.68,50.6,22
53121.0,0,0.955,50.0,23
41351.0,1,-0.642,38.8,25
59332.0,1,0.829,21.6,33
30036.0,0,-1.681,43.5,26
63948.0,1,-0.182,31.1,23
56951.0,1,0.071,38.2,27
59563.0,1,0.817,49.6,29
61695.0,1,0.432,18.4,24
34497.0,0,0.255,34.9,12
50365.0,1,0.588,27.8,27
42440.0,0,-0.622,40.0,18
64802.0,1,1.509,42.2,21
37147.0,0,-0.31,41.0,17
62341.0,1,0.823,41.9,25
57903.0,1,0.025,29.6,17
34235.0,0,-0.217,31.7,25
60381.0,1,0.614,36.8,29
41037.0,1,0.474,39.7,24
68353.0,1,1.37,36.6,17
54096.0,1,1.101,28.3,19
32138.0,0,-0.54,34.4,17
56984.0,1,0.528,39.4,19
43867.0,0,0.129,26.2,23
31613.0,0,-0.768,28.3,25
40946.0,0,-1.073,42.6,26
39037.0,0,0.281,60.6,19
47251.0,0,-0.508,39.3,33
31211.0,0,-1.36,26.5,30
50691.0,0,-0.069,53.7,19
35537.0,0,0.246,43.2,15
52356.0,0,0.124,27.4,26
38497.0,0,-1.18,40.6,21
36716.0,1,-0.555,41.8,17
66537.0,1,1.392,48.2,25
31366.0,1,-0.746,28.4,22
38374.0,1,-0.304,48.4,21
72512.0,1,2.326,33.9,19
50211.0,0,0.37,40.6,23
32591.0,0,-0.481,25.5,14
26709.0,0,-1.924,50.2,23
50933.0,0,0.327,40.0,26
40921.0,1,-1.371,28.9,31
42503.0,0,-0.008,42.1,23
29210.0,0,-0.851,45.0,17
31613.0,0,-1.658,47.3,24
80810.0,1,1.666,46.2,28
24003.0,1,-0.093,18.9,26
58007.0,1,0.931,26.8,30
56294.0,0,0.75,36.9,29
31135.0,0,-0.72,39.5,21
46262.0,0,0.098,25.2,29
46678.0,0,-0.348,48.4,27
65254.0,1,0.972,42.3,30
38225.0,0,0.438,19.6,26
38730.0,0,-0.348,25.2,20
89502.0,1,1.665,49.4,31
39429.0,0,0.525,19.2,38
47681.0,0,0.467,58.5,32
44888.0,0,-0.778,54.0,21
24939.0,0,0.412,24.9,18
29600.0,0,-1.46,41.5,29
56881.0,1,0.466,47.9,20
34156.0,0,-0.931,23.4,27
40580.0,0,0.187,18.2,19
35225.0,1,-0.274,52.5,21
59010.0,1,0.232,34.7,31
46968.0,1,0.361,20.0,29
59013.0,1,-0.055,48.1,21
53256.0,0,-0.054,47.9,32
21646.0,0,-1.487,41.4,27
16605.0,0,-1.898,36.2,24
59032.0,0,1.262,27.1,33
53708.0,0,0.574,19.9,23
33724.0,1,-1.479,44.6,33
70382.0,1,1.909,41.8,35
32198.0,0,-0.714,22.0,20
49642.0,1,0.511,27.4,29
60033.0,0,0.425,28.4,27
45574.0,1,0.109,31.9,22
53189.0,1,0.608,35.6,25
38302.0,0,-1.374,51.3,24
29855.0,0,-0.036,37.2,21
47240.0,0,-0.254,47.7,21
43885.0,1,0.088,37.5,22
62984.0,0,-0.274,46.6,29
43872.0,1,-0.642,35.2,24
31780.0,0,-0.731,46.0,33
56707.0,0,0.885,29.2,16
25096.0,0,-0.848,19.2,25
48143.0,0,0.362,47.4,20
45589.0,0,0.35,23.7,17
33233.0,0,-0.098,25.0,26
40103.0,0,0.423,51.8,20
53826.0,1,0.542,33.3,17
44205.0,0,-0.532,37.5,27
50731.0,1,0.336,39.5,25
67188.0,1,1.906,41.9,26
28013.0,0,-1.071,46.9,25
48176.0,0,-0.302,34.1,35
23277.0,0,-0.767,27.1,22
81140.0,1,1.985,46.6,32
34163.0,0,-1.403,35.5,18
52543.0,1,0.007,31.6,22
60051.0,0,0.929,43.2,18
36214.0,0,-0.868,43.9,25
50148.0,1,-0.136,38.9,31
41224.0,0,-0.712,15.5,31
28410.0,0,-1.34,57.9,21
40977.0,1,-0.071,36.2,17
46732.0,1,0.493,22.4,22
27514.0,0,-0.398,42.4,23
51874.0,0,0.163,50.1,30
46198.0,0,0.682,48.7,26
68520.0,1,1.192,40.9,21
27479.0,0,-1.235,41.7,25
55217.0,1,0.611,18.7,19
47445.0,0,-0.621,9.2,24
24568.0,0,-1.884,49.6,18
30575.0,0,-0.778,39.2,30
32736.0,0,0.64,39.0,28
48340.0,0,0.306,21.0,20
40551.0,0,-1.097,53.8,22
51768.0,1,1.604,30.4,30
54039.0,1,0.402,45.1,26
40751.0,1,-0.069,22.4,19
39360.0,1,-0.542,14.8,30
42835.0,0,0.416,39.0,26
28800.0,0,-0.388,42.0,22
55401.0,1,1.132,25.2,28
41172.0,0,0.313,61.6,33
59115.0,0,0.614,31.4,25
35648.0,1,-0.306,50.9,24
18825.0,0,-1.475,48.3,21
66857.0,0,0.526,22.3,28
26355.0,0,-1.007,41.8,21
26031.0,1,-0.106,28.3,12
37854.0,1,-0.014,39.1,25
13105.0,0,-0.779,35.8,17
56105.0,1,0.887,47.2,28
30112.0,0,-1.424,29.7,14
59651.0,1,1.487,42.8,31
42382.0,1,-0.589,44.9,21
62509.0,1,0.96,48.7,17
67475.0,1,1.288,29.1,23
36513.0,0,-0.859,44.5,22
48744.0,1,-0.733,44.9,24
45894.0,0,0.936,48.3,28
43979.0,0,0.186,13.5,29
45679.0,0,0.082,17.8,24
5321.0,1,-1.822,17.2,31
31799.0,0,-1.636,31.6,27
54820.0,0,0.535,24.0,17
58786.0,0,1.428,32.5,23
43017.0,0,-0.706,34.3,21
54979.0,1,-0.861,47.6,19
58687.0,0,0.208,46.2,17
51521.0,1,0.462,31.8,18
49511.0,0,0.56,35.2,24
42749.0,1,-0.438,19.0,28
7478.0,0,-1.935,30.7,22
59101.0,1,1.45,34.7,17
39767.0,1,-0.494,31.6,27
59676.0,1,1.249,56.7,27
21200.0,0,-1.979,11.3,26
36252.0,0,0.369,30.7,22
42185.0,0,-0.497,36.6,26
22574.0,0,-1.079,45.4,25
67255.0,1,0.965,40.5,22
55659.0,0,1.283,19.5,32
32983.0,1,-0.582,26.9,22
52306.0,0,0.643,41.7,23
42077.0,1,-1.068,38.0,19
36655.0,1,-0.614,48.1,21
48225.0,1,-0.244,42.6,16
41108.0,0,-0.345,34.7,23
38833.0,0,0.634,33.3,20
32955.0,0,-1.198,44.1,22
51884.0,1,0.962,29.8,11
62933.0,1,0.96,34.1,28
52534.0,0,-0.216,48.5,28
23324.0,0,-1.176,32.5,27
14279.0,0,-2.36,41.5,20
40867.0,1,-0.063,10.8,17
35264.0,1,-0.711,28.8,32
54103.0,1,0.102,36.9,26
23070.0,0,-1.047,42.3,31
48564.0,0,0.003,35.3,32
40439.0,0,-0.061,37.5,30
43089.0,0,0.011,28.3,21
42113.0,0,0.283,36.1,22
38993.0,0,0.289,44.7,23
56108.0,1,0.962,27.3,23
34367.0,0,-0.776,22.9,23
63342.0,1,0.714,47.0,22
57025.0,1,0.159,55.3,15
38670.0,0,-0.413,51.1,28
39672.0,1,-0.986,30.3,32
82210.0,1,1.446,34.3,21
46533.0,1,0.238,32.7,26
56250.0,1,-0.51,42.6,24
32194.0,1,0.074,45.1,22
54583.0,1,0.007,29.7,24
41348.0,1,-0.515,43.3,25
29828.0,0,-1.363,41.0,16
35473.0,0,0.154,52.0,24
50249.0,1,-0.159,35.6,27
41178.0,0,-0.276,40.6,31
57363.0,1,0.977,19.4,30
21459.0,0,-1.295,32.8,18
20949.0,1,-0.941,43.6,14
34290.0,1,0.162,24.4,12
55719.0,1,0.828,28.8,26
50937.0,0,0.608,36.7,27
56700.0,1,0.723,33.7,13
10379.0,0,-2.171,27.8,22
46977.0,1,0.495,31.5,28
62632.0,1,0.416,42.6,16
64739.0,1,0.68,51.4,25
51377.0,1,-0.675,46.5,30
62203.0,1,0.509,40.3,32
57846.0,1,0.996,51.0,16
69655.0,1,1.592,21.9,21
39161.0,0,0.256,48.8,25
38635.0,0,-1.308,38.2,25
53086.0,0,0.061,36.4,26
48959.0,1,0.644,30.9,19
63880.0,0,0.514,37.2,18
83769.0,1,1.899,41.9,26
43255.0,0,-0.191,30.7,24
36777.0,1,-0.998,27.9,31
50205.0,0,-0.621,41.7,37
46823.0,1,0.657,52.8,21
41600.0,0,-0.784,48.9,23
35119.0,0,-1.021,48.6,18
24387.0,0,-0.818,30.7,29
48181.0,1,1.203,32.5,22
45793.0,0,0.244,33.5,28
49701.0,0,-0.323,56.5,20
63492.0,1,0.849,32.9,16
64844.0,1,0.689,49.3,19
30790.0,0,-0.953,45.7,23
57997.0,0,0.831,28.9,22
47066.0,1,0.251,42.1,33
6804.0,0,-2.027,51.3,18
31061.0,0,-1.161,44.5,20
71434.0,1,0.269,40.3,33
87170.0,1,0.492,48.7,31
36127.0,0,-0.272,23.6,24
25280.0,0,-0.974,32.6,17
45988.0,0,0.258,38.2,23
23260.0,0,-1.795,45.0,25
44709.0,0,0.563,50.2,19
52330.0,1,-0.135,31.6,23
36346.0,0,-0.013,38.3,19
45145.0,1,-0.629,50.0,31
54710.0,1,0.835,49.4,27
14786.0,1,-2.287,31.6,18
38740.0,0,-0.841,28.5,24
61285.0,1,0.588,34.1,27
37439.0,1,-0.678,41.4,23
41935.0,0,1.463,13.5,15
48387.0,0,0.439,51.9,28
34070.0,0,-0.735,35.6,26
65487.0,1,1.117,48.1,23
49432.0,0,-0.067,52.6,24
56716.0,0,0.601,33.6,22
34926.0,0,-0.581,22.9,22
35010.0,0,-0.564,20.7,34
57606.0,0,0.732,54.3,22
36358.0,0,0.132,31.1,27
37865.0,0,-0.714,37.3,20
30413.0,0,-0.834,23.9,26
61134.0,1,0.678,32.4,17
83103.0,1,1.777,40.4,15
36500.0,1,-0.789,42.8,23
68486.0,1,0.712,37.4,25
5154.0,0,-2.831,27.3,25
32642.0,0,-1.328,35.4,20
47563.0,1,0.711,34.8,21
67645.0,1,1.613,49.8,24
48557.0,0,0.107,31.6,18
69496.0,1,0.585,25.1,23
57229.0,0,0.303,41.7,35
49665.0,0,1.043,28.4,20
47413.0,1,-1.023,50.7,26
59079.0,1,0.676,50.8,17
42284.0,0,-0.38,33.8,20
38415.0,0,-0.286,33.6,24
69535.0,0,0.044,44.2,27
55392.0,1,-0.154,21.2,32
31869.0,0,-0.709,48.1,17
45447.0,0,-0.203,50.9,27
38731.0,0,-0.885,40.0,23
72851.0,1,1.513,38.6,19
51955.0,1,0.741,31.3,24
34586.0,0,-0.358,29.1,23
63810.0,1,1.621,41.6,21
61511.0,1,1.321,40.8,27
41710.0,0,0.533,31.9,20
39496.0,0,-0.477,47.9,22
50763.0,1,0.306,34.1,14
53735.0,0,0.617,47.6,23
55739.0,1,1.425,27.9,18
47552.0,1,-0.126,41.1,20
52633.0,0,-0.507,44.1,28
69486.0,1,2.317,47.8,28
53141.0,1,1.423,34.8,28
37650.0,1,0.361,38.3,23
27095.0,0,-0.857,39.1,22
54040.0,1,0.534,49.0,15
55482.0,0,1.157,29.0,18
60667.0,1,0.799,35.7,19
70209.0,1,0.867,20.0,25
54924.0,0,0.095,54.3,25
59962.0,1,1.177,39.8,18
40602.0,1,-0.544,34.5,19
39884.0,0,-0.383,36.7,29
42852.0,0,-0.442,45.6,19
36639.0,1,-0.586,34.6,19
70735.0,1,1.979,40.6,21
9837.0,0,-1.624,23.4,26
52578.0,0,0.284,25.1,35
29361.0,0,-0.925,49.6,13
15996.0,0,-1.181,38.3,20
42506.0,0,0.148,21.6,25
33072.0,0,-1.502,38.8,20
53783.0,1,-0.043,45.6,19
76309.0,1,2.316,53.4,20
51446.0,1,-0.065,30.0,16
46818.0,1,0.497,39.6,22
28187.0,0,-0.798,29.6,22
44183.0,0,0.52,20.8,21
18103.0,0,-1.435,27.8,23
51508.0,0,0.23,37.2,28
34450.0,0,-0.087,32.4,20
72285.0,1,2.187,35.1,18
39051.0,0,-0.053,32.6,30
34945.0,0,-0.329,39.8,26
32866.0,0,-0.527,60.2,20
27083.0,0,-1.163,43.4,28
55901.0,1,0.788,47.9,25
75333.0,1,1.462,57.5,26
49807.0,1,-0.347,23.8,23
53773.0,1,0.726,25.5,31
36705.0,1,-0.332,29.6,30
49917.0,1,0.419,24.7,27
50295.0,1,0.474,48.6,24
32982.0,1,-1.405,25.8,32
30261.0,0,-0.75,31.0,26
30889.0,1,0.946,47.4,31
11450.0,1,-1.879,29.3,27
53388.0,0,0.022,40.4,21
34983.0,0,-0.328,46.1,23
44993.0,0,-0.91,31.2,23
40443.0,1,0.063,49.8,32
58316.0,1,0.319,44.5,29
60197.0,1,0.549,42.1,32
13658.0,0,-2.607,36.4,22
62708.0,0,1.684,28.2,23
51362.0,1,-0.464,57.3,17
59971.0,1,1.049,32.2,31
41005.0,0,-0.111,35.3,24
30871.0,0,-0.57,36.7,19
47302.0,0,-0.055,36.3,22
69173.0,1,3.171,43.6,26
66645.0,0,1.57,30.2,21
34279.0,0,-0.338,37.6,29
48689.0,1,0.235,47.6,20
55208.0,0,1.128,27.2,20
67775.0,0,0.587,37.6,27
48347.0,1,0.091,25.3,29
44166.0,1,-0.181,36.5,21
28277.0,0,-1.068,40.3,11
52676.0,0,0.756,29.5,25
62703.0,1,1.107,56.9,22
76012.0,1,2.234,23.7,26
47744.0,0,-0.54,49.6,30
38841.0,0,0.655,36.3,29
49329.0,0,-0.027,41.1,22
58015.0,0,1.26,28.0,24
52051.0,0,-0.094,44.0,28
44074.0,1,-0.643,42.2,24
7291.0,1,-1.685,21.5,28
48595.0,1,0.718,36.2,32
72826.0,1,0.165,35.6,25
60557.0,1,1.127,46.4,23
35083.0,0,-0.546,25.6,26
76496.0,1,2.596,45.3,30
26324.0,0,-0.704,41.2,22
49983.0,1,0.517,53.2,26
53435.0,1,0.419,24.6,20
70237.0,1,1.107,47.6,25
38496.0,0,-0.161,10.9,24
33819.0,0,-0.913,24.8,31
35964.0,0,-0.984,34.6,25
49127.0,1,0.817,26.2,24
40234.0,0,0.107,45.3,23
50243.0,0,0.346,32.7,20
39937.0,0,-0.813,38.7,26
49405.0,0,0.141,37.4,23
56863.0,1,0.219,44.8,13
55625.0,0,0.617,30.7,24
26644.0,0,-1.462,48.1,21
27591.0,0,-0.767,35.9,24
59796.0,0,1.729,42.2,21
31711.0,1,-0.393,44.0,22
41167.0,0,-0.084,43.0,19
36924.0,1,-0.398,30.0,21
20821.0,0,-1.497,32.3,25
39769.0,0,-1.076,32.0,29
50745.0,0,0.371,40.3,36
47037.0,0,-0.672,39.9,23
73442.0,1,2.027,16.2,22
13609.0,0,-1.498,17.1,20
40217.0,0,-1.942,45.5,20
41389.0,0,-0.392,26.4,26
27354.0,0,-1.21,42.4,23
66535.0,1,1.381,29.9,30
45037.0,1,-0.426,41.7,23
35498.0,0,0.516,40.5,20
19969.0,0,-1.419,27.2,18
50963.0,0,0.661,49.6,28
45434.0,0,0.634,49.7,21
73663.0,1,1.233,43.4,33
47997.0,1,0.213,19.7,30
46457.0,1,0.51,30.4,28
41976.0,0,0.159,42.7,25
53422.0,1,0.917,47.3,18
42711.0,1,-0.421,29.6,38
45614.0,0,0.536,12.1,24
33931.0,0,-0.578,27.6,23
51378.0,0,0.698,44.5,28
51177.0,0,-0.286,29.7,24
42457.0,1,-0.659,52.3,35
31488.0,1,-0.688,34.6,13
79910.0,1,1.461,54.1,18
25322.0,0,-1.568,26.4,24
32731.0,0,-1.493,37.4,24
54118.0,0,0.627,45.5,20
22914.0,0,-1.006,29.0,17
42038.0,0,-0.476,72.4,18
43849.0,1,-0.504,50.2,26
69201.0,1,2.269,33.7,25
24401.0,0,-0.683,42.8,18
28502.0,1,-0.732,34.5,21
37033.0,0,-0.399,35.8,22
51267.0,0,0.222,51.1,28
57017.0,1,0.491,39.8,31
17857.0,0,-1.48,54.8,18
55954.0,0,0.439,37.3,22
75948.0,1,1.946,46.8,19
24002.0,0,-1.794,44.1,22
47814.0,0,0.57,49.8,27
49106.0,1,0.763,34.7,26
51124.0,0,0.149,42.5,29
62848.0,0,-0.202,42.1,19
5043.0,0,-2.361,23.4,21
72596.0,1,1.194,46.2,22
48740.0,0,-0.33,41.1,23
30698.0,1,-0.212,30.0,17
61051.0,1,1.222,44.9,22
22843.0,1,-2.346,47.3,17
43732.0,0,-0.074,33.7,16
64006.0,1,0.59,42.8,19
70074.0,1,0.714,51.9,25
41964.0,1,0.604,41.5,22
86524.0,1,2.034,38.6,30
40310.0,0,0.279,36.2,18
52420.0,1,1.014,28.5,28
60740.0,1,0.768,48.4,24
20994.0,0,-1.485,36.5,20
28868.0,1,-0.771,28.7,25
72834.0,1,2.081,8.8,13
41698.0,0,-0.274,37.7,29
30655.0,0,-0.068,31.2,19
36621.0,0,-1.318,35.6,22
42472.0,0,-0.344,37.9,30
29559.0,0,-1.314,35.5,26
37571.0,1,-0.61,42.0,23
44750.0,1,0.553,47.7,36
35686.0,0,-0.832,33.5,26
42344.0,1,-0.616,40.9,27
54386.0,1,1.337,32.4,18
43955.0,0,0.47,45.8,23
55807.0,1,0.515,35.5,25
53918.0,1,0.994,35.3,17
39834.0,1,-0.552,40.9,26
48400.0,1,-0.391,38.0,26
20326.0,0,-2.059,31.9,19
62586.0,0,0.733,40.3,20
58424.0,0,-0.208,44.8,30
45226.0,1,-0.005,37.2,28
37937.0,0,-1.091,32.2,31
55130.0,1,0.619,49.6,27
54870.0,1,0.626,38.6,29
35804.0,0,0.181,29.4,27
37798.0,0,-1.59,28.7,22
32666.0,0,-0.843,35.8,13
48815.0,1,-0.035,49.3,22
26300.0,1,-0.838,50.0,19
55910.0,1,0.385,44.9,29
55788.0,1,1.005,25.9,22
37089.0,0,-0.756,34.2,24
39950.0,0,-0.182,50.9,27
39115.0,1,-0.686,46.1,19
54966.0,1,1.031,40.4,29
57296.0,1,0.897,46.0,24
78371.0,1,2.662,35.3,26
55633.0,1,0.007,41.6,22
26883.0,0,-0.934,42.9,16
43050.0,0,0.41,30.1,27
57483.0,0,-0.232,48.1,29
37675.0,0,0.191,34.4,22
61714.0,1,1.244,44.7,17
33292.0,0,-0.285,28.4,21
57158.0,1,0.723,52.5,19
27665.0,0,-2.116,60.1,26
61578.0,1,1.059,32.7,21
65414.0,1,0.136,45.1,25
54721.0,0,-0.238,29.0,14
35196.0,0,-0.498,56.9,27
52279.0,1,1.419,25.0,26
52392.0,0,-0.503,34.9,21
62059.0,1,1.272,33.1,30
44057.0,0,-0.503,55.2,20
43381.0,1,0.051,27.8,13
48720.0,1,0.361,41.7,19
63549.0,1,2.031,48.9,23
36745.0,1,0.257,41.1,23
53245.0,1,0.245,33.6,22
48180.0,1,-0.058,41.1,24
32789.0,1,-0.292,33.1,17
42102.0,0,-0.596,44.6,29
69396.0,1,1.819,43.8,35
59428.0,1,1.481,40.3,15
43822.0,1,-0.676,47.3,32
36254.0,0,0.173,33.8,12
23381.0,0,-1.164,35.1,20
52478.0,0,0.954,40.5,23
55428.0,0,0.701,43.5,33
48609.0,1,0.127,33.6,15
39028.0,0,-0.793,43.7,16
55325.0,0,0.78,44.1,18
37914.0,1,0.632,38.6,21
27609.0,0,-0.164,36.5,22
60380.0,1,0.752,33.2,23
34539.0,1,-1.329,50.9,21
34904.0,0,-0.584,30.6,25
27843.0,0,-0.936,54.0,23
43377.0,1,0.129,34.7,13
64086.0,0,1.683,23.2,17
44831.0,1,0.063,44.5,28
64039.0,0,1.151,39.4,34
53002.0,0,-0.018,33.4,19
44413.0,0,-0.393,36.5,20
65608.0,1,1.026,35.6,29
65419.0,1,0.555,44.5,20
61497.0,0,1.431,26.3,17
64217.0,1,0.986,27.8,29
43858.0,0,-0.801,49.8,25
8863.0,0,-2.537,43.1,21
48658.0,0,0.148,35.9,17
52781.0,0,-1.167,52.7,20
33387.0,1,-1.4,32.8,25
19592.0,0,-1.472,58.5,25
30280.0,0,-0.632,30.7,25
44586.0,1,-0.192,40.8,19
41790.0,0,0.013,40.2,21
73113.0,1,2.052,52.6,28
23046.0,1,-1.205,44.1,32
40233.0,1,-0.003,43.0,29
26991.0,0,-1.237,44.4,23
26504.0,0,-0.989,47.6,25
59008.0,1,0.073,48.4,21
42009.0,0,0.425,32.1,21
25279.0,0,-1.28,33.0,13
60211.0,0,1.15,40.5,25
30385.0,0,-0.925,22.3,22
51300.0,1,0.964,21.3,28
46317.0,0,-0.047,41.0,22
59333.0,1,0.911,42.0,28
53551.0,0,0.571,34.3,27
36247.0,0,-0.282,30.1,17
49585.0,0,0.483,29.0,24
40388.0,0,-1.338,39.7,23
42349.0,0,-1.296,54.9,32
45400.0,0,-0.352,34.2,19
64127.0,1,1.376,41.9,30
44400.0,0,-0.743,36.9,21
44126.0,0,-0.595,35.1,22
61093.0,0,1.668,45.6,24
49224.0,1,0.046,22.3,35
56507.0,0,0.004,32.2,20
41165.0,0,-1.047,41.0,27
48553.0,0,0.063,38.8,21
57709.0,1,0.596,22.0,23
31148.0,0,-0.053,54.9,21
66323.0,1,0.767,61.7,21
52035.0,1,0.331,31.7,20
59518.0,1,1.053,47.1,31
73088.0,1,0.829,42.5,39
46666.0,1,-0.131,38.8,33
47215.0,1,0.872,24.6,22
63122.0,1,1.807,44.9,22
51364.0,1,0.306,41.3,20
26488.0,0,-1.218,28.6,23
57955.0,1,0.193,47.6,26
50154.0,1,-0.197,31.7,22
92644.0,1,2.593,48.9,30
54308.0,0,0.756,39.3,19
35338.0,0,-1.106,33.6,22
47307.0,0,-0.189,58.5,28
67667.0,0,1.461,52.1,23
41169.0,1,-1.164,45.0,32
42190.0,0,-0.495,29.0,15
40402.0,0,-0.002,34.2,24
51352.0,1,-0.153,43.6,30
37463.0,0,-0.599,32.7,22
51905.0,0,0.125,31.5,27
32818.0,0,-1.418,42.4,19
37503.0,0,-0.587,40.9,22
39196.0,1,-0.608,25.1,28
41924.0,1,-0.312,46.2,31
43116.0,0,-0.31,38.3,26
35229.0,0,-0.015,58.4,26
54191.0,0,-0.362,37.6,23
45950.0,1,-0.433,36.7,27
42466.0,0,0.345,30.9,25
55065.0,0,0.883,44.2,21
66328.0,1,0.944,34.6,26
34478.0,0,-1.17,39.1,19
57873.0,1,0.229,48.6,26
49284.0,0,0.728,51.8,24
56653.0,1,-0.286,40.6,20
52279.0,0,0.447,35.3,21
37395.0,1,-0.24,36.7,32
51118.0,1,0.356,27.8,30
27073.0,0,-1.544,51.5,28
56621.0,1,0.44,44.3,22
39186.0,1,-0.504,25.1,27
31892.0,1,-0.757,26.2,18
34560.0,0,-0.322,31.6,26
56480.0,0,0.964,53.8,26
51821.0,0,0.92,24.1,29
48802.0,1,0.225,37.0,26
49734.0,0,0.841,39.5,30
58482.0,0,-0.431,27.3,25
32713.0,0,-1.269,34.9,30
33081.0,0,-1.89,53.0,23
55578.0,0,-0.056,49.5,28
49427.0,0,-0.172,23.7,32
51373.0,0,0.011,42.0,28
55870.0,1,0.042,37.9,18
84590.0,1,1.192,48.9,28
24260.0,1,-0.946,25.8,19
24833.0,0,-0.8,38.7,25
77497.0,1,1.89,44.8,31
24431.0,0,0.742,26.9,20
38488.0,0,-0.329,37.4,29
32167.0,0,-2.065,37.3,30
25434.0,0,-0.878,42.0,33
45714.0,0,-0.388,31.9,23
41125.0,1,-0.113,63.8,31
58840.0,0,0.16,44.4,22
32253.0,0,-0.258,27.4,22
55543.0,0,1.116,30.0,19
27382.0,0,-1.218,27.0,20
37847.0,1,-0.316,38.9,18
37483.0,0,-0.712,38.5,27
52331.0,0,0.741,45.2,18
51675.0,1,0.143,41.0,30
65139.0,1,0.755,31.2,28
37268.0,0,0.043,33.5,17
91111.0,1,3.718,43.8,22
57344.0,1,0.686,45.3,20
34190.0,1,-0.787,25.2,28
60855.0,0,-0.04,33.0,27
34723.0,0,-0.435,46.1,23
60522.0,0,0.724,31.7,26
57444.0,0,0.938,39.1,29
51046.0,0,0.351,29.5,22
42834.0,0,-0.21,49.2,37
34845.0,0,-0.697,34.9,24
79898.0,1,1.576,33.4,15
65708.0,1,1.091,42.6,15
6815.0,1,-2.954,36.7,28
35535.0,0,0.044,40.9,25
40031.0,1,-0.862,50.5,27
34678.0,0,-0.398,38.2,20
68705.0,0,1.672,39.2,20
22944.0,1,-1.153,53.4,23
34934.0,0,-1.059,37.0,25
70743.0,1,2.437,36.5,24
52391.0,0,-0.491,47.6,27
43966.0,1,-0.25,26.3,22
72470.0,1,1.131,50.3,25
52707.0,1,-0.52,37.0,27
42677.0,1,0.027,32.0,31
35066.0,1,0.238,34.0,22
60516.0,0,1.402,31.2,28
15479.0,0,-1.621,45.4,33
33599.0,0,-0.838,32.5,25
48665.0,1,-0.132,17.7,20
68491.0,1,0.908,31.7,23
41079.0,0,-0.644,44.9,24
46220.0,1,0.461,35.7,14
36897.0,0,-0.514,31.7,23
34892.0,0,-0.395,27.3,31
73080.0,1,1.274,49.3,25
40997.0,0,-0.236,32.3,23
97057.0,1,2.962,43.8,28
54195.0,0,0.359,18.0,20
67797.0,1,1.126,35.0,25
48399.0,0,0.742,29.1,23
37622.0,0,-1.556,35.1,25
25185.0,0,-1.54,39.3,21
51118.0,0,0.487,33.6,16
39395.0,0,-1.106,41.6,20
46966.0,0,-0.548,49.0,20
37687.0,0,-0.337,38.8,24
45668.0,0,-0.917,26.3,21
54862.0,1,1.183,47.5,25
69909.0,1,0.779,30.9,28
52155.0,0,0.175,37.7,24
53686.0,1,0.561,48.5,23
29932.0,0,-0.907,39.0,25
69353.0,0,0.874,36.4,31
48111.0,1,-0.851,35.8,18
70841.0,1,1.561,25.7,19
22937.0,0,-0.668,33.7,24
41135.0,0,-0.555,25.6,22
44896.0,0,1.165,42.2,29
57521.0,1,0.649,33.3,12
24366.0,0,-0.955,37.8,26
55918.0,0,0.604,48.3,23
59960.0,0,-0.001,46.0,25
37676.0,0,0.018,40.9,27
54559.0,1,0.62,46.2,21
51723.0,1,0.618,45.0,26
55939.0,1,1.021,37.9,27
42575.0,1,0.485,44.2,17
67504.0,1,0.329,51.7,24
55544.0,1,-0.099,35.3,31
74176.0,1,1.499,40.5,22
28505.0,0,-0.776,22.2,26
67918.0,1,1.915,29.6,25
88858.0,1,2.186,39.1,29
80206.0,1,2.173,33.8,24
41277.0,0,-0.133,40.3,30
87667.0,1,2.11,35.1,27
69009.0,1,1.154,36.2,30
68106.0,1,1.079,37.4,26
96416.0,1,3.301,31.8,23
50897.0,0,0.206,44.6,25
49444.0,0,0.581,30.8,24
34378.0,0,-1.249,38.4,31
12141.0,0,-2.213,50.5,31
43446.0,1,0.299,39.2,24
42888.0,1,0.44,31.9,22
52015.0,0,0.716,32.9,18
43271.0,0,0.315,43.6,22
16938.0,0,-1.981,44.6,19
48587.0,0,0.386,31.1,24
58763.0,0,1.134,31.8,19
67377.0,0,1.584,57.8,21
37005.0,0,-0.939,29.6,23
36149.0,0,-0.883,53.0,18
43399.0,0,-0.686,39.9,24
35889.0,0,-0.632,31.7,29
34855.0,0,-1.614,35.6,28
43737.0,0,-0.679,34.5,24
66944.0,1,1.59,34.4,24
35731.0,0,-1.056,41.7,31
20004.0,0,-1.868,21.1,31
43477.0,1,-0.275,48.5,31
38030.0,0,-0.505,42.5,32
45147.0,0,0.681,30.0,23
23016.0,0,-0.744,22.4,21
42298.0,0,-0.182,54.7,24
35712.0,0,-0.842,22.1,12
30466.0,0,-0.976,41.0,29
41055.0,1,0.368,43.5,26
34872.0,1,0.12,26.0,23
43218.0,0,-0.057,49.9,30
46763.0,0,0.516,22.5,21
37832.0,0,-0.83,20.3,22
48950.0,0,0.016,25.4,23
50416.0,1,0.201,29.6,19
59727.0,0,1.18,51.7,25
5891.0,0,-1.899,25.7,21
49032.0,1,-0.357,56.7,21
42594.0,0,0.445,39.7,27
44487.0,0,-0.584,47.9,26
47153.0,0,0.086,43.0,28
57930.0,0,0.682,30.4,24
64897.0,0,0.475,34.9,31
25240.0,0,-1.734,42.4,25
36263.0,0,-1.214,42.1,25
22372.0,0,-2.834,57.8,21
54455.0,1,0.648,28.7,19
64507.0,0,0.205,24.4,32
51685.0,1,1.343,25.6,20
44201.0,0,0.046,24.6,27
17745.0,0,-1.152,36.0,20
76137.0,0,1.069,41.1,23
41781.0,0,-1.329,57.3,23
60656.0,1,-0.009,38.9,28
48574.0,1,-0.214,31.6,23
59006.0,1,0.772,39.2,24
60131.0,1,0.906,57.9,26
25088.0,0,-0.431,32.7,26
42399.0,0,-0.741,29.1,37
56481.0,1,-0.056,42.7,25
35496.0,0,-0.586,45.1,27
50836.0,0,0.948,45.2,22
66746.0,0,0.373,44.1,24
61667.0,1,1.393,47.9,28
91725.0,1,2.613,56.2,19
38175.0,1,-0.874,56.5,37
43754.0,0,-0.609,48.3,28
42711.0,1,0.475,41.8,22
66827.0,0,0.398,29.8,26
40958.0,0,-0.353,31.7,11
20699.0,0,-1.728,24.2,17
84532.0,1,2.548,32.2,19
41533.0,0,0.079,39.5,34
36683.0,0,-1.179,46.3,19
18110.0,0,-2.417,25.9,28
54314.0,1,1.403,51.6,25
57024.0,0,0.326,36.0,28
45536.0,0,-0.002,19.2,24
35546.0,0,-1.05,41.2,32
37668.0,0,-0.11,28.6,27
44330.0,0,-0.397,29.1,23
17732.0,0,-2.518,37.2,27
67151.0,1,2.686,26.7,21
39696.0,0,0.436,38.4,28
43542.0,1,-0.351,39.6,24
31449.0,0,-0.98,49.0,15
27399.0,0,-0.616,28.4,20
73329.0,1,2.433,25.7,15
42208.0,1,0.39,63.6,33
33832.0,1,-1.351,31.6,21
50108.0,1,0.889,51.2,23
43881.0,1,0.494,36.5,33
52364.0,0,0.523,34.2,22
64968.0,1,-0.141,59.4,20
57529.0,0,-0.179,46.5,27
47886.0,0,0.207,33.6,23
39938.0,0,-0.221,35.5,28
22216.0,0,-1.431,45.3,22
44890.0,1,-1.019,36.4,23
54086.0,1,-0.001,43.4,32
27752.0,0,-1.623,34.7,20
49564.0,0,-0.146,36.6,26
57405.0,1,-0.331,40.7,34
55148.0,1,0.729,36.3,18
44088.0,0,0.153,24.4,27
43718.0,1,-0.311,39.1,29
51531.0,1,-0.309,28.2,31
52940.0,1,0.425,34.1,24
76576.0,1,0.936,33.5,26
26138.0,0,-1.093,27.4,28
19028.0,1,-1.557,57.1,25
25165.0,0,-0.763,22.9,13
32272.0,0,-2.341,49.9,18
41470.0,0,-0.804,25.5,24
59748.0,1,0.829,33.0,33
46629.0,0,0.979,46.8,37
61372.0,1,1.539,38.2,26
44433.0,1,0.056,40.0,27
55331.0,0,0.146,57.0,21
34288.0,1,-0.608,44.6,25
31265.0,0,-0.538,50.5,22
37279.0,0,0.28,40.0,22
47888.0,0,0.908,38.7,25
54863.0,0,0.421,38.4,20
26836.0,0,-2.058,54.4,24
50873.0,0,0.488,6.5,27
45392.0,0,-0.009,42.0,18
34942.0,0,-0.61,43.1,21
45439.0,0,0.129,21.1,20
56236.0,1,0.893,40.3,34
37193.0,0,0.128,35.6,25
37347.0,0,-0.746,28.3,37
92143.0,1,3.367,40.0,27
32568.0,1,-0.654,26.6,20
62257.0,0,0.452,52.7,27
66979.0,0,1.254,25.0,22
29964.0,0,-0.887,25.9,25
43834.0,0,0.537,33.4,13
30116.0,0,-0.875,37.7,17
42931.0,1,-0.286,44.4,25
31421.0,1,-0.784,40.9,15
74293.0,1,1.758,38.6,30
22616.0,0,-1.407,11.9,25
58180.0,0,0.502,33.4,20
46850.0,0,0.017,37.0,30
15300.0,0,-2.019,47.3,35
52547.0,0,1.73,27.5,24
38071.0,1,-0.594,41.7,28
38846.0,0,-0.284,33.9,28
48103.0,1,0.199,29.8,23
40294.0,0,-0.935,37.6,18
45443.0,1,-0.802,35.6,30
54110.0,0,-0.058,39.1,25
40940.0,1,-0.908,37.1,16
36951.0,1,0.079,46.8,22
78020.0,1,1.258,46.0,22
25536.0,0,-1.044,27.2,19
37051.0,0,-1.618,53.0,21
44171.0,0,-0.154,51.7,18
42776.0,1,0.384,46.5,30
52513.0,0,0.655,39.8,19
17353.0,0,-1.127,57.3,25
7992.0,1,-2.396,34.3,23
54389.0,0,0.865,40.5,27
41900.0,0,0.697,28.6,27
58285.0,0,1.502,40.0,20
46835.0,1,-0.994,49.9,29
49526.0,0,0.546,33.9,26
54913.0,1,0.993,46.2,17
19030.0,0,-1.873,28.6,22
68074.0,1,1.042,43.3,26
53173.0,0,1.418,54.7,22
66510.0,0,0.562,35.8,26
63143.0,1,0.521,37.3,30
51173.0,0,0.725,49.3,17
43291.0,0,-0.284,48.4,15
22836.0,0,-1.47,37.7,25
37357.0,0,-0.953,40.6,26
37635.0,0,-0.202,38.6,16
32594.0,0,-0.876,47.8,16
62202.0,1,1.009,44.8,27
37658.0,1,-0.434,41.1,30
38192.0,1,-0.136,31.0,27
32440.0,0,-1.803,23.3,27
39952.0,0,0.375,19.4,28
27746.0,0,-0.731,42.4,24
72296.0,0,1.494,68.7,16
16639.0,0,-1.754,44.4,19
38855.0,0,0.303,47.4,20
21642.0,0,-0.431,37.7,20
40354.0,1,-0.387,42.3,27
55690.0,1,1.686,27.9,15
56554.0,0,0.94,39.3,23
45231.0,0,-0.878,26.4,26
63756.0,1,1.377,44.3,16
43665.0,0,-0.678,25.9,22
68514.0,1,0.776,48.5,27
26421.0,0,-1.766,38.3,26
41274.0,0,-0.347,45.2,18
50956.0,0,-0.314,42.6,22
27545.0,0,-0.353,24.3,21
22151.0,1,-1.618,25.7,16
30467.0,0,-1.925,49.0,28
56654.0,0,-0.04,42.7,23
60007.0,0,0.586,46.8,31
59818.0,1,0.012,59.4,21
35432.0,0,-0.364,45.6,30
22750.0,0,-1.533,54.9,18
50901.0,0,-0.292,37.1,21
25068.0,1,-0.58,32.2,26
39076.0,0,-0.743,40.6,25
68087.0,1,0.156,39.9,28
43378.0,1,0.152,41.8,16
47252.0,0,0.381,46.7,30
40738.0,0,-0.278,47.2,21
35571.0,0,-0.856,51.6,27
45154.0,0,-0.219,34.7,28
43924.0,0,-0.333,32.2,26
26948.0,0,-1.666,43.4,22
45263.0,0,-0.372,46.9,35
14090.0,0,-1.687,41.9,29
10659.0,0,-1.999,41.6,26
45078.0,0,-0.848,57.6,20
41106.0,0,-0.668,43.8,21
43209.0,0,0.673,28.3,15
40764.0,1,-0.334,33.7,22
54110.0,0,0.505,55.3,20
76367.0,1,1.42,47.2,19
48982.0,1,0.096,24.6,19
59231.0,1,0.355,29.7,37
39855.0,1,-0.717,42.4,20
48011.0,0,0.797,35.1,19
63766.0,0,0.033,43.4,28
40590.0,0,0.04,27.8,22
45750.0,0,-1.154,38.2,27
32944.0,0,-0.962,41.5,28
30387.0,0,-0.699,44.8,25
50181.0,1,0.079,39.5,25
61361.0,1,1.066,38.1,27
21502.0,0,-1.541,37.7,22
40212.0,1,-0.392,43.9,24
45366.0,0,-0.336,45.3,35
71988.0,1,2.252,31.6,21
44546.0,0,-0.227,30.9,33
34754.0,0,-0.565,39.6,23
53788.0,1,0.718,27.6,17
33831.0,1,-1.138,35.9,23
60465.0,0,0.513,62.1,25
22097.0,0,-1.704,43.3,21
69036.0,1,1.995,33.7,34
47156.0,0,-0.074,33.2,21
41623.0,1,-0.457,31.5,22
33637.0,0,-1.344,27.7,21
27249.0,0,-0.181,35.5,27
54813.0,1,0.054,45.6,17
39556.0,0,-0.76,47.7,32
60452.0,0,1.163,46.2,24
53208.0,1,-0.358,18.5,23
54833.0,0,0.065,40.7,27
51276.0,0,0.256,30.5,23
70254.0,1,1.333,39.6,30
46837.0,0,-0.41,37.2,22
59155.0,0,0.043,34.6,35
42462.0,0,0.268,25.6,19
53000.0,0,0.588,37.0,31
24052.0,0,-1.861,37.7,22
48144.0,1,1.126,42.8,21
32387.0,0,-0.146,38.5,19
35468.0,0,-0.745,28.9,30
45992.0,1,-0.053,52.9,24
26205.0,0,-1.944,54.3,25
28794.0,1,-0.789,34.9,22
44726.0,1,0.167,24.8,18
63057.0,0,1.339,61.2,22
48555.0,0,-0.102,54.3,17
50275.0,0,0.377,45.6,26
36819.0,0,-0.313,22.4,28
66735.0,1,0.844,55.3,27
33381.0,0,-0.417,49.1,30
31738.0,0,0.444,31.8,21
30327.0,1,-0.352,14.1,19
27067.0,0,-0.984,52.6,20
37711.0,0,-1.01,32.0,33
19470.0,0,-0.661,39.5,22
34989.0,1,1.145,45.0,13
81139.0,1,3.178,49.5,19
46170.0,1,-0.216,36.1,31
49091.0,0,-0.752,44.9,31
49037.0,0,0.519,41.5,15
50602.0,1,0.476,36.8,23
40006.0,0,-0.542,44.0,29
69159.0,1,1.911,36.3,21
45645.0,1,0.866,36.3,19
79260.0,1,0.935,36.8,29
54762.0,1,0.057,22.8,23
52586.0,0,0.124,31.8,24
50536.0,1,0.969,27.0,24
30221.0,0,-1.398,45.1,20
34360.0,0,-0.81,22.8,24
75469.0,1,0.085,57.4,24
22772.0,0,-1.468,39.7,29
61324.0,1,1.643,37.8,27
30677.0,0,-0.625,25.3,25
53865.0,0,-0.431,33.0,18
63464.0,0,0.324,54.5,22
68812.0,0,1.509,38.6,22
43005.0,0,-0.043,22.0,23
34878.0,0,-0.768,46.6,25
26653.0,0,-0.934,54.5,31
42371.0,0,0.233,33.3,28
43682.0,0,-0.58,37.5,20
75969.0,1,2.375,53.5,18
53575.0,0,1.259,13.7,20
11323.0,0,-3.169,50.3,21
23352.0,0,-0.93,31.4,26
56638.0,1,0.353,42.2,21
90902.0,1,2.315,50.4,23
26193.0,0,-2.019,46.3,19
43846.0,0,-0.443,43.5,23
55509.0,1,1.205,51.1,22
35425.0,0,-0.694,31.6,22
54849.0,1,0.071,40.0,21
39576.0,0,-0.5,30.6,26
52398.0,1,0.672,41.6,18
41400.0,0,-1.099,33.2,28
55703.0,0,0.023,28.7,18
21461.0,0,-1.455,28.7,28
54587.0,1,0.977,47.6,12
42758.0,0,0.605,20.3,13
34216.0,0,-0.036,24.5,27
41479.0,1,0.037,19.1,25
55918.0,1,0.027,25.3,26
47323.0,1,-0.369,18.9,27
41641.0,0,0.157,24.1,21
41791.0,0,0.367,25.3,27
52712.0,0,-0.069,52.7,31
27477.0,0,-0.595,37.9,27
38258.0,1,-0.407,29.0,23
43224.0,0,-0.459,17.9,18
39335.0,0,0.454,29.5,24
58653.0,1,0.154,50.8,27
65962.0,0,1.973,32.9,29
33022.0,1,-0.173,45.6,26
58269.0,1,0.075,40.4,33
39324.0,0,-0.629,37.5,19
39782.0,0,0.101,34.2,23
36320.0,0,-0.445,35.4,24
27221.0,0,-0.859,33.2,27
59133.0,0,0.162,29.9,37
62859.0,0,1.591,37.4,27
33538.0,0,-0.865,47.2,18
32451.0,0,-0.651,42.6,25
49306.0,0,-0.04,21.6,22
49324.0,0,0.253,43.0,24
57682.0,0,1.3,40.9,25
34493.0,0,-0.648,31.4,26
50402.0,0,-0.141,45.7,21
45561.0,1,-0.799,43.3,24
46090.0,1,-0.88,55.9,22
45585.0,0,-0.479,15.7,31
33394.0,0,-1.124,44.6,36
58364.0,0,0.437,26.2,14
63189.0,1,1.04,38.5,13
36003.0,0,-0.53,42.4,29
44428.0,1,-0.718,52.0,22
40114.0,0,1.306,39.3,29
42934.0,0,-0.234,29.2,15
60630.0,1,1.465,45.4,21
21453.0,0,-2.916,42.4,16
46558.0,0,-0.188,48.9,29
27847.0,0,-1.041,10.3,27
46626.0,0,-0.557,37.8,21
59638.0,1,0.782,7.3,23
59899.0,0,1.057,39.9,14
47258.0,1,-0.199,36.9,22
67544.0,1,0.911,28.9,27
35960.0,0,-1.146,41.4,30
43147.0,0,0.245,39.3,24
44985.0,0,-0.181,48.0,23
29007.0,0,-1.727,51.6,22
51898.0,1,0.876,38.4,23
45268.0,0,-0.699,35.3,24
62313.0,1,0.406,29.7,38
36002.0,1,-0.791,49.9,25
34896.0,0,0.15,36.6,29
49843.0,0,0.588,35.2,20
48523.0,1,-0.028,43.8,27
34048.0,0,-0.502,31.5,30
59078.0,1,0.581,35.2,20
45937.0,0,0.188,37.5,23
53013.0,1,-0.443,47.2,27
35210.0,1,0.022,26.9,23
41037.0,0,-0.103,25.7,26
53789.0,0,-0.361,31.3,28
46763.0,1,0.882,30.4,29
79399.0,1,1.719,29.5,34
38410.0,0,-0.53,44.9,28
60724.0,1,-0.136,32.4,22
30909.0,1,-0.957,55.6,34
34900.0,0,-1.348,47.2,11
66977.0,1,1.117,37.8,28
19444.0,1,-0.687,36.3,22
41855.0,0,0.323,44.4,25
31197.0,1,-1.371,61.6,15
44178.0,0,-0.655,42.0,27
44208.0,1,0.457,28.0,22
61299.0,1,0.459,38.0,19
64246.0,1,0.218,71.5,27
38905.0,1,0.392,28.3,39
45817.0,0,0.201,34.7,19
77675.0,0,0.987,38.1,20
71299.0,1,1.682,32.1,25
59484.0,1,0.547,51.2,25
54634.0,1,-0.128,31.1,25
34077.0,0,-1.044,36.6,20
39047.0,1,-0.502,42.8,29
46778.0,0,-0.34,43.4,20
72571.0,1,1.423,35.3,24
34638.0,0,-1.564,39.2,24
27639.0,1,-0.813,36.9,21
26014.0,1,-1.048,3.3,23
56633.0,1,0.848,45.1,14
41320.0,1,-0.714,39.8,26
23064.0,0,-1.855,36.2,19
5528.0,0,-2.074,46.8,23
53556.0,1,0.286,19.7,19
10032.0,0,-1.656,50.4,13
72897.0,1,1.074,31.8,23
63959.0,1,1.036,28.0,23
20977.0,0,-1.162,27.3,18
39959.0,1,-0.369,41.5,30
35497.0,0,-0.01,31.3,24
37226.0,1,-1.527,45.1,30
17544.0,0,-1.269,23.4,20
41341.0,1,-0.671,49.9,28
43374.0,0,-0.076,35.6,34
60839.0,1,0.234,56.1,27
7816.0,0,-1.919,41.9,22
44891.0,0,0.197,33.5,29
46678.0,1,-0.158,35.1,23
40262.0,0,-0.309,18.7,20
45333.0,0,-0.506,35.3,28
56743.0,1,0.982,25.1,24
43895.0,0,1.516,31.0,18
53171.0,0,-0.504,59.2,17
42791.0,0,-0.217,27.0,28
31024.0,0,-1.634,43.5,25
33633.0,0,-0.45,43.1,22
55142.0,1,0.641,34.7,16
21555.0,0,-0.148,36.6,25
43451.0,0,0.311,31.0,18
46034.0,0,-0.154,56.0,27
36859.0,0,0.056,43.4,21
40789.0,0,0.626,48.2,22
64973.0,0,0.728,19.8,23
23795.0,0,-1.981,36.1,26
37781.0,0,-0.247,26.6,28
4830.0,0,-2.936,48.9,16
42648.0,1,-0.011,34.8,23
35786.0,0,-0.568,29.9,24
39273.0,0,-0.613,38.6,24
58821.0,0,1.541,39.4,25
53723.0,1,0.341,36.8,24
47697.0,0,1.116,53.8,26
62407.0,1,0.614,47.7,21
48248.0,0,1.674,39.8,13
42426.0,0,-0.254,43.9,26
44080.0,0,-0.261,34.2,21
37199.0,0,-0.098,23.5,24
71532.0,1,2.442,37.5,21
39972.0,0,-0.441,13.7,27
48914.0,0,0.023,47.1,24
69011.0,1,1.371,33.3,23
53948.0,1,0.92,18.4,23
43765.0,0,-0.498,38.9,18
83829.0,0,1.742,64.7,21
51068.0,1,0.479,30.8,15
65712.0,0,1.446,36.4,22
63551.0,1,0.605,42.6,28
50109.0,0,0.778,25.7,25
38560.0,1,-0.743,53.3,21
58362.0,0,1.418,33.9,23
41634.0,0,-0.701,41.2,19
45056.0,1,0.077,46.5,25
64267.0,1,1.087,36.6,29
40678.0,0,-0.339,45.2,31
30143.0,0,0.119,22.0,29
54966.0,0,0.008,23.7,25
44012.0,0,0.157,39.9,30
62514.0,1,0.59,31.0,30
29284.0,1,-1.498,31.6,16
41710.0,0,-0.524,38.0,23
64455.0,1,2.065,44.2,26
21321.0,0,-1.954,51.3,26
35937.0,0,-0.637,57.5,24
53102.0,0,0.798,52.6,24
17842.0,1,-1.841,47.8,27
27777.0,0,-0.862,29.7,19
46581.0,0,-0.804,29.3,34
62128.0,1,1.567,25.8,32
33219.0,1,-0.869,34.1,20
52210.0,1,0.632,40.9,27
51271.0,0,-0.63,58.9,28
41698.0,0,0.01,31.2,20
23099.0,0,-1.133,45.1,27
21972.0,0,-1.471,33.1,29
32133.0,0,-0.468,38.0,24
39194.0,1,-1.376,20.6,24
50202.0,0,-0.176,63.3,22
48792.0,1,0.118,41.1,19
73089.0,0,0.409,38.5,34
69188.0,1,1.527,39.3,25
64268.0,1,1.418,24.2,23
44392.0,0,-1.104,47.6,21
21783.0,0,-0.75,42.6,23
65138.0,1,1.689,48.1,26
22540.0,1,-0.055,55.4,21
56918.0,1,-0.387,47.1,25
50103.0,0,1.07,34.2,19
29648.0,0,-0.626,36.1,27
70280.0,1,0.933,24.5,14
49590.0,0,-0.303,63.2,22
63232.0,1,1.294,25.0,30
54019.0,0,-0.146,51.7,21
63234.0,1,0.819,30.1,25
77196.0,1,1.058,42.0,15
65184.0,1,1.615,39.1,31
47859.0,0,-0.797,29.3,30
47089.0,1,-0.385,48.7,20
29207.0,0,-1.418,46.9,24
20645.0,1,-1.724,40.7,32
52781.0,0,-0.498,48.3,23
51848.0,1,0.159,57.3,23
64882.0,1,1.252,27.7,19
43822.0,0,-0.417,34.2,32
79459.0,1,1.91,25.5,27
38226.0,0,0.181,31.4,26
71877.0,1,0.88,36.2,22
31477.0,0,-0.257,36.3,27
30900.0,0,-1.259,39.9,24
70958.0,1,1.582,55.8,13
48900.0,0,-0.292,48.1,18
56980.0,1,1.11,35.1,13
43119.0,0,-0.372,44.7,26
51437.0,1,0.584,33.2,25
31736.0,0,-0.162,49.0,23
37994.0,1,-0.35,34.6,28
54301.0,0,-0.153,37.5,28
50535.0,1,0.678,24.6,19
46740.0,1,-1.213,33.6,19
45923.0,1,-0.979,59.1,30
47419.0,1,0.978,12.8,21
44624.0,0,-0.741,37.6,21
35499.0,1,0.177,31.9,20
35572.0,0,-1.356,32.9,20
55824.0,0,-0.224,51.2,22
63414.0,0,1.09,30.5,33
52889.0,0,0.075,22.4,24
42045.0,1,0.198,36.0,27
42228.0,0,-0.404,36.7,27
59021.0,0,0.087,44.6,31
28205.0,0,-1.795,52.3,20
29107.0,0,-1.648,45.4,30
66015.0,1,0.395,46.7,29
39302.0,0,-1.783,31.3,22
67024.0,0,1.291,29.1,17
51425.0,0,0.831,40.8,22
32763.0,1,-1.222,43.4,26
19205.0,0,-2.202,46.3,27
19253.0,0,-2.443,43.2,25
43330.0,0,0.289,32.2,24
43374.0,1,-0.116,30.7,22
66486.0,1,1.326,50.2,21
53652.0,1,0.45,46.9,31
56159.0,0,1.537,18.8,22
42248.0,1,0.854,43.1,26
22821.0,0,-0.969,42.3,27
54371.0,0,-0.209,29.6,20
27592.0,0,-0.87,25.1,18
40921.0,0,-0.341,46.5,22
39903.0,0,-0.542,42.4,28
45547.0,0,-0.259,24.0,23
58036.0,1,1.332,37.2,21
43436.0,1,-0.58,50.1,23
29664.0,1,-1.224,33.5,21
41741.0,0,-0.66,55.0,40
25245.0,0,-0.506,23.9,19
36153.0,0,-0.611,51.2,22
28576.0,1,-0.197,35.6,33
38064.0,1,-0.458,28.2,27
42890.0,0,1.088,34.7,20
67250.0,1,0.888,46.7,15
35850.0,0,-0.787,24.7,22
61292.0,0,0.962,49.3,26
62095.0,1,1.379,44.9,13
49959.0,1,-0.016,13.8,24
37689.0,0,-0.863,40.8,24
55154.0,0,0.418,50.2,36
44111.0,0,-0.096,30.4,19
45010.0,0,0.321,10.8,32
34300.0,0,-1.077,46.2,27
76675.0,1,2.084,48.6,22
28412.0,0,-0.21,53.6,16
60742.0,1,0.519,28.0,22
40545.0,0,-0.606,26.9,22
49038.0,0,0.147,32.0,23
19494.0,0,-2.301,50.8,23
33359.0,0,-1.308,27.9,24
14408.0,1,-2.478,38.5,30
56078.0,1,0.985,20.7,26
23498.0,0,-1.391,53.0,24
43778.0,1,-1.559,37.6,26
49465.0,1,1.129,39.1,31
56823.0,0,-0.489,72.8,21
46666.0,1,-0.163,48.5,19
52847.0,1,1.08,43.9,22
50339.0,1,0.498,38.0,20
55353.0,0,0.322,36.0,29
44320.0,0,0.665,22.3,21
36331.0,0,-1.938,47.1,31
68332.0,1,1.306,35.6,20
70559.0,1,1.342,35.9,34
78646.0,0,1.863,21.6,23
35982.0,0,-2.082,50.9,21
28214.0,0,-0.835,39.6,26
35915.0,0,-0.546,39.8,35
73827.0,0,1.724,33.0,21
57490.0,1,0.585,43.9,24
69517.0,1,1.795,47.2,21
56036.0,1,0.473,44.2,22
43805.0,0,-0.619,27.0,15
37475.0,0,-1.277,19.9,24
29533.0,0,-0.547,36.8,21
67232.0,1,1.424,43.1,25
32883.0,0,-0.828,12.1,18
23660.0,0,-1.756,28.3,23
62060.0,0,0.307,32.4,20
65448.0,1,1.398,38.2,33
69433.0,0,2.463,49.4,24
59180.0,1,1.278,33.5,23
67809.0,0,0.997,47.2,30
40399.0,0,-1.761,34.5,27
32905.0,1,-0.351,47.9,21
41768.0,0,-0.352,31.1,26
59983.0,0,0.162,37.7,27
41822.0,0,-0.906,46.9,26
61717.0,0,0.819,37.7,22
58540.0,1,1.279,12.9,18
62580.0,0,0.134,34.4,26
45919.0,0,-0.268,42.4,23
56301.0,1,0.212,38.0,19
46151.0,0,0.402,26.4,20
66510.0,0,0.815,32.3,26
31080.0,0,-0.842,45.1,32
67730.0,1,1.468,46.8,29
49757.0,1,0.054,42.5,25
48455.0,0,-0.156,30.4,30
60123.0,0,0.709,28.0,23
29480.0,0,-0.684,59.7,17
49394.0,0,0.894,26.0,24
66964.0,1,2.165,49.9,27
38989.0,0,0.452,39.0,17
41014.0,1,0.22,43.6,21
33236.0,1,-0.465,41.5,28
66458.0,0,1.51,34.9,23
60619.0,1,1.147,44.3,21
23797.0,0,-1.506,27.9,19
61558.0,1,0.986,33.9,22
30244.0,0,-0.662,39.6,33
33768.0,0,-1.174,10.7,32
45389.0,0,-0.07,51.6,20
41743.0,1,-0.663,35.8,23
72393.0,0,1.165,34.6,20
23081.0,1,-1.264,26.5,29
26786.0,1,-1.293,35.3,27
35726.0,0,-0.951,22.7,21
27319.0,0,-0.143,26.4,19
47533.0,0,0.589,29.9,25
27078.0,1,-1.094,37.2,18
29192.0,0,-0.729,36.6,24
15277.0,0,-1.576,30.0,27
47761.0,1,-0.204,31.8,26
40910.0,0,-1.03,43.2,16
74223.0,0,2.167,29.4,24
72421.0,0,1.922,52.7,27
34063.0,0,-0.94,43.7,18
48505.0,1,0.13,30.4,16
45333.0,0,0.412,23.2,26
35315.0,0,-0.555,38.3,13
32475.0,0,-0.401,47.8,31
41964.0,0,0.631,38.4,24
54389.0,0,-0.281,38.1,28
48360.0,0,-0.312,21.8,18
48505.0,1,-0.041,45.4,24
68175.0,0,1.225,25.8,27
35303.0,0,-0.272,53.1,19
47105.0,0,0.377,37.6,29
54406.0,1,0.228,54.0,23
60295.0,1,0.705,44.1,28
51168.0,0,-0.205,17.0,29
42731.0,0,-0.503,36.3,27
35521.0,1,-0.699,43.4,17
59649.0,1,0.228,51.9,24
53069.0,0,0.13,35.9,19
23899.0,0,-0.267,42.5,26
41896.0,0,0.212,20.0,23
75619.0,1,2.356,39.3,24
52830.0,0,0.779,35.2,23
12195.0,0,-1.845,43.6,15
78176.0,1,1.293,36.4,27
49744.0,1,0.135,35.0,23
20475.0,0,-1.025,36.0,26
54497.0,1,1.336,43.9,25
53952.0,1,-0.088,52.1,38
66287.0,1,1.009,46.8,20
34018.0,1,-0.622,48.9,25
58674.0,1,1.049,27.3,30
28115.0,0,-0.29,23.0,23
51780.0,1,0.949,26.3,29
45332.0,1,0.811,26.5,13
29212.0,0,-1.16,43.0,29
60687.0,1,0.36,36.2,18
58835.0,1,0.462,34.6,22
49317.0,0,-0.068,60.9,23
21182.0,0,-1.79,34.8,27
49741.0,0,0.272,46.8,27
48834.0,0,-0.328,38.2,24
61543.0,1,1.187,26.5,29
31499.0,0,-1.073,20.4,30
50467.0,0,0.974,31.5,26
33731.0,1,0.128,42.0,15
92893.0,1,2.534,43.2,23
29297.0,0,-1.017,50.8,28
51236.0,1,0.947,43.3,28
51387.0,0,-0.544,57.0,36
24199.0,0,-0.958,30.6,31
61773.0,0,1.067,30.7,28
43874.0,1,0.594,46.1,30
59993.0,1,1.04,36.4,30
22443.0,0,-1.619,49.0,20
32621.0,1,-1.207,54.5,20
62749.0,0,0.58,41.9,19
36547.0,0,-0.855,34.6,23
56834.0,0,1.313,12.6,20
70094.0,1,1.662,35.5,35
30719.0,0,-0.133,41.1,30
43518.0,1,0.029,24.3,29
52926.0,1,0.025,42.6,26
37729.0,1,-0.293,40.8,23
43614.0,0,-0.038,40.1,25
34985.0,0,-0.233,47.8,18
54233.0,0,0.428,54.1,22
43557.0,0,-0.334,27.6,24
29258.0,0,-0.521,36.6,24
49805.0,1,-0.3,41.6,26
48958.0,0,-0.612,54.4,27
25941.0,0,-0.081,39.2,19
57066.0,1,0.539,45.0,24
64898.0,1,2.056,39.6,24
25414.0,0,-1.629,40.7,19
25798.0,0,-1.378,41.0,25
33940.0,0,-0.068,50.2,26
40904.0,0,0.032,44.0,26
50215.0,0,-0.045,48.0,20
68444.0,1,1.872,39.8,27
32879.0,0,-1.826,35.5,20
31879.0,0,-0.155,37.8,22
3580.0,0,-1.273,48.6,17
48222.0,1,-0.303,39.5,23
41053.0,1,0.515,22.6,26
26272.0,0,-1.444,43.1,22
52973.0,1,1.024,26.3,33
49166.0,0,-0.846,15.2,26
29549.0,0,-1.048,37.1,24
31266.0,0,-1.646,55.5,27
44173.0,1,-0.7,46.8,34
41036.0,0,-0.742,44.3,17
55132.0,1,0.828,29.5,22
24734.0,0,-1.562,26.7,22
45245.0,1,0.213,27.2,22
61269.0,0,0.841,33.7,14
44942.0,0,-0.252,30.1,21
55988.0,0,0.768,38.7,27
36711.0,0,-0.693,40.1,28
44409.0,0,0.414,28.5,23
35637.0,1,-0.334,43.1,12
62652.0,0,2.159,15.3,22
31883.0,0,-0.284,31.6,27
33811.0,0,-0.299,32.0,22
38504.0,1,0.404,29.9,22
37496.0,0,-0.529,35.4,18
40871.0,1,-0.196,35.2,26
46884.0,1,0.338,40.2,28
54327.0,0,0.875,41.7,25
49536.0,1,-0.596,19.9,21
42847.0,0,0.061,46.9,27
48188.0,0,-0.171,42.2,20
56787.0,0,0.698,50.5,25
68868.0,1,0.821,52.6,27
52081.0,0,0.404,55.8,23
40985.0,1,0.266,51.2,33
70434.0,1,1.792,37.9,24
36377.0,0,-0.872,53.1,14
75175.0,1,1.638,38.5,18
43469.0,0,0.539,34.5,27
14676.0,0,-1.533,39.2,21
51334.0,0,0.13,57.0,15
32443.0,1,-1.414,49.3,27
26983.0,0,-0.123,40.1,23
14108.0,0,-2.028,38.7,27
33940.0,0,0.73,29.4,26
53845.0,1,-0.788,47.8,21
48203.0,0,1.653,1.4,26
42656.0,1,-0.723,39.5,39
38330.0,1,0.056,34.8,23
25470.0,1,-1.356,32.0,18
46882.0,1,-0.127,47.1,23
45815.0,0,0.046,35.3,25
53748.0,0,0.509,53.7,30
69106.0,1,2.474,25.4,12
61261.0,1,1.651,60.0,22
45303.0,0,0.788,32.2,30
48642.0,0,-0.32,45.6,27
28569.0,0,-0.277,32.5,19
38764.0,0,-0.299,32.2,26
49437.0,0,-0.843,38.6,22
48026.0,0,0.684,45.8,19
45399.0,1,-0.042,32.9,19
56242.0,1,0.544,30.8,27
36523.0,0,-0.229,32.7,24
38798.0,0,0.393,24.6,35
70434.0,1,1.782,25.0,17
65457.0,0,0.377,39.8,27
60319.0,1,0.955,46.5,21
41549.0,0,-0.817,46.1,17
43314.0,0,-0.114,37.3,25
35323.0,0,-0.342,39.9,24
55711.0,1,0.542,12.1,15
44774.0,1,0.339,29.3,26
43859.0,0,-0.627,33.2,32
56183.0,0,0.401,42.1,31
48644.0,1,0.178,42.2,25
37771.0,0,-1.508,36.7,27
44769.0,0,0.031,38.2,23
57411.0,1,1.252,60.1,19
33261.0,0,-0.821,29.1,23
58913.0,1,1.163,38.6,24
60420.0,0,0.772,33.2,22
57767.0,1,0.249,31.1,24
55670.0,0,0.525,34.5,27
34934.0,0,-0.722,39.3,24
59825.0,0,0.791,30.2,26
34296.0,0,-1.335,56.9,25
29987.0,0,-1.034,36.0,22
54689.0,1,0.629,36.1,19
30680.0,0,-1.011,53.7,22
65959.0,1,2.102,53.5,19
55169.0,0,0.433,51.2,39
43585.0,0,1.003,49.6,22
66116.0,1,1.068,18.9,34
37799.0,0,-0.293,32.4,23
40667.0,0,0.127,35.0,26
46857.0,1,0.578,30.1,30
53259.0,0,0.111,53.0,32
63001.0,1,1.682,47.6,23
54105.0,0,1.142,28.9,25
46376.0,0,0.328,23.6,27
56078.0,0,1.377,21.5,25
52412.0,1,0.183,24.8,27
50790.0,0,0.89,39.2,18
50865.0,0,0.275,43.9,27
38729.0,0,-0.156,31.8,23
33424.0,0,-0.828,53.0,22
46529.0,0,-0.61,35.4,23
57618.0,0,0.157,41.8,31
55045.0,1,0.531,25.9,16
27715.0,1,-2.032,34.6,38
28024.0,0,-0.314,24.5,29
45573.0,0,0.674,37.9,22
42617.0,0,-0.07,45.9,27
25668.0,0,-1.017,35.6,18
43938.0,0,-0.929,36.3,20
62084.0,1,1.765,49.7,24
14891.0,0,-1.514,33.3,23
38660.0,0,-0.255,49.0,14
59290.0,1,0.902,41.0,35
14626.0,0,-1.923,31.1,27
65792.0,1,0.745,28.8,22
37088.0,1,-1.484,39.8,29
60510.0,0,1.078,47.3,23
74213.0,1,2.734,35.7,23
39727.0,0,-1.184,24.5,18
25751.0,0,-0.0,32.3,29
53910.0,1,0.434,47.3,20
31246.0,0,-0.503,41.1,25
39042.0,1,0.613,35.5,22
41805.0,0,-0.646,37.1,30
46786.0,0,-0.499,58.1,24
34088.0,0,-0.751,10.8,14
51177.0,0,0.014,24.8,20
41545.0,1,0.539,48.9,23
65942.0,1,1.037,44.5,23
52086.0,0,-0.045,42.1,26
33434.0,0,-1.008,29.5,17
24426.0,0,-0.421,47.2,17
39227.0,0,-0.454,29.7,23
40556.0,1,-0.33,31.9,16
54426.0,1,0.643,28.6,28
43268.0,1,-0.08,43.5,17
37098.0,0,0.151,25.2,23
35023.0,0,0.108,43.4,15
41898.0,0,-0.035,32.0,24
28534.0,0,-0.419,44.5,22
31126.0,0,0.782,33.1,18
30353.0,1,-0.038,54.4,24
49409.0,1,-0.063,34.6,22
27805.0,1,-1.073,36.5,23
55725.0,1,-0.658,32.1,21
34975.0,0,-0.555,31.8,39
57237.0,0,0.61,37.0,22
39258.0,0,-1.714,39.2,27
61314.0,1,0.767,21.3,23
52319.0,1,0.158,30.2,26
53828.0,0,-0.679,38.6,26
37449.0,0,-0.821,29.7,16
43426.0,0,0.538,37.1,21
67360.0,1,0.243,46.0,21
18616.0,0,-1.954,46.7,30
41356.0,0,-0.663,50.1,24
28835.0,0,-0.89,43.4,33
47005.0,0,-0.045,51.8,26
21895.0,0,-0.61,21.2,26
48317.0,1,0.485,31.2,25
35235.0,0,-0.496,27.7,28
40588.0,1,-0.25,31.6,26
65634.0,1,1.266,45.1,24
32676.0,0,-0.215,36.7,18
39314.0,0,-0.472,17.8,19
46446.0,1,0.062,56.7,21
37540.0,0,-1.274,46.7,21
23354.0,0,-1.573,38.3,29
53778.0,0,-0.009,32.7,20
47492.0,0,-0.57,28.0,22
22602.0,0,-1.411,26.2,29
59372.0,0,0.939,25.6,28
49720.0,1,0.696,44.6,27
28084.0,0,0.234,21.8,27
26479.0,0,-0.525,43.9,21
32424.0,0,-0.192,50.3,16
44826.0,0,-0.569,36.9,25
62630.0,1,0.863,49.9,25
32414.0,1,-1.434,44.8,25
53469.0,0,0.274,37.8,27
47840.0,0,0.019,37.5,22
33972.0,0,-1.13,55.2,23
60028.0,1,0.619,56.2,24
35832.0,0,-0.339,25.0,24
72860.0,1,1.87,39.2,19
54961.0,1,1.174,21.7,23
54854.0,1,-0.055,33.9,26
44028.0,0,-0.375,50.7,32
33187.0,1,-0.681,40.0,28
36060.0,0,-0.72,30.7,40
59786.0,1,0.316,45.8,31
31432.0,0,-1.433,45.1,20
68455.0,1,0.972,44.3,34
58856.0,1,0.699,47.9,23
43497.0,0,-0.134,40.8,26
58784.0,0,0.75,40.6,26
72491.0,1,2.298,43.2,29
64469.0,1,0.297,44.6,32
71332.0,1,1.719,63.0,19
32808.0,0,-0.293,27.0,22
31931.0,0,-0.606,28.2,27
62508.0,1,1.002,28.3,31
13063.0,0,-1.915,19.0,13
64691.0,0,0.96,27.4,26
41202.0,1,-0.001,25.4,28
46826.0,1,-0.48,45.0,30
40319.0,0,0.086,46.9,31
54796.0,0,0.111,22.9,25
69908.0,0,1.248,35.8,29
51416.0,0,0.842,23.3,29
40885.0,0,0.201,29.5,29
46214.0,0,-0.221,39.0,23
27205.0,0,-0.945,34.1,29
61576.0,1,0.199,34.4,17
21054.0,0,-2.575,51.1,22
60303.0,1,0.966,41.4,18
43434.0,0,-0.001,29.1,15
20296.0,0,-1.662,28.3,22
41586.0,1,0.565,21.5,26
32067.0,0,-0.889,35.3,22
38188.0,0,-0.466,50.3,22
15669.0,0,-1.786,47.7,19
19508.0,0,-0.749,34.0,16
47580.0,0,0.159,25.6,28
43072.0,1,-0.084,31.2,27
32787.0,1,0.289,21.7,17
25662.0,1,-0.731,10.8,16
41855.0,1,0.561,10.7,21
40010.0,0,-1.484,37.9,26
39573.0,0,-0.573,28.5,20
5256.0,0,-2.655,20.5,23
25560.0,0,-0.314,44.1,16
47502.0,0,-0.555,43.9,29
48613.0,1,-0.203,50.5,27
53880.0,1,0.56,36.9,24
61858.0,0,1.3,29.5,20
25417.0,0,-1.189,43.9,28
33760.0,0,-0.253,25.3,26
6075.0,0,-1.972,32.7,26
74193.0,0,1.814,48.2,35
73208.0,1,1.286,25.0,25
51979.0,0,0.452,37.3,17
56826.0,0,1.2,32.6,17
60937.0,1,0.847,23.6,25
39921.0,0,-0.645,54.0,19
67180.0,1,0.711,24.0,25
63443.0,1,1.167,29.2,27
61041.0,1,0.8,35.3,16
37565.0,0,-0.09,47.4,23
42312.0,0,-0.389,40.6,20
74740.0,1,2.372,28.7,28
43936.0,0,0.271,27.9,24
50337.0,0,0.546,43.9,26
29972.0,0,-1.402,35.8,28
47463.0,0,0.683,34.9,19
39455.0,0,0.247,37.0,19
21931.0,0,-0.862,39.7,16
60619.0,0,1.29,34.2,25
58156.0,0,-0.003,49.6,18
36294.0,0,0.648,57.6,28
46500.0,1,0.461,28.1,27
47316.0,0,-0.699,33.1,19
51827.0,0,0.289,45.0,20
55036.0,0,1.384,41.0,26
28552.0,0,-1.106,32.2,28
31431.0,0,-1.037,28.0,23
30168.0,0,-0.912,30.5,21
55773.0,0,0.74,44.0,32
44420.0,1,-0.462,46.1,19
42439.0,0,0.294,27.7,20
63065.0,1,1.142,40.0,28
29121.0,0,-1.126,25.7,36
53511.0,1,1.473,49.4,26
43371.0,0,0.028,33.5,24
49129.0,1,-0.176,31.6,23
53380.0,0,1.529,27.1,20
59413.0,1,0.456,42.9,18
42614.0,0,-1.316,47.0,27
48510.0,0,-0.06,23.3,23
48061.0,1,-0.773,48.7,24
34301.0,0,0.264,29.1,23
45633.0,0,-0.472,33.2,25
42972.0,0,-0.341,29.6,25
58515.0,1,0.957,47.3,17
29266.0,0,-1.695,56.7,22
41968.0,0,0.28,30.2,24
45777.0,0,-0.235,47.6,24
37659.0,0,0.322,34.8,22
31386.0,1,-2.373,54.9,29
56288.0,0,-0.956,40.2,18
41703.0,0,-0.409,32.1,21
79485.0,1,1.651,53.7,25
25738.0,0,-1.258,39.6,24
50000.0,1,-1.126,41.8,30
36367.0,0,-0.193,47.3,20
46712.0,0,0.316,33.7,17
42372.0,0,-0.615,41.6,17
43286.0,1,0.084,42.3,22
25955.0,0,-1.637,41.8,22
71532.0,1,1.688,20.0,20
66822.0,0,-0.34,37.5,20
56146.0,1,0.126,46.5,16
89687.0,1,2.701,46.2,24
35958.0,1,-0.564,33.3,27
44056.0,0,-1.242,38.8,22
23539.0,1,-0.99,31.9,13
77581.0,0,1.67,31.8,30
40758.0,0,-0.19,25.2,21
29704.0,1,-0.784,39.1,30
46311.0,1,-0.037,45.3,18
50373.0,1,-0.049,39.6,28
64157.0,1,1.006,45.4,25
59253.0,1,0.72,39.6,26
50815.0,0,0.377,41.2,23
54126.0,0,0.483,38.8,26
28685.0,1,-0.806,40.0,17
28739.0,0,-1.259,26.9,18
43762.0,0,0.406,35.4,20
43927.0,1,0.527,27.3,20
42639.0,1,0.172,26.1,29
40592.0,0,0.289,57.2,33
39415.0,0,0.633,29.7,19
26679.0,0,-1.139,27.1,18
39584.0,0,-0.338,-0.4,18
46288.0,0,-0.865,36.4,14
19321.0,0,-1.858,37.7,29
54347.0,0,0.534,16.4,23
53239.0,0,-0.226,35.3,20
54543.0,0,0.409,42.8,22
56641.0,1,0.633,26.4,19
41528.0,1,-0.902,46.9,25
78272.0,1,1.509,36.4,16
58275.0,1,0.305,42.4,28
55898.0,1,1.011,29.2,23
67669.0,1,1.696,38.5,22
31738.0,1,-0.475,43.0,16
49402.0,0,-0.615,45.5,26
48038.0,0,0.181,31.6,23
67187.0,1,1.111,32.3,39
60880.0,0,1.143,49.4,22
24430.0,0,-1.969,31.7,21
68924.0,1,1.437,32.0,30
54041.0,1,-0.445,37.1,35
25013.0,1,0.491,27.2,33
20918.0,0,-1.324,48.5,19
36005.0,0,-0.882,22.2,16
59506.0,0,0.366,30.2,23
28241.0,0,-1.784,42.6,17
41416.0,1,0.808,37.1,20
37895.0,1,-0.539,27.0,21
69517.0,1,0.277,44.3,31
39466.0,0,0.148,41.9,25
45601.0,1,-0.554,38.9,25
64386.0,1,1.313,28.7,25
62645.0,1,2.341,41.0,28
52964.0,1,0.631,17.7,28
27422.0,0,-1.716,46.3,33
43737.0,1,0.122,44.2,27
34131.0,0,-0.226,19.5,23
64691.0,1,0.91,22.6,19
41739.0,0,0.061,28.0,18
77357.0,1,2.143,36.6,29
74068.0,0,0.693,53.3,18
45461.0,1,0.598,34.7,20
40165.0,0,-0.343,50.0,22
35593.0,0,-0.889,42.3,25
42660.0,1,-0.085,36.6,20
43379.0,1,0.203,27.4,21
53407.0,0,0.479,47.2,17
48227.0,0,0.201,42.8,29
44620.0,1,-0.28,23.6,21
45037.0,0,0.05,30.6,23
58087.0,1,-0.463,49.8,15
24686.0,0,-0.99,29.5,14
38536.0,0,-0.868,47.1,24
53050.0,0,0.493,41.2,26
50863.0,0,0.726,41.7,24
21884.0,0,-0.217,34.3,27
51495.0,0,-0.137,38.2,28
65036.0,1,0.546,50.5,22
48143.0,0,-0.136,44.7,15
74927.0,1,3.142,9.0,33
57115.0,0,0.129,29.0,30
44404.0,0,-0.519,48.9,14
27039.0,0,-1.811,24.3,31
48434.0,0,0.21,32.9,32
55445.0,0,1.025,29.5,24
36740.0,0,-0.056,50.1,25
75853.0,1,1.241,27.3,25
54195.0,1,-0.593,43.6,27
44931.0,0,-0.101,43.2,28
60592.0,1,-0.185,55.4,17
35397.0,0,-0.751,43.5,26
18634.0,0,-1.483,39.4,30
36313.0,1,-0.953,41.4,18
15890.0,0,-1.902,37.5,28
49602.0,1,0.759,36.8,22
57072.0,0,-0.171,46.9,21
24759.0,0,-0.104,18.1,21
32431.0,0,-0.574,26.3,17
46275.0,0,0.952,41.9,25
51992.0,0,-0.846,53.4,35
57687.0,1,1.685,38.7,25
55716.0,1,1.085,34.0,22
40645.0,0,-0.699,34.7,35
51591.0,0,-0.201,23.7,22
52228.0,1,0.629,40.9,24
57996.0,1,1.251,48.6,21
41416.0,1,-0.792,45.3,25
31100.0,0,-0.499,43.1,27
80504.0,1,2.505,50.0,18
58448.0,1,0.92,36.2,18
66356.0,1,0.896,43.7,16
70684.0,1,1.934,39.2,21
48344.0,0,0.446,28.3,21
38481.0,1,-0.456,35.2,27
26840.0,0,-1.729,37.4,34
60033.0,0,0.862,53.0,21
25455.0,0,-1.133,40.9,17
41145.0,1,0.671,39.6,24
23774.0,0,-1.975,52.1,25
43185.0,0,-0.474,22.9,26
40154.0,0,-0.018,22.2,26
27240.0,1,-1.252,37.7,22
34213.0,0,-0.547,42.9,24
34118.0,1,-0.832,40.9,27
34915.0,0,0.13,43.2,27
16925.0,1,-1.259,41.6,25
31598.0,0,-0.262,14.2,19
64469.0,1,1.374,37.0,25
45887.0,0,1.401,27.7,19
75443.0,1,1.89,46.4,28
53362.0,1,0.415,45.8,20
41925.0,1,-0.407,27.3,22
46763.0,1,0.329,33.8,26
37543.0,0,0.71,27.3,27
59671.0,1,0.28,55.2,30
52538.0,0,1.45,42.2,24
46027.0,0,-0.658,53.1,18
41570.0,0,-0.207,48.8,27
30490.0,0,-1.52,37.4,27
32406.0,1,-0.421,40.6,15
70099.0,1,1.24,26.0,32
51658.0,0,0.052,37.7,28
62650.0,1,0.748,35.5,25
57111.0,0,0.428,29.3,29
61497.0,0,0.964,21.3,32
41243.0,0,-0.835,42.7,28
58061.0,1,0.535,28.5,27
53343.0,1,0.68,4.4,19
54244.0,0,1.158,34.0,26
64203.0,1,1.394,48.5,21
62899.0,1,-0.497,48.3,28
22741.0,0,-1.431,41.3,32
41041.0,1,-0.642,31.7,23
66868.0,0,1.324,37.5,14
41390.0,1,-0.993,41.8,27
33819.0,0,-1.376,28.5,25
31944.0,0,-1.311,28.4,25
28146.0,0,-1.3,30.0,26
66808.0,1,0.721,35.4,27
31522.0,0,-0.767,35.4,20
25591.0,0,-0.625,29.1,34
54297.0,0,1.143,40.8,23
43825.0,1,0.936,38.8,28
58133.0,1,0.881,45.6,23
24202.0,0,-0.765,23.4,32
33013.0,1,-1.703,51.2,23
61054.0,0,0.352,14.7,22
85619.0,1,1.755,38.3,19
49002.0,0,-0.356,42.9,23
33417.0,0,-0.272,47.2,23
13157.0,0,-3.248,43.7,18
67678.0,1,1.732,57.8,24
51300.0,0,-0.199,34.9,20
15416.0,0,-1.741,21.9,23
42471.0,0,-0.059,12.5,27
42260.0,1,-0.596,33.1,27
48395.0,0,0.628,34.5,29
69429.0,0,2.153,22.8,25
52951.0,0,-0.805,45.8,25
52201.0,0,0.156,47.5,21
52431.0,0,-0.385,38.9,21
63496.0,0,-0.664,38.7,22
46887.0,0,0.46,24.4,16
56570.0,0,1.547,42.2,25
46020.0,1,0.44,49.0,20
42172.0,1,-0.427,33.5,24
42593.0,1,0.518,34.5,24
45821.0,0,0.237,26.7,22
44769.0,0,0.815,43.2,19
46557.0,1,-0.552,28.3,25
56238.0,0,0.138,40.7,21
65426.0,1,1.647,26.4,25
45390.0,0,0.019,33.2,31
56377.0,0,0.977,41.3,32
46226.0,0,-0.01,34.6,27
48947.0,0,0.071,37.9,24
47241.0,0,-0.743,33.0,23
80205.0,1,2.85,23.6,16
61536.0,1,1.198,46.1,24
49513.0,1,1.181,18.4,14
54960.0,1,1.158,33.5,27
26714.0,0,-1.02,43.8,30
31667.0,0,-0.758,34.1,31
48790.0,1,-0.181,40.6,24
8877.0,0,-1.681,26.1,15
21674.0,0,-0.904,42.7,16
45136.0,0,0.83,50.2,22
21123.0,0,-2.135,39.5,20
29671.0,0,-0.9,24.2,29
40457.0,0,-0.104,29.8,19
55617.0,0,-0.097,53.6,19
31433.0,0,-0.036,44.6,29
36715.0,1,-0.767,33.7,29
54016.0,0,0.906,32.5,30
24610.0,0,-2.368,39.4,28
55608.0,1,0.413,37.9,26
28276.0,1,-1.518,45.6,35
31300.0,0,-0.73,41.2,27
37153.0,0,-0.077,43.1,28
73197.0,1,1.606,54.1,21
20676.0,0,-0.916,33.8,16
18908.0,0,-1.453,23.8,21
57663.0,1,0.972,32.3,21
48264.0,0,-0.087,49.1,21
44379.0,0,0.01,38.1,30
44307.0,0,0.559,34.3,22
57450.0,1,1.001,34.7,28
41120.0,0,0.157,18.0,25
17240.0,0,-2.116,37.3,19
42483.0,1,-0.209,26.3,27
56457.0,0,0.019,53.8,19
31000.0,0,-1.162,28.0,27
38313.0,1,-1.028,27.6,31
50665.0,0,0.636,31.7,29
67552.0,0,0.243,44.5,22
37412.0,0,-0.909,26.2,25
40873.0,0,0.562,38.7,22
57108.0,0,0.133,27.4,32
24217.0,1,-1.297,61.8,30
27869.0,0,-0.277,46.4,23
33931.0,0,-1.318,36.4,23
25485.0,1,-0.868,34.6,29
46477.0,0,0.3,41.2,21
25389.0,0,-1.229,22.9,19
35131.0,0,-1.251,39.7,23
45877.0,0,0.376,53.2,23
39558.0,0,-1.012,22.7,23
38993.0,0,-0.276,24.6,24
38918.0,0,-0.255,24.5,28
44017.0,0,-0.164,40.1,24
55338.0,0,0.38,31.8,19
38839.0,0,-0.436,39.2,24
33365.0,0,-0.779,50.9,25
55698.0,1,-0.465,41.7,28
45015.0,0,1.165,34.1,21
65013.0,0,0.932,49.3,24
48515.0,0,-0.055,24.2,27
63616.0,1,1.232,32.4,27
47990.0,1,0.711,46.1,30
23086.0,0,-1.076,37.4,20
51036.0,0,1.515,58.0,29
82287.0,0,2.807,22.0,23
48959.0,1,0.364,27.3,26
32098.0,0,-1.624,37.8,27
70301.0,1,1.504,38.5,21
48772.0,1,0.611,47.5,25
47234.0,0,-0.107,42.1,26
30115.0,0,-2.038,45.3,18
43597.0,0,-0.104,44.3,30
38214.0,1,-0.301,26.7,17
46139.0,0,-0.317,35.0,26
29568.0,0,-0.422,32.8,22
55023.0,0,0.964,58.9,30
40505.0,0,-0.422,39.1,27
53750.0,1,0.433,48.5,20
14277.0,0,-1.911,36.1,21
29354.0,0,-0.991,40.5,24
36736.0,0,-0.007,43.6,29
42593.0,0,-0.893,30.5,28
56954.0,0,0.039,31.6,23
47468.0,0,-0.049,42.2,19
33409.0,1,0.191,42.6,20
47855.0,0,-0.329,49.0,29
51701.0,0,0.642,32.7,20
25393.0,0,-1.363,46.4,22
24532.0,1,-0.398,48.2,25
71616.0,1,1.532,34.1,36
42255.0,0,-0.415,30.3,20
61446.0,0,1.541,30.8,19
61407.0,0,0.353,41.8,24
24194.0,0,-0.236,17.3,25
62393.0,0,0.094,52.1,15
69375.0,1,1.606,16.6,27
22747.0,0,-0.311,29.2,21
25434.0,1,-1.111,33.2,21
72441.0,1,0.506,37.3,16
57672.0,0,0.725,30.4,26
57640.0,1,0.862,23.3,39
27341.0,1,-1.523,33.5,27
58140.0,1,0.404,54.2,34
51717.0,0,0.073,35.9,31
48215.0,0,-0.244,47.6,23
44187.0,1,-0.47,27.7,16
44100.0,0,0.472,42.8,22
43350.0,0,-0.065,54.3,21
50782.0,1,-0.044,40.0,19
82178.0,1,2.005,27.3,27
55961.0,0,0.059,49.2,29
33152.0,0,-1.159,50.8,20
23960.0,0,-0.922,48.8,18
26196.0,0,-0.763,34.6,23
24660.0,0,-1.616,36.6,25
48534.0,0,1.087,34.1,27
56169.0,1,1.861,32.7,26
42951.0,0,-0.634,13.9,25
54389.0,1,0.907,43.9,23
45613.0,0,-0.755,36.7,31
43219.0,1,-0.69,21.3,19
35639.0,0,-1.757,44.2,22
33585.0,1,-0.063,21.1,19
46786.0,1,1.231,42.3,30
54256.0,0,1.261,44.8,25
56736.0,1,0.525,51.9,22
33683.0,1,-0.272,22.3,24
68666.0,1,1.203,35.9,23
59085.0,0,1.739,42.0,24
34497.0,1,-0.77,28.6,31
49729.0,0,0.265,45.4,34
45304.0,1,-0.054,32.1,27
43273.0,1,-0.646,49.0,25
33975.0,0,-1.179,39.2,27
43361.0,0,-0.835,47.8,25
58778.0,0,0.11,43.2,22
43350.0,0,0.255,31.4,30
64977.0,1,0.14,40.4,30
58458.0,1,1.281,42.7,25
46062.0,0,-0.69,41.6,27
32311.0,0,-1.261,47.8,19
41166.0,0,-1.181,42.8,21
44444.0,0,0.395,47.9,30
41706.0,0,-0.54,31.0,20
29956.0,0,-1.65,51.4,26
67278.0,1,0.925,43.0,20
62389.0,0,1.4,33.9,34
50635.0,0,0.181,38.8,28
55563.0,0,0.644,28.4,20
23664.0,0,-1.397,31.0,22
49130.0,0,-1.414,46.7,23
45462.0,1,0.163,48.1,28
59205.0,1,0.21,35.4,19
43722.0,0,-0.193,18.1,22
47833.0,0,-0.289,27.9,22
36007.0,0,-0.629,44.9,27
49885.0,0,1.443,42.0,23
38267.0,0,-0.857,42.3,18
51987.0,0,-0.133,26.4,30
49614.0,1,1.039,34.6,30
32591.0,0,-1.02,41.0,16
26362.0,1,0.144,42.9,23
60451.0,0,-0.114,33.5,29
56253.0,0,0.618,35.7,21
13430.0,0,-2.445,41.3,15
35694.0,0,-0.297,30.4,18
44665.0,0,-0.785,28.0,29
49515.0,1,1.091,44.5,25
48984.0,1,-0.056,38.7,36
50410.0,0,-0.563,25.2,27
61785.0,1,0.886,49.8,33
48935.0,1,0.64,53.4,29
65143.0,0,1.017,43.5,35
60926.0,1,1.084,35.6,25
58423.0,1,0.77,39.4,22
33228.0,1,-0.572,42.5,33
45177.0,0,0.298,33.1,20
46258.0,1,0.297,41.7,22
44776.0,1,0.361,29.5,11
43612.0,1,0.338,36.9,23
54711.0,0,0.093,24.4,34
50373.0,0,-0.419,32.2,25
58786.0,1,-0.072,34.1,29
14831.0,0,-0.981,16.9,25
27445.0,0,-0.898,38.2,20
49786.0,1,0.724,40.9,24
34735.0,0,-0.319,44.7,31
57724.0,1,0.092,43.3,21
34470.0,1,-0.538,38.0,21
27204.0,0,-1.632,25.8,24
36901.0,0,-0.401,49.9,19
77272.0,1,1.615,35.0,28
50204.0,0,-0.104,19.5,33
27961.0,0,-0.682,28.3,21
55920.0,0,0.693,35.6,22
34914.0,0,-0.484,41.0,28
33219.0,0,-0.613,38.7,24
23786.0,1,-1.564,51.5,17
29948.0,0,-1.717,22.4,25
49086.0,1,0.415,35.3,25
37101.0,0,0.137,23.7,31
40476.0,0,0.037,26.3,25
59133.0,1,0.691,47.6,13
37128.0,0,-0.46,37.8,20
58828.0,0,0.018,55.8,23
26057.0,0,-0.869,50.1,20
43492.0,0,-0.863,46.7,26
39242.0,1,-0.75,44.9,29
68476.0,1,0.966,30.0,27
70058.0,1,0.705,32.0,32
23785.0,0,-1.009,35.1,18
38093.0,0,-0.321,31.2,22
43345.0,0,0.118,36.6,27
47510.0,0,-0.808,55.8,20
53766.0,1,0.673,41.6,34
29490.0,0,-0.788,34.8,23
48963.0,1,-0.338,33.1,23
37166.0,0,-0.338,39.4,31
26939.0,0,-1.85,51.4,24
24119.0,0,-1.755,39.3,22
37275.0,0,-0.867,34.3,19
53412.0,1,1.181,52.4,24
57092.0,0,0.577,34.7,25
41765.0,0,0.447,28.8,11
44957.0,0,-0.63,32.0,28
28675.0,0,-0.472,32.9,13
43795.0,1,0.04,29.2,29
47523.0,1,0.264,39.8,22
17810.0,0,-1.526,54.5,17
44235.0,0,-0.717,36.3,35
47078.0,0,-0.774,21.0,18
74719.0,1,1.305,42.1,39
35167.0,0,-0.551,44.4,13
39809.0,0,-0.825,30.5,20
49523.0,0,0.808,29.2,22
32870.0,0,-0.448,45.7,30
56883.0,0,0.923,59.1,25
30134.0,0,-0.974,33.3,22
74946.0,1,1.875,58.1,31
44592.0,0,-0.091,54.1,24
48309.0,1,0.13,42.2,26
31236.0,0,-0.247,34.4,24
33177.0,0,-0.056,19.4,26
49566.0,1,0.011,40.6,21
32383.0,0,-0.339,28.1,26
58811.0,0,1.232,50.2,26
22478.0,0,-2.263,34.4,32
24202.0,0,-1.222,48.6,28
43602.0,0,-0.383,31.7,26
51103.0,0,-0.141,44.4,24
73255.0,1,1.432,33.9,27
52035.0,0,0.544,46.6,28
47093.0,1,-0.009,25.5,21
42622.0,1,-0.812,31.8,34
67839.0,1,1.956,30.0,22
57967.0,1,0.862,37.0,26
80047.0,1,2.544,60.6,18
30290.0,0,-1.498,40.8,32
65641.0,1,1.717,34.6,26
48528.0,1,-0.105,29.6,22
33852.0,0,-0.859,61.6,21
49670.0,0,0.124,59.4,26
40085.0,1,0.114,38.1,26
34459.0,0,-0.318,26.5,28
28990.0,0,-1.454,18.5,25
60626.0,1,-0.353,48.0,23
42858.0,0,-1.287,52.1,24
54123.0,0,0.086,29.0,17
33036.0,0,-1.365,37.8,20
43499.0,1,0.215,42.0,19
40918.0,0,-0.416,44.6,19
66914.0,1,0.951,27.5,22
48884.0,0,-0.792,32.5,19
13568.0,0,-1.362,31.3,16
23734.0,0,-1.414,23.9,31
36489.0,0,0.256,41.9,21
90620.0,1,3.932,31.9,26
29477.0,0,-1.392,52.8,21
32768.0,0,-0.639,42.1,19
64532.0,1,1.527,33.8,32
54309.0,1,0.638,36.4,23
64104.0,1,1.253,33.5,35
64673.0,1,0.287,64.2,35
54907.0,1,0.463,35.7,16
51330.0,0,0.027,29.1,31
15347.0,0,-1.14,34.5,24
49854.0,1,0.184,32.5,26
5741.0,0,-1.005,29.5,21
35544.0,0,0.595,44.3,21
14964.0,0,-2.763,41.0,23
19327.0,0,-2.119,40.0,27
44151.0,0,-0.196,47.6,26
36758.0,0,0.036,48.5,22
65423.0,0,1.785,33.9,25
34956.0,1,-0.888,49.6,28
64118.0,0,0.558,42.1,25
18783.0,0,-1.884,37.0,27
92415.0,1,2.295,42.4,37
-2275.0,0,-2.694,38.5,20
58087.0,0,1.421,26.1,22
44991.0,1,-0.465,36.1,21
22535.0,0,-1.924,20.9,31
40770.0,0,-0.68,43.3,24
54183.0,1,0.765,26.8,21
52099.0,1,-0.269,39.1,25
38248.0,0,-0.973,39.6,30
46682.0,0,0.044,28.3,27
37636.0,0,-0.143,48.4,23
59347.0,1,0.777,32.5,19
63877.0,1,0.543,40.2,21
40589.0,0,-0.616,30.0,18
31638.0,0,-0.92,46.8,18
41128.0,0,-0.104,53.7,21
41582.0,0,-0.305,42.9,29
52752.0,1,0.114,43.8,23
29944.0,0,-1.179,31.1,25
42427.0,1,-0.026,41.3,25
30805.0,0,-0.973,34.7,21
57249.0,1,0.413,52.9,19
42847.0,0,0.117,31.8,21
60683.0,0,-0.399,44.0,22
31800.0,0,-1.731,40.4,32
41738.0,0,0.976,52.7,16
39016.0,0,-1.004,44.9,24
38188.0,0,-0.629,18.8,27
41216.0,0,-0.236,51.6,34
45532.0,1,0.26,28.6,24
50216.0,1,-0.695,46.3,23
32676.0,1,-0.672,21.2,24
35317.0,0,-1.577,38.3,24
64069.0,0,0.899,43.8,38
36111.0,0,-0.639,12.9,26
30501.0,0,-0.614,22.7,20
2754.0,0,-2.228,61.2,25
44439.0,1,-0.734,35.3,18
45336.0,0,0.738,56.6,21
67156.0,1,0.917,40.0,25
26674.0,0,-1.18,31.9,21
37200.0,1,-0.081,33.6,28
57695.0,1,0.492,34.6,27
25418.0,0,-1.564,36.7,22
37525.0,1,-0.516,43.8,21
58727.0,0,0.573,38.0,25
50509.0,1,0.965,51.1,24
23658.0,0,-1.581,38.0,24
45840.0,1,-1.239,29.6,25
63240.0,0,1.031,42.8,30
32198.0,0,-0.537,34.7,23
65203.0,0,0.227,48.6,30
40373.0,0,-1.297,40.4,33
68797.0,0,1.035,32.4,16
45017.0,0,0.257,42.2,15
62634.0,0,1.282,31.1,24
32403.0,0,-1.078,37.8,28
45113.0,0,-0.682,26.6,12
37563.0,1,-1.357,60.0,22
29401.0,0,-1.376,35.1,22
31600.0,1,-1.479,27.2,30
36433.0,1,0.012,15.4,17
26470.0,1,-1.095,52.2,24
46949.0,0,-0.213,54.0,26
34004.0,0,-0.892,41.0,28
37953.0,0,0.152,30.3,19
50115.0,0,0.624,39.9,27
