purchase,coupon,loyalty,age,months
29704.0,0,0.189,34.9,23
27834.0,1,-0.523,34.3,16
42969.0,1,-0.413,40.0,21
22756.0,1,-2.441,42.0,29
68243.0,0,1.8,40.9,26
46886.0,1,1.144,42.3,20
40626.0,0,-0.325,30.8,32
69961.0,0,0.774,42.7,33
51396.0,1,0.281,46.5,13
47572.0,1,-0.554,39.5,26
70470.0,1,0.978,37.1,26
27579.0,0,-0.311,31.7,19
40607.0,1,-0.329,40.3,24
38155.0,1,-0.792,26.4,27
70731.0,1,0.455,33.9,26
48262.0,1,-0.099,36.5,15
64885.0,0,0.545,15.5,20
35616.0,0,-0.607,40.4,21
21588.0,0,0.127,22.9,23
32859.0,0,-0.892,29.2,23
49255.0,1,0.841,29.1,30
60197.0,0,0.188,33.9,18
44391.0,1,0.331,35.3,19
58720.0,0,0.411,43.0,25
34689.0,0,-1.011,26.6,34
62226.0,1,0.783,33.2,34
71543.0,1,2.057,41.1,20
38323.0,1,-1.638,31.5,23
16809.0,0,-1.729,30.0,21
40658.0,0,-1.505,39.5,26
56797.0,1,0.841,43.8,17
53079.0,0,0.129,42.4,16
49638.0,1,1.078,24.3,27
50996.0,1,0.722,38.4,28
41179.0,0,0.211,36.7,21
51811.0,0,0.284,53.9,30
35114.0,0,-0.17,36.8,27
61890.0,1,0.868,34.5,24
27049.0,1,-1.13,50.9,22
45489.0,0,-0.422,30.1,31
48135.0,1,0.243,49.7,19
71931.0,1,1.801,49.7,27
39969.0,0,-0.764,36.5,21
34965.0,0,-1.079,40.1,16
41892.0,1,-0.563,43.7,25
74708.0,1,0.969,59.4,24
55437.0,1,-0.235,40.1,19
58862.0,1,1.324,34.2,14
34223.0,0,-1.873,44.9,18
51869.0,0,1.129,39.5,34
65517.0,0,1.035,30.7,32
26389.0,0,-1.419,38.7,30
38221.0,1,0.154,42.4,23
58459.0,1,1.216,50.3,20
41853.0,0,0.088,44.2,22
55075.0,1,1.0,43.9,34
79669.0,1,2.375,33.1,22
60286.0,1,0.274,48.6,25
46886.0,1,-0.28,31.8,29
42537.0,0,-0.771,31.3,24
51819.0,1,0.648,33.8,17
53535.0,1,-0.197,30.4,28
40199.0,1,-0.179,39.4,16
43528.0,0,-0.105,45.0,17
45081.0,1,0.65,39.0,19
32839.0,0,-1.066,34.5,17
29533.0,0,-1.53,40.8,18
19289.0,1,-2.434,33.3,29
54611.0,0,1.199,48.0,22
40148.0,0,0.074,52.8,24
52084.0,0,1.51,36.0,18
54265.0,1,-0.009,35.4,31
40040.0,0,-0.742,48.3,22
61072.0,1,0.478,60.8,21
51878.0,1,-0.077,36.5,25
32516.0,1,-1.254,51.9,27
37993.0,1,-0.885,43.9,29
57178.0,1,1.767,30.1,22
45980.0,1,0.354,38.7,23
52320.0,1,0.416,42.3,26
46615.0,1,-0.277,34.7,30
34718.0,0,-0.69,57.6,27
57658.0,0,0.892,15.5,29
47303.0,1,-0.105,33.3,22
35441.0,0,-0.759,33.1,18
42955.0,0,-0.134,30.8,19
45224.0,0,-0.906,31.5,23
53409.0,0,0.19,38.6,24
58563.0,1,1.129,43.1,24
31392.0,0,-0.836,38.9,28
62915.0,0,1.429,44.5,29
33431.0,1,-0.668,36.5,29
66445.0,0,0.153,28.0,24
34718.0,1,-0.836,31.3,23
37027.0,0,-0.222,50.2,27
44099.0,1,0.047,32.4,19
50453.0,1,-0.435,33.9,26
34119.0,0,-0.703,41.8,33
26915.0,1,-0.678,43.7,14
48474.0,1,-0.821,37.5,26
40197.0,1,-1.57,46.0,22
50303.0,0,-0.263,52.1,21
34389.0,1,0.401,54.1,24
49890.0,0,0.908,40.1,29
49919.0,1,0.647,24.9,25
74074.0,1,2.457,27.8,19
56401.0,1,0.319,27.8,22
37816.0,0,-0.456,41.1,26
75685.0,1,1.872,50.1,31
32141.0,1,-1.047,42.7,28
58782.0,1,0.968,47.0,21
30967.0,0,-0.955,67.8,23
63957.0,1,0.354,26.4,20
25841.0,0,-1.968,51.1,35
49621.0,1,0.899,38.0,21
31977.0,1,-0.158,32.2,18
37842.0,1,-0.968,34.4,29
70612.0,1,1.678,35.2,22
59459.0,0,0.765,57.4,23
48742.0,1,0.046,42.3,20
40640.0,1,-0.745,52.1,17
35341.0,0,-0.043,25.4,24
53545.0,0,-0.164,53.3,24
51518.0,0,0.725,42.9,28
52104.0,0,0.798,47.7,20
32452.0,0,-0.668,29.4,30
30113.0,0,-0.549,44.2,29
23915.0,0,-0.532,39.8,20
33001.0,1,-1.349,36.5,23
40099.0,1,-0.592,38.8,19
49614.0,1,-0.092,40.4,32
55133.0,1,0.691,42.0,24
64400.0,0,1.32,30.5,22
44872.0,1,-0.808,46.2,29
54298.0,1,0.551,26.1,20
41072.0,0,-0.444,28.6,28
73215.0,1,2.075,21.7,29
32628.0,0,-0.049,11.2,28
55794.0,0,0.502,55.4,26
26897.0,0,-0.936,55.5,21
47109.0,1,-0.811,33.3,32
52572.0,1,0.202,33.8,34
35958.0,1,-0.384,28.9,24
49897.0,0,0.353,38.4,19
18290.0,0,-1.562,37.6,20
46728.0,0,0.662,27.0,33
31675.0,1,-0.899,37.2,16
53319.0,1,1.722,24.1,23
44398.0,1,-0.288,35.5,27
67210.0,1,1.097,49.3,27
45609.0,1,-1.395,44.8,12
64391.0,1,0.429,40.2,29
35640.0,0,-0.888,35.2,27
43870.0,0,-0.487,57.3,23
62001.0,1,0.025,35.7,25
49986.0,1,-0.317,16.5,23
38529.0,0,0.264,34.7,15
50595.0,0,0.748,15.1,21
46744.0,1,0.653,37.5,17
29777.0,1,-0.087,35.7,21
22008.0,0,-1.363,52.4,32
33902.0,0,-0.805,51.7,25
44648.0,1,-0.196,34.9,28
3018.0,0,-2.122,36.0,29
57451.0,0,0.752,45.2,29
37387.0,0,-0.24,27.7,24
32211.0,1,-0.251,30.2,15
67908.0,1,0.948,52.5,29
55282.0,0,0.668,28.0,30
37754.0,0,0.221,40.2,21
36258.0,0,-1.001,62.4,30
52560.0,1,0.31,34.3,23
35228.0,0,0.346,57.3,16
51419.0,1,-0.885,25.1,18
63216.0,0,1.043,29.7,22
68000.0,0,0.508,52.1,26
33316.0,1,-1.97,45.6,19
43772.0,0,0.122,38.8,21
35970.0,1,-1.265,37.7,17
59596.0,0,1.136,49.2,23
64479.0,1,0.807,57.1,31
46018.0,1,-1.104,27.0,25
43652.0,1,-0.885,34.8,26
55867.0,1,0.102,48.1,25
42502.0,1,-0.239,35.7,23
51978.0,0,1.525,48.2,32
54866.0,1,0.741,29.4,26
54370.0,1,-0.282,52.7,25
51465.0,0,0.577,46.3,22
21565.0,0,-2.032,41.6,35
49787.0,0,0.31,42.5,20
44767.0,0,0.866,55.0,26
50836.0,0,-0.179,27.5,30
44157.0,0,-0.71,42.1,12
61720.0,1,0.566,30.6,29
73414.0,0,1.959,30.4,30
56286.0,1,0.205,53.2,35
25639.0,1,-1.121,43.5,16
64108.0,1,1.446,41.2,24
32359.0,1,-1.879,46.2,21
61315.0,1,0.503,33.9,28
48928.0,1,-0.582,51.2,21
46921.0,0,0.931,34.8,31
50367.0,0,-0.849,45.4,27
52972.0,0,1.324,40.0,25
44299.0,1,0.3,48.3,16
36312.0,0,-1.727,30.1,16
26005.0,0,-1.974,46.8,21
55752.0,0,-0.316,47.2,20
54331.0,0,1.294,40.3,19
45896.0,1,0.127,34.1,23
36484.0,0,0.067,28.5,19
50185.0,1,-0.236,34.6,19
57062.0,0,0.738,42.3,34
60955.0,1,0.377,34.1,28
46226.0,0,0.28,22.3,21
42048.0,0,-0.985,45.0,22
70655.0,1,1.188,43.7,19
61349.0,1,1.363,34.8,32
36853.0,1,-1.301,25.7,26
74139.0,0,2.301,32.4,24
48615.0,1,0.723,33.4,19
33962.0,0,-0.488,31.9,24
16391.0,1,-1.904,40.0,25
41703.0,0,0.657,18.5,28
40639.0,1,0.558,38.4,19
34485.0,0,-0.596,34.6,23
26637.0,0,-1.791,46.5,26
51598.0,1,1.124,29.1,24
53025.0,1,-0.588,36.6,29
40417.0,1,-0.472,34.4,29
74507.0,1,2.846,17.8,18
81230.0,0,2.128,60.4,33
54472.0,1,0.954,34.9,24
37472.0,1,-0.455,42.5,20
59364.0,1,0.649,38.8,16
34402.0,1,-2.281,36.2,26
48649.0,0,0.107,37.2,22
45914.0,0,-0.76,18.5,26
10103.0,1,-1.286,41.7,21
16393.0,1,-1.583,32.6,20
55553.0,1,0.525,35.5,27
51285.0,0,0.089,49.2,21
42239.0,1,0.16,38.4,25
57656.0,1,0.842,57.7,18
23354.0,0,-0.846,50.6,29
33259.0,0,-1.236,44.6,23
34951.0,0,-1.776,42.4,22
34022.0,1,-0.335,28.6,19
68634.0,1,0.76,60.8,19
45092.0,1,-0.149,55.9,26
63952.0,1,0.641,37.3,25
34650.0,1,-1.181,39.6,42
49438.0,1,-0.469,23.9,26
47272.0,1,-0.766,51.0,21
32904.0,0,-1.248,41.8,30
69720.0,0,1.859,41.8,29
68651.0,1,0.852,36.0,21
22906.0,0,-0.762,37.6,23
33279.0,0,-0.766,35.9,25
54038.0,1,-0.057,34.5,20
21364.0,0,-1.442,34.3,29
54381.0,1,0.436,33.3,24
21849.0,1,-1.294,56.9,23
40148.0,1,-0.37,62.2,31
10331.0,0,-1.025,18.9,23
33985.0,0,-0.48,37.8,35
37193.0,1,-1.331,31.9,18
36364.0,0,-1.573,31.9,28
22813.0,0,-0.966,45.4,22
34320.0,1,-0.68,5.1,24
46670.0,1,-0.295,46.0,22
54904.0,1,0.069,18.6,32
60948.0,0,1.527,39.6,31
50696.0,0,0.812,33.3,21
47034.0,1,-0.253,30.9,34
38225.0,0,0.726,37.1,27
32168.0,0,-0.689,26.8,26
78017.0,1,1.448,55.8,32
72002.0,1,0.549,20.5,21
25784.0,0,-1.356,21.3,22
58065.0,0,0.755,35.9,26
42926.0,0,0.816,37.6,18
11380.0,1,-2.686,50.8,25
35283.0,1,-0.748,36.0,33
39006.0,0,-0.474,25.8,25
15969.0,0,-1.929,31.8,34
42536.0,1,-1.067,29.7,24
34208.0,1,-0.948,33.8,21
57095.0,1,0.507,42.6,22
50261.0,1,0.3,34.3,26
84364.0,1,2.626,30.9,33
54773.0,1,-0.394,43.9,23
52558.0,0,1.153,28.0,21
46754.0,1,0.079,36.9,18
52015.0,0,0.271,40.9,27
40477.0,1,-1.16,31.0,29
16545.0,1,-1.911,48.3,17
35970.0,1,-0.767,35.3,22
58175.0,0,0.762,55.5,25
71430.0,1,1.583,35.1,29
72097.0,1,0.604,32.6,18
50760.0,1,0.498,25.9,26
35545.0,1,-0.839,38.5,25
74923.0,0,1.534,44.1,19
69105.0,1,1.344,22.3,23
47374.0,0,-0.531,18.7,26
29028.0,0,-0.046,24.6,21
29204.0,1,-0.996,37.3,24
56849.0,0,1.467,37.2,18
43718.0,0,0.406,27.9,24
46827.0,1,-0.095,32.9,17
51724.0,1,0.407,36.8,25
48015.0,0,0.441,41.5,22
35892.0,1,-0.411,25.3,23
18786.0,0,-1.242,19.1,24
41382.0,0,-1.284,32.6,24
30182.0,0,-1.738,54.8,24
38109.0,0,0.461,32.2,27
79554.0,0,2.219,33.2,25
32507.0,1,-1.699,38.8,20
38122.0,0,0.138,20.3,25
39938.0,0,0.411,44.2,25
34658.0,0,-0.985,29.0,27
52912.0,1,0.204,19.0,20
41342.0,0,-1.097,35.2,23
64867.0,1,1.2,35.4,29
29371.0,0,-0.594,47.5,17
45828.0,1,0.101,42.8,23
60736.0,1,0.684,33.0,25
53683.0,1,-0.43,46.5,33
14463.0,0,-1.791,45.9,24
45538.0,0,-0.531,55.8,19
44124.0,0,0.763,30.4,26
32702.0,1,-0.085,39.2,23
64522.0,1,0.23,30.4,28
33439.0,0,-1.08,40.1,27
64414.0,1,0.143,51.7,22
61203.0,1,0.728,47.7,18
45777.0,1,0.036,35.1,27
74569.0,0,1.908,14.3,21
44567.0,0,-0.208,31.3,21
37061.0,0,-1.041,35.2,25
13826.0,0,-1.618,42.1,16
63613.0,1,1.152,50.3,28
44990.0,1,-0.059,49.2,21
50509.0,1,1.012,41.5,33
50174.0,1,0.458,47.5,20
70672.0,1,1.625,29.3,25
58105.0,0,1.266,30.3,20
49552.0,1,-0.378,51.3,26
56305.0,1,0.274,41.3,18
51226.0,1,1.085,47.4,13
33730.0,1,-1.236,46.6,24
57930.0,0,1.451,44.6,23
52918.0,0,1.212,36.2,23
68150.0,0,0.983,46.1,21
44249.0,0,-0.201,38.0,23
54238.0,0,0.302,46.7,23
33790.0,0,-1.117,48.0,22
38622.0,0,0.058,36.7,18
38909.0,0,-0.587,57.2,26
45197.0,0,0.087,39.0,21
32705.0,0,-0.495,52.4,16
54178.0,1,0.284,27.2,28
62245.0,0,1.179,46.9,16
29996.0,1,-1.31,26.1,19
63624.0,0,0.925,28.8,25
6768.0,1,-1.992,23.1,28
26136.0,1,-2.161,35.2,26
41822.0,0,-0.119,38.7,27
38300.0,1,0.007,33.1,12
62234.0,1,0.443,60.7,26
28192.0,0,-1.647,47.6,16
42011.0,0,-0.06,28.1,16
44179.0,1,0.127,38.6,28
64331.0,0,1.255,36.1,23
54023.0,0,-0.104,41.3,22
60921.0,0,0.529,38.2,25
29648.0,1,-0.977,24.1,17
31494.0,1,-0.188,56.9,18
43045.0,0,-0.446,50.1,23
50500.0,0,0.703,44.5,25
22171.0,1,-0.989,50.0,17
45637.0,1,-0.834,42.3,25
56115.0,1,0.576,31.4,17
56529.0,0,1.789,27.0,37
63707.0,1,0.383,44.7,20
33275.0,0,0.304,29.8,23
38535.0,0,-0.346,34.7,32
67240.0,0,1.088,26.9,26
54961.0,1,0.54,44.8,16
62319.0,0,1.733,34.5,19
55533.0,1,0.331,40.5,29
50342.0,1,-0.949,34.4,32
32627.0,1,-0.57,26.9,26
34537.0,0,-0.987,43.5,21
30739.0,1,-1.251,37.4,24
53261.0,1,1.264,30.1,24
67090.0,0,0.807,46.2,35
23464.0,1,-1.239,50.5,34
69998.0,0,1.781,56.1,25
51257.0,1,0.245,46.3,20
23345.0,0,-0.957,41.2,14
43898.0,0,0.386,48.0,23
38477.0,1,-0.069,30.7,25
49828.0,0,-0.773,37.9,27
13917.0,1,-1.943,39.4,18
33228.0,1,0.037,21.6,22
65262.0,0,0.292,43.9,32
14681.0,0,-2.579,47.8,21
53255.0,0,0.555,36.3,15
52620.0,1,0.618,50.1,25
42032.0,1,-0.47,28.9,28
40200.0,0,0.112,48.2,19
50628.0,1,-0.281,48.9,28
42316.0,1,-0.837,33.3,28
37978.0,1,-0.36,38.9,30
64302.0,1,1.352,33.6,25
32895.0,1,-1.451,27.0,28
52542.0,0,0.237,24.4,15
45625.0,0,0.184,27.1,25
39252.0,0,-0.708,41.4,23
47373.0,0,-0.44,22.0,14
23948.0,0,-1.4,36.4,25
38100.0,0,-0.852,62.5,25
62768.0,1,0.015,44.8,22
48288.0,0,0.327,40.0,25
28986.0,0,-0.898,33.2,20
96898.0,1,3.056,15.0,25
30813.0,0,-0.57,45.8,26
64079.0,1,0.127,47.5,17
52729.0,1,-0.231,36.3,24
35418.0,1,-0.4,29.6,18
66128.0,0,1.301,37.5,23
44360.0,0,-0.479,29.8,26
72185.0,1,1.334,47.1,22
45191.0,1,1.142,36.6,28
27427.0,1,-1.046,45.0,30
59727.0,1,1.035,28.7,25
37220.0,1,-0.65,23.3,20
83130.0,1,2.736,13.7,14
28931.0,0,-0.386,40.6,17
27726.0,1,-0.941,23.8,22
37569.0,0,-1.911,49.7,26
40562.0,0,-1.293,37.8,27
41968.0,0,-0.581,37.8,25
28642.0,1,-0.998,19.3,22
36712.0,1,-1.229,44.9,20
42707.0,1,-0.695,43.7,25
45712.0,0,-0.207,51.8,15
70814.0,0,1.449,34.2,24
30595.0,0,-1.703,40.4,18
37524.0,0,-0.552,41.7,30
38194.0,1,-0.954,44.9,21
28649.0,0,-1.515,46.8,23
23820.0,1,-1.266,40.6,19
31881.0,0,-0.906,42.7,31
62570.0,1,0.717,45.4,28
38297.0,1,-0.194,52.4,22
32924.0,0,-0.538,47.9,21
56422.0,0,0.611,41.7,21
65082.0,1,0.281,36.7,22
34003.0,0,-0.223,34.1,14
58983.0,1,0.384,46.1,31
28125.0,1,-0.828,29.5,41
52346.0,1,0.627,28.4,22
33960.0,0,0.467,38.2,19
44665.0,1,-0.412,33.4,30
26292.0,1,-1.219,35.9,16
56993.0,0,1.52,42.0,25
56267.0,1,0.094,37.3,27
95076.0,0,3.051,41.4,34
44565.0,0,-0.653,41.7,24
49162.0,0,0.853,38.1,27
50017.0,1,-0.434,30.6,33
41966.0,0,0.254,44.6,24
61913.0,0,0.833,39.1,29
25703.0,1,-0.799,33.2,26
40404.0,0,-0.1,29.4,24
52936.0,0,0.161,39.0,20
45135.0,0,0.113,57.4,22
54138.0,0,0.596,38.9,25
64694.0,1,1.026,46.6,30
50317.0,0,0.834,34.4,25
52879.0,0,0.263,31.1,20
37757.0,0,-0.347,49.6,19
32368.0,0,-1.13,42.0,19
43688.0,0,-0.735,27.9,26
41451.0,1,-0.529,50.2,25
39164.0,1,0.683,37.5,13
38831.0,1,-0.364,49.4,18
32962.0,0,-1.242,50.5,24
43084.0,1,0.626,37.7,21
24708.0,1,-0.803,30.6,30
33396.0,1,-0.766,51.6,30
40996.0,0,-0.226,59.7,21
54519.0,1,0.473,41.4,22
8310.0,0,-2.413,23.6,18
35428.0,1,-1.121,34.6,21
44952.0,0,0.176,44.4,27
34877.0,1,-0.364,20.8,21
31347.0,1,-0.865,31.5,13
38140.0,0,-0.541,30.1,37
64711.0,1,1.385,33.9,19
54380.0,0,-0.456,59.0,19
45987.0,1,0.713,40.6,27
61953.0,1,0.792,55.3,31
37527.0,1,-0.45,41.2,27
63438.0,0,0.443,39.4,33
38535.0,0,-0.45,37.6,25
36437.0,1,-0.61,39.4,25
39180.0,0,-1.126,52.9,21
57727.0,1,0.875,49.0,33
27140.0,0,-0.398,46.3,25
47561.0,1,-0.552,48.7,21
39842.0,1,-1.127,27.8,23
86708.0,1,1.809,32.3,34
70582.0,0,0.742,24.8,26
57300.0,0,-0.133,32.1,25
49262.0,1,-0.695,49.2,30
26938.0,0,-1.53,29.4,29
50146.0,0,0.292,29.6,31
40130.0,0,0.288,32.8,23
28155.0,1,-1.408,25.6,28
65660.0,0,1.162,39.2,32
51171.0,0,0.776,44.8,25
38060.0,0,-0.962,51.0,34
34080.0,1,-0.556,40.5,23
35894.0,0,-0.427,44.4,22
44663.0,0,0.161,49.1,25
35488.0,0,-0.146,33.3,18
35984.0,0,-1.639,33.2,18
68906.0,1,1.474,42.4,23
49207.0,1,0.316,39.8,25
65120.0,0,1.261,36.9,25
58661.0,1,1.255,38.5,27
56679.0,0,-0.208,33.2,24
57362.0,1,0.342,28.6,26
29879.0,0,0.737,40.7,18
48932.0,1,0.77,33.6,25
42465.0,1,-0.164,30.6,17
39440.0,0,-0.618,45.8,23
54630.0,1,0.035,40.2,20
30958.0,0,-0.802,49.9,25
40212.0,0,-0.556,32.8,25
31941.0,1,-2.03,49.9,29
61653.0,1,0.084,57.8,26
39013.0,1,-1.027,34.3,20
50632.0,1,-0.556,33.5,31
32789.0,0,-0.053,30.8,17
44945.0,1,0.314,31.4,26
64795.0,1,1.889,36.3,22
44388.0,0,0.204,41.2,17
20005.0,0,-1.413,33.7,22
59967.0,1,0.131,43.2,31
39615.0,0,-0.596,28.5,29
57741.0,0,0.399,35.3,25
35286.0,1,-0.686,47.3,22
36970.0,1,-0.708,50.6,26
46993.0,1,-0.511,54.9,20
50112.0,0,-0.628,53.3,28
26549.0,1,-1.825,49.6,24
38445.0,1,-0.668,22.7,28
44220.0,1,-0.014,31.8,20
60290.0,1,1.2,33.1,19
38920.0,1,-0.293,37.7,18
56439.0,0,-0.372,42.1,28
62471.0,1,0.58,52.3,21
60737.0,1,0.539,33.4,26
64003.0,0,1.6,12.7,25
53825.0,1,0.585,25.2,27
49544.0,1,-0.019,41.6,22
61005.0,1,1.338,44.3,22
59324.0,0,1.529,27.7,20
32376.0,1,-0.475,47.1,27
49631.0,1,0.158,40.5,31
22752.0,1,-1.681,51.7,23
41177.0,0,-0.364,13.3,24
36767.0,0,-0.884,39.6,23
36151.0,1,-0.214,36.8,22
54202.0,1,-0.482,39.1,27
56923.0,0,-0.166,34.5,29
34963.0,0,-0.103,31.1,23
59471.0,1,0.493,34.9,24
39891.0,0,0.231,25.6,21
38356.0,0,-0.562,15.5,30
35004.0,0,-1.289,44.2,17
65952.0,1,1.235,32.9,28
65068.0,1,1.417,28.6,25
54700.0,0,-0.454,50.5,34
63495.0,1,0.561,35.7,24
26237.0,0,-1.526,36.6,26
34480.0,0,-1.562,44.3,30
48108.0,1,-0.27,34.6,28
68015.0,1,1.472,39.9,27
29529.0,1,-1.047,30.1,18
36579.0,0,-0.834,48.8,24
73064.0,1,1.608,38.8,29
15031.0,1,-1.893,54.5,20
47170.0,0,0.646,44.6,19
54073.0,0,0.488,50.4,24
29565.0,1,-0.206,34.3,34
44644.0,0,0.189,32.9,20
81591.0,1,2.622,47.0,26
39354.0,0,-1.127,46.8,15
31769.0,1,-0.314,36.1,25
44669.0,0,-0.238,44.5,20
33524.0,0,-0.69,36.4,23
40482.0,1,-1.342,43.2,31
54674.0,1,1.593,31.3,22
51986.0,1,0.22,45.9,21
26160.0,1,-1.758,34.2,19
34612.0,0,-0.703,43.3,29
45631.0,0,0.405,35.2,29
48233.0,0,0.403,38.8,23
40537.0,1,-1.44,39.3,25
55584.0,1,-0.091,40.4,25
41420.0,1,0.261,50.7,18
33821.0,1,0.393,55.4,29
74843.0,1,0.395,43.4,23
9601.0,1,-1.823,27.0,21
74601.0,1,1.847,38.3,18
38804.0,0,0.211,28.5,18
70512.0,0,1.806,51.5,21
92108.0,1,2.863,38.7,28
56027.0,1,-0.161,36.4,32
34341.0,0,-1.234,42.1,18
46508.0,0,0.864,34.3,33
27637.0,0,-0.181,44.6,21
63581.0,1,-0.451,41.6,25
22776.0,0,-1.033,26.2,23
66203.0,1,1.688,45.3,27
53020.0,1,-0.443,33.5,28
26816.0,1,-1.4,46.2,33
59460.0,0,-0.448,18.6,25
35326.0,0,-1.157,54.9,19
54183.0,1,0.158,34.5,24
36007.0,1,-0.419,35.5,24
39543.0,1,-1.057,49.8,33
37438.0,0,0.602,31.4,25
33141.0,0,-0.643,47.7,19
58099.0,1,0.724,22.8,19
60362.0,0,1.261,52.2,20
39496.0,0,-0.362,53.3,24
34317.0,1,-0.647,45.7,14
41657.0,0,0.199,24.4,17
58286.0,1,0.891,43.1,24
31406.0,1,-0.003,41.3,23
51487.0,1,0.14,34.6,26
53561.0,1,-0.027,30.4,25
27229.0,0,0.311,34.6,17
61840.0,1,0.629,32.3,26
23398.0,0,-0.706,38.7,35
52025.0,0,-0.483,47.7,20
39133.0,1,0.044,37.6,26
27507.0,0,-0.666,44.3,25
47551.0,1,0.136,39.4,29
54937.0,1,0.536,33.8,28
50272.0,0,-0.022,40.9,29
24434.0,1,-0.604,37.3,21
26523.0,0,-0.777,43.8,18
79540.0,0,1.751,56.1,28
60485.0,1,0.879,21.8,28
35177.0,1,-1.12,41.5,25
33817.0,0,-0.841,20.6,15
62162.0,0,1.874,36.6,16
62559.0,0,1.511,25.0,19
32257.0,0,0.128,42.8,18
69224.0,0,1.158,54.7,24
22842.0,0,-1.487,31.8,20
45629.0,0,0.001,41.0,16
36636.0,1,0.741,29.3,17
30119.0,1,-1.86,39.9,31
30999.0,0,-0.783,51.3,30
55394.0,1,0.783,28.6,20
54294.0,0,1.132,32.6,22
32785.0,0,-0.593,23.5,35
53437.0,0,0.29,40.8,27
69584.0,1,1.601,42.5,15
42335.0,0,-0.382,33.5,20
42821.0,1,-1.333,44.0,28
38737.0,0,-0.061,22.1,19
39666.0,0,-0.393,41.1,23
61584.0,1,1.301,35.9,19
44395.0,0,0.16,23.1,35
37473.0,1,-0.802,22.6,25
71636.0,0,2.401,28.6,34
40508.0,0,-0.5,43.5,28
41574.0,1,0.472,47.5,29
50893.0,0,0.676,40.7,22
56019.0,1,0.784,49.1,23
46594.0,0,0.173,37.6,24
66912.0,0,0.587,29.8,26
41859.0,1,-0.068,49.6,26
38990.0,1,-1.419,41.6,34
50155.0,1,-0.22,26.0,24
50317.0,0,-0.198,33.1,23
39954.0,1,-0.178,45.1,26
58967.0,1,0.136,46.8,24
37465.0,0,-0.625,40.8,31
35555.0,0,1.323,28.1,22
72978.0,1,1.567,38.5,16
24479.0,1,-2.2,53.6,20
48506.0,1,0.009,44.7,27
42528.0,1,-0.711,49.8,31
22471.0,1,-2.606,28.2,19
48063.0,1,0.41,34.0,29
39452.0,1,-0.619,41.4,17
34247.0,0,-0.376,40.9,26
30381.0,0,-0.652,36.4,28
71961.0,1,1.087,21.8,31
48813.0,1,1.239,41.1,24
62495.0,0,0.277,39.9,15
63458.0,1,0.693,32.1,19
54084.0,0,-0.112,46.9,14
68791.0,1,0.14,61.7,19
37623.0,0,-0.742,39.6,23
53441.0,0,0.035,37.6,26
53066.0,0,-0.714,47.8,30
44457.0,0,0.373,59.1,15
49807.0,0,0.827,40.3,16
44518.0,1,0.311,37.7,24
70767.0,0,1.184,35.7,23
80190.0,1,2.69,59.0,29
35427.0,1,-2.107,47.6,30
43336.0,0,0.014,47.7,25
29531.0,0,-0.569,40.1,15
48799.0,0,-0.457,35.0,24
36799.0,0,-1.358,34.0,22
51874.0,1,0.053,50.2,31
42338.0,0,-0.258,56.3,26
34235.0,0,-0.633,32.0,21
44808.0,1,-0.254,50.9,22
35566.0,1,-0.593,22.6,25
28842.0,1,-2.343,17.6,22
56914.0,1,1.077,36.7,12
39936.0,1,-0.303,43.1,27
36794.0,0,-0.95,47.9,16
40492.0,0,0.306,34.8,26
33905.0,1,-0.662,31.5,32
17200.0,1,-2.174,50.7,27
50163.0,0,0.887,12.6,19
28651.0,0,-1.677,45.0,17
50638.0,0,-0.218,41.2,25
42912.0,0,0.12,27.2,21
60645.0,0,1.35,32.9,35
73234.0,0,1.19,54.6,22
38641.0,0,0.166,11.0,25
17633.0,0,-0.763,33.6,24
40470.0,0,-0.416,24.1,28
66134.0,1,1.088,37.4,19
78086.0,0,1.786,39.5,28
50294.0,0,0.544,39.5,25
31955.0,0,-0.645,43.3,24
62394.0,0,1.029,45.6,25
44941.0,1,-0.375,42.2,16
53509.0,0,-0.408,25.5,27
32395.0,1,-0.279,30.1,26
60264.0,1,0.59,47.5,18
48313.0,1,0.275,34.1,28
56989.0,1,0.993,45.6,26
77096.0,0,1.296,48.6,22
53298.0,1,0.513,9.8,12
28702.0,0,-2.332,58.0,14
31832.0,0,-1.697,45.4,18
52454.0,1,0.159,44.9,20
52540.0,0,-0.065,48.3,32
75716.0,1,2.159,46.5,19
42741.0,0,-0.03,48.9,23
47666.0,1,-0.153,32.1,34
53621.0,1,0.944,38.2,23
59767.0,0,1.064,34.3,29
51910.0,1,-0.235,36.6,20
54946.0,0,0.473,41.0,25
21701.0,1,-1.134,40.0,31
32331.0,1,-0.943,36.0,24
54040.0,0,1.233,32.7,26
18353.0,0,-1.407,30.2,28
60553.0,1,0.922,36.2,35
61302.0,1,0.678,29.7,21
61634.0,0,0.77,31.0,29
55678.0,1,0.913,45.4,36
51705.0,1,0.564,46.9,31
11460.0,1,-2.141,33.6,20
39650.0,1,-1.004,31.2,24
35962.0,0,-0.601,17.8,24
64650.0,1,0.915,34.9,20
28341.0,1,-1.128,39.5,18
52031.0,1,-0.705,34.6,24
45405.0,1,-0.363,34.3,19
53190.0,1,1.316,47.2,24
26080.0,1,-1.441,44.5,16
45685.0,1,-1.354,33.0,29
67109.0,1,0.627,55.3,21
29376.0,1,-2.126,51.2,24
38969.0,1,0.332,60.3,29
41209.0,1,-0.454,39.7,19
32691.0,0,-1.577,33.7,19
26996.0,1,-0.42,37.9,28
35813.0,0,-1.002,38.1,28
51670.0,1,0.168,30.0,19
66840.0,1,0.364,47.5,27
55229.0,1,1.489,32.0,16
42105.0,1,-0.013,17.5,23
46171.0,0,0.101,44.8,24
37728.0,0,-0.577,37.6,26
48216.0,0,-0.024,43.1,28
34283.0,0,1.05,33.2,26
-1976.0,0,-1.926,18.3,26
45321.0,0,0.659,55.7,20
38555.0,0,-0.535,45.1,22
44663.0,0,0.074,38.0,16
48241.0,1,0.325,41.8,24
55831.0,0,0.851,52.7,24
46086.0,0,0.238,42.9,22
47586.0,1,-0.393,37.3,23
43933.0,1,0.312,39.0,22
46792.0,0,0.012,25.9,25
46359.0,1,-0.204,41.8,26
62872.0,0,0.205,38.1,24
59632.0,1,0.874,44.9,31
45429.0,0,0.138,32.7,25
52108.0,1,0.155,33.3,28
23486.0,1,-1.288,21.4,19
43653.0,0,-0.127,35.5,20
27221.0,1,-1.858,36.3,22
54578.0,0,0.72,34.2,28
40324.0,1,-0.939,50.0,25
71339.0,0,1.295,46.8,29
93074.0,0,2.993,39.5,14
50733.0,1,-0.397,29.5,24
71330.0,0,1.33,40.6,22
61335.0,1,0.404,75.5,24
49645.0,1,-0.557,35.9,30
18053.0,0,-0.841,36.9,29
45126.0,0,0.562,45.9,21
72690.0,0,1.395,29.7,23
45519.0,0,0.354,43.6,22
27641.0,1,-1.512,25.1,24
47644.0,1,-1.042,38.7,17
36094.0,1,-0.228,40.5,21
48996.0,0,1.357,40.9,16
52153.0,1,0.283,48.5,26
58671.0,1,0.327,38.9,27
65370.0,1,1.211,37.2,23
33991.0,0,-0.205,47.0,27
32608.0,0,-0.089,37.5,23
47860.0,1,-0.182,45.8,30
19029.0,0,-1.778,33.7,14
40504.0,0,0.467,40.5,16
68541.0,1,0.411,35.2,28
57504.0,0,0.975,39.2,26
28091.0,0,-1.189,34.6,22
33015.0,0,-0.816,38.2,25
47363.0,0,0.934,13.0,26
49314.0,0,0.323,50.6,31
68381.0,1,1.375,27.9,23
34000.0,1,-0.863,40.3,18
55967.0,1,0.201,29.1,25
44222.0,0,-0.676,58.4,26
69876.0,1,0.31,48.6,21
43429.0,0,-0.485,56.4,23
56470.0,0,0.536,33.8,22
65644.0,1,1.081,40.0,32
52422.0,0,0.675,48.6,22
26641.0,0,-1.808,35.0,21
53671.0,0,0.94,60.9,25
56062.0,1,0.448,47.3,24
36935.0,0,-1.043,45.5,21
39172.0,1,-0.886,38.2,32
47688.0,0,0.008,52.0,27
79964.0,1,0.574,38.9,17
42177.0,0,-0.451,25.2,23
18867.0,0,-1.623,38.8,23
55484.0,0,0.282,28.6,32
41104.0,0,0.17,39.0,27
72035.0,0,2.441,43.3,19
7949.0,0,-1.289,36.7,22
75998.0,1,2.524,36.4,21
49906.0,0,1.745,22.1,25
41291.0,1,0.303,31.8,26
70506.0,0,1.659,54.2,28
35375.0,1,0.097,27.8,32
59191.0,1,0.978,18.9,19
29740.0,0,-0.734,36.6,18
51539.0,0,0.08,52.1,20
39842.0,0,-1.015,47.3,16
35306.0,1,-1.575,39.0,35
33525.0,0,-0.272,39.6,27
14716.0,0,-0.659,35.0,23
46814.0,1,0.573,42.4,35
65804.0,0,1.271,40.8,15
48658.0,1,-0.169,37.6,32
42001.0,1,0.059,20.9,21
45500.0,1,0.188,33.4,23
14144.0,1,-1.678,31.5,20
63095.0,1,0.269,27.9,23
56347.0,1,0.011,39.8,32
40599.0,1,-0.046,39.8,22
41658.0,1,-1.1,31.1,30
32601.0,0,-1.982,44.5,13
42734.0,1,-0.25,36.2,25
48349.0,1,0.316,32.2,18
59293.0,0,1.341,45.3,23
59591.0,0,1.131,43.8,29
73793.0,1,1.455,60.5,13
52414.0,0,0.37,47.0,21
45033.0,0,1.156,42.0,20
50561.0,1,-0.206,39.6,16
56642.0,1,0.628,31.7,22
55234.0,1,0.932,21.7,21
65961.0,0,2.689,35.7,26
40013.0,1,0.243,32.2,25
13150.0,1,-1.273,39.2,29
54428.0,0,1.378,45.9,25
29844.0,1,-0.791,37.1,31
47795.0,1,-0.061,44.8,31
51065.0,0,-0.294,62.3,34
35823.0,0,-0.908,37.1,17
65191.0,0,1.335,34.9,24
52361.0,1,0.596,51.6,24
15264.0,0,-0.612,50.0,24
42565.0,0,0.069,55.0,27
50432.0,0,-0.433,30.4,14
38748.0,0,0.615,23.1,29
41981.0,1,-0.379,53.7,30
44050.0,1,-0.766,51.7,25
49022.0,0,-0.644,39.5,17
53026.0,0,-0.437,14.9,18
56256.0,0,0.289,58.3,23
46134.0,0,-0.919,54.3,23
54224.0,1,-0.089,50.3,23
51036.0,1,0.444,20.9,17
60470.0,1,2.337,40.1,14
67802.0,1,0.856,30.4,28
18050.0,1,-2.984,39.4,27
48318.0,0,-0.511,52.4,21
33077.0,0,-0.397,36.5,20
45421.0,1,0.32,27.5,22
69258.0,1,1.569,25.6,33
45786.0,0,0.742,41.7,14
27501.0,1,-2.303,28.3,26
59277.0,0,0.307,33.5,20
54425.0,0,0.108,31.3,22
53455.0,1,0.413,28.3,29
51056.0,0,1.359,29.1,21
30939.0,1,-1.091,23.4,24
53735.0,1,1.103,51.3,27
27260.0,0,-1.654,41.6,28
35456.0,1,0.051,33.6,22
63133.0,1,0.381,58.0,20
62498.0,1,2.285,38.6,30
34882.0,0,-0.702,46.7,24
24983.0,0,-1.694,39.8,21
54374.0,0,0.687,32.6,25
46279.0,0,-0.661,29.0,21
64510.0,1,1.564,32.9,25
43518.0,1,-0.708,50.9,25
19461.0,0,-0.877,29.3,30
54061.0,1,1.244,37.5,28
55552.0,1,0.085,32.0,26
60168.0,0,1.001,40.0,29
36061.0,0,-1.43,38.6,25
76908.0,1,1.651,29.3,27
56144.0,1,-0.589,41.1,27
51984.0,0,0.819,31.4,25
39917.0,1,-1.005,45.0,27
24883.0,0,-1.551,41.4,24
45044.0,1,-0.257,38.3,19
48594.0,1,0.174,40.9,33
85495.0,1,1.577,43.4,32
50440.0,1,0.35,49.2,18
55364.0,1,0.716,49.6,26
65745.0,1,0.659,49.3,22
88743.0,0,3.11,44.5,30
27347.0,0,-0.818,38.2,25
57326.0,0,1.255,43.8,25
36610.0,0,-0.149,35.6,23
41291.0,1,0.261,34.3,25
43097.0,1,-0.547,40.7,28
63121.0,0,1.162,43.7,26
27843.0,0,-1.255,29.6,23
37993.0,0,-1.322,45.3,33
35477.0,0,-0.208,40.0,27
34915.0,0,-1.158,37.6,21
44457.0,0,0.703,37.7,29
62403.0,0,0.922,39.5,26
55690.0,0,-0.753,52.9,32
65910.0,1,0.784,24.7,22
44644.0,0,-0.662,45.6,22
41958.0,1,-0.044,24.7,20
47682.0,0,0.007,44.5,16
62333.0,0,1.876,34.1,25
31394.0,0,-0.0,24.0,26
35067.0,1,-0.912,50.0,29
31952.0,0,-0.918,22.5,24
52783.0,1,1.2,30.8,18
33330.0,1,-1.669,27.6,19
4610.0,0,-0.47,35.8,23
34394.0,0,-0.38,25.0,28
2116.0,1,-2.451,42.1,20
49355.0,1,-0.469,49.9,25
47824.0,1,1.002,52.2,22
43841.0,0,0.23,50.1,19
45174.0,1,-0.901,31.7,30
43000.0,0,0.69,35.2,22
57365.0,0,0.517,41.2,27
63313.0,1,2.024,38.1,33
40964.0,0,-0.742,33.5,20
33592.0,1,-0.389,14.4,29
47099.0,1,0.041,32.2,20
40442.0,1,-0.139,42.3,30
41372.0,0,0.086,36.9,21
39158.0,1,-0.107,61.4,32
28144.0,1,-0.695,4.0,20
26061.0,1,-1.604,21.1,13
44882.0,1,-0.561,23.7,19
34665.0,1,-1.393,46.5,27
41420.0,0,-1.052,52.0,23
37109.0,1,-0.548,27.2,20
44405.0,0,0.503,38.0,30
48405.0,0,0.848,43.7,25
43729.0,1,-1.044,40.9,24
32785.0,0,0.297,39.9,21
52740.0,1,0.792,30.1,29
47132.0,0,-0.058,27.6,23
35594.0,1,-1.655,23.0,24
11990.0,0,-2.172,24.6,24
55668.0,0,0.777,44.2,16
60040.0,1,0.897,34.9,24
48231.0,0,0.257,33.5,20
37794.0,0,-1.074,26.6,32
64887.0,0,1.431,38.3,28
74036.0,1,1.192,47.9,19
33244.0,0,-0.069,25.8,18
48106.0,1,-0.247,52.3,25
18806.0,0,-1.982,42.7,27
56492.0,0,0.727,10.7,26
33829.0,1,-1.639,39.6,32
60891.0,0,0.655,40.5,25
51647.0,0,0.704,51.7,33
46638.0,0,0.068,36.1,25
52335.0,0,1.554,13.1,30
37088.0,0,-0.348,20.0,32
51742.0,0,0.564,21.9,20
55039.0,0,0.771,42.4,18
42625.0,1,0.223,26.9,26
48433.0,0,-0.444,24.1,27
67868.0,0,1.205,40.8,26
46782.0,0,0.398,45.6,28
32904.0,1,-0.218,21.7,23
40332.0,1,-0.191,37.7,26
48073.0,0,0.105,48.6,27
70049.0,0,2.256,44.5,17
38604.0,1,0.081,52.1,20
45128.0,0,-0.264,51.4,21
47229.0,1,-1.09,46.0,28
21606.0,0,-1.245,32.3,30
30216.0,1,-1.923,59.9,28
50017.0,0,0.209,45.7,30
47104.0,0,0.003,38.4,26
33802.0,1,-1.054,34.6,23
30474.0,0,-1.513,44.1,23
24292.0,0,-0.353,33.0,29
18785.0,1,-0.551,37.6,35
35586.0,1,-1.363,50.3,27
59684.0,1,0.274,43.3,23
25743.0,0,0.115,26.3,16
42669.0,1,-0.079,40.5,20
56234.0,0,0.743,34.4,26
37481.0,1,-0.682,29.6,29
79804.0,1,1.331,28.0,21
39204.0,1,-1.044,29.0,21
56978.0,0,0.485,39.8,31
59518.0,0,0.605,50.8,28
47895.0,0,-0.291,36.1,21
34909.0,0,0.321,52.7,27
25456.0,0,-1.315,29.5,23
25476.0,0,-1.534,35.9,26
55165.0,1,-0.232,53.9,20
27962.0,1,-0.761,40.0,22
53083.0,0,0.56,41.3,19
42338.0,0,-0.001,41.7,22
61330.0,0,0.586,32.7,32
40918.0,0,0.287,62.0,25
55475.0,0,0.172,38.6,25
40402.0,1,0.061,47.5,29
37014.0,1,-0.405,43.7,21
34529.0,1,-0.497,48.7,19
88814.0,0,2.003,54.1,20
28042.0,1,-1.793,14.5,26
25489.0,1,-0.219,23.3,22
45754.0,0,0.971,16.4,20
57843.0,0,0.387,29.4,29
53435.0,1,1.376,36.1,22
59342.0,1,0.516,40.9,26
36692.0,1,-1.296,32.5,26
42940.0,0,-0.363,43.8,21
30952.0,1,-1.439,45.4,21
66662.0,0,0.951,39.2,26
66813.0,1,1.408,26.4,22
48258.0,1,-0.477,32.0,23
52671.0,0,0.507,36.1,28
44745.0,0,-0.448,45.7,28
25089.0,0,-1.477,36.5,17
47627.0,0,-0.486,41.6,30
35075.0,0,-1.623,20.9,28
46027.0,0,-0.609,8.8,14
42903.0,1,0.17,39.2,31
54655.0,0,0.685,39.1,23
74001.0,1,1.253,27.9,23
36812.0,1,-0.376,33.4,27
36438.0,0,0.192,43.6,24
54491.0,1,0.377,43.9,10
52326.0,1,0.511,50.8,30
15157.0,1,-2.896,45.5,22
30955.0,1,-0.824,35.1,15
63798.0,1,0.75,43.4,30
39917.0,0,-1.167,59.4,21
49992.0,1,0.199,55.3,20
37603.0,1,0.785,29.3,31
24242.0,1,-1.946,41.6,25
47050.0,0,-0.241,53.3,25
43033.0,1,0.186,39.6,25
48007.0,1,-0.041,44.3,28
36705.0,1,-1.583,51.3,27
54613.0,0,0.293,40.9,32
41326.0,1,-0.615,42.7,20
60744.0,1,0.768,34.2,30
58844.0,0,0.374,28.0,30
36951.0,0,-0.607,33.0,26
62897.0,1,0.117,45.0,27
43022.0,1,-0.75,36.1,29
18124.0,1,-0.762,39.3,24
30767.0,0,-1.643,59.5,25
29386.0,1,-0.303,30.1,24
46598.0,1,0.738,47.8,23
45696.0,1,0.045,32.7,31
38974.0,0,-0.094,44.2,23
39220.0,0,-0.706,46.9,26
48218.0,1,-0.604,51.4,24
53701.0,1,0.663,30.3,26
27736.0,0,-1.578,34.6,35
65821.0,1,1.978,39.7,24
50816.0,1,-0.151,37.3,28
59874.0,0,2.084,9.8,19
60767.0,0,1.085,42.4,17
25476.0,0,-0.51,25.8,14
56256.0,1,0.641,38.0,25
40298.0,0,0.161,24.7,25
45483.0,1,0.365,40.7,32
69660.0,0,0.694,37.6,30
41795.0,0,-0.649,64.7,25
50932.0,1,-0.722,45.1,26
39355.0,0,-0.524,34.3,31
28560.0,0,-1.474,46.3,12
46668.0,1,-0.371,21.9,26
55329.0,0,0.119,48.1,32
44186.0,0,0.139,49.7,26
34631.0,0,0.08,33.6,25
27509.0,0,-0.51,35.6,26
47148.0,0,0.671,19.9,21
26720.0,1,-2.17,42.0,17
46357.0,1,-0.518,46.8,25
34260.0,1,-0.452,25.1,22
53113.0,0,0.771,45.1,15
39992.0,1,0.537,27.4,16
55115.0,1,0.671,54.0,28
41396.0,0,-0.117,16.0,24
67725.0,0,0.815,35.8,39
27106.0,0,-1.14,48.2,22
60847.0,0,-0.068,25.9,28
25119.0,1,-2.254,31.1,21
55220.0,0,1.569,38.9,34
56143.0,0,1.446,37.0,22
47307.0,1,-0.746,30.6,25
27990.0,0,-0.997,30.7,27
11911.0,0,-2.247,34.1,17
34812.0,1,-1.682,34.8,19
40887.0,1,-0.029,33.1,22
35785.0,0,-0.308,47.2,23
23545.0,1,-1.626,40.0,20
52927.0,1,-0.65,42.8,30
33556.0,1,-0.815,43.8,26
51436.0,1,0.319,24.8,29
51312.0,0,0.56,26.6,23
50955.0,1,-0.368,57.9,21
52198.0,1,-0.033,16.5,27
34356.0,1,-0.153,30.7,22
29215.0,0,-2.237,44.4,10
36789.0,0,0.032,35.8,11
30479.0,0,-0.211,34.6,24
67371.0,1,0.604,55.0,26
33260.0,0,-1.982,26.7,20
56688.0,1,0.619,49.4,28
38547.0,1,-0.784,22.5,20
49317.0,0,0.122,21.0,29
62714.0,1,1.067,34.5,28
30294.0,0,-1.62,40.5,20
29348.0,1,-1.455,62.1,18
64139.0,0,0.852,42.0,18
38816.0,0,-1.283,40.4,21
28910.0,0,-1.102,45.5,20
59358.0,1,0.461,38.0,27
49818.0,1,-0.345,31.2,24
63627.0,0,0.637,32.8,28
50948.0,1,0.159,44.2,18
47638.0,0,-0.166,33.6,19
59376.0,1,0.845,22.3,30
75886.0,0,2.049,31.0,24
38307.0,1,-0.239,20.2,21
57669.0,0,1.341,52.3,21
52469.0,0,0.996,20.3,19
42170.0,1,-0.028,44.3,30
50254.0,0,0.32,35.0,28
38261.0,1,-1.075,51.1,21
27878.0,0,-0.754,56.5,14
50322.0,0,0.14,34.3,20
50926.0,1,-0.184,44.8,25
58380.0,0,1.165,40.3,30
21268.0,0,-1.436,22.1,19
36404.0,1,-0.43,53.6,16
38226.0,0,-0.774,46.3,24
36543.0,1,-0.288,44.3,17
53919.0,0,1.029,46.3,17
23657.0,1,-1.342,41.6,24
42367.0,0,0.715,30.9,22
42284.0,0,-0.725,41.4,25
37545.0,1,-0.459,26.0,17
49752.0,0,0.865,61.0,18
34351.0,0,-0.417,25.6,20
57791.0,1,0.535,49.1,23
46328.0,0,-0.018,31.7,19
46894.0,1,-0.305,39.4,28
33020.0,0,-0.492,43.8,21
29876.0,1,-1.863,28.2,26
41531.0,0,-0.877,39.2,18
33941.0,0,0.037,9.4,22
55580.0,1,0.074,39.6,26
23403.0,0,-1.62,51.5,19
64653.0,0,0.876,35.5,20
37622.0,1,0.448,29.8,22
37224.0,1,-1.427,29.6,17
30614.0,1,-1.168,11.7,19
44934.0,0,0.384,23.4,25
4946.0,0,-1.883,41.6,21
54511.0,1,-0.865,56.4,23
26872.0,0,-0.175,45.6,21
54188.0,1,-0.247,37.7,33
50872.0,0,-0.176,37.4,24
52678.0,1,0.273,42.9,23
27652.0,0,-0.916,56.0,21
48945.0,0,-0.603,36.3,31
51396.0,1,1.939,38.3,14
17671.0,1,-1.518,42.1,22
43558.0,0,-0.563,44.0,23
50789.0,1,-0.002,40.6,28
28704.0,1,-0.759,23.8,15
67393.0,0,1.112,20.3,30
54550.0,1,-0.037,37.5,22
61391.0,1,0.649,46.5,21
25996.0,1,-2.725,58.0,35
50791.0,0,1.081,42.1,25
45013.0,0,1.043,25.9,31
28359.0,0,-0.863,33.8,19
66021.0,0,1.202,21.7,20
46103.0,0,0.162,35.9,35
56456.0,0,0.826,49.4,23
64726.0,1,1.712,39.4,28
48112.0,1,0.0,60.1,27
31526.0,1,-1.113,35.4,24
48935.0,0,-0.109,38.8,39
15289.0,0,-1.374,41.3,19
34935.0,1,-0.899,42.5,22
22277.0,0,-0.86,39.6,25
27050.0,0,-0.806,41.0,23
59307.0,1,1.074,47.2,23
48608.0,0,0.745,32.4,26
34855.0,1,-0.988,38.2,16
53010.0,1,1.043,42.2,25
9720.0,0,-1.769,34.4,17
32308.0,1,-0.744,27.3,20
50544.0,1,-0.225,41.7,23
63845.0,1,1.106,41.7,30
50425.0,1,0.646,30.3,14
46982.0,1,0.375,28.0,19
47066.0,0,1.225,15.6,28
44199.0,0,0.64,24.7,24
60390.0,1,1.292,40.2,18
34053.0,0,-0.861,14.4,22
17112.0,0,-1.764,34.9,24
37674.0,1,-0.49,38.7,25
55516.0,1,0.76,32.2,14
46886.0,0,0.191,30.1,26
47588.0,0,0.821,47.6,21
57076.0,1,0.643,42.3,22
54897.0,1,0.449,26.6,24
62369.0,0,0.752,47.9,26
33309.0,0,-0.783,55.4,25
62297.0,0,1.028,28.7,34
49914.0,0,-1.073,27.1,25
54339.0,1,-0.18,31.7,18
34011.0,0,-1.482,41.4,21
40749.0,0,0.441,37.3,22
27996.0,1,-1.618,34.3,23
65441.0,0,1.342,26.2,30
36691.0,0,-1.41,45.4,26
45694.0,1,0.195,37.5,20
54388.0,0,-0.204,38.9,21
33905.0,1,-0.942,37.6,37
57577.0,0,1.186,41.0,20
44250.0,0,-0.493,22.0,33
54440.0,1,1.404,32.5,27
51296.0,0,-1.091,38.5,22
41029.0,0,-0.867,41.2,19
17106.0,1,-2.066,42.8,21
54806.0,0,0.49,47.6,24
77589.0,1,0.854,37.4,31
61281.0,1,0.162,46.1,29
37792.0,1,-0.225,44.8,18
34385.0,1,-0.985,41.5,20
69178.0,0,2.29,36.3,20
47766.0,0,0.681,34.8,29
24442.0,0,-1.908,38.2,29
50034.0,1,-0.372,45.9,24
17267.0,0,-2.674,30.2,17
49554.0,0,1.52,29.7,24
64787.0,1,1.919,42.8,27
66161.0,0,1.403,40.5,17
34599.0,1,-0.114,48.2,23
58421.0,0,-0.653,50.6,27
19443.0,0,-1.465,42.8,23
48190.0,1,0.474,22.5,23
26728.0,0,-0.806,48.6,24
31735.0,1,-0.436,42.7,24
21302.0,0,-0.699,46.0,21
38713.0,0,-0.368,43.6,24
54729.0,0,0.842,38.4,26
70548.0,0,1.635,42.8,20
42360.0,1,0.094,25.8,30
52246.0,0,-0.037,27.0,20
34045.0,0,-1.172,38.3,30
22697.0,1,-1.288,53.2,36
35119.0,0,-1.121,41.0,27
61633.0,0,0.832,51.0,23
60338.0,0,0.194,38.2,20
53601.0,0,0.918,40.0,24
57686.0,1,0.372,48.1,21
47527.0,0,-0.456,47.5,18
37725.0,0,-1.299,39.2,21
65368.0,1,-0.421,35.7,28
25912.0,1,-1.485,47.5,20
81780.0,0,1.958,41.6,25
49087.0,1,0.22,34.4,28
38499.0,1,-0.418,36.5,21
74932.0,1,1.953,29.1,23
46455.0,0,-0.435,40.0,21
68412.0,1,0.511,46.9,20
41934.0,0,-0.213,15.9,25
55542.0,1,0.311,34.7,30
56444.0,1,-0.418,25.7,25
63599.0,1,0.448,34.0,19
67491.0,1,1.387,33.3,21
11390.0,0,-1.317,26.6,23
30243.0,0,-2.283,39.4,23
59492.0,1,1.314,25.0,36
42564.0,0,0.123,28.9,24
67376.0,1,0.834,23.8,35
47003.0,0,-0.337,30.3,28
70081.0,0,1.511,42.9,24
68660.0,1,1.791,34.0,24
25374.0,0,-1.225,50.7,28
51377.0,1,0.632,35.6,22
37997.0,1,-0.662,31.6,30
21361.0,0,-1.673,49.4,32
46201.0,1,-0.354,41.7,28
47110.0,0,0.523,46.1,26
31984.0,0,-1.435,42.7,30
40545.0,1,-1.352,52.5,22
62023.0,0,1.188,47.2,34
53121.0,0,-0.026,50.6,30
52936.0,1,0.346,29.5,21
32528.0,1,-1.217,44.2,21
34333.0,1,-0.726,46.9,21
45703.0,0,0.055,38.5,18
52577.0,0,0.119,50.4,23
56183.0,1,0.073,39.6,29
78521.0,1,1.53,36.2,21
52586.0,1,0.087,43.5,14
8616.0,1,-1.631,26.2,22
41122.0,0,-0.97,23.2,26
43693.0,1,-0.149,36.2,25
71189.0,1,1.197,15.7,23
35957.0,1,-0.791,48.6,36
36154.0,0,-0.495,32.6,19
38559.0,0,-0.129,53.8,21
32516.0,1,-0.82,39.9,17
46418.0,1,-0.941,31.5,22
44627.0,1,-0.349,32.7,16
58096.0,1,0.891,44.1,24
50178.0,1,0.373,47.7,24
22110.0,1,-0.408,36.5,22
37489.0,0,0.287,25.3,26
37377.0,0,-1.418,40.3,16
47671.0,0,0.886,44.0,24
49559.0,1,0.625,45.5,27
39504.0,0,0.177,25.8,26
21330.0,1,-1.774,32.7,26
83521.0,1,1.93,45.1,36
270.0,0,-3.083,56.7,21
34157.0,1,-1.136,38.4,16
24647.0,0,-1.057,26.8,21
67992.0,0,0.576,44.0,31
12643.0,1,-1.642,7.1,27
48613.0,1,0.111,39.5,27
37896.0,1,-0.282,33.3,25
33681.0,1,-0.422,55.3,23
57882.0,0,0.738,33.6,31
53165.0,0,1.313,26.2,22
54236.0,0,0.275,63.7,19
27552.0,1,-0.404,42.0,25
12150.0,0,-2.431,38.6,33
50239.0,0,1.361,32.0,27
50420.0,1,-0.429,29.1,19
17748.0,1,-1.998,21.0,28
41843.0,0,0.037,44.2,24
55441.0,0,1.342,29.8,26
52952.0,1,-0.265,46.0,16
44666.0,1,-1.304,42.6,23
64355.0,1,2.161,47.4,15
59074.0,1,0.502,35.0,25
64311.0,0,0.232,39.4,20
48966.0,0,0.913,32.3,26
20164.0,1,-2.309,35.4,26
35981.0,1,-0.183,29.2,22
46734.0,1,-0.278,15.2,25
67433.0,1,2.184,40.2,21
40931.0,1,-0.679,25.6,21
51982.0,1,-0.667,61.1,26
34786.0,0,-1.514,38.1,24
43707.0,1,-0.938,21.7,22
44411.0,0,-0.313,35.8,21
63043.0,1,0.162,44.1,29
42577.0,0,-0.304,42.5,27
81352.0,0,1.929,30.6,23
61230.0,1,0.397,40.9,35
67034.0,1,0.546,40.0,31
51003.0,0,1.286,33.9,27
44949.0,1,0.542,35.9,20
28982.0,1,-0.628,40.7,28
21828.0,0,-1.664,38.2,21
35093.0,0,0.265,43.4,25
32996.0,1,-0.939,47.7,20
59180.0,0,1.238,51.2,22
28969.0,0,-0.875,27.4,27
27367.0,1,-2.355,34.3,25
38081.0,1,-0.055,41.4,25
68052.0,1,0.991,41.1,24
41408.0,0,-0.307,31.8,21
54683.0,0,0.088,37.1,27
41542.0,0,0.06,37.5,25
70427.0,1,1.65,39.9,24
43410.0,0,0.209,44.3,20
49425.0,1,-0.139,33.4,20
32844.0,1,-0.723,20.4,31
16892.0,0,-1.764,34.7,25
42929.0,0,1.33,35.9,23
47801.0,1,1.067,36.2,20
17870.0,0,-1.067,47.5,26
69967.0,1,0.519,28.1,35
35798.0,0,0.232,43.6,24
39694.0,1,-0.487,55.2,23
39949.0,0,-0.418,26.7,25
54764.0,1,0.664,36.4,15
33545.0,1,-1.325,37.9,15
42241.0,0,-0.63,44.9,19
31536.0,0,-0.18,43.9,29
41445.0,1,-0.109,32.8,30
43747.0,0,-0.315,65.2,24
53706.0,1,0.12,36.0,21
52783.0,1,0.437,40.4,31
41989.0,1,-1.009,43.7,26
45306.0,1,-0.015,41.3,22
29915.0,1,-0.637,38.6,21
63197.0,1,1.429,32.9,23
29426.0,0,-1.529,34.8,25
22754.0,1,-0.34,36.2,14
65767.0,0,0.609,51.5,30
45287.0,0,-0.39,24.0,23
43678.0,1,-0.438,33.7,18
41201.0,0,-0.646,34.3,23
53974.0,0,0.219,30.1,28
27211.0,0,-1.279,46.7,28
51878.0,1,-0.179,35.5,29
37559.0,0,-0.199,32.4,23
24833.0,0,-1.58,32.3,11
43605.0,0,0.185,46.9,26
45148.0,0,-0.564,43.0,22
66385.0,1,0.224,32.8,29
56783.0,0,0.785,41.7,21
53093.0,0,0.263,39.1,23
25575.0,1,-1.283,52.7,32
52625.0,1,0.244,27.4,20
26239.0,0,-1.704,19.0,25
37664.0,1,-0.856,33.6,23
66724.0,0,1.616,31.1,30
50768.0,0,-0.071,29.4,29
64124.0,1,1.505,37.3,25
51226.0,1,-0.257,40.8,23
51125.0,1,-0.062,40.2,30
27846.0,1,-1.202,39.7,27
55164.0,1,0.887,30.5,28
39365.0,0,-0.269,54.7,26
59475.0,0,0.568,33.8,33
50805.0,1,0.378,27.7,32
57870.0,1,0.481,38.0,21
55137.0,0,0.272,42.7,22
48747.0,1,-0.095,20.4,23
49263.0,0,-0.054,45.1,22
36543.0,0,-0.753,41.4,27
27513.0,0,-2.203,39.2,28
50617.0,1,0.449,37.2,15
75807.0,0,2.065,54.9,19
51492.0,1,1.053,57.1,18
67396.0,0,2.329,26.1,22
47365.0,1,0.458,33.9,19
46178.0,0,-1.004,31.8,38
42763.0,1,-1.026,36.4,26
55057.0,0,0.731,28.1,34
47560.0,1,0.325,25.6,24
46073.0,1,-0.186,33.6,20
51113.0,0,0.735,34.0,17
35553.0,0,-0.901,46.6,24
57604.0,0,0.517,46.3,28
49814.0,1,-0.296,44.2,40
51505.0,0,0.15,42.7,26
59794.0,1,1.194,53.8,29
55795.0,1,-0.146,30.1,32
71605.0,1,1.389,35.0,30
65505.0,1,1.342,44.7,21
33604.0,0,-0.77,29.3,25
70278.0,1,2.353,44.7,25
33759.0,1,-1.253,30.0,29
35172.0,0,-0.098,34.5,25
53895.0,0,0.75,31.4,17
13945.0,1,-2.304,45.2,22
52972.0,0,1.052,30.8,20
39796.0,0,1.16,39.1,26
49377.0,0,-0.106,45.2,20
50875.0,1,0.285,43.9,17
50180.0,1,0.228,38.3,28
36647.0,1,-0.201,27.0,31
57763.0,1,1.096,43.6,21
37491.0,1,-0.367,29.3,21
51507.0,1,-0.034,45.7,23
47967.0,1,0.381,35.2,18
55845.0,0,0.873,47.9,18
70181.0,1,1.129,37.1,16
19496.0,0,-1.487,38.3,29
20964.0,0,-2.049,27.5,27
38495.0,1,-0.129,39.1,17
64795.0,1,-0.044,49.3,30
24225.0,1,-1.087,39.3,16
43518.0,0,0.32,41.5,24
48964.0,1,0.648,29.0,24
44380.0,0,0.397,52.7,28
69001.0,0,1.682,26.4,20
46444.0,1,-1.041,53.0,21
40939.0,0,0.032,33.9,26
63976.0,0,1.965,14.5,14
60920.0,0,0.697,39.9,27
31262.0,0,-1.125,36.4,14
58132.0,1,0.213,28.8,24
54103.0,0,1.204,24.6,29
86748.0,0,2.12,40.7,32
46601.0,1,0.679,37.8,11
66660.0,0,1.191,36.0,25
50110.0,0,-1.12,51.2,28
46418.0,1,-0.247,37.9,22
72827.0,0,1.217,33.8,28
36264.0,0,-0.969,22.3,28
49388.0,1,-0.059,34.0,16
34223.0,0,-1.891,43.4,29
60915.0,0,1.504,43.0,22
35015.0,0,-0.131,43.4,19
42534.0,0,0.576,35.4,37
26119.0,0,-1.524,42.7,24
31423.0,1,-1.331,18.1,20
66659.0,1,1.843,34.5,23
32577.0,0,-0.347,61.1,34
38176.0,1,-0.552,44.7,18
41172.0,1,0.519,39.6,20
51901.0,1,0.563,44.6,13
31521.0,1,-1.99,55.4,24
26792.0,0,-0.99,37.9,21
37245.0,1,0.051,42.7,24
51771.0,1,0.005,47.0,16
50155.0,0,0.357,38.4,19
35560.0,0,-0.436,46.0,23
42363.0,1,-0.284,31.2,21
39024.0,0,0.218,61.8,20
29082.0,0,-0.699,35.7,22
31982.0,0,-0.847,40.6,36
46051.0,1,-0.557,55.5,20
37200.0,0,0.006,61.4,16
57168.0,1,-0.153,48.3,21
38383.0,1,-0.487,43.2,27
49594.0,1,-0.257,48.5,20
38653.0,0,-0.053,15.3,32
50492.0,0,0.322,38.6,25
59386.0,0,0.364,52.0,19
43381.0,0,-1.308,36.8,30
57262.0,1,0.982,55.2,30
33131.0,0,-1.626,52.5,27
56180.0,0,0.548,38.1,27
30783.0,0,-0.721,43.8,23
70102.0,0,0.58,46.1,28
56287.0,0,1.065,52.1,23
11437.0,0,-1.912,36.7,30
43651.0,0,0.6,21.8,17
53572.0,0,0.267,40.1,26
60011.0,1,-0.48,66.3,26
48464.0,1,0.377,30.3,27
54723.0,1,-0.512,41.7,24
51663.0,0,0.108,35.8,32
36356.0,1,-1.074,42.9,23
48797.0,1,0.779,61.0,22
47516.0,0,0.582,52.8,21
58232.0,1,0.736,24.2,27
35689.0,0,-0.675,37.9,35
56978.0,0,1.842,39.3,21
66560.0,0,1.98,38.4,26
48959.0,1,-0.102,35.4,17
34831.0,0,-0.435,28.2,27
53693.0,1,-0.426,24.9,33
42212.0,0,0.678,36.5,20
52572.0,0,1.023,42.8,24
43634.0,1,-0.768,35.7,33
17837.0,1,-2.06,36.6,23
64736.0,1,0.443,56.5,27
47226.0,1,-0.057,35.9,25
53733.0,1,0.158,44.7,26
53374.0,0,0.506,45.1,17
24504.0,0,-1.137,32.2,27
43758.0,0,0.048,54.0,17
41280.0,1,-0.318,25.4,26
46691.0,0,0.36,32.2,30
55883.0,1,1.21,39.8,29
52376.0,1,-0.02,50.0,21
44629.0,1,-0.887,52.6,22
64903.0,1,1.232,29.4,26
51490.0,0,0.689,36.4,23
47157.0,1,-0.232,24.3,35
11212.0,0,-1.846,26.4,22
28435.0,0,-0.913,54.6,27
47585.0,0,0.113,43.3,20
48297.0,1,0.519,44.6,19
39611.0,1,-0.567,28.8,14
62151.0,1,0.403,39.9,22
55307.0,1,-0.677,16.6,16
37803.0,0,-0.465,40.2,29
37974.0,0,0.496,41.9,20
44454.0,0,-0.314,56.0,19
52152.0,0,0.099,39.4,24
41635.0,0,0.838,41.1,19
55301.0,0,1.094,46.2,20
46930.0,1,-0.638,62.5,19
42852.0,0,-0.3,51.4,24
37998.0,1,-1.38,49.1,24
26656.0,1,-1.361,33.5,21
40853.0,0,0.251,39.5,22
25232.0,0,-0.574,36.4,21
11010.0,0,-1.915,28.5,26
66782.0,1,0.481,46.0,20
57146.0,1,-0.896,34.1,19
41573.0,0,-0.367,43.1,28
58961.0,1,0.366,30.0,33
55998.0,1,0.346,41.3,26
53269.0,0,-0.111,20.2,25
20221.0,0,-2.055,37.9,15
58091.0,1,0.514,52.9,27
33562.0,1,-0.652,34.6,31
25400.0,0,-1.477,31.0,26
25378.0,0,-2.271,40.9,20
56519.0,1,1.271,32.9,17
41868.0,0,0.088,36.1,23
31809.0,0,0.058,43.2,18
51930.0,1,0.558,34.5,32
41878.0,0,-0.132,32.7,13
38521.0,0,-1.536,18.4,22
54999.0,1,0.629,23.3,31
63603.0,1,0.952,29.5,23
48548.0,1,0.466,41.8,29
60517.0,0,1.49,43.1,24
71880.0,0,1.86,41.4,15
38926.0,0,-0.851,34.1,20
40015.0,1,-0.495,39.7,19
70967.0,1,0.839,39.3,31
51231.0,0,0.128,54.1,29
37840.0,1,0.163,37.8,20
64951.0,1,0.888,30.7,24
64313.0,1,0.694,35.2,32
35144.0,0,-0.49,44.0,22
53430.0,0,0.078,45.3,24
35870.0,0,-0.76,30.7,22
39610.0,0,-0.242,45.4,22
20061.0,0,-1.159,33.1,25
25826.0,1,-2.013,56.6,20
33951.0,0,-0.543,37.8,28
38150.0,1,-0.637,34.4,29
51526.0,0,0.851,18.2,23
61912.0,0,1.532,53.3,20
44941.0,0,-0.017,30.4,23
51776.0,0,0.431,40.1,21
36984.0,1,-0.677,34.7,28
33663.0,0,-0.967,16.7,21
42857.0,1,-0.324,38.5,31
36044.0,1,-0.324,34.4,18
57867.0,1,0.259,36.1,20
46522.0,0,0.077,32.2,19
67542.0,1,1.623,34.5,39
53606.0,1,-0.251,49.5,24
32780.0,0,-1.685,40.9,20
59047.0,1,0.087,46.8,15
43913.0,0,-0.693,33.6,26
41744.0,0,0.172,35.3,19
54331.0,1,1.094,30.1,16
34035.0,1,-0.673,41.6,31
47417.0,1,-0.106,35.3,25
56216.0,1,0.487,33.9,34
34780.0,0,-0.975,35.1,30
29808.0,0,0.187,30.6,27
50967.0,0,0.517,47.2,28
58447.0,0,0.785,28.0,25
62204.0,1,1.07,52.0,17
55385.0,0,0.528,40.4,21
56274.0,1,0.366,51.3,21
37794.0,1,-1.416,59.6,28
29561.0,0,-2.703,43.2,10
31762.0,0,-0.988,44.6,27
61020.0,0,1.399,40.2,20
49566.0,0,0.095,45.5,27
16932.0,1,-2.274,50.2,24
34719.0,1,-0.442,39.4,35
51543.0,0,0.341,40.9,35
26253.0,1,-1.87,35.5,31
54333.0,1,0.554,29.1,25
41604.0,0,-1.164,51.0,25
59238.0,1,1.023,48.1,20
49768.0,1,0.013,53.2,21
91055.0,1,3.078,27.9,26
45530.0,1,-1.346,42.8,30
60929.0,1,0.268,44.7,26
26013.0,0,-1.487,52.4,20
61831.0,1,1.136,43.0,34
40885.0,0,0.113,35.6,25
47128.0,0,0.91,41.5,28
62531.0,0,0.093,52.7,20
27325.0,1,-1.179,36.8,21
52587.0,0,-0.659,41.0,27
32049.0,1,-1.244,40.0,22
36000.0,1,-1.052,42.8,24
44519.0,0,0.137,45.0,21
53324.0,1,1.062,30.7,22
59015.0,1,0.851,60.2,24
49318.0,0,0.507,30.2,19
30579.0,0,-0.57,30.2,18
55654.0,0,0.503,39.6,20
30628.0,0,-0.86,50.2,14
53336.0,0,0.2,51.6,28
55489.0,0,0.83,59.8,21
38056.0,0,-0.192,41.9,21
38341.0,0,-0.474,33.3,19
45720.0,1,-0.437,28.8,23
44145.0,1,0.607,34.9,26
34557.0,1,-0.315,42.6,24
31024.0,0,-1.424,38.5,25
20852.0,1,-0.419,16.5,30
39084.0,0,-1.067,37.8,21
49997.0,1,1.491,42.6,31
56470.0,0,0.007,30.0,30
29054.0,1,-1.474,30.4,27
58099.0,1,0.259,27.7,30
51506.0,0,0.712,48.9,22
43599.0,1,0.373,55.5,33
36347.0,1,-0.364,48.7,27
53361.0,0,0.143,32.6,28
50362.0,0,0.273,33.7,26
63588.0,0,0.995,56.6,26
57175.0,1,0.357,59.7,20
88877.0,1,2.255,50.7,31
43766.0,0,-0.219,38.0,24
76048.0,1,1.519,22.9,24
48541.0,0,0.013,45.3,19
22243.0,0,-1.703,53.5,20
35414.0,1,-1.174,38.5,26
32493.0,0,-1.816,30.4,20
19757.0,0,-1.716,40.9,30
61289.0,1,1.193,40.9,29
43089.0,0,-0.66,34.9,20
47502.0,1,0.596,35.7,33
45435.0,1,-0.891,18.4,27
44588.0,0,-0.016,37.0,29
31332.0,0,-1.053,20.2,32
66601.0,1,0.858,30.9,23
38281.0,0,-0.257,30.2,20
40590.0,0,-0.454,36.8,27
62943.0,1,-0.166,47.8,18
66205.0,0,2.163,29.2,26
53233.0,0,0.442,40.1,22
50375.0,0,0.829,25.0,16
27400.0,1,-1.24,37.6,26
42717.0,1,-0.65,35.6,27
57313.0,1,0.29,33.6,20
26501.0,1,-1.853,31.2,26
60003.0,0,1.327,29.2,26
56922.0,1,0.266,20.3,26
62625.0,1,-0.021,23.7,29
49642.0,1,-0.201,20.3,37
48995.0,1,-0.237,42.7,19
38987.0,1,-0.507,28.6,24
66225.0,0,1.382,47.4,16
65765.0,1,0.681,44.6,19
67899.0,0,1.234,36.0,17
37998.0,1,-0.306,50.1,26
31534.0,0,-0.88,34.9,26
55047.0,1,1.348,19.4,25
38696.0,0,-1.216,32.1,28
43988.0,1,-0.611,38.1,16
58713.0,1,0.704,36.9,27
81901.0,1,1.076,25.3,31
24231.0,0,-1.314,44.9,18
37423.0,1,-0.277,31.5,27
42019.0,0,0.023,49.0,26
54522.0,1,-0.137,40.3,20
36857.0,1,-0.86,52.8,21
64368.0,1,0.668,47.8,19
31571.0,0,-0.528,34.8,24
41498.0,1,-0.244,51.7,31
23175.0,1,-2.245,36.0,24
35776.0,1,-0.114,41.5,20
18850.0,1,-1.937,50.4,21
69626.0,0,0.698,40.8,28
64519.0,1,0.485,49.2,21
44139.0,0,-0.512,48.3,26
37892.0,1,0.156,44.9,21
41413.0,1,0.103,34.0,18
37846.0,1,-0.152,22.9,21
27776.0,0,0.354,30.7,21
38982.0,0,-0.129,30.8,25
38250.0,0,-0.48,52.0,21
46895.0,1,-0.796,39.5,25
57078.0,1,1.661,41.5,21
47450.0,0,0.187,36.0,28
66672.0,1,-0.026,23.2,26
51385.0,1,0.713,32.4,16
30584.0,0,-0.392,43.2,27
45997.0,1,-0.386,50.5,19
59981.0,0,0.656,56.1,25
48579.0,1,1.017,49.0,24
55238.0,0,0.661,52.2,36
37645.0,0,-1.479,34.8,31
46141.0,1,0.051,48.5,26
51112.0,1,-0.029,46.5,34
52244.0,0,0.445,26.7,26
33435.0,0,-0.885,39.5,30
38404.0,0,-1.049,38.4,27
51108.0,1,-0.122,53.3,24
36412.0,0,-0.889,39.6,25
26325.0,1,-1.065,24.6,34
45063.0,0,-0.076,39.0,18
68057.0,0,0.912,61.3,27
51907.0,0,0.127,25.2,18
52243.0,1,1.1,37.8,29
40296.0,1,-0.996,42.5,25
41638.0,0,0.693,38.7,24
54606.0,1,-0.02,43.0,22
22645.0,0,-0.879,28.3,22
45243.0,1,-0.424,34.1,26
30903.0,1,-0.86,34.9,17
33150.0,1,-0.223,40.9,23
40519.0,1,-0.749,30.1,25
80266.0,0,1.237,23.4,24
31966.0,1,-0.365,47.3,26
35775.0,0,-1.417,51.8,28
38399.0,0,-0.203,45.7,34
57873.0,1,0.372,40.7,33
30500.0,1,-0.324,47.5,25
44904.0,0,0.841,36.6,32
27386.0,0,-0.91,43.0,18
41674.0,0,-0.855,27.6,28
78612.0,0,1.596,24.4,18
40756.0,1,-0.005,34.0,23
56415.0,0,0.526,39.2,23
50544.0,1,0.48,42.2,19
53440.0,0,0.56,44.2,32
49848.0,0,0.033,26.3,19
42584.0,0,-0.197,44.1,25
57165.0,1,1.06,49.8,31
48366.0,1,-0.493,35.4,17
56403.0,1,0.105,31.9,24
54858.0,0,0.667,30.4,21
40099.0,1,-0.398,42.3,28
26816.0,0,-1.52,26.8,17
52571.0,1,0.445,49.7,23
76544.0,1,1.056,41.8,21
47110.0,0,0.244,33.9,20
23925.0,1,-1.658,43.6,19
45308.0,0,0.624,47.5,23
86339.0,0,1.93,35.4,16
28269.0,0,-1.527,27.1,28
6145.0,1,-2.673,34.2,30
43743.0,1,-0.247,30.2,27
33857.0,1,0.07,43.9,23
57042.0,0,0.764,43.7,31
67666.0,0,0.8,53.3,24
44091.0,0,0.088,39.3,19
45488.0,1,0.529,44.1,30
46747.0,1,0.327,21.0,34
48818.0,1,0.12,23.7,24
52303.0,1,-0.058,24.6,21
40943.0,0,-0.152,7.5,25
57571.0,0,0.688,40.2,29
30253.0,1,0.396,15.3,25
55195.0,0,-0.42,57.3,28
59398.0,0,1.071,21.9,24
36642.0,0,-0.712,36.3,24
53526.0,0,-0.227,36.2,21
44746.0,0,0.131,50.5,18
14230.0,0,-1.862,31.0,26
45350.0,1,-0.37,40.2,18
59658.0,1,0.836,34.2,24
53874.0,1,0.796,40.7,18
27887.0,0,-1.167,35.7,28
24240.0,1,-0.811,22.4,23
17058.0,0,-1.052,31.6,32
42507.0,1,-0.23,31.4,28
48876.0,1,-0.063,44.0,19
25681.0,0,-1.557,22.3,24
65097.0,1,0.31,57.1,25
45756.0,0,0.07,28.1,25
36856.0,0,-0.071,40.2,19
42606.0,0,-0.657,40.9,21
44522.0,0,-0.179,40.1,24
12743.0,1,-1.736,25.2,25
44807.0,1,0.226,42.9,24
43776.0,0,0.206,22.2,25
68721.0,0,-0.103,34.8,25
23892.0,0,-1.151,34.1,15
71291.0,1,1.243,26.8,24
69179.0,0,1.103,48.0,27
13880.0,1,-1.827,17.3,25
51555.0,1,0.404,48.0,26
51852.0,0,0.149,32.7,22
14261.0,0,-2.504,23.4,16
42549.0,0,0.505,40.8,30
51932.0,1,0.635,40.4,19
64717.0,1,0.703,26.6,21
50922.0,0,0.158,36.5,19
49583.0,1,-0.635,54.9,19
36104.0,1,-0.498,36.9,27
62344.0,1,0.5,35.6,16
57897.0,1,1.143,63.3,24
39327.0,0,-0.475,39.0,27
55992.0,1,-0.269,39.7,30
47929.0,0,0.681,39.7,24
18709.0,1,-2.095,32.6,25
66069.0,1,0.438,26.4,31
52688.0,0,-0.222,43.7,26
26096.0,0,-2.133,44.4,30
59008.0,1,0.754,35.3,26
33644.0,1,-0.887,26.4,25
50617.0,0,0.775,34.1,17
61840.0,1,1.344,42.0,22
9618.0,0,-1.208,47.9,20
26867.0,1,-1.162,27.1,20
40292.0,0,-0.006,34.2,15
28505.0,1,-1.698,40.8,20
56933.0,0,0.716,42.2,23
44190.0,1,0.189,38.8,28
53985.0,0,0.963,35.1,28
20585.0,0,-1.775,47.4,24
57888.0,1,0.205,43.6,20
50938.0,0,0.461,25.5,24
28679.0,0,-1.74,69.2,27
53054.0,1,0.88,49.1,16
14510.0,0,-1.33,28.8,18
48514.0,1,0.189,34.8,22
25637.0,1,-1.268,21.8,24
46139.0,0,0.781,28.6,15
59852.0,0,1.676,27.7,22
29922.0,0,0.077,33.9,20
55667.0,0,0.05,48.5,23
67054.0,1,1.288,39.6,31
31768.0,1,-0.413,35.6,15
34953.0,0,0.074,38.8,24
54459.0,0,0.826,33.2,21
46270.0,0,0.442,40.6,24
68107.0,0,1.567,46.0,23
53486.0,0,1.205,57.1,33
56956.0,0,1.917,38.0,20
44470.0,1,0.031,27.7,27
54056.0,0,1.146,45.9,22
25476.0,1,-0.738,28.0,20
60163.0,0,0.947,27.9,26
82552.0,1,1.78,39.3,27
54861.0,0,2.366,50.6,17
31126.0,0,-1.144,27.6,22
31702.0,0,-0.087,52.7,18
46399.0,1,0.778,35.5,22
39637.0,0,-0.772,47.1,25
59317.0,0,0.622,35.1,27
47532.0,1,0.615,33.0,29
35365.0,1,-0.385,43.4,25
37429.0,0,-0.434,30.0,23
43336.0,0,-0.81,33.8,19
44916.0,0,0.39,48.9,29
65694.0,1,1.33,39.6,24
52187.0,0,0.376,41.4,26
67001.0,0,2.803,20.2,21
26324.0,0,-1.354,34.1,27
43955.0,1,-0.473,33.3,27
51261.0,1,0.751,34.4,23
34349.0,1,-1.023,62.0,27
48431.0,1,0.434,29.6,15
52844.0,0,0.89,28.2,30
54019.0,0,0.269,34.5,21
48969.0,0,-0.126,33.4,31
43221.0,0,1.014,14.6,23
47204.0,0,0.503,30.5,35
72312.0,0,0.803,46.1,25
56952.0,1,0.629,42.9,22
40077.0,1,-0.563,42.9,25
43644.0,1,-0.984,38.0,25
42126.0,1,-0.278,37.0,29
46917.0,0,0.268,28.3,26
24532.0,0,-0.094,40.0,15
59934.0,1,1.019,52.9,28
50883.0,0,0.342,34.4,23
58167.0,0,1.041,45.5,21
54957.0,0,0.205,52.9,24
38238.0,1,-0.616,28.1,21
63334.0,0,0.915,41.1,26
44119.0,0,0.576,35.2,27
40925.0,0,-0.739,35.3,20
62564.0,0,-0.317,30.9,30
74376.0,0,2.823,39.5,20
-6843.0,0,-3.238,29.6,18
70193.0,0,1.188,25.5,28
37819.0,0,0.134,51.8,19
50624.0,0,0.008,37.6,27
35609.0,0,-0.22,25.0,23
46063.0,1,-0.433,39.0,30
69784.0,1,2.394,50.4,24
43332.0,0,-0.37,48.3,33
37929.0,0,-0.236,43.1,25
49412.0,1,0.85,32.1,29
58181.0,1,0.436,54.7,19
35382.0,0,-0.119,44.2,21
41913.0,0,-0.226,39.9,21
47520.0,0,-1.259,42.9,25
58337.0,0,1.118,36.7,21
17924.0,0,-0.993,47.1,21
14266.0,1,-2.344,30.1,11
58532.0,0,1.08,39.3,37
36224.0,0,0.785,37.1,24
51155.0,0,0.379,27.2,22
41481.0,1,-0.474,43.4,24
51312.0,0,1.215,32.7,28
28552.0,1,-1.032,35.8,22
30107.0,0,-2.129,54.7,30
46851.0,0,0.194,41.3,22
55591.0,0,0.83,46.5,29
52474.0,0,0.646,32.4,22
71919.0,0,2.087,47.1,26
60098.0,1,0.854,27.7,25
35680.0,0,-0.196,32.0,25
48031.0,1,-0.163,35.4,22
52590.0,0,0.911,49.1,22
45657.0,1,-0.034,32.9,21
39536.0,1,-0.107,39.1,30
35059.0,1,-1.723,43.8,25
28442.0,0,-0.283,20.5,23
28952.0,0,-1.262,57.7,25
47878.0,0,0.256,48.2,31
40457.0,0,0.156,29.9,24
56006.0,1,0.73,32.6,23
59173.0,0,1.798,50.4,19
52898.0,0,-0.156,48.7,24
82064.0,0,1.456,42.2,32
-471.0,0,-1.102,28.7,23
60998.0,1,0.178,50.0,35
66029.0,0,0.97,52.7,31
70639.0,0,1.966,23.9,23
37292.0,1,-1.075,38.5,28
42986.0,0,-0.234,53.4,32
42772.0,0,0.162,27.5,26
46327.0,1,-0.079,37.2,16
46876.0,1,-0.929,48.0,16
42519.0,1,-1.606,26.9,34
31945.0,1,-1.201,40.0,17
47062.0,1,-0.061,18.1,25
44116.0,1,-1.317,47.5,26
72168.0,0,1.788,53.6,24
59287.0,1,1.244,40.1,25
23084.0,0,-1.88,39.2,28
41254.0,1,-0.473,39.8,19
67769.0,1,1.34,42.6,25
61148.0,1,1.464,33.7,20
51799.0,1,1.132,41.5,17
13711.0,0,-1.408,45.6,18
47727.0,0,-0.348,40.7,24
52588.0,0,1.293,44.3,30
48038.0,1,0.121,38.4,15
38699.0,1,-0.437,45.8,23
61512.0,0,0.521,30.4,17
51071.0,0,1.0,35.6,16
61903.0,0,0.156,38.9,23
48541.0,1,0.262,58.6,29
73866.0,1,1.089,55.7,24
55969.0,1,-0.545,31.9,22
35072.0,1,-0.895,38.6,31
58959.0,1,0.78,35.7,32
24880.0,0,-1.18,29.6,28
42803.0,0,0.512,32.2,17
24904.0,1,-0.713,46.8,16
45303.0,0,0.854,22.8,21
37033.0,1,-1.173,49.6,24
53988.0,1,1.148,32.4,20
41242.0,0,0.299,39.9,27
31764.0,0,-0.29,38.5,16
45645.0,1,-0.847,33.5,18
34311.0,0,-0.141,43.5,18
33390.0,0,-0.91,33.8,22
24515.0,0,-1.185,39.5,20
80562.0,0,1.086,57.7,19
55109.0,1,0.607,33.3,15
58856.0,0,1.242,51.3,27
20894.0,1,-1.34,26.3,28
39285.0,0,-1.935,60.7,29
32384.0,0,-1.573,15.2,31
56845.0,0,0.66,36.7,25
60057.0,1,0.815,19.2,26
37012.0,1,-1.844,36.9,28
59880.0,0,1.03,36.2,24
22320.0,0,-0.429,23.4,23
29609.0,1,-1.19,39.1,21
56079.0,1,-0.073,48.4,22
49465.0,0,0.573,41.5,24
38044.0,0,-0.21,33.5,29
50207.0,1,-0.172,49.2,24
33033.0,0,-0.839,53.8,33
39708.0,1,-1.418,29.6,29
46178.0,0,-0.375,42.3,26
25954.0,1,-1.625,26.3,28
52397.0,1,0.601,31.2,20
20780.0,1,-0.854,43.9,24
65598.0,0,1.311,44.5,34
19406.0,1,-1.59,47.5,27
53016.0,0,1.406,34.1,20
44939.0,1,-0.885,47.9,14
36813.0,1,-0.894,57.5,22
49933.0,1,0.292,43.8,13
61290.0,1,0.9,47.5,21
39360.0,1,-0.043,38.7,29
43198.0,0,-0.36,47.1,22
63943.0,0,1.995,56.9,27
57078.0,1,0.507,40.9,22
33190.0,0,-1.206,30.7,26
49512.0,1,-0.266,36.7,21
78818.0,1,1.693,43.2,21
50568.0,0,0.328,34.2,20
63821.0,0,0.825,57.9,26
69705.0,0,2.034,20.8,18
39548.0,1,-0.597,40.1,16
42582.0,0,0.373,41.2,19
41775.0,1,-0.67,47.7,23
49787.0,0,-0.008,48.5,23
44696.0,0,0.536,36.7,33
27956.0,1,-1.338,41.7,26
53412.0,1,0.144,31.0,24
61839.0,1,0.14,30.5,35
69732.0,1,1.054,39.8,26
28301.0,1,-0.597,37.7,24
20509.0,0,-1.278,42.6,22
56855.0,1,0.393,33.6,19
22471.0,0,-1.13,24.5,27
47074.0,1,0.179,46.9,23
45742.0,1,0.565,49.1,29
46770.0,1,-0.883,39.2,24
40196.0,0,-0.127,47.4,25
21313.0,0,-1.045,31.1,24
12273.0,0,-2.852,49.3,23
24162.0,0,-1.467,29.7,25
10230.0,1,-2.103,44.6,20
52731.0,0,0.006,40.3,16
26939.0,0,-1.084,50.8,27
48251.0,1,-0.157,45.9,21
47003.0,1,-0.062,47.5,19
59444.0,0,1.052,40.4,20
46478.0,1,-0.363,54.3,16
34267.0,0,-0.418,58.0,28
48111.0,0,0.492,33.1,26
58671.0,1,1.604,41.2,28
45615.0,0,-0.092,44.1,28
61923.0,1,0.328,42.5,26
46560.0,0,-0.207,31.0,29
26145.0,0,-0.717,35.8,20
17436.0,1,-1.561,32.6,22
58345.0,1,-0.094,30.0,27
53743.0,0,-0.283,35.5,17
41111.0,1,-0.263,42.4,23
84173.0,1,1.975,33.0,18
34751.0,1,-0.35,25.5,23
51451.0,1,0.319,34.1,24
44804.0,1,-0.362,33.9,27
50935.0,1,1.171,39.8,26
58970.0,1,-0.302,51.1,26
80766.0,0,1.854,49.8,17
22427.0,1,-0.274,10.2,30
64600.0,1,0.768,72.7,22
58174.0,0,1.011,55.4,24
58333.0,1,-0.247,27.4,21
55767.0,0,0.848,42.2,19
39047.0,0,0.055,29.2,20
39338.0,0,-0.769,61.1,18
42554.0,1,-0.682,28.3,32
47831.0,1,0.325,49.0,18
85243.0,0,1.782,38.7,21
30042.0,1,-0.5,45.9,27
60186.0,1,0.538,40.0,18
34684.0,1,-0.816,25.1,20
35716.0,1,0.249,20.8,27
56475.0,0,-1.316,38.3,20
39826.0,0,-0.798,37.3,30
44370.0,1,-0.015,33.1,21
31782.0,1,-0.759,51.2,15
47243.0,0,-0.279,38.2,22
68575.0,1,1.004,32.7,23
39496.0,0,-0.133,58.8,24
47298.0,0,-0.727,40.3,30
26516.0,0,-1.245,35.4,22
46183.0,0,-0.541,32.3,19
56803.0,1,1.147,32.4,27
36879.0,0,-0.088,28.9,23
46159.0,0,-0.153,29.4,19
48900.0,0,0.717,29.2,25
41445.0,0,0.833,26.0,22
52131.0,1,1.0,24.8,29
49969.0,0,-0.365,41.2,15
37724.0,0,-0.924,19.6,28
43108.0,1,-1.678,38.8,26
29953.0,0,-0.693,48.9,21
39443.0,0,-0.379,32.3,22
59849.0,0,0.724,37.7,28
53875.0,1,0.313,50.7,32
58715.0,1,-0.575,44.7,24
50764.0,0,0.878,27.8,17
37325.0,0,-1.267,37.3,22
32101.0,1,-1.061,35.7,24
38305.0,0,-1.186,49.7,23
29751.0,0,-1.102,58.0,22
40709.0,0,-0.264,32.0,25
37550.0,0,-0.857,45.4,22
46522.0,0,-0.771,46.8,31
80347.0,1,1.33,44.9,24
27202.0,1,-1.477,18.0,22
32294.0,1,-1.044,26.7,25
41508.0,0,-0.25,28.3,16
56834.0,0,0.433,28.9,32
50678.0,1,0.476,24.0,24
38529.0,1,-0.277,44.8,11
48835.0,0,-0.379,40.7,37
37023.0,0,-0.278,35.7,24
54694.0,1,0.733,11.9,27
33963.0,1,-0.933,46.3,22
8934.0,1,-2.364,19.5,28
44353.0,1,0.174,43.8,27
34799.0,1,-1.182,33.5,24
46713.0,0,-0.071,44.9,36
55222.0,0,1.379,32.9,28
57855.0,0,0.087,39.9,21
81299.0,1,1.826,30.2,25
30058.0,0,-1.603,45.1,23
34907.0,0,0.228,44.5,24
48650.0,1,0.379,38.3,27
63605.0,1,0.82,54.3,24
45494.0,1,-0.74,31.6,25
42906.0,0,0.151,5.3,33
50289.0,1,0.113,62.6,24
43999.0,0,0.081,62.7,24
22026.0,0,-1.382,44.7,16
21878.0,1,-1.733,29.9,28
55559.0,0,0.534,35.6,17
40628.0,1,0.341,13.5,29
50962.0,1,0.032,24.2,20
40818.0,1,0.634,31.1,24
52288.0,0,1.078,36.9,23
27197.0,1,-1.165,31.7,23
58591.0,0,0.781,45.1,20
80399.0,1,1.492,42.6,25
63931.0,0,1.026,39.4,26
54198.0,0,0.596,28.7,22
42062.0,0,0.713,37.6,24
29955.0,1,-1.433,47.6,26
53240.0,0,-0.484,36.9,32
47145.0,0,1.039,50.0,26
60957.0,0,1.498,34.8,32
62096.0,1,0.479,44.4,19
36767.0,0,-0.435,26.4,24
42474.0,1,-0.116,25.8,20
60384.0,1,0.878,33.8,30
62455.0,1,2.047,55.3,22
53827.0,1,0.82,26.8,24
42209.0,0,-0.49,36.2,30
63358.0,1,0.658,42.2,22
58611.0,1,0.47,47.0,24
90858.0,0,2.437,43.7,25
52761.0,0,0.635,38.4,25
38770.0,1,0.076,37.4,28
39254.0,0,-0.035,46.9,13
36963.0,0,-1.188,55.8,21
52738.0,1,-1.012,52.4,27
45523.0,1,-0.435,30.5,21
30504.0,1,-0.768,24.9,21
58336.0,1,0.235,36.0,25
67408.0,0,0.144,49.1,23
54660.0,1,0.986,52.2,24
88542.0,1,1.561,36.5,27
43700.0,1,0.2,27.3,21
35275.0,0,-0.15,28.6,25
38208.0,1,-1.812,43.2,24
49973.0,1,0.427,35.0,22
51211.0,1,0.707,62.3,25
38875.0,0,-0.724,32.0,23
43091.0,0,-0.345,14.2,18
38355.0,0,-0.653,63.3,19
74095.0,0,1.106,51.3,19
40389.0,1,0.667,25.2,18
32504.0,0,1.263,26.2,21
21579.0,1,-1.16,23.7,27
79287.0,0,2.706,46.7,21
24427.0,0,-0.81,35.7,24
42042.0,0,-0.98,43.2,29
52198.0,0,0.232,23.7,20
39164.0,1,-0.513,33.3,18
66162.0,0,1.858,51.9,24
31343.0,1,-0.373,24.9,20
40084.0,1,-0.647,28.0,17
55655.0,0,1.013,51.5,24
44539.0,1,1.259,35.9,23
36772.0,1,-0.803,36.4,21
34987.0,1,-0.444,26.5,30
37143.0,1,-0.327,33.4,17
34576.0,0,-0.129,21.1,18
62526.0,1,1.743,56.4,16
83106.0,1,1.289,39.0,18
53135.0,0,1.096,41.3,21
72407.0,0,1.303,30.9,29
40684.0,0,0.045,27.7,23
63103.0,1,0.9,34.7,22
48350.0,0,-0.047,25.5,28
40449.0,1,-0.727,33.4,31
52991.0,1,1.69,28.0,16
18068.0,0,-1.735,42.3,29
35071.0,0,0.025,29.9,30
37626.0,1,-0.557,45.3,25
35076.0,0,-1.645,50.0,22
33367.0,0,-0.365,32.4,21
56479.0,1,0.083,33.8,32
56602.0,1,0.475,38.4,22
28313.0,1,-0.813,25.5,24
58046.0,1,0.765,42.4,24
42670.0,1,0.317,47.2,19
55240.0,1,0.82,18.1,21
20861.0,0,-1.918,44.0,34
47167.0,0,-0.446,35.7,22
43257.0,0,-0.611,31.1,20
38282.0,0,0.579,33.5,29
39555.0,0,-0.737,30.8,28
40747.0,0,-0.51,43.4,22
13251.0,1,-1.143,31.7,31
32187.0,1,-1.196,53.2,22
45174.0,0,-0.937,39.0,20
71727.0,1,0.96,48.7,25
39706.0,1,-1.068,28.7,25
24488.0,0,-2.442,34.9,22
38918.0,0,0.282,51.3,30
42303.0,0,-0.463,34.7,29
69862.0,0,0.541,30.2,21
44717.0,1,0.522,55.5,23
42643.0,1,-0.327,22.9,33
46590.0,0,-0.435,46.7,25
40893.0,1,-0.568,34.4,26
42690.0,0,-0.025,54.6,24
53307.0,1,-0.794,41.6,28
49618.0,0,0.179,34.3,25
63656.0,1,1.365,57.1,21
42509.0,1,-0.683,32.1,18
32625.0,1,-0.644,67.2,17
41246.0,1,-0.652,44.6,32
43269.0,1,0.596,39.3,32
51924.0,0,0.64,38.3,17
62856.0,1,1.418,42.3,24
47215.0,1,0.699,36.2,29
58877.0,1,0.115,43.9,37
42487.0,0,0.444,38.9,24
29944.0,0,-1.317,32.7,25
52842.0,1,0.553,47.0,21
50757.0,1,0.165,37.4,19
81767.0,1,2.067,21.8,16
67964.0,0,1.368,38.6,23
23731.0,1,-0.829,21.4,19
49035.0,0,-0.571,32.9,30
55018.0,0,0.873,28.9,17
18108.0,0,-2.069,35.9,21
36591.0,0,-0.922,41.5,22
44159.0,0,0.365,46.5,30
64648.0,1,0.639,33.9,23
70370.0,1,0.181,39.0,24
50083.0,0,1.159,33.5,27
56076.0,1,-0.274,41.4,24
45172.0,1,0.093,48.1,29
45708.0,0,-0.195,53.1,23
36926.0,0,-1.094,28.6,27
65911.0,0,0.044,46.7,22
37534.0,0,-0.552,35.7,17
53939.0,1,0.079,38.0,17
16205.0,1,-2.612,15.6,24
59022.0,1,0.108,48.7,29
37695.0,0,-0.543,27.4,27
29602.0,0,-0.615,31.6,23
45170.0,0,0.044,36.1,30
54288.0,1,-0.471,58.7,23
56620.0,0,0.925,25.1,36
56048.0,0,1.245,27.3,21
52244.0,0,0.882,22.1,18
55545.0,1,0.963,34.1,26
36216.0,0,0.363,32.4,20
52762.0,0,0.032,44.9,21
25142.0,0,-1.279,40.1,16
34714.0,0,-0.367,32.0,26
59666.0,0,1.21,41.1,17
70577.0,0,0.765,38.3,31
40040.0,0,-0.487,42.4,20
44301.0,0,0.11,40.5,25
60349.0,0,1.057,43.4,18
37194.0,0,-0.159,41.3,28
63559.0,1,1.621,45.9,19
27661.0,0,-0.753,21.5,13
68313.0,0,0.79,41.0,26
62429.0,0,0.697,40.5,27
59607.0,1,0.176,34.9,28
58693.0,1,0.305,44.1,35
50364.0,1,0.542,31.5,32
27829.0,0,-2.261,16.4,18
50929.0,1,0.474,27.4,16
64456.0,0,1.147,41.5,32
48648.0,0,0.403,45.5,19
72026.0,0,1.141,38.9,27
24726.0,0,-1.174,28.4,23
54883.0,0,-0.062,40.4,27
67579.0,1,0.336,42.8,20
32589.0,0,-0.256,39.6,19
53267.0,0,1.192,36.5,27
61875.0,1,0.491,39.1,21
47007.0,1,-0.504,30.7,25
49116.0,0,0.82,41.3,21
47000.0,1,0.822,35.3,17
40035.0,0,-0.43,43.4,24
60779.0,1,0.631,35.3,31
53882.0,0,0.383,13.7,18
52277.0,0,0.359,35.2,25
37492.0,1,-1.244,45.0,24
59936.0,1,1.278,38.0,24
56736.0,1,0.651,51.0,20
53317.0,0,-0.021,29.3,33
62877.0,0,0.352,50.7,25
43057.0,0,0.339,41.3,19
43583.0,0,-0.299,53.1,23
32757.0,0,-0.579,48.9,19
55140.0,0,0.102,22.7,19
42828.0,0,-0.59,29.8,22
43856.0,1,-0.48,44.6,19
28200.0,0,-1.158,48.6,17
49366.0,1,-0.273,48.2,28
55731.0,1,1.007,29.0,26
55972.0,1,0.216,43.0,31
39777.0,1,0.05,33.6,27
38355.0,1,-0.313,54.4,18
29935.0,0,-0.423,49.4,23
26758.0,1,-1.493,32.7,32
78768.0,0,1.654,58.5,20
29849.0,1,-0.724,37.1,31
36314.0,0,-1.497,38.5,22
51281.0,1,0.401,41.7,16
46511.0,1,0.254,18.9,19
62385.0,0,-0.517,50.2,30
31530.0,1,-1.472,44.9,25
27682.0,1,-1.378,36.9,20
71458.0,1,1.567,54.3,21
59613.0,1,-0.117,27.6,25
32501.0,0,-0.653,53.6,30
60709.0,0,1.858,35.5,24
31899.0,1,-0.545,53.0,17
49558.0,1,-0.924,26.6,23
58612.0,1,0.544,27.4,29
52960.0,0,0.366,49.4,31
66600.0,0,1.562,26.2,21
28444.0,1,-1.557,38.9,26
64170.0,0,0.288,33.9,22
17136.0,0,-1.696,42.7,23
55908.0,0,0.46,52.4,24
42033.0,0,-0.655,35.3,23
46840.0,0,-0.462,54.0,27
46193.0,1,-0.737,47.1,22
44222.0,1,0.838,43.8,25
70841.0,0,1.622,51.3,21
59265.0,0,-0.087,36.1,31
34197.0,1,-0.258,51.3,21
48820.0,1,-0.504,36.4,29
64534.0,1,0.522,37.7,31
37926.0,0,-1.032,53.7,23
75557.0,0,3.543,35.9,16
55012.0,0,-0.235,17.4,21
52772.0,0,1.711,43.0,16
47578.0,1,0.146,29.8,24
26147.0,1,-1.375,35.1,28
21189.0,0,-1.566,51.5,21
41392.0,0,-0.426,20.0,37
27269.0,0,-0.723,47.1,23
39117.0,0,-0.253,47.6,22
23645.0,1,-1.159,57.2,22
62135.0,1,2.342,27.7,24
83826.0,0,2.122,20.9,29
35664.0,1,-1.82,40.9,21
51909.0,0,0.472,46.3,19
53392.0,0,1.189,30.7,15
43144.0,1,-0.348,44.5,28
56164.0,1,-0.24,20.4,31
58730.0,0,1.079,42.0,30
57538.0,1,0.527,21.7,27
41804.0,0,-1.232,26.0,28
51442.0,0,1.212,36.2,31
66439.0,1,-0.507,38.1,29
62736.0,0,1.845,44.7,21
29031.0,0,-0.98,44.5,29
23491.0,0,-2.318,37.0,20
53272.0,1,0.079,60.2,24
61084.0,0,1.196,34.7,20
54445.0,1,0.495,19.8,26
34547.0,0,0.133,51.7,25
42530.0,0,-0.95,46.8,23
47220.0,0,0.895,40.3,24
35330.0,0,-1.889,40.3,33
64473.0,1,0.767,30.2,22
34912.0,0,-1.247,47.4,29
37739.0,0,-0.637,48.3,21
38437.0,1,-1.362,53.2,30
29930.0,1,-0.958,24.6,21
61855.0,0,1.454,35.4,20
20295.0,1,-1.229,22.9,25
44130.0,0,0.146,40.4,24
32438.0,0,-0.854,41.3,15
72860.0,0,0.985,45.0,21
23929.0,0,-1.42,42.8,20
46991.0,0,-0.049,43.8,24
55818.0,1,0.858,41.1,19
79529.0,0,2.226,32.5,30
28140.0,1,-1.25,32.9,31
21427.0,0,-0.942,47.9,27
51290.0,0,-0.11,16.4,28
67039.0,0,1.434,29.2,33
10629.0,0,-1.093,10.3,17
45402.0,1,0.767,41.9,18
39861.0,0,-0.696,43.2,27
38586.0,0,-1.112,47.8,29
39591.0,1,-1.673,38.0,28
48464.0,1,0.067,36.3,11
48342.0,1,0.925,48.3,16
41072.0,0,-0.174,45.3,19
23796.0,1,-2.215,36.2,25
34033.0,0,-0.639,31.4,19
56732.0,1,0.906,54.8,16
46715.0,1,0.809,35.1,34
48596.0,1,0.205,39.7,23
55240.0,0,1.421,12.1,21
21941.0,1,-1.36,40.3,15
28889.0,1,-1.325,52.6,26
55188.0,0,2.341,41.3,19
46849.0,1,0.604,11.3,13
39502.0,0,-0.282,28.6,21
53361.0,1,-0.571,43.9,27
21219.0,0,-2.69,35.9,19
56787.0,1,0.773,34.2,22
15058.0,1,-2.176,35.2,18
20961.0,0,-2.075,26.5,29
42644.0,0,-0.129,29.0,27
67867.0,0,1.451,49.9,23
54708.0,1,-0.481,29.7,20
46776.0,1,0.301,37.7,23
41015.0,1,-0.52,49.2,34
49999.0,1,0.325,44.1,20
17099.0,0,-1.772,49.0,31
74003.0,0,2.06,33.9,24
44182.0,1,-1.059,48.6,26
46085.0,0,0.492,49.1,25
20119.0,1,-2.159,29.7,18
58053.0,1,1.729,44.1,32
57049.0,1,0.366,14.0,36
65311.0,1,1.964,34.3,22
35958.0,1,-0.744,41.3,30
50521.0,0,0.983,43.7,20
38476.0,1,-0.252,26.1,19
43765.0,1,-0.117,40.2,34
54399.0,0,1.254,43.6,27
44408.0,0,-0.989,47.0,27
67807.0,1,0.685,41.6,33
56208.0,1,1.916,45.0,19
55026.0,0,1.719,43.9,26
56572.0,0,1.022,41.8,27
44667.0,0,0.277,45.4,24
51340.0,0,-1.044,39.9,30
64153.0,1,1.408,28.0,18
33172.0,0,-0.747,39.8,21
60693.0,0,1.174,52.0,19
40614.0,0,-0.388,34.3,30
54387.0,0,-0.038,27.6,20
56683.0,1,-0.051,24.4,18
58599.0,0,0.571,44.3,25
34916.0,0,-0.494,31.2,22
30677.0,1,0.137,39.5,23
30410.0,0,-0.577,15.0,22
52846.0,0,0.494,26.9,23
52427.0,0,0.244,54.1,21
35792.0,0,0.392,53.2,27
30913.0,1,-0.906,55.3,28
49717.0,1,0.286,29.6,27
32932.0,1,-0.002,33.6,31
56081.0,1,0.549,39.7,30
46439.0,1,0.007,50.2,20
16998.0,0,-1.035,32.9,24
60228.0,1,0.693,38.1,27
33495.0,0,-0.731,39.8,24
30797.0,1,0.242,33.7,15
18748.0,0,-2.157,35.0,34
59281.0,1,0.463,40.0,24
50899.0,0,0.625,25.2,28
35853.0,0,-0.985,47.6,32
50251.0,0,0.545,38.1,21
43533.0,1,-0.429,29.6,21
62156.0,1,1.355,51.5,22
54448.0,0,0.625,34.6,30
40528.0,0,-1.319,52.9,23
43658.0,1,-0.257,52.8,29
28060.0,1,-1.847,44.8,21
27986.0,0,-0.377,37.5,19
51205.0,1,0.503,47.0,29
64597.0,1,0.793,36.7,17
57749.0,1,-0.159,46.4,21
55465.0,0,-0.293,37.8,25
48671.0,1,0.115,21.3,24
30642.0,0,-0.661,34.1,18
52700.0,1,0.285,45.8,24
50566.0,1,1.093,36.3,30
70380.0,1,0.153,43.1,17
70179.0,1,0.833,28.5,25
37979.0,1,-0.833,19.0,20
49304.0,1,-0.537,48.9,26
74146.0,1,0.308,53.0,21
67173.0,0,2.021,46.0,32
60609.0,1,0.997,28.3,22
71626.0,0,1.707,29.4,32
47281.0,1,0.025,38.1,19
64239.0,1,1.237,25.2,32
19470.0,0,-1.731,33.1,22
63869.0,1,0.511,43.5,22
22125.0,1,-2.136,50.1,26
59154.0,0,1.234,67.4,23
56526.0,0,0.475,37.9,20
68717.0,1,1.173,27.9,16
57243.0,1,0.401,36.3,17
39254.0,1,-0.511,50.7,20
29129.0,1,-0.758,23.7,24
26238.0,0,0.19,42.2,29
66379.0,0,1.518,35.3,21
66810.0,1,0.636,59.4,24
39774.0,1,-0.548,51.5,22
46355.0,0,-0.574,44.2,18
34539.0,0,-0.714,35.1,26
38637.0,0,-0.213,42.1,21
46456.0,0,-0.09,38.2,29
43456.0,1,-0.486,55.9,18
38248.0,0,0.011,45.8,23
24767.0,0,-1.594,50.5,24
77284.0,0,1.587,29.2,20
44843.0,1,0.255,47.1,24
62020.0,0,1.552,41.2,19
66707.0,1,0.301,55.2,28
33138.0,1,-0.19,27.0,25
45556.0,1,0.097,38.1,20
37979.0,0,0.235,39.6,20
32347.0,1,-0.657,29.4,20
41485.0,0,-0.371,56.7,21
71304.0,1,1.948,29.2,20
55318.0,1,0.965,35.0,32
29767.0,1,-0.508,32.8,25
56376.0,1,0.546,31.2,21
43686.0,0,-0.828,45.9,18
57497.0,1,1.439,38.0,20
43560.0,0,-1.001,53.8,20
53371.0,0,0.925,43.5,18
42067.0,1,0.049,49.4,31
42131.0,0,0.058,38.4,18
44277.0,0,-0.796,44.2,29
23782.0,0,-0.237,30.7,22
42073.0,0,-0.746,32.3,26
31945.0,1,-0.848,39.2,19
56532.0,0,0.49,40.2,27
82552.0,1,2.564,48.1,13
51164.0,1,-0.322,41.4,27
50161.0,1,1.034,36.2,25
61302.0,0,0.011,45.4,20
22939.0,0,-0.697,23.1,17
65648.0,1,1.379,17.0,25
48707.0,1,0.666,37.4,16
50280.0,0,1.175,47.0,22
30369.0,0,0.141,33.8,24
51581.0,0,0.172,44.5,25
47561.0,1,-0.8,46.6,25
35635.0,1,-0.244,41.8,28
67707.0,1,1.723,67.6,20
19784.0,0,-2.273,39.4,21
55659.0,1,0.419,42.9,22
74645.0,1,1.511,35.6,25
51388.0,1,0.836,49.6,27
62127.0,0,0.918,37.7,27
40043.0,0,-0.237,32.2,17
45371.0,0,1.171,36.6,29
54221.0,0,1.199,31.1,24
45155.0,0,-0.005,41.1,15
66236.0,0,1.724,41.6,18
23133.0,1,-0.455,41.1,21
20294.0,0,-2.465,37.1,26
35223.0,1,0.024,28.7,29
29664.0,0,-0.079,43.2,24
52728.0,1,-0.822,37.9,29
24542.0,0,-0.428,27.1,26
39678.0,1,-0.508,36.8,15
39381.0,1,-1.808,40.7,23
66725.0,0,1.275,44.4,31
46553.0,0,0.04,36.0,23
71000.0,1,2.739,40.9,23
46844.0,1,0.019,28.8,19
44100.0,0,0.433,19.9,26
14988.0,0,-1.487,33.5,19
54617.0,1,1.057,36.1,16
32777.0,0,-1.064,28.0,22
49369.0,0,0.575,30.9,20
50582.0,0,0.964,39.0,21
50870.0,1,0.801,44.5,28
30477.0,0,-0.806,57.7,28
38364.0,1,-0.776,23.8,25
50231.0,0,0.794,37.7,23
47467.0,1,1.223,30.5,28
73042.0,0,1.487,37.3,21
51188.0,1,0.003,25.6,23
52530.0,1,-0.075,43.9,21
58998.0,0,1.835,39.6,25
33832.0,0,-0.566,46.7,22
53691.0,0,0.795,45.1,26
30129.0,1,-0.285,37.7,19
43078.0,1,-1.404,41.6,16
32557.0,0,-1.095,48.7,18
59793.0,1,0.482,35.0,19
43698.0,0,0.249,25.6,30
56146.0,0,0.522,28.0,31
33100.0,0,-0.327,33.1,20
38420.0,1,-0.479,33.7,19
44836.0,0,0.311,18.5,33
31013.0,0,-0.16,59.4,27
27609.0,0,-1.59,43.9,22
39126.0,0,-0.414,45.1,19
67834.0,0,1.727,41.9,36
33865.0,1,-0.746,41.0,21
48261.0,0,0.574,37.0,22
52740.0,0,-0.061,27.2,36
65291.0,0,0.755,34.0,19
19200.0,1,-0.856,27.8,32
48290.0,0,-1.266,41.4,28
60620.0,0,0.465,46.5,23
44417.0,0,-0.69,29.5,21
37133.0,0,-0.022,34.2,25
58260.0,1,-0.303,38.9,26
58026.0,1,0.98,31.7,24
52788.0,0,0.27,42.5,23
53289.0,1,0.153,25.6,29
29121.0,1,-0.966,22.6,21
31114.0,0,-1.564,32.7,25
39588.0,0,-0.83,43.7,23
52632.0,1,0.847,38.2,24
60830.0,1,0.704,44.6,25
31766.0,0,0.594,35.3,17
45669.0,0,-0.395,37.9,22
28237.0,0,-1.02,46.8,17
59579.0,0,1.159,61.3,16
54299.0,1,0.19,43.3,16
58019.0,0,0.542,45.1,31
39203.0,1,-0.938,46.2,23
23844.0,0,-0.681,43.7,22
53962.0,1,0.651,38.0,21
48470.0,0,0.744,25.5,32
19507.0,1,-0.995,42.1,30
54659.0,0,0.293,52.0,18
16493.0,1,-1.168,29.5,19
58795.0,1,1.224,56.0,21
39744.0,0,0.667,43.9,18
79398.0,0,2.278,33.1,23
74506.0,1,1.513,24.0,21
34039.0,1,-0.657,42.8,27
41184.0,1,0.2,32.3,28
48009.0,1,-0.474,37.1,24
44758.0,1,0.143,48.5,30
71085.0,0,0.784,52.4,22
58886.0,0,-0.005,43.0,26
45587.0,0,0.062,26.3,17
44665.0,0,-1.337,34.0,29
49251.0,0,0.58,37.3,18
46977.0,0,-0.014,57.6,14
48989.0,0,0.625,43.8,34
57345.0,1,1.041,35.5,25
46219.0,1,0.033,24.2,11
42941.0,0,0.699,29.7,31
42283.0,0,-0.603,48.7,37
72330.0,0,0.945,31.9,30
48084.0,1,-0.022,43.7,21
46588.0,1,-0.591,38.2,26
42939.0,1,-0.23,54.4,23
33258.0,0,-1.417,35.7,19
33042.0,0,-0.649,30.9,33
47893.0,1,-0.429,37.5,39
45008.0,0,0.025,48.3,21
63360.0,0,-0.088,38.5,21
41670.0,1,-0.644,31.6,27
47182.0,1,-0.187,35.6,22
26061.0,0,-2.134,24.3,15
33606.0,1,0.087,38.6,30
51470.0,1,0.552,37.9,23
47177.0,1,0.781,31.9,26
68821.0,1,1.068,27.3,28
46933.0,0,-0.211,52.2,20
42082.0,0,-0.09,33.3,20
27110.0,1,-0.484,36.1,23
55181.0,1,-0.489,58.3,23
53562.0,0,0.115,37.4,18
61634.0,0,1.328,33.7,20
35993.0,1,-1.693,41.3,27
45042.0,0,-0.505,57.7,20
50094.0,0,0.263,38.8,24
42520.0,0,-1.005,40.5,36
60272.0,0,0.398,36.5,24
35396.0,1,-1.38,36.2,19
51769.0,1,-0.362,34.2,25
28886.0,1,-1.661,29.4,26
46244.0,0,0.254,33.5,28
37060.0,0,-0.801,37.5,21
54554.0,0,0.621,33.4,21
46596.0,1,-0.315,56.3,23
51110.0,1,-0.978,52.1,24
64727.0,1,-0.443,23.0,16
43085.0,1,0.097,43.5,27
51054.0,0,-0.041,42.6,21
52601.0,0,-0.285,32.3,23
40285.0,0,-0.379,40.8,24
47644.0,0,-0.022,58.4,21
47237.0,0,0.805,37.0,24
29521.0,0,-0.601,50.7,21
53174.0,1,0.401,40.2,21
28449.0,0,-1.349,40.4,21
33071.0,0,0.882,31.9,20
44576.0,1,0.326,47.4,20
49491.0,1,-0.382,41.6,24
32996.0,0,-0.36,32.2,17
35190.0,1,-1.714,38.2,19
64084.0,1,0.058,40.2,35
41004.0,1,-0.276,41.9,20
38589.0,0,-1.416,42.7,17
32953.0,1,-0.47,32.8,27
59833.0,0,0.538,39.7,22
47535.0,0,0.142,49.1,12
63549.0,0,0.238,33.7,24
33105.0,1,-0.581,56.7,28
47645.0,1,0.809,26.4,20
56354.0,1,-0.054,23.9,25
68881.0,0,0.811,46.9,24
75971.0,1,2.165,34.7,18
37404.0,0,-2.01,32.7,26
31707.0,1,-0.525,32.3,17
55449.0,1,-0.019,54.0,21
40062.0,0,-0.753,58.4,24
56599.0,1,0.998,47.8,21
51596.0,1,-0.368,52.5,23
64492.0,0,1.634,38.5,30
30710.0,0,0.73,36.7,23
50379.0,0,0.401,43.7,20
55987.0,1,-0.037,43.6,27
71373.0,1,0.821,53.4,25
48512.0,1,0.473,38.2,21
62473.0,0,1.443,34.3,22
61512.0,1,0.406,43.0,25
59147.0,1,1.013,46.0,24
40820.0,1,0.398,13.8,18
46359.0,1,0.327,44.2,32
34474.0,1,-1.544,18.4,21
54503.0,1,0.007,42.6,23
61689.0,1,0.388,34.2,30
39475.0,1,-1.153,39.3,25
16075.0,1,-1.371,18.1,23
42115.0,0,-0.3,39.1,24
37481.0,0,0.292,39.9,25
25934.0,1,-1.682,18.2,25
65933.0,1,0.31,34.0,28
62251.0,0,0.95,54.2,24
45656.0,1,-0.245,49.3,20
51424.0,1,0.239,35.7,23
41098.0,0,0.462,31.3,25
36142.0,1,-0.653,38.9,24
75428.0,1,0.616,37.0,22
47769.0,0,0.448,33.1,24
23861.0,0,-1.224,39.4,28
44488.0,0,0.514,46.5,21
62238.0,0,0.868,34.6,27
33994.0,1,-1.065,31.5,19
48834.0,0,0.861,41.2,24
29709.0,1,-0.261,46.1,20
42207.0,1,-1.327,46.1,21
51993.0,0,-1.026,48.2,33
39691.0,1,-0.875,41.9,27
54469.0,1,0.535,63.0,25
44100.0,0,-0.476,34.5,32
18361.0,0,-0.388,43.2,20
16643.0,1,-1.252,30.0,18
36544.0,1,0.022,42.4,22
43261.0,0,-1.233,23.9,18
42046.0,1,-0.665,23.8,24
55935.0,1,0.606,39.9,28
47054.0,0,0.658,42.9,28
45705.0,0,-0.527,46.0,21
50961.0,1,-0.051,21.3,20
62969.0,1,0.527,45.4,14
49632.0,0,-0.011,34.1,22
58289.0,0,1.193,66.6,29
46141.0,1,1.328,31.0,25
50572.0,0,-0.086,28.9,19
23394.0,0,-1.22,37.9,23
37833.0,0,-0.151,51.7,29
59381.0,1,1.337,36.5,27
44023.0,0,1.119,30.5,17
53696.0,1,1.176,31.0,19
48603.0,0,1.11,35.7,22
44070.0,1,-0.507,20.4,22
54244.0,1,0.277,59.3,27
54545.0,1,1.08,43.4,22
50354.0,1,0.268,35.1,22
62244.0,1,0.878,35.3,22
28834.0,0,-0.994,38.0,27
25291.0,0,-1.203,34.1,27
71011.0,0,2.006,40.1,29
46098.0,0,0.772,31.6,28
67519.0,1,0.616,34.2,25
66954.0,1,1.466,24.5,24
79900.0,1,2.225,49.9,17
77160.0,1,2.876,34.6,26
33242.0,1,-2.377,33.4,30
56554.0,1,0.4,42.2,20
51166.0,1,1.044,22.0,20
25311.0,1,-1.892,39.7,18
23401.0,0,-1.764,42.4,26
39339.0,1,-0.161,36.4,27
66147.0,1,1.899,14.1,25
59975.0,1,0.955,46.7,28
76387.0,1,2.168,45.3,25
46004.0,0,0.304,28.0,25
65859.0,1,1.089,52.0,27
72217.0,1,1.538,26.9,27
58808.0,0,0.477,29.7,18
48659.0,0,-0.002,51.2,24
44609.0,0,0.14,47.0,35
7546.0,0,-3.672,35.8,31
50113.0,0,0.336,43.6,27
20411.0,0,-1.85,31.3,25
33258.0,0,-0.808,27.6,25
58332.0,0,0.716,32.2,29
59459.0,1,0.407,51.2,38
32945.0,1,-1.993,49.2,26
57981.0,1,0.533,41.1,27
68008.0,1,0.757,65.4,29
40383.0,1,0.203,46.4,22
66261.0,0,0.692,34.0,22
49106.0,1,0.572,46.3,33
20208.0,1,-1.704,45.0,18
39788.0,1,-0.21,23.4,20
40773.0,1,-0.299,26.7,23
43899.0,0,-1.22,52.2,31
46454.0,0,-0.053,26.2,18
31572.0,0,-0.822,37.8,18
57851.0,1,-0.09,49.8,27
36244.0,1,-0.873,52.5,23
66214.0,1,1.041,35.2,28
69222.0,0,2.211,13.4,19
50301.0,0,-0.582,38.1,24
40859.0,0,0.031,45.3,14
45878.0,0,0.044,34.6,26
38808.0,0,0.436,19.1,28
42251.0,1,-0.183,32.1,22
25067.0,1,-2.243,46.8,21
50520.0,0,0.341,45.5,22
31354.0,0,-0.143,31.6,26
46643.0,1,-1.09,40.9,21
43509.0,0,-0.216,33.9,25
51534.0,0,-0.525,42.2,29
60184.0,1,0.219,29.3,25
35404.0,0,-0.338,38.7,28
40422.0,0,-0.301,30.0,18
60726.0,1,0.086,50.6,23
58359.0,1,0.225,33.1,23
47350.0,1,-0.006,39.2,27
60096.0,1,1.152,29.4,17
48888.0,1,0.221,17.3,14
50904.0,1,-0.793,35.7,27
56809.0,0,1.709,25.1,25
54831.0,0,0.098,46.8,25
76958.0,0,1.547,49.3,18
25906.0,0,-1.088,34.4,21
51238.0,1,0.542,28.2,24
77451.0,0,1.703,46.0,25
63313.0,0,1.252,34.0,26
51780.0,1,0.07,46.0,37
25471.0,0,-0.609,47.0,15
39813.0,1,-0.627,35.4,25
49933.0,1,-0.208,55.4,27
49966.0,1,-0.996,41.7,26
45002.0,0,-0.771,45.9,20
44080.0,0,-1.02,39.1,30
23906.0,1,-1.025,28.0,28
57424.0,1,0.215,40.1,27
33082.0,1,-1.794,35.1,24
55182.0,0,0.141,48.7,19
39103.0,0,0.666,30.6,24
30341.0,0,-0.968,40.1,25
36709.0,0,-0.937,44.2,27
55799.0,1,-0.001,55.2,21
31155.0,0,-0.066,32.5,24
67252.0,0,0.928,39.3,25
19824.0,1,-2.02,30.1,17
47068.0,1,-0.093,28.5,22
55449.0,1,1.383,32.7,29
44327.0,0,0.062,49.4,26
72109.0,1,1.75,48.6,24
63686.0,1,2.165,38.1,26
41775.0,0,-0.57,29.8,26
70549.0,0,1.482,49.2,27
36040.0,0,0.5,40.8,16
53889.0,0,-0.033,42.3,20
43620.0,1,-0.3,43.0,27
51548.0,0,-0.239,51.3,25
37646.0,0,-0.931,43.3,23
41671.0,1,-0.188,37.2,15
51279.0,1,0.924,34.7,22
54920.0,1,1.246,36.4,21
50531.0,0,-0.399,36.2,20
42830.0,0,0.516,28.8,19
52370.0,1,0.464,29.2,30
14112.0,0,-2.38,55.4,24
58351.0,1,0.7,49.2,30
23081.0,0,-1.251,32.4,32
29152.0,1,-1.165,38.1,22
50556.0,1,0.826,35.3,20
66771.0,1,1.665,42.9,17
26360.0,1,-1.129,34.6,25
38978.0,0,-0.904,38.1,29
44628.0,1,-0.97,40.9,21
33997.0,1,-0.549,50.4,28
43231.0,0,-0.404,35.8,23
41791.0,1,-0.853,37.3,17
29735.0,0,-1.655,26.2,28
59800.0,1,1.752,28.2,21
29637.0,0,-0.525,36.2,16
34896.0,1,-0.788,28.2,17
38677.0,0,0.877,16.5,21
38052.0,0,-0.393,27.0,31
56331.0,1,1.061,35.0,20
56437.0,1,0.761,32.3,23
54284.0,1,0.963,35.9,27
38585.0,1,-0.426,29.7,10
57790.0,1,0.612,41.6,29
24820.0,1,-1.58,46.6,15
25718.0,0,-1.402,53.9,15
53426.0,0,0.043,44.5,25
39595.0,1,-0.331,36.6,23
51810.0,0,1.324,47.1,22
46194.0,1,-0.295,24.4,27
29655.0,1,-1.795,15.0,26
44963.0,1,0.04,53.8,18
37117.0,0,-0.316,38.2,20
48390.0,1,0.17,25.1,35
39611.0,1,-1.188,52.3,27
34353.0,1,-0.798,53.0,21
40073.0,1,0.043,43.4,24
67041.0,1,0.723,33.5,24
66550.0,1,0.394,60.0,30
48131.0,1,0.737,33.4,21
39225.0,1,-1.473,35.3,23
37457.0,1,-0.23,34.3,21
46201.0,0,0.204,38.5,18
57275.0,0,0.953,21.4,19
46083.0,0,0.253,32.1,21
29769.0,0,-0.252,42.8,26
56531.0,0,-0.13,56.9,22
48213.0,1,-0.099,35.0,21
18865.0,1,-1.439,35.4,22
59749.0,0,0.021,40.5,16
54004.0,1,0.8,46.9,22
65310.0,0,0.706,50.8,29
29048.0,1,-1.87,33.8,30
39470.0,1,-0.006,21.6,25
28005.0,1,-1.51,12.8,23
55498.0,0,1.09,53.0,19
43107.0,1,0.536,41.2,19
69118.0,1,0.706,46.4,23
46064.0,0,-0.67,46.4,22
22976.0,1,-1.94,44.3,20
33840.0,0,-1.048,58.3,20
43284.0,1,-0.356,42.4,17
23406.0,1,-1.504,52.8,25
39206.0,0,-1.01,32.3,26
68120.0,0,1.752,43.4,23
34191.0,0,-1.322,32.8,26
53333.0,0,0.546,32.8,15
6694.0,0,-1.868,22.1,21
53610.0,1,0.25,39.1,30
60037.0,1,0.836,37.9,22
54068.0,1,0.445,50.2,32
69704.0,1,1.204,33.4,26
73246.0,0,1.796,30.1,26
27727.0,0,-1.381,31.8,24
39859.0,1,0.266,28.7,28
45632.0,1,0.523,47.2,28
64008.0,0,0.429,45.8,24
60234.0,0,1.597,17.4,17
48202.0,0,0.287,46.9,25
65298.0,1,1.216,30.2,24
73915.0,1,1.172,42.8,28
46663.0,0,0.165,26.2,22
51776.0,0,0.567,51.2,19
20642.0,0,-0.744,21.9,19
51477.0,1,0.337,29.5,27
49893.0,0,0.215,41.5,22
34860.0,0,-0.122,27.1,20
37044.0,1,-0.434,42.9,22
54932.0,0,1.0,26.6,19
42611.0,1,-0.078,43.4,23
63823.0,0,2.312,49.8,23
53442.0,1,1.345,13.7,16
53350.0,0,0.798,45.5,19
50411.0,1,-0.541,43.2,14
63978.0,1,0.947,27.3,26
47365.0,1,0.184,38.6,31
47759.0,1,0.132,37.3,15
18896.0,0,-1.049,59.3,23
54126.0,1,0.628,35.7,21
44168.0,1,0.297,44.3,30
42078.0,0,-0.413,33.9,24
43774.0,1,-0.621,39.5,25
36463.0,1,-0.22,42.1,18
17278.0,0,-1.268,34.1,19
55701.0,1,-0.496,45.7,22
78638.0,1,1.435,33.2,24
32490.0,1,-0.592,34.4,23
78098.0,1,2.367,33.0,30
32935.0,0,-1.281,33.9,28
44355.0,0,1.147,42.6,27
70980.0,1,1.142,44.2,21
58727.0,0,1.22,19.1,20
45011.0,1,0.631,25.9,23
9514.0,0,-1.546,36.5,23
64774.0,1,1.204,38.6,28
61413.0,1,1.126,20.2,23
36840.0,0,0.099,45.6,26
19084.0,1,-2.301,58.5,24
48353.0,1,1.129,35.8,32
31090.0,0,-0.87,32.2,24
47371.0,1,-0.221,26.2,27
43221.0,0,1.294,33.2,24
48686.0,1,1.381,29.2,29
46301.0,1,0.438,36.5,22
34169.0,0,-0.504,38.9,16
61610.0,0,1.758,20.0,23
65151.0,0,1.206,43.9,31
37634.0,0,-0.102,41.2,25
43969.0,1,-0.912,25.9,33
66567.0,0,0.335,47.8,22
22773.0,0,-1.307,52.3,24
66452.0,1,1.816,28.9,25
47596.0,1,0.551,42.2,18
34569.0,1,-0.315,31.2,24
59637.0,0,0.45,32.3,19
19768.0,1,-1.633,35.2,24
21293.0,0,-0.031,18.9,20
50068.0,1,-0.606,37.0,27
43257.0,1,-1.551,30.0,25
28984.0,0,-0.603,32.6,28
47360.0,0,0.378,33.4,21
25100.0,0,-1.405,28.9,22
45571.0,1,-0.17,49.2,21
27008.0,0,-1.435,36.9,21
52079.0,0,0.224,51.3,22
32943.0,1,-1.743,25.3,15
45042.0,1,0.736,32.2,32
54242.0,1,0.685,27.8,19
57230.0,1,0.853,29.5,24
76236.0,1,1.83,39.8,22
48782.0,0,0.189,44.4,19
54513.0,1,0.134,59.5,20
47929.0,0,0.62,32.5,25
45998.0,1,-0.455,43.2,30
31937.0,1,-1.892,38.0,24
33716.0,1,-1.218,33.2,28
27954.0,1,-1.216,34.3,26
44687.0,1,0.203,32.8,19
41702.0,1,-0.633,58.5,28
46098.0,0,-0.389,40.7,25
41225.0,1,0.571,45.5,16
58909.0,1,0.195,32.3,19
61923.0,1,2.012,43.2,22
34492.0,0,-0.045,37.6,23
44309.0,1,-0.94,33.5,27
65529.0,1,1.277,37.3,20
35804.0,0,-0.41,30.2,30
60416.0,1,-0.066,52.1,23
66069.0,1,1.004,33.8,24
43679.0,1,0.188,31.6,27
61903.0,1,0.709,28.5,17
37482.0,0,-0.611,29.0,26
31553.0,1,-0.283,30.6,29
60492.0,0,0.658,18.7,32
42289.0,1,-0.518,30.3,26
45292.0,1,-0.374,42.8,29
44364.0,1,-0.014,52.3,24
87490.0,1,1.627,45.0,22
72110.0,0,1.512,44.0,19
41180.0,1,0.269,49.1,31
43406.0,0,0.11,26.9,27
40991.0,0,-0.656,49.1,25
59082.0,0,1.373,45.1,20
73860.0,0,0.465,40.1,18
68712.0,1,1.001,35.3,27
41634.0,1,-1.352,42.9,18
51789.0,0,0.868,45.4,23
51461.0,1,0.218,21.3,30
52853.0,1,0.826,40.6,22
61288.0,0,1.11,43.4,33
58334.0,0,0.085,43.8,21
37476.0,0,-0.291,27.3,26
46570.0,0,0.771,31.8,27
27949.0,0,-1.13,29.9,22
69960.0,0,1.513,44.6,26
46309.0,0,0.43,62.9,21
42622.0,0,-1.028,43.9,28
48199.0,0,1.381,46.3,23
60109.0,1,1.058,25.1,30
57843.0,0,1.633,31.7,21
71874.0,0,1.103,43.9,28
52502.0,0,0.598,35.9,9
53855.0,0,0.067,32.9,28
26524.0,0,-0.953,33.2,16
48399.0,1,0.866,36.4,25
68049.0,1,0.706,44.6,31
45579.0,1,-0.309,42.6,18
52610.0,1,0.71,48.4,20
25957.0,1,-0.777,38.6,17
62929.0,1,1.179,55.4,28
24935.0,0,0.271,9.8,26
42369.0,0,0.364,35.2,23
42036.0,1,-0.612,55.3,30
59188.0,1,1.065,34.6,22
48944.0,1,0.279,27.5,21
34664.0,0,-0.46,29.9,28
47399.0,1,0.502,39.3,19
41137.0,0,-0.096,45.2,27
50480.0,1,1.155,28.9,19
30601.0,1,-1.412,41.9,27
39777.0,1,-1.042,26.9,27
69689.0,1,2.133,39.0,18
30253.0,0,-0.391,35.2,32
37480.0,0,0.6,45.4,23
46227.0,1,-0.301,42.1,28
52949.0,0,0.315,50.3,28
80995.0,0,2.725,30.6,21
16772.0,0,-1.88,-0.5,31
65056.0,0,0.644,45.3,25
42328.0,1,0.153,42.1,25
45091.0,1,0.13,36.2,22
18703.0,0,-0.695,30.8,19
22525.0,1,-0.859,25.1,24
67591.0,1,1.459,36.4,21
38704.0,1,0.601,42.6,18
37373.0,0,-1.109,46.3,23
49638.0,0,0.094,31.6,21
32653.0,0,-1.248,23.7,26
95108.0,0,2.967,44.4,27
41060.0,1,0.466,50.4,20
18469.0,0,-1.72,40.6,22
56159.0,1,1.014,17.6,21
63473.0,0,0.712,50.5,14
58114.0,0,0.397,20.6,26
58431.0,1,0.263,44.7,29
33749.0,1,-0.471,11.0,20
50310.0,1,-0.11,25.0,29
33941.0,0,-1.947,39.6,30
66336.0,1,1.388,32.3,21
65019.0,0,2.09,38.8,21
68066.0,1,0.58,42.0,24
59369.0,1,0.695,47.9,19
34846.0,0,-1.291,45.8,28
49930.0,0,-0.353,20.3,21
42731.0,1,-1.347,31.5,37
32253.0,1,-1.239,57.8,26
51132.0,0,0.614,33.8,26
53776.0,0,1.494,18.8,22
54190.0,1,0.005,46.2,25
80994.0,1,2.559,35.6,23
56197.0,1,0.897,35.7,20
31344.0,1,-2.195,51.0,32
55648.0,0,-0.338,48.6,18
57774.0,0,1.376,38.4,23
47881.0,1,0.225,52.6,22
52908.0,1,1.108,37.8,24
24808.0,0,-1.625,38.8,21
77034.0,1,1.346,47.3,30
21525.0,1,-1.125,34.6,16
63248.0,1,0.406,39.0,38
61994.0,1,2.19,43.7,21
50694.0,1,0.136,39.5,26
38706.0,0,-0.172,33.0,17
50517.0,0,0.827,58.4,32
49308.0,1,-0.775,38.7,23
44121.0,1,-0.896,48.8,28
65639.0,1,1.04,33.4,22
46534.0,1,-1.441,42.1,29
32866.0,0,-1.191,30.6,23
71576.0,0,1.822,54.2,21
34384.0,1,-1.201,38.3,24
45270.0,1,0.499,39.2,27
60162.0,0,1.165,70.3,17
45733.0,0,-0.006,23.6,20
37112.0,0,-1.015,38.8,18
48378.0,0,0.878,38.2,23
30296.0,0,-0.888,39.5,19
64294.0,0,2.174,41.9,18
76884.0,1,2.276,27.8,33
32479.0,0,-0.983,30.4,24
55240.0,0,0.632,45.1,24
33117.0,1,-0.66,32.8,22
59238.0,1,0.428,41.6,21
31471.0,0,-0.208,39.2,27
45418.0,0,-0.94,49.7,11
49686.0,1,0.562,49.4,25
42106.0,1,-1.615,49.5,28
49045.0,0,0.355,22.3,37
35959.0,0,-0.115,43.7,20
41741.0,1,-0.745,39.1,26
68662.0,1,0.947,50.1,27
48905.0,1,0.08,41.8,25
50942.0,1,-0.311,52.4,31
34823.0,1,-0.13,25.4,19
42493.0,0,-0.19,58.5,34
67605.0,1,0.972,39.9,20
52865.0,0,-0.257,41.8,26
885.0,0,-2.878,35.8,24
-792.0,0,-3.088,31.4,19
44428.0,0,-1.028,47.6,31
23318.0,0,-1.233,36.2,20
43118.0,1,-0.246,51.9,29
27885.0,1,-1.334,53.5,35
24612.0,0,-0.782,51.0,33
62555.0,0,1.355,45.2,28
40292.0,1,-1.314,37.6,28
61437.0,1,0.88,33.0,17
53700.0,1,-0.094,27.8,16
74740.0,1,1.338,36.9,22
64082.0,0,0.933,49.1,25
41773.0,0,0.096,25.7,18
68043.0,0,1.123,39.7,29
50689.0,0,0.266,35.5,28
27553.0,1,-1.084,28.1,20
47684.0,1,0.545,35.0,13
43180.0,1,0.556,34.6,15
45265.0,0,-0.063,20.7,30
53515.0,1,0.316,16.5,20
47512.0,1,-0.376,14.4,28
55855.0,0,0.389,50.8,47
50909.0,1,-0.212,44.9,23
19666.0,0,-1.484,29.7,25
49871.0,0,-0.203,47.1,34
59378.0,1,1.666,40.1,28
63923.0,1,0.897,33.3,28
64489.0,0,1.577,48.3,25
46911.0,0,0.07,24.7,25
41466.0,1,-0.339,19.7,25
26564.0,0,-1.0,28.0,23
54868.0,1,0.221,30.6,28
62341.0,1,1.094,51.1,20
56947.0,0,0.889,50.8,19
67591.0,0,0.812,23.3,24
22534.0,0,-0.442,36.2,23
51935.0,0,0.177,51.2,23
44663.0,0,-0.709,51.6,28
66683.0,1,0.898,25.4,26
46933.0,0,0.669,50.4,26
37974.0,0,-0.572,41.9,43
61459.0,1,0.193,39.2,24
18184.0,0,-2.207,46.5,19
47794.0,0,0.771,26.9,24
39647.0,0,-0.758,40.4,26
24869.0,1,-0.307,32.5,21
55075.0,1,0.668,40.4,19
56701.0,1,0.739,33.7,18
40843.0,1,-0.614,42.7,19
76498.0,1,1.657,52.8,27
93764.0,1,2.086,37.4,20
68262.0,1,1.513,34.0,19
61503.0,0,1.375,32.6,26
49893.0,1,0.117,34.9,22
74124.0,1,1.456,34.2,27
35931.0,1,-0.821,45.7,19
29786.0,0,-1.055,33.3,18
47897.0,0,0.222,22.0,17
70827.0,1,0.316,38.6,24
42151.0,1,-0.807,40.0,19
83006.0,0,1.844,42.7,35
26737.0,1,-1.409,40.7,21
30708.0,1,-2.018,30.8,38
42988.0,1,-0.348,37.2,24
58422.0,1,1.699,45.8,21
55761.0,0,0.805,46.9,25
58780.0,1,0.402,23.7,25
47264.0,0,0.191,46.8,20
44308.0,0,0.616,28.2,15
47830.0,0,0.373,35.6,33
51198.0,1,0.15,46.3,21
51612.0,1,-0.075,44.5,29
22431.0,0,-1.562,40.7,24
60092.0,0,1.019,40.5,22
48755.0,0,-0.385,43.7,20
43791.0,0,0.423,29.5,30
46588.0,0,0.538,37.6,23
72611.0,1,1.083,39.1,28
32005.0,0,-0.749,40.6,35
65023.0,0,0.869,32.4,20
54595.0,1,0.896,63.4,25
45751.0,0,-0.067,43.2,29
58562.0,1,-0.009,51.4,20
31106.0,0,0.191,38.6,16
48722.0,1,-0.986,44.0,15
45412.0,0,-0.417,39.8,20
35684.0,0,-1.1,38.8,24
62301.0,1,1.229,41.6,25
27848.0,0,-0.746,34.2,22
43867.0,0,-1.038,45.6,34
61847.0,1,0.191,52.5,20
54234.0,1,0.574,30.4,20
47637.0,0,-0.336,30.5,23
40477.0,1,-0.92,24.3,25
45990.0,1,0.453,45.2,25
51279.0,1,0.885,50.9,17
17253.0,0,-1.61,44.8,29
50024.0,1,0.939,29.6,29
33310.0,1,-1.748,38.4,23
49392.0,0,0.69,44.0,20
38599.0,1,-0.412,46.9,18
54745.0,1,-0.225,45.8,24
60390.0,1,0.748,23.8,24
70015.0,0,1.474,18.7,19
81956.0,0,2.12,32.8,21
54664.0,1,1.401,21.0,25
59244.0,0,0.717,58.4,26
20937.0,1,-1.311,29.2,25
40312.0,1,-0.377,53.7,33
46627.0,0,0.161,45.9,23
47511.0,1,-0.572,35.4,26
47653.0,0,0.613,35.2,28
50427.0,1,-0.216,45.3,18
74969.0,1,1.821,49.8,20
35141.0,0,-0.157,28.3,17
30563.0,0,-1.242,33.0,22
21428.0,0,-0.487,22.3,18
34536.0,0,-0.694,41.9,26
56142.0,1,0.735,27.8,23
74152.0,0,1.427,35.7,14
53036.0,1,1.047,30.3,28
46809.0,1,1.051,26.1,19
37243.0,1,-0.66,37.7,27
19046.0,0,-1.078,35.7,23
54038.0,0,-0.774,53.6,19
57802.0,1,0.064,38.3,33
33963.0,1,-0.313,18.7,24
51245.0,1,0.32,48.3,24
57141.0,1,1.061,35.2,27
27986.0,0,0.119,41.5,16
70678.0,0,1.745,48.0,30
29865.0,0,-0.734,18.5,21
47059.0,1,0.678,22.9,21
48644.0,0,-0.016,20.8,19
45683.0,0,1.053,41.6,22
60458.0,1,0.012,31.8,26
37537.0,0,-0.487,44.8,22
53777.0,0,-0.081,44.9,25
24254.0,0,-0.837,29.9,20
32237.0,0,-1.056,35.1,23
70804.0,0,0.844,48.0,30
36040.0,1,-0.563,55.4,18
61082.0,0,1.255,54.6,26
72319.0,0,2.556,39.0,32
49599.0,1,-0.337,45.6,23
51938.0,1,0.911,47.9,23
50415.0,1,-0.043,48.0,19
27452.0,1,-1.86,35.6,28
42406.0,0,-0.06,47.3,19
72778.0,1,1.513,34.9,35
41085.0,1,-1.185,28.3,13
56463.0,1,-0.135,64.7,27
51053.0,0,-0.148,26.4,22
33113.0,0,-1.424,30.3,22
44825.0,0,0.342,37.5,24
41385.0,1,-0.123,33.3,28
44745.0,1,0.603,44.4,17
54107.0,1,0.074,34.9,30
25741.0,1,-1.397,26.6,31
49404.0,0,0.152,41.2,25
64195.0,1,0.646,29.6,24
34894.0,1,-0.234,36.2,25
50986.0,0,0.578,30.4,20
55588.0,0,0.561,24.8,30
34457.0,0,-2.144,48.6,28
50485.0,1,0.636,43.9,26
12823.0,1,-2.023,34.4,13
19943.0,1,-1.291,37.7,23
50355.0,1,-0.137,24.3,30
41172.0,1,-0.988,26.2,21
35114.0,1,-0.82,37.2,27
51834.0,0,1.098,47.2,30
41175.0,0,-1.091,31.0,25
50115.0,0,1.168,33.9,24
51804.0,0,1.81,22.3,26
59921.0,1,1.384,39.8,29
28076.0,0,-1.13,27.6,22
28327.0,0,-1.564,27.8,18
46866.0,0,0.034,21.6,34
75594.0,1,2.095,36.5,21
39271.0,0,-0.244,55.2,23
36803.0,1,-0.595,47.2,25
55571.0,0,-0.155,23.4,31
47705.0,1,0.722,55.0,23
45209.0,1,1.163,32.8,24
62445.0,1,-0.036,42.8,21
43299.0,1,-0.165,41.4,33
54338.0,0,0.477,63.1,24
47998.0,0,0.001,25.5,28
32486.0,1,-0.445,43.4,21
28462.0,1,-1.804,37.3,33
43622.0,0,0.087,32.3,24
33212.0,0,-0.639,42.5,20
28239.0,0,-0.269,25.2,26
57554.0,1,-0.33,58.9,15
37490.0,1,-0.92,46.6,20
47094.0,1,0.522,21.5,22
71640.0,1,1.037,39.6,32
52242.0,0,0.496,27.1,24
42670.0,1,-0.687,42.0,25
62481.0,0,0.138,36.2,30
48195.0,1,0.667,56.0,22
43643.0,1,-0.136,55.3,24
48162.0,0,0.666,27.3,16
33577.0,1,-1.449,38.2,24
32830.0,0,-0.25,26.7,25
64180.0,1,1.407,46.9,27
64890.0,1,0.967,41.4,18
36537.0,1,-0.157,50.7,27
52229.0,1,0.093,55.3,27
65420.0,0,2.129,35.8,28
54327.0,0,1.069,43.1,23
28890.0,0,-0.727,16.1,27
46644.0,1,0.288,43.6,19
30058.0,1,-0.478,38.4,25
32500.0,0,-0.611,42.5,22
32993.0,1,-1.228,34.1,21
55602.0,0,0.698,64.6,27
77536.0,1,2.208,28.9,29
55153.0,1,0.847,33.7,32
21304.0,0,-1.319,33.9,16
58351.0,0,0.52,50.5,24
40876.0,1,-1.47,44.7,25
48943.0,0,0.217,44.1,20
72280.0,1,1.048,26.8,26
62169.0,1,1.476,49.7,29
47057.0,1,0.119,42.1,24
35658.0,1,0.321,30.1,23
36712.0,1,0.012,10.4,18
49390.0,0,-0.171,46.3,19
76306.0,0,1.563,37.6,15
36306.0,1,-0.952,13.8,21
30532.0,1,-1.592,50.4,19
72551.0,1,1.754,50.6,16
68062.0,0,2.268,19.5,41
15640.0,0,-1.594,46.1,25
56629.0,0,0.939,45.2,28
46793.0,1,0.809,29.9,24
56028.0,0,-0.419,33.4,35
42036.0,1,-0.954,34.9,33
51407.0,0,0.16,52.1,24
41067.0,1,-0.331,33.2,25
49148.0,0,0.821,38.6,23
34587.0,0,-0.63,35.3,23
34554.0,1,1.182,29.6,25
52035.0,0,-0.629,41.9,26
61182.0,0,1.633,22.7,29
64361.0,0,0.892,20.3,25
52741.0,0,1.141,19.9,19
41961.0,0,-0.383,45.4,25
45258.0,0,-0.226,61.9,20
40148.0,0,-0.089,43.6,33
64572.0,1,1.188,38.3,31
36653.0,0,-0.658,39.7,28
44642.0,1,-0.781,44.4,16
43497.0,1,-0.222,37.4,34
34506.0,1,0.36,30.8,26
44770.0,0,-0.077,52.5,25
58996.0,0,-0.061,39.3,24
26796.0,1,-1.311,37.1,24
43701.0,1,-0.616,45.3,19
48479.0,0,-1.07,52.9,26
62536.0,1,1.05,39.7,9
40612.0,0,-0.04,45.1,18
51109.0,1,0.68,33.7,28
43341.0,1,-1.313,34.3,32
43400.0,0,-0.036,45.1,17
43364.0,0,0.375,46.8,23
57487.0,1,-1.055,42.6,30
40228.0,0,-0.646,48.2,23
41142.0,0,-0.517,32.4,15
53265.0,1,0.147,24.1,30
34371.0,0,0.281,24.2,25
30422.0,0,-1.42,42.1,22
45860.0,1,0.33,21.3,28
66764.0,1,0.208,45.1,20
46029.0,0,0.29,41.2,37
41696.0,0,-0.873,47.6,23
57640.0,0,-0.073,31.9,28
61046.0,0,1.276,29.5,27
70203.0,1,1.146,45.0,12
44049.0,0,-0.616,30.7,27
74390.0,1,1.599,36.4,17
50140.0,0,-0.424,39.5,23
29692.0,0,-0.9,37.1,26
59062.0,1,1.119,40.3,17
50594.0,0,0.322,42.0,23
85510.0,1,2.287,35.6,28
46171.0,1,-0.235,38.8,19
43154.0,1,0.13,43.1,21
57133.0,1,0.732,20.1,23
50496.0,1,0.261,49.7,28
27749.0,0,-0.405,41.2,22
43995.0,0,-0.0,30.2,24
42129.0,1,-0.024,35.9,24
49699.0,0,-0.022,47.3,26
42680.0,1,-0.032,36.2,23
22820.0,1,-1.54,40.3,28
50886.0,0,0.89,46.5,25
47077.0,1,-0.622,49.6,25
38098.0,0,-0.248,37.8,24
63684.0,1,-0.792,38.4,17
48821.0,0,-0.209,33.3,25
69050.0,0,0.975,37.0,29
70628.0,0,1.265,45.7,30
51248.0,1,0.323,41.8,22
37030.0,0,0.162,31.7,24
44843.0,0,-0.521,46.6,22
44696.0,0,-0.28,32.9,20
56962.0,1,0.234,31.6,22
42478.0,0,-0.156,32.5,28
35179.0,0,-0.988,24.6,24
46274.0,0,0.063,52.4,24
35508.0,1,-1.045,18.4,26
70775.0,0,2.071,37.5,15
45187.0,1,0.307,41.4,35
37288.0,1,-0.566,26.3,32
43251.0,1,0.466,46.8,24
30890.0,0,-0.747,48.2,14
57305.0,1,-0.253,45.8,21
67620.0,1,1.551,35.4,16
56989.0,1,1.289,49.3,23
12060.0,1,-1.184,14.6,13
37809.0,0,-1.117,54.4,20
49494.0,0,-0.513,40.6,22
68620.0,1,2.254,40.6,25
32211.0,0,0.063,34.8,22
43828.0,1,0.259,45.5,35
28124.0,0,-0.509,29.9,23
70017.0,1,1.328,37.0,27
55825.0,1,0.965,39.5,25
30320.0,1,-1.729,45.9,16
18754.0,1,-0.847,21.1,24
13270.0,0,-1.832,39.3,25
29864.0,0,-1.161,38.9,24
46938.0,1,-0.816,47.8,20
25999.0,0,-1.337,32.1,23
61903.0,0,-0.638,27.5,22
44990.0,1,0.691,37.6,20
54084.0,1,1.127,38.1,24
46106.0,1,0.112,32.0,25
54106.0,1,0.727,34.1,22
32787.0,1,-1.357,47.2,24
61537.0,0,1.474,40.1,32
79968.0,1,2.294,45.2,21
32219.0,0,-0.146,24.6,24
57015.0,1,0.572,35.5,21
43033.0,1,0.356,24.2,25
20133.0,1,-2.171,46.4,23
67327.0,1,1.018,49.0,25
50389.0,1,0.477,65.2,29
28278.0,0,-1.622,42.4,35
61348.0,1,-0.421,34.8,19
77254.0,1,1.158,56.5,25
60673.0,1,0.574,53.4,23
28463.0,1,-1.38,26.3,28
38849.0,0,-0.575,33.4,23
41230.0,1,-0.692,23.2,33
46416.0,0,0.15,25.7,39
41770.0,0,-0.709,20.6,26
48559.0,0,0.045,27.2,33
49395.0,1,-0.177,47.2,20
9028.0,0,-1.487,45.6,17
55185.0,1,0.404,50.1,25
59222.0,1,0.254,26.3,30
56386.0,0,-0.691,40.8,33
53680.0,1,0.737,39.7,27
65725.0,0,2.288,29.7,24
21697.0,0,-1.592,48.8,27
45156.0,0,0.214,50.4,28
55170.0,0,0.833,38.5,21
53290.0,0,0.027,46.9,33
32671.0,0,-0.587,37.8,20
81445.0,0,2.197,51.2,23
42447.0,0,-0.509,50.5,23
47321.0,1,-0.137,25.4,23
40411.0,1,-0.661,31.7,26
68610.0,0,1.212,48.4,28
24363.0,1,-2.15,41.2,22
39263.0,1,-0.903,57.3,34
44363.0,1,-0.464,36.2,18
50761.0,1,0.31,30.3,22
51052.0,0,0.34,45.5,23
55925.0,0,0.987,34.9,30
51355.0,0,-0.129,21.8,19
49654.0,0,-0.742,30.2,24
48817.0,1,-0.069,44.9,30
33979.0,1,-0.878,38.7,25
38778.0,1,-0.542,38.2,19
35860.0,0,-0.485,40.9,26
52808.0,0,0.301,42.6,27
57096.0,1,0.829,44.8,30
36865.0,1,-1.108,35.1,20
47464.0,1,-0.601,48.7,22
41811.0,0,-0.03,40.5,22
38073.0,1,0.009,31.2,27
31152.0,0,-0.26,46.6,17
70039.0,1,0.573,52.4,29
40210.0,0,-0.223,27.3,22
24688.0,0,-1.751,44.2,29
71766.0,1,1.311,55.8,29
22305.0,0,-1.256,43.1,18
59473.0,0,1.631,20.1,24
65795.0,1,0.258,39.4,30
49060.0,0,0.32,49.8,28
38655.0,1,-1.471,49.1,25
55438.0,1,0.267,38.2,29
27588.0,0,-0.21,38.5,24
54122.0,0,-0.843,34.1,25
60262.0,1,0.545,29.1,13
58550.0,0,0.745,30.3,19
56876.0,1,1.183,43.1,18
36549.0,1,-1.224,35.8,20
39495.0,0,-0.788,25.8,22
52941.0,0,1.383,19.5,24
36729.0,0,0.523,31.1,25
55538.0,0,0.808,51.6,23
45774.0,0,-0.521,20.3,28
55767.0,0,0.355,40.1,27
60330.0,1,0.816,6.2,23
25452.0,0,-1.211,52.0,22
32158.0,0,-0.67,55.3,25
39647.0,1,0.256,46.4,18
59985.0,0,1.378,47.4,24
44649.0,0,-0.411,44.8,22
47557.0,0,0.676,38.9,26
50958.0,0,-0.816,46.5,32
23740.0,1,-1.164,22.6,17
57979.0,1,0.639,36.5,25
35229.0,0,-0.995,29.7,33
41866.0,1,0.058,46.8,27
49671.0,1,-0.533,50.6,33
53843.0,0,0.53,53.4,19
41341.0,1,-1.229,49.2,24
39440.0,1,-1.367,41.1,27
40594.0,1,-1.383,51.0,29
29067.0,0,-0.182,51.4,25
49991.0,0,1.28,43.2,25
62673.0,1,0.828,43.5,18
52373.0,1,0.205,38.2,21
44562.0,0,-0.126,29.4,35
54052.0,0,1.211,49.7,22
50720.0,1,-0.089,42.9,20
52068.0,1,1.038,47.0,27
67584.0,0,1.347,43.5,22
57977.0,0,0.678,55.3,26
67130.0,1,0.399,25.1,28
56337.0,0,0.39,40.6,19
30566.0,0,-0.075,50.7,26
41231.0,0,0.282,52.6,27
18093.0,0,-0.862,38.9,12
33400.0,1,-0.827,49.4,23
76454.0,1,1.546,40.7,22
52156.0,0,-0.118,34.3,23
21337.0,1,-1.667,36.5,25
57986.0,1,1.335,41.0,24
62667.0,0,1.336,55.0,21
49544.0,1,0.443,31.7,26
27242.0,1,-1.216,32.8,23
53469.0,0,1.909,33.5,33
58062.0,0,1.067,24.6,26
57161.0,1,1.214,38.5,26
33876.0,0,-0.244,20.6,29
47485.0,0,0.411,53.5,28
46859.0,0,-0.271,45.6,16
41169.0,0,-0.234,23.2,24
38901.0,0,-1.151,40.0,17
52781.0,0,-0.773,31.3,24
40218.0,0,-0.503,42.1,19
45116.0,1,0.035,44.4,20
66262.0,0,0.967,39.3,35
54355.0,1,0.543,17.5,21
39866.0,1,-1.778,59.3,28
63555.0,1,1.015,48.8,26
23101.0,0,-1.49,39.2,24
63061.0,1,0.471,23.3,24
41423.0,1,-0.201,36.2,21
40984.0,1,0.056,17.0,25
46987.0,1,-0.481,46.9,25
25861.0,0,-1.05,41.1,14
63685.0,0,1.587,37.0,24
28418.0,1,-2.421,44.1,28
25878.0,0,-0.888,59.9,16
50271.0,1,1.287,35.7,15
49469.0,0,-0.029,41.5,33
58776.0,1,-0.001,35.8,27
21137.0,0,-0.861,13.8,26
31234.0,0,-1.133,55.0,26
33585.0,1,0.566,45.9,22
39773.0,0,-0.187,47.5,30
52193.0,0,0.314,39.2,25
58063.0,0,0.737,59.8,28
32750.0,0,-1.717,43.8,26
46777.0,0,-1.047,37.1,18
54557.0,1,-0.685,49.4,23
42285.0,0,0.199,39.7,27
40283.0,0,0.664,29.0,23
26910.0,1,-1.049,40.3,24
46429.0,0,-0.241,58.5,24
34916.0,0,-0.134,24.6,19
48904.0,1,-0.136,36.3,18
79204.0,1,1.518,36.9,38
50228.0,1,-0.76,36.0,23
55512.0,0,0.133,44.4,21
12537.0,1,-2.321,45.9,19
39546.0,1,-0.14,25.2,17
73250.0,1,0.089,46.9,26
54372.0,1,0.67,53.4,27
31041.0,0,-0.535,28.8,29
35042.0,1,-0.581,22.0,27
25734.0,0,-1.225,36.8,33
37393.0,0,-0.525,33.8,28
72204.0,1,2.33,34.8,23
24578.0,1,-1.726,33.4,22
30165.0,1,-1.718,26.2,27
53145.0,1,0.069,48.0,23
35320.0,1,-0.964,49.5,21
55736.0,1,1.207,27.7,24
33917.0,0,-1.521,41.5,27
65813.0,0,1.61,44.4,30
51041.0,0,-0.466,43.6,18
35462.0,1,-1.671,28.7,30
14010.0,1,-2.231,26.6,27
18783.0,0,-0.922,59.0,16
34162.0,0,-0.67,22.5,24
55157.0,1,0.334,31.2,25
32521.0,0,-1.307,36.7,25
93203.0,0,3.007,42.4,21
49901.0,1,0.811,26.7,23
48198.0,1,-0.207,33.2,27
47669.0,1,-0.575,53.0,23
70485.0,0,2.662,52.9,33
29858.0,0,-0.781,38.6,21
59925.0,1,0.735,30.7,22
76688.0,1,1.457,30.3,28
34346.0,1,-0.942,44.7,26
53821.0,1,0.568,27.2,24
46767.0,1,-0.508,46.7,29
52175.0,0,1.375,30.8,24
74656.0,1,1.441,24.2,20
40688.0,0,0.537,25.3,22
43872.0,1,0.156,53.9,26
26981.0,0,-1.22,29.7,16
67669.0,1,2.441,36.1,22
56989.0,0,1.509,36.5,35
44263.0,1,0.72,21.6,23
60686.0,0,1.497,38.5,29
40043.0,1,0.021,40.5,38
37859.0,0,-1.115,47.1,21
55032.0,1,0.944,30.5,27
28069.0,1,-0.961,29.9,17
34253.0,1,-0.527,38.0,34
65365.0,0,0.756,42.2,19
37739.0,1,-1.567,47.5,35
47919.0,0,0.032,19.9,24
49968.0,1,-0.291,29.1,23
35661.0,1,-1.158,43.8,21
31835.0,0,-1.209,39.8,23
46547.0,1,-0.215,57.8,24
49404.0,1,-0.292,48.3,18
42206.0,1,0.163,21.4,24
35775.0,1,-1.494,55.7,25
53738.0,1,0.087,36.7,17
27418.0,0,-1.261,37.7,24
30759.0,1,-0.808,39.5,25
64490.0,1,0.97,27.2,28
35964.0,1,-0.679,55.7,30
51431.0,1,-0.494,29.4,34
39480.0,0,-0.813,27.8,26
48021.0,1,-0.008,42.1,24
53174.0,0,0.837,42.9,16
38793.0,0,-0.349,52.0,19
61314.0,0,0.666,25.7,21
41658.0,0,-1.304,40.9,26
55353.0,1,0.462,38.1,25
43725.0,1,-0.109,26.5,17
46229.0,0,0.074,28.6,18
32351.0,1,-0.925,55.9,24
37439.0,1,-0.616,26.0,20
46782.0,0,0.309,40.0,29
19876.0,1,-1.182,22.7,19
63361.0,1,0.771,37.3,31
58529.0,1,-0.439,47.3,25
45148.0,0,0.453,17.2,17
32099.0,1,-1.129,36.1,14
20255.0,0,-1.624,57.9,24
57507.0,0,0.64,38.9,24
50084.0,0,0.686,43.1,22
33928.0,0,-0.043,23.9,25
43199.0,1,0.655,36.5,30
56055.0,1,-0.013,29.3,23
62355.0,0,0.66,47.4,36
53476.0,1,0.147,33.5,19
13196.0,0,-0.967,31.8,19
68399.0,1,1.106,37.4,37
25220.0,0,-0.962,20.9,25
76204.0,0,2.259,35.0,19
46244.0,1,-0.147,30.8,23
40351.0,0,-0.927,36.9,23
40783.0,1,-0.213,38.2,24
36785.0,1,0.067,38.4,9
44728.0,0,0.141,43.1,32
50227.0,0,0.564,41.0,32
35391.0,0,-0.59,25.3,25
10262.0,0,-2.051,9.6,22
65716.0,1,-0.844,47.0,21
58304.0,1,0.445,45.3,26
56520.0,0,1.13,45.5,24
28834.0,1,-1.978,36.4,26
54674.0,1,0.117,50.9,32
67977.0,0,1.132,28.2,20
37280.0,1,-1.389,26.2,22
64265.0,0,1.726,67.9,22
48863.0,1,-0.753,32.1,29
71363.0,1,-0.098,43.4,36
46360.0,0,-0.476,42.7,22
65217.0,0,1.806,46.7,27
47341.0,0,0.92,38.3,21
58026.0,1,0.156,45.7,24
45582.0,1,-0.336,50.6,20
14959.0,0,-1.668,28.8,22
31886.0,0,-0.274,13.7,26
40234.0,0,-0.589,45.5,23
31964.0,0,-0.107,16.8,37
37251.0,1,-1.901,44.1,20
51065.0,1,1.288,40.3,35
61679.0,1,0.932,51.9,26
63170.0,0,1.624,42.4,27
34986.0,0,-0.57,53.4,24
47797.0,0,-0.018,37.0,21
45307.0,1,-1.211,21.3,18
64877.0,1,0.908,48.9,22
43514.0,0,-0.203,47.0,28
60169.0,0,1.7,40.9,20
44146.0,0,0.757,47.1,25
60177.0,0,0.795,40.4,17
43149.0,0,0.573,26.3,20
34249.0,0,-1.459,30.4,29
52383.0,1,0.754,42.7,26
33498.0,1,-1.591,61.8,30
55908.0,1,0.326,46.3,29
57709.0,0,0.617,8.1,35
26711.0,0,-1.137,34.8,22
40940.0,0,-0.61,20.7,14
35380.0,1,-0.152,29.2,22
45393.0,1,0.293,20.4,24
38913.0,1,0.318,41.3,25
51301.0,0,0.056,39.9,34
45283.0,0,-0.856,38.4,23
54707.0,1,0.302,42.3,19
68106.0,1,2.519,36.6,27
36255.0,0,-0.559,41.6,19
70802.0,1,1.619,56.3,32
33046.0,0,-1.18,39.2,36
30197.0,0,-0.627,30.3,18
65527.0,0,1.349,50.8,22
54298.0,1,0.868,29.3,14
59977.0,0,1.631,59.0,23
59761.0,1,0.617,42.4,23
43212.0,0,-0.6,49.5,27
50010.0,1,0.087,35.6,28
28991.0,0,-0.437,56.0,18
60767.0,1,1.06,36.7,28
58519.0,0,0.627,31.3,28
52093.0,1,1.263,37.4,18
44086.0,0,-0.682,37.2,34
51868.0,0,-0.245,40.3,18
40760.0,0,-0.423,45.5,15
33910.0,1,-0.36,48.4,21
44145.0,0,-0.152,44.0,19
75207.0,0,1.291,42.1,29
62913.0,1,0.152,36.4,21
57541.0,0,1.192,25.2,18
35398.0,1,0.215,36.9,16
29696.0,0,-1.783,49.6,14
40331.0,1,-1.386,42.5,42
50296.0,1,-0.173,48.8,28
66368.0,1,1.171,44.1,21
46387.0,1,0.014,52.3,24
41738.0,0,-1.476,25.6,27
45044.0,0,0.13,25.8,34
42292.0,1,-0.246,12.9,23
41636.0,1,0.592,24.9,22
39557.0,1,0.838,37.8,17
45162.0,1,0.29,24.3,26
51582.0,1,-0.642,59.9,27
32770.0,1,-1.035,36.7,29
37346.0,1,-0.353,32.1,26
50056.0,1,-0.07,47.6,26
61988.0,1,0.368,46.2,21
48811.0,1,-0.454,52.9,28
51262.0,1,-0.633,37.5,26
46191.0,1,0.497,37.7,28
41831.0,0,0.825,45.4,16
40194.0,0,0.285,53.0,17
30346.0,0,-1.025,47.2,16
40248.0,1,-0.306,42.6,31
78757.0,0,2.173,30.1,20
23018.0,1,-1.071,25.5,33
40675.0,1,-0.36,49.0,22
49075.0,1,0.921,34.9,19
38022.0,0,-0.959,41.3,21
44720.0,0,-0.31,25.9,26
54440.0,1,1.291,53.6,29
62467.0,1,0.983,51.4,37
18392.0,1,-1.796,41.1,19
50745.0,0,0.608,49.1,26
36861.0,0,-0.316,27.9,28
23944.0,0,-1.385,27.3,22
62250.0,1,1.07,21.7,37
33898.0,1,-0.519,52.5,24
58040.0,1,-0.037,40.9,16
23213.0,1,-0.852,42.3,25
49424.0,0,0.8,45.0,23
51470.0,0,0.914,38.8,20
45120.0,0,0.806,29.7,21
63539.0,0,2.416,7.7,21
54441.0,1,0.643,38.0,28
40914.0,0,-0.284,44.6,28
33881.0,0,0.58,37.3,19
39176.0,1,0.398,24.7,27
47053.0,0,0.792,32.2,24
14491.0,1,-2.292,48.4,20
56645.0,0,0.944,40.8,14
63972.0,1,2.117,25.0,18
75997.0,0,0.988,39.8,22
37983.0,1,-0.497,58.6,22
83485.0,1,2.29,30.0,23
45412.0,0,0.928,23.6,19
76418.0,0,2.231,39.0,23
48102.0,0,1.18,36.1,31
35580.0,1,-0.096,51.9,23
27604.0,1,-1.419,30.5,26
34132.0,0,0.335,24.6,15
43106.0,1,0.774,40.8,24
32239.0,0,-0.147,27.2,21
42043.0,1,-1.068,43.7,28
54755.0,0,1.089,22.0,27
52460.0,0,-0.491,31.4,28
73336.0,1,1.663,29.7,35
52336.0,1,-0.292,40.0,20
58429.0,0,0.638,57.5,17
58381.0,1,-0.06,53.2,25
38157.0,0,0.664,22.9,21
56704.0,1,0.804,57.5,22
14358.0,0,-1.855,16.8,22
63462.0,1,-0.429,52.5,31
56606.0,1,-0.316,28.9,21
50974.0,0,-0.347,36.6,22
50065.0,0,0.167,40.7,12
73192.0,1,1.375,39.0,23
36939.0,0,-0.779,14.6,20
47700.0,1,0.778,58.3,18
40841.0,0,-0.167,47.1,17
51453.0,1,-0.473,43.7,17
29931.0,1,-1.269,20.3,35
35046.0,0,-0.557,35.8,25
28689.0,0,-0.884,25.6,25
67176.0,1,0.658,44.0,22
60645.0,0,1.727,33.8,22
55913.0,0,0.743,59.7,13
55816.0,1,0.936,34.0,31
40494.0,1,-0.616,40.9,26
52498.0,1,0.892,43.0,25
26360.0,1,-0.644,31.0,18
28204.0,0,-0.727,40.0,16
51473.0,1,0.45,29.0,19
51167.0,1,-0.452,33.8,30
44848.0,0,0.811,21.4,31
56072.0,1,0.333,35.1,29
44449.0,0,-0.082,30.5,23
36266.0,0,-0.392,47.1,18
54599.0,1,0.378,31.3,20
76187.0,1,0.446,28.6,18
32002.0,0,0.267,39.3,24
70218.0,1,1.307,19.3,20
38649.0,0,-0.384,36.6,31
26454.0,1,-1.184,17.2,16
33460.0,0,-1.123,31.6,26
45899.0,1,-0.782,41.0,30
38363.0,1,-0.724,31.4,24
49407.0,0,0.049,32.1,21
84519.0,1,1.822,45.2,20
18240.0,0,-0.819,31.8,29
31608.0,0,-0.652,47.1,29
46378.0,0,-0.343,46.5,30
26431.0,0,-0.795,42.5,28
40021.0,1,-0.574,24.9,30
57387.0,0,0.883,46.8,22
58203.0,0,1.453,25.5,28
46006.0,0,-0.519,25.1,28
45345.0,0,0.113,32.1,29
66359.0,1,1.092,25.1,16
69621.0,1,0.5,47.9,20
36858.0,1,-0.001,24.3,22
60690.0,0,0.535,37.1,34
59218.0,0,0.079,44.6,30
43368.0,0,-0.487,47.1,21
25702.0,0,0.683,48.5,14
34197.0,0,-0.448,38.3,24
58660.0,1,-0.315,50.5,35
53115.0,1,0.472,54.8,25
40726.0,0,-0.965,44.3,21
59682.0,1,0.869,50.8,22
33374.0,0,-0.544,43.6,31
38085.0,0,-0.794,38.7,19
44075.0,0,0.704,42.8,23
52979.0,0,0.814,28.9,26
47238.0,0,1.103,42.5,15
79604.0,0,1.476,22.0,19
42039.0,1,-0.815,47.4,21
54381.0,1,-0.092,39.4,24
36707.0,1,-0.901,49.9,19
37123.0,1,-0.579,29.0,21
54465.0,0,0.995,33.8,27
65931.0,0,0.45,31.3,25
48568.0,0,0.403,26.5,32
69716.0,1,0.548,33.4,27
43462.0,1,-0.266,38.3,23
52709.0,0,1.374,21.6,13
57065.0,0,-0.838,39.0,22
63371.0,0,0.788,25.6,19
52058.0,0,-0.443,33.4,23
40655.0,1,-0.763,33.9,28
81977.0,0,2.097,43.8,36
36063.0,0,-0.238,32.4,26
66643.0,0,0.797,50.7,22
24026.0,0,-0.648,16.6,17
46126.0,0,-0.601,43.5,26
62774.0,1,1.286,44.6,22
54591.0,0,0.519,43.7,28
43499.0,1,0.182,49.2,26
44552.0,1,0.568,11.2,24
38079.0,0,0.715,43.7,26
71086.0,1,0.942,41.8,30
56683.0,0,0.584,38.5,23
61682.0,1,0.78,35.8,24
41345.0,1,0.413,15.0,23
52302.0,1,0.243,42.8,24
63536.0,0,1.195,55.4,19
28862.0,0,-2.029,38.7,27
52694.0,1,0.908,31.6,31
48211.0,1,0.125,21.6,22
53133.0,0,0.277,50.8,21
35627.0,0,-0.153,33.9,35
41913.0,1,-0.594,31.3,25
60370.0,1,0.681,26.4,29
43730.0,1,-1.078,27.3,31
38321.0,1,-0.885,38.0,24
44320.0,1,-0.896,31.1,35
58083.0,1,1.668,42.1,27
55223.0,1,0.058,28.4,28
40282.0,1,0.034,16.7,27
21317.0,1,-1.324,36.5,21
51756.0,0,0.12,49.7,16
74632.0,1,0.865,42.9,29
32975.0,0,-1.026,32.9,30
47508.0,1,0.096,33.3,23
43154.0,0,0.226,37.8,18
61300.0,1,0.622,18.8,25
46861.0,0,0.974,17.9,25
75781.0,0,1.942,45.0,18
49191.0,0,0.013,23.7,16
49276.0,0,0.041,39.3,16
47019.0,1,-0.61,39.0,25
65326.0,0,0.946,51.0,36
49027.0,0,-0.026,46.0,25
54319.0,1,0.463,31.5,14
40365.0,0,0.685,8.7,20
33108.0,0,-0.138,29.9,24
42066.0,1,-0.171,35.0,27
33154.0,1,0.16,32.3,30
45149.0,0,0.143,48.5,34
70836.0,0,0.06,23.5,31
47319.0,1,-0.143,36.8,10
61226.0,1,-0.04,52.5,26
69303.0,0,1.184,29.7,21
41176.0,1,-0.583,36.5,22
33522.0,0,0.093,35.3,32
47144.0,1,0.018,41.1,24
61636.0,0,1.046,51.8,21
35685.0,1,-0.493,26.3,27
31789.0,0,-0.218,42.1,21
36475.0,0,-0.479,45.1,33
55927.0,0,0.793,36.4,23
64296.0,0,0.634,39.0,26
59928.0,1,0.436,49.0,23
61317.0,0,0.156,68.6,28
80799.0,0,2.195,44.6,28
57286.0,1,0.317,38.6,22
29809.0,1,-1.843,35.5,24
28452.0,1,-1.393,64.0,24
27658.0,1,-1.332,49.1,24
18785.0,1,-0.405,26.4,24
37635.0,1,-1.458,62.7,17
49698.0,0,0.015,31.8,23
12759.0,0,-1.382,47.4,13
44367.0,0,-0.051,27.3,28
33038.0,1,-0.612,38.4,32
49755.0,0,0.489,24.1,27
53589.0,1,0.122,48.9,22
42423.0,0,-0.937,39.4,21
76352.0,1,1.742,35.1,16
32321.0,1,-1.096,49.9,16
37220.0,0,-0.519,32.9,28
37968.0,0,-1.36,43.2,13
70151.0,0,0.942,44.9,21
42878.0,1,0.91,34.5,22
45535.0,0,-0.097,49.1,26
20466.0,1,-2.39,33.6,21
65696.0,0,0.747,34.0,22
76059.0,0,1.727,29.2,25
40247.0,1,-0.861,35.7,27
49218.0,0,0.45,45.4,26
46073.0,0,0.866,37.1,23
51775.0,1,0.032,40.7,21
37506.0,1,-1.15,40.4,33
35950.0,0,-0.203,44.0,28
44717.0,1,-0.637,34.1,22
43010.0,0,0.526,46.8,18
41722.0,1,-1.718,49.2,29
42021.0,1,0.497,26.7,13
53476.0,1,0.059,50.3,35
27095.0,0,-1.536,34.8,27
37041.0,1,-0.995,22.5,23
55715.0,0,0.517,38.1,32
63990.0,0,1.238,41.5,25
55691.0,0,0.827,44.0,15
69405.0,0,2.83,44.3,25
49287.0,0,0.17,40.1,22
28633.0,0,-1.184,53.6,33
35009.0,0,0.013,25.8,35
21304.0,1,-0.726,40.3,26
13312.0,1,-2.367,17.2,26
53336.0,0,1.014,52.5,22
14980.0,1,-0.981,57.0,19
30406.0,1,-0.927,24.6,30
54637.0,1,1.753,23.1,26
28572.0,0,-0.651,45.4,19
37010.0,0,-0.852,25.6,22
56443.0,1,0.81,38.1,24
77317.0,1,1.792,56.5,33
26785.0,0,-1.86,43.7,26
34896.0,0,-1.094,56.8,34
41266.0,0,-0.635,34.5,23
48054.0,1,0.751,37.2,16
55787.0,1,0.227,51.0,28
63993.0,1,1.098,18.9,16
15017.0,0,-1.457,46.4,21
37873.0,0,-0.136,36.2,29
79799.0,0,1.42,48.1,34
23605.0,0,-1.827,27.4,26
50504.0,0,1.043,40.1,24
25347.0,1,-0.843,12.7,24
55576.0,1,0.255,47.6,27
29988.0,1,-1.062,47.6,24
51709.0,0,0.601,32.7,23
58021.0,1,0.75,43.9,29
50193.0,1,-0.171,34.4,13
69395.0,1,1.608,38.4,25
45459.0,1,-1.008,47.0,23
61575.0,0,0.95,27.0,22
36370.0,1,-1.147,32.1,25
59681.0,0,0.931,52.9,16
53249.0,0,0.813,34.7,24
24970.0,0,-0.728,31.3,27
77193.0,1,1.545,36.7,33
26818.0,0,-0.056,21.6,20
19847.0,0,-1.369,32.1,23
48560.0,0,-0.33,20.5,26
43216.0,0,0.887,34.7,28
49971.0,1,0.037,47.3,20
61386.0,1,0.902,66.9,37
64303.0,1,1.4,52.1,18
46289.0,0,0.816,23.5,25
61713.0,0,0.537,41.0,27
53900.0,0,0.211,34.3,19
57976.0,0,0.472,44.9,28
64935.0,0,1.441,39.8,20
32387.0,1,-0.583,33.5,27
42178.0,1,-0.183,41.0,28
54984.0,0,0.795,34.9,25
31200.0,0,-0.965,43.0,26
52137.0,1,0.997,40.8,17
54055.0,1,0.037,39.8,21
60725.0,0,0.499,15.5,18
24953.0,0,-0.591,45.0,25
57258.0,0,-0.195,31.3,21
54530.0,0,1.204,26.3,23
27880.0,0,-1.061,58.6,25
60993.0,1,1.019,51.8,25
48174.0,0,1.122,32.2,32
57707.0,1,0.107,39.4,32
15489.0,1,-1.911,40.1,28
24972.0,0,-1.079,25.9,23
50079.0,0,0.401,31.7,24
50593.0,0,1.062,35.5,15
41782.0,1,-1.367,50.5,30
40731.0,1,0.377,30.5,30
37881.0,1,0.25,34.3,24
31056.0,0,-1.477,51.1,20
39961.0,0,0.189,22.8,26
36209.0,1,-0.735,58.7,31
38787.0,0,-1.473,57.3,25
61285.0,1,1.783,23.7,28
30728.0,0,-0.738,50.3,28
34264.0,1,-1.405,25.6,31
33048.0,1,-1.394,35.8,22
74837.0,1,1.924,47.1,26
50227.0,1,0.987,28.4,24
46620.0,0,0.554,37.7,25
41034.0,1,-0.815,37.1,33
57554.0,1,0.39,24.3,30
46629.0,0,0.083,29.0,23
47567.0,0,0.739,33.7,20
29665.0,0,-1.435,31.7,23
45504.0,1,0.729,48.3,21
40654.0,0,0.984,63.0,25
18481.0,1,-0.88,38.7,28
33293.0,1,-0.923,35.5,23
30433.0,0,-0.111,20.8,25
19450.0,1,-1.327,39.4,23
45360.0,0,-0.281,33.3,28
28025.0,0,-0.288,21.6,20
77572.0,1,1.367,15.8,31
39266.0,0,-0.994,47.4,28
32243.0,0,-0.316,31.3,18
68453.0,0,1.312,65.9,30
35431.0,1,-1.704,45.5,25
56694.0,1,1.027,44.4,23
39872.0,1,-0.459,16.1,18
60841.0,1,0.58,21.3,24
54569.0,0,-0.01,40.6,27
49696.0,1,0.634,35.8,15
9194.0,1,-3.321,57.9,25
50318.0,0,-0.711,18.7,32
27283.0,1,-2.172,34.4,33
26535.0,1,-0.297,37.2,22
33978.0,0,-0.656,35.2,18
52943.0,1,0.064,48.6,20
69146.0,1,1.669,53.8,25
52964.0,1,0.53,50.5,19
60962.0,1,0.408,27.7,21
55620.0,1,0.643,10.9,28
46300.0,0,-0.232,45.5,27
53936.0,0,1.518,26.4,14
59981.0,0,0.677,45.3,18
41491.0,0,0.06,34.1,21
58423.0,0,1.238,37.9,22
34242.0,0,-0.348,49.9,34
48153.0,1,-0.49,49.9,18
22672.0,1,-0.855,28.7,22
31696.0,0,-1.391,21.3,30
40219.0,1,-1.193,49.3,34
65323.0,1,1.185,27.2,20
44189.0,1,-0.418,39.3,22
58329.0,1,-0.028,22.1,28
57008.0,1,0.732,35.9,26
35770.0,0,-0.147,31.5,17
37630.0,1,-0.972,43.2,26
49173.0,0,-0.839,51.3,26
41287.0,1,-0.448,40.7,23
71358.0,0,1.018,36.6,24
34009.0,0,-0.53,38.6,31
48751.0,1,-0.575,24.9,28
47041.0,1,0.517,30.5,21
45108.0,0,0.018,52.7,33
59275.0,1,0.053,31.5,33
48670.0,1,0.219,24.7,19
83556.0,1,1.688,34.5,30
33210.0,0,-0.344,32.3,12
40931.0,1,-0.47,33.2,22
62888.0,0,1.786,42.6,23
20082.0,0,-0.911,31.6,20
18374.0,0,-1.734,36.7,31
54091.0,0,0.849,28.6,23
50894.0,0,-0.489,47.8,23
40992.0,1,-0.029,40.3,18
61544.0,1,0.077,59.5,23
34916.0,0,-1.16,41.3,27
44139.0,1,0.489,25.1,20
27769.0,0,-1.216,21.9,28
40175.0,1,0.825,31.7,26
73558.0,0,1.124,39.4,19
18275.0,1,-0.703,37.0,22
71375.0,1,1.077,33.9,16
39341.0,0,0.167,41.4,23
61062.0,0,1.822,42.2,33
45901.0,0,0.015,47.0,39
33582.0,1,-1.804,56.1,22
20611.0,1,-1.829,23.6,26
56557.0,0,0.876,30.2,19
40170.0,0,-0.472,41.9,21
51712.0,1,0.373,32.4,25
33809.0,1,-1.125,22.5,20
32923.0,0,-0.591,49.2,15
-1875.0,0,-2.235,28.6,23
41920.0,1,0.37,22.1,17
60459.0,0,0.769,42.4,27
41482.0,0,-0.79,54.2,31
45818.0,0,0.48,36.8,27
39755.0,0,-0.749,11.0,33
35712.0,0,0.338,40.9,26
39614.0,0,-0.483,51.3,18
36631.0,1,-0.908,62.7,21
55268.0,1,0.43,60.4,28
28305.0,0,-1.906,53.0,26
57689.0,1,1.784,34.0,24
21197.0,0,-1.624,38.3,15
20824.0,0,-2.024,41.8,25
56911.0,0,0.229,36.7,26
18691.0,0,-1.087,39.8,17
51357.0,0,0.561,43.6,23
46741.0,1,-1.446,35.8,25
71589.0,1,1.436,32.1,35
59105.0,0,1.227,38.5,24
36997.0,1,-1.099,39.1,22
75002.0,1,1.939,29.1,22
26758.0,0,-0.481,28.5,25
49669.0,0,-0.039,38.4,26
39102.0,1,-0.697,25.7,24
52971.0,1,0.231,50.9,18
52541.0,1,0.347,42.8,22
47929.0,0,-0.168,55.3,29
33808.0,1,0.261,30.4,20
58685.0,0,0.091,35.9,40
53024.0,1,0.439,22.2,23
30217.0,1,-1.351,30.5,25
29935.0,0,-0.469,41.8,24
51235.0,0,-1.201,43.7,23
57209.0,1,-0.094,22.0,34
49871.0,1,-0.108,26.9,33
42621.0,0,-0.236,36.4,18
41487.0,1,-0.725,33.8,26
66081.0,0,1.784,42.6,27
40060.0,1,-1.008,30.0,19
34395.0,0,0.48,36.1,25
37676.0,0,-0.491,22.3,25
67931.0,1,1.432,52.5,23
54659.0,1,1.165,41.1,26
53205.0,1,0.388,43.0,21
63822.0,1,0.639,45.0,28
41802.0,1,-0.885,40.9,20
41221.0,0,-1.064,46.2,17
54412.0,1,0.734,50.8,22
60036.0,1,-0.021,44.1,28
24625.0,1,-1.585,50.3,22
44430.0,1,-0.209,55.2,25
27739.0,0,-1.343,35.0,29
28746.0,1,-1.476,54.0,18
39816.0,1,-0.101,23.3,26
42672.0,1,0.019,40.3,29
46320.0,0,-0.361,42.7,21
36991.0,0,-0.543,49.3,26
26956.0,1,-1.094,39.6,29
38559.0,0,-0.25,38.9,26
38444.0,1,-0.175,35.2,20
32924.0,0,-0.522,42.9,26
64937.0,0,2.304,47.1,28
40532.0,0,-0.335,34.7,26
46745.0,0,0.068,55.8,29
35919.0,1,-0.823,37.2,28
51084.0,0,-0.224,47.9,20
52180.0,0,0.006,40.3,23
53658.0,1,0.518,31.4,26
8166.0,0,-3.058,26.5,28
49069.0,0,1.007,34.9,30
50577.0,0,0.497,25.3,36
42686.0,0,0.203,37.0,22
40899.0,0,-1.07,39.7,24
16589.0,1,-1.811,41.4,24
13686.0,0,-1.17,33.6,27
57843.0,1,0.647,25.0,27
56758.0,0,0.611,37.8,22
52017.0,1,-0.042,42.4,28
57034.0,0,0.682,44.9,21
38765.0,0,-0.959,41.7,31
38060.0,1,-1.123,25.4,23
66920.0,1,1.221,32.2,26
52073.0,1,1.076,40.8,20
46928.0,1,0.752,38.6,24
61708.0,1,1.072,32.9,21
53336.0,0,-0.059,33.5,20
13441.0,1,-2.31,34.3,20
43112.0,1,-0.283,48.1,25
61104.0,0,1.079,26.7,23
42292.0,0,-0.266,58.9,31
50913.0,0,0.678,39.6,25
50990.0,1,0.6,50.2,33
39010.0,0,-0.914,42.5,34
57299.0,1,0.499,56.6,27
37086.0,0,0.073,40.1,20
29116.0,0,-1.452,6.3,19
73470.0,1,1.05,31.3,16
52926.0,0,-1.079,55.7,20
66578.0,0,0.449,28.1,28
56689.0,0,0.489,26.7,24
36058.0,1,-0.771,15.1,29
29845.0,0,-0.932,43.9,23
41248.0,0,0.425,59.8,23
39924.0,1,0.222,31.3,23
53710.0,0,1.194,23.9,23
56285.0,1,0.164,47.9,28
63445.0,1,0.501,39.8,32
44340.0,0,0.164,28.3,22
38327.0,0,0.929,26.3,20
42258.0,0,-1.0,44.5,25
20120.0,0,-1.878,34.9,28
55969.0,1,0.484,27.2,35
49084.0,1,-0.209,25.7,18
21417.0,1,-0.64,31.5,25
56551.0,1,1.653,14.8,31
20898.0,1,-1.418,48.5,23
45668.0,1,-0.292,37.0,16
63512.0,1,0.892,44.2,24
36146.0,1,-0.207,39.8,25
55306.0,0,-0.431,34.5,29
48169.0,1,0.304,47.6,24
46408.0,1,-0.383,22.8,22
29301.0,1,-1.707,19.3,22
16751.0,1,-1.324,32.6,19
46990.0,0,0.662,29.7,23
64292.0,0,0.649,64.6,31
17720.0,0,-1.184,33.6,20
55284.0,1,0.249,37.4,20
36034.0,0,0.621,36.8,25
55905.0,1,0.652,49.0,23
60367.0,0,1.424,36.5,14
67829.0,1,0.961,45.9,27
51316.0,1,-0.072,39.1,26
30318.0,1,-0.25,44.5,16
48749.0,0,0.666,39.6,21
39217.0,1,-1.141,34.9,26
38750.0,1,-1.62,40.8,24
61051.0,1,0.794,49.2,25
49823.0,0,1.114,42.5,25
55306.0,0,0.592,29.9,15
44113.0,1,0.306,45.9,18
22257.0,1,-1.567,29.5,31
32748.0,1,-1.403,32.3,26
42273.0,0,-0.617,39.0,22
63167.0,1,1.64,42.2,28
31676.0,0,-0.29,44.8,24
66964.0,1,0.17,44.3,33
48965.0,1,-0.785,28.9,24
74886.0,1,1.32,46.2,39
16714.0,0,-1.859,36.9,21
69961.0,0,1.63,26.2,22
43874.0,0,0.011,46.1,25
-5948.0,1,-2.608,41.1,22
52836.0,0,0.089,43.6,21
55156.0,0,0.583,33.8,16
48784.0,0,0.579,50.8,20
61712.0,0,0.474,46.3,26
45847.0,1,-0.288,64.0,20
46118.0,0,-0.269,58.8,28
43357.0,0,0.124,37.7,32
58232.0,1,-0.59,38.5,21
78585.0,0,1.714,46.5,27
30758.0,1,-1.164,34.3,19
42488.0,1,0.151,32.3,30
40776.0,0,-0.272,35.7,23
25422.0,1,-1.428,30.2,30
64075.0,1,1.417,37.9,28
53986.0,0,0.276,67.7,29
54911.0,1,-0.667,56.0,21
31922.0,0,-0.844,36.4,23
39154.0,1,-0.253,52.4,18
62796.0,0,1.571,43.9,28
56883.0,0,0.231,44.2,16
33140.0,0,-0.894,35.7,23
60934.0,1,0.149,46.2,18
36428.0,0,-0.682,44.0,27
49753.0,1,0.539,33.2,25
38451.0,0,0.457,48.9,17
39367.0,0,0.766,32.2,23
37441.0,0,0.346,23.0,21
53126.0,1,0.134,28.1,27
25403.0,0,-1.245,46.0,17
45928.0,0,0.271,29.2,25
67938.0,0,1.137,31.4,20
21911.0,0,-1.391,35.4,14
48777.0,1,0.951,10.5,23
52726.0,1,-0.559,43.1,20
36128.0,1,-0.587,38.6,18
46178.0,1,-0.566,43.6,27
51921.0,1,0.742,42.9,30
52391.0,0,0.081,28.3,30
55178.0,0,0.23,37.2,30
40613.0,1,-0.946,36.3,17
59252.0,1,1.608,38.3,29
22058.0,1,-0.897,20.3,23
55984.0,0,1.342,46.6,25
66136.0,1,1.284,32.1,27
64419.0,1,0.769,46.2,18
37809.0,1,-1.184,8.9,29
35973.0,1,0.11,24.0,24
37319.0,0,-0.69,34.6,23
74516.0,1,1.595,40.4,23
48006.0,0,0.329,43.7,37
59345.0,0,0.49,47.9,27
52612.0,1,0.285,29.3,25
35797.0,0,0.328,40.4,17
62141.0,0,1.097,34.0,22
80012.0,0,2.186,25.1,30
50211.0,0,0.832,20.2,22
64709.0,1,1.31,26.6,32
50084.0,0,0.754,38.1,21
44747.0,0,0.513,35.9,31
29021.0,0,-1.064,52.1,16
36403.0,1,-0.299,34.4,24
42435.0,1,-0.511,39.8,26
45352.0,1,0.675,24.5,19
31927.0,0,-2.809,32.5,19
13893.0,1,-2.064,54.3,12
47417.0,0,-0.4,42.3,24
61636.0,1,0.491,40.7,21
47768.0,0,-0.254,41.4,20
61319.0,1,0.007,17.0,30
66088.0,1,0.816,48.6,21
63493.0,1,1.522,45.8,24
78967.0,0,1.767,37.4,27
56801.0,1,0.693,41.1,27
54752.0,1,1.199,40.9,19
48409.0,0,-0.23,35.5,22
38354.0,1,-0.73,48.1,22
45893.0,0,0.75,30.4,28
68309.0,1,1.698,36.1,31
52177.0,0,0.697,40.3,22
23611.0,1,-1.712,41.1,22
63159.0,1,1.218,38.7,28
58517.0,0,2.06,28.4,20
62948.0,1,0.911,33.5,22
43094.0,0,-0.07,43.9,26
47011.0,1,-0.639,36.1,25
38254.0,0,-0.906,43.4,25
52850.0,0,1.646,30.5,29
26323.0,0,-0.072,37.5,18
45061.0,0,-0.027,39.6,24
38366.0,0,0.032,37.3,33
57605.0,1,0.075,48.9,32
52611.0,0,0.571,34.2,28
42161.0,1,-0.177,40.3,19
60157.0,1,0.549,36.1,21
52387.0,1,-0.312,38.3,36
29713.0,0,-0.541,29.9,16
31905.0,0,-1.514,41.7,14
54298.0,0,0.333,25.0,25
56592.0,0,1.488,35.4,18
57692.0,0,0.818,43.5,24
52892.0,0,1.292,36.8,26
41359.0,0,-0.157,43.1,19
46342.0,1,-0.534,36.5,28
30089.0,0,-0.544,33.0,23
27463.0,0,-0.881,40.7,22
55874.0,1,0.999,37.8,28
57294.0,1,1.437,31.7,21
45975.0,1,-0.48,25.2,24
45636.0,1,0.634,28.4,16
38773.0,1,-1.171,35.0,21
61479.0,1,0.513,44.3,21
57130.0,0,0.975,21.0,28
42290.0,1,-0.615,38.1,27
64810.0,1,1.418,52.3,26
23164.0,1,-0.233,25.8,35
51600.0,1,0.454,31.4,23
62977.0,1,1.821,33.1,23
26417.0,1,-1.332,32.5,20
47507.0,0,0.657,37.6,18
30377.0,0,-0.066,30.2,23
68205.0,1,1.644,42.9,18
44024.0,0,0.152,19.1,19
61427.0,1,0.014,47.3,32
60924.0,1,0.668,41.0,32
77533.0,0,1.91,54.6,19
49544.0,1,-0.403,27.9,18
29256.0,1,-0.754,36.4,22
38198.0,1,-0.597,51.9,26
70757.0,1,1.108,65.7,21
28423.0,1,-1.602,58.6,30
26848.0,1,-0.983,33.3,28
38491.0,1,-0.487,40.2,19
30741.0,0,-0.764,31.6,19
39650.0,0,-0.049,21.8,25
35774.0,1,-0.586,28.6,30
15971.0,1,-1.872,41.3,20
56370.0,0,2.351,25.2,28
61653.0,0,1.131,34.5,29
51582.0,1,-0.067,37.2,13
46502.0,1,-0.448,32.9,25
34487.0,0,-0.584,44.4,17
21910.0,0,-1.723,11.9,19
41050.0,1,-1.013,37.7,12
38587.0,1,0.279,42.6,30
58908.0,0,0.365,45.5,20
58330.0,1,1.494,36.3,22
58003.0,1,0.087,35.0,29
32480.0,0,-0.521,37.3,22
56279.0,1,1.008,30.3,17
46897.0,1,0.684,37.5,30
49112.0,1,-1.174,41.0,30
35434.0,0,-0.611,31.9,22
70547.0,0,0.966,53.3,33
41892.0,0,-0.665,37.9,35
49289.0,0,0.178,47.7,28
34233.0,1,-0.894,19.5,16
65684.0,0,1.125,35.9,27
72459.0,0,2.137,55.2,25
27902.0,0,-1.945,35.9,34
21597.0,0,-0.946,37.6,25
60498.0,1,0.787,52.8,20
41054.0,0,0.376,35.6,25
44084.0,1,0.021,34.3,21
37639.0,1,-1.205,40.3,20
22169.0,1,-1.664,30.1,25
56662.0,0,-0.31,34.6,24
45443.0,0,1.069,32.7,27
59804.0,0,1.086,27.6,22
72471.0,0,2.476,48.9,16
46051.0,0,-1.625,35.7,28
51576.0,1,0.317,42.3,21
52367.0,1,0.386,42.7,23
53016.0,0,2.044,48.8,24
30890.0,0,-0.556,48.8,28
71643.0,1,1.507,35.6,17
40213.0,0,-1.449,34.4,30
60083.0,1,1.202,42.2,26
33890.0,0,-0.807,28.5,21
43214.0,1,-0.924,46.6,18
54805.0,0,0.475,45.5,28
49005.0,0,-0.357,23.7,23
57674.0,1,0.354,67.7,16
55639.0,1,-0.041,39.4,27
30398.0,1,-0.735,50.8,15
47576.0,1,0.883,22.2,28
40315.0,0,-0.192,42.1,25
36873.0,0,-0.632,44.7,25
34065.0,1,-0.656,55.4,24
27519.0,1,-1.858,33.0,24
40089.0,0,-1.278,54.3,24
55205.0,1,0.37,31.0,37
48212.0,0,0.258,36.1,21
44187.0,0,-0.093,52.8,18
67232.0,1,1.368,33.4,31
47996.0,0,0.044,22.3,20
47607.0,1,0.058,32.6,21
60232.0,0,0.589,36.6,27
52749.0,1,0.397,46.2,22
59168.0,0,1.229,50.2,20
36886.0,0,-0.475,41.0,27
54687.0,0,0.157,58.5,31
45721.0,1,0.072,23.8,26
59792.0,1,-0.28,32.2,20
43688.0,0,-0.011,43.5,31
54061.0,0,1.005,36.5,26
59044.0,0,1.588,25.0,15
48766.0,0,0.119,41.8,27
39144.0,0,0.105,43.4,21
36375.0,1,0.353,35.6,14
63587.0,1,1.228,35.4,19
54324.0,1,0.715,34.8,22
63766.0,1,1.756,23.0,26
70598.0,0,1.987,43.8,26
57459.0,0,1.267,32.8,24
37216.0,1,-0.45,43.8,17
53837.0,1,-0.238,48.2,30
41378.0,0,-0.261,32.8,25
40856.0,1,-0.34,37.9,34
58171.0,0,1.122,52.2,18
27271.0,0,-0.51,41.0,29
42176.0,1,0.642,34.4,30
50377.0,0,-0.276,23.9,33
25052.0,1,-0.731,20.7,21
65983.0,1,1.357,45.5,27
34827.0,0,-1.285,25.6,19
64161.0,0,1.491,38.4,23
36444.0,1,-1.253,50.4,27
44143.0,1,0.638,48.1,18
55120.0,0,0.406,29.9,32
54922.0,1,0.402,53.8,29
36828.0,0,0.048,13.2,20
44793.0,0,-0.535,37.8,23
52279.0,0,-0.125,40.3,33
71920.0,1,1.496,40.2,26
53853.0,1,1.1,42.8,28
68098.0,0,2.379,40.7,22
59027.0,0,1.288,37.3,26
66460.0,1,0.768,35.7,29
35455.0,0,0.378,31.9,20
36744.0,1,0.016,32.4,21
53934.0,0,1.538,51.2,26
47608.0,1,-0.163,49.8,22
40835.0,1,-0.117,29.0,18
31670.0,0,-0.47,36.7,12
50556.0,1,0.704,16.0,21
88031.0,1,3.375,32.8,26
46269.0,0,-0.158,35.3,32
22062.0,1,-1.546,32.6,26
45215.0,1,-0.584,45.5,25
51983.0,1,0.99,41.1,24
48180.0,0,-0.247,34.1,25
41192.0,1,-0.372,28.6,17
56521.0,1,0.808,35.5,27
51250.0,1,0.02,59.8,26
32504.0,0,-0.771,21.8,32
60324.0,1,0.54,34.7,19
27691.0,0,-0.902,48.6,24
45311.0,0,-0.025,35.8,16
72345.0,1,1.944,30.6,26
23903.0,0,-2.154,31.0,29
61680.0,1,1.68,44.5,28
35276.0,0,-1.774,51.7,24
43001.0,0,0.314,10.3,25
5146.0,0,-2.034,41.7,26
56060.0,1,-0.216,34.8,20
35111.0,0,-0.672,51.3,20
41594.0,1,-0.564,45.4,29
18871.0,1,-0.789,47.5,26
60424.0,1,1.567,42.9,15
71107.0,0,1.047,37.3,29
27957.0,0,-1.486,27.6,13
40941.0,1,-1.703,35.0,25
45890.0,0,-0.105,40.8,24
25895.0,0,-1.355,56.0,20
59382.0,0,2.006,40.0,22
64794.0,0,1.467,26.7,21
64008.0,1,0.672,40.9,25
35040.0,1,-1.688,47.0,19
36222.0,0,-0.656,53.1,28
56069.0,0,1.04,50.1,18
41568.0,0,-0.888,35.3,20
61510.0,1,0.778,35.7,27
26431.0,0,0.1,15.4,21
56722.0,1,0.994,33.1,18
43603.0,0,-0.005,19.2,21
40331.0,1,-0.016,36.3,22
34475.0,0,-1.264,50.5,21
38337.0,1,-0.09,41.7,17
41481.0,1,-0.828,21.7,23
56779.0,1,0.757,45.7,19
38894.0,1,-1.386,43.1,26
52402.0,1,0.902,22.2,27
57569.0,0,1.05,29.5,19
47799.0,1,0.687,45.9,18
20539.0,0,-1.482,39.5,32
31519.0,0,-1.237,42.1,19
48459.0,0,0.216,20.7,25
45139.0,0,0.128,38.2,18
42379.0,1,-0.362,46.0,29
44738.0,0,-0.193,30.6,25
36642.0,1,-1.052,36.3,26
22206.0,0,-1.001,34.0,29
36433.0,0,-1.062,36.5,22
33038.0,1,-0.563,39.8,20
41562.0,0,-0.121,24.1,25
51838.0,1,-0.339,39.9,25
31824.0,1,-0.923,34.1,37
57002.0,0,1.06,57.9,28
52564.0,0,0.201,36.4,25
35693.0,1,-0.998,39.0,29
82026.0,1,2.683,31.3,29
9296.0,0,-2.556,36.0,30
61841.0,1,0.622,27.0,17
64739.0,1,0.337,33.7,26
33282.0,1,-0.577,31.4,20
35072.0,0,-1.034,19.2,30
37397.0,1,-0.083,24.3,24
63481.0,0,1.062,33.5,18
63328.0,1,0.901,42.7,23
38628.0,0,0.49,28.8,25
40002.0,0,0.213,30.8,25
51040.0,1,0.051,30.0,27
55925.0,1,0.939,24.2,14
54696.0,1,0.135,35.1,24
58956.0,1,0.245,50.9,30
59525.0,1,1.378,34.0,33
23584.0,0,-0.515,29.4,18
50488.0,0,0.345,40.4,28
38565.0,0,-0.056,49.2,25
44728.0,1,-0.828,49.4,25
82946.0,1,1.455,40.4,20
34113.0,0,-0.94,49.4,19
42919.0,1,-0.355,25.1,15
32479.0,1,-0.831,29.3,36
62367.0,1,0.454,33.6,25
54550.0,0,0.597,47.1,36
53410.0,0,1.653,16.8,24
56011.0,1,1.663,38.3,27
59941.0,0,1.64,33.2,19
56767.0,0,0.552,52.1,18
65535.0,1,1.041,30.1,22
40847.0,1,-0.221,45.5,22
43758.0,1,-0.957,40.0,28
80872.0,1,1.25,43.8,30
40040.0,1,-0.761,48.7,27
62276.0,0,0.707,44.1,27
64975.0,0,1.536,39.4,21
38572.0,0,0.028,37.0,21
67069.0,1,1.458,29.3,34
51927.0,0,0.138,29.1,22
48294.0,1,-0.004,43.3,22
57509.0,0,0.743,24.5,27
72492.0,0,1.909,33.8,27
27050.0,0,-1.149,15.9,30
56393.0,1,0.355,39.4,23
46628.0,1,-0.63,43.8,23
34020.0,1,0.359,36.0,22
46558.0,1,0.594,28.8,28
24908.0,0,-1.33,35.9,26
28794.0,0,-0.977,41.7,21
61201.0,0,0.978,21.6,30
52806.0,0,0.508,43.7,10
46574.0,0,-0.556,27.9,25
47975.0,1,0.132,49.4,20
63829.0,0,1.005,39.6,28
53414.0,1,0.968,37.4,16
5728.0,0,-1.999,35.9,22
36030.0,0,-0.469,27.6,29
58428.0,0,1.726,39.8,26
