age,income,education,experience,assets,treatment,outcome,true_ps,true_te
26.09696736550828,10.0,13.964698061141435,0.9971288382453984,152.52895165767507,0,27.470364657403316,1.2432651842646341e-05,12.2
59.95332662286701,97.51357744888456,11.257426751028703,22.93925955027766,290.79867701527814,1,58.08296588494608,0.5876480152012179,6.949185353066926
61.96725379489261,25.355036285375697,11.32923289089967,20.913366439391282,113.85192943214749,0,31.30824074554076,0.0006580724773788376,11.278697822877458
40.05056738214178,66.8126660527369,13.035488962566088,11.281524233666493,271.60238694500543,1,58.40326982520173,0.13196265023694217,8.791240036835786
37.470599575129214,12.589473626900872,13.835234512439097,6.275340913470696,182.29930708067536,0,41.810639764547716,0.0428838416291473,12.044631582385946
31.591839588552155,30.79015907247884,12.679548554345988,4.895048621136551,128.28200409523723,0,45.05440663889296,0.00854165904994154,10.95259045565127
49.581541346196694,116.77185147999137,16.89593123731799,13.685982060710536,300.9769858381869,0,44.930111325787436,0.4973101640011838,5.793688911200518
42.16776218778181,58.225831456858806,14.441261201490711,10.367553381103141,155.03626538326296,0,44.30183830289665,0.18913486068127544,9.306450112588472
63.39072886625257,31.406767482580005,9.830224297499626,21.411712164226365,167.16615704935413,0,40.92319460584252,0.0007054864098104061,10.9155939510452
56.0443013691248,93.69423039474722,9.589196682296297,21.053262873922957,286.8335803462619,1,46.00941245863667,0.6421521342144699,7.178346176315166
40.48423783443087,40.89064584120857,8.712642856688579,10.81909596292121,152.07807509319778,1,52.703238825898424,0.5252194097754194,10.346561249527486
56.04761389663977,163.4526465231419,12.718760148107354,23.4290227935656,540.3214136716603,1,58.56658114092395,0.9844773716313036,2.9928412086114857
21.8773087768438,94.96691668272987,12.026736365881558,0.7584898506112667,307.55277574733435,0,41.83685945729042,1.3649513162091004e-08,7.101984999036207
54.62560423720152,180.04495018793088,17.379376663564464,17.95441046799335,528.346569761566,1,73.30289341699498,0.9989432813737108,1.9973029887241478
20.14270025398824,32.07799721078932,15.511698055933548,0.20297477109508,149.57361193171133,0,39.11327152294866,5.09012476977676e-10,10.87532016735264
33.176422642226456,491.8724070126404,13.79081491537176,11.382933600500554,1000.0,0,99.95023960039263,3.284898108444475e-05,-16.71234442075842
47.49114497000956,21.72583436248455,17.665496271005953,19.41212757699529,107.70401143580398,0,47.59553878696135,0.027863751815341373,11.496449938250928
61.08623261392908,11.347564005171373,9.66687905128724,20.904572800490147,201.63155417235276,0,39.4407815789803,7.998274902148887e-05,12.119146159689716
33.50517521350865,201.86673441469242,14.988456028154419,5.367081377047326,469.01590888274256,0,61.98243691331692,0.0007957843777308026,0.6879959351184546
31.186938650181947,63.76572804806936,19.025150513320536,14.848947059637172,140.95022471050578,0,48.87734975754509,0.000606527056540753,8.974056317115839
49.9876447206498,24.43915481209171,15.845481877378852,14.256713123072435,105.35777179249911,0,52.47706659638308,0.00603618245156613,11.333650711274498
64.43898098869174,386.90223611052517,10.590592040964966,26.27001360341124,1000.0,1,81.6165266791486,0.9999999999999996,-10.414134166631511
41.07216827334928,31.969768460341914,19.62012241480034,11.625186206058427,134.23064074381998,0,51.24042161315127,0.0017004771982660379,10.881813892379485
25.547932078685946,53.83979780081611,12.19208546324679,0.4689872646434843,284.41623294260205,0,36.626117111109835,2.0849087561567944e-05,9.569612131951033
61.22141240295976,85.30988509293022,13.15963537000321,28.551302099939686,345.9208765854292,1,72.04816181183874,0.7079612358636076,7.681406894424187
62.576459006754135,24.047231514891713,13.573009571560215,24.609776089835982,186.71067825515397,0,48.25242844771063,0.00040761618089474284,11.357166109106497
32.49638179868934,90.29658057954065,15.49913356142866,2.6539771108591683,285.92800416576773,0,46.76316654258812,0.00036851610395286736,7.382205165227561
43.384415994108224,27.506861601488463,14.350052856921893,12.969942515244886,59.063579269332806,0,43.77862638691907,0.024717236780288917,11.149588303910692
26.963524942239875,25.901736264537547,13.531362116131474,3.3151631944419684,22.381090890343003,0,39.33822434404712,5.538514802566297e-05,11.245895824127746
20.65823087708992,179.60862592488914,11.757783282716112,3.2862095488303176,504.0597856591975,0,55.59815224315293,9.434983976859231e-13,2.0234824445066515
34.590944288427096,176.13060731439856,9.377111047830972,10.385799523860213,453.76944331585366,1,56.16592832493637,0.044930215616914716,2.232163561136086
64.59042974356042,55.41615267831573,13.107900427618706,27.33269103251919,205.22561543577947,0,49.19149573689727,0.1211729569319118,9.475030839301056
43.09135795126967,21.575574820555236,17.928574450195473,18.271960816150816,119.90016256827724,0,47.31841128523445,0.06537539468241808,11.505465510766687
59.44230385634748,11.228420155241228,14.448978612490766,23.805599863273557,39.424538102698946,0,56.174030275852964,0.0002182885629940015,12.126294790685527
23.032808599664886,43.87153821787313,9.855306946851455,1.7362834609433042,136.33177471260186,0,36.49485416900247,6.526214235410406e-06,10.167707706927612
32.78691817203338,78.20630958622063,12.783601920985427,7.64401417202296,198.97685778237494,0,48.188031263706726,0.07820097227812328,8.107621424826762
41.100467056692324,57.712488379543686,17.542789659051337,6.041124581152085,246.78243900815045,1,56.812029291931054,0.025258474979721786,9.337250697227379
54.279793570559036,30.40550484492979,15.92396430989247,15.65479959833973,215.9003573791678,0,55.139625984765296,0.006488194583745538,10.975669709304213
61.51752995279685,161.35326074587567,15.142769153879147,25.063205901472823,581.554193941325,1,69.86997583155296,0.9990142802184007,3.1188043552474594
37.68606906779608,91.3185726441284,13.23636232270778,8.932956014787903,276.3478776293459,1,67.7259797252475,0.36011661108707593,7.320885641352296
61.80894547357938,60.23318283680315,10.746671657809483,22.431846328749558,213.27308855617665,0,50.375828890466465,0.027364327201231928,9.186009029791812
42.48254046949722,34.864003863889415,15.91160424205897,13.282559847705564,246.4568429449983,0,45.54099877547796,0.008588198777741637,10.708159768166635
56.092236063572564,24.86610632420012,14.189809892206275,25.365917850494615,183.91324844090673,0,48.129910758230594,0.0038616449568937075,11.308033620547993
60.34610512566597,44.0308946441477,12.518518917986807,27.65848727354309,212.17481065294797,1,59.80837094419403,0.025036719360296965,10.158146321351138
41.69580838555399,14.692578041662705,12.28962888233698,6.039426649091727,142.39592057132032,0,38.84056138126625,0.1931632333727111,11.918445317500238
58.15684560566575,183.90860103239993,13.679811689109526,24.261606138465876,540.5005798122554,1,76.20826376779142,0.9994109412595401,1.7654839380560037
32.45056776247077,37.949379169211575,12.759012505236786,4.654413546628858,174.8396025682351,0,37.27841640106607,0.010608111505968852,10.523037249847306
35.310314603998826,58.42009943197332,11.872902105823213,10.578257059210939,336.20104608909196,0,45.32292021300227,0.037867539368262,9.294794034081601
24.728357056626386,11.658447924788371,9.486486224418677,0.0,175.2299756524896,0,33.297114908637845,0.0005810192669412678,12.100493124512697
43.541647342187666,75.40224429085609,20.0,13.215896041409055,256.4468639725068,0,57.68293774746269,0.01910804622835935,8.275865342548634
49.18286096081199,107.11364758230289,8.488496310739217,18.04167075824061,363.29633128553155,1,47.895065851263354,0.9661423819273925,6.373181145061826
60.48252126456437,266.9851148779689,17.15834977553873,28.07780163222695,761.8669548335565,1,81.21905938384265,0.9999999966081887,-3.219106892678134
24.673967392492845,153.69329253670315,18.27413034890916,2.753233801432246,403.82276101451737,0,52.86609180864555,4.700393061119492e-11,3.5784024477978105
34.028510419751406,64.61651492001303,15.20208561426064,5.7835967221407225,230.1697494565138,0,43.70920000898522,0.012518177270487764,8.923009104799219
23.514649360354795,38.061365431615954,17.16341742056863,2.4617512458402326,133.24402887296714,0,45.81408326483052,9.970117497477288e-09,10.516318074103044
62.20415848521896,36.52682522355936,12.999290423564595,17.806230441507886,240.04150926802328,0,45.621092131751446,0.010957748832125904,10.608390486586439
63.15891444256759,69.6259812237773,11.815759180501752,23.283759633784854,257.15745224832716,0,55.6064294666051,0.08354807594442817,8.622441126573362
28.605898319157035,28.779767523680526,9.78806692777356,8.99518710046248,118.35295157363717,0,42.59081917161302,0.008883430441279806,11.07321394857917
62.93095149932567,24.534291707808382,12.316949830535473,28.15683903562158,102.29104122563339,0,44.90193434872836,0.0016058939146566845,11.327942497531497
39.98217232911708,52.585110665930024,12.100415610309003,16.06620322712503,193.2724491904451,1,49.70169803414904,0.36553837457487426,9.644893360044199
31.854097571656315,38.93020260895448,14.85706467169891,11.393406003685797,82.39887705504574,0,45.89901689304822,0.0014014979034607472,10.464187843462732
50.14539719332244,94.92832940552395,13.80034590854091,22.893764485965086,266.272661352843,1,59.54833707313018,0.5123106363627613,7.104300235668562
36.932074171958554,19.44150015041536,18.457622173452968,13.273062449506085,206.2878342058193,0,52.20270452883008,0.000872988341950752,11.633509990975078
64.345975843378,26.22556531885267,15.436402587438293,22.76889859032589,148.55888219628082,0,63.72533363198113,0.00025826420258203325,11.226466080868839
50.018298563867376,55.759555417076854,13.48082872555973,16.450065393159182,236.18748058498906,1,58.88881599533758,0.373344601601923,9.45442667497539
64.61603299756487,25.795222876982532,8.22312191900497,25.69400344107965,159.79753188908018,0,40.51559592292482,0.00034746519181883207,11.252286627381046
63.810401329016045,39.74578531330481,14.339612198574267,27.53870854557831,128.49518388344703,0,53.01838778219766,0.02557742576260038,10.415252881201711
28.165534591370218,19.612871921388734,14.184444884968263,4.766153481621862,76.8121266016752,0,41.29540940777896,0.00018295441933529976,11.623227684716678
39.861739884984964,28.23642034397974,10.779926135871705,7.8640056305068295,117.76280685435151,0,51.859903384561996,0.6539461851350931,11.105814779361214
50.27570225644717,134.32785673464758,8.765860992075249,19.40944042890821,351.5917196584039,1,56.01755881650682,0.976879945786933,4.740328595921145
49.410541283423456,147.26132548676824,11.265846425441165,16.296473378603412,446.30700574828035,1,59.22687789995041,0.9866389554081564,3.9643204707939055
37.236765714752735,45.574752346836966,17.57195057770622,9.512998022514303,137.06653470162675,0,50.5284725997751,0.011893280963469888,10.065514859189783
50.115431106618885,149.00598792546364,13.039036937547658,19.572819177437317,451.6506227407051,1,60.538071467536135,0.9671935419781292,3.8596407244721815
52.39260391047701,46.476023195284036,13.380722695173084,16.76831976045501,233.62494643466763,0,46.748045917728646,0.16304118879374954,10.011438608282958
55.251400581210504,28.742220422496825,8.0,23.4440993777174,187.7392954281604,0,43.983748390046586,0.001177526172330562,11.07546677465019
34.44421430107315,155.92080074586286,13.772639494858717,5.003491355720099,455.4093185173217,0,65.76328054553002,0.004656140563245686,3.444751955248228
24.367730082399163,500.0,16.9818762693776,2.9242558507237875,1000.0,0,113.99308532548444,1.5170083034784193e-17,-17.200000000000003
57.54879262508259,500.0,17.254397995000588,23.241129189170152,1000.0,1,83.03855211661208,1.0,-17.200000000000003
21.13501331906761,270.0223990063694,16.37712274528938,0.0,653.7613426375185,0,69.61972567596678,4.1647625079151015e-16,-3.4013439403821657
30.744570748093654,14.191045086048229,14.598032238518492,3.9376449244950598,105.23520905526422,0,40.32132321543537,0.0004620806793151764,11.948537294837106
58.56987516182729,144.30698759513263,13.931395128065706,26.648930092650915,469.08840018007635,1,64.2850925618293,0.9963693273381732,4.1415807442920425
22.270718197607366,120.43146296008459,8.827589695328191,5.1288623230765085,255.92081700767858,0,52.01130535244676,1.164956728038911e-07,5.574112222394925
28.73491328216959,30.200222471385686,15.172344863506968,6.797692556640344,195.1976292039764,0,47.443142309441235,0.00028436895627742835,10.98798665171686
41.41575534303445,108.96161633472991,19.04710736056834,12.80859821566805,384.63093125884905,0,61.1536909379521,0.017147269086568825,6.262303019916205
30.583264463839544,89.38581378348934,14.897458717787165,10.761956730764446,220.8796720154295,0,57.10579807750426,0.0004452090496944012,7.4368511729906395
36.15957316159454,13.73935545545816,14.766440192472967,8.835035930253856,101.44312575166313,0,48.601068701266385,0.026315865186472946,11.97563867267251
26.53235827102273,30.441365567084915,13.281423017371155,8.947537628803879,110.77969743945943,0,33.334771003461135,0.00012996345755903732,10.973518065974904
26.10371095946313,23.000626867082044,17.053870006068134,8.390924609284125,67.14450810594371,0,46.663987918502755,1.181382699461229e-05,11.419962387975078
24.40046049885496,259.38597063974504,14.169716130601385,7.771319547659702,645.1000338847875,0,72.16404002073651,8.494818546769478e-11,-2.763158238384703
26.82581168950765,356.53006334006557,15.256764364512884,4.691521370052857,856.738715920698,0,81.21942102394463,4.1246821988166684e-11,-8.591803800403934
26.50338776597786,158.84002426199862,15.433195892848897,0.0,440.94873922071787,0,54.6055462986336,2.926954544872598e-08,3.2695985442800826
21.32634680429553,345.93471908003795,10.093466072315794,0.0,868.6507635525586,0,80.86824108064093,5.1331353664445255e-15,-7.956083144802276
52.814666772796144,64.91764812377532,16.209577099213725,15.437534376015916,323.7563741870598,0,51.47764578756636,0.13740921234467746,8.90494111257348
50.42872485960223,74.29349637303287,12.147051902095159,19.291386473831537,256.9716764996389,0,41.99784684980689,0.6519016473577397,8.342390217618028
39.95923306895304,54.29380246744367,9.340395548456431,12.959304986898093,223.6368667868843,1,49.922313955972115,0.26393333468276836,9.54237185195338
25.61939123652341,47.43043004215909,12.5674891101823,0.6251733049977775,147.27587044418914,0,39.86221910674883,2.9275710078331366e-05,9.954174197470454
27.909819448976272,112.82295444185213,14.215950760239966,4.973387962419135,466.47074363875095,0,51.55324611223031,5.554125583190341e-06,6.0306227334888725
47.43642916053173,12.434862656277636,10.528660414821434,24.457600489927838,95.04909301887959,0,37.35491773569732,0.006143869084683887,12.053908240623342
32.23539676666717,13.39945136224508,17.830237961360943,12.353188301413805,126.51271006760074,0,36.927722423300864,0.00018276360433512918,11.996032918265296
52.074379913034825,39.843976113939476,13.770402254183464,17.499120095792023,235.86812952492286,0,47.3028736428952,0.0934814266731829,10.409361433163632
36.47065663686731,28.720546724463368,11.721178032087666,8.577403678711088,158.19500786164366,0,43.183252290822615,0.22626203955150406,11.076767196532199
32.59131330022144,10.614189664970107,9.777431079412512,8.883063613385554,96.47697713593581,0,39.972897958671375,0.1371621315336669,12.163148620101794
59.66761983673764,191.36219835266564,12.524709466514084,27.58616269617699,471.99671926111307,1,77.51431050186716,0.9999752440483237,1.3182680988400608
27.502242142832145,414.77660343947616,16.709301475281297,5.9020115517001885,1000.0,0,95.04520054112646,2.1776677088487726e-11,-12.086596206368569
24.538090069916343,146.75607305203303,12.857133916389726,0.0,378.2634927090225,0,50.59948925414532,3.7334976405695134e-08,3.9946356168780186
63.835483762192126,48.08575227623554,14.993128826268615,26.40286907333388,138.49788989275638,1,67.37691684711089,0.07279167129457526,9.914854863425868
63.040341646883256,86.79143197821453,12.563639426138916,26.726849590400345,357.243738090073,1,60.964191418219094,0.766604754086345,7.592514081307128
25.63871911174197,62.33973684025467,8.889484537180884,0.9994044627590544,191.74229808577158,0,36.775171559986354,0.0007229766031829177,9.059615789584718
25.91778389668376,44.05825584055909,11.651959439041875,0.0,226.08113872589584,0,46.25950029563231,0.00012628098910825766,10.156504649566454
35.32152266429371,16.078660846279625,12.401300484924882,8.461017703987498,35.29915955129054,1,48.75031250860067,0.15268821405153676,11.835280349223222
42.52450035028973,39.81541825296415,20.0,17.06032973530987,198.44631474731375,0,48.05959630280728,0.07315285123996325,10.41107490482215
58.141145490042575,71.16836695383101,19.03159935924085,19.599234576354082,249.91566909902144,1,72.93904088268081,0.2523638962374587,8.529897982770139
45.568184232366775,32.49288216213258,15.410144653864197,12.446042190601748,159.1903548118853,0,33.973011004634266,0.010237241853908577,10.850427070272044
29.739569548116133,80.86089322188411,10.761775391131113,2.915280483714979,186.71151171591413,0,43.051130144828996,0.004881911242274346,7.948346406686953
47.96487923975552,91.90454673224119,8.0,13.175107745135717,307.9608754470099,1,54.46960762247244,0.895985370963701,7.285727196065529
37.379636232387156,36.51769318140262,11.02271963941618,8.69422961494509,166.75765822479283,1,50.1955405968944,0.4226318607678464,10.608938409115842
37.31513356058508,42.516677383261786,12.7914643012173,10.160863767281937,124.88189931633973,0,43.12198586077962,0.1110015725962221,10.248999357004292
28.51049974407724,14.627186518317794,20.0,5.772910039067613,79.89088033507107,0,48.43727670232672,5.150490607945348e-06,11.922368808900933
63.08267942327813,75.76654211992937,10.37012328376536,23.494743922199362,324.5574943553611,1,54.850202284168326,0.11877327447399792,8.254007472804238
25.540541100541265,34.91004902586824,11.608489027972324,0.418095515804898,183.74164584097207,0,38.63521411703981,7.601008443794237e-05,10.705397058447906
23.894013670431164,35.93602332380618,12.671905087398741,0.0,106.39822388590957,0,40.255207572672,5.936006925174516e-06,10.643838600571629
47.07814722240667,205.12316160869767,12.349934657666127,17.561142597054406,575.8140776076358,1,69.65331156793873,0.9975291897999125,0.4926103034781395
46.81620307597734,28.13669202771834,18.563643096606143,14.403963093333099,164.30423250186712,0,51.31050900766006,0.004754193863066126,11.111798478336901
25.673409807502562,188.80651925887827,12.633781654768951,0.0,471.9150332092775,0,63.87350926130743,4.600825488679905e-08,1.4716088444673034
47.676118279397876,141.72887557637742,15.118693090592238,18.934811331340992,438.5891806371894,1,67.46903305556309,0.9273605694308065,4.296267465417355
34.73214812882411,68.2210768854196,17.845699738709232,5.346688067981562,155.29087406378807,0,47.043126668140424,0.0025788724905770207,8.706735386874824
35.53818855108693,94.59957081573597,14.116037128145207,7.876701323727798,270.08846359755785,0,53.32995126371158,0.12957303254333605,7.124025751055841
35.3318995049909,55.42206999720989,12.632770990355771,4.193662105838471,282.4012489360352,1,63.70678660629598,0.04010765264120756,9.474675800167407
25.50740386960657,53.327640149311115,17.82675846717633,0.0,209.97858111145885,0,42.23256586349018,9.744667740169866e-08,9.600341591041333
62.71581439956723,295.3714415571296,12.748519049624637,25.864863197903475,805.2206221992403,1,77.39793420180179,0.9999999998825109,-4.922286493427773
35.92507273206886,66.79530795658358,11.808019126647743,7.95365246656106,185.7036239029946,1,54.45801434668978,0.5070968923407378,8.792281522604984
42.06949745044635,68.26501264164976,11.938963596584987,12.165837881950344,228.55900963397585,0,41.37465975868787,0.2750358843019541,8.704099241501014
22.811331843644783,37.17592190501272,14.596969540762716,4.787991738734159,179.1899753398584,0,41.40146545724982,9.918962884570635e-08,10.569444685699237
42.01728461686804,61.433526096194484,17.90270105394571,8.833524395778685,259.86241854322486,0,38.63276532720238,0.046326107060792585,9.11398843422833
35.74620046559362,29.971240698586637,12.584151973288153,7.195292828014132,180.62682772669393,0,41.47768664786814,0.1453109212309537,11.0017255580848
63.24824967810146,36.47632817600266,13.775927769701648,20.690125483468183,151.20221623191046,1,62.86146095691171,0.0024467001310728535,10.61142030943984
31.879458923573278,66.3010643560581,16.922130584285096,1.0524061336610462,205.63630069267103,0,43.021943534431074,0.00011335535157138748,8.821936138636513
53.11069869340685,50.30688258903812,12.827275521906921,14.98486619999952,238.3538231748849,0,53.16764515874362,0.09848998598956227,9.781587044657712
42.44354137605436,43.43514674865471,17.976604140326586,9.605631703336938,222.66802481814955,0,50.190453276731354,0.013231716985792025,10.193891195080717
61.70433972336905,26.729433947489344,16.448016480267924,25.49653580699542,96.18736334531806,0,54.91265042103833,0.0036682890727238035,11.19623396315064
50.43502558027426,73.01194371715714,16.228241367702594,17.575052108554488,270.3263259904583,1,65.47976726571332,0.6126958949848382,8.419283376970572
23.272994534716204,55.81064383043666,13.958140623090342,0.5626501483843711,251.9291953175275,0,36.386879458698836,1.3587825975262976e-07,9.4513613701738
31.745873315960367,42.49745642276286,11.59710513978272,8.631608746898214,125.83155918746901,0,45.41180130501335,0.04909119216389981,10.250152614634228
28.405313026338483,78.58214893954292,14.023229476954743,0.0,239.40395492489435,0,44.34378080625141,0.0001356196549820309,8.085071063627424
48.997119359458196,56.756373243870684,11.66959893332205,19.323400006885308,205.11352691628895,0,42.480874803941184,0.38296755855811415,9.39461760536776
22.786637102746965,50.22888640093358,13.889071377359368,0.0,135.39490570188065,0,44.620858301627074,2.1234971875568915e-07,9.786266815943986
35.31292371023603,136.5599613498956,13.105061774229005,4.503880931987897,388.9457420826646,0,48.43848082884423,0.01964339995379546,4.606402319006265
42.1046349743784,133.01574193418017,18.056327617229357,11.863252541036568,348.49586408415723,0,58.51268151880729,0.049711131021916266,4.81905548394919
55.32077043302837,97.53974231665697,14.90564074727087,18.655164808668914,255.86181478635916,1,64.25315502027125,0.9163884212434376,6.947615461000582
21.58500500592795,45.453188263655385,20.0,5.957530924884222,145.42055126638064,0,38.19634035285806,4.843352299750341e-10,10.072808704180677
47.404749339865155,37.422511101173306,12.487124720819802,21.870348024635074,231.97086846067515,0,50.81280878525651,0.017104759728599882,10.554649333929602
46.57691288119482,173.70260830316278,14.940043968689622,15.237139928393999,562.1081283696058,1,70.02060234549518,0.9146347316742099,2.3778435018102337
22.099206310890274,196.916674482049,13.583933065099684,0.0,512.0749065564529,0,65.4988559494721,6.2191986815630675e-12,0.9849995310770607
27.99505233768948,216.04004211058802,14.543703079321725,7.232074536023385,568.0087045715823,0,60.966216221512646,4.46164899451307e-07,-0.16240252663528132
56.027991083418236,13.167900750272898,12.613994872024671,19.819411714504984,95.55392009366476,0,33.355933286949046,0.0016102306648148345,12.009925954983625
32.1032365683163,95.7851387687822,20.0,2.7353876367587695,271.42128396325035,0,51.18799911055979,3.6889191934465075e-06,7.052891673873068
30.365212014925813,25.60368220485143,12.387113266521467,5.874812697248667,125.63851610947624,0,46.076858723544774,0.008169440200397527,11.263779067708914
58.26702605492294,106.73076403810508,9.355554869231389,20.86243910300852,295.79675536520864,1,54.52351309452921,0.8679957716193798,6.3961541577136956
58.927221838563504,129.97195438536545,16.404740679251383,23.790997759541447,401.92253906621846,1,65.80290195827489,0.9604408721332536,5.001682736878073
39.335715272564855,28.35625854133172,15.391264831752448,12.873263784437825,144.64700008604677,0,46.62045622805086,0.00867587869888248,11.098624487520096
47.01071106148897,87.74944922981136,19.242926891805034,18.428940175804982,310.38865221753275,1,65.41079095320414,0.6347890505923977,7.535033046211318
33.60621532519812,57.90197646811682,13.061945654831915,3.562804500017037,197.3626671259784,0,42.64058864421939,0.013149677574287165,9.325881411912992
36.211638852653834,61.22698798027626,19.12517320799174,10.884815642665343,228.9923340478209,0,54.71440341097304,0.0018607144818358276,9.126380721183423
54.74966197705708,35.49223630143942,18.670422113652293,17.919648411169515,106.75560642937799,0,52.27758196514324,0.026534467366008747,10.670465821913634
47.808459612331845,45.533715346733715,11.56248580178299,19.178502150673356,157.99861678152297,0,47.3858657075202,0.2722180363099206,10.067977079195977
52.34701433049185,40.41250037042481,13.361807792843374,20.037578812568295,220.8827544901185,0,55.31973553341574,0.03198004280298566,10.375249977774512
41.0740965820531,48.625622952059516,13.0229458569582,9.27802973244834,92.66589516593456,1,51.564178670315684,0.45156838085694656,9.882462622876428
59.06623107903527,29.39719083602896,20.0,20.22476997269154,144.77742660736752,0,52.71407675144776,0.001625121232346692,11.036168549838262
21.151115425781928,38.22459044946922,17.911104852042733,0.0,138.61192224330915,0,31.246016509626134,2.3017089327125133e-10,10.506524573031847
52.44156666743149,30.96282158473881,13.222306277311606,16.435804695767356,114.59888085980042,0,39.85375275567138,0.06075035857963027,10.942230704915673
36.82329689874783,34.786761226540875,14.766718199993104,12.1181024192583,100.55279562754464,0,48.44487804470888,0.010580754247476674,10.712794326407547
26.88796893445683,15.014431400958632,15.42148573835042,0.0,152.03458169200297,0,29.727519130153933,1.1065580082482486e-05,11.899134115942484
40.679351292460936,100.88332462096903,14.490031528169329,13.752079057755465,304.5902706996995,1,58.09137155385479,0.16600493948806627,6.747000522741858
37.544376883170344,200.12632262631217,8.680682732713233,9.058054465573091,584.7536293769085,1,58.34830015341193,0.7659770055894066,0.7924206424212699
49.56566765458313,52.067531567977305,11.450341968970218,16.328591483163564,274.6841373700103,1,56.960226496913535,0.36955729292117534,9.67594810592136
64.97941584349216,45.59624533399466,8.0,23.933186531995354,140.5842518231235,0,44.18015798005275,0.0038977008650993537,10.06422527996032
29.2404363002531,121.5316502162494,9.126740188845485,0.0,266.66627987144784,0,42.42539307700872,0.014323699511469449,5.508100987025036
52.819249209219095,196.54583548470202,16.604805882329,23.22685422909808,533.3095225068978,1,83.24460648552929,0.9977516513270944,1.007249870917878
51.90608687303306,39.80626011086227,12.789597176394048,14.116375864599933,229.3231743573574,0,41.1663638732366,0.025806474547779262,10.411624393348264
63.64042415622527,21.381577295908667,13.704034343192763,22.680592970105277,133.42155233849445,0,44.771920145735876,0.00013369721660290158,11.51710536224548
50.15064699567613,80.07556106735974,18.105131749440673,18.19344737564302,222.90829349208445,1,63.99543134286996,0.7092708508208888,7.995466335958415
43.9331300922067,91.54038422017304,14.072690714673621,13.897687951717877,346.08673648033425,1,61.04747394398108,0.2966245757440006,7.3075769467896174
53.166790808606,97.78477768750746,18.783116594296484,22.11417833463314,321.7875250462122,0,59.483814213509994,0.5424795847545766,6.932913338749552
25.15680418566276,22.155070793735405,14.00760687924496,1.8009656656644077,123.16832980978171,0,46.130814812568914,2.698956093096453e-06,11.470695752375876
47.66797458450445,63.45979212924729,15.566541893379583,13.224146655144155,243.9149842860058,0,49.12326901507192,0.07265910788361073,8.992412472245164
33.998962178330004,24.527504871141677,11.171197696780201,6.247545202225382,137.73090252986594,1,48.358685327486675,0.169678854862681,11.3283497077315
60.91557543509005,74.56609025927574,11.92822439430775,20.929213839625923,318.36450661590504,1,53.521512059825604,0.1850065653978068,8.326034584443455
64.71992347546,53.178512547942745,17.019824261259306,20.48317218547943,216.75393202216475,0,57.884278982619726,0.02051155970075374,9.609289247123435
63.2739659452398,123.78630551762637,14.745258406112729,27.110177662554573,417.99722842446073,1,68.23550279659908,0.9957975091632384,5.372821668942418
30.633910360740707,91.86822546304485,16.640215550336467,10.386272004709667,281.7743242102875,0,53.84938744833026,0.00015370737132211915,7.287906472217308
33.16725490594456,66.05355755866738,17.934019684595086,7.97975814532637,285.5303405601835,0,58.97985248346601,0.001727013748754133,8.836786546479956
55.80010033378189,104.62945241009996,17.751557635812546,23.589951983630158,369.9711867754534,1,65.25196394222742,0.7308272616585334,6.5222328553940025
35.448665828374985,86.35008158217857,13.583858155749832,1.2329009064421603,283.28421698979935,0,48.335381209304344,0.02867244760387208,7.618995105069286
27.046780150323535,65.8838244671375,18.111606780654604,3.9659340274245363,305.81620095373825,0,47.05858631828874,2.9688754945875777e-07,8.846970531971749
48.133791921227505,15.951253234197207,17.51704877923263,25.312275692756327,91.8349337038842,0,47.68880353417266,0.03890793303233108,11.842924805948167
29.54016065291839,80.74285651210614,13.300990337031362,0.3934584159628898,299.45776748586013,0,49.17392908345376,0.0005258040051317009,7.955428609273632
44.397603145999554,140.1085187555495,9.915564547175606,16.249284325916705,393.32539197416423,1,57.11053639769618,0.9517009018748541,4.393488874667029
59.40575407554458,77.53179353560238,12.075665801867274,20.315517563676003,256.9191865776076,0,53.155932713803075,0.42013267679364774,8.148092387863858
45.97818661029463,84.36167546832168,16.72190730440376,14.290103503385868,323.573716019991,0,55.51630228498108,0.18886383970924892,7.7382994719006994
38.55316389209197,34.322926842813295,14.647771176449083,6.907266378053392,145.98590220533976,1,61.56594006715975,0.10161481644083561,10.740624389431202
51.615740607428556,80.08021427445755,11.273129905919287,17.630906451037948,400.48066295126785,1,57.24819691492726,0.7840635838368546,7.995187143532547
61.37589830180589,31.711330200987366,17.374573144941767,19.38848895943174,168.49670200414835,0,60.02569405331961,0.002462416617409082,10.897320187940759
41.67856958571829,14.133481441059027,14.64493814422829,13.057896356815421,86.0381714888398,0,38.873124346034714,0.00968864884139556,11.951991113536458
30.812712964338488,63.67174272215698,14.071670640978592,0.0,212.52769706871987,1,57.28304136970261,0.001728870661024559,8.979695436670582
63.214525447214804,208.7285234373381,16.39919128611364,23.191247984461423,639.2206164025886,1,76.85587921308513,0.9999940578153093,0.2762885937597126
51.09779945193907,14.052607827554551,12.582771351390425,24.89850448500303,0.0,0,36.28948357366513,0.007714744215792806,11.956843530346728
64.60630753808815,200.63176805694417,13.581415396726467,26.903945237268527,635.1185339809517,1,72.53527702728059,0.9999989883266821,0.7620939165833498
36.98273177933531,67.56404933904778,13.56488134984444,9.406784897540547,177.66528575429126,1,52.99660495203058,0.20432251261762474,8.746157039657133
28.203697495822002,10.799550718707549,16.14259855094912,1.7588533202106524,86.41127156942397,0,35.20782767701913,1.0633814598140025e-05,12.152026956877547
52.28803411570889,30.16338889077915,15.527726705500898,19.509810704878298,160.38942266352785,0,50.59309144245395,0.018444711971355165,10.990196666553251
27.02588052467781,93.8834256612551,9.305819338154937,1.6601505445159241,271.75942974796584,0,43.56594983445798,0.000535697061820186,7.166994460324694
32.61649864752766,125.89822529219263,15.525083005500626,12.584808356185064,399.5320091951484,0,55.26368601564633,0.00020015490828282896,5.246106482468442
32.92112827180043,49.690156437756976,16.46996240706683,9.874140920602603,201.83557672089597,0,44.72939144446302,0.0019246626876443366,9.818590613734582
41.29338577668066,34.12186245219065,11.95872005196864,17.57806567671995,204.41774590304385,0,38.51807771307827,0.24074863463255022,10.75268825286856
49.975200680426056,159.159919851361,19.449022054716078,16.987663322322803,477.65843270574135,1,65.79679634825739,0.9634531615122492,3.2504048089183404
57.69783257139325,137.6607806330683,12.876421298523017,20.794948125916843,410.6201602456922,1,63.53514236104662,0.9731714987195896,4.5403531620159026
38.427296182192386,37.78977003171679,12.958800800472716,12.331006467441673,208.72019453603616,1,49.951157945875835,0.023579941408437045,10.532613798096992
61.447659235235164,40.29593830117731,10.942077572773785,20.448851402687456,224.54335835112215,0,49.205461909256805,0.004974856806666539,10.382243701929362
24.478224493302463,54.88956683392284,12.493950341946341,0.0,237.34619265216367,0,42.57526501726993,6.596228722562113e-06,9.506625989964629
52.720212564754824,54.909664551490486,16.417347584740256,18.584057478870122,233.2858186466509,1,61.66245650377432,0.18954618250578067,9.505420126910572
37.38746447766188,40.164504437968084,14.093944025191742,9.40660009570897,78.87483042021242,1,54.150339787146095,0.10801441428476921,10.390129733721915
48.904171442213496,189.15077368064047,8.0,14.513879885737492,538.2588471034823,1,51.08148728284511,0.9983479499107134,1.4509535791615713
41.12317951867351,111.04202846972304,13.327168063867795,15.03183455235882,356.8618094611538,1,58.71696073369843,0.4174124488988937,6.137478291816618
28.551837636656686,28.77277249478544,10.760046388953471,1.9405850366522581,85.50731050924517,0,34.97741828301074,0.002741068997170661,11.073633650312873
61.7973423886763,23.7775924918168,15.948873777803774,24.15946737890229,218.23763420272638,0,53.10263181704128,0.00037654253065392326,11.373344450490992
61.21241585535224,29.523061702806682,17.189056152620914,23.61733585406529,166.48565742920337,0,55.50647247119832,0.0009630421763614339,11.0286162978316
48.129501158631285,119.19237520143285,13.939155564061583,16.60829593819634,351.8590948096326,1,61.17939128900315,0.9331592209119588,5.648457487914029
42.89453715943904,123.39976550267838,15.324234899264962,12.217465756676617,377.52899582558035,1,57.517988920122704,0.15960722272668965,5.396014069839297
49.77856926941633,14.990974679219212,8.58649544749887,17.17263176327116,81.95717240430943,1,53.65803676914555,0.1053865257521175,11.900541519246847
56.64973117179162,255.70127310933924,15.031615731937231,20.373127250767254,701.5950435720933,1,70.55045991482116,0.9999982958379869,-2.542076386560355
31.668834027842806,45.21945593145026,12.00151012876271,13.340675578498175,168.25198091946083,0,43.785002585005294,0.002820489525228112,10.086832644112985
32.75105315962426,92.58891387617449,17.60904753449683,7.4903347946749275,233.18491565766618,0,51.79746822083212,0.0020612365718876056,7.244665167429531
51.844938515427344,145.68896944248687,16.347037334763463,20.128875835987706,419.23515705057696,1,63.54246901640471,0.957111240410756,4.058661833450788
30.558901803760257,34.037631869604475,14.062935355430383,7.432168082118316,76.06640995044192,0,43.974398956490276,0.006458165997700637,10.757742087823733
52.75568515493136,56.15493830462717,15.737099353656557,16.416002221119957,252.0453001798684,0,55.55337803577861,0.1809919123741148,9.430703701722368
53.383527015483466,89.84045396178706,15.18341989086036,18.89160550715562,306.26114823194956,0,58.50640308466816,0.79696517767485,7.409572762292776
33.56354289460382,15.611314707487406,12.716277210889265,10.078775087538208,117.81528483179922,0,46.84513407771087,0.014656115232635485,11.863321117550754
36.591771863310996,37.73889017472696,11.835824373097513,8.195131298319032,97.41575941888806,1,59.80059229506857,0.40104602807766393,10.535666589516383
63.494658788409474,54.2251120372775,18.737810569885504,27.307227403475657,200.600815796945,0,64.32311972648489,0.36234091097682475,9.54649327776335
46.00852447407692,114.00345540378628,10.444565811300656,19.360207353540247,226.2441522915541,1,56.932938634785536,0.9269556321997804,5.959792675772824
61.06877803983779,64.47797352379818,17.71852665829053,23.087868407740185,195.15823101699496,0,61.226196219982064,0.0833016196867967,8.931321588572109
47.39523083779592,56.50184157231387,13.506021435268734,12.97853335126217,211.60156525870332,1,64.69251769038958,0.1070304169729341,9.409889505661168
53.26036741112843,81.40813506515003,14.421198010842597,17.662709595492853,290.5046208419478,1,58.137787538003856,0.7850832271343737,7.915511896090997
49.550127502194215,91.77769908721072,12.989658243513842,17.588767307841323,256.7222009204992,1,59.803654857354374,0.9222847402382204,7.293338054767357
33.4769310384759,51.15192719397695,11.861877410878236,3.338440193934068,186.90153747423133,0,33.65517337075296,0.029221179515383184,9.730884368361382
46.85179559361954,25.449230158853783,16.343681371425387,19.0351832494775,178.18845887446926,0,42.60225657044479,0.04056110940854616,11.273046190468772
36.25840080199525,12.288178000508838,16.993975050014036,8.28174265572689,151.78805675352442,0,39.7535099814133,0.005771959877047527,12.062709319969471
23.76257252856498,39.27255237078889,14.276428655798224,1.3699828833642762,122.44908399443023,0,45.046893471621544,3.124462526756851e-07,10.443646857752666
39.460543330242125,79.93861165596402,13.377584095610423,11.26271635156082,276.93151819500065,0,48.635666291461625,0.14363546647448586,8.003683300642159
50.486518408741865,21.206216339439827,10.20603332230234,14.421940887641004,90.30354225907382,0,34.03744229019427,0.03664885268693479,11.527627019633611
29.788005384188814,22.38620592729174,8.931026617577782,1.9563992033512845,50.03223028195417,0,34.50106838724847,0.05243599382826964,11.456827644362495
24.961204899488738,95.22763501532357,12.819433751196865,2.71240083359646,349.95490008924713,0,51.66253586435299,4.164776714055661e-07,7.086341899080586
62.9386953543429,120.30932082939991,17.747386420117138,23.70564167590967,335.32082152246693,1,73.6373323237801,0.9737354013885626,5.5814407502360055
59.0405544468197,138.6219958597665,20.0,25.932135534491003,347.696403353356,1,85.39882406675162,0.9988703084300654,4.482680248414009
34.428579594589706,14.523629494576221,13.602914415597361,5.786823705967922,53.36781735719925,0,34.56929082662013,0.03477586273842911,11.928582230325425
60.12266625714333,47.40778044680178,12.669050196300335,25.800858933119937,183.28000536256337,0,53.61476371223011,0.030626172355972706,9.955533173191894
29.150519358189193,100.81558276366556,8.0,4.312120013683582,272.8422378780612,0,48.869265043124244,0.01599707097227172,6.751065034180066
45.160328178976684,21.63127598805936,13.481114612399802,18.61643951462436,67.70298476553174,1,54.09976467583123,0.12145236533303612,11.502123440716439
58.38904513182426,23.71195578578957,17.83055460587791,19.3233391101684,171.32919448686204,0,53.00429268602187,0.001524425941094319,11.377282652852626
43.732060757850434,45.75912014662003,11.191480432105323,13.669277473392674,58.446520850574245,1,54.3839970209351,0.2904346223138977,10.054452791202799
34.75117791262733,28.41197059327964,8.780638422597718,8.505729863168497,133.90429430860493,1,51.49350061308887,0.5597824448956732,11.095281764403222
61.464362938954785,137.65142425662668,16.893459320320876,19.802170078140758,507.7839007773331,1,72.66228797594218,0.9878872420524905,4.5409145446023995
53.473278597234064,59.80866028541754,10.60747652733374,21.33843110634876,229.7448128563856,0,49.84479825980873,0.0822847682277052,9.211480382874948
53.68644169852443,37.36635948860999,13.586673238485226,19.30519023973758,149.1814380616263,0,45.38651531447084,0.04283193520985631,10.5580184306834
59.02425949042776,26.794019080291896,14.909149724282912,21.366382494543497,135.44300871640405,0,45.71008325073589,0.0008924604404887353,11.192358855182487
52.27540421700883,65.24841782072885,11.519191964715358,17.286505116646026,239.4310239768269,1,55.82291981596356,0.6883906341106594,8.885094930756269
33.96198387933664,66.32604801889141,13.807232053369802,12.90537243460492,257.6092000736024,0,40.302014790247256,0.00543021210849761,8.820437118866515
54.776060480222064,32.430264249564765,9.489398980899749,18.06383914744313,96.26488691287206,0,38.9863370112636,0.0953940224883879,10.854184145026114
55.944393789564664,47.3602593578068,9.124298799185791,22.180685651936003,144.97902899817822,0,49.17967456387778,0.014475595796429262,9.958384438531592
29.859393490507045,42.165644263227456,18.78349739617113,5.26741388984557,114.81277734922408,0,52.01175995918767,2.5597046890884722e-05,10.270061344206352
41.79248149401546,18.324142393983472,17.336349152359812,13.41748702268645,60.29877890928132,0,33.159892935042016,0.0052056346210141045,11.70055145636099
53.277191364615746,65.839114008309,14.949381952710333,20.797827317224275,304.65892277611346,0,49.38499124950532,0.1251927606562813,8.849653159501461
51.5333982450488,61.811493186600714,13.8460641614318,12.61067548295342,240.08472014909162,0,52.92252016507554,0.08860854005238114,9.091310408803956
34.851841043559176,70.33090224130585,11.954479877716077,9.014920896829862,337.3746341729648,0,46.91842119241646,0.12487268127017347,8.580145865521649
26.006177617575467,102.73546083594279,14.940600946460904,6.364951138020869,286.31887618592754,0,54.482242217980755,2.482531390509972e-06,6.635872349843432
29.43857732428841,60.097320647402974,13.911769512585543,2.5509322857775234,191.33876122672052,0,39.45159812672977,0.00019035242672944927,9.194160761155821
60.643986544462734,73.5983828819071,14.066030836008032,17.140894587177122,221.9762101372847,1,63.744960795027346,0.6572893198295041,8.384097027085573
21.31514894830618,57.01403860379845,12.947652296548936,5.091602942681834,151.30750681277308,0,38.08234944834895,3.2534125840949096e-08,9.379157683772092
42.18941732673375,15.010685112060163,11.43391533348554,8.789324638561764,143.60077697748233,1,50.18891425881521,0.2640643208422794,11.899358893276391
37.07951565702743,40.54935961781522,14.101865982198436,12.200922387316936,283.9396318744883,0,43.687845850818874,0.0074618187544835506,10.367038422931087
63.124353550648046,97.13331984248124,12.932542143630963,25.223691698556877,319.16411533801124,1,63.74386876971723,0.8636671852221294,6.972000809451125
58.451316234700165,38.356037566180014,11.110624470231329,15.857169811893092,130.81425717988157,0,38.64540715131278,0.04791892958261334,10.4986377460292
28.76749291553839,42.687281866054185,14.633696052296191,10.168952800621117,180.3656369158638,0,39.665178377570584,0.00017108619995127552,10.238763088036748
50.579319586267935,42.73025229860706,13.968381599512334,13.993644053188333,150.09135566059192,0,46.811366474886455,0.039647537228730705,10.236184862083576
31.714149907038575,365.8734104032824,8.0,2.7584190477138675,943.7774223631797,0,79.22511818348256,0.0004145531181551515,-9.152404624196944
51.528297696964486,32.619289364295426,13.597773260353089,8.653973766568688,105.80403112638268,0,44.31785502695549,0.0914850872457681,10.842842638142274
22.10372976293536,15.509006048002675,20.0,0.0,169.112214033846,0,35.413949957501515,1.7323746792535923e-10,11.869459637119839
28.6454676900185,15.575958522120896,8.673257358155723,4.796221407073928,116.19071773076163,0,30.18477069732104,0.023891364782177064,11.865442488672747
62.904128738227726,65.32436630360814,11.926558315917326,25.441598185855764,269.5068281907941,0,52.1196319104433,0.1302733471321171,8.880538021783511
26.61144204990841,30.769903163317608,9.73457143669825,0.0,108.27078939027771,0,36.63327694914567,0.004400576436552727,10.953805810200944
29.166657892806477,43.374238519037064,16.26213699976693,2.7348663794579298,127.70008121265943,0,45.8099762770099,1.942260653113305e-05,10.197545688857776
33.90456896629959,84.65731982068597,12.948912372621173,4.191309936814697,159.14426985324656,0,33.454446920805196,0.04155037139665632,7.720560810758842
33.942236461633314,95.18094872283844,14.047965871492655,1.3989514799441487,264.2556826702786,0,42.63069032038942,0.006350315661334355,7.089143076629694
37.269919407834195,31.13744128022399,11.87028777565747,6.385808527000294,106.74271508524143,1,51.52143444382803,0.374626247964586,10.931753523186561
26.84829871658256,270.15295514242075,10.811132990824147,5.06303449615392,719.7045366588652,0,64.8495406757989,4.3303192330710127e-08,-3.409177308545244
29.24618031330573,192.12814409013143,11.480044196481415,1.850612951410128,530.1441360165263,0,65.17119940936398,1.1995717136364692e-05,1.272311354592114
50.12588792262563,203.31303674037449,12.906134512292365,17.3392508260293,537.5531587267114,1,60.26025335525651,0.9995088473612297,0.6012177955775311
22.200115687256634,79.38306401238577,17.15420352898088,2.170927807250754,141.88839336622073,0,39.11187310827338,4.3002137645064324e-10,8.037016159256854
44.880764723130056,64.6445737555264,8.543053008347776,8.700312902582606,225.73329862741693,0,41.86266766110505,0.9772318674990012,8.921325574668415
32.666769830239055,64.6908382000942,15.216031533065072,5.938797525777848,275.51550899682616,1,53.72131637753341,0.0043895406799988644,8.918549707994348
34.236466026485076,119.60357778820955,18.72359844320632,9.23565485740052,372.23321021030097,0,59.681969746846825,0.0007101286172699681,5.623785332707427
61.56500428853417,13.18018793457739,18.544281937527224,26.90702399924865,99.64891248078915,0,66.94782607879712,0.0025323393432689118,12.009188723925355
37.090091614713,149.04190006184942,14.804363121309315,9.892908791990784,439.6873156728162,0,57.073675575501724,0.027348721972407397,3.857485996289035
62.76310023748101,109.70576402153803,11.47892647310312,21.474255697616876,349.46279366600345,1,66.77087253905552,0.8808191868204681,6.2176541587077185
46.556404209505594,74.11266527628237,16.858663749342263,16.892528661761613,307.7696836820319,0,57.30519965362585,0.510435752751472,8.353240083423058
49.48751444715538,116.60336703095838,19.676036990161435,17.278740694914127,457.5662239213485,0,54.7316044640847,0.7526748176515043,5.803797978142497
32.09307932125391,75.08578303622242,17.09766659647231,1.515230343160904,271.41392635242624,0,40.779209349642,7.090319749409358e-05,8.294853017826654
48.08599346110009,31.033147761427113,10.03068299624006,23.16257726382616,96.91434184577281,0,42.26393574929755,0.014014155994165365,10.938011134314372
64.75589758941214,76.57994455865126,12.001473974241126,26.540772036337106,202.174842815028,1,57.13451007107622,0.6739073330917956,8.205203326480923
38.445897323847866,92.80476135226311,12.047816879900358,10.652920712769136,300.21007944080304,1,54.57154003181461,0.27629498744168307,7.2317143188642135
62.67010412680491,29.21516265866391,17.637223303741948,24.80511302281584,163.5235155999728,0,55.97665809504235,0.0020849650327724963,11.047090240480165
41.23759821730542,45.08875026352327,9.980326590893835,12.705552767277483,188.8492567034541,1,57.00674132836231,0.19490362723437066,10.094674984188604
40.61664673357133,49.80402112130939,20.0,10.290047495083407,57.28988839189816,0,48.91341074686522,0.008419338605976006,9.811758732721437
60.66946373914876,32.28745366160015,18.661585154297782,23.683055556114578,160.5424009939887,0,55.840953002522504,0.0019433201127222778,10.86275278030399
58.48579365835011,181.1752861131317,11.944047035789549,19.17668569424996,530.9132846161995,1,68.12542160365103,0.9998441006968373,1.9294828332120972
24.38130810033281,74.28589158912123,12.13336606680368,2.083363603807988,243.84847720793357,0,52.72083138322118,1.458469667524944e-06,8.342846504652726
44.24824138364238,44.63394879829772,13.938295367828008,11.274102136886963,208.75308131994657,0,40.42185383615724,0.055461635695779256,10.121963072102137
50.44171728354638,163.62011471233203,11.241829689956148,16.500173336846892,466.50413478424406,1,63.22640594751507,0.9963002790856312,2.982793117260078
29.30897289925212,42.065391324899004,16.48178343089108,2.3398365272287776,76.44355142885752,0,48.31618400568571,2.2019590660315137e-05,10.27607652050606
30.010692701184272,10.0,15.217090347618145,6.41610785729199,52.916773432949775,0,45.295109619046414,0.001310189418729578,12.2
57.52028448200593,14.542215165246356,15.506319149569329,18.845980607672622,172.9688288603922,0,45.3060388496486,0.001082885942447893,11.92746709008522
52.199683125119286,49.63811024528921,20.0,17.147656897497225,188.38197164471515,0,51.08130155395376,0.08029276766254384,9.821713385282647
58.01975482776054,123.33988685135826,16.735658390811462,24.339719498877074,402.79359097242076,1,67.24287456701495,0.9489600607978778,5.399606788918504
24.37022101297523,115.32858093309305,9.758304579772904,1.9775155262106776,382.2848267121678,0,51.92116591885935,9.654193957911574e-07,5.880285144014417
20.82044810737796,33.7247933226647,15.063135167400379,0.0,172.81265034284,0,51.49319388929848,2.658041317109348e-09,10.776512400640117
49.022482850027316,62.04280708675834,19.540309866438573,8.719114885509587,287.624154275484,0,47.51317754764153,0.019004862993663035,9.077431574794499
36.45419323267748,37.33239858145463,12.252984216580717,4.95952481997834,202.35065395905914,0,40.10575867613578,0.1052407589095393,10.560056085112722
62.21880337212523,25.137865806342624,12.672289438284642,22.179323247387522,88.4334195107896,0,43.81990513848164,0.0003624538303233861,11.291728051619442
34.70097356800147,137.05603974383075,12.677737474923322,3.3718441734325575,347.4754207946212,0,49.695372894518854,0.011752684273241516,4.576637615370155
48.34785363609507,151.6057386857079,12.418768051943813,11.831526210609809,486.16257259265706,1,64.9021021311793,0.8888617223020233,3.7036556788575252
20.076013088024716,28.105693624272444,16.68376811860949,0.0,126.72474327077707,0,31.422805999896234,1.859535056468038e-10,11.113658382543655
35.69492942533199,65.27659966876399,13.791949019127955,7.770142240488858,225.61538268822073,0,41.38568000945753,0.15839564915666524,8.88340401987416
47.93838773050531,20.882764757410143,10.588501451706689,14.336979356683264,135.472797009316,1,63.990060710708164,0.042497707559736045,11.547034114555391
22.750460425908546,71.10850777776024,12.062298759633133,2.8428678515600634,276.6079735575593,0,50.06129615758968,9.920822429942778e-08,8.533489533334386
58.44513635155368,92.18633220687056,12.832348629063267,19.256709010410976,219.3298800044899,1,70.50904456603969,0.896564049848411,7.268820067587766
20.981205067983854,84.37617969571332,10.795665555853033,3.1785265303622383,236.6687362556824,0,52.58244730882409,9.697231852458201e-09,7.737429218257201
51.0205288777227,170.92542982556557,16.182532966068816,21.102511776122054,500.24259581695037,1,67.80086017898222,0.9736961877360599,2.5444742104660656
58.06663860605689,73.66465671784772,10.936285592996207,21.81425205219663,323.4801732976116,0,42.12966307708392,0.11085209114809794,8.380120596929137
51.624910208129194,66.28106721150483,16.986503864114155,14.14733223850169,284.9157616185584,0,55.004825747335644,0.05944686886061584,8.82313596730971
33.883346096438046,106.18398545448002,17.536869131720067,6.215391115240947,319.5897526090555,0,56.88037356373902,0.0014936194989379884,6.428960872731198
20.94284385558568,46.38862160614512,11.755451398384652,0.0,126.5710602821722,0,30.777652214094303,1.105831716069741e-07,10.016682703631293
59.280606803222085,27.83372557398606,11.334664901291985,25.167791525349894,148.97711584348215,0,47.91340631600127,0.0016047909143867853,11.129976465560837
46.80054016597177,16.246963179360048,17.03594905298791,14.69339704914081,245.23714912548496,0,45.43597235298569,0.0028142652059563143,11.825182209238397
46.177801678431805,71.14269695380811,20.0,14.34014438640591,293.93171603623784,0,54.5641508314226,0.03896016606166384,8.531438182771513
49.23823527646894,10.0,17.749305737894204,15.670022195994898,134.27842739338223,1,61.99625583285585,0.0033270100323390724,12.2
43.587662598999245,76.97287799546184,14.058000194700037,13.50417163080391,302.99934631242616,0,44.18719534994887,0.1854929703170217,8.18162732027229
52.22338029209436,49.42860592440266,15.910955132120836,15.41038153506798,177.8558242882214,0,50.9219326128922,0.07481747382244484,9.83428364453584
59.43760984888053,48.264882773804686,20.0,24.28284186656895,231.49894784997497,0,62.84850972216383,0.027969832930223468,9.90410703357172
22.75239986757513,234.5731001745496,11.709040420876091,0.0,693.9276118615544,0,61.92407888661994,1.5613653275021204e-11,-1.274386010472977
44.61734547208646,12.426908303046485,11.466621794056355,13.548210254943864,136.72715624937453,0,41.318374480682905,0.02214847916818369,12.054385501817212
48.52844319163804,14.945512663704369,18.13384474192901,15.764688457547487,59.3334220590899,0,44.7018186963524,0.008579953526288904,11.903269240177739
21.314676926967454,12.496665104208036,16.08875077468175,2.597459131949026,108.70450610313719,0,41.67746151661971,2.128257223900715e-09,12.050200093747518
43.69508071186212,34.6743246975939,13.220395455718622,13.872731682364918,187.59123026631636,0,49.20565710668593,0.04437520186614925,10.719540518144367
20.7900827741745,48.239475109645724,15.826628782654414,4.620054591072119,209.42125671259134,0,44.448820514903375,7.213377358781567e-10,9.905631493421257
23.35865378792976,192.2990028610795,12.121310541684451,5.433101327548267,511.13218666722406,0,62.539821609508785,4.85278706092919e-10,1.2620598283352313
64.46383968379405,13.49244694900514,9.518386685343394,23.1013326368927,158.4061883834348,0,45.6367063535888,2.622294541710701e-05,11.990453183059692
44.70389722334167,10.589538633994872,11.871053086563466,12.385535859294999,177.71097201937155,0,43.85696078933099,0.01187491564899023,12.164627681960308
37.71668962505906,73.7664428573853,14.41144017439968,5.3446187050853,323.78193127073393,1,60.05625737769191,0.08144295157519772,8.374013428556882
43.70505122583649,140.57187913592904,16.081063415327687,12.45292591100366,416.57648904628974,0,66.77783656424788,0.17964951711720203,4.365687251844258
31.89606183046207,51.167237728381004,14.623624802758396,2.464202829067963,222.06308942881023,0,54.21998040141401,0.0005744088237673836,9.729965736297139
27.63047965611174,90.18717540064031,16.309422578877786,2.951484728905985,187.97675743582226,0,53.84186118482348,1.9643162278657474e-06,7.388769475961581
59.189262265708116,23.101664807261745,14.111984887647928,21.368212129197918,103.3464562338225,0,46.02982708562597,0.000640411925675366,11.413900111564296
56.34417357479079,43.45539645818787,15.664909612329877,24.001950430494272,159.2647773626944,0,56.677455409720224,0.017017859957424768,10.192676212508728
32.636100355558355,39.90500013077664,13.678672692219227,3.2695360209839652,154.3623273033665,0,40.209420620638554,0.00293465407176539,10.405699992153401
63.642651267641064,388.47903161505985,14.206012498048931,22.410445128553906,1000.0,1,81.86883088729057,0.9999999999999958,-10.50874189690359
29.638772407051846,26.460688105600333,12.35453918548016,8.222372021909099,130.2564681257662,0,48.04251723093779,0.006084251709770688,11.21235871366398
57.020215083242405,19.079121721729784,13.580633713054578,19.08016761015459,83.36166140573566,0,35.69433699689233,0.0038856721822691743,11.655252696696213
52.76969282554207,45.5012229252906,9.679091209841527,13.91903475428093,124.99175655063065,0,35.66964240552148,0.17724187003846653,10.069926624482564
55.33889961671286,30.75960765639698,18.647054972632862,21.852786910260463,53.93910173572446,0,57.782678415516806,0.00472781575900994,10.954423540616181
34.59132409276325,34.554957412558416,17.829096298231043,10.008967871906084,118.84697818044792,0,44.49481721131584,0.0020122863615047045,10.726702555246495
64.5919421440416,16.565117666702346,15.079724581853448,24.786602784153757,140.7754808709644,0,46.62638924099774,0.00018808837618792228,11.80609293999786
63.1308318594571,52.41681589654409,10.14774419566211,21.80788926589599,241.3557754145303,0,41.29422651284636,0.009088290190576241,9.654991046207355
46.664954654342665,19.339976487277976,15.747978101097388,17.381797888245377,149.05968008386236,0,36.28617814942813,0.0477500736289393,11.639601410763321
26.25119868617008,417.034899575939,15.796600093113039,2.2612850277522782,999.805139693123,0,91.17228997116469,1.70393351710108e-13,-12.22209397455634
50.15154087187455,55.975083589601745,20.0,14.977838413937082,229.81477944180696,0,55.63823245221668,0.02698917573934672,9.441494984623896
30.65201149927204,150.95974373027622,16.576139841377078,1.5931843331386575,402.6720209035062,0,53.15553886813561,2.267725126030495e-06,3.742415376183427
25.053665327236054,17.067746605011813,13.666328772337875,0.0,74.40585584489364,0,41.58315771433219,1.4340582109154133e-05,11.77593520369929
57.569261045671055,26.837658296101846,12.07227305828075,19.513807345089734,83.71415803807612,0,43.27322039549494,0.007371598058694422,11.189740502233889
52.62744350943073,49.911153077647434,13.99656566992443,18.84261594171312,164.39325759945012,1,58.880627065240944,0.20316995670644303,9.805330815341154
33.54942572660407,21.126609549023573,12.516017844460352,5.304047129670577,70.03170651808401,0,42.41069149614951,0.043192701225006194,11.532403427058586
28.331841598216844,65.40793221785435,18.531388990668066,0.0,253.50825143169618,0,47.730808102401205,9.968221037366313e-07,8.875524066928739
64.41049097465071,16.309579746735253,17.04435243646468,28.648404563943565,87.41832313939781,0,48.265032911992385,0.0017409221668980206,11.821425215195884
38.4607228723754,266.65764070578837,11.32179906607868,9.657765007259352,737.7283238408736,1,69.2500603242948,0.6460029842935963,-3.199458442347302
37.08979408903426,48.47169742279762,11.802213948638162,4.185743041166611,166.8759548513986,1,53.26409806934876,0.2040839407932631,9.891698154632143
21.739414910342614,15.530860208292017,15.10897339026144,0.0,162.462646694674,0,37.43529158949981,2.0533560257422427e-08,11.86814838750248
22.464329090330747,185.01130023992496,19.142759033008765,0.0,417.4018334150629,0,55.64283634987353,9.639619639744764e-14,1.6993219856045028
51.102221118778466,17.459130368738222,13.750923114981578,18.847472496990875,50.7448740592549,1,54.35314292125359,0.024495311653135017,11.752452177875707
22.127029512562657,33.01602214221188,14.294598811644079,0.0,171.87552654994516,0,35.08616203393676,5.451674210897107e-08,10.819038671467286
43.87035482090364,86.02279622356981,8.301718420719288,15.373867993363692,307.48610517759215,1,43.90457260092958,0.8808498979544523,7.638632226585811
56.5769316822293,34.13962721759902,13.12197096912032,22.366590648660985,161.65237482446204,0,43.759545652786116,0.0025201654765018284,10.751622366944058
29.088692623402068,33.62436263688608,11.253607169327948,0.0,161.9548399917584,0,33.02001794010733,0.007480677889397072,10.782538241786835
50.37654045053662,14.669424076985399,8.0,17.70995502327669,92.304274344166,0,37.663854965727396,0.08294041942073972,11.919834555380877
26.05556442666804,86.18007666290744,12.31338430575095,3.640894347765857,254.00315108207997,0,48.064873172224765,1.0083157727182253e-05,7.629195400225553
35.89495213263436,420.7230236230904,8.28969887900125,10.667409295319045,960.2169456053422,0,77.38383544102153,0.24927959295995547,-12.443381417385424
48.48713096685519,102.652421730116,12.145436835715888,16.378089883867048,339.2276723556131,1,60.50660858973205,0.9226875601558219,6.64085469619304
21.12717829022947,31.073727029216368,13.184738170745034,2.4058974726581646,78.4422402756619,0,39.3896384975539,1.669936053167637e-08,10.935576378247017
52.281938920690564,18.83000202304708,14.133392053952836,19.480503533753,230.80294492530996,0,43.92864135864649,0.004907071625701875,11.670199878617176
26.467626633318133,22.78666644855909,8.0,4.451925325387743,197.05875368177257,0,34.591695761945594,0.002825016509504991,11.432800013086455
35.301150844189074,64.09856860042498,16.028797367804383,0.36836839327105864,118.37283000313205,0,58.20062823148582,0.006065122174344302,8.9540858839745
44.84107801699806,25.92157576010695,16.48110637121818,13.317793923155236,97.32209749256637,0,44.90982582494417,0.007560921268079081,11.244705454393584
35.92063585370733,57.03297873363664,10.038107698548455,7.82772652188869,176.46807777633754,0,38.97363676862902,0.7368817771736412,9.378021275981801
32.36772705714612,19.887622819394878,12.092257752403935,8.388819949142004,60.3640609344731,0,40.504827148139796,0.055413007841636094,11.606742630836308
62.141281157760396,70.30992327816332,15.041269963590349,22.3702108828574,269.8899911431524,0,52.22892363700789,0.08881122607742863,8.581404603310201
57.36079226355675,79.27305644824068,15.34027582896317,19.393542954926165,275.96724789566247,0,55.68787904931942,0.5519927778065048,8.04361661310556
40.631960825518846,16.92651638350315,9.716965610129712,15.4497484322867,162.43341945700055,0,48.60489217039655,0.13873478380421406,11.78440901698981
22.201315226198165,57.14678243122499,16.590199353334473,0.0,287.6383228681838,0,35.75459364656126,1.703377959557359e-09,9.3711930541265
26.48833868908661,59.98708071777802,12.705660168657566,1.0044302503649256,126.14170588289542,0,36.60391401861505,6.026120828239156e-05,9.200775156933318
43.5344385715572,86.26023818201215,14.775313056120076,8.855300247129307,343.59132647260014,1,57.74548315745486,0.4940071815788921,7.624385709079271
25.559157426240112,44.88272124049968,8.0,0.0,142.01182096824243,0,35.111572720651324,0.006544141465999955,10.107036725570019
34.238001222142195,164.3955055193994,17.61604154291136,6.367382088482005,480.62913548852623,0,69.82022085823617,0.00042353672479489805,2.9362696688360366
38.059748318157816,19.40141829202447,9.848430666843731,5.116470441388183,190.9595701303005,1,46.92955133904865,0.4322757960434307,11.635914902478532
58.6088048712221,127.7897986926558,13.205214637822204,24.940136675638787,436.390525389816,1,58.83920626046302,0.9590611551185753,5.132612078440652
24.825932371202406,103.88186679918289,19.058877177662797,2.422563403376831,314.95244429981057,0,51.19623489796929,6.374331870174843e-10,6.567087992049027
57.45367333951721,366.2401460762019,13.614836743811509,20.953108547898132,1000.0,1,88.83493583917073,0.9999999999198277,-9.174408764572114
53.805879002046204,78.37484054744634,13.064878804386316,16.412300166472264,330.70244317020445,0,47.0945766713502,0.7036362080932819,8.09750956715322
28.93133762696236,115.26850488736825,14.41619518596626,3.8501536502324862,307.5084447678991,0,41.51498972764815,1.642219544256809e-05,5.883889706757905
33.96599211520751,32.21358813748923,14.554611059512474,8.269187603043726,178.4537289888031,0,44.229603188245726,0.018716776852289577,10.867184711750646
39.34242889757003,16.800965467257733,16.51486224419712,7.881529654231879,150.6510291104916,0,45.41612230964367,0.0166069347476374,11.791942071964536
26.41828107146822,116.95282667783573,8.145357983306853,4.311211988527722,303.1555685738996,0,47.93165272425883,0.00015884883040874628,5.782830399329856
33.291777731961716,65.50208097617462,9.290075582891067,8.406210989436588,296.07867416559367,1,55.5781017043897,0.3406755301662096,8.869875141429523
24.683312379380965,61.63644552975271,16.959359584399838,1.392656900634414,230.29847789523777,0,43.03561737998561,3.252966988222371e-08,9.101813268214837
57.46799927804984,12.307347083126956,14.732581080697887,21.989538803577158,117.35782279115337,0,41.508900587648995,0.00020664342665765702,12.061559175012384
44.78907408958108,84.873476066342,13.001388179337201,17.2699765965088,276.629631772655,1,51.24513317335837,0.8320509487714932,7.707591436019481
27.85279972635669,73.46172953085697,11.226946016313278,0.0,247.2107962876443,0,44.31080724501163,0.001538815302448179,8.392296228148581
59.667799976944224,186.0462165065461,18.15439521998625,23.791451140108222,544.3085221915696,1,81.68749667100043,0.9997940638622929,1.6372270096072334
56.762106878706554,38.67318111829895,13.724831602947516,18.35237398929458,115.6808512772445,0,45.707831943642894,0.051578835145148154,10.479609132902063
25.04368913457422,28.205060934425816,20.0,0.0,104.2361463901105,0,38.10342037431444,1.0793883220303672e-08,11.10769634393445
59.156355649292486,28.373949904293788,13.821987694319997,24.25232445098988,298.69034456338045,0,46.28593855619499,0.0006360340963306688,11.097563005742373
41.138335754738655,40.86781284121528,11.977573092982045,17.59968793366882,182.11867064589262,1,61.16899894637793,0.3430351260595777,10.347931229527083
48.345944042163204,172.66544661551706,11.252240166301222,17.19559913778976,449.49478912564217,1,63.35499226222612,0.9962988873623916,2.4400732030689767
41.334848209616325,39.04777126606007,16.774476143449373,10.793277282821467,148.19706987863322,0,46.921620855329955,0.014062758055705416,10.457133724036396
38.04511853825329,10.0,16.67234340683174,6.484083913680731,91.00602062141357,0,45.730029749699796,0.009324624611478042,12.2
53.192434097393885,59.63313239269989,11.303148295817113,19.96142172335779,275.57995784031607,1,67.06335243401347,0.1762055213603722,9.222012056438007
25.491845451071228,151.7430241994,17.36960934359347,0.0,397.9174146123037,0,61.559518724953925,1.0799844860460795e-09,3.6954185480360002
45.654127596347685,48.69848740802261,17.304212466844128,14.714372093034942,167.64130534039947,0,51.706433675059884,0.053555340506298656,9.878090755518643
60.649840344297616,27.707868850349584,11.905082620042627,19.738806246310382,95.95217680026727,0,49.12556735632254,0.0032933308828179742,11.137527868979024
40.947125640553345,245.50060640514096,14.051284408362754,8.099316060764915,674.8352423448927,1,70.7524880215866,0.9022048862367374,-1.9300363843084565
35.45014497657094,228.6155127338821,17.730253099205363,3.2052749358419854,571.6044075901419,0,69.26047830124347,0.0001076162587698632,-0.9169307640329256
50.65216083229744,24.23312085460921,16.28983186174935,18.22687751359358,73.31766557080677,0,52.17579908407974,0.03892576722124401,11.346012748723446
64.73211180743806,18.31181139947996,17.214893798596947,26.011293709050832,150.3305488591884,0,53.95720154207395,0.0009243595061391415,11.701291316031202
29.512342706508626,142.86034573519964,10.244128443293215,6.2570933649594895,376.8193795923949,0,58.72783543719804,0.0011542781651631528,4.228379255888021
39.6406345950349,24.780288766945766,12.166600284419332,8.165392695312232,158.42917198979876,0,44.43938637359918,0.30333628593230244,11.313182673983253
32.10952304627392,31.310593656329505,13.362968490361437,7.3646715757691235,159.36397970348253,0,45.31763005840977,0.018823420484158686,10.92136438062023
58.12520947102783,24.564157720267172,14.963993716007675,27.5976143763631,126.06509626780996,0,51.753654348475195,0.009628371662382574,11.32615053678397
39.446073382522115,157.51124975349808,13.695434406015021,11.257545728547361,465.02638895653985,0,60.143980698649685,0.0993259963362577,3.3493250147901152
25.12808260433447,57.85917070948217,14.557544089305127,3.9446303999578496,282.1195162169095,0,47.66860955904806,7.078797792224726e-07,9.32844975743107
42.69954029239927,46.99627671586472,14.504256347126322,11.120826858523717,131.71745157478327,0,49.82184545959044,0.0747937266761132,9.980223397048118
25.29523865823441,27.38520660849332,16.298886232522314,0.0,87.29656352533061,0,35.75798816979785,8.965098975389392e-07,11.1568876034904
35.60422263383893,125.95424947645486,15.378997721130524,6.968088672518886,371.0285723359811,0,60.628483143436775,0.023050579450706953,5.242745031412708
60.70580299298395,111.26459011560532,11.825157766010735,23.3402533375433,387.920899104145,1,54.63826786358342,0.785111415037186,6.124124593063681
34.632386715134025,120.62777387963791,16.56889905324357,5.925291417877535,383.04496466732314,1,62.26121829602991,0.0025192670394287714,5.562333567221725
36.13332999683452,21.310911529220874,15.934881003264142,6.462828373713559,75.83647191452252,0,41.177020331796534,0.016508154476623477,11.521345308246747
52.787748218626746,16.227717686283057,16.522431069249816,20.651370435393694,165.68254150303983,0,45.00233200145115,0.001754539000598134,11.826336938823017
62.59451693984176,69.27232953559982,11.99172615888014,19.991210548238875,276.9450263053474,1,60.465281483681586,0.23855007224629193,8.643660227864011
30.66148718241571,89.87733480315151,8.836760492746073,2.1560943536718304,268.78065988792093,0,44.144754108707936,0.047520896976830325,7.407359911810909
62.46210932647952,89.46266405563384,15.688276277071415,23.930375661857155,239.2645168826095,0,60.15422180995737,0.691618940467883,7.43224015666197
24.315555999698343,214.11289837133415,12.12266972603289,0.0,593.8900884825823,0,60.50489195534035,1.225214214225307e-09,-0.04677390228004974
46.16729940079316,45.2671151899865,9.676996786920181,14.961013026802227,142.80090011158612,1,55.72332556114196,0.43615916393879167,10.08397308860081
25.502775028141937,165.51817371158,12.073538506136577,6.225969845078046,390.16304916870075,0,61.48230852168519,2.6372071928613413e-07,2.8689095773051996
35.26499833602762,12.58548248287211,16.49978447588969,7.292953115813574,126.07759619839217,0,44.34695151412522,0.007032255858149288,12.044871051027673
57.28761386368996,19.163971459002713,16.28891858773689,23.497062976991998,140.20651179202738,0,48.048925830956875,0.0006183145726129712,11.650161712459838
35.51258815634308,74.01547903638482,18.05474768974541,7.258503996523857,256.08585833525274,0,51.31279635348087,0.008237639426873668,8.359071257816911
40.70877464304341,70.1048039410274,16.05244036241873,12.14116832537873,357.0283422574378,0,49.425019354319204,0.02172026049771398,8.593711763538355
23.12153045093967,102.51575515120835,13.332108262546448,0.10238888160128512,252.9422940936849,0,45.52629722434305,4.5572013991823204e-08,6.649054690927499
35.596448991893574,252.1190419294511,15.489452693569401,11.40097400993561,722.1926897797182,0,66.50283383494798,0.0012764943699330993,-2.3271425157670667
28.486038163452026,56.747692912624245,13.543018412785983,3.823788485569138,211.99856871868528,0,37.90232956625779,0.00013201789611166304,9.395138425242546
27.69008951558238,57.32507606252776,9.902725213177408,3.7196380695774605,317.94089471477685,0,40.831688838225325,0.0007935929731453221,9.360495436248335
28.24916476540298,42.503765129820145,17.613474659951493,0.0,183.67666386345755,0,42.274132716349165,3.3022848585968576e-06,10.249774092210792
26.351941892002234,46.34137822415383,12.808542419987408,0.17368734158142374,164.26455913121126,0,42.52449942811016,7.326036351848868e-05,10.019517306550771
39.60810165488227,148.0651021156802,19.31418451332543,14.465605127535868,417.65932938367325,0,63.508306949223304,0.02601365691252675,3.9160938730591885
23.444069189342446,47.58762522895168,16.995016586480915,0.0,155.80567641944768,0,32.64988540491001,1.8861182580293366e-08,9.9447424862629
25.698379838426312,77.26367735274839,9.802760842371306,7.669192339573353,193.52148693490636,0,36.119069076132256,0.000376834291214399,8.164179358835096
55.457008468519035,48.126149472314864,15.795417289034777,13.925312456793048,272.85843047891365,0,60.256801211686124,0.0076175190922191304,9.912431031661109
39.47619166750148,63.27762991943657,14.218526654961654,16.6005465031101,197.58017496986122,1,54.92040080604678,0.3816790581403511,9.003342204833807
52.84447497625073,116.9799946173853,14.121832255855713,16.8649074647333,365.3335481732561,1,70.53724064343164,0.9609160368500765,5.781200322956882
30.41113850123157,79.56905892792429,11.834843667896477,0.0,255.0127578994784,0,39.20307661794376,0.010676818490382677,8.025856464324542
41.678528515103295,257.62163583351736,14.51304901627264,6.492100458160388,716.5347847782892,1,71.25962293386276,0.9330541170377533,-2.657298150011041
49.733478785510755,59.73652807591747,19.4280220447489,17.767170517765496,260.40438766389735,1,69.38061235501863,0.2297215835260246,9.215808315444953
36.052471137760165,117.08674318054659,11.670804434501349,13.227741459922253,423.9092679969315,0,42.66603285097051,0.021879436230331617,5.774795409167204
49.22902711936054,15.785040711804594,9.972434382519829,15.762801722683246,95.21296187554049,0,34.187967856078316,0.06631207243686418,11.852897557291724
44.95088379452405,72.49016178034849,13.394324824601176,14.720890581343507,269.73743515787834,0,50.929645591123226,0.40431420791739764,8.45059029317909
57.46504844971232,79.27602560318859,16.413532934251922,16.876757407928665,204.8933733190672,0,47.47542844707719,0.6946944017704726,8.043438463808684
27.14365557976558,31.41047455020129,14.439398631552553,5.9233303737389935,102.77719893743426,0,38.37598890358542,0.00010851144380537248,10.915371526987922
61.921208503937706,161.19070450923587,14.443194449645691,31.176182495431533,504.77186323387906,1,66.62533202773933,0.9986808134046135,3.128557729445848
21.668829253464658,74.48439800457818,15.75109371682525,2.0881414776794713,214.88463163844798,0,45.89420385468893,5.478614622826312e-10,8.330936119725308
53.36391879574002,33.74468320264765,13.579657719333367,17.428709570343315,219.91952113634207,0,45.642484933252504,0.04400272296840183,10.77531900784114
35.028038403278906,117.05135590503825,14.583731431615593,8.717034898211255,371.5120479918632,1,59.85717210190268,0.02428638016997358,5.776918645697705
52.710970301534694,243.6534185949972,12.935583978675568,18.7528439794316,709.1794192230635,1,74.3426761737315,0.9999809154643624,-1.8192051156998321
60.43568542207813,23.561920739209498,17.079616161148,22.582781329090032,118.8144063848696,0,53.012623137948545,0.0004069747046852239,11.38628475564743
25.586178726414627,106.29478116540673,19.644247016239987,0.124821215810623,298.6757887009338,0,56.98469368212088,1.7790083907736834e-09,6.422313130075596
26.562028380164616,116.44749616778928,8.0,5.087885082152449,348.38973640971403,0,54.87003502417615,0.00025151884047992437,5.813150229932643
44.70260876324514,20.788863669036623,13.803494429380592,15.219488903935027,230.69532314552833,0,52.478111528430986,0.02623051517272561,11.552668179857802
32.30837536574157,55.43743010809296,17.197189684115465,6.7129336648608415,216.37388305825706,0,45.267593255775004,0.0013825011434364773,9.473754193514422
40.543327124111116,25.550737109801794,11.556551725855913,14.56930390507521,108.29005823078802,1,45.7440449511449,0.09690047350567045,11.266955773411892
28.65948742010581,142.22923720273994,18.707494308704156,1.7158056441305267,440.35759314134674,0,60.660547169957454,2.006089770787611e-08,4.266245767835604
64.02427743706116,183.05024149114405,11.390665838003349,26.458336893566386,575.3300965790228,1,72.02944688851231,0.9999798786537252,1.8169855105313566
20.139507878568107,78.89785390725777,13.21975647094327,0.0,133.3985358227835,0,39.59209521621073,1.5476530210838807e-09,8.066128765564534
54.967231688856884,230.69802950031055,20.0,25.87026385665466,629.9999609778056,1,87.40075482094315,0.999995997788283,-1.041881770018633
23.911458075060345,28.11986053569715,15.20451845381973,0.0,127.42085932393383,0,29.79318327847918,3.920435357737908e-07,11.112808367858172
40.70662479684974,150.81945820884889,11.876240505294756,8.225276395865574,415.9278123109604,1,64.57115344945407,0.8715375724505627,3.7508325074690667
55.268375752798256,11.454748996585698,15.288840088035823,19.103843497794426,120.74112761258458,0,43.688809508707635,0.0018455202182896492,12.11271506020486
31.641549004018394,56.87353580606592,9.591406484059037,5.105416747557926,219.5908875041299,0,33.59046508153588,0.11903991447407666,9.387587851636045
40.87665936660144,76.7606218622827,11.540715808710749,14.367486751471354,229.48163010730448,0,37.27805658295195,0.44184795028111595,8.194362688263038
38.43131880402365,127.19216214823234,16.33243522273446,11.762604077848216,415.28725944607453,0,51.32976900538669,0.012067446301464207,5.1684702711060595
48.89606250537366,40.356993198602396,14.951388002856415,17.85639034582279,264.3855066691975,0,60.01656751784478,0.11252742737011398,10.378580408083856
26.29639117603897,55.04684875813093,12.352955947197865,0.0,257.336927302474,0,40.56796231292658,7.686947638082862e-05,9.497189074512145
39.02162820908781,98.089626207389,15.34875367245936,5.761236543682617,328.22186039348117,0,63.60927773350106,0.1269880165486205,6.91462242755666
58.1399969433751,18.59041047716058,13.178089255533752,19.214626448261413,172.55818053801727,0,48.52413058617465,0.0016025107031411685,11.684575371370364
56.54945535467207,132.20252497952995,14.483881561076839,21.649205690146378,454.4037175662128,1,69.27903036913867,0.898262751484094,4.8678485012282025
36.20336802760902,83.49259383207743,18.331899889161033,9.202880604768978,219.06244126634493,0,55.850291237957485,0.011356434308166697,7.790444370075354
41.66673337607869,191.7074912914152,14.983152442630924,10.396133073749866,521.7195205046528,0,59.07263613045731,0.4592856098147829,1.297550522515087
63.990577486168505,54.89219710906763,17.116492473615722,25.80595250949582,198.17981841621818,0,60.569080098038455,0.14793457091855844,9.506468173455943
30.502404854814145,109.32472623536734,16.317925185159453,1.7312085741280399,325.2040518328454,0,56.49588625242353,1.2773424167000697e-05,6.24051642587796
21.805618333551404,128.25700262125335,15.793714517811406,0.0,406.23894587555594,0,52.03061780845909,2.1888137013277314e-11,5.1045798427247995
43.87201921723325,71.29637441485916,12.04368706763046,13.049282580748852,221.04485830921863,1,60.2664134381172,0.35591899825542234,8.52221753510845
58.82113978249291,32.340472421524034,15.295673544974871,19.023348329271617,96.8275886046516,0,44.41468364373037,0.009891614172196193,10.859571654708558
27.90902828393509,42.988903169104326,12.657899452196562,2.402716429034907,157.3368416341054,0,37.300557036175015,0.00014870210190791696,10.22066580985374
64.28685390724885,500.0,16.770936946042834,28.748347514814792,1000.0,1,107.8740536892131,1.0,-17.200000000000003
54.91932245159657,43.26957063978069,13.802500552092791,19.411422031128215,142.5744163705129,0,47.42268953148545,0.060050371097959965,10.203825761613158
36.42115363902258,102.31120543932022,17.451375740419063,9.817515052330457,318.3551322436478,0,42.62130745321434,0.009485391184693527,6.661327673640787
25.02384405619983,159.73722563546653,15.06493529547068,0.0,351.8960347333882,0,62.74545220830965,5.302099134513208e-09,3.2157664618720085
51.328379471476595,129.43887411416486,19.773939209639664,16.93113709706944,368.61169880397995,1,72.53831427184544,0.911483630227017,5.033667553150108
40.65040761345038,80.5971150336562,16.089403467450847,11.0710802174634,237.65720740448685,0,52.06101307300684,0.07607306224732485,7.964173097980629
25.673088277230086,46.84226469527803,12.62860359708653,0.0,231.67112627512032,0,46.487957709088874,3.1040767823891545e-05,9.989464118283319
26.396950591641378,90.61300633895382,8.775102074546837,3.482810926805561,231.10126455349774,0,43.89563400705764,0.0003629112047051967,7.363219619662771
56.927211096354114,21.430738100507412,14.543627231427353,22.691958413708463,205.90953174288938,0,48.426985762001486,0.00042160836114046244,11.514155713969554
44.50970322784307,87.08031905615114,15.278400487499377,17.98350969140506,350.0015530833548,1,61.69302285970063,0.6816960561412568,7.575180856630931
21.79196786116465,18.772032868734854,16.32836099805836,0.0,62.922988951786394,0,36.11706672373145,9.149818908304502e-09,11.673678027875908
44.61850152347584,128.83214505049503,14.870730379471219,10.417685291706217,418.6632689764196,1,61.27888735413805,0.4621501011145687,5.070071296970299
52.65453173789992,52.44385034122313,15.080928240719343,16.99662457257462,154.6267279926474,1,58.13940966243518,0.2773286914446467,9.653368979526611
38.977398130020234,34.26266082667165,14.499913431292363,8.558315154130085,184.30741858840156,0,35.13080541562633,0.08900610868353563,10.7442403503997
63.06574922034626,13.689029740653845,19.444750921649387,28.38125207604763,184.95434836418224,0,51.945048170527215,0.002149001748114298,11.97865821556077
43.636630141997756,47.53394623112048,12.628087590829711,19.575836873457114,171.8142625404872,1,56.02499783988201,0.24087180910106884,9.94796322613277
63.97462629790013,72.12032808668097,8.917832664476025,22.67040746119048,278.00027292885164,1,51.84607344161995,0.0891709904235516,8.472780314799142
37.88553488869067,10.668223910769745,14.30643286009574,6.762254486087642,0.0,0,33.7555942335771,0.09354744268838451,12.159906565353815
61.578552323660716,53.140554091977634,15.931073995313824,25.217000683834023,288.4412329475407,0,59.335491579764685,0.04144699209325492,9.611566754481341
45.98621935987151,82.00496471247749,20.0,14.747110856806366,217.1557384862132,0,58.88528023250356,0.14770559018160742,7.879702117251351
62.73136455715317,32.83350733660723,12.921166789003678,18.776476729804248,166.8886058632997,0,50.88938193644145,0.006059587974969729,10.829989559803566
31.302544739098934,76.58920845666313,16.847840866892263,5.006965303681009,259.11993687264993,0,41.50137835013609,0.0002194959916878422,8.204647492600213
49.10737295559608,80.71748675939223,13.668203891697189,12.100607120599982,327.5601201966766,1,61.211320366353014,0.26855799937749675,7.956950794436466
51.08321793314704,63.989290758141685,12.673308002890966,16.1570418462058,223.9213434887982,1,56.00349252677579,0.5733471074555486,8.960642554511498
40.906035455768446,38.15123934760048,17.320655236276608,14.592972660258297,200.78536979325705,0,51.991308208341884,0.017617503090894347,10.51092563914397
44.110554067671785,32.810001749294415,20.0,16.23136437158757,133.93446346999244,0,46.16986330138828,0.03752305753965115,10.831399895042335
43.58264878776721,33.230025727863584,9.930160975873394,13.842514827401711,81.89095691534905,1,46.260607944205674,0.2091039949876327,10.806198456328186
27.388935950371504,51.70954871201589,10.84867042533975,0.17353380320460898,243.99769461580289,0,38.26623408244301,0.0013026086418426353,9.697427077279047
64.10214222942025,58.357994117049515,13.227326520785248,29.476280901633285,218.74316943257872,0,54.65420676348231,0.077876031958175,9.298520352977029
61.73557124003898,32.295792958259476,14.257306054800676,26.608561794534282,133.8475394339556,0,49.16321826574077,0.008349319927365895,10.862252422504431
59.13599559939565,82.14567057073569,13.722658882076862,20.698216633341612,265.54185730996176,1,64.24515941193067,0.43793363555540527,7.871259765755859
32.40111728613438,10.165536947324032,17.309748895256632,1.138368717783977,5.114648484935813,0,38.94550576657287,0.00011042554461019985,12.190067783160558
60.7047868876668,14.530252175916905,12.19282642992763,25.072838884228826,131.89502129757622,0,47.57567796447099,0.00024238255957295164,11.928184869444987
33.7724200212493,37.596128833633635,12.849258009584803,11.786160427526887,98.79666113206449,1,46.71142404939829,0.009135909276896205,10.544232269981983
57.58684397960111,28.637169900298623,16.126951868963193,21.73920443441986,222.44456713186008,0,56.71117632709364,0.0008664876762741893,11.081769805982082
63.70401855987426,99.66771793840161,13.391345735806807,23.96076016669181,337.9998610787454,1,58.175224929571215,0.7928464838008472,6.819936923695904
59.61237000189032,10.0,15.000485164851987,25.13325435168439,161.23552314061814,0,45.63000237086864,0.0002651369993785777,12.2
56.62716760900149,41.15968159531868,12.907333359894386,26.890026086584335,128.77581561845352,0,38.08375926328296,0.052396046998337345,10.330419104280878
64.2838434753343,53.707813276088224,18.365137873258597,22.881444301735403,201.59500396603642,1,61.99804204249729,0.016704382194589345,9.577531203434706
33.307850176459155,145.0638530300483,15.34512506979415,3.535192907138475,452.15143673531594,0,53.639325363817335,0.00015722827446431608,4.096168818197102
52.125150022326835,64.78421782545368,14.857726322770619,17.27784853650442,299.1950598420544,1,72.36305325867258,0.4281846887583909,8.91294693047278
33.65650732936398,81.80361900392836,13.911965339579064,3.0180906577809568,316.70754304482847,0,52.72463411024216,0.0038895691680308096,7.891782859764298
46.62083953729935,65.33960717149795,12.712998681177362,15.37835543991395,257.6725810158827,1,62.88897610184536,0.4907963596009669,8.879623569710123
52.58676943892303,105.64545500832148,13.39965349218619,15.79399566970989,285.0053546465052,1,63.98789455585002,0.9327295605954818,6.461272699500711
42.68208848440775,339.53577648585247,10.701919497673293,13.522072479884795,941.8749185789305,1,70.47187265854684,0.9960929348749391,-7.572146589151149
44.50870079209394,191.45745952395427,12.691458552835869,18.096995115494124,485.60431767208826,1,62.250305162857465,0.983169336008947,1.3125524285627437
33.21247558669299,359.81578649134883,11.4984232629295,9.50525917468379,874.27460835229,0,83.24477296042546,0.0008760658262336276,-8.788947189480929
53.09860866119316,86.02188584203186,13.933246593695404,20.416858359600397,327.66087883896984,1,70.7605328919247,0.5136455844876695,7.638686849478088
39.25507995891603,49.2731818127925,12.545596211158104,9.845603012617104,156.08630702699014,0,42.49145126359534,0.270808117863299,9.84360909123245
38.937628263413906,189.22498963649232,8.197255221049545,9.178439980532115,499.2444773300581,1,54.522132742876515,0.9451821131537305,1.4465006218104608
37.713182931370504,18.953916295896946,15.512461367513716,5.439641652432568,100.55061822772237,0,47.359732634326704,0.013466548481091528,11.662765022246184
41.51327183368205,25.694617331334186,18.305087447682077,5.621844376607234,179.5095353760252,0,38.57101536205191,0.002234100157773986,11.25832296011995
47.674168335802605,89.19317289796759,19.368384996197914,19.27459022844753,337.1224211582684,1,63.14899681130885,0.5673954152567545,7.448409626121945
22.136318801301638,18.79432748533231,17.01411214048901,0.0,214.89585553405885,0,45.79039237242003,3.288208733334541e-09,11.672340350880061
35.69212070928004,145.81484483626647,15.119028977112823,10.428831911005206,439.8368534399771,0,60.41987216017158,0.005153549122776753,4.051109309824012
20.66697337098081,43.19269009058495,11.43490419055521,2.8809106405570044,207.6579118157914,0,34.58178514068439,1.4473947937612704e-08,10.208438594564903
57.50796933187061,158.49452839494492,12.3696153599049,25.729161035201116,446.00180790618106,1,61.564634646414184,0.9974108801488716,3.290328296303305
31.722932995500145,10.489873252614322,20.0,6.342602100670638,136.87413382646008,0,41.43605223040375,6.156591209918256e-05,12.170607604843141
59.049540634566995,222.00103773186916,15.67044454157192,21.362262175366467,716.2741066982521,1,80.96650283702412,0.9999763522704691,-0.5200622639121502
25.38881138072367,59.847718537987454,16.31503045017035,0.17564078476126577,233.9415679970477,0,46.787146572069716,3.187000073256615e-07,9.209136887720753
38.177807356674606,43.003667380751274,16.10566107757061,10.579827652841331,82.96682989298677,0,48.95532351010677,0.022909809667069042,10.219779957154923
62.03785610150492,126.65671211041224,12.558158952586236,28.395724797604615,334.40428530173057,1,63.79035296436854,0.9935628402157373,5.200597273375266
50.515537800805156,15.985474477874918,20.0,14.386473126773613,87.55629210381412,0,52.2918442975721,0.0006660457489623575,11.840871531327505
49.3018326727616,19.448128085118956,11.447939162587486,13.90911541464328,133.61950036164689,0,35.151169393795584,0.016749540375249238,11.633112314892863
55.90904827610306,96.13675436485862,17.365273804473624,26.036169851355393,276.65588734628056,1,64.65325838375728,0.9476085974677128,7.031794738108482
38.201318028280696,61.4265812691406,12.02320728480513,10.155023490323995,238.4469637469095,0,50.14326577274604,0.24711735778518193,9.114405123851565
63.854411268038085,67.50176056033769,17.003108805124615,23.26155035700832,250.13157515042306,0,60.597579892738935,0.09867661953904232,8.749894366379738
36.15577690415019,30.788322189190115,19.854630229764027,8.22486293482549,164.05085264560643,0,47.342484552249374,0.0013974903112784756,10.952700668648593
49.17349305333783,10.0,20.0,18.598065299085768,115.84279800513663,0,51.4307707747798,0.007055538395474844,12.2
29.580807712439345,50.58323769465843,8.0,0.13503284118589587,140.37886006669072,0,43.87450162997502,0.31587096814047194,9.765005738320493
27.64357533384782,11.063939635095862,14.251888356658098,1.6075270269780646,114.00809030584975,0,42.594483726283684,3.841158344888937e-05,12.136163621894248
47.62615904294247,25.753225726235577,12.012662755790782,17.90023534901602,168.72537097809052,0,38.41697024325826,0.11259570127536286,11.254806456425865
24.424066709886507,87.02096994112077,14.423302218366462,0.0,229.87229208923847,0,50.20163234797326,3.428677239237613e-07,7.578741803532754
63.882568627849,36.913214245787394,16.625038575447743,27.87746786183887,173.26888655629529,1,67.00099692627656,0.02565017615074654,10.585207145252756
27.19685527562602,74.71672696945508,17.033277586896602,1.1202992744738727,204.83128280169308,0,39.78577390164426,8.736013820978884e-07,8.316996381832695
60.95086159982449,215.41991972030996,14.410213460442556,24.07557950953473,617.8633547500827,1,78.30908221041861,0.9999930556309472,-0.12519518321859735
34.5242019717281,29.727753121567424,9.415519160014092,8.753605994539244,119.66775933886845,1,56.80789936432586,0.415837751519561,11.016334812705956
43.98467643242749,132.53798556494095,15.628766759506927,14.449870357225528,433.46645027506804,0,63.466155490438915,0.3657754540608804,4.8477208661035425
26.02916557556855,19.604201545407143,11.663195446415008,0.0,19.748516528722064,0,36.905973662812976,0.0005009452048521001,11.623747907275572
36.44065757772828,46.76812846746641,17.069665736880168,5.792251616121517,226.1121145091426,0,50.558406967174655,0.005570688116166886,9.993912291952016
51.8219029243169,24.45650608502671,15.095806032543349,21.488678137115603,194.43259580524978,0,40.93386819275794,0.00305532218086968,11.332609634898397
51.60272866540235,48.78416385086088,10.740461770508832,15.76538410939845,216.01693967463984,1,62.70427026684841,0.2934516737792179,9.872950168948346
24.072500406902673,23.032966379852557,20.0,0.0,153.42504280724316,0,37.18306735896634,2.5646990379453478e-09,11.418022017208848
30.25807989429723,85.47469971813628,16.131006501344913,0.4640637496896689,322.6662158063568,0,50.05315133526004,4.2297032423788804e-05,7.671518016911824
29.71602755488113,29.40934791194019,13.764089914954587,0.0,63.14996578790689,0,39.459381748522404,0.0013835258657439772,11.035439125283588
33.396615030966075,61.44516046255211,14.990369356146887,10.649196497190957,158.09384728066703,0,51.91288760250798,0.006125973425730079,9.113290372246873
24.33009718563183,62.17082326956872,10.442138852661113,6.316707156342666,260.24345012364705,0,41.3458243293812,3.0901736689215016e-05,9.069750603825877
44.68305191455019,58.34202336497607,13.661817689628462,8.065282360584614,258.6657958881473,0,37.713806102020584,0.5209394483433479,9.299478598101436
41.86996086527028,15.018148303693174,14.050239710683378,14.152832908070451,157.7030382644696,0,37.224757384381704,0.014867196278591338,11.89891110177841
38.064075901659,169.70842451928866,15.207059897929366,6.67645467117725,397.274965863234,0,74.0333633490082,0.1408434001588341,2.6174945288426805
25.81099542883419,61.14143032001984,8.489929756297425,3.1605712506770605,260.6601974793616,0,37.378701031674524,0.0003580721256262548,9.13151418079881
42.693792694565545,88.19199119896747,14.630462465588218,13.924252131212256,169.241874892895,0,43.72285269750902,0.3783417020835729,7.508480528061952
52.68127498764765,145.2116456365502,17.939480903639733,17.4250482988007,509.42530119291655,1,63.109246203069304,0.9687452165155359,4.087301261806989
33.9559996361483,40.92558986685082,8.156551039065523,1.8355786543040074,210.26433720159798,0,39.2273393296486,0.5307474613730269,10.34446460798895
42.83710920112627,58.403993646535305,12.391242653518036,19.618121077607938,216.28656366786132,1,60.794953663811796,0.32772881223042555,9.29576038120788
52.20596844019345,43.66930347494389,16.86617409137914,22.871522550142735,127.56274199958617,0,44.24810442245914,0.027715676909910322,10.179841791503367
58.104290161564585,94.00035141950437,10.545843750537873,20.288947532261233,388.2628569516675,1,56.23051898719328,0.6794617199966307,7.159978914829738
23.723002677983136,36.9573296254451,20.0,0.0,160.31406480156338,0,34.98421582950933,1.230321372452886e-09,10.582560222473294
27.89872772283708,101.44610125906152,13.722939698248041,8.76074615754257,259.29535687822596,0,49.44574002777731,9.33872417953211e-05,6.713233924456309
24.957051822310625,33.606745409364066,17.706169153412496,0.0,147.27667412444063,0,36.21832439401784,8.720653824172827e-08,10.783595275438156
42.106824781804875,96.10002354202452,14.059471040377924,16.214184632480936,276.04400127858503,1,57.133245532187495,0.6882953208864468,7.0339985874785285
37.14685661427282,37.45195905792528,9.771338128803823,11.653427846436466,128.2226568777348,1,57.277474412151605,0.13457986071654945,10.552882456524483
20.36896880396453,88.75459208952138,12.858466118986748,0.0,150.20256372952997,0,46.79236842194078,1.8887107339358465e-09,7.474724474628717
38.88838258329952,77.66422090396662,13.813220694159691,8.396364874877051,307.5284315330766,1,62.08758399233324,0.3663578149912034,8.140146745762003
21.923546953786786,58.230594783447444,13.802144342464334,1.4298941509464966,92.1951328612172,0,32.619968653157514,2.327140849279385e-08,9.306164312993154
64.9318228659258,64.82348869166813,10.901078052437413,24.194969967069788,295.8079545589545,0,48.82121215336017,0.051201775132368364,8.910590678499911
26.71988263794503,146.23154415122508,14.57826114918354,0.0,463.87313014695496,0,62.75843486966145,1.475537199890453e-07,4.0261073509264955
20.984978231146773,38.626526920775696,12.399155864143365,0.0,56.07046054282003,0,36.78744049671723,1.0417952834784307e-07,10.482408384753459
26.848751752378426,50.1772871978352,9.579845950836365,0.0,212.28380308610963,0,41.72021059120487,0.003845954005598281,9.789362768129887
47.11775889657493,31.701894990063984,12.145970689265802,16.88043167543234,151.42372590016356,0,51.062584756577294,0.2004556272401712,10.897886300596161
59.25374247656218,53.66378684060703,14.816134471713408,20.452516987107725,145.81169293507455,0,54.51008134454487,0.04795351645166595,9.580172789563578
40.35817230684219,62.782200920050784,16.007816144846235,9.585381116707115,253.8248737708351,0,42.79582695039328,0.08009315463307701,9.033067944796953
39.60242078444618,68.14137866073061,11.276548007699267,14.629292614346483,233.8295566066299,0,43.0488880369795,0.3307068672696431,8.711517280356164
30.134834839438298,141.40054250749998,15.63811456643464,7.178246189740822,423.53934522519904,0,55.88693085407348,4.848196287776072e-05,4.315967449550001
21.925452979498573,66.90611091166127,13.246382835214586,0.6066940447458204,212.51921033666096,0,38.2165092088353,2.8714044228836667e-08,8.785633345300324
56.16716544143746,10.0,19.894286563548192,16.179615089781617,130.80643898652247,0,53.95312796336316,0.0003096842245438398,12.2
34.69166107877242,75.25640558999902,12.44859145428176,5.588590929744853,314.8607127253294,0,47.564994687137286,0.10405350782536549,8.284615664600059
63.406183675206776,138.38611751784308,14.676715455385034,21.575447655700295,416.4762955665514,1,63.429547477220886,0.9908242332041038,4.496832948929415
28.670828429177043,89.2655845176086,16.4991760047822,0.0,253.38064659345994,0,53.406118709921046,9.14808660359795e-06,7.444064928943484
41.888570893966346,115.44647980569019,15.572141982461869,12.164400126551634,331.7032008514101,0,59.39281515671498,0.11680094626039254,5.873211211658589
31.7683088697553,18.35139627078414,15.027725984878353,6.7406072238285075,87.60187023917658,0,40.40590386722808,0.004805132432141273,11.698916223752953
61.88319926191404,25.46013150778341,13.927214863882563,23.364439653250137,185.56708937837723,0,59.03035772044306,0.0002854260626433482,11.272392109532996
23.45940897250695,153.2888772858794,11.256323855588974,1.2784141894984138,416.6552174851337,0,48.984925388704866,5.921945200094743e-09,3.6026673628472357
30.348750683730664,43.96872659680505,11.81247154865417,7.111339722164557,143.02251138818536,0,39.38772022213449,0.02166419272325775,10.161876404191698
25.170523283614123,31.912513322825333,19.394546048057663,4.6268268226784075,80.60415150929572,0,42.007741411035006,7.011823633346813e-08,10.88524920063048
52.701364092393206,24.74375632368098,10.624507470706398,18.84767611627364,149.9067828540003,0,48.082505047319515,0.029105709701727867,11.31537462057914
51.19061965482882,500.0,10.870743877550265,19.61704048568557,1000.0,1,84.71144014030703,0.99999999999882,-17.200000000000003
20.1405004722555,39.90127744286128,14.941228330836985,0.0,228.44492152978103,0,44.50835736624479,5.651254289825106e-10,10.405923353428324
50.617768559249484,27.036659773542066,8.288671608508784,17.418045035310474,150.10093213505223,1,51.34393621029249,0.16577824520922727,11.177800413587477
32.61724298157016,96.6458126576283,12.983744584035223,5.675860128579917,271.1586598277056,0,44.020940951634984,0.019805144224074867,7.001251240542302
43.09784793519461,75.41865361655692,17.420771253874207,11.659481169652782,136.01505405075847,0,53.72842431959355,0.07607928366435128,8.274880783006584
52.67516182307023,72.66788100874392,12.005131486715939,18.5620528695933,212.39380099764475,1,61.07910069287919,0.7544742230664259,8.439927139475365
50.76751326819219,12.972086075457126,14.962362212049081,18.424400023875837,66.54853891162202,0,49.502689829205465,0.017005809741943843,12.021674835472574
31.613371711642472,28.497592493055567,9.054774618597868,7.209138305476734,171.69468591573093,1,50.064540148178395,0.21706743328982747,11.090144450416666
31.861836246695106,247.28210300021948,15.792219616798063,8.72771822735066,633.696821413111,0,65.61964634863698,4.081147861776377e-05,-2.036926180013169
36.536799299863034,89.53570360222659,12.153349703662347,7.394780687426829,356.0046821347642,1,53.124388974713455,0.4177922232685848,7.427857783866404
51.91231514440037,10.0,11.69779944914714,21.878257203149293,93.22623764289213,0,37.80243463829243,0.0011117947511954402,12.2
48.130411169048884,22.808196249434932,13.637123674762845,12.038721272827814,130.3079713232822,0,39.7712587851456,0.008909171995160382,11.431508225033905
58.347611474532755,66.87477826033842,10.781888486840128,21.673301063175874,187.04974860851289,1,54.865497259706,0.10981348095989141,8.787513304379695
43.634372569647695,57.805332389010744,19.351401372452194,8.786434407469823,161.38815128836492,0,53.74054027571316,0.0304087552689726,9.331680056659355
61.79153353441846,95.3146776636042,14.584288559320093,27.19465367389967,314.45884772142875,1,59.7809008921535,0.9457738252796221,7.081119340183748
34.11130688963005,50.13574633342554,19.309069765959716,12.025144540966942,191.14256299209114,0,46.126231026579525,0.0004033781793066509,9.791855219994467
45.9865117406283,34.94338009733271,14.128662203320856,13.98008202822854,157.90743364332104,0,44.53209015852251,0.03436874528087358,10.703397194160038
20.491897188622424,25.68043696551638,15.46540313701874,0.0,113.18867941146158,0,47.81641253097109,1.6875150341716968e-09,11.259173782069016
51.56070700596821,36.154696440524866,12.012544650657382,13.878376546506718,195.35034632842556,1,51.00176968171563,0.02699480194967966,10.630718213568509
32.49605252052563,151.00843069882572,10.058283475091589,6.39192324800279,393.5771680931926,0,55.31324274217854,0.03662585509711603,3.739494158070457
32.03263675839189,113.49888170787848,11.95742884435196,5.142365041178786,236.74451630835853,1,54.361861103291076,0.01489495763588318,5.990067097527291
39.67624961355153,73.75038301936983,8.917337429773383,13.598275618729586,213.78021173382749,0,44.30738591649573,0.5210808322589336,8.37497701883781
22.484367154613228,11.893466445828576,13.606247140718013,5.023669284763228,28.544713750844018,0,34.1313831803944,6.763574284283545e-07,12.086392013250286
58.257224997599614,59.21787197665563,19.831348660141373,23.260628637679172,176.52244596408622,1,71.8436785133065,0.07342921424889315,9.246927681400663
53.92700727348587,42.08070626892476,12.493596013102785,19.938322556484483,215.71633429268604,0,55.58990985956607,0.03351550211208897,10.275157623864516
43.51794711075708,36.98940691093214,16.55561520521388,14.89883418761117,159.09194230848414,0,48.76570051104103,0.038460349698724805,10.580635585344073
29.654073714034766,45.12806250561592,18.870526517615332,6.662342624073478,199.1468463861174,0,45.044599718008364,4.280638776729905e-05,10.092316249663044
60.0770087780644,63.03920076595719,16.71855729902916,25.65014764982576,296.14066735553695,0,66.99653051647117,0.229659117887122,9.01764795404257
63.3670649501301,26.21766787416156,15.011853139377777,29.016225968999734,119.8628078180397,0,59.148203257122695,0.0029376955811881112,11.226939927550305
28.69230953235808,46.47892685624325,16.034389533166408,3.018531365544442,148.9021248018745,0,38.58606414692238,1.528647369372364e-05,10.011264388625406
33.78565586841457,179.97290880658122,18.788454512781495,5.208228428701338,464.6298037103944,0,57.20043618849708,4.193250765606538e-05,2.001625471605127
58.410781386696875,41.219644202949674,17.336859615528475,19.563049946294747,145.01738392224894,0,52.0758107326637,0.015353107784538616,10.326821347823019
64.82441360589175,37.129348508715175,14.19777172196991,29.302346002570562,164.29453957227457,0,50.800006277562176,0.00668300553867733,10.572239089477089
39.102240722633944,38.52222796085811,11.870686125199976,12.33638556405225,177.30991262164008,0,44.02359170594767,0.05373148408702363,10.488666322348514
55.70967449452311,88.1890674791588,11.928531610038295,26.657820835346676,403.6668532227614,1,60.44488788356419,0.6506543444446685,7.508655951250472
24.09190483385622,28.110226922523452,14.09711560259426,0.5609190552840335,138.85808569462307,0,42.00031120565671,1.036473313223787e-06,11.113386384648592
45.21427720280809,83.3797542709592,19.81290732786328,12.64698049572519,295.42396004548084,0,70.50980111452942,0.023311806116726404,7.797214743742448
29.274283208811546,42.797618618214265,16.938465148572984,6.280263116973935,169.88700269902668,0,29.734468613068834,0.00011743728333899703,10.232142882907144
56.632363316615695,45.50028984749485,13.117841956652418,23.23662105639854,254.47508631359085,0,47.85611174346212,0.00671644381669569,10.069982609150308
30.4002876474173,94.8639480261514,14.263187014654045,7.181716356838701,319.79742831288445,0,42.200797745126195,0.001455267480915597,7.108163118430916
30.248406648127062,167.89511213775143,10.947891705144208,7.2852360771684825,453.1411628858039,0,52.959301626501656,0.0008138486968696975,2.726293271734914
51.93100897804956,54.083664361817156,18.844613014330264,15.79862594577997,231.05509054938665,0,59.94804186374862,0.056195771667013894,9.55498013829097
47.177991026015576,63.91030502498336,13.323420151086411,16.844355564875258,179.60816050527026,0,49.05023257927754,0.6994451442158747,8.965381698500998
25.48917944038112,19.146328671168938,20.0,2.523514118714528,53.560625715444424,0,37.87269374700474,1.7470696795994402e-08,11.651220279729863
58.72085764263975,42.96765984342754,10.387088786193246,26.73116873122025,225.25466979517296,0,45.16847736198278,0.014248432886861931,10.221940409394348
33.25446017411586,115.41858794816572,17.00760626749009,2.747470714782974,236.5877451080138,0,54.62071264364075,0.00013239403188672718,5.874884723110057
45.94066768991999,102.38680651640749,11.552535952497417,12.083067066299705,392.45387539986643,1,62.77200171937558,0.6046738781768138,6.656791609015551
47.34040775320837,47.762245352864916,11.747655341057932,18.700858551927123,105.56954951323806,1,41.73868387606305,0.4620722977257411,9.934265278828105
41.762039096048355,79.64828947193148,11.905110806470532,13.27632628245637,266.36140500932476,1,53.51577199528846,0.3288220796575906,8.021102631684112
29.329753007845795,145.59602023998315,12.689779975679917,9.513281175065897,362.756552971686,0,52.555856785736516,6.788957954312256e-05,4.064238785601011
64.45200183326762,74.71537687011009,9.763750174963793,24.747998750950696,177.68873803852048,1,58.157535800073596,0.31463165538770843,8.317077387793395
27.569827180229243,104.37634693576297,12.82602054600373,5.855871057051468,233.82175370063067,0,43.69091036228295,0.00010340711243710321,6.5374191838542215
57.32789597685591,44.424470516133084,16.18391807572236,17.496438078072778,156.0598880538056,0,60.396026512893286,0.05506405170509523,10.134531769032014
27.271461474066058,121.6929190616951,11.10870632155041,2.6413776828979945,393.11809913637245,0,48.86724493170283,1.2980245522533798e-05,5.4984248562982945
44.72166265070474,75.62553684101182,17.8517336405101,18.372761854993655,235.16675945899814,1,68.32331059687668,0.5845751751389231,8.26246778953929
30.588171952077545,52.140649450730805,8.512715840761524,9.917258723064766,258.21995015477404,0,42.47206767552378,0.027322776560443324,9.671561032956152
64.36256005186931,60.31613797502013,9.447722432000804,25.028693890675125,246.05053659414952,0,52.82494932711218,0.041456335932706014,9.181031721498792
23.70396212138275,167.39193864985833,13.807088241423202,0.0,385.942420194769,0,63.985939375451935,1.0447008292580863e-09,2.7564836810084996
37.016751413012,34.40593836459011,13.135299644218321,9.637594318240863,175.69019043735292,0,35.61592216404087,0.07092891639441827,10.735643698124594
61.55821367351445,114.74331965727956,11.870704293149883,25.19459854241905,465.49121412993117,1,64.1655844219871,0.9120091987187926,5.915400820563226
29.278913348375486,123.398736757229,14.336501887941274,8.942506076288456,369.52160982331833,0,51.84197648564889,7.046812010895615e-05,5.39607579456626
59.738686254292645,43.71854680483376,10.263772667232288,26.343589891082086,131.96715809257597,0,48.48752442168421,0.019449041445350625,10.176887191709975
31.792180062547196,222.45164551418569,13.400713520113287,0.0,510.6104484773109,0,68.02937037091822,0.00020456023244000613,-0.5470987308511406
32.942101182362165,169.03313608234032,14.23789131130159,6.168672521552561,316.1069926105241,0,61.62318209150571,0.002956931191003902,2.6580118350595807
52.333383135102856,29.071389647621082,9.553993384487327,21.383284799375115,231.2308714059705,0,50.38795955200127,0.003958164082005609,11.055716621142736
46.069827848687815,35.6180578231807,14.89832403248745,13.175775204058368,145.2290432631891,0,38.22888895764772,0.01923892897377326,10.662916530609158
29.714985031943783,52.116685479311585,15.87709596745909,4.966479271537832,180.59722405451265,0,45.76753096153972,0.00015096223198136344,9.672998871241305
60.62137574893931,43.6384632797031,17.614261433913114,24.817998924111375,186.4948181799116,0,55.739765572945515,0.01919386047234231,10.181692203217814
52.038164954795306,78.83715238670081,8.4800917958444,22.43965729565852,290.3745201377763,0,56.75853200495976,0.19875813354179367,8.069770856797952
50.55796008104821,80.40516904628997,15.178703692384392,16.944267068676822,277.1330007366358,1,61.474985281894575,0.7495862924956713,7.975689857222601
30.38602460710225,56.31296893369949,16.771436592868884,9.698506594603039,197.84392801006376,0,51.460547545761145,0.00030828438851448033,9.42122186397803
20.756075635204752,174.4578374215857,14.658530648126257,0.0,400.87615987629715,0,57.34352544372772,4.866117663793539e-13,2.3325297547048573
20.284938949439052,72.03586595148144,17.2649830110633,3.20246972919459,181.42575598310276,0,48.275610316984434,1.5764582102655613e-11,8.477848042911113
56.49471575690548,204.86059514224777,15.481521129593744,20.382636945525224,637.7000095873575,1,66.17853813242878,0.9997933710924722,0.5083642914651341
32.76460177974123,49.94544455474862,8.0,5.520723596195794,146.42356003580343,1,51.98382026594973,0.631940940591433,9.803273326715082
45.46347941695235,120.94277881765423,17.683257366019014,15.246226757331,419.7959717308919,0,67.03836153000312,0.4231575251531831,5.543433270940747
63.436532761490476,484.1281124047048,13.318501024904448,25.939752295386228,1000.0,1,81.83851642130814,1.0,-16.247686744282287
31.579019765475064,32.58755544454758,11.175107666570867,5.695825136758777,88.26483152128574,0,41.67222402641523,0.05827152894031787,10.844746673327144
34.20283263833569,78.62561725800379,12.896419480333813,6.712092099916391,214.33241765282244,0,44.9681975263796,0.15481999064200033,8.082462964519774
29.771826241383046,84.71364734786849,11.054384039146024,3.251169343157157,313.05989300955594,1,56.640975724374755,0.0019182841642395047,7.7171811591278905
33.57784205328943,23.11650444222398,16.683930087771582,8.857871054259594,99.00022756725969,0,44.258402910334794,0.0038002555622257492,11.413009733466563
26.22177686621381,66.787271700663,12.844284701466623,1.7386538937362443,238.11097137548796,0,39.00921336291896,1.289796603753566e-05,8.79276369796022
57.101065597932944,171.23849613968733,17.537040543661824,21.445568949133374,495.45304925971027,1,78.00939721242204,0.9962966536094634,2.52569023161876
26.67339175759315,29.491237443023316,9.227911663606598,2.849406693789801,155.63356937324428,0,40.562635635201644,0.0010034034994687443,11.030525753418601
58.067335626622246,52.44018768975667,15.69538681533845,26.820520802839862,164.48228114739115,0,50.327694443401015,0.2338323429626902,9.6535887386146
43.144994981966036,91.8616396004988,17.048186907912118,14.933154712467553,217.68885805362007,1,67.99434555721146,0.3495863598388422,7.288301623970072
64.96235617682677,47.608154827862776,10.630969630963278,25.72289712037181,164.46348988541837,0,49.99641863801366,0.016595450393667853,9.943510710328233
59.18333117930056,22.396597844339624,8.854985510149984,19.537229423006433,142.74698747669177,0,50.478392966859516,0.0028742433416173558,11.456204129339623
59.526154491434006,47.086976205727126,15.577832605699932,23.35163210758886,194.47292231733445,0,59.95129634786868,0.009150948140683627,9.974781427656373
63.60135576396707,26.41125680675725,8.0,23.261864123544708,135.63493135033343,0,35.215325924679156,0.00019881169838830977,11.215324591594564
35.81393155616386,10.633978784719929,17.379392689424122,7.505286393817316,19.787726013532648,0,39.84431724144628,0.0077502339433894825,12.161961272916804
35.38298648926594,37.353490779280634,14.584800673218544,8.903434850864652,146.69598895308474,0,43.15793039521705,0.03594686814386017,10.558790553243162
32.410374047108945,32.789255674202,14.118188611546133,7.184465481082681,121.82019549262182,0,37.543585298882064,0.01633407435039796,10.83264465954788
38.53520745013037,17.54994740731118,14.345350923299465,8.309860610885742,78.59116173702733,1,60.90460104065026,0.08503344576115368,11.747003155561329
41.44622797402176,110.75677513034123,14.237065429127528,15.28227727877918,360.48996317022,0,58.688519329264835,0.41566822651911306,6.154593492179527
37.821169249701356,61.94140109475552,14.377605863338498,5.02153209387544,236.7766341205015,0,48.59131405659057,0.07323625428038615,9.083515934314669
52.29578951579424,181.83096633545077,17.29030874385422,20.96464572605545,517.4689913560486,1,81.1585011764061,0.9922063910519465,1.890142019872954
28.46945945581607,87.83822585687291,13.565724535809958,6.5959236082730985,213.03862815582409,0,50.95838914304146,0.0005340748893818741,7.529706448587625
23.179124673298762,141.20278202576233,15.359004142738584,5.677694986271254,327.868136285194,0,55.25827952973698,8.443454399000498e-10,4.32783307845426
21.447268070475566,68.784447452666,12.456764388952424,1.485325587203583,229.75272447279946,0,44.64422479762299,1.3458361488623821e-08,8.67293315284004
45.71738365895098,45.77271829374574,12.297479982170199,13.534631289692637,169.79237248007243,0,45.206802544009946,0.1174187437376425,10.053636902375256
30.651091410174004,25.374048210362478,13.52851781330723,6.515542883731785,134.19823201721618,0,42.20624120594111,0.005465544180520124,11.27755710737825
33.79037209621899,48.057505860197146,16.904353995826746,7.322835252161113,171.97576768791765,0,36.93895327499234,0.005827493832715825,9.916549648388171
56.03124202074922,51.34057656518984,12.19378599461129,20.93849146363264,257.47316777958883,0,44.772446832356216,0.02528248676257341,9.71956540608861
57.90471683161879,98.5841973477593,16.26181075050658,22.137191988993504,291.2092990426868,1,64.06449468564858,0.6274882303137356,6.884948159134442
59.33193524805416,80.26890480648946,18.065332798333273,19.119082276570737,294.9259498900723,1,65.57414431528542,0.5000537149746607,7.983865711610632
43.85199481226291,119.5690234970105,15.270597074664208,15.74351723616796,394.74726676562625,1,62.840179198062984,0.6172809209822292,5.625858590179369
30.215388843026886,67.46385721372405,18.0716393097946,1.0468560909886575,220.61085645878853,0,46.77814644284908,7.743387631071115e-06,8.752168567176557
57.86653255917148,86.80102292981634,15.00418040046514,16.893417655074504,235.91086123814495,1,55.991507067032764,0.8512593824503631,7.59193862421102
59.64101570947554,50.54524235634943,13.290025537496927,16.33068725511604,207.20343375879386,0,51.72228431416637,0.0898196283859698,9.767285458619034
59.96136498215113,49.64730492944658,16.371317319880273,18.838048212711808,209.8825818952195,0,51.5784557254981,0.042866168478293304,9.821161704233205
20.869108547290534,34.40233825357972,11.178663101305368,0.0,136.53539881181914,0,36.7939373874523,2.317404684744062e-07,10.735859704785216
45.872851119074454,52.95120801714687,11.09081755337212,12.607491898224591,217.37974635592542,0,40.12465527982384,0.20965594210370814,9.622927518971188
64.41799996281068,113.60849654118496,9.363528993619738,23.75212380325473,392.4830934467046,1,62.02701278891947,0.8968080010640749,5.983490207528902
48.12717652767705,19.685383139583617,8.0,18.349489594100618,130.0421966822699,0,32.17665329694819,0.12351015612906596,11.618877011624981
43.30058156461779,199.56871609987698,11.867531155432609,15.526542333643153,616.4162824952211,1,57.847064015525206,0.9348597686077231,0.8258770340073811
52.136721207334354,38.50577685901559,12.292949562705747,14.751933499324316,173.881489946578,0,50.92852862441524,0.05028232202488279,10.489653388459065
44.381131974714954,27.192106190095643,14.661343396457339,15.446483018499901,178.90650836844856,0,47.64201477922889,0.04863774304518511,11.168473628594262
40.590823560506806,25.840058919974297,8.0,9.091430713921532,115.1714891086843,1,54.7487445771166,0.8353688289643951,11.249596464801542
46.92918277403837,45.30948771234125,14.417955360480242,18.387561144308783,240.78208922750304,0,51.310087994012235,0.21341817172420816,10.081430737259524
39.37891727250916,207.6708098172749,9.404233042806155,8.451687418792254,597.5683286751504,1,61.488850415017296,0.9519399517847821,0.33975141096350736
62.969347090216026,93.48299784736786,10.484340182525296,23.431422219226615,340.0293446075786,1,59.10113920191839,0.5063505938704441,7.191020129157929
51.73261451652385,23.52854750851625,14.355714275811517,15.130644856905354,142.35377636434123,0,50.197605298624346,0.009759124282090812,11.388287149489024
33.929717800438965,27.916016153391087,14.279563810027586,7.5771929924469665,107.39415694086036,0,39.360705001043634,0.03226159161916115,11.125039030796534
62.416084039802215,47.315639643782596,19.632865381623414,20.95864552606015,180.2953974798973,0,62.108074737026115,0.00770451211316498,9.961061621373045
33.26057825434646,64.16026260758042,14.131828282780203,6.776835508800343,291.8590541921609,0,43.213932899573436,0.021110428683040132,8.950384243545175
60.266611586334776,104.09289338600242,10.082127574587666,26.88695429375516,320.2273888428107,1,56.874684680678484,0.9051142566651313,6.5544263968398555
20.787951134539163,366.4206039631491,15.293201923996612,3.12583694234852,789.3098530981057,0,82.84277624004937,7.975972058676509e-19,-9.185236237788947
22.133090114231347,39.26554346754199,17.32045322244709,1.3704423772868333,85.87678143765069,0,41.00371643682598,1.458981230946593e-09,10.444067391947481
46.20956720615878,87.25717235346293,17.327425244965017,14.833131736860704,262.8329870537154,1,64.29834492412938,0.32943803091678336,7.564569658792224
29.3775113494126,65.9159592707224,15.076478920650063,1.3558338372421455,266.4833490109475,0,38.133226199745685,5.079996723468301e-05,8.845042443756656
46.16252313762692,140.85037107530488,20.0,14.243548381550838,348.3650779928223,1,72.17608401642943,0.2990898468433176,4.348977735481707
64.26618860367748,105.29275466284955,15.71231089833194,29.124604471279834,432.5552095700209,1,69.89988062878976,0.9740303943313277,6.482434720229027
48.1178396033162,36.19301717845037,16.2164089145941,15.65671907046482,168.16939296546474,0,46.782040291520964,0.04828801914846178,10.628418969292978
56.70329350504397,17.612219681393146,8.0,19.344543944139758,87.97318914625251,0,39.00130838460985,0.005581999298853623,11.74326681911641
49.3035863717522,108.46431938282343,10.826493389472342,14.924623608554832,234.59176535775845,1,51.115951038204116,0.9523058975874126,6.292140837030594
62.18527957911186,23.197170074029643,18.374829493478444,24.77125839246977,56.19241325896776,0,55.29401610804641,0.0018295050347209227,11.408169795558223
23.09305936220389,53.25192112288663,19.799092195911005,1.7732346100191245,149.34575953922015,0,39.86639146164145,2.860536664473936e-10,9.604884732626802
56.14709990920269,112.58196903819857,17.615990760975603,23.2059165514552,367.4707405938697,1,72.46518568579155,0.7977334103987295,6.045081857708086
33.06951524547683,24.872084372327215,14.864199429794656,1.8509221454408538,18.158003376148557,0,39.51218641551034,0.0016838606469201888,11.307674937660368
28.185431228268527,51.167429264255524,13.261314193643715,4.334239786638612,189.0963657587527,0,45.45687099494735,0.0001848805462931331,9.729954244144668
22.788998029524183,40.666163272453915,13.664331852504441,0.44391603180930345,115.8115728729889,0,34.428471246105595,2.522686846511316e-07,10.360030203652766
46.50153350587357,459.01184622629256,14.36223575069225,17.652883497761934,1000.0,1,80.9626497312976,0.9999999714613793,-14.740710773577554
20.034320078009486,58.12970423903802,16.151895749458205,0.0,249.52732593244048,0,46.16882624273786,6.602941121850425e-11,9.312217745657719
22.466852192456287,21.426441014135353,12.846614277921269,1.5793749732199236,191.7927422146776,0,39.67003398516234,1.7416231193378128e-07,11.514413539151878
57.370551793300145,49.28934906616618,17.49388212231562,19.861632514372772,218.00578020603575,0,61.317326094826576,0.028867384124997786,9.842639056030029
54.56359133813006,33.04635535385447,16.2411048806443,18.716181004428012,97.10544929566774,0,48.79958027815124,0.02832215932605213,10.817218678768732
61.24621387132012,262.38839518606324,13.588602250364156,22.244338780627512,667.8927508099109,1,76.6205734195936,0.9999999466547007,-2.9433037111637947
59.74032926781739,17.526424898831344,12.414465584100284,21.225795294273535,115.74944346857505,0,39.43839910456287,0.00028629867754249123,11.74841450607012
54.03897035636576,20.769701047119952,16.615748622868093,20.30715577552964,155.83177857098124,0,46.19562408877454,0.002468893313997976,11.553817937172802
47.94623350446422,145.03765787912877,11.258489732786611,13.04722738596428,354.21440623082157,1,54.856037008722566,0.9366161581964967,4.097740527252274
35.78145276144758,63.525022816652246,8.159746849993741,3.0318768074186,96.56753334011161,1,49.37456722215401,0.8799444279409867,8.988498631000866
39.711676197859155,73.73895414257902,16.097233668177115,10.485310476282443,206.28619820819608,1,59.14372189918748,0.07427852878303576,8.375662751445258
59.93382054027523,181.31018609222718,18.779209637827172,24.557677718294443,524.2520545714676,1,75.76528737123597,0.9998683326825787,1.9213888344663683
43.60912266604572,227.59727502805188,13.273517101654589,9.42322402759248,645.1296762925388,1,78.37156598867864,0.9778732692896496,-0.8558365016831129
36.670959322172756,131.16340709745648,11.341833514598871,4.729695755797098,373.3165548800687,1,51.43233656265134,0.25300547231317494,4.930195574152611
23.3578878429148,24.77674300601628,8.59246406742935,0.7410191109306525,65.43134439888715,0,25.82472529504402,0.00016564874911593997,11.313395419639022
21.588947554158324,41.56899453227499,16.293086262270048,0.19712635048653496,178.16512847739494,0,39.44049738470285,1.8479933532504314e-09,10.3058603280635
50.157529576209456,93.61327846515074,9.384841613674173,18.171726593028378,236.4517179996711,1,49.457295723646915,0.9612845463277749,7.183203292090956
46.654009997050224,208.70247581417337,12.264087990317538,20.2806013930967,539.7800241800437,1,59.38457109264236,0.989257995612807,0.27785145114959775
63.13745042048408,25.704645714650134,11.389566641546049,24.992177587873687,99.56730533311517,0,44.50183179889504,0.0006951882842410442,11.257721257120991
47.633980143788804,26.825233101447168,15.36221323809507,18.632273837933983,130.8956135443939,0,43.250249803094306,0.06844270764405258,11.19048601391317
38.5840845539263,111.41405958272222,11.712791796083856,10.222858295499993,439.6563406154321,0,51.29737181331087,0.2588072360315358,6.115156425036667
44.69409156323428,30.947930925797362,9.342194422130675,15.117353942615408,121.96014776057613,1,40.83798971346431,0.2799374641507505,10.943124144452158
62.296782159620825,24.848394143410587,8.866127052945657,25.653169145363815,163.62820391153954,0,29.05550965230753,0.0004471575105349528,11.309096351395365
25.035142490073746,67.78641632963635,8.440668968253686,5.0255385404442485,308.1305027217438,1,57.07117047822448,0.0001674980254801244,8.73281502022182
45.09611470024866,55.63182524779823,14.329910693482459,10.018548691823785,316.5401956730086,0,51.869565112161766,0.12211444116085554,9.462090485132105
34.4109104231101,45.2061396343655,16.8197198802482,4.577491576090644,98.06857879282252,0,40.79977336095212,0.0017787511324875618,10.087631621938069
31.67063174484411,18.032831498490776,11.836310334958485,3.3591239964099615,89.89645571079116,0,34.94854754915853,0.008530097390429633,11.718030110090552
50.89002976677735,18.19093305881745,15.960734378900877,14.611349147202954,109.47103124081353,0,49.63587635806214,0.003390079125195152,11.708544016470952
46.08407783641454,52.87790842827676,16.18820279838399,13.158229800279917,145.87756339618107,1,56.218302897295516,0.04279295483906327,9.627325494303395
38.13234077563631,102.40557386867698,14.195824593541515,12.424455276549088,310.88100601826886,1,52.575361654301936,0.0465084712483481,6.655665567879382
59.767067804141,33.501018628537985,12.212117476389858,21.68298254940306,230.85797335851845,0,50.662190480732946,0.0009868762043453978,10.789938882287721
53.550191386172536,148.00786003028043,12.886576261650747,17.897054688328506,432.47711454763004,1,63.2338422864507,0.9948280673472744,3.919528398183174
47.587454806565304,190.05413035399351,12.496658109184102,18.164994163601612,614.7149334937591,1,65.48193643209659,0.9932531237398388,1.396752178760389
54.910063443780636,86.02443767383171,13.78798884094728,16.382349580570967,306.21620037080805,1,61.092092225262995,0.8052497116973457,7.638533739570097
35.275184243355184,18.150695934430807,12.326398252150103,2.591150602220952,146.63838624393225,1,45.08682460650801,0.019542971516824163,11.71095824393415
30.679626834301747,52.877089970121695,15.817835430193197,4.507317960459548,238.548240020647,0,34.52051047382947,0.00018565224494806256,9.627374601792699
54.020152776267054,247.00869858727833,17.543638948614472,13.404398521911311,808.0098273509994,1,83.26868337993817,0.9996642360781463,-2.0205219152367
48.40903323141649,23.62926554079396,12.763967094754442,11.090935398257109,59.16179245576373,0,34.09241495376828,0.03065545469881891,11.382244067552362
44.13896805681704,82.31680432635505,15.969645474076906,16.066001201177265,303.4616528045906,1,59.63425770651255,0.5087330040381123,7.860991740418697
58.98206908304068,21.508801404402185,18.58642530747413,22.144973519971273,122.9010345816809,0,56.7914781852605,0.00042676755384551474,11.509471915735869
61.02545784431403,76.54364953833517,14.672180273933622,22.143919705105922,280.4809141562629,1,64.09126278294815,0.16706476704065384,8.207381027699888
59.11370709391196,131.7592144055195,16.625576161929523,24.378067176191525,411.84266740637037,1,74.09914800180263,0.978132829070872,4.894447135668831
38.90649266757184,33.001314833286344,15.596620373809758,10.369858910424776,40.69658035609939,0,54.19386034078369,0.031389804810994036,10.81992111000282
59.674234567263234,28.040510426931167,11.71642016825788,24.39397470934431,85.82428552543509,0,43.6720969618426,0.00139845312810552,11.11756937438413
38.05659736334944,42.476841103488525,15.471901016097204,9.229422833164852,134.9612438785232,0,48.72733681679935,0.054690448630955485,10.25138953379069
33.533844936659015,48.80605700451265,15.693375899346744,4.288734343942967,217.5238193150198,0,43.317671190217624,0.0013458774244490348,9.871636579729241
25.41628385622007,44.26356206827559,13.784932121776205,4.496282914184331,150.71295797821168,0,42.21932246320348,6.547505784240318e-06,10.144186275903465
56.31648524855667,246.2755172573369,11.625851613521668,20.373614295070666,729.9271207399628,1,68.00460454405241,0.999994965483343,-1.976531035440214
46.388527712332476,57.41142511551433,13.988738736034316,15.214127322199435,213.61806929105566,1,54.483553971019006,0.28386586280824255,9.355314493069141
39.217607412257486,53.97227896864637,14.825640295067341,9.545864366153829,198.10335748797038,1,46.642702725530015,0.10693701064738206,9.561663261881218
55.69081623224736,23.029433658661098,12.330105248656908,24.03060736213324,60.052483895443984,0,44.92723359163057,0.0020524092520187876,11.418233980480334
51.95215275375578,27.710948600084915,11.769644452051093,14.315531904010019,203.3258582145903,1,52.934814940012885,0.01406209157607671,11.137343083994903
53.81915095719656,53.38387540753703,18.20770635805926,16.375121312989364,214.19611081935741,0,58.388688574787686,0.08029663752920407,9.596967475547778
56.334663348460715,15.947527688335773,17.26196286736268,18.807466261731957,140.8854011812817,0,42.767338873384645,0.001708733598520536,11.843148338699853
64.29065158366933,104.57415773136076,11.527116215619506,20.42363044937623,303.3278307795197,1,65.548135310025,0.9434490586097691,6.525550536118354
40.26763680329044,89.73415515472897,15.84041932769418,8.87075209656493,274.2174593604623,1,62.24226926796774,0.2452981240363305,7.415950690716262
53.12812764807095,66.29986432647542,10.111971611296026,17.367209817524913,227.66620548582293,0,50.23312651508522,0.7643300246299186,8.822008140411475
54.57274821203797,85.5073100426854,14.595435953731842,17.014370208457077,290.827091115042,1,64.76218084488984,0.8172549391216518,7.669561397438876
37.33411408344901,26.697674513188943,12.360046965022303,10.323117192391374,180.74031853997653,1,55.504559456894484,0.05095964584795963,11.198139529208664
35.81830874998804,59.80921021762599,13.873447627179518,12.40159371196823,184.01975266864434,0,52.00411818574452,0.017639509686382362,9.21144738694244
28.156197304786254,15.323199984747067,17.351662947645984,3.385994658856517,122.09514535116273,0,44.218123191104986,3.4076310693708883e-06,11.880608000915176
51.64859567098428,49.60240026668291,18.212685541919235,20.48658610939946,230.4520786603776,0,60.58112750923353,0.04720512292335402,9.823855983999024
25.907980326164818,31.09148188354637,13.33634590668392,0.0,167.38578933183737,0,33.23980757849381,2.9197790580851342e-05,10.934511086987218
29.97606505390308,122.46509184668604,10.548909179714347,4.156368227581721,277.87010127125586,0,49.82027074581026,0.0018286481703136046,5.452094489198838
30.731222673089444,98.98433974834843,8.688472054168358,6.073913354516659,373.0441791317748,1,59.98573686557581,0.06381960436812097,6.860939615099094
52.456027222081445,68.27681840194874,18.306909834406092,18.661811569446016,244.3690598345437,1,60.117926336214445,0.39060887080699996,8.703390895883075
45.781211288454784,81.86045755258452,15.098392569161726,14.131687740088687,193.44698286572947,0,56.4969694224426,0.3955472772983614,7.888372546844929
54.99512189652124,45.343473579984625,16.485770542601536,20.547421101207988,128.32476462958795,0,45.35327807784322,0.030922373892319287,10.079391585200923
55.40868021386832,77.72194667185873,14.348790092941977,26.211472382140162,208.81051890056247,1,61.62458272973793,0.7513494879090128,8.136683199688477
63.58748861552108,157.08920949981547,12.979031959547942,26.166931439560127,449.26289558165166,1,72.93438581555952,0.9997505068572404,3.3746474300110716
32.612481868492395,71.2035789789813,14.816720345982986,5.921419955814092,238.09201398976606,0,44.87085332291783,0.007534038292076969,8.527785261261123
63.982647319839515,85.30480161097915,13.826117486432583,19.65623847731681,255.4629508897181,1,57.793008645054215,0.7768561008341256,7.681711903341251
39.128084402979255,68.25495820176107,11.392281450831504,11.843127886726347,267.79838710486024,0,47.391467213458526,0.1784578057137281,8.704702507894336
24.684937433062895,24.288242505885755,11.727182927814031,3.365689990739053,46.729338576806384,0,33.472239140696004,1.8741409579096427e-05,11.342705449646855
31.124837128385657,500.0,19.547100989688587,8.176687405998837,1000.0,0,110.44195791070786,2.6692586668233305e-08,-17.200000000000003
39.27789975485578,90.75888738804761,13.539433404222136,12.210572983552744,344.6549396185826,0,48.70490410313173,0.08144880271774343,7.354466756717144
27.62451736167212,61.94514918075539,13.35491927482314,4.132152077016741,243.7525443517116,0,48.69783152622023,6.185636826071387e-05,9.083291049154678
60.40054071148503,75.61326935931565,17.602174027130644,22.995188890667738,262.28593509867574,0,59.7787263229412,0.20158389997756268,8.263203838441061
41.37503169819035,29.937189348200302,9.701906494687185,9.487246128890138,135.85063863799584,1,43.343270178950334,0.5891673431502519,11.003768639107982
27.298373634119482,40.91546066299618,14.041648316442673,8.877433659611253,144.13733320043013,0,43.71766196498928,0.00016024309488822243,10.345072360220229
58.62720234956685,43.61954872971594,9.86674684956243,28.658571293002908,136.7775722232849,0,42.313748500863966,0.012621460740837415,10.182827076217045
37.68730086401896,30.72618062547969,20.0,12.088280410447243,215.344007462371,0,53.40165279456972,0.0005102877015857502,10.956429162471219
38.5191297854923,83.2397998155968,12.573121403167498,5.592634003385522,210.31511657761254,1,53.041924713165834,0.5991469053044812,7.805612011064192
20.76006882592816,10.841940072437616,9.633377562325457,0.0,113.36424060221032,0,27.677581550238536,2.4747648617633765e-06,12.149483595653743
42.04812652238504,36.48937563293324,8.2117704680213,8.569577708619576,37.84084193876957,1,41.384837509532375,0.9543850148728216,10.610637462024005
22.536259667492764,35.00797986684816,14.028235581649101,0.04691510484568284,207.21386437101398,0,33.99702272380955,1.058989288049158e-07,10.699521207989111
45.59555362516454,61.98672186921517,13.81412434660491,10.26888991197854,168.80189000958262,1,62.95015705698705,0.3537790562764859,9.08079668784709
26.398435571748394,90.6738199848938,11.945837034136648,4.970141672577369,179.45806999523313,0,46.43331073594181,5.973043449237336e-05,7.359570800906372
47.88753014881408,19.70515952446551,11.043904020709933,15.01784426769785,84.52167324848557,0,42.587421697140805,0.06329017255166368,11.617690428532068
24.415680537668933,186.06106939827941,19.602812736964076,0.0,463.95057772959706,0,66.85211022797544,2.5023615802918346e-12,1.636335836103235
58.62717469597774,32.51398292246305,14.904240618903106,20.350211616848206,169.86954864604854,0,49.01501588193558,0.003098553241538694,10.849161024652217
22.824163508262437,42.82394423692007,19.306914459272065,3.2013247982925064,143.19619464246503,0,46.926450420594335,5.445601767500888e-10,10.230563345784795
60.48812552952303,48.50222723404793,8.136505678347635,16.362252785171478,211.3347474818641,1,55.85322823742569,0.20810454280814128,9.889866365957124
51.598256363828824,58.14455397329728,14.026615994103103,16.884152976161594,279.06304602493935,1,60.14849167737225,0.3376878587153488,9.311326761602164
51.03884935002924,196.6412308842,16.64251488917321,11.875683036480709,656.1609679939064,1,73.60283400531112,0.9571780020590526,1.0015261469479988
22.064103812238336,103.24625216756256,17.616200999925073,0.0,181.75498236968136,0,43.8428201763615,9.679895557567512e-11,6.605224869946246
32.30798123230077,19.307114896688272,12.394227827298007,4.55059874423764,68.46531214711624,1,48.46480039542786,0.01528727540178532,11.641573106198702
42.39062356562923,33.80303052410828,17.83044066903212,19.115965928323508,174.972652702705,0,43.66967697322695,0.0806665730103415,10.771818168553503
40.73557423868597,17.4360027191929,12.37416031413001,11.809844716197041,70.81201898196969,1,56.86356211670514,0.0368460018352623,11.753839836848426
41.60208800242138,92.41482592217294,16.77500405385717,15.847266299385844,388.18712302815976,1,57.66083441329195,0.26002241893919315,7.255110444669624
29.112048230546893,69.39402959566294,14.18729520136927,3.0005978107576876,265.2941080591321,0,40.22295756642267,7.676365814761e-05,8.636358224260224
40.04963556004731,120.08647276851772,13.270289205421584,12.096960031411752,388.97474872165344,0,54.35404435484406,0.12114831613488085,5.594811633888937
40.91807855988068,116.83384812666084,10.676678789015883,9.116478264891029,345.66668204232354,1,60.53708950487087,0.8965385663466894,5.78996911240035
64.41240727886104,74.88595837042323,13.81228035550383,21.612081852444206,325.7886145043243,0,50.186527851883916,0.1512429130353466,8.306842497774607
41.85017075629297,129.33269682500583,16.206585784569146,14.872230980974805,422.3698479864348,0,57.07786375424257,0.21929356425199842,5.040038190499651
51.9402688514486,26.496421805209312,16.673204820659095,21.922353577733464,162.3958645236356,0,52.548518388817975,0.003843532172952105,11.210214691687442
42.8847108517721,151.54059402642724,13.783586633890385,15.804847913856019,505.07487642297485,1,67.62558302880248,0.6823744336883708,3.7075643584143654
32.82665147009696,57.435304798037755,12.034108179299423,10.29738090227925,230.2118138980139,1,50.38006074246747,0.017557375283178883,9.353881712117735
58.8458678813037,144.157897788089,16.133182520648376,20.03569470368984,393.18730169163734,1,61.92846562010694,0.9923112202145116,4.15052613271466
34.69661262483282,18.81933599373459,20.0,9.108581472452236,59.315353974645795,0,45.30281813909941,0.0007677755158567818,11.670839840375924
28.37776047208816,26.42711321136427,18.444129124316987,1.622505736555973,166.99622179619078,0,47.35969839080769,7.975174259669376e-07,11.214373207318143
55.616163694957564,11.11890303141534,11.365155076373869,22.457892165956306,100.03267902056803,0,43.06107985286884,0.0003000785453184092,12.132865818115079
27.267398678477534,143.89049289118898,12.005647380278363,4.471710884044114,390.7137801096424,0,51.51983705186651,3.906781730473976e-06,4.1665704265286605
52.93315949354008,93.62580406322854,13.9899436275097,21.506194930107448,282.84002308086417,0,46.8374709456568,0.5443264298171854,7.182451756206287
24.048518832626936,52.188828801254864,16.044813965165563,3.432168167074643,237.29027227640046,0,39.84734243890753,4.103166939223848e-08,9.668670271924709
23.35308229185098,65.54132435432442,12.768332689025863,1.0150566867956896,198.51474570302474,0,39.363425121293645,4.260899974445002e-07,8.867520538740536
23.609034778419957,56.22373294271412,17.95001771141144,0.0,214.28519127084945,0,37.615273418315425,5.5455305953907045e-09,9.426576023437153
49.027409092494025,34.60949717235072,12.616545524145353,17.29927971041737,160.05535367265054,1,56.08343746902247,0.17459408407744711,10.723430169658956
63.009995032194304,172.53035376701172,18.11605397820312,21.70478345729996,500.06530427411053,1,74.0745263638128,0.9996692451554536,2.448178773979297
56.25926004806337,12.274438202188845,11.525040895605636,20.23190099903452,110.90937573213604,0,39.82603410973691,0.0009635353832246504,12.063533707868668
27.22967438358286,11.80233429680063,16.3318194165663,5.042069171334909,86.10051497057536,0,37.362465961674054,1.5818062979605756e-05,12.091859942191961
37.48548978813304,318.81147219962776,11.908574962413056,9.284919800339287,822.179844061213,0,85.73338328648948,0.4797470978220968,-6.328688331977666
45.069246915988735,54.39576275649725,8.886699849810597,14.489108425376036,228.08769888095438,0,50.71818019354468,0.517471113352446,9.536254234610166
38.861643367471814,45.91849270523261,15.038867480701583,13.475849420487279,119.81126027566337,0,46.19928264314991,0.030922103643282607,10.044890437686044
49.92852385990948,146.83207237755343,12.213157637524462,18.34102766896801,394.98703309161317,1,55.935618846844235,0.988130812039214,3.990075657346794
47.89930307498949,47.09387268202983,11.630870108921272,14.35343660426416,198.6351587155389,1,59.81296210505743,0.17138590208999682,9.97436763907821
32.347084577199,67.34520594198914,8.589486480443027,5.064127267645636,223.88582088986004,1,49.8344691709956,0.3728651520920211,8.759287643480652
52.91789576358181,66.4840965229479,15.118059381695776,17.71918612762697,222.91400245661174,1,56.62835174343762,0.5439739539465779,8.810954208623127
61.96963521705702,19.689009493402573,16.251582729368543,22.844932964596726,100.02092906074728,0,43.16222775455598,0.00019720493718998358,11.618659430395846
56.36491715343834,32.73460458278952,13.509501251348047,22.113706908105385,201.31117805906158,0,45.06381643662372,0.0018997530486204214,10.835923725032629
55.25302968589614,155.86884048377354,12.111414475051943,23.96490662057621,411.97405128829627,1,60.56597023000069,0.9838731654436488,3.447869570973588
44.64979904586417,93.14558018713491,12.942008744407797,14.488502894156735,234.73412171304122,0,50.233631644112336,0.6717590495159949,7.211265188771906
63.51130600637823,68.69844925075957,16.833109954215534,23.901487817364256,307.46297447309576,0,58.29601178859973,0.12038388899430694,8.678093044954426
42.87652797449684,93.49407824239083,11.010590498510933,13.400967517469873,231.55495971518968,1,50.909485822957784,0.6423242590271928,7.19035530545655
40.70435614926001,88.46504889656205,15.182771326031652,5.254579281888339,335.81839231957775,0,58.32018264459189,0.15244469817906656,7.492097066206277
27.867824770304747,212.0852644648092,13.074488472388385,1.1390490274954437,578.8671569034494,0,61.25827238140632,1.9546541783798824e-07,0.07488413211144795
54.30579152695417,30.59298573482355,17.211506054481447,16.875341699308827,176.59579197178425,0,57.024740213317585,0.012500957715560911,10.964420855910587
54.29330376077544,155.3983210933077,16.947338357230052,22.8673630514311,482.4283229062662,1,69.63606358958606,0.9672755138092728,3.476100734401539
27.066828411693162,54.14076742821344,13.371425485422801,0.0,189.1172191171671,0,46.92683780369182,9.240932781434236e-05,9.551553954307193
30.54596222387915,19.713209333530457,11.699373772326918,9.413025653199513,151.76935552363832,0,29.537321578602906,0.007283661634946186,11.617207439988174
37.834193721552246,80.79106022600106,13.928981694586923,11.673692084512533,320.9187880101078,0,47.293373721580714,0.04229961138243465,7.952536386439936
45.11731841939107,24.358663122152564,13.160742772588744,13.624962897907492,32.42926598091901,0,33.248412409862766,0.04046241076172492,11.338480212670847
29.290919438992262,178.83534435145805,10.559105208783532,5.907547171379672,475.3106217815997,0,53.22636499162119,0.00015283076256497743,2.0698793389125174
57.00077863522428,51.530904905678874,11.445558448250615,16.916430307902836,171.6737755685863,1,60.94541421491266,0.2706487669073931,9.708145705659268
44.8827473243998,81.99123854534872,14.35722615246407,12.190578291849361,321.4315089637705,1,55.988444713564114,0.18074801113206043,7.880525687279077
58.11503846050897,43.04683969477701,14.85152992797446,22.181108475093016,186.3044839967817,0,53.71863171308793,0.005388828312412404,10.21718961831338
63.63378981417754,33.414129874645674,16.305593995622655,23.104100429703283,163.66974553149396,1,66.3413528164339,0.0008834695076320112,10.79515220752126
52.40834574438052,67.71834246453567,16.193447346563676,15.55902984140621,176.74790062199514,1,60.99578210568974,0.345873982565737,8.73689945212786
31.896445665055445,79.28218184740746,13.100545072994736,5.385981831809808,234.70723208978993,0,48.381428781573256,0.012087015108598147,8.043069089155551
25.891994501326753,74.5464623204815,11.651325944779131,2.826468422191504,304.7857807516674,0,44.66969932788417,1.3176165964790072e-05,8.32721226077111
41.45237726235409,29.886713308935644,12.119715921333595,16.66280730056211,178.87053925212294,0,41.43078637427517,0.20467150345292584,11.006797201463861
61.07260193596005,56.79741925265553,20.0,21.677447511053646,185.2579409544917,0,57.26408004879316,0.026982398739757114,9.392154844840668
51.680113839313016,123.606316142878,15.285488669716491,17.074712223514354,427.181275824693,1,73.50247110628587,0.9462642118640882,5.38362103142732
37.5406177380018,10.583550558342667,15.551691393994949,7.4589212862589385,86.25705437556977,1,44.17173307561863,0.02829889394323837,12.16498696649944
49.65780876767031,20.061165573834312,16.669887503857385,20.937250838813647,159.27926031502608,0,41.96152430268605,0.005275388685452158,11.59633006556994
46.87855061257546,79.76514097779112,11.384350655646692,17.015802458522444,307.29233931526426,1,54.811070191472545,0.8492298289373287,8.014091541332533
34.319702431200916,118.66470973228557,10.990397601883032,4.884433455868051,434.7679765623009,0,54.617687500871256,0.06444742499709309,5.680117416062865
47.01936325167166,11.845627539411915,17.31322659919414,16.332624293000848,93.35386818722085,1,58.47550588094845,0.01583448465350368,12.089262347635287
22.299922026690176,32.95345177420095,15.462581159341667,3.686357114923898,130.0037179388941,0,40.22306306681376,1.3700977099425244e-08,10.822792893547943
48.47222387597801,44.6999093830578,16.559322212445423,20.53896400245386,155.71883530672181,1,63.26128133709258,0.0716525192018868,10.118005437016532
21.562330438197964,12.15457341439875,11.132207661797668,0.7217605599140329,67.22055469591766,0,40.64772898847343,1.147221385685975e-06,12.070725595136075
20.079149940190796,17.14119478621629,14.183828775557787,0.0,118.06632373527579,0,33.869712627069525,4.312639086119844e-09,11.771528312827023
59.31074907042214,25.176721412953928,8.0,23.932670672529408,114.2420851738392,0,48.705742067409666,0.00045879618115165913,11.289396715222765
44.110671693306365,10.658249377916784,13.6586606870751,9.820658543451053,53.12286592698685,0,39.33141374443085,0.042473776968778326,12.160505037324992
41.7824667464689,26.249702562054615,19.77768621115959,9.025390034267325,182.9878531812752,0,47.543721625427594,0.0023550774113063866,11.225017846276724
29.067696163659885,500.0,15.993920657184265,4.834354147719653,1000.0,0,99.14667196617889,2.2035401300288425e-10,-17.200000000000003
25.96178167158572,170.94063946861675,16.008348349674257,6.945945202716759,502.0091153582621,0,64.67186865033183,1.866868978315652e-08,2.543561631882995
43.32156068041888,52.9906052657449,14.491921848210422,11.15124972483294,288.1295453034031,0,46.101727459936725,0.05127160216357132,9.620563684055305
25.3708573081031,15.454211928779072,13.955031790519849,3.6018707721891987,108.0684683081972,0,40.79598272301024,5.161791728601886e-06,11.872747284273256
54.09539971425349,13.456818351966252,10.189548439468307,14.29761702240108,198.8429522418574,0,37.54948406005974,0.0033112558291359083,11.992590898882025
60.15383968699693,25.641171571841795,13.729404172297185,23.04055522442272,149.72400374009163,0,43.04075893488735,0.0004411301870794502,11.261529705689492
25.01885577962844,32.75163153795279,14.430070738308697,2.318869351760606,36.15314971328972,0,33.77764896189966,1.9096798625020653e-06,10.834902107722833
37.727193124181035,18.19899951439167,15.383665826193301,8.438132701645415,131.55383245971387,0,40.44783104158697,0.029256384025026155,11.7080600291365
29.37624403031219,22.037933720400535,16.806558824311047,3.8744678199609854,92.76641799673462,0,44.94704711623456,2.510133573009557e-05,11.47772397677597
59.03661817447935,18.312111901420426,11.069572079434547,19.94410921962137,149.90671140665617,0,48.47717533225289,0.0009444950692057139,11.701273285914773
61.6737035624824,38.27507649383869,15.012114099119202,23.664146797596626,166.1145275076579,0,54.14727841852596,0.0025955822259267894,10.503495410369679
25.368789903175784,90.7625739982741,11.765105561162184,4.732697600831409,223.9206989501694,0,40.16470804477623,1.0819139706021981e-05,7.3542455601035535
36.13648117571354,152.41971917437823,13.88578888195326,2.4565786218435965,424.03380406685534,0,54.94765936077385,0.007086126257698462,3.6548168495373066
33.13058540738083,10.0,14.960380399573284,4.994353208314241,118.20960938323886,0,48.265422004895825,0.0025188845165982072,12.2
28.049525939720038,94.64579435242626,20.0,5.012920206413828,337.2759755987197,0,58.256848665902446,2.3944608415795944e-07,7.121252338854424
29.324105306317907,84.09654862891702,20.0,1.1920882921849039,230.76525014458838,0,52.29374151425155,3.448767036857475e-07,7.754207082264979
42.95484059175786,108.85622138620221,13.272894085778145,7.381519234893018,347.6900830065488,1,56.944836239892624,0.8584958931657517,6.2686267168278675
39.56484549970082,66.95916300808786,15.503308342822502,11.827505825530036,193.4785526109943,0,59.92614831406078,0.044546990936487105,8.782450219514729
22.13865077290616,47.92746157293421,17.608243456911065,9.066420336911817,136.09435238416086,0,42.328287035974206,1.3776335744445116e-08,9.924352305623948
46.159933232838625,235.08463654731247,15.558942818729072,12.385323631479068,652.4013863992694,1,67.92331431470653,0.9625697385401487,-1.3050781928387476
45.98707777936845,18.993617885284756,13.273066607097505,11.37624571501355,128.96371619191441,0,39.636600830494494,0.015509356383673597,11.660382926882914
64.44598056197701,20.184190325522685,14.706856592520127,23.287249900831878,98.74367308218899,0,47.33834630998495,0.0001495638174367338,11.588948580468639
28.231029164953583,110.19116777208885,12.736041592374868,2.384979533747361,390.92546163553715,0,56.90644200309469,1.7771342331993614e-05,6.188529933674669
26.74203243554028,50.221711903319346,14.085646335664512,5.54776245725192,145.68756189815264,0,42.53655347426748,5.663335544718968e-05,9.78669728580084
53.48519148541974,30.910939133805883,14.069907493185429,15.62076938292078,140.32091566499946,0,49.865656433268086,0.020974800052836303,10.945343651971648
24.910519772987623,41.637480633725396,12.175849129872347,6.672359681954013,238.71807086263675,0,39.3315624795792,2.902646267630924e-05,10.301751161976476
61.576084060531976,27.246491186498016,9.994116496618858,23.305586377210822,51.4632681324435,0,38.64244761171209,0.0005606728297895444,11.16521052881012
37.5129933631639,22.625468390498973,12.781047091776099,8.245537008802575,138.22468453952666,0,40.06285385739152,0.16638733882675574,11.442471896570062
61.177723756206724,99.444640041809,9.093403433367053,25.979856608284177,319.13685418970795,1,51.642392158942904,0.8136706078994544,6.8333215974914605
23.87349095396197,212.56494808855106,13.440271720234172,2.206802068974295,508.71304746489545,0,74.35098940616861,5.5510218887844954e-11,0.04610311468693595
22.82069824106485,31.572269505354633,15.477618929764626,1.0746318355549573,117.57609577645835,0,45.54750505844606,3.099267694714442e-08,10.905663829678723
35.07312807398356,26.229155643194005,20.0,3.9094582833441036,19.77715613409987,0,49.023834823879994,6.951815780471701e-05,11.22625066140836
36.06620766510796,60.853542259102554,11.371283032919232,7.2248496275129135,138.8310835137413,1,57.82865432639706,0.6439341855840928,9.148787464453846
62.62236681729877,209.46603454893625,15.891842016686656,25.589367988475974,603.9205135407353,1,73.77323635300365,0.9999988295195197,0.23203792706382487
28.037882671216295,56.612497412940535,9.712959195076344,4.501852539578798,197.64246735637494,0,51.271696544792846,0.0036140082485283166,9.403250155223567
33.55594358688211,44.038446434386294,17.061221459347976,2.4754807559452914,143.48598304476945,0,38.21110967332088,0.00020671768315356576,10.157693213936822
50.973560396205016,95.78617838079747,11.54806814134542,16.539326167809993,311.4883044521377,1,58.698786622116316,0.9364332695767441,7.052829297152152
54.77658475468321,116.87134724788869,14.697336172935719,19.6080025387023,314.9186233243135,1,63.7431508602474,0.9441761143968954,5.787719165126679
21.671541683079376,34.19493314643595,11.160067149335124,7.29864435286636,84.86729316958974,0,42.686524272768686,1.411769608606319e-06,10.748304011213843
33.90742709433001,109.02715843616231,11.964988095622221,8.690733481136608,236.56107318155182,1,55.405118383341424,0.11942303218064583,6.258370493830261
24.02019322568293,57.47121635665036,11.713428551751385,2.7063989638915187,132.35642316640582,0,37.191753897123036,2.989874970522758e-06,9.351727018600979
45.07747016768153,23.272194060610605,8.907110202080807,15.996702265644547,119.5986570335409,1,51.86717163218119,0.27292333123360085,11.403668356363363
44.4678758461454,87.80224017033058,11.686955287607583,12.991150324265792,357.66118660286736,1,66.71396938298683,0.42381240277293536,7.531865589780166
45.41279726164238,28.12444040446192,10.545566192974924,15.413153323633951,141.6062053191665,1,56.249654661480506,0.1751654111881991,11.112533575732284
47.885894872533356,125.10506195950889,12.034397985346764,12.722235844332555,345.6222292950795,1,64.1269356424959,0.8180827732271893,5.293696282429467
57.05574356389261,41.943230147340685,11.168163277662899,22.2916480476847,264.6262989878397,0,40.58521869737793,0.0033027657402504,10.283406191159559
60.717338283543924,64.7765872281682,15.144928917784606,23.463981664800052,297.40590626327185,0,50.57432118782617,0.051154536307710385,8.913404766309908
35.78792617881213,53.00768796394616,14.93630919419418,4.6226912948532135,242.54359143496288,0,51.56907836242498,0.010744213160110816,9.619538722163231
58.20367319291462,33.09794166687205,12.212111224365184,23.5512922145047,108.45698889317073,0,49.7976821650034,0.0022932106965605444,10.814123499987677
57.21450870465055,10.0,18.16532258676638,19.625506088673006,135.15815361154642,0,47.392698707529256,0.0004172150695523708,12.2
42.15579529829197,26.51828551017076,10.741670967874734,7.950392580205071,143.56572380923905,1,51.967700173065715,0.6292147597146474,11.208902869389753
21.020377627702047,24.26371429738529,9.169875716695689,1.9349799502798133,200.8420334529696,0,32.7745336692402,5.071520488402873e-07,11.344177142156882
55.720819071812784,16.671224770408617,11.225140423721509,22.200547867113478,56.38056799971244,0,42.54555702294101,0.0007047980136405932,11.799726513775482
31.882697773901832,12.834680748556927,13.86336808509328,4.1528252578069,81.97848908800006,0,39.898085719817566,0.002279708410112198,12.029919155086585
49.020604521194166,84.54185677536138,17.767468814798335,16.100109555595242,292.97800123718747,0,52.86357544665597,0.5365221549991921,7.727488593478317
41.86234707904561,42.6502672017532,13.915662039268728,12.825473732916974,241.1013019982869,1,55.58220273979477,0.028343299452745413,10.240983967894808
51.87554872228769,10.0,14.162598653442547,13.11933491741544,132.86303434372354,0,45.31020638120416,0.0008700715546438973,12.2
20.633991684106334,83.24156378536915,12.735503534059635,0.0,300.184891625305,0,37.49171991433628,2.2714625864596724e-09,7.805506172877851
48.732668290321456,10.0,18.4687452162121,14.048615300278547,57.964697036023615,0,44.9366546732992,0.0010095086569108388,12.2
22.659648764927795,55.612447694895245,14.148717774602314,0.0,167.30113599086764,0,43.08059611652329,1.0004956756699492e-07,9.463253138306285
38.71178553673002,40.83265002839736,17.081407115110217,12.513592975493896,222.67622498755077,0,45.073879327474785,0.004122552792453027,10.350040998296159
50.22429017289832,75.27530816476514,15.070184789653114,16.618242461820433,267.1104179185417,1,63.141582936954336,0.6617208704308889,8.283481510114092
34.48482921452354,105.60775000396835,14.82414509839463,11.51791554104022,279.2227888583212,0,46.394086134463834,0.004953904986704751,6.463534999761899
52.04678504330773,155.14886126176955,20.0,14.799415100596471,466.3313365683853,1,73.55670761556931,0.8339887644734463,3.4910683242938267
58.79477224757696,99.45486038440916,11.810075615995544,20.09592607423947,293.1753247098389,1,63.844504930162785,0.8650644608270627,6.83270837693545
59.42361906614321,41.501299174977476,14.949320063158995,23.828450875376724,104.4320973236774,0,43.71037790457183,0.008534814296505133,10.309922049501353
53.911029721174884,15.974137811914735,10.825471543914983,20.961202816263402,127.0072055641856,1,48.09988651972134,0.0015469348623250937,11.841551731285117
63.2205513219162,48.85259728903847,15.150396175071206,24.92071455882205,187.12510041311472,0,57.32974277006561,0.024104390391400138,9.868844162657691
27.72099558338935,71.05886390086415,10.096007944234398,4.323594346088734,202.70841200063148,0,44.07614109214702,0.0015382801369561159,8.53646816594815
59.35728317224451,64.94848503442275,17.05038702680842,30.290621467643813,288.1472819270646,1,56.714215578030064,0.31045658415935196,8.903090897934636
55.124580162402026,17.6408487152632,14.526861804602111,22.21319792066442,104.92531386483802,0,51.129888644830224,0.0007897838613040361,11.741549077084208
41.065627604603435,64.52021794460457,12.420013496845199,12.64921945760213,198.4050593407247,0,48.42594938606764,0.18527283074555537,8.928786923323726
48.48412606043184,41.28086726997049,13.831262193561248,17.89618518800156,224.19245384261046,1,61.10405373501237,0.18239135011809446,10.323147963801771
53.63677809350499,250.85340269822353,20.0,18.03853600288819,739.0330315924175,1,77.95320253110891,0.9999827308133254,-2.251204161893412
26.98785459185803,77.84895386583902,8.88192709132058,0.0,249.61386455873685,0,38.9823824385934,0.00621438001875117,8.129062768049659
25.524887433088832,61.03441435943182,15.782688194578705,3.678707746329521,179.39312673987163,0,47.375579041272985,5.756750803633607e-07,9.137935138434091
31.309858052154638,142.76326801894444,20.0,6.960871325396231,403.6564017525091,0,56.780981238020495,8.108800523358938e-06,4.234203918863334
41.94983549288712,271.136668853267,12.00859588176785,7.219481059656084,752.413748858056,1,70.23143372765007,0.9948315793490085,-3.468200131196019
41.72258374265924,125.28522984466639,8.03599047825752,7.981042287448355,338.6125679570431,1,48.24186370546607,0.9941633246230785,5.282886209320017
62.40546515657661,39.582489784074646,12.110958347387864,21.709937557716056,245.17741166322017,1,60.04564184263044,0.0014537015949445398,10.425050612955522
48.267013543456045,65.49832779675127,10.586338597939042,14.805338567123554,163.39708224522096,1,60.159521678929025,0.6878200109910508,8.870100332194923
24.157812356134887,86.55007981677045,17.256821847969807,0.49575929166253985,206.6358943075409,0,42.9706200394704,9.088011712030603e-09,7.606995210993773
29.3709368572976,30.604169923339036,14.243627231255333,7.146192613468313,170.19800304912255,0,44.123821084740236,0.0012394341953139718,10.963749804599658
60.24766727440315,167.04483724183382,18.521418131280342,23.678128761005723,451.36129168536166,1,72.54557416152042,0.9991669872880072,2.7773097654899708
52.498923993901485,11.79325152087142,15.461873550896915,13.444437017244734,83.18441176435351,0,54.88729785913687,0.0007234984051280238,12.092404908747714
20.912703321879857,34.432851401407035,16.479847288903358,0.29251922252204554,160.50176874242754,0,41.22029265093295,5.864895482498498e-10,10.734028915915578
64.6985334600886,21.178903707359826,8.0,24.50355907782705,203.62601172480618,0,43.32234643442447,7.733279035061403e-05,11.529265777558411
60.292371429138925,43.714626723704605,12.407917891784091,20.80023811295939,250.62881382040922,0,50.026460807417905,0.0056876722849825995,10.177122396577724
47.825598947966824,38.10104961849983,13.160788442094738,13.239722060322805,159.20541248400664,0,51.59417312656573,0.03704193099175171,10.51393702289001
43.493924476262,50.45741266931183,17.362249363798323,7.26013081461171,164.74397194295577,0,50.89665376240767,0.06872085436544607,9.77255523984129
57.87792815015696,87.6021181005633,13.96183333412321,27.31380911630702,271.09599256329943,1,65.80002158963126,0.8743863429114569,7.543872913966202
37.94424525062834,28.722045771191652,8.902403917719646,15.232457249315598,27.220458216023133,1,54.773606890469026,0.31997044354097054,11.076677253728501
43.61494739425763,69.4545281576011,15.194571641500417,7.58518422357186,176.05631408813358,0,46.732567572260784,0.5389280601679476,8.632728310543934
47.96190572228086,10.942048115001553,10.341430474759445,11.917520068195598,134.1910182105088,0,34.43984495582164,0.018221807397781634,12.143477113099905
58.466569374846344,65.46657450958311,16.458187826378257,19.97076636877312,250.37473595981393,0,55.997501102335654,0.14754862777993813,8.872005529425014
46.46902936367694,90.64709087573804,14.846189576838986,13.131316713343601,166.2225043057187,1,59.1308795376887,0.44584654717978445,7.361174547455717
54.642563325909556,67.97215179939573,12.480300112574396,22.349219956251954,241.79457859906424,1,65.15652640375572,0.10439531347709612,8.721670892036256
21.550136316308684,78.40332565786203,16.126464678460312,0.0,172.71219155699328,0,36.10479686442606,8.267866564160247e-10,8.095800460528277
63.38057411635531,66.39297868735808,14.80007844068114,22.08778826431371,227.38282858889724,0,56.44661738190115,0.06984366863312394,8.816421278758515
47.56413967509583,23.461396873450308,10.924089616919769,16.816628053430712,132.4542551254707,0,50.45110844986271,0.14883272879228637,11.392316187592982
41.7447912076958,15.514514325698824,14.135808613834982,11.242240622940002,99.4615396005533,0,43.53902580983079,0.015662841296911215,11.869129140458071
28.03893743360176,27.92041935583968,18.309319109661956,0.0,274.1417618799658,0,53.85375420045484,7.363015070823543e-07,11.12477483864962
43.34001878168021,54.191876025952965,19.504487356643466,12.343358958452011,148.82084318273888,0,52.13569140760469,0.008161954590622491,9.548487438442823
55.8713255729428,14.58729454250862,9.347049135605326,22.285571875091318,66.55816852393181,0,34.443320476891145,0.00046776036626197605,11.924762327449482
42.899929125836906,21.73019388475122,9.922484699097176,14.156248502886031,161.95902326120012,0,25.165566546307765,0.08827547800486234,11.496188366914925
50.82401770788917,20.0508446508622,14.948075338935553,16.891341993147343,151.1341360224301,0,56.69210061254622,0.02085745555087086,11.59694932094827
31.424624490251087,53.99338176196959,11.333599214781827,7.904105543986052,157.13238204245073,0,36.807528159031264,0.06787742491216094,9.560397094281825
54.462589336212154,103.02946010733793,13.63556849374211,19.858466986072937,282.7149550227483,1,53.745459640769944,0.878922855220932,6.618232393559724
23.027223339711195,21.104042139771213,10.595385360784327,2.013092423356745,169.9192193651369,0,40.9827157585879,3.4727954351570692e-06,11.533757471613727
33.03686306502509,16.104890345165664,16.72658345335196,8.063758356338486,170.57047169651582,0,30.64716441361553,0.0021438788770696657,11.83370657929006
62.12619251634399,51.49800456806178,14.404851382539755,31.80525753815281,270.9011242887134,0,50.53334961973635,0.008937947107670522,9.710119725916293
45.39716683673848,10.0,12.219786253436027,17.41335695307027,119.99609421226715,1,45.11488790871064,0.07674362391586691,12.2
28.83387430847951,64.5084231129363,13.667713809901908,5.080251543033743,298.22020814716046,0,46.10226077283939,0.0002540642264298349,8.929494613223822
36.216019095718906,16.73549287480253,11.619384970667916,8.34119504829269,0.0,1,47.001887001293156,0.34120392008264466,11.795870427511847
62.24726644087207,23.82670494074976,14.745413341002328,21.394714060046756,85.27349726003777,0,35.68491727200285,0.00040211453296516345,11.370397703555014
44.186812211683375,20.882180574706545,13.685641993499164,15.149459885864122,59.22154564420072,0,41.24494662413983,0.06605878279491142,11.547069165517605
37.213998120429196,30.205298607966643,15.193851599511945,6.67368023032485,218.68532604184475,0,43.217632034588064,0.027644183101481323,10.987682083522001
49.39572146095048,188.46695246653536,16.64677026153759,18.371330002283603,510.8588366122284,1,73.41758788566538,0.9960694867547868,1.4919828520078777
40.09051602103496,56.335161468555405,10.262906972104307,11.282525577267146,87.99078178506268,1,43.41475167835633,0.5077360152538111,9.419890311886675
33.81494120442185,51.54038065683966,19.46763217367806,0.5553266783018165,186.29863586548325,0,50.73081526730913,3.0669622203011614e-05,9.70757716058962
23.092722375420777,70.72885510978513,18.68358643031335,0.0,247.92980986581134,0,52.945737053465365,6.716061483318303e-10,8.556268693412893
57.5757874227357,19.251669702489664,16.668561026554034,21.549882767067015,112.48413086790113,0,53.7704335384185,0.0005228423201490036,11.644899817850622
61.505942105962745,119.8506878308832,16.207583010367113,27.073419783567076,360.33707951070454,1,64.89489076688314,0.9952765570658461,5.608958730147008
62.409388293757914,81.0941375199925,17.858114663287353,25.10088317941028,357.5731193491854,1,76.75813875556314,0.619800090190063,7.9343517488004505
35.8063414944606,12.564742182151784,17.319650480811,8.467203033192579,116.59990661593126,1,62.760526944051534,0.004793040973959992,12.046115469070894
50.247909640467796,14.122497477385862,9.78524382827624,15.752837035101228,148.61944338806924,0,34.69018654934932,0.035646828963384884,11.952650151356849
52.951257135171005,30.400128602809982,16.622650193743038,22.654764780134943,108.84460333523982,0,46.53635984732036,0.006063143311360053,10.9759922838314
38.981667088371175,52.12226187896587,15.171137302534236,8.175667414142577,139.06456890880423,0,55.446602485568874,0.18319986862063223,9.672664287262048
40.27428973548805,153.07513561007346,13.552432657969552,8.550121679517714,410.42023198824586,1,59.45256802541611,0.6150652178299529,3.6154918633955924
20.562933926577163,165.25717484922592,12.223459750191935,1.3204467643605284,512.4190852197427,0,57.547614865857156,1.463603419452667e-12,2.884569509046445
60.989000373318596,50.98250377337912,12.044868446252742,27.4551232256224,220.4082161322317,0,53.5306133208684,0.05153915112709819,9.741049773597252
47.35941710537658,34.01062244174125,14.713764199919844,10.985945973836367,162.77285344621754,0,53.78754778588748,0.019462572739000834,10.759362653495526
32.89182850205464,117.68726538823884,12.042315569753303,5.968245518008664,397.15977105818934,0,44.25932569413114,0.019478993426670886,5.738764076705669
41.72903347536101,116.12311441178966,16.56882327636313,14.44341535587178,329.83328269322607,1,63.20098592072215,0.18456794669230214,5.83261313529262
27.90134015011092,184.31232111727547,10.878668599234345,5.842647816305249,467.6044115410109,0,62.10449821819997,1.2537883487599408e-05,1.7412607329634722
21.18701857538994,58.23970869715731,14.6193794637745,0.0,262.80920582649117,0,44.42322462720054,2.7573326230770438e-09,9.30561747817056
63.17286668136088,24.1495817892725,15.31258070624702,20.224079926214785,154.13127801243357,0,47.08211892996062,0.0004920980361211649,11.35102509264365
35.86792904395951,16.326035082636185,13.719838035196954,7.698637847582718,95.98426453568688,0,43.886590880435364,0.07468608589559234,11.820437895041831
43.31801402019215,74.18671656266275,17.499980074413926,15.696450536365338,256.02883516937476,1,57.78431679671083,0.27872806602744077,8.348797006240234
40.661558794249075,34.77730219190344,11.293979647583008,9.598650761232687,171.06687041484665,1,48.0701024566018,0.33826646060730126,10.713361868485794
31.39613072265624,34.77602281778354,12.992408388542932,10.447402807015404,198.83016846735885,0,38.54157853401658,0.00249640124165939,10.713438630932988
41.107638590203685,25.539293297504837,16.001630565202525,14.058668127774924,154.15580010281758,0,47.214986909189555,0.011861565294203543,11.267642402149708
52.14494019293949,24.549091925085232,15.205844232199313,23.90733389308717,135.78683544715312,0,49.600561586320644,0.0054836314628903034,11.327054484494887
39.942950591357636,57.60042165355384,17.65000951184556,15.26712958914295,209.0218277698665,0,50.33296961404418,0.06759269601199248,9.34397470078677
64.01738859645678,45.734410737448165,10.3139299914058,26.633569517975555,234.3256836492558,0,52.02106847819706,0.011267256196647639,10.05593535575311
21.614741912189615,62.836770969374555,15.568700949732277,0.0,216.05845561425195,0,44.453272716086694,2.3822300716660493e-09,9.029793741837526
46.30664313522737,35.03231586379121,8.5776766864035,16.236386298330146,52.216482644454985,1,50.30795592123483,0.5697579980977626,10.698061048172528
61.242027823517176,69.70784353177396,16.54542746878587,21.73726542440847,362.67925029315836,1,61.862775338652085,0.05707235239334763,8.617529388093562
33.6343824262859,237.47110756609987,17.601525803463744,6.43695731248898,581.6966012738703,0,72.107748606508,0.0001597215853101603,-1.4482664539659922
63.79716652581785,35.77019673109705,19.053394973929695,23.120035293690417,140.19451141419017,0,57.50405055139891,0.0017360585148699455,10.653788196134178
54.67649753397204,53.98760664510653,17.474988330736668,20.17094927838204,202.12604631429568,1,71.5048549949954,0.06766370181894021,9.56074360129361
64.33838501880183,152.1547311267421,12.017955204655369,24.924376919727493,482.8814394182936,1,72.33422608478763,0.9989844683733715,3.6707161323954747
35.78644666487515,40.541512374060325,10.388845948244462,7.64528012675007,214.14631575176827,0,39.28767327606023,0.49214318494285986,10.367509257556382
42.17587779226469,69.12678178402194,14.883648596334266,8.443953890219458,211.65005725150408,0,38.343467895788585,0.44755450277042735,8.652393092958683
60.01037264195234,44.196139446603055,14.570148614414693,21.73033759750127,152.93878092638602,0,42.77840267776196,0.006129436782917692,10.148231633203817
41.67386642977493,16.067922139956448,16.080674167311688,7.199141581079869,70.41949462348165,0,47.694826273835815,0.033348957297569586,11.835924671602612
52.065537391229036,103.12086454966352,12.464664410941426,18.8978590294706,300.1813731318608,1,59.00328772379986,0.9305434855788847,6.612748127020189
28.144539901725928,111.84680640773075,12.98951121578694,4.830036375865717,285.0442979614338,0,49.669304576442826,5.231808024300035e-05,6.089191615536155
62.99643527504905,39.65454845901757,8.0,26.518796739973542,219.6832380272624,0,38.72069132499349,0.0028494127424274754,10.420727092458947
20.54687828458401,70.06163969646433,10.395412994852354,0.0,146.50945093510128,0,43.916749205264864,1.025393831019414e-07,8.596301618212141
53.321934846472686,79.22672668574046,15.703311703240331,16.602248493003323,344.9256604833622,1,74.9777840175439,0.5724446171367484,8.046396398855572
28.534635528905554,66.88631166126832,12.275659612083665,9.670560543657004,207.92899178659638,0,54.57578776001978,0.0007676590789296863,8.7868213003239
46.27901278762203,175.0885147670583,13.492028006956104,20.928918178674223,468.81207756069193,1,65.8249574713577,0.9077012033266262,2.294689113976501
29.026327835869623,171.3128754318277,9.565572581379657,0.0,512.5974088723457,0,50.964031146429235,0.0004144104184833983,2.5212274740903373
36.69187266367088,119.91582366122014,8.836984583508741,8.091376235245082,305.8846379269284,1,49.638745923115586,0.8760308449118027,5.605050580326791
37.46566561739348,10.0,8.965367693062172,7.9543121890101105,109.02153024884964,1,41.94442121775457,0.6936966765189548,12.2
31.259444275863107,76.29023855806611,12.922128693568665,7.604782814468618,282.48013852667435,0,52.8673284213098,0.013877632150668447,8.222585686516034
25.029578125720285,202.62108277457418,17.6545209770327,4.388810174789509,521.4713866393569,0,67.44790663710155,4.077987139470021e-11,0.6427350335255495
24.873436122380173,15.766610821319247,11.726634247144567,0.0,107.8516087656383,0,41.258470373818774,8.076891501088681e-05,11.854003350720845
44.519271434939526,36.434006033757,16.519552976274113,12.908766356208929,197.28457691173938,0,47.98435071526401,0.008033394436725929,10.613959637974581
39.66202755249006,38.89494038467446,11.889088865616047,9.281700354693312,136.65133147974277,0,52.080452943660084,0.3778000567365803,10.466303576919533
21.454583347837108,39.22213213531652,16.06485827860473,0.0,125.31964827794879,0,42.05190575118991,2.988097697495195e-09,10.446672071881009
50.84930781229972,44.48941130952734,12.220482065977173,14.938796632544024,143.07504230232848,1,57.95545909972379,0.14554803990442536,10.13063532142836
51.03128456303806,49.13166002055962,13.079169322616298,14.681914959525104,279.9948504038489,0,51.06842187161684,0.07376116399434876,9.852100398766423
55.48467510854067,32.42066332267539,14.385532267268083,25.938861060140677,250.00098417344242,0,59.32292611133431,0.011796249944264299,10.854760200639477
43.45772506443268,154.05067786495192,11.24454185284323,15.850069674143398,469.6364810868743,1,52.205786588720166,0.8889402329733456,3.556959328102885
49.10812948974193,37.54630768678758,17.177483579073524,18.15738288681908,263.89988954851805,0,43.21584661585511,0.05716692399738084,10.547221538792744
42.27146394607032,66.55496462723916,13.888839550798508,12.865805840771136,242.89108847738828,1,60.685731720126924,0.11643640542288229,8.80670212236565
38.619015904462,70.15454551737358,12.34454406785692,13.263793990825965,304.1454853793025,0,54.478716111499224,0.0853192564031341,8.590727268957586
54.974378491525194,16.472734370847938,15.632669689463437,23.469121624206082,157.15381463397955,0,54.95267880520639,0.0007665506149560223,11.811635937749124
35.18493099154035,34.96468770173305,12.905840835240365,1.8120889453715137,116.33385516739105,0,43.37316579555517,0.024486721786532238,10.702118737896017
23.793878024032168,113.00901086409532,13.789204656520852,2.288457079796144,341.59648450898226,0,44.26326724314529,9.258057255284157e-09,6.019459348154281
34.08035636447421,22.9611576609596,12.406459466471299,8.691082466171247,85.07495883162707,0,39.4010447525205,0.08147032867626464,11.422330540342424
54.02355834241005,122.55257225305134,14.22577951082955,21.708070489245046,326.3051756793416,1,65.84553868188145,0.8537603903385147,5.4468456648169195
64.10221182254311,34.590498049660674,13.854849039497132,27.97506174780024,204.70823430129852,0,51.47485884745522,0.006318906781592777,10.72457011702036
64.8873331459026,88.28484644589639,10.08667297219798,27.99758309026067,251.6485486262608,1,52.54419698460768,0.8032909236227175,7.502909213246216
51.6354666042473,48.08783769402397,18.746142195738045,16.722531497211154,214.69325102358948,0,51.35618268775296,0.0704802487225657,9.914729738358563
60.452032410484215,91.1390023106571,10.858174047370955,20.51133796461684,366.4709186161428,1,59.67532294299012,0.6212507497099133,7.331659861360574
35.75884109806877,18.593737260195194,13.088651454873055,9.396684675558932,61.90480134970183,0,47.14837618327193,0.06366967006559136,11.684375764388289
51.82546442585499,32.614312212048524,10.709445194719429,19.684347478471384,102.58262575112525,1,51.11412653759429,0.05006073128153821,10.843141267277089
25.39900051219684,28.14094649162183,13.766988179818654,3.1918484480590634,184.58202036905402,0,51.222561331649196,3.0268357137606045e-06,11.111543210502692
35.181162193908285,322.3701382489712,14.875999424589892,6.142764136247111,738.7423978665422,0,79.36907663089063,0.00794172009457084,-6.542208294938273
47.298948447136524,124.19934139235858,14.573963054138428,7.924875685185531,422.323676056452,1,67.55038626472825,0.8807701872054424,5.348039516458486
45.10989880811216,103.1649836248903,15.98864271315016,14.842239743615796,274.9247126637633,1,67.31358079827498,0.5259611599527383,6.610100982506582
55.58123055806338,68.34171818915486,13.412617656853653,16.728842874088162,205.95452247180936,1,67.96714066470238,0.6105617617618566,8.699496908650708
52.45551349061572,35.27370331659628,18.062766895936058,18.658480091424565,132.36671483278565,0,49.673933446740456,0.03751721781285531,10.683577801004223
54.38419893721414,73.80127118869116,16.279269206549067,22.633898596238122,276.77652350176584,1,65.79999636962967,0.17250880374141236,8.371923728678532
36.22822874909915,130.7432929179784,11.764984550262737,6.933406213873458,400.83876761586566,1,62.51524063884326,0.3037355520523929,4.955402424921296
42.94626783196493,99.31338382672706,18.250776618199453,13.354101583361222,254.49481456403527,0,57.18199224127216,0.08322757874425125,6.841196970396377
23.901093772316823,78.49052453073242,13.558408471635902,0.0,248.22797381480885,0,41.75684673919221,4.903060063010743e-07,8.090568528156055
34.26573400883146,82.28809201307676,15.22613964683713,6.914532151111308,220.16755999237097,0,52.65065111526377,0.034439627239314215,7.862714479215394
24.589337868648613,18.47134569161485,11.28023889488938,0.08654306933897504,44.591866601766036,0,32.48294750945675,0.0001138237631143465,11.69171925850311
54.481444157688514,14.757954226280262,16.632928943993928,23.97742104871289,0.0,0,49.28216404372139,0.0026229479065203822,11.914522746423184
47.32783522919421,68.44871971174537,8.0,20.079705676325553,310.6275053416284,0,40.27706380820044,0.4107083887939534,8.693076817295278
34.48748804192529,62.0741851350774,12.077472412779738,9.188740829047736,205.398989274886,0,53.131083762552805,0.13613466378409328,9.075548891895355
30.908314595030973,10.0,12.57935102988212,2.552206412920988,59.63614073819666,0,36.447004688225014,0.002687613972575203,12.2
26.244465933247863,26.824873194226956,9.603496015784058,4.089615399229498,150.53250748124904,0,43.75215560051565,0.0005865885437482657,11.190507608346383
59.436900141598535,22.044917174526404,11.523326590913822,25.10973434442193,78.08234845421958,0,43.67601639506101,0.0010622888875118776,11.477304969528415
36.68197319308868,214.03849516090273,18.451006992545004,8.696147370877512,497.16682922936616,0,70.54722976349593,0.006609306289657394,-0.04230970965416425
63.89917551392612,322.6836709127599,19.956971404400022,22.38491246018005,903.5510085191919,1,83.58957390269143,0.9999999999931,-6.5610202547655945
24.83414500651422,34.07218788995767,14.231030531946823,0.0,146.05017561360805,0,34.70875390748613,3.218824233160064e-06,10.75566872660254
50.38771752817843,16.253588189597295,13.4742284775061,14.80693660632856,85.29238186182945,0,45.1941459747726,0.010234750822202647,11.824784708624161
62.32487220421188,58.32871947558303,10.890416586345847,23.283229645421553,264.9469357135081,0,48.37210774577573,0.01601663181116148,9.300276831465018
26.84377645972522,19.599653449079398,8.787819621588639,1.2336460010271364,11.755672485734635,0,29.352836839871163,0.008773855502282556,11.624020793055236
28.429648743795273,64.6872544282643,12.99512229465326,6.785033437685924,196.3280367762416,0,48.175918572910476,0.001268494498705075,8.918764734304142
34.78829655543037,11.658818656273382,17.452712361225558,7.354271252041788,191.4797123799511,0,35.597750594721504,0.0021342772289875715,12.100470880623597
27.13035742939111,63.06688081396611,12.643826237508954,2.5469563316114794,219.22959443226813,0,40.44454039997853,4.606075296185429e-05,9.015987151162033
54.98737237706416,49.8611664717737,10.772954956048327,19.840899818277624,143.17340729842311,0,46.949723388529364,0.115731524819046,9.808330011693577
54.58938429355502,96.45118327605564,13.125939466304166,21.00439964588758,276.2278622204634,1,65.54069285544132,0.6777556433906868,7.012929003436661
63.929673152982176,82.55271368469002,12.085264702043624,28.631465167807143,255.38111088271538,0,54.50438439102786,0.7038339853112187,7.846837178918599
55.573298463239084,25.74120222188805,20.0,17.139620557408225,142.98716812564862,0,52.22516860848169,0.003711497491478853,11.255527866686718
54.647560819008156,297.017892891492,16.836153769826378,16.649355630715856,784.9264216734074,1,77.79523282765088,0.9999998706102587,-5.02107357348952
57.53467103955676,30.80883608507276,13.524177126189109,21.691718037842257,113.39930777566549,0,42.19575274044197,0.0020724936002956594,10.951469834895635
45.24938444126529,39.8359276813902,17.777327608264837,16.83694865861727,164.19419324859766,0,50.424802816005624,0.12170339724328263,10.409844339116587
53.4068702051068,76.47719856960349,13.919948013973181,15.640009137809542,359.0639531948856,0,63.729236317153074,0.4704825346565617,8.211368085823791
48.565696988553356,51.356410581401605,14.765661428724806,20.19192387025119,203.83103815007982,0,45.66898465902661,0.13190157939079333,9.718615365115904
54.52284771488098,86.10926091279478,11.143802493266191,15.777375232117066,264.0375307451902,1,52.299299802547175,0.8899126271236631,7.633444345232313
33.209876788208504,94.56899974349889,8.0,9.013792719589677,375.9444629942344,0,49.73846859739558,0.3216090955974681,7.125860015390066
58.54178047969736,26.400866741298096,16.661735695004104,22.234587259003685,134.3249033113101,0,42.37409179798745,0.0007929861113916327,11.215947995522114
58.842194612650076,24.85977457581843,11.054436022030362,18.29837335236974,135.30094020205556,0,39.079749606085294,0.008527015663354016,11.308413525450893
35.702806324583854,11.998238115732855,18.41734640485563,8.649684811582738,45.23339475958802,0,44.029736604821856,0.0031165933849950146,12.080105713056028
63.257071784255125,16.317192564546882,14.083069617995054,23.98653055983106,119.47449938560531,0,58.88211560318816,0.00012221804031957917,11.820968446127187
39.15132464666037,73.48321631916622,17.64160052311587,6.973157100519364,163.13001953937447,0,53.764474758558265,0.07642786283872066,8.391007020850026
50.71769083296435,38.282693550586195,11.339657264003531,17.126069311470385,186.0356302909148,1,58.19975828094374,0.2013985524430508,10.503038386964828
64.58828873043609,31.688552674793776,14.63831334073902,27.21847111134058,158.8678468665392,1,60.41704286486941,0.0064486374924265615,10.898686839512374
45.487131124840744,43.20282464942946,18.09999551926623,16.628039453331283,211.81270429685858,0,56.01217248780941,0.10184681088316895,10.207830521034232
60.672535794068025,95.5955998897565,14.797832099514547,21.291024277689672,345.22900983125606,1,70.14335385490978,0.5950539568156439,7.06426400661461
37.55279890801154,43.737650676932056,13.925737917556566,5.631122461211273,150.5471327875377,0,43.33311478226155,0.10523152938768636,10.175740959384076
47.41104009725285,73.49945626146592,8.0,18.737706701714657,206.39431915633025,1,55.16801642184711,0.8665362533173732,8.390032624312045
49.74316762900918,52.02218155866947,12.248987681353153,19.04777785422063,197.41127365587965,0,42.43111278736551,0.30750100861458274,9.67866910647983
60.271141200436695,64.90980956856197,14.30069016297302,25.472238895575245,223.9299721720831,0,55.167102488954306,0.23141196634930397,8.905411425886282
57.232425910835914,128.22815903395207,18.479523281522262,21.980369200816515,452.3110998597019,0,66.47877631886581,0.8773070187239326,5.106310457962876
34.52443011554752,18.960031102880453,16.659255298017612,2.937022879595027,130.98509521746215,0,43.60958314504799,0.0002936332338559929,11.662398133827171
31.078007371507177,167.80955606834414,10.431543806140944,7.923526434151638,422.01470377695085,0,59.30304550213427,0.0035683369405022777,2.7314266358993518
32.47502989194044,14.620340514878816,12.867407763754636,10.091808775630852,81.0978942932808,0,34.63817728911074,0.00939839208305951,11.92277956910727
52.88108787732561,13.711171088333892,15.262244513730764,15.235726856938214,148.0748717159669,1,56.5892531138777,0.0021352530105657277,11.977329734699968
25.586859478135885,138.07397879732824,15.300369678305733,7.8388158131110615,316.0759466687151,0,62.877878675675575,1.839803725293101e-07,4.515561272160306
41.00514368454018,17.08538299800031,10.33102238896011,10.875803231187602,164.00319278055056,1,45.57787777714586,0.10596394606478828,11.77487702011998
57.340421607148144,152.95765607785285,14.059841502309043,21.4719230425551,354.20006752569714,1,63.95439827208874,0.9911790186307694,3.622540635328829
62.56598894244841,64.88114593572082,16.306031846713893,21.98872570643678,242.71917950925382,0,54.55060217448394,0.054085382120599955,8.90713124385675
40.13713787057085,43.27836707357264,17.491122415796323,11.879626260820766,206.41573608463844,0,47.67780155028243,0.005478231615939574,10.203297975585642
39.83213400088161,30.125509968626076,13.374631831624784,8.88883622376136,202.11008724187957,1,58.51617514503002,0.12549546983439597,10.992469401882435
54.829633665568394,233.38403881700594,8.0,19.30084363697824,742.2386670178339,1,52.486853511951715,0.9999879905903019,-1.2030423290203576
29.47143785827683,17.891788651880283,14.55954390038236,5.704094398182092,0.2545667793716433,0,40.82866556115083,0.0012416235045339845,11.726492680887183
61.85281364630788,300.75344405236126,13.996514331607594,23.41989171934868,858.7718925283859,1,81.47826954434906,0.9999999992684228,-5.245206643141675
52.83872926977891,34.43544090888491,15.157933748338863,19.168391164392943,194.58027152788202,0,51.109882979951536,0.027068782065962405,10.733873545466906
38.77175305315558,149.96702323085367,16.91466581982156,10.757762035950718,456.3440931430328,0,63.90394789723405,0.015071296993978491,3.80197860614878
63.671496125667844,143.38486829716157,9.297383959476608,29.339225617479876,508.9433029344619,1,68.92946029009288,0.9892724717502942,4.196907902170305
44.51724982639912,29.119638439688796,15.511123987056845,9.355840338157565,0.0,0,44.712535053253866,0.07719807302309761,11.052821693618672
58.6237262165808,164.81721654840703,15.993744027904619,16.275162844525067,487.1961166198061,1,72.40456377131461,0.9989275332362021,2.9109670070955778
53.848108339095944,86.7069455010914,12.222986839070177,14.828075162289208,314.8336279594931,1,56.58300693898329,0.7214070821305789,7.597583269934516
43.59938575853589,73.26067206106568,14.290201169963732,13.529340385493665,247.7304157302562,0,50.342906409629556,0.18952332511432476,8.40435967633606
56.05057094032844,64.25834467889136,15.304811473562838,20.94082187101254,183.81782832775417,0,57.474783952353725,0.13560720556547012,8.94449931926652
25.69322565874316,10.0,19.03971724900298,4.27213396659825,79.34094833545784,0,38.02037656791753,1.6961411670859015e-07,12.2
56.24945341388308,42.02011050658022,15.891328254138498,21.24459076345261,159.8789874393507,0,55.18921344060443,0.010010794777637621,10.278793369605186
45.08634191210578,10.754462517687383,9.624076838557075,10.034118307690939,44.205387987373086,0,38.39628558693211,0.2619474969102112,12.154732248938757
34.306535263917084,32.214344083926015,8.0,5.715901463762053,156.5318528413595,1,43.235926492731025,0.7184167079834154,10.867139354964438
51.126989098963335,36.45163624456905,17.409275734975864,16.7079292315696,192.3428478749985,0,53.13286427538638,0.03781507221464674,10.612901825325856
44.40137100023825,10.0,15.769344289067558,14.585177259564812,99.83794191318505,0,39.3022336275288,0.008836219474628235,12.2
23.982219290943377,62.20423196889829,8.0,0.0,230.06448945750176,0,35.610539398929276,0.00038801749231704216,9.067746081866103
64.62166353010844,41.59140225773556,9.45142186006604,27.084720476966776,216.26131912953102,0,43.578212325647485,0.0053440936860668815,10.304515864535865
37.27727010429484,50.44166280738495,16.75012057966789,5.921537137066325,143.5078961360171,0,46.286167638521356,0.01931414083106377,9.773500231556902
62.98935602025694,13.295428416787564,13.540393400073143,23.08853343018113,144.58977909215005,0,40.742529426299726,4.698673276222997e-05,12.002274294992748
59.04866743422354,13.998585274476547,17.203997122026443,25.238997133151983,109.26470092103672,0,44.00508211204944,0.0010821311417657715,11.960084883531408
51.53066670943069,206.22549767115586,8.0,14.254845818350365,627.3526600664774,1,55.65146050377023,0.9997546398400285,0.4264701397306476
43.07863650197724,181.23560365080309,14.72844096097057,14.829011042590984,545.1482438191322,1,72.13584386868645,0.671185838237052,1.9258637809518149
23.532058052069928,178.52725750355884,11.012484484066619,0.0,471.39680136422857,0,58.45079217270983,6.055392527910155e-09,2.0883645497864696
56.08940191408227,128.34003051585597,15.761825247129714,21.678219134545834,412.97534061577136,1,73.87328952958181,0.882619966508781,5.099598169048642
21.30741634515302,178.46155731776318,9.280964399252392,2.2546046118829173,375.3579092630488,0,52.58217268948234,9.803767135982311e-11,2.092306560934209
54.00700064835432,225.93373150183845,13.797280699465858,21.359748233479134,644.8170157359222,1,73.07007903663951,0.9998123627583412,-0.756023890110308
42.2975083660982,10.77847089305381,12.34570616915381,12.82793793787134,111.22115030035422,0,45.83271495998014,0.01793523339344508,12.153291746416771
62.684696515937524,16.34168947030377,14.401742466983661,24.36031240529851,134.30513944516525,0,45.05787690641865,0.00016784521861060132,11.819498631781773
31.21060936660029,94.37485267269933,18.416731735040486,7.238250558813737,285.1534285316328,0,50.51188709398833,0.00020006252107070244,7.1375088396380395
47.8399088756369,100.0355221411748,18.356369899423257,15.602265803673852,275.3079566296085,1,76.34145031127541,0.5871004617106881,6.797868671529512
59.274776964417114,58.283253902021265,10.718180104724834,21.245163506845643,207.19810833088212,0,44.80430358015464,0.0432905765121378,9.303004765878724
52.90623352870492,64.1279616141108,10.601782327804056,20.319701995113803,211.85370101968692,1,60.845806859556156,0.2735684783515074,8.952322303153352
40.0100052196572,109.76670030165226,11.86048526088374,15.335663339569079,295.7647499765374,1,61.81269505148393,0.548617436036594,6.213997981900864
36.82905567420529,16.07611707522311,8.0,8.177774249144035,136.8018879156322,1,48.09586347093102,0.7799949883416689,11.835432975486613
24.944987026072504,35.26391693022598,19.12670427499648,0.0,221.38505374956583,0,44.10405931080005,1.2221871389985121e-08,10.684164984186442
39.73455606313638,25.594285434567347,19.593164710069857,6.554744973114444,18.658293366752673,0,46.384556363728244,0.003675214989593993,11.264342873925958
63.791911517028225,132.11307714055363,15.79280524100777,27.437450650699994,381.5310326752401,1,72.93800398291792,0.9991240299685573,4.873215371566782
50.71798652877811,40.7864327412284,14.787805205512168,15.692104256920718,151.63512671297724,1,55.029027459907,0.07973474735082908,10.352814035526297
34.484735225549926,72.86166607848921,11.965206901398068,3.992766196975867,307.17371575331657,1,56.278017461169625,0.05381571117111109,8.428300035290647
21.522906413036377,44.04737655900486,10.775311669365879,1.136461157140896,67.29910201654663,0,39.53579390070525,4.803353163697435e-07,10.157157406459708
25.954671322343437,86.41767162139882,12.61605706532718,3.59030169254478,189.7876637372266,0,46.23998662442373,9.117474181464597e-06,7.614939702716071
23.300828998197566,321.627556010278,12.919294513726815,0.0,799.4544444362581,0,70.05506271627915,2.633671613193435e-13,-6.497653360616679
42.49016701627181,69.42714494084333,14.707320704294654,11.33862888073552,327.61336338097925,0,47.45495527661044,0.08088133205788761,8.6343713035494
28.872531961221462,14.459331863627778,12.957432810637659,5.938023083992504,46.294690095770974,0,35.214427722949885,0.002480257626701491,11.932440088182332
53.980334064072245,15.821978418733009,16.446847612396372,19.82985510630328,168.53609866435812,0,47.04394402328123,0.0019160536013112148,11.850681294876019
46.35043463419558,18.000575022769798,13.658464535474014,16.009533491355043,233.32990576625002,1,56.89118658984882,0.029426801765773995,11.719965498633812
36.80682998061886,108.83877801086896,9.954777605575217,7.71297240652732,364.08847460790463,1,50.44266500610101,0.7708763985708299,6.269673319347862
34.19295158378166,41.61730994069724,13.966123844954776,8.631108405725493,223.19660451627516,0,46.56097557286812,0.027468391562546993,10.302961403558164
50.27720007805457,33.45762159856684,10.25022477164,17.567675670460744,242.8230289180176,0,42.07845907880664,0.13379157670244463,10.792542704085989
44.587160583376125,37.71372763346391,12.89338646648661,16.166090520334613,248.46567766840775,1,59.91631432536359,0.1641378202360385,10.537176341992165
48.152115416795226,79.96103929976749,15.416845444241982,18.236543673731944,245.09506958297777,1,58.40291551126882,0.7692819986469959,8.00233764201395
22.3209201096423,48.381973039104814,14.624482866751741,0.0,96.15584660861562,0,45.576710040016145,5.78335270896044e-08,9.897081617653711
35.935522369369295,93.82439656835791,13.220268586397616,12.322752347702107,185.20477594216078,0,43.446471364589,0.042534464509865755,7.170536205898525
40.97429810094147,74.26748003360518,13.949982846019429,9.367522051298007,263.79144435018543,1,60.57887556173705,0.39510814392765076,8.343951197983689
22.009731757847717,60.24460415853381,17.404773151428596,0.8907305056147881,225.05923325026316,0,45.35510138556847,4.0700811773255135e-10,9.18532375048797
29.79417357106786,86.04812827364479,11.780808685990563,4.675655893181957,247.51590263238765,0,49.81022207783128,0.0027091743671898713,7.637112303581312
51.9163208526389,46.23774207233166,14.236544986456776,17.60394844797159,187.28308438236974,0,52.24655205232649,0.19631415640395478,10.0257354756601
30.786825110854032,69.70469562283884,14.184399723639661,5.920341455858962,241.92555542810626,0,44.15160337606378,0.0026966283365341555,8.61771826262967
21.497513701634755,45.359456866992666,14.59069766355386,1.6792245439189637,197.47562325181156,0,40.36607427547495,3.490236897945645e-09,10.07843258798044
32.108524277562296,29.496252180290586,11.296295386201557,4.6929148739114686,156.64603535171725,1,54.418928346580614,0.02762909423484628,11.030224869182565
23.201073105345785,19.835163439798112,8.0,0.0,51.75418301239288,0,30.953879066622953,0.0006326434716860194,11.609890193612113
33.46682470214165,44.1490591846169,10.534022674768616,8.98184630350261,258.2955677699047,1,50.97599993499071,0.10984397031485821,10.151056448922986
22.461804674807606,100.4299874608919,10.072633912743974,0.0,285.9577196247988,0,52.36591007664321,4.948506556280237e-07,6.774200752346486
35.91248600241114,17.398470827533632,11.087894569401964,2.875791053049081,124.02266071963821,0,35.802154299576685,0.08015118731536629,11.756091750347982
37.62596510967173,103.35424916726075,20.0,13.960753209975014,285.05478847692035,0,56.29710118834762,0.007348002966171311,6.598745049964355
36.348453392757435,71.83699057557402,12.172867150977295,3.635995574929982,210.83665639770393,0,45.92859874828976,0.1572214733333517,8.489780565465558
22.25679515821556,236.1236799431216,14.978471204681052,0.0,545.2442561118197,0,68.51314525242086,2.8681233628343154e-13,-1.3674207965872958
63.453607891326364,47.63154041829102,13.280691346094377,26.006925284724307,201.11640285395237,0,47.230979392703134,0.028074240374871866,9.942107574902538
25.80744307443624,84.86416134267527,14.89585371065467,2.6324044327773968,238.80659483260575,0,59.03909809559434,5.643302504051515e-07,7.708150319439484
29.533957424807006,21.16130231064439,18.555303009438532,5.4414665744316615,149.2714719314381,0,31.84615327111131,1.919600157745316e-05,11.530321861361337
46.354748026879925,90.09569507548358,14.551951621576631,21.70688113986231,241.16550344318193,1,61.17131249873851,0.4403389449118059,7.394258295470985
32.62236384868456,90.87765188938063,12.945689930317107,7.435155624241002,278.75415610620826,0,45.85887787446181,0.0391303491881405,7.347340886637163
62.50458879631811,342.25006659398883,11.291850921363304,26.16577420602211,910.2083204271183,1,79.92126557364077,0.9999999999990832,-7.735003995639328
29.109458802853425,53.11450104767445,13.07279577241708,5.012479273780632,159.68027920823042,0,48.21659475287362,0.0010372047564812185,9.613129937139533
53.83876267118039,34.0027187705547,19.605104029413948,18.27074106617848,145.12187472722457,0,50.04763357182201,0.01909278511553277,10.759836873766718
52.845011145735384,62.73729850985245,14.303219412084523,20.639995815679036,284.63277312129907,1,64.948069649193,0.12202316529348585,9.035762089408852
59.20689078406912,55.323172529504376,14.112485980752027,24.346996187081015,175.27480683891142,0,52.55062218871523,0.047578081811978715,9.480609648229738
44.20452763647027,52.735493239041155,8.853144521953004,14.13515877683029,192.52619902693726,1,48.3727479486551,0.49624970190938555,9.635870405657531
28.77134462107345,30.609530526366242,10.851172392864864,3.866207478440959,172.23311008098247,0,38.23970557197816,0.002019527339147466,10.963428168418027
38.27219424658774,42.78255673223065,17.310899763457968,10.351203721860943,128.25317594869892,0,47.38965293352953,0.010757977835373762,10.23304659606616
47.21255376692252,119.80850070429699,11.185646908615603,17.61209617439209,311.31760299238294,1,52.856270440324515,0.9684264315906936,5.61148995774218
40.51682445973179,40.12408226192693,13.63681403609285,11.723687360898428,134.19023870287225,0,43.66647386028347,0.04744497948603813,10.392555064284384
28.175840410677043,52.741839109631115,17.853403584975773,0.0,171.38508309326227,0,47.13859634164402,2.6773652100255188e-06,9.635489653422132
36.324748484471996,101.5330535564811,14.512267716709134,8.40720721998245,299.1277768752875,0,44.9385236921895,0.1169200383448947,6.708016786611134
59.418265252531995,47.92188270202284,13.363340160837657,17.15546867808077,177.85452702736967,1,52.8831106633814,0.0951003632057842,9.92468703787863
42.18815561364423,17.696792717202836,15.116247928537774,15.007095381282149,158.40789884295052,0,50.46902519945055,0.021770749155333877,11.738192436967829
44.129933399797785,173.59081748941827,15.172302850437157,9.685326548000734,538.0217633893875,0,63.49109892233623,0.7194521761468249,2.384550950634904
63.682403581020985,19.655352420945196,14.077390604335374,22.21024986654522,168.6397243342006,0,38.482718252919035,8.821699488507669e-05,11.62067885474329
24.060208267472337,24.69895477951333,15.01024550905543,0.0,33.721213931826895,0,40.524364395905344,1.0327158620463797e-06,11.3180627132292
24.186603796997534,79.17299978332719,16.949354983832716,4.406166673083992,167.29898587962134,0,44.343059984870685,3.615224160071553e-08,8.049620013000368
43.82617236934933,24.719484869665344,10.770098457422323,8.60841335011569,0.0,0,44.36187972421537,0.6818257929755679,11.31683090782008
61.11639112464642,20.96759795768951,14.789795150749926,25.113769507022923,205.35187322973417,0,48.69795670460797,0.0005622691149771337,11.541944122538629
34.55488812580493,27.808933100446865,15.215379224873622,7.647101999268718,171.22304606446295,0,54.405077430057325,0.015992687671885997,11.13146401397319
31.419871375711722,77.83309897407926,12.210485543083141,0.0,291.0593250096232,0,45.70452774239829,0.014924370334343523,8.130014061555244
31.505331154377238,57.46713364100511,11.509950612168677,1.9288978005421535,163.4834135877707,0,46.04757812812759,0.014857989627281895,9.351971981539693
48.38461955847707,40.119324567791985,12.103111335654457,16.582296587770468,173.72700980207304,1,55.90128245095033,0.2634081951194746,10.392840525932481
57.984227982837126,289.4256721497861,12.136455514305117,23.567127292735815,757.7432298331319,1,70.34917058901125,0.9999999427619786,-4.565540328987167
31.573526890954277,87.86248586043419,14.450676188213546,11.048885352933056,235.46698170091346,0,39.25076166974212,0.001155761723396767,7.528250848373949
55.59438675791287,45.775454075870215,15.128813695399982,19.959738885567383,246.06314323189815,0,47.56499389694275,0.0252369593089896,10.053472755447787
35.821293686258144,25.381063116773262,14.592791983026816,10.285126224546863,137.80604150942085,0,41.971505738540365,0.011861366164512922,11.277136212993604
29.238250575111138,62.82396473576784,18.024391909896988,1.2902590024386624,265.43389255649464,0,42.092248079247575,2.2593995599820798e-06,9.030562115853929
31.15588168237359,77.07782700773225,14.990183579597954,7.102952414373454,206.5687555509503,0,49.677176358751225,0.00420902658127828,8.175330379536064
36.12181504056858,15.276647397963341,17.840712340060826,14.27136502151536,153.37730310120472,0,42.580250552121385,0.0022014263691867036,11.883401156122199
48.69775108492513,136.45353628431556,11.509419220806189,12.3275745496891,422.1805027399888,1,49.78973013385717,0.8858468687339144,4.612787822941066
41.32309742247361,60.36306014537298,13.552083418855538,12.004723810882616,153.63931184183042,0,50.56846464356362,0.13501865915328515,9.178216391277621
38.93323511706727,63.08563366938333,14.926745022632428,10.2619182691593,186.11652503387754,0,50.7881768080234,0.09340212381471048,9.014861979837
63.11295348300274,98.2165048398965,18.248200193665866,23.261099886800665,246.05034865069916,1,73.46000422017879,0.8382603203191304,6.90700970960621
55.3259084190339,53.775975883821026,15.445635772482184,18.66173982862697,142.92388835669408,0,54.053168137106056,0.20362883962226355,9.573441446970739
22.976848495842468,20.37533668138365,8.0,3.4909986312578107,57.97638425412131,0,34.981326589024256,5.818233086489581e-05,11.577479799116979
26.054996537520353,141.02593755709154,14.72331808101635,0.0,406.2157868478463,0,53.62843638561118,7.396872225833033e-08,4.338443746574508
56.317880710936095,144.77490879648565,11.70446451197659,21.691602381125392,435.2999477301273,1,63.359306421985295,0.9616481241275291,4.1135054722108615
24.77744388968504,27.795757712024116,8.0,0.0,112.20472638645646,0,28.338454075814404,0.003276354464777871,11.132254537278554
55.06514119814387,50.46737123516368,12.579492000547651,20.115206704534554,285.1791788911887,0,48.24327297751483,0.04214505937877671,9.771957725890179
64.05483043258448,17.121550066955663,11.86771335476045,20.98173094725204,145.48890203653792,0,45.25435469315527,0.00011418549341783773,11.77270699598266
41.83707631264065,231.05020941299927,12.477563210990017,12.38680337930674,649.0117835488896,1,73.75195452552146,0.7487985262038326,-1.0630125647799566
60.823721932350445,43.51724112764626,15.8087099433317,25.379083677369024,156.4927739209004,0,55.27050340787572,0.025826783770093165,10.188965532341225
37.07164992511834,88.1131449562998,17.504339260956467,9.097174604027385,294.1836408227042,1,71.0671000221543,0.02198343205319117,7.513211302622011
27.571149870946407,39.708503878548015,11.881023790860546,5.278982812844142,243.6505574492166,0,36.06476690458547,0.00041456340285892234,10.417489767287119
33.511184469190646,80.37765040749069,13.021300060423403,3.74875641386567,266.1550970662921,0,32.74838126462105,0.013378843639348811,7.977340975550558
29.675656414766692,72.25753647979487,13.189058295539656,0.9733983886346103,244.21580798326266,0,39.213491715498776,0.0006512667622734561,8.464547811212308
41.2540084357141,179.98610187268696,15.20276783534413,14.739345994364518,533.5627413008982,0,76.22158546745418,0.33705678884982704,2.000833887638782
61.968029595228685,21.00963320939583,14.40161759923457,26.928892173109837,154.1529450107034,0,49.92125183266342,0.0017122751337924126,11.53942200743625
53.77981399485098,18.909581350623405,11.543697080901763,18.749535313401832,70.44026442763273,0,40.89256261773832,0.017125884336902587,11.665425118962595
43.114021449758084,73.54006943744454,15.074901571045805,10.276158896935897,282.74347833432574,1,55.520713499806945,0.19151244141994156,8.387595833753327
26.862321776079916,43.425794312197226,17.02205828174958,2.4811174535698424,105.14421252231665,0,38.40256988691169,9.566783457927458e-07,10.194452341268168
45.37764338096966,40.029113224370356,10.109692357638025,13.215898972289173,131.04636939459917,1,48.12842015238664,0.1954916666777935,10.398253206537778
44.03566930645934,31.009815377443843,14.769617674597562,15.761456145352906,208.6585995864653,0,46.53460571471561,0.06618671995356426,10.93941107735337
22.853550714001358,63.76686390134091,10.140774080157414,0.43209628412933365,200.87655611667768,0,39.08418884599049,4.919425007628575e-06,8.973988165919545
22.08689159014193,29.44980504107598,16.06782474613113,0.0,77.84542501220994,0,34.2871487933662,1.3403578661870155e-08,11.033011697535443
57.9952248996114,23.278039276378067,18.03211306172884,21.540942065138616,136.7153534054924,0,51.49542421293497,0.000665523348765547,11.403317643417315
25.686782790869813,49.20813592281163,17.371488248885193,1.652648483473433,192.68209117833186,0,38.211102611776106,1.0606526739355707e-07,9.847511844631303
58.55625234661111,10.0,11.688958185481585,20.562720262404568,69.37811908823363,0,47.16477618804601,0.0003375505304506789,12.2
48.05196331417347,22.483455775092587,14.589936499147075,14.728255937077247,181.18797064808393,0,41.701383994245845,0.011814911695597912,11.450992653494446
34.920916816519224,62.96741593192623,9.977052455249654,2.863393981731539,327.81832430700297,0,54.82371463686245,0.1972245360407725,9.021955044084425
31.138982481222722,96.75084228650114,18.086916203515983,8.5303976378679,209.59368857890485,0,54.570334537938926,0.00034729120366214515,6.994949462809932
35.158527501905965,43.24521691639371,18.695029429479156,9.538386399752959,177.36934724913073,0,44.420869387178016,0.0019525951776050053,10.205286985016377
53.23332759374457,34.712384390608854,11.17009332950377,17.943255241741394,86.95703195327283,0,40.01013465532693,0.1368892604387692,10.71725693656347
43.342714841554326,24.83404380600839,13.681910459425763,15.18344649823102,133.76754629539388,1,51.227924491729105,0.06292449689486494,11.309957371639499
56.74464169743312,62.832863750644485,13.59989106328473,20.061708302722348,172.53377127986766,1,53.67192734313859,0.20960546007606531,9.03002817496133
47.970600721010484,37.54543788457495,16.743349587623214,19.07612967403838,178.0425174992961,0,42.775697304663076,0.08274528371914547,10.547273726925503
22.36418170590765,17.012563437242797,10.010578026599898,0.0,176.51623930584918,0,33.510518283058204,1.179984209014644e-05,11.779246193765433
49.9778238907808,129.1141629170142,17.858490585953913,19.473059057088253,492.9678228050569,1,68.46879791121765,0.8328113902276358,5.053150224979148
63.05394991438294,175.8953050344761,14.554891476862332,23.557374603305714,534.2706077413465,1,80.38848774618081,0.9997789778982545,2.2462816979314333
34.96020771222661,186.2575542932356,17.786783162756375,13.582718574808311,562.7234737416175,0,75.16985340707566,0.0003446454325231168,1.6245467424058653
29.283773422619518,105.91073203557738,10.510272463804604,3.789365591981908,419.9849411132578,0,48.99335400848849,0.0006401972723329278,6.445356077865357
51.679071924422615,51.181237398381,12.598435416550998,19.459914456170065,224.13485007207285,1,65.72238435185385,0.1612398602364298,9.72912575609714
56.14170667166631,65.13968142481163,12.383932331642296,19.514086465469944,206.6587187955819,0,47.913143456838675,0.3469188822295928,8.891619114511302
34.65722864428817,24.674514571137276,10.659602615022312,8.177629839431845,137.85462401055545,1,53.60161625736009,0.27260698851387277,11.319529125731764
46.17414706118656,10.0,14.078889492645878,11.330688653317804,175.57939635646508,0,46.281455998196606,0.004284788678224753,12.2
46.05009149570127,23.929977399621645,16.86566132396524,16.06666774687146,179.2972635483631,0,47.59975714869077,0.02687476532731513,11.3642013560227
43.883776010870925,10.0,13.368576282388366,16.804817421532896,87.30817418372379,1,53.76548159802081,0.0831319381735434,12.2
45.04185912566659,47.127501888694646,9.276998814365951,16.336913575503328,106.79674650222135,1,51.33419584595709,0.7035501335437736,9.972349886678321
45.09861628547703,53.62072619300127,16.09806388409349,15.02339228328439,145.24988780205973,0,49.48290439952546,0.15687631888374606,9.582756428419923
37.888432003743,217.74120627469875,18.773988388942175,9.723317069474739,676.2323514032842,0,62.73357775392258,0.005066453954904464,-0.26447237648192434
51.58923485120127,47.391302267304766,14.75326946967759,20.401841663182452,184.46655917131613,0,42.26104832640121,0.06200536574484445,9.956521863961715
28.526725236869183,13.286309306154077,14.397609228668232,4.678831678976233,151.8304734537973,0,39.883670573106826,0.0001349406605794457,12.002821441630754
47.470943764639074,35.506545184713005,13.31236153695947,14.714888959882572,187.0966775564549,1,53.29858258653016,0.05541534906868268,10.66960728891722
26.395766006492185,51.46084675379704,8.0,0.22095708083953935,152.26110616125115,0,37.72213828663582,0.013433633401159082,9.712349194772177
57.10867815473702,96.3839896274873,14.391413620424656,20.344655250583845,314.1368767505945,1,69.00604195006494,0.7328376071915419,7.016960622350762
53.88430255976443,72.70670722074739,10.899594192497261,20.63498595060008,230.64161906470642,0,43.09998761228417,0.35128334157596147,8.437597566755157
48.03554604354706,102.96894198449664,13.933934106003324,12.59249993461027,389.6365353065309,0,61.49544874646195,0.4005394070396323,6.621863480930202
30.96452999992453,60.44308591216242,9.97555296624205,0.7966160078262732,175.5706500434382,0,40.79184120592163,0.08588942640368159,9.173414845270255
26.753489868661802,73.99810915270804,14.220617861964783,6.167845104310991,337.6879640625352,0,41.85771528805162,2.3112410221458607e-05,8.360113450837517
50.95609270646743,22.756499810449416,11.476469074380889,16.073673117257307,157.66799255460248,0,41.95987970353036,0.04313552636154922,11.434610011373035
44.08855227994877,58.32895850037715,17.795773599591737,12.437039355199852,158.9131063658672,1,64.96112253535532,0.02370469340172598,9.30026248997737
50.71840124918292,83.82128223664667,15.581411606190306,15.326767678288371,350.59702755822605,1,62.62971637613605,0.46043442083443276,7.770723065801199
33.24205348172303,92.17889664420666,12.70041361717925,8.130863029678997,234.4379164969783,1,46.692831879170384,0.08019004521663123,7.2692662013476
24.556147379365434,25.57185117981969,9.355596413385983,4.459725170506752,28.72807703267739,0,29.56863184007168,0.0002183446019247416,11.26568892921082
30.820585813448986,126.38192294522919,13.928840968523238,5.979307329328363,410.4247744816756,0,53.92749019946414,0.00039419488520097405,5.217084623286248
49.85370947988455,106.00902887115879,17.525632773527416,20.237248671925858,351.56278452024753,1,70.90406748969981,0.7065528603282695,6.439458267730473
46.283689338858906,52.550696493523404,16.49105776610215,12.607579908329482,216.82106667250068,0,61.62369494667,0.021562953159072643,9.646958210388597
29.705108132050476,35.88572194999619,8.540662178431942,6.96576138511493,59.466928815801694,1,46.471671701180824,0.16561214615408335,10.646856683000228
45.02196710068414,57.96959060242172,11.597177210160044,18.302126819789798,224.980331674772,1,62.393795151467565,0.5857867252688821,9.321824563854697
41.50043357266704,36.78158649749171,13.575786974051322,17.38804058595386,214.93086402585624,1,47.747933684264865,0.20429940797339813,10.593104810150496
27.621860777508868,74.15585123654827,14.884277038567914,6.15519510568623,243.08332280258287,0,50.735706097117586,6.584862909269911e-05,8.350648925807103
62.95431027778261,29.87141944825154,14.78450899274677,27.91206304765966,115.89831532487091,0,54.289156533435104,0.007558666495504286,11.007714833104906
53.336873514384614,25.889430041829307,18.350268672674957,19.791249593799492,94.76585377796205,0,45.7753822570338,0.008285775510994216,11.246634197490241
52.532541190658556,15.313868980427882,15.418365511009426,14.358348007629022,124.783634369056,0,45.73101913685639,0.0014707479394556382,11.881167861174326
44.53285596090066,145.48704451993933,13.741154035515276,14.635893136232617,508.0096011962112,0,57.581450286547174,0.613587750028265,4.07077732880364
58.99351969228763,42.92485479323329,11.176124042358149,24.171551224157078,160.81163486902264,0,43.21525422127603,0.006422232654525035,10.224508712406003
32.73910505780283,105.67764541720568,13.567999537847243,5.7790321246546545,368.7880136548002,0,53.43943336286128,0.00728682947875865,6.4593412749676595
29.33390388707614,10.0,15.390249328406323,3.1551599077624255,100.26101447886819,0,42.591754685612464,5.666603994688957e-05,12.2
32.658831047032464,71.10473355828188,14.708000164207222,7.101417454268053,184.2912500484202,0,42.84362922366165,0.019330608742825814,8.533715986503086
56.530567415751364,40.31762109500335,8.0,23.167871002637256,227.19521714112247,0,37.667925957757745,0.0027891718405672243,10.380942734299799
49.927895837626295,39.34304051722968,11.6931357554258,10.491770577835204,202.35544040638237,0,38.061767851129545,0.11268769055319547,10.439417568966219
31.87590617565592,500.0,8.0,5.176650077861448,1000.0,0,100.63077099504585,0.0004358815970824354,-17.200000000000003
37.48842166892352,10.0,13.852009943402374,11.90086240756079,169.28950030206187,0,41.08372954739117,0.005782669835911345,12.2
49.1865204020194,306.395091630989,15.587582081605365,10.983612022327504,819.5225335569608,1,83.2920760316779,0.9999356059297186,-5.583705497859338
48.51419040965252,103.62919992423092,8.0,15.765717366559315,290.60469447107073,1,52.80560669106721,0.9759843010424154,6.582248004546145
61.7916995319765,11.973862451281638,16.45269233980406,23.175358629855733,1.9824780516272966,0,55.91626255487223,0.00013837056277213702,12.081568252923102
59.77544969671805,116.78473926636738,20.0,20.414845484355638,361.9293856751795,1,70.59324339386575,0.909615900899592,5.792915644017957
24.627844623846023,101.727518956209,15.113262703932916,2.197919613687354,331.9001463889687,0,58.06013355878002,2.152540885374069e-08,6.69634886262746
47.552187565488836,63.854761979778715,15.61714959627923,10.64601595745316,332.70996827138106,0,56.83351903377352,0.06840149117241102,8.968714281213277
61.08130408561941,31.32084267928877,14.250220904528431,19.148503151446,85.88726074759954,0,46.67865651788661,0.006336981363472026,10.920749439242673
52.667461743427694,17.94063462173826,13.199361011558434,14.759250666914403,112.32641197122747,0,49.60296759275284,0.00574300690994634,11.723561922695705
60.238594977293296,24.966720606236883,14.732633273197987,22.634632650447944,100.13580230061736,0,46.62102942250634,0.0005104891207573102,11.301996763625787
48.038566113964556,36.280446739663525,14.113227199737334,15.29237070541034,142.00730800379162,0,52.44036052852869,0.07915513313616723,10.623173195620188
56.362246245097126,178.66276873858308,10.892128345382107,19.902827184883552,546.304674022585,1,72.77652622887595,0.9991774337498545,2.080233875685015
34.88974537592516,39.98314901211888,16.819093713497917,8.632613593706735,200.62210625908398,0,47.817722894216274,0.006560207461965384,10.401011059272868
41.13498961005358,78.39457275977537,10.547134141911677,7.418871593389296,233.4041245904162,1,45.32153162900319,0.9568421304378331,8.096325634413478
25.969233785684644,199.230730369897,11.847962635206317,1.7028867213114225,447.90531913589285,0,60.87172248871623,4.503385529122384e-08,0.8461561778061801
54.07491635301303,52.97792380120092,18.202728170136716,27.885198067884613,195.73126415014832,0,58.91665938026793,0.5617185009551761,9.621324571927945
33.05279742535516,62.11795364567404,15.391886099266822,9.625028871014873,158.62662745548366,0,43.15404000970357,0.007812289899543237,9.072922781259557
29.238097343426027,71.27242664083201,8.402363387873223,0.0,160.51559478505288,1,47.7701668184141,0.19560473861737135,8.523654401550079
20.718333726267208,92.53593760128278,14.567653274821945,3.8605186331561163,222.34000379738592,0,40.21619041120605,1.6219222215221197e-10,7.247843743923033
50.645991622775256,43.01511756489353,16.542453661422332,14.772425396603879,94.72653182682065,1,60.18284593097908,0.0382234326129855,10.219092946106388
27.731420574821442,132.30445114231352,14.864277892648625,2.9373576021161467,393.392003443636,0,60.26456289877743,4.541214478706532e-07,4.861732931461189
63.931125848343044,74.70651878317265,18.30445888798041,27.531479392957554,242.92300317194906,1,58.107038886769054,0.8932548208054699,8.31760887300964
52.41065055717014,40.83065040217529,14.382183558285018,17.23962897333902,200.31421839620643,0,48.19735950662675,0.10040388594047808,10.350160975869484
45.56839962361967,22.102544953051773,12.020130440897494,13.17436101428301,141.88383827191086,0,45.649719541206395,0.025404248843914946,11.473847302816893
46.863754036387036,145.27458968600743,17.08795725309282,18.583476436460543,383.3388066103661,1,68.7264803612336,0.9314911376802144,4.083524618839554
46.39894963809623,54.10524497391603,14.809090428478624,16.797397925767083,278.66396990138674,1,61.79049940347905,0.3076680233820789,9.55368530156504
27.17697202712409,60.850058005195464,15.016300765262702,3.2809390834667895,212.4463555108705,0,52.38992445230819,6.3124327222361145e-06,9.148996519688271
55.774607964286815,50.04770029893945,12.276696428103966,15.046993896596295,200.7340986264676,0,45.21896339537671,0.09474049213380542,9.797137982063633
29.553702436452223,44.36873944257432,18.43149722544063,4.453109949989582,249.6028066865586,0,41.62554760235835,5.9739898529018656e-06,10.13787563344554
25.186819948710635,17.993397491975433,19.56544185619963,3.215278525961797,12.86620204402979,0,39.746849528379805,3.201320672223811e-08,11.720396150481474
63.64866529521101,38.18332822131065,8.176616331617032,29.076246690485313,197.3074475204842,0,38.76173890371212,0.0008794367348441923,10.509000306721362
20.459827670322124,124.50766191080862,12.10608381369618,0.0,356.77545061312014,0,50.39885661773027,1.2285692713123853e-10,5.329540285351483
37.21602804567111,30.483272580560506,10.71975136735988,10.264350285847609,150.17343835422326,1,54.2019609460332,0.15998240031687605,10.97100364516637
62.22548302680982,47.45963739467149,11.314869609271359,21.354082911611425,84.1847959812015,0,45.78221397101989,0.013498342193268672,9.95242175631971
64.25128248298346,20.780848660744475,13.440514424340435,29.29516162762995,56.16704942740006,0,50.31547976822109,0.0007697174466298393,11.553149080355333
46.88636532606037,67.71963105946875,12.346251988152135,16.211234139989614,224.3360060866529,1,48.409683697850966,0.7124423382569872,8.736822136431876
32.54177645022599,60.88753669946097,18.652149812111887,6.046644330700364,178.4982757787047,0,49.46413368481485,0.0004651761281512113,9.146747798032342
42.54829949991614,63.56429620789752,13.687780793078186,13.621910308688033,238.18529824869452,1,60.84706239347476,0.14228756655853603,8.986142227526148
57.31459080457282,46.07945053407459,10.077420115200235,21.330178704760428,134.05827771246842,0,46.66241101791104,0.016612920290852054,10.035232967955524
52.24407958218204,23.26286453039563,13.035033760829458,18.501144906857448,139.03053450284742,0,54.16886100153064,0.025993194241427788,11.404228128176262
62.063020509579076,97.03889535279593,12.53771443686122,22.453355080438023,233.27169951973852,1,54.49373711863514,0.7123344633782699,6.977666278832244
21.445959976474956,60.30932082313969,12.005233475273394,0.06444549003382222,181.56313582816594,0,38.78603156349003,1.0250141858900992e-07,9.181440750611618
45.288563934282365,56.22805045315275,15.907488509474451,16.818848557059816,140.73653313286272,1,50.889570633041814,0.4616804648984488,9.426316972810834
63.5645430532183,205.68286810300378,18.120533045559277,28.607785934300292,646.2123598858326,1,87.24013609091023,0.9999997191699981,0.4590279138197735
44.35671457087936,10.0,9.901404596709622,13.594032020891953,28.12738647695346,1,53.417670913003406,0.06488484846001426,12.2
41.11870789562744,47.71611896534606,14.234089622229234,15.978353226638808,184.87197199440996,0,50.42432281604024,0.22447344508133535,9.937032862079237
36.21060755045685,218.94832481516806,19.080715780422636,9.83283687064351,561.0452967974419,0,77.16666751731013,0.001270597743996795,-0.3368994889100829
27.738727465430404,98.0735219253259,16.21339389857384,1.114277548701141,239.98788576163878,0,59.28814358890695,1.658711948114727e-06,6.915588684480445
56.728314875824424,50.448520970515744,14.734577793290935,21.98267913154411,223.22774307759042,0,68.41282884327676,0.014598429649146576,9.773088741769055
38.23515271538056,46.7814541689762,17.036484740599718,11.08818002370111,197.88031778425608,0,47.74515648227796,0.0071118766614930665,9.993112749861428
20.091043838689654,23.38033937910867,14.441109926533157,3.956027012585972,149.66933701331445,0,38.25490235365619,1.1791321214118744e-09,11.39717963725348
41.3298991587393,38.09496792615887,12.31683400787324,16.719633838189324,140.91599002015153,1,50.18788523946866,0.32916426928968456,10.514301924430468
27.491160833160002,308.2761861476441,10.651627634211298,2.162112882791626,725.8253843479388,0,71.66981658315996,3.6239936732768896e-08,-5.696571168858647
26.893019443721617,39.76551793745048,14.0615927149378,0.0,143.02623060107098,0,41.680080270121714,4.554484930670814e-05,10.414068923752971
50.111777624029926,53.399469919454816,8.035090135795809,13.147093701410764,138.9855182660038,1,46.197772913780646,0.5301297098946551,9.59603180483271
62.422820098208504,34.10823285668016,15.378695031250757,25.08314716610997,143.91568502790216,0,51.33047748126245,0.004302497305750132,10.75350602859919
55.4139509367729,26.681971530154147,8.0,26.488464284324458,105.05901074980761,0,42.81200286855833,0.003939716656661389,11.199081708190752
42.774606068194515,178.0362025373777,11.795515741759665,12.92514969997256,502.82234324568367,1,69.48890419024478,0.6926214885986403,2.117827847757338
51.66177144016755,31.594221682800733,14.752943760784332,13.513441149851808,193.50187507512453,0,44.61086669737312,0.004827396074920556,10.904346699031956
41.86259025786099,339.3311554844922,13.269466887215293,13.449324009777778,994.9750969614722,1,76.04826758957422,0.9573274311139207,-7.559869329069532
31.69131625603078,16.163252228373814,12.971869983525346,8.147218041204718,168.4512117034534,0,47.359168705396826,0.012923233798074434,11.83020486629757
31.457209605286643,26.909558741009775,17.29257085399985,4.227116975073445,101.66234153516444,0,41.375422803533375,9.88235644463613e-05,11.185426475539414
61.25078627933535,67.12742011525275,16.742477644525948,23.967995071887387,198.09874806405813,0,53.76627398305294,0.16533314250922018,8.772354793084835
21.241559228619614,100.72122072913156,11.156286676902901,0.009577774545278972,282.1370520900629,0,45.769621920071025,1.5036282929722144e-08,6.756726756252107
42.518930246479194,38.31858869631544,14.85987884377376,4.265347740911894,170.26424251122825,1,51.26367615466644,0.02814159007726217,10.500884678221073
47.3441493920339,56.37522717210652,10.507372440894748,16.43999486747834,229.17171069313707,1,51.57273562014199,0.6375738487398861,9.41748636967361
35.97507165681497,72.70373971357607,10.882379811053818,7.9558557282951154,173.82180156584087,1,59.301150858839705,0.7100858552540341,8.437775617185435
20.34417591934896,66.60256202456333,12.078704487687455,0.0,173.00811642092984,0,39.97858472598092,1.1125381200578075e-08,8.803846278526201
33.05454662157684,34.20362173756229,12.94136109684117,6.321573247381261,141.6013705286642,0,34.18690265277629,0.03970147908836172,10.747782695746263
50.57816475624114,115.54267484467479,15.64338945012755,14.54249654620045,431.51779609181574,1,63.394396247439346,0.6203764776863266,5.867439509319512
21.318066198920327,60.30446518011645,15.050740520538943,2.0873181562158756,268.47078065530087,0,45.844863532348526,7.006673961584245e-10,9.181732089193012
60.686685727448285,17.541425807513733,10.232751067795155,23.21184882625595,88.12661965988362,0,41.84102833158099,0.0001487120648190455,11.747514451549176
64.25297394623699,48.352509509533604,16.3291439345152,23.72573230878742,145.9966635556624,0,60.81465756760312,0.012963662113853077,9.898849429427983
27.467635500827274,97.42716402096146,19.84798397256289,4.835003465457188,341.5373967043827,0,53.90080446874416,9.475691257865907e-08,6.954370158742313
31.569462227499812,34.6467992179525,15.592706863830465,5.082915871082849,162.64638489637514,0,45.00603091466316,0.0007681673589994702,10.72119204692285
64.21661375916125,30.770337510067073,20.0,22.83876574007416,170.20243561260438,0,63.962046422851756,0.0006162965139696897,10.953779749395975
21.243811209656837,148.48109889413402,11.6655058562127,0.0,443.7212267680835,0,55.597822831729594,1.2964029999907782e-10,3.8911340663519587
48.71348832720636,190.6173944084798,13.162864359886186,16.17623703304753,591.9419724163303,1,73.24473150237448,0.9953972960874667,1.3629563354912109
59.869054069211934,129.72466451646068,11.56389656525711,24.01442279681271,457.2425194151134,1,60.76232107582557,0.9344373528149088,5.01652012901236
41.14344037432011,50.244141336103,10.507647647594997,9.418168094632508,167.62160873036737,1,50.059913697285836,0.7208472137097482,9.78535151983382
64.79442647783223,60.68085260326747,18.994688306519816,26.0674069715077,233.6763320406908,0,61.384902735690886,0.3994438927193696,9.159148843803951
40.4503292686737,110.45032117385944,8.958995326636831,7.125701869335137,290.1210327697089,1,48.58977958605566,0.9869391943510444,6.172980729568434
46.257032712447504,40.730477909334724,13.599442720467739,15.980372227158915,195.988521767013,1,65.26441256976617,0.1782697224085553,10.356171325439917
60.982597734858686,11.499576101618032,13.486152474352426,17.637509129786753,119.23804011851574,0,44.74173509815871,0.0007699748662321275,12.110025433902917
64.12594522527675,285.2522626127014,12.794085983851767,25.246191348553506,844.9448572365571,1,78.3998004217647,0.999999999803314,-4.315135756762082
52.97009460370021,33.557176326537615,13.354253623139966,19.230826231229276,245.1773627803919,0,58.062675017855234,0.022014133774811803,10.786569420407744
43.99119912474549,57.955416556505305,13.417472311862394,9.79262518013544,198.8716462976887,0,44.84499611257372,0.37526306975790236,9.322675006609682
46.686788340727105,47.69183812422409,12.051151996274754,7.452083774919944,143.17291917369494,1,53.83560704482087,0.7444513143860588,9.938489712546556
59.43806675303204,68.92350438317871,11.076457663806266,26.09809418798731,266.9694959609559,0,50.32593758496471,0.2361624267603946,8.664589737009278
40.97849958054208,40.36114684525355,11.310053233896426,6.238383455516605,193.0836096518994,1,46.501864454744386,0.6347958753273395,10.378331189284786
40.257449316374675,187.0226418972912,9.133588489017269,7.105030644648844,550.9410334199803,1,71.88304198225408,0.9829171575579164,1.5786414861625278
59.30308207465278,28.421678217988003,11.263339697657004,17.986723441306324,65.85636165680185,0,38.306263520240115,0.01927565117724528,11.09469930692072
58.56756095217433,34.00486485814943,17.62847668630531,26.19610479380614,87.28800873668493,0,55.09153806128744,0.04054744620913532,10.759708108511035
42.92327601915723,82.74332820107975,13.868864509190878,12.629353220218546,234.70861825643306,0,45.95545810214954,0.24465245930379578,7.835400307935215
21.18858662651368,31.331626740166335,11.806214264912946,2.3609906096882627,97.75715616644312,0,33.86095910076121,6.30555389773372e-08,10.92010239559002
26.228956123571535,109.72640330658193,12.206453999897604,1.3483998589138593,312.02483535293396,0,47.29690384736359,4.347701781457592e-06,6.216415801605084
25.596784416053914,10.0,15.661548173040037,0.0,65.48958840973486,0,38.21799090527929,3.6892171671694946e-06,12.2
41.41726368615887,176.6424654804729,9.662945672546183,13.344238200907034,523.4032040551592,1,62.378700140996465,0.6812634352841465,2.2014520711716257
21.59651433175465,84.58418267949634,14.352762792207992,0.3116926095731816,209.75068931709836,0,50.5604977687382,2.9703224067741527e-09,7.72494903923022
41.46494217261228,19.601455073653852,12.077072583057573,10.527482536665072,105.12359360408324,0,48.92433511390867,0.08636148147546134,11.623912695580767
62.312058068208145,112.15349362648706,15.540866552949371,21.530319141070578,383.01666708826605,1,71.1871503071543,0.8712550617538751,6.0707903824107765
60.755129097491704,61.01829920703536,14.9315102820906,24.76793934951749,236.63165358794237,0,51.137819131468724,0.09546394073634548,9.13890204757788
49.93371799837147,45.99288874040828,18.941931075753523,16.94294092336775,114.19920859803912,0,53.813009762496016,0.1282693130032218,10.040426675575503
52.319087140326246,220.04959567237736,16.529517482161147,19.672369850363168,682.1408996923944,1,73.02371660553976,0.9996060557211413,-0.40297574034264194
63.47967726418392,21.525076968945733,12.136055246611209,24.437405799692588,132.07176929752129,0,52.47029292644807,0.00023989931823694804,11.508495381863256
55.209717295461765,28.42402826664862,17.183640417040728,19.22200480114465,135.1909210487174,0,51.65784013220829,0.008275753747069117,11.094558304001083
30.442959524653176,21.5861578700687,12.773457869698312,0.8368207561533074,21.233073576327442,0,26.061794369681536,0.004298953950295627,11.504830527795878
45.69389457495959,19.643611224101946,20.0,9.514051558897027,125.12744504816828,0,51.59566146836952,0.0011325719854795686,11.621383326553882
63.72852194027399,134.78950971472509,13.425606364115763,23.87679536027087,503.3113382359038,1,69.91770191785113,0.9836999227010831,4.712629417116495
34.661278602708336,13.895441595142954,8.0,10.275888554028743,163.0844700508049,0,41.313621968352926,0.1811325504837941,11.966273504291422
50.31291034066801,55.96237700725892,16.553664500024688,16.8850390070724,231.9760287635012,1,44.476562204337554,0.25140759996173506,9.442257379564465
22.46321912531273,10.0,16.541484975947405,0.0,34.28267930373549,0,25.90060700627848,3.0435337317449856e-08,12.2
51.66065906701736,103.41589233158413,17.983686179731237,25.294577659694294,369.5751658964783,1,64.51429928060362,0.8983590400259963,6.595046460104952
22.474772947634538,24.95148578195769,15.262429380609273,5.624161340678974,152.28981496977312,0,44.93667863146129,9.828103439796829e-08,11.302910853082539
44.69851106509634,24.566539423552477,12.815381111459466,12.977827180326491,154.46277935976812,0,48.25546922416733,0.021633196599799655,11.326007634586851
41.14102121952369,138.8103171289012,13.267045624321405,8.43743194417153,399.34396643544056,1,54.67180108277244,0.7294562060524618,4.471380972265928
40.25101529848116,91.46429368441228,18.305540206237467,12.23599193142282,309.6919977997798,0,57.74237136343451,0.016223581900843508,7.312142378935263
57.51486890240182,47.90653884821748,8.7142137412589,24.676505964383608,171.26829137638285,0,53.53324148724422,0.013488943345584719,9.925607669106952
39.47557767521346,18.618484789629935,13.89776128368888,8.485922514276965,119.29094985549006,0,39.068984112679765,0.09874703488232639,11.682890912622202
49.456591272912426,72.18363090426921,16.159393418791375,18.013491321325375,311.5351276004316,1,57.030228578587185,0.5521272474894598,8.468982145743848
33.332624109454926,117.81845895603031,15.161970425291383,0.7203493730229811,416.8053948514366,0,53.785739916036746,0.000505271831467431,5.730892462638181
60.564893258982394,14.883476479702773,12.233862727136259,19.951462598514823,166.50062570644042,0,47.937720925181985,0.0003394695020885738,11.906991411217833
21.23728921190289,98.91098324999143,17.93920546902731,3.04324635536376,391.9274544312809,0,57.35426078665635,3.5897238464787765e-12,6.865341005000515
22.658673962777492,93.24598970421788,8.698539547512286,0.0,244.15147809350776,0,43.138864302695076,6.054661333749208e-06,7.205240617746927
47.36784953639499,218.03802531789614,13.757003293283333,15.118845059147166,557.6040155795989,1,71.83457101079323,0.996567813350015,-0.2822815190737691
52.33917695054524,25.996220475801547,13.613756468558448,16.863586489226066,120.34780530315416,0,47.167902331225854,0.03917066018761881,11.240226771451908
44.733766867118156,58.88423274795867,14.13937326410703,14.18129851819893,231.39605315467415,0,39.80134076605687,0.15079847404629804,9.26694603512248
54.932965858310055,59.05874608837249,17.051754333655904,23.884529999562105,171.84078971864074,1,68.92869635420249,0.12270291388290559,9.25647523469765
42.38556961336913,21.089230374847148,9.499411726081258,19.17195620845553,101.91573809289625,1,46.99334980231828,0.14220145524041483,11.53464617750917
34.87266222922107,33.87139012225146,14.396136894346874,0.0,46.530178294026555,0,39.056011192184805,0.019700312193716204,10.767716592664913
23.56049649694095,61.27155802410126,15.782772890071868,0.0,235.98049429708206,0,40.7686103030337,4.3912796651252616e-08,9.123706518553924
51.464323113542676,47.45553332138725,13.223784020858195,16.17151638400671,146.51408972822554,1,55.85014110594346,0.2458465156758478,9.952668000716764
59.60607836839816,49.80924317331666,16.371501986082365,24.99923251152679,207.8711717880736,0,56.71177125446921,0.04307101456671152,9.811445409601
59.03832948938645,107.11965896158533,9.691509353616919,19.801459369284476,418.6816038043066,1,54.444197417201515,0.9106103399968638,6.37282046230488
52.417230420513356,71.19717782009901,12.508055048690967,16.615866835710666,221.04374301321985,1,56.268073378632934,0.751010217541607,8.528169330794059
35.74949058221145,18.31215777757175,20.0,7.053193457727009,97.86501021028994,0,41.337211762834684,0.0008040152164869035,11.701270533345696
33.68370860160718,41.518711023861236,9.559020846742138,1.3273187719422914,157.5000327399829,1,52.61733118403939,0.31121656453432567,10.308877338568326
52.355505559344415,243.51397483174063,18.362336158052052,15.730308119125024,593.3886299378877,1,84.71687455167232,0.9999234509699693,-1.8108384899044374
47.67487470472773,98.63003433498125,11.360669728256468,11.795263216413101,301.41095891414113,1,51.19482392499789,0.7738931445174267,6.8821979399011255
32.10533636353084,33.22120284760501,10.426612979647548,6.501324927962354,260.17493794046203,1,42.87998479454491,0.08117497902072258,10.8067278291437
33.85089728802953,34.702101663269914,12.214194484908713,5.065578482119873,135.62535929198148,0,34.43332473979831,0.05319877888640684,10.717873900203806
40.4902957928088,26.90189204069575,8.958224177347136,10.890502213999588,151.26189219329976,1,47.47209833194123,0.2969977342897684,11.185886477558256
42.73274998834299,89.59229393743641,10.031643989513237,11.919259710582295,299.80880255499096,1,50.01589762867121,0.6608106121886853,7.424462363753816
29.760049339856096,102.8005421065873,11.698644356788499,8.529143162625536,310.4297110118843,0,49.846575511472295,0.0026471964170098673,6.631967473604762
34.01065371087175,58.19767875444948,17.703292463256048,8.09978592760811,211.66149958525824,0,46.6230273685325,0.004306780270939462,9.308139274733032
47.741314445742375,42.19413895781351,12.970483423901314,19.611104417386567,136.02778484648687,1,49.6552042076317,0.16100357887139863,10.26835166253119
47.38862765689697,92.40388201799382,20.0,22.20895818678178,303.2141347795667,1,59.67462989169916,0.42060000630712047,7.255767078920371
42.81610297413485,22.79294771878217,17.255226966525896,16.978649049815104,118.15482473278793,0,44.507106462840426,0.07010637427807931,11.43242313687307
21.037247762947437,82.8255688002989,8.879176328235173,0.0,361.7463212115763,0,49.69911767262615,2.3839331789065445e-07,7.830465871982066
58.55349534740857,54.06688616396617,11.639856130194126,19.999869717966078,206.58961010080202,0,42.63830199727961,0.06949443155002444,9.55598683016203
39.395414396283854,94.13175160636466,14.270506707850014,9.882682359357549,309.174970198081,0,53.89318819688486,0.2225481950840286,7.152094903618121
37.7144446777846,13.82540980171921,13.408753097100526,8.364109790520455,162.223322753292,1,56.78956497385175,0.07708676917745999,11.970475411896846
50.121058941352956,107.36957352435608,13.680375870460594,15.555228993231424,423.36922383278124,1,61.064749797120285,0.8214115691031955,6.357825588538635
20.4934424162844,69.1419980962795,12.269049349064817,1.2331289458346775,268.06492747597395,0,39.63634404892245,2.5595802791487116e-09,8.65148011422323
25.243138828390478,43.51415610245911,17.93785716503718,0.19688711027992212,192.06041244292166,0,43.0195803540185,6.418062797384565e-08,10.189150633852453
58.25366682033771,58.89889643726844,11.484842198168383,19.429181936393533,271.201670956792,0,47.99199277809218,0.1447012761125893,9.266066213763894
31.64004446334559,17.410625192059694,10.655105652608755,7.812997972868251,62.865858923203135,1,44.357512019447725,0.10968591630773962,11.755362488476418
35.05786229641352,57.10079891385385,16.408574958684763,6.180590673528361,224.40546106218423,0,52.31541415260736,0.009786150514695545,9.373952065168769
29.639575728123383,191.4876893124436,14.497252095849237,1.490813228901617,542.9442861645697,0,62.085011251314796,1.1713436801574539e-06,1.3107386412533844
62.965169003342865,122.79355062061249,11.259041233586704,27.09877659343099,317.40202192064896,1,58.90643800179302,0.9923975853497143,5.432386962763251
41.380321400007084,50.82766964254557,15.083092255190964,8.976329841156462,168.7357651623288,0,49.5793997396898,0.17878963879411772,9.750339821447266
50.95605152156289,33.88693360934691,14.257005895708257,13.285565229989727,147.78139019656078,0,51.16250328072361,0.010025453160550236,10.766783983439186
58.47763424926816,22.178900065062834,13.65528457499787,23.312717693981707,89.86191288252216,0,56.45077524234335,0.0006197538601763943,11.46926599609623
27.118882839925654,139.07253751102513,13.53055235858443,2.23347642664071,274.1521612491422,0,51.29470253371926,9.071281058281954e-07,4.455647749338492
42.03208418102385,19.206695644353307,19.157675675780325,10.998060828108818,153.52600058035992,0,52.0712086529909,0.0011340326980690358,11.647598261338802
41.06643795780414,43.753790320363855,18.071339191390997,11.760972223414214,138.32268282404033,0,48.30086609269005,0.007032817632009978,10.174772580778168
47.712922971905144,62.05378281021545,16.022519360989968,20.50296416478602,325.2710811245033,1,53.573080591848566,0.1363631125629798,9.076773031387074
49.60359553042606,16.233259370806945,17.86539969511724,17.728293823357948,28.365048710756625,1,73.26574426311214,0.024961291478214288,11.826004437751584
26.3544658367477,129.13679148890006,11.978772765065855,0.0,347.66400613767377,0,51.229224253303684,5.575925326325289e-06,5.051792510665996
37.4372190141802,72.40218396863995,11.314169591659402,12.294584190251193,229.41009956713458,1,51.17433422326107,0.12675099627312228,8.455868961881603
25.570469512775773,48.847218901922076,17.685269295883046,1.5958938079216731,126.51938148552742,0,34.790810458029085,9.636737237751114e-08,9.869166865884676
21.48536070617472,17.316621625141714,8.0,2.7895722380552272,34.124990637461266,0,32.454151232590235,7.591109933377853e-06,11.761002702491497
57.43391444045382,53.78236884392016,12.111761685349451,21.407910508102642,282.67748963904796,0,53.50339999427976,0.01810630908373953,9.57305786936479
34.6583195010774,54.43737183744767,12.50593668769658,9.45142659073325,174.50202800553183,0,41.831482832413236,0.09345723908970704,9.53375768975314
59.48602611541362,117.1670713366548,13.641719246659653,15.168256915224775,326.66056352902626,1,52.829049760243606,0.9680743717216374,5.769975719800712
45.913212385480065,271.47737947406193,11.980472963254083,13.444257145615666,713.1775659970394,1,72.24940134281191,0.9984562869258005,-3.4886427684437162
41.29927800507406,25.0049346378961,19.54461185636291,7.318715133347084,216.50391254047776,0,41.41565258147424,0.00216764218656729,11.299703921726234
24.766185425380527,39.92160605722176,12.60878613878756,1.5621361205318063,219.53859716121065,0,38.30183215667946,3.6167178829228702e-06,10.404703636566694
22.901895453109592,52.233585931548724,18.683659492291238,0.0,131.58520465339365,0,40.61854153988777,1.3937645221893792e-09,9.665984844107077
63.22027820841037,33.22467973868045,8.0,29.966623375322513,89.15843805458337,0,51.126424009139114,0.00029230647479740613,10.806519215679172
20.66921612904676,58.860453509285186,15.319060705637106,0.1235364683430461,184.56302478325077,0,41.24834662140897,6.877369476706643e-10,9.26837278944289
60.48157774425523,26.228922400797458,10.681433747437286,22.06047751116079,188.8984657030985,0,40.217025883773516,0.000337458238006087,11.226264655952154
37.01381984515682,89.67870278903018,11.684407397229288,10.744690921547848,277.27001996414896,1,57.136512898280365,0.1909876783847788,7.419277832658189
51.64009051579043,130.3784587239786,11.245595696554957,18.142366584563682,380.7235947110546,1,59.1570529362005,0.9853412024934566,4.977292476561283
27.51219354310393,62.96598655282062,8.0,7.285494553181211,247.2259574365931,0,33.62442082285518,0.013639098400262792,9.022040806830763
61.92541110593355,34.77232518428591,17.951988020906608,23.75920577513323,246.52036378754957,0,61.5707435655012,0.0014157679507968669,10.713660488942844
47.60802254838604,46.61613612868513,18.793675280745504,14.436233888712646,188.9001857048963,0,57.548998168088204,0.016663368877193552,10.003031832278893
35.793233072542094,24.41388230116427,8.886408337491362,12.256522651158626,79.5029001665833,0,38.476073291039405,0.08466988701369829,11.335167061930143
61.555013432800905,48.307975528067324,18.41574886416198,27.226502914038647,199.93976864100193,0,51.971397479700954,0.18835460759035771,9.901521468315961
53.10822079351056,70.59350634189659,17.035873316948813,22.849601989801506,258.733431419525,1,61.20222286294314,0.16901644857350695,8.564389619486205
34.81666259642442,98.23148462742284,15.093198346667258,9.973631843957449,288.93242903117164,0,49.470390167538824,0.014375353047658641,6.906110922354629
32.091757701793064,32.290630696937725,10.52954265120505,5.114305024638518,149.96344565272773,0,36.356222489199624,0.06988565071786697,10.862562158183737
20.682514835670986,25.522655173895515,14.141072873272519,0.0,95.80668356948313,0,37.83795611605419,1.0859560816922362e-08,11.268640689566269
60.325286409419796,137.90312889461148,19.469264649995242,20.877193427325327,425.6064296401978,1,73.52079059418601,0.9788177545311212,4.52581226632331
26.091266221183673,66.74156016377691,14.802116779278037,2.4192643935644145,166.77379044789745,0,39.62803782474453,2.038298593278733e-06,8.795506390173387
39.47296872089433,473.79990395617085,12.740361753318806,9.602450881560618,1000.0,1,89.72625084733096,0.9947138508470319,-15.627994237370253
48.76593057170985,59.6559321709987,13.57820714954818,18.018791853787974,259.87064644989164,1,58.37821386065042,0.48762210582450227,9.220644069740079
46.91624580359952,187.86477880192035,14.270857906803329,11.855284618130764,473.86192423955066,1,63.4445023486357,0.9358916298551091,1.5281132718847785
30.549324813094355,196.06221801283488,12.341582536504365,6.982137812120945,520.2873108198643,0,70.79297180668735,0.00021681352350842462,1.0362669192299077
54.62064544264328,47.57838908892921,12.265668210413711,21.17365421011254,216.71434654234264,0,55.49766688413307,0.021723213482111384,9.945296654664247
30.262759427059844,23.62342068560143,14.639171390201392,4.18211913875208,132.40711559443125,0,31.518997227380403,0.0003429121557309605,11.382594758863913
46.200380841058404,77.01808661734215,20.0,15.004802907936641,197.83298078813652,1,64.65705616564429,0.1626024487062399,8.178914802959472
62.485976781960495,96.40042506796607,14.19331568240091,21.290803215536215,377.8359119016533,1,62.79605076013295,0.6244910280711724,7.015974495922036
59.9712398758126,94.25923402079015,10.997642814647072,25.462070898117943,252.81596635418506,1,65.81210257824301,0.7941488360932402,7.144445958752591
51.341318943345556,22.286178060824398,12.986754734655227,18.343406053526977,75.29455255400785,0,40.901371978422155,0.04493194659560518,11.462829316350536
59.711258823134145,32.53114179652467,19.306809486492543,24.845333965200968,163.80586157122036,0,61.284713333877434,0.007325311041177122,10.84813149220852
60.03906302087129,22.67380846204616,11.079439691023595,19.788934318112254,166.59696336315736,0,43.08384686583239,0.0013572608137174455,11.439571492277231
32.70136206438703,122.78179478726868,13.617649292013576,7.3949785108321855,303.77944352381536,0,48.88917224156082,0.011168378179537206,5.433092312763879
50.63603248973219,20.017553645365094,13.30228296095927,18.801788576366484,140.40822413768018,0,45.30442259289028,0.02386548728221802,11.598946781278094
23.67884297366263,80.22119763844962,14.628102286123108,0.0,247.17719656548408,0,48.94122362469585,1.018395602806144e-07,7.986728141693023
43.852037734750326,19.485351401674926,11.351794678884175,12.118137464721608,78.85341277720471,0,39.45497572659934,0.05093258887769608,11.630878915899505
44.332455464590005,41.49760412279232,10.903929861765846,9.86082944599627,150.45008371003874,1,57.335285773666676,0.5017418405852131,10.310143752632461
23.647291539366005,19.896440418851327,13.689925258150232,0.0,43.25961150547793,0,39.36751778586206,2.5808322062166893e-06,11.60621357486892
55.89428845299745,28.658416218031693,13.554962078618129,20.754617079641612,194.54141004211783,0,42.995873289422114,0.002595415311727228,11.080495026918099
21.704389796578376,44.02924534213943,17.78852184681387,0.0,193.89960384364545,0,40.60789138829716,4.391793079815707e-10,10.158245279471634
42.983476349336456,38.99745902072619,15.783864511951588,9.049705644011823,116.00546982112034,0,48.01838815197394,0.08597395336580423,10.46015245875643
22.564630149559825,235.6132890579793,19.26115787436634,6.473593926097777,610.7654817969752,0,73.62040266048997,5.982680749510204e-14,-1.336797343478759
40.20225658429878,19.05727747432962,11.941039019287329,11.294835241785416,65.24347960163972,0,36.878700069830025,0.06320744593875419,11.656563351540221
26.94803185623828,110.03238517532637,15.356789108742023,6.2266654262467185,376.7791044621188,0,52.78066928290153,2.7361543959378e-06,6.1980568894804176
38.964333738792014,107.05179579013958,15.378862788908481,4.6654452618014455,341.4001313953945,0,60.04399637482966,0.05233355658096503,6.376892252591626
61.16725677693853,173.37936190016,18.318183353672723,22.58408011860117,597.3721983251514,1,74.90892797618615,0.9989075466934311,2.3972382859903996
52.579653539523136,46.727870589419254,10.945416103865567,11.538441510414808,158.6403484885127,1,58.99674528984404,0.12907954424468948,9.996327764634845
44.58983935546889,74.43261616575893,9.738500810064453,15.749454079360222,316.5261118676579,1,56.50083775259887,0.7762211553312296,8.334043030054463
28.07281289660213,208.50944936946405,8.0,1.2596789162953144,538.6341009314441,0,57.440568097717446,6.1271144989012e-05,0.2894330378321577
64.3841406916257,57.44297488667534,17.73394614846041,30.962301371256764,260.9998626249299,0,72.17460837399312,0.134658873163463,9.35342150679948
46.80819448622308,49.97681659049712,12.098379085474509,12.104177138452275,190.60636192431232,0,44.02151254032007,0.13698429085368571,9.801391004570172
57.86484729394301,59.61184910174217,14.34799855427871,15.48818524127087,188.0725045093122,0,47.989826123611245,0.16107347374358807,9.22328905389547
56.133916097017476,79.35905790728532,16.57075375463225,22.135800390293916,287.35508682141835,1,63.09750987012225,0.2310910527495549,8.03845652556288
49.96051558282093,90.7247738283039,10.026852771905274,18.525178658801423,251.18182776513373,1,61.16764972787576,0.9334285054508815,7.356513570301766
48.43410990458881,121.65906427318723,8.0,19.37617126114987,357.84884815245226,1,59.309676217085006,0.9464900895336619,5.5004561436087664
41.013780171387,37.326193221987616,12.042810525823542,13.008116216587016,115.93337994010653,0,48.92623426076027,0.08166641526726146,10.560428406680742
59.88858593057049,48.29049368145195,9.297359529671429,28.79854154289431,148.74365292856334,0,38.67946246534724,0.013683031449669699,9.902570379112884
54.630847909303505,231.55387503519853,11.685203800626613,23.48223993504623,596.1466887380997,1,63.07593053299505,0.9999185656148791,-1.0932325021119116
25.71056077694029,10.32092229333643,20.0,0.5922469386014493,143.24179442980434,0,47.931270123694944,1.930800298012794e-08,12.180744662399814
36.71423142420426,17.994976732362176,13.170763888637234,6.545486287531752,74.97441658364801,0,36.35397751616499,0.1308261028931535,11.720301396058268
62.69797063528112,63.64362350757063,15.877871813938018,28.274653971436027,250.39823888160328,1,61.37511384704621,0.42715969042819507,8.981382589545763
42.05684545352581,121.79498537523723,13.822920949090411,13.140794998736014,451.19019170296144,0,62.094355298384905,0.1646194783238785,5.492300877485766
53.26425008921998,70.00066870912309,16.942928899422117,20.2276988628768,252.10876703492545,0,60.005869372883176,0.26549270870525477,8.599959877452616
49.707286418447964,167.70620834894783,15.709740851374647,20.80241629439468,480.64637258709007,1,66.67349806263901,0.9607163584916779,2.7376274990631306
60.19260743354746,38.44451305294943,12.615546969999206,22.377803394155443,118.04366956669475,0,37.29821331951136,0.0026970949237783344,10.493329216823035
24.17893151750715,28.377650057365575,16.604481850309,0.0,158.75104253940617,0,35.154160625380676,1.0411568689722147e-07,11.097340996558067
38.80837718955661,42.14631268676156,11.108117752097415,14.154739010587635,178.70708878431373,1,48.03899838717335,0.11140895303515515,10.271221238794306
55.403029123464705,73.70460568952402,13.12055321442583,16.49753858350368,272.2689406672701,1,66.23717926417432,0.6593790417831059,8.37772365862856
37.455592611675534,73.47873320090748,15.772949780610354,7.474535691847445,249.04319206474372,0,53.18407541013118,0.10676443990840678,8.391276007945551
33.611157699394056,20.590964274159386,11.337313380842495,2.279432385531159,31.140610887307545,0,32.07297262167052,0.05109470207415588,11.564542143550437
21.591217143772475,10.623273665579893,9.003624719761737,4.8860554248168935,44.30240233963632,0,33.03689136751033,7.288177535895619e-06,12.162603580065207
43.996437891118106,69.98608641139539,18.823647293169536,12.067688155513936,240.9270687552044,0,53.893482165942004,0.018996696588334253,8.600834815316276
31.49398877286163,193.85113539050155,8.0,7.338448540240996,577.6673910155804,0,63.35163752430161,0.013808780097362377,1.1689318765699066
33.76709228677664,55.57233173824577,11.566276259571525,11.674755699489731,217.99483146822868,0,32.515467223148065,0.015942092891288916,9.465660095705253
43.28643906088027,126.40528634713425,18.849214754927644,9.957956024439493,366.53655211378583,0,66.6753280141449,0.08301865935922435,5.215682819171945
55.79173920342907,46.95062158548299,9.845590631466791,18.195238686282,152.87701786788855,1,57.160054226743085,0.23574980249596048,9.98296270487102
23.002000772582466,25.350649861537445,15.777355953804502,0.0,55.015495783934995,0,42.442220178296175,9.065655662595427e-08,11.278961008307753
52.08507540978575,172.55484049813595,12.576674591112845,22.369163945649554,608.3034941638272,1,71.54028393027373,0.9575597496146612,2.4467095701118433
30.799808192706905,50.875682356713035,11.285461216443359,3.2967159825687777,152.1166925432961,0,48.57127555696547,0.00903813879031325,9.747459058597217
59.49472082773129,22.24504698338916,11.673338233929092,22.064594912294712,132.66298576703517,0,39.13709609845869,0.00034095758991299326,11.46529718099665
45.55796459471752,26.846404271601507,15.05887061821806,14.658796850828791,118.62721863942237,0,51.19632192425916,0.027856690381558726,11.189215743703908
30.69005969420703,180.02630626646726,13.57681946335271,2.3959896627795323,475.5200854062846,0,66.40436438000157,1.71735033545105e-05,1.9984216240119639
21.990393800822737,20.556770787950807,15.589711618905703,0.8238738606978777,53.559443646328724,0,42.281051448115925,1.631305794206454e-08,11.566593752722952
54.778471197877124,20.14242664127846,15.752706944468017,23.32246856341942,92.13398441511544,0,50.73946184483446,0.0016045471153700792,11.591454401523292
27.94034935982825,25.89723298851481,15.323065827273307,6.339586735282983,147.03726993108015,0,42.05773509182713,0.00012475425604718918,11.24616602068911
27.246367351412562,44.43138979485644,20.0,6.478943294259008,154.0804888352381,0,41.842601319403656,1.874992286566658e-06,10.134116612308613
39.88096997273594,30.462181562107382,12.598425193600928,14.884569732774317,135.32287273385137,0,42.2498546494592,0.08750249470971119,10.972269106273558
46.40567688675472,189.00345288883605,13.156121080989791,15.719385867677522,497.834300320423,1,60.40712746553056,0.9874318286149066,1.4597928266698363
32.571747926393115,78.52522486257382,13.001025793137703,5.033891224919863,232.4701283406997,0,40.16243979017036,0.017908794071460007,8.08848650824557
36.10320368480118,13.661347694065855,11.862433933065585,8.77883472951033,127.38197429575044,1,55.816374778430756,0.13397080902627145,11.980319138356048
31.060062237218034,10.541340604510658,14.636751221066506,10.744484659167025,89.88264435761192,0,38.61432207215202,0.0008863596360557654,12.16751956372936
34.47397501077985,165.61090115412645,15.022294117259758,8.896487065506818,487.21323404867155,0,63.13239129431952,0.003723012020319936,2.8633459307524127
43.057934523484434,15.166798901639714,11.230090948479301,7.097618677718663,97.3145158634833,0,38.72162550165607,0.4681049071400432,11.889992065901616
37.187457132368806,10.0,15.467672954656955,8.472567397031792,64.49417484623037,0,43.81107194652595,0.027028813500024042,12.2
36.02093050708707,45.39058553396898,13.988722391354207,7.989526447440084,146.35863891719077,0,43.96535847106459,0.12289063840555411,10.07656486796186
56.2735814912225,73.52419766795794,20.0,15.277427801821128,243.06765067034488,0,58.03074602507357,0.10297032018057248,8.388548139922523
60.50260078826161,16.002889802851072,10.45632479601473,22.18605747824558,60.49136837763079,0,45.322411017348344,0.0001634991803497003,11.839826611828936
56.36511639812564,70.72813837378882,13.41919763890524,22.885054083855557,251.63268293807417,0,54.19514585810368,0.11847078946392622,8.55631169757267
41.698239767109115,28.42567978308598,20.0,14.458579548517804,0.0,0,49.922378548381175,0.010457441996004558,11.09445921301484
55.39325488907503,55.953534574002866,16.13710354341806,20.26342132952585,237.29013252279185,1,57.46672395539229,0.06618895121443785,9.442787925559827
59.26515640499546,95.73267231506814,16.28220749665047,21.373519221088223,358.89387831556564,1,71.77652794623788,0.5395015108042143,7.0560396610959115
49.00130599045126,88.62500629042674,12.236990382690127,17.1978548074483,280.5757907303044,1,53.91559835776182,0.9097177994561897,7.482499622574395
43.92116311766677,36.21290930566648,13.208091258840556,15.497497553398196,130.5233072950829,0,49.69529858053068,0.17155995126167617,10.627225441660011
48.56469150793395,56.113644254178325,12.70222652354527,13.201229622514374,178.63057527621328,1,54.17820872569058,0.1596353702212493,9.4331813447493
30.915571641546613,78.05552260913457,11.046708359194277,2.5235304049059724,292.1406564336594,0,39.1531021360067,0.006966789059892679,8.116668643451925
59.83155450776026,164.95813175323278,12.127827171947159,20.417808782813488,499.21263610438064,1,72.04386495477559,0.9987612423419123,2.902512094806033
43.66975126075724,56.432173288708285,16.472555459186182,14.069762300635245,200.9978822499039,0,58.00725233946063,0.06025978748217197,9.414069602677504
53.5083939675856,216.05163466284432,15.262732324589882,19.309293196206298,618.5102924820914,1,69.04005193759014,0.9998563352646103,-0.16309807977065915
50.76761483995688,27.357175004238727,14.420018351310093,19.900320419659508,113.47598306254092,0,57.13634861122223,0.02189848170455109,11.158569499745676
40.32172383406045,113.72090532421397,12.121727220300677,8.895030414236437,272.3600881630526,0,55.43058277112276,0.8201356075144601,5.976745680547162
64.76467574545303,75.87931504132875,17.55771535237962,27.96279322968126,356.77734234788113,1,63.08120121844898,0.8284101493908946,8.247241097520275
60.992061437256076,301.9193935666544,14.334778354299125,26.481805960956383,871.8976913470857,1,75.98270907797512,0.9999999997981313,-5.315163613999264
42.13926376050246,42.48112988059144,16.66164571664876,9.305472389632772,170.82499806599856,1,66.30795879899941,0.041078678019411674,10.251132207164513
48.88758814871787,15.05641665220801,10.118578671552052,17.966549256780954,77.85870121151726,0,36.70094345850115,0.08326707915773578,11.89661500086752
24.07948450383295,68.92911114917615,10.689702732165223,0.0,158.95461642908057,0,36.19908592491713,3.0934447526947126e-05,8.66425333104943
43.37012151021037,30.514815613136395,10.972110598614666,12.2513378565361,83.81985330816553,0,33.227082072573076,0.11204510952880602,10.969111063211816
20.71670893211076,88.61749662188357,13.86315372050872,0.0,298.80441758204745,0,40.38058916344025,5.813657496637633e-10,7.482950202686986
62.626821802030506,16.535271844898826,15.706984271299262,22.472330193745677,180.5307131582702,0,53.922804575388625,6.661070185700719e-05,11.80788368930607
40.61143296884252,42.48517081024036,14.237484806795363,13.348132638318882,129.4957695077175,0,42.402406561143586,0.04397723926669851,10.250889751385579
27.632212313956675,46.36784241778407,14.099468545826443,0.0,245.74684870283244,0,42.14582374011668,5.747733352618869e-05,10.017929454932956
27.176691478677295,79.74396985350614,12.201415492468486,0.6699480544581404,298.8619636923175,0,39.21864528273026,9.2373084012829e-05,8.015361808789631
31.624979194086038,101.1728394007694,8.0,6.408782142824402,258.96057939774533,1,54.72692284077674,0.34506764985471045,6.7296296359538355
47.597407211691774,36.75050816844009,14.685411090439887,18.480882142226456,126.45107647157965,1,56.2340458505046,0.17091537922284997,10.594969509893595
55.90567087148906,36.456025216061384,16.61785658241398,17.07912497638451,146.8043626828277,0,47.01555691492567,0.02443894284357539,10.612638487036318
57.91257724264108,35.83932991505754,13.973931809973966,20.80102972887829,147.82436664281715,0,44.59668150733387,0.004804440464324455,10.649640205096548
43.85774196306009,77.74173630827683,13.96029766877991,16.15396499599585,283.3188408800508,1,60.2351492393037,0.6229605779110114,8.13549582150339
58.11294625337107,73.93891325990732,10.49973793376569,23.255390808645323,225.96129419762514,1,58.29686260034684,0.14607374392508327,8.36366520440556
49.73904163373541,32.37315130875073,8.0,16.204216333638595,191.79442058002644,0,44.71816875076327,0.2508596157812334,10.857610921474956
39.58100441879495,40.386516788454564,15.225206404734632,9.187965231902155,247.24852304912793,0,51.14090580774278,0.04598179751530612,10.376808992692727
37.2630308216778,97.0856979015122,20.0,5.796808022464388,357.6151258163191,0,46.14398667250187,0.001323951194220634,6.974858125909267
20.393755012919392,29.79446564251732,17.402658994848924,0.0,121.83724301061046,0,33.840516569703944,1.4649237726658426e-10,11.01233206144896
50.18554203751261,21.404196205041703,20.0,13.812755462516398,218.3181694244352,0,50.032622128682206,0.00034370717623898945,11.515748227697499
55.68267529556681,68.56485974996144,14.097398811692212,20.530877797954666,198.3366438641144,1,62.00336081813565,0.24977256276705603,8.686108415002312
59.815072332790294,25.948143709542197,19.91982331999688,22.179170838004502,178.9026691241984,0,55.23361883517031,0.0004798403550974182,11.243111377427468
41.99314287057721,52.78955850501772,12.267862555290789,12.819040941111941,150.8698568792713,1,56.91216658058395,0.15787123724816562,9.632626489698938
37.21301506457719,43.490600326084234,19.31876219416879,9.593159665935504,221.26179173612798,0,44.98611283541883,0.002314846799713247,10.190563980434945
25.78500980705134,11.20201071513661,19.781810618955205,0.4925916216642432,142.20499081368746,0,45.28220103493297,2.7241136898567854e-08,12.127879357091803
23.321921608512078,53.29124929713354,14.211627248956166,1.750443308348757,255.82406962367878,0,40.12471233741952,6.02854171801742e-08,9.602525042171989
34.045442847093724,105.86968100442606,20.0,9.234208982364436,331.0646313446286,0,56.15340860843578,0.00045151496022684257,6.447819139734436
40.344312591232324,14.87207463877154,17.268382070384487,9.219977260607823,58.36099993107376,0,49.35752855065656,0.010871673147512277,11.907675521673708
53.13997491292077,19.10538606265457,12.465444302712276,21.327658791094965,180.17396026341697,0,34.61604339603484,0.001505628826671581,11.653676836240724
52.795814352488335,27.00806296235281,12.294707279120738,19.542245047028295,78.30337692601672,0,45.899107594842164,0.024930119647642468,11.17951622225883
36.38652137905097,24.972857831744513,11.9269363475265,13.000286648496187,155.68246217288473,1,55.520725455934326,0.017230788247668116,11.301628530095329
26.02227313175686,24.499555081605635,13.84097613226201,6.145526918245698,90.78568720225388,0,29.58283197036603,6.418982698364426e-05,11.330026695103662
50.62752380540834,35.019787211796015,10.374217398883829,13.032461303196186,207.3287965010654,0,39.60863933383808,0.04171809851673123,10.698812767292239
58.80297432599777,116.68951819839671,15.504052828680454,25.045406426298435,341.748782961048,1,60.01177306977546,0.9621117142961393,5.798628908096197
36.60536765601746,53.0466518534443,10.691608815410602,7.572832323401731,248.72188153255163,1,48.814727660716606,0.5999887965937826,9.617200888793342
20.715777045205282,21.102105331726673,13.902200465835508,0.0,60.8378995265492,0,32.50121996786264,2.0669304065371345e-08,11.533873680096399
38.86631604787554,57.47721812693345,15.618926721964975,11.343440016215304,174.57778767212176,0,40.126961505147456,0.029536788301611973,9.351366912383993
54.57988404391396,71.40950737357082,14.573802920142064,18.400374094279467,323.2276506928257,1,48.77993434560983,0.484793465983436,8.515429557585751
20.416629380763524,39.8699425199731,13.885858893745326,0.07614020550881428,136.0851583914592,0,37.78946193776567,4.535752840399391e-09,10.407803448801614
49.01636577805433,52.58871106676185,11.33698252851693,11.831532486084255,226.74210627365093,1,52.70269069959645,0.17860833047975855,9.644677335994288
42.075397879546,40.58602012303812,20.0,8.111183972967298,90.83875301119805,1,61.68105351381773,0.009330065560592208,10.364838792617713
42.581963252019136,66.3614823762631,12.851396899419445,14.794985970209444,265.4945998094913,0,43.30885164908068,0.3209019902934924,8.818311057424214
51.96081064155153,22.01447648368432,11.401998220173747,17.529678029043936,164.5181045252016,0,42.44162842325398,0.03948204843029629,11.47913141097894
23.215698768365833,14.574478277070748,14.815019893031192,0.2613112716995725,95.48480808909069,0,28.49115722243316,3.011513701602714e-07,11.925531303375754
33.64938318288501,40.83925162716579,12.520734338573927,11.060216043351765,190.4994091382292,0,48.7736718164243,0.010016257796784105,10.349644902370052
38.04295440681537,41.21899014609816,16.449419484329802,6.9850517955843205,138.629294346537,0,43.535302077245696,0.037840478018143706,10.32686059123411
35.563152280400615,18.33927986195604,16.9513104025593,8.961174633284724,54.130069446549015,0,42.72928111961932,0.007650015825726791,11.699643208282637
30.903270385573613,29.455649757467956,17.249252160825876,0.9783406230632234,154.6005904739064,0,47.24917806167109,2.834868505689726e-05,11.032661014551923
25.9492905564363,48.769437721757356,20.0,2.3555091836956192,325.04383987750316,0,48.27273686756031,5.525502888985975e-09,9.873833736694559
20.190707473614587,169.7534186367145,14.850801041392078,0.0,492.41128791465053,0,62.753017383801364,8.3279707845613e-14,2.6147948817971294
22.774412825889037,39.836582196780114,11.084355099458076,1.564345730121104,188.09746707660395,0,38.605091053381074,1.1444480051251764e-06,10.409805068193194
62.188713784308334,90.11432040946485,14.079386851755082,21.755295036541163,397.71738780974243,0,63.38254313553484,0.3755903433237285,7.393140775432109
23.78230971116308,154.11679480607464,14.948256477677432,3.7426661063069275,377.13771157216576,0,55.550727245360186,3.4427047886550763e-10,3.5529923116355215
54.625687373609466,125.64917959257035,11.87362197581495,14.914262350045934,375.4223323923304,1,61.962264668326256,0.9705899878040644,5.261049224445779
20.220196393207413,43.793086137623895,14.232895651766574,0.0,173.96296566234324,0,34.41997928498705,1.694496988719431e-09,10.172414831742566
64.39242492573267,133.97812198942168,8.0,24.873254985709444,324.15929592358,1,53.00573059975352,0.9931662011898624,4.761312680634699
50.557194812004774,95.04157044386655,11.975837998215269,19.86097046411583,280.6708460565322,1,49.3254504673097,0.8119692517946245,7.097505773368007
31.263982154166015,116.93453042862313,14.271742076751908,7.7710493666864,396.4305774508272,0,51.993601266445836,0.0011951463100253158,5.783928174282612
37.85704124102786,48.70695508834102,9.248346817461115,11.307843507476052,297.3594162697798,1,46.126194319632404,0.17598898452321263,9.877582694699539
28.38553965848702,128.8757872308739,9.719736110325215,6.807525442818246,314.500957206558,0,41.144787871802095,0.0010037593011428976,5.067452766147566
62.36544029768714,67.66137098548224,12.317503697317784,27.039189373773297,237.78463192990463,1,57.04770706306164,0.3423079865364039,8.740317740871067
20.68033281994121,100.62378060319382,12.504232428385123,0.0,230.18865001014572,0,48.789880515850484,1.5245787881885277e-09,6.762573163808371
24.13746757761464,31.120805126220567,17.937434335200518,0.866085832621352,135.55849888678347,0,44.169179181241546,1.6100712963841564e-08,10.932751692426766
44.93551524207953,24.304052540514395,16.05062478669889,14.044631759414429,161.75214128710684,0,43.96684742229662,0.008814644353912616,11.341756847569137
45.537554564145395,175.986014275809,9.887891251177466,22.722138468350778,548.3616454778264,1,56.75636241758024,0.6868574429634274,2.2408391434514603
45.122737423053266,36.09246432061284,12.756354109721801,13.616629896698909,121.15229021074634,0,48.84546562953031,0.0675876836875094,10.63445214076323
39.87472036460174,71.43895764269956,13.749633586400241,10.610847804903848,321.9810838835493,1,65.39652204999561,0.12404931794629404,8.513662541438027
55.62250189775356,249.43962565301308,18.095870429344256,19.898924512998654,689.3108265544721,1,80.24761302467611,0.9999944438075902,-2.1663775391807842
35.0206646954998,73.39766893412357,14.586696330721564,11.90715488822833,239.20624443158377,0,43.269467532515485,0.009348789120551357,8.396139863952586
40.20147606219583,109.31067501567526,12.051591848259935,10.06442394580224,326.51989259163327,1,57.062582300808906,0.5662311271641374,6.2413594990594845
52.80292382726519,113.87226628728487,20.0,18.40073243812829,294.114385785998,1,72.8496522085799,0.9134085394218031,5.967664022762907
49.01702435334346,55.679548587061774,13.542189580522583,14.540746062945683,194.20014140870924,1,48.316198429121265,0.18791385824201726,9.459227084776295
45.01684423673579,145.8063871717825,11.687257176223177,11.809893983218863,445.36818578677503,1,55.90838713595648,0.7740866768958328,4.051616769693051
62.7918731583072,96.29075742141406,15.794929795722531,22.10913377213099,362.78419841836705,0,74.05392169521828,0.5914338737978834,7.022554554715157
33.79162455837635,111.0087215150415,14.176677924177254,7.045843784310542,410.57570536702684,0,60.70091414290988,0.014191428339591429,6.13947670909751
42.32030964006445,102.26555395167658,15.89516909045809,12.236161511351106,298.2288355289369,1,65.43706773492684,0.11557349613513856,6.664066762899405
39.57742248653964,29.159823089813315,15.540014015233762,16.17019723184807,145.04415970527995,0,43.77986265678457,0.07533137357127595,11.0504106146112
64.24641009020922,102.03941745838068,16.07995559552623,22.12024928957174,380.32868189626083,1,70.42606286919963,0.7618398171825185,6.677634952497159
37.71397710722961,15.00466714828995,17.681165488939033,4.176889805405854,133.64863969955442,0,43.6221769038391,0.0005401295862572808,11.899719971102602
37.292408436914144,131.15029343328612,9.501197470230068,4.463531833110784,356.1418069583127,1,57.12410313758581,0.7050138321396703,4.930982394002832
23.782191905024924,72.14966071188812,16.159788640247925,0.7528815963403414,205.88317020212517,0,46.344123748034654,2.3445949063377593e-08,8.471020357286713
53.65364939918627,18.885174024915823,10.526332605761972,23.16812798080447,129.44113238324633,0,43.011573327012385,0.0010133640334358724,11.666889558505051
60.80148336749354,61.391664663572946,12.393320545736602,25.95984788234442,318.8919498167228,1,57.49913648242902,0.09334526996890508,9.116500120185624
39.746665585279956,43.218000593335894,14.863019395221665,14.495482735424009,111.45401559202018,0,48.89843837442171,0.06716436665936558,10.206919964399846
44.498031329211805,121.06036446103641,15.882600270434384,7.418140864827524,318.06824232885936,1,63.20773006138526,0.6928888172229495,5.536378132337815
38.79303970312944,81.59313973284873,17.851190091305092,14.009768040258585,142.13341443172862,0,42.44868363507,0.05138748614526003,7.904411616029076
27.896665607408888,33.97045173354736,15.302032989462088,0.0,152.80392822681972,0,37.69722605061733,3.2185510021574776e-05,10.761772895987159
44.89165508125503,74.5026010093891,14.607863294337967,14.725014244028745,205.4690125306828,1,50.979795535486815,0.4128630116495038,8.329843939436653
50.00889557714046,29.70532565037919,15.177360004089147,16.19472482532459,150.23974595280453,1,52.25811660461873,0.041348156929674945,11.017680460977248
64.39845974157097,153.42642098380279,19.097009957868348,23.33901504018894,404.7297520777173,1,68.7147826217392,0.9992948328158673,3.5944147409718328
29.690590033630006,36.12933386212733,12.515104973777921,2.9713221182430174,181.0102327586978,0,45.41283585486054,0.0007607384865136852,10.63223996827236
29.240801505432586,125.9490885977357,16.575341791053642,2.079627446568284,375.33957162541515,0,48.29910366815119,8.780355765066362e-07,5.243054684135858
48.61631414211374,20.109304609203768,11.788527921089214,13.821552145631713,92.66031688414543,0,33.91714707684546,0.021732525483228776,11.593441723447775
57.46595754394062,10.0,17.463036890196975,19.998195968083195,75.24506059754142,0,48.33644475083975,0.00045971469074762924,12.2
49.40651132117213,41.290826473446025,13.101854503365113,19.189072633000727,101.1857962449101,1,59.35517558824756,0.18554481251982222,10.322550411593237
35.27737819995433,103.74140383576257,11.870378864232586,7.455433113355869,354.6619630554966,1,49.590504998136694,0.2710579012174733,6.575515769854246
63.351892577718644,35.485241590805074,9.705419578546877,19.468943884202922,142.07800252345518,0,50.28028394425472,0.008469576433960574,10.670885504551695
38.0437959690147,40.7858654718358,14.625574211360258,16.039264404588806,126.46455349294095,1,54.82606352545555,0.12157308736138556,10.352848071689852
34.491584670177474,22.865482125359936,19.10328092850923,2.1059794771170557,159.80508440210724,0,43.90724767243615,2.2220965134005637e-05,11.428071072478405
59.14996723060579,37.50367310069692,16.370802998426996,22.134676743010342,73.79763452348834,0,53.12260921183779,0.004089778635354135,10.549779613958185
21.460305018893774,29.75379163545718,17.815305618356586,0.0,110.29834009288555,0,38.11400616855544,6.153714267064345e-10,11.01477250187257
43.886728971814534,47.79151423764575,16.427327690593003,14.055421069230519,154.0278235601424,0,58.403219969566535,0.043806268375111555,9.932509145741255
44.75978404703059,205.3494752360488,14.70282862669541,15.731578289851454,656.627108907308,1,69.55022898912861,0.9505735384755408,0.4790314858370728
26.54411089862536,37.03663689085361,15.767410485034326,5.668990429663365,122.54553260637606,0,43.2482371916935,1.4589042138349918e-05,10.577801786548783
58.597101766083895,19.065116351345385,10.75562731788975,24.227747773906138,212.33094807922032,0,37.26726198058939,0.00023480658906949222,11.656093018919275
41.83588756346958,11.439959684040717,14.983266389208362,10.302821236529875,150.73728679731448,1,60.46739633416778,0.011047340698945635,12.113602418957557
30.944192729952462,173.53613253056344,18.07014250123974,0.0,491.70211756012117,0,55.83069712840809,6.382841104966541e-07,2.387832048166194
35.20811161972669,153.40425362916278,12.898327767053974,4.233583474372905,426.17547838714665,0,45.56230873776089,0.013744233891913284,3.595744782250233
26.53758407783904,74.7437731416071,17.011635550450993,5.237883712939334,205.65414682884645,0,46.99289646789709,1.8692041880508713e-06,8.315373611503574
52.332251731618975,160.66700459099235,17.532812430438344,21.480159714745277,477.9932397599854,1,73.24035105505179,0.9626520764824149,3.1599797245404586
34.78119320069493,18.59336245808556,17.204634660586795,5.052224135462082,69.2352545433359,0,40.518645054382404,0.001241428069131863,11.684398252514868
59.51100444071819,26.848096664008743,20.0,27.88258674967596,137.55676769217118,0,56.14908408867372,0.03986453215832853,11.189114200159475
46.2144579251333,81.94660367250191,16.43977189665966,21.46896492821589,213.2787091051253,0,55.43625524651967,0.394117215955986,7.883203779649886
26.903151528053034,156.00556427415864,16.552554631380335,5.039943196665151,397.3369058332501,0,65.88526828851592,4.540224883366911e-08,3.4396661435504816
55.45610551996929,331.03041368813535,14.693711830081162,18.725827954617106,817.2827248595581,1,76.26798047011229,0.999999997980854,-7.06182482128812
26.36567097959393,41.17254366824174,10.327829057657587,4.247522789976058,80.37969865609648,0,35.73644784428037,0.000527164838797188,10.329647379905495
30.946717243063304,190.14000421044233,10.918679309281986,8.986270946932727,512.3968196037932,0,56.03439376814978,0.0005732325725602627,1.3915997473734607
29.14530158976573,65.47516315590443,13.71319180242776,3.483978516373479,122.40577880710667,0,35.7905320694505,0.0003115620294879235,8.871490210645735
28.931601136927604,75.14054130173281,13.952503125748255,6.394291691258689,170.32860689479324,0,45.27814394460333,0.0009817969979513928,8.291567521896031
33.53404399042518,78.97753542064,14.90368983285127,6.817412195617835,308.38509094071634,0,42.50229851403287,0.0159723993739328,8.061347874761601
55.273789628974775,40.39761627800514,15.838761665967919,21.820209570307664,170.33625142477788,0,57.85092856016887,0.007823847669351121,10.376143023319692
59.69576456779013,26.84078948820242,12.725865596049664,24.142060130236192,234.27092765266255,0,54.85508418408413,0.0005297426014750882,11.189552630707855
39.71744410156297,65.65859340738042,11.052455607022756,8.314939932722346,153.2948217705556,0,43.893876015377955,0.8790655088591892,8.860484395557174
20.63417253926107,132.21908858512117,14.401426911843865,2.307438031703259,251.89854354449403,0,49.35624181333278,4.681033778282261e-12,4.86685468489273
26.022967418774428,27.05083363281448,18.68267970548857,1.9201821302009754,179.4596286689219,0,38.757722649222764,5.0229471354581796e-08,11.17694998203113
34.77996163783422,184.67024869517903,15.735659807953072,10.63899519538716,555.4608508147404,0,63.638044208824354,0.0008249481576932334,1.7197850782892585
43.173578222080664,133.3724775913988,17.32133805401806,13.857020906374792,466.66234136436776,0,62.58494056347505,0.10784171939005936,4.797651344516073
47.80297925787029,73.29987574215063,14.271102490345024,14.557234847548553,212.4872833869394,1,58.94332605254942,0.4182315009500165,8.402007455470962
27.228642886743792,70.74638094162606,8.356166843970332,7.485027286503245,163.68403143997514,0,49.18391655466151,0.010587007660858894,8.555217143502436
20.649071948827714,109.42664776868482,15.659431144721648,0.0,365.1764187447934,0,46.56289732839862,1.1870941199753433e-11,6.234401133878912
41.95482223108139,61.077000961072024,13.349670275901612,12.643844071969703,76.20299514123076,1,52.15745697394625,0.21832897599785392,9.135379942335678
62.00384577780761,37.24085630614277,17.54922598926164,25.409670676161113,174.37064099292104,0,57.73665680605342,0.011831765429060457,10.565548621631434
49.065684715244316,15.087873629320907,20.0,18.71818987996099,61.61975055747192,0,51.223360418347276,0.014176622976812478,11.894727582240746
60.82579913171111,285.055935547424,12.10614188509608,20.09984147744722,772.3438800876576,1,74.86210821705022,0.9999999973885121,-4.30335613284544
27.15966664537948,15.773748794973125,13.946649181419904,2.266143908695391,106.03858516268734,0,25.41910069971445,2.7602396532094992e-05,11.853575072301613
25.63063438250852,62.235721790161286,14.201608702452909,4.156012794143422,184.4747329509428,0,49.76715301601823,3.503620816589796e-06,9.065856692590323
57.47892315407694,233.67762628049638,13.251683813446812,21.03099893574939,690.1156573085715,1,77.07285752598499,0.9999878171964333,-1.2206575768297832
29.802563625708896,45.90858158843361,12.683244586730762,3.3076216865526398,73.70869429664398,0,43.60983060595438,0.0015421015983341359,10.045485104693984
47.887612547941,96.20054519121383,16.872368526144825,13.717544424338124,371.9126320618754,1,58.22016962817971,0.18942484101931295,7.0279672885271705
50.98936451904771,132.16270353179698,15.310882529871542,17.349496515384057,466.42688421401147,1,59.37528364068724,0.9547279363198666,4.870237788092181
33.68906825326797,154.44406639567399,8.0,11.942394073560015,383.5008745647098,0,60.979269494296986,0.015842485335113572,3.533356016259561
54.93443880728043,10.0,12.91725839926227,20.244693032259686,206.1258185474651,0,36.674136798587476,0.0006276276784730041,12.2
21.414916616700612,16.266182269465922,14.348358586226022,0.0,15.423011433202362,0,40.072445504338546,6.01029971678202e-08,11.824029063832045
57.944328252969555,70.00847918830812,9.94900859395067,21.271601886376306,327.76900191048014,0,54.45456148771498,0.10132438344285037,8.599491248701513
55.834084321398585,99.01326011216456,12.989846697557335,17.93237642633902,290.73517685196174,1,56.005663541669506,0.9488941374535812,6.859204393270126
64.34490166098345,54.90962229163841,12.557096587658954,28.976029131629158,151.30550338612682,0,58.040219756138185,0.07398529895445646,9.505422662501696
30.81761738339049,22.046761753266857,14.91427747506931,6.115724798291959,65.00592197219886,0,35.43791252053965,0.002417839131653007,11.47719429480399
45.52048094294989,58.36711639836943,12.830425261923667,14.907347940018404,197.0561762934223,0,47.16186643894546,0.3549517888655765,9.297973016097835
21.98070413410231,179.9599199434188,10.54400715969547,0.047013786944109105,460.14374731395986,0,56.031552825868545,3.568960980424087e-10,2.002404803394872
32.338519427598115,88.67046720177227,12.664811599264747,5.43302121236716,270.52707778613006,0,48.04798651165504,0.01964740891295714,7.479771967893663
56.87663233975134,133.2852597634297,18.657040865906545,22.672817310241797,324.8599760838661,1,79.93815287083362,0.9564489815402318,4.802884414194217
64.14121718907217,127.34785906411933,11.60066179459806,23.653067194518794,466.7024371326555,1,64.62617036776629,0.9655368793701682,5.15912845615284
21.647781224559342,61.22123490953144,20.0,0.0,183.63780641477726,0,44.18878114855226,2.582883024997463e-11,9.126725905428113
31.194518456328936,39.652271378234616,10.38297675395685,8.106862735245553,107.55082361035514,1,52.49343635516931,0.09741590084518392,10.420863717305924
21.70686780465077,36.14000885727002,8.536972038504139,0.0,117.87730643346822,0,38.587534018182275,1.7643278561696645e-05,10.631599468563799
46.4849185960824,50.46205706029395,15.402040217279252,16.65772247603475,229.57774335808855,0,60.10083532126897,0.2590479014598961,9.772276576382362
34.08853905316708,111.97027926181624,16.58822000023235,8.536522724020756,412.08948123391156,0,43.89655416525019,0.0030431918066915363,6.081783244291025
23.1524992194818,32.071444630491754,17.5022167701413,1.8298811296141677,110.62519205016815,0,36.19556770453778,5.237535166963488e-09,10.875713322170494
61.01641266206358,136.4977165718716,13.298779027357252,25.550520168291076,506.51254194108355,1,72.5810276479107,0.9896643201532862,4.6101370056877045
27.40415849216975,491.3681338235616,16.865472325444408,3.906190084021965,1000.0,0,94.20175961775767,4.747434058485925e-13,-16.6820880294137
31.300309606436024,57.45413898664241,11.34388065669488,5.264709365631706,191.48814253335559,0,39.14279654870327,0.030389680241783373,9.352751660801456
59.644324017166824,36.38867866802614,16.288593500073507,24.69695362832262,208.12905141604415,0,61.53334038611786,0.005388226470970615,10.616679279918433
59.54495934662721,40.22635753222915,13.476185867396039,19.647285933279004,127.13951288569557,1,57.875495900796835,0.01712947337182043,10.386418548066251
36.14804056575737,135.33433417660424,15.115531008320383,8.804409121108936,390.3340003042803,0,57.92001923758038,0.028302513953229486,4.679939949403745
55.87366555791039,84.8978971392873,17.566791344104953,18.909920690200828,278.513180646568,1,74.82724794103598,0.6786424853129787,7.7061261716427625
52.00568353326928,226.8682900330117,19.84480214448234,14.731884047188265,584.0431907426746,1,85.01429373414635,0.9985150853324543,-0.8120974019807017
42.60589533144359,37.5071839589214,13.279159491859339,14.153785253420558,91.86502447650659,1,47.59590984503821,0.09717265339522647,10.549568962464715
51.1406688307095,108.56901065962342,13.274533308674973,18.503952499746298,306.9508233449452,1,68.79106580377827,0.9470966476799946,6.285859360422595
32.03481705955381,39.23166863123136,13.74483490064967,6.105218576292801,243.87116222224736,0,40.17870240437947,0.006866666334223635,10.446099882126118
64.7538428876806,35.88879625534695,10.054056075248065,23.56966656809545,133.89200683745622,0,40.10193478258613,0.0009759597678759723,10.646672224679183
25.363993997405398,18.7485285139229,18.917175857359673,0.0,119.87930338749835,0,42.42180643472776,5.361774332510578e-08,11.675088289164627
20.686947954434537,81.90139379221954,13.96420765412425,5.975609681867156,292.9043768042599,0,52.54729321394354,1.4680804091702695e-09,7.885916372466828
44.54052199363245,94.82823601325089,14.927943467598649,11.638072731716983,380.75467918921584,1,67.92471196537007,0.17925323583737832,7.110305839204947
33.27600541281834,74.51556046699497,12.623308488858534,7.647431975818488,236.6507058204639,1,62.29060850603937,0.09881042174656206,8.329066371980302
40.98664411773869,360.5758830092863,8.602510802039259,14.839422596190122,884.9309916589851,1,81.79728748177273,0.9965208663169214,-8.83455298055718
37.76097667920742,116.60864003742678,15.174440783449452,6.430152442295752,321.3799543686761,0,54.058505415922056,0.11911091518702077,5.803481597754393
42.0646838240323,72.41632796530698,16.253563364621627,13.92775843716028,295.65884406279395,0,48.06304771450891,0.07247723742214329,8.45502032208158
32.859615016278454,52.8099836611314,10.259323269402422,5.217074732393192,160.4149674937314,1,43.73405130507595,0.1991514678291699,9.631400980332115
62.716136383689275,67.3028396896385,20.0,24.745388068579828,307.7403528794364,1,70.15312023563249,0.26218895832935085,8.76182961862169
36.18524344341749,119.55228305308543,16.760562851469217,8.332304520018688,308.9117215812357,0,56.53567508293158,0.021245998148477864,5.626863016814874
62.38969132218035,114.37450545236166,9.661977435654082,23.70158389648125,379.5722640749158,1,62.227789855822635,0.8630886992495752,5.9375296728583
59.69807699882906,10.0,12.686130699470615,22.12149927525228,174.9216479945145,0,46.11286636535854,5.531131212170271e-05,12.2
44.819864268829626,10.0,12.788217350006695,16.51855867089407,71.7097930522416,0,43.50566580414393,0.08227604569430688,12.2
27.223040846805347,87.34578030231961,12.02691883119483,4.57127303572027,238.18082470054267,0,47.030439930620325,0.00010615923846377932,7.559253181860823
37.3572355499147,187.36183371742496,12.193937084017858,10.15725068540303,510.1848427795982,0,69.09651879704658,0.12723235662777282,1.5582899769545024
50.883240520764886,39.47363369255008,15.178573024857464,24.05028192572771,231.70012645916356,0,53.47421573036246,0.021069901719950882,10.431581978446996
25.571843372769827,72.01947597868433,8.31567394497597,4.544889328128711,217.5226202895668,0,40.40929853795186,0.0004693298999982746,8.47883144127894
25.68302608908282,23.600154747937413,14.48247870114512,2.993885899673921,108.88058736448193,0,34.521159840588076,3.2440240688752614e-06,11.383990715123755
63.700565971484416,33.147493254095494,11.451077371916043,26.35629266770686,236.35099605760547,0,52.093371290626735,0.0020044181092542146,10.81115040475427
22.003154032570546,154.1902257587343,15.619506461734307,7.13170299074398,445.2768714610963,0,62.73390048688437,3.679462744539471e-11,3.5485864544759425
31.597305520868552,66.06764274838767,17.529835526653553,1.987653954156638,329.68169962535217,0,43.805702498709906,1.9649602004552586e-05,8.83594143509674
31.4823560602265,88.50494003633523,19.28046454494659,7.34098694828368,249.48749812523653,0,48.11027698930836,0.00019477281531106417,7.4897035978198865
30.136274373120465,34.853267297696156,13.473641874284533,4.462804136433034,149.73392528709365,0,38.64519831839262,0.0010615211803610362,10.70880396213823
36.99618644078126,137.37338474769768,13.170112324247203,12.27632225931342,375.80805789585816,0,47.21867598083591,0.02345113561317594,4.557596915138139
50.75868684509393,52.98399297236671,11.543233461764794,17.566826855966347,171.13771107261283,0,44.162215411285075,0.5229823311656394,9.620960421657998
45.84105280231934,104.61798637575046,18.248159975828422,11.661493833729104,336.13883703298706,0,69.06176117871931,0.08325454508204168,6.522920817454972
62.47968777145439,58.223312155002695,12.648938532245658,23.70546297149194,293.0513150447394,0,59.113585275055485,0.018208243279983726,9.306601270699838
48.44219005403418,41.063832719151804,15.078644872870747,12.636631352667798,225.20893478175316,0,53.83194858539413,0.012166925704708616,10.336170036850891
41.351673169179705,116.87800525136444,13.440768130283578,12.190674940373361,312.3199514376729,1,69.21548776953884,0.2479159245523618,5.787319684918133
45.290688592421446,23.699753809232508,11.703583128297725,7.420590588383849,129.93381726909652,1,48.303522730927185,0.4146289595421568,11.37801477144605
61.926498890437756,169.8773617999765,11.707042539030704,24.926652634345224,409.32186539792156,1,67.14666477651062,0.9997543973484598,2.6073582920014093
55.10261771858765,178.8910361428706,14.450385268893715,16.504646143706427,546.9713802028716,1,63.56890104057533,0.9992232701223042,2.066537831427764
42.870558615516394,36.04494041718672,16.41524898932326,16.67005370009778,111.96820153883482,1,62.47876222586712,0.16076717163676704,10.637303574968797
41.82862529489226,34.30000519588334,18.58837075095562,17.645969988359322,177.64769435232424,1,55.578223755146425,0.09052070456954962,10.741999688246999
61.651879791911114,28.596933838744768,15.581574733353015,19.112929802912888,180.82831334087845,0,52.56531001414569,0.002049671402694031,11.084183969675314
36.64824823005028,51.94684006279957,18.731036935188715,2.1581239651098887,160.20808423051278,0,42.99659265506248,0.0002103207782825856,9.683189596232026
31.111742681530608,84.72572191260815,12.570675578685488,3.9375802752312383,229.23328630229798,0,43.72946361417141,0.003649518860959782,7.716456685243511
57.439548685207896,77.09392272868219,13.193837230029052,22.816377285871905,223.6347598720716,0,59.672202333300284,0.22119006702542587,8.17436463627907
25.396997530603016,33.698088309788155,18.875963165404272,7.958976048476724,128.77641342961775,0,40.8205299191689,1.03605058819075e-06,10.778114701412711
55.270113909468606,10.374196328158279,18.035714604442724,20.974287046938837,85.64937219586554,0,53.41800859898847,0.0005390188342077959,12.177548220310504
20.683145194025265,105.46156958001784,17.865933126733676,0.0,292.5476052695404,0,45.339488738832614,2.316075696440033e-12,6.47230582519893
60.94724400504794,78.07337448725342,13.761528975223705,23.515896914652934,312.8806813499864,0,60.158168835470256,0.19329643522525367,8.115597530764795
49.128425374759594,168.16713385718097,13.543425527451607,14.63517976359205,580.2900965623215,0,68.36727414349555,0.9535772015975731,2.7099719685691417
31.91504528205676,126.2662225268317,17.68770208538462,4.103138202863352,434.50709089366273,0,56.23868474000868,1.1099613311272043e-05,5.224026648390098
52.67403267975206,26.527813575133834,12.881583796935566,17.04885838455501,77.14659693904454,0,39.14068769948836,0.05788891648363988,11.208331185491971
29.729178682423168,52.780249752894385,9.470617474314338,4.544375598473459,157.05653953953774,1,40.22233552009478,0.028720879696647078,9.633185014826337
47.60232428444763,55.59547820587907,14.28862777592931,16.582881254210392,149.6846118774933,1,60.331438584505236,0.49642596702651304,9.464271307647255
22.79666224184868,18.37998173777947,13.158000879870691,1.7549609853426262,89.93757412185191,0,39.82270036971311,3.580497539200388e-07,11.69720109573323
25.237430292701262,63.72892477464891,19.610644261312466,1.9294681008197039,213.4989048478292,0,57.867922136930794,4.8443628712005184e-09,8.976264513521066
22.684447968578183,95.01963759413206,11.543576136887339,3.128779815388914,246.1481356589471,0,48.37367758283156,5.834641173248536e-08,7.098821744352076
31.16449286795915,142.89601657717577,10.652126955523118,4.814831682225032,322.32933573057335,0,51.28493683622708,0.00407484376884546,4.226239005369454
55.143671420206616,74.54203609349824,14.64615216184152,23.393358561444106,245.69465075575528,0,52.844338347626255,0.22199552521642751,8.327477834390105
30.954909948378933,18.669422634585587,14.483114712667167,7.783865484722391,89.974127301515,0,37.62106355130289,0.0049177692892653346,11.679834641924867
53.75648840778848,103.64436566515572,14.832233591702368,17.924028170895056,379.7644116165263,1,60.37167661232388,0.9111770226366215,6.581338060090657
36.26216554433602,116.3628915789688,10.67243001680237,7.5317186472160484,404.08995029427837,1,54.79600290282282,0.5263929757425737,5.8182265052618725
26.549554431990323,108.7416434299894,12.010980430743333,0.5701895326167863,351.9291209663867,0,44.12857125241625,1.2530143784937131e-05,6.275501394200637
43.55726730889991,17.742856297651134,17.082186016934752,16.116558771387062,83.83327882422827,0,41.96179612139359,0.03879429168239517,11.735428622140933
39.4363415873557,52.075067556826866,16.722912448102477,12.234326995424968,209.48460499164736,0,50.108048108264335,0.010655246012510363,9.675495946590388
23.544965649102075,80.50096056402498,18.252451329814175,0.0,252.91180964444936,0,35.01732262778682,1.5513300912129454e-09,7.969942366158501
64.09634370669761,167.2849522828081,13.679748856965839,23.500480943188016,545.0653052972049,1,81.41871725164452,0.9995419988428681,2.7629028630315142
20.51725324923438,28.37353611119256,17.603418052601985,3.4669170053148926,76.20997551070246,0,44.78108672385475,1.3594558672860217e-10,11.097587833328447
52.46684682901837,74.09381085517055,12.315843569277433,19.23951796071676,276.17723557770404,1,62.71185639828498,0.6052690135659509,8.354371348689767
31.537947726890522,500.0,16.276969258361596,5.189579628878134,1000.0,0,103.81595415396173,1.9837841534049218e-07,-17.200000000000003
57.0943715734022,126.73605763588989,14.414555677701042,15.165268872913625,404.0628741008102,1,66.33579030543966,0.9585469959567303,5.195836541846607
57.55186819621076,81.5133610475313,20.0,20.322005244709906,260.93809393171335,0,63.01797470994839,0.3950404480597128,7.909198337148122
64.19268213047854,122.83350429119832,13.052487172730082,26.49604735143761,414.31568936475617,1,69.60645889262949,0.9934734123822594,5.4299897425281
49.85947229414806,86.94376752413655,13.324504047023506,16.493493997622814,295.02843750233365,1,62.25782482984262,0.8498446828970846,7.583373948551808
45.96441209988198,70.04359023361877,9.927010339276936,10.669561423709169,236.70993578934014,1,56.698333307781596,0.8098706479001753,8.597384585982873
52.594643821958606,35.99368789395745,11.430104878262416,15.956164188743937,151.07078271352586,0,42.83991197282462,0.10234516214394751,10.640378726362552
25.551033455246646,19.10437643579098,13.580992604593629,0.0,167.68582059952962,0,34.41812719946266,1.6665466000974212e-05,11.653737413852543
53.29118006604491,152.02772369965712,13.515286022581666,19.89624621749479,395.31716277375693,1,70.813349465389,0.9883039748139341,3.6783365780205726
32.61176699456681,58.960023702468646,9.561568056622697,1.9805808763105741,255.6352659439811,1,51.50857516184413,0.12571892103833257,9.262398577851881
61.16165411795614,37.55110080779141,11.86669974492306,24.306347699013955,227.55106555556193,0,46.4800094328313,0.0018135239925507836,10.546933951532516
46.71605113429284,67.49992260136447,12.270061963769233,13.133783543243336,228.76959058078694,1,59.62615469714899,0.3142018153712128,8.750004643918132
63.523274473141676,69.38595540476055,8.0,22.643544736216374,265.56466435392775,1,47.70604243832855,0.06243899079869477,8.636842675714366
62.05242988916711,93.7193856796758,9.321325921412207,23.154547504647915,304.2744071557316,1,56.874108495603885,0.4970408609039196,7.176836859219452
53.37150518401364,103.59145425745037,10.748520417003856,16.433259987568455,365.3559619233996,1,54.35139325019007,0.9596288677580805,6.5845127445529785
26.83663393727607,33.06016203407872,11.936480244058107,0.654439449349832,215.04550795919272,0,37.649231207807546,0.00016940378147154177,10.816390277955277
35.53161041087854,30.378176677922546,9.893599018778358,9.554709082021995,147.5579294410524,1,45.74534840468015,0.2601457582854555,10.977309399324646
31.479214483237556,40.77688663004008,18.21504298853754,5.718885903176738,187.97295144065134,0,51.22011650251745,0.0001460747519587774,10.353386802197594
58.30484402576536,29.905039835605294,13.948024248639056,18.12545059417672,172.33286825964348,0,48.079691445095314,0.0098111591642837,11.005697609863681
34.760946637236046,110.44450566649762,17.8947742221169,6.085202739516553,294.906273437453,0,52.89645467999939,0.002147889795482921,6.173329660010143
59.4905612560033,26.535398545380374,13.446262477501087,23.822409894316237,87.49720121600996,0,42.171495037487915,0.0010581331932765184,11.207876087277178
57.25177740113213,49.55715919746455,8.554745704451761,21.906808613989075,224.2789583986322,0,42.600167760167125,0.011333261897884628,9.826570448152127
29.58185035918487,20.272798155657348,15.230179615180525,0.8652757978748742,33.304327147504736,0,38.51544283576756,0.00015990044228763502,11.58363211066056
29.281245433025788,10.0,18.307905321117307,9.9008762922672,19.008998083654532,0,44.49879563530752,7.801946832084642e-05,12.2
28.499184931503688,69.59209708292788,18.440915988138283,2.847662938376748,227.69470786176993,0,47.53853251789301,8.658836143579031e-07,8.624474175024327
20.79841160561785,205.23691562596866,20.0,0.0,447.0025748848719,0,68.41672454676481,2.623482240463656e-16,0.4857850624418809
21.12922193755921,46.53873978817166,12.839669908715969,0.0,171.33916268685462,0,35.129925824656034,3.7240888301428566e-08,10.0076756127097
30.465996236558624,80.4966555510168,14.009114980132823,4.714620626689395,405.1405258061414,0,45.69342102925141,0.0003881817872218786,7.970200666938992
48.11730711308854,95.13775523116317,16.28196221444329,15.663588249698728,240.45655771963283,1,61.59921786008907,0.7367533779149963,7.091734686130209
24.764451920234087,65.1882789186966,12.059983389096104,4.534479306340914,210.30421611989055,0,47.866661165418755,7.2138022432443225e-06,8.888703264878204
30.089543995426332,13.224833864600713,8.708851676918657,4.613172627846691,81.73383553143796,1,41.52294630244387,0.07496423061917529,12.006509968123957
47.29992282943717,68.22740087690765,15.527004888502224,17.326372187077364,278.63706465419824,0,53.9124196907052,0.5594269410942924,8.706355947385541
30.098560709211842,76.30994808956284,14.366749370875558,2.2299773043418707,304.22883633806674,0,43.394766903774226,0.00012951074355711174,8.22140311462623
59.80038405821528,52.35921750976058,11.549275172177785,21.731550434927495,154.77230304177903,0,47.62744544264497,0.018755564863398622,9.658446949414365
58.50752412213745,41.1360314710696,16.19593346716616,18.34579995063102,174.5278173016142,0,46.97309055016783,0.0253101354589315,10.331838111735824
32.688864110835134,47.44316453165989,16.669279951511868,10.627374787361822,172.60373832072443,0,46.051590977012744,0.0010335614553038475,9.953410128100407
56.36578223934286,18.11020010009838,17.836640771567073,24.60015042178669,146.78585078769467,0,56.502322635917345,0.0019212334803609306,11.713387993994097
42.320432529176635,34.75414100522605,17.160263328034397,12.790701293126936,267.2392707190927,0,54.12123208331638,0.003706910865148083,10.714751539686436
64.6328506787778,163.0851658820201,14.712140368490655,20.682007286822174,491.1174730832098,1,75.33735797805618,0.9997181673354694,3.0148900470787936
62.48267808732926,31.489770135293586,14.400324417532131,28.20410847986507,91.39971402457462,0,63.77831513543503,0.009584718567688031,10.910613791882385
43.119184260623356,87.65147292964637,13.128006895447694,10.209236111514272,347.31317954572444,0,49.371661769904904,0.49219828282545297,7.540911624221217
29.96352709291091,35.07276328218556,15.644704855906737,2.9218282592947062,175.06138214069998,0,38.35262431146347,5.1491376046729806e-05,10.695634203068867
49.791221259581484,70.96810764708705,15.012652064563182,15.940965295522636,304.21359068277053,0,53.978043793460714,0.44401097037456505,8.541913541174777
28.1772144598825,68.61711662702236,15.730232221913646,0.21172063345961556,188.7527803702575,0,46.613694487008885,2.1123420857968806e-05,8.68297300237866
59.54805655847129,45.05190805481906,13.259568143449243,18.263344603595506,178.71846362192605,0,48.04444815554522,0.05776195174323731,10.096885516710856
40.63163043667685,55.38803792730853,12.875147591692883,8.655486045590509,277.644222957604,1,57.5229825289905,0.40943148813983826,9.476717724361489
58.22666367791762,48.18914962350468,10.208827778316126,20.99674146426317,246.48084121151786,0,42.2813936903836,0.013310241894935857,9.90865102258972
20.96738998346169,55.37207841054246,16.20715996353305,0.14509022629126522,124.07687474997486,0,38.90608687293646,6.853821190312325e-10,9.477675295367453
40.28901345605702,10.0,10.320279782694746,14.710325421811477,0.0,0,40.420305822779504,0.13201822655641052,12.2
39.00326892885187,310.13078215134544,13.3935592135793,13.393716945637681,851.3518044611997,1,72.33053987598478,0.29019943819743543,-5.807846929080728
42.065973745025175,21.03832366200183,14.921873063591857,19.752952351252674,135.31959734448156,0,36.02135042899916,0.04606395771093794,11.53770058027989
24.230081795504653,93.05307819296473,12.783550927292668,0.4867289226460376,257.5065033606659,0,47.73346342427105,6.544662250793802e-07,7.216815308422116
43.31634003440716,14.107899621459818,15.616867490624761,14.388571141903444,139.51519694632654,0,40.84963284293491,0.009426961586296544,11.95352602271241
20.367687921363913,15.92016441172497,12.431480111004547,0.0,84.60982570605289,0,36.96753123458069,5.9412620490270686e-08,11.844790135296503
32.90370029306919,57.41705654431069,15.427049276643434,12.267132243409083,205.34014021776682,0,48.61292127333039,0.0013685341850318276,9.354976607341358
45.112807660027485,62.53792982016582,13.003661106060965,14.152027368391071,313.6608943143583,0,41.814834218848134,0.18395780724275623,9.04772421079005
42.06885211882783,61.67212191783074,8.0,10.97050737274748,245.7153492162604,1,44.62277472012787,0.7850388559462105,9.099672684930155
57.095477108627485,25.774459843174082,14.872017635849321,24.953015767910237,128.13453921843256,1,62.476642240679155,0.0036444204053540773,11.253532409409555
36.230266580759334,15.189958018255469,9.441297833174142,4.439963311597443,90.88577993859373,1,46.36943356263629,0.4273566563462214,11.888602518904673
34.23105354212832,56.593500716491704,16.822387686678912,7.1221395438278,119.41958751070688,0,49.93896402476986,0.0126695657017058,9.404389957010498
40.355596027275,68.4901812489913,15.780605422606154,12.87683244054304,109.55030615100836,0,49.15490968033547,0.07944505776438837,8.690589125060521
56.50300172032554,39.27183262669435,14.370120358705508,23.80825006883719,194.63256416375106,0,48.18925463614024,0.006303364725379713,10.44369004239834
33.11487598864346,26.865424453362177,20.0,2.2318800826897025,181.828532820793,0,48.32073074234398,4.795382349476874e-06,11.18807453279827
54.659234625690004,127.21600031948002,13.9694641801339,19.86774296784101,393.09226410749346,1,64.57934338892575,0.9508076110067978,5.167039980831199
22.878830991517802,28.872765741152353,15.59731422144774,0.0,126.4743425428752,0,29.707669206081682,5.838938317850341e-08,11.06763405553086
53.08462433555354,64.04369602587525,11.257810308199545,18.60464049962172,167.606935987089,1,59.02798284898897,0.6422407830198626,8.957378238447486
23.5145044505042,235.88938050569757,11.229523996203675,0.67265228312382,529.3621093905642,0,69.14192140641556,1.9428429901539412e-10,-1.3533628303418546
54.30303217889701,127.80022426065227,18.553528213526462,18.265523068252342,458.4299256061262,1,72.60940071267208,0.9417827482555117,5.131986544360863
60.355127315044925,110.70072933619066,12.379463240998321,24.3573962037021,355.71192323499696,1,65.20160448151333,0.8691166636772967,6.15795623982856
44.182006486688856,23.78695691526977,17.671338649268765,16.821180202854226,73.6891048882772,0,41.832273545799225,0.07257639918773663,11.372782585083813
57.820672879920494,195.17645872218836,13.490804848001302,19.618759034341938,600.2897977360385,1,64.75985582238032,0.999882823995802,1.0894124766686986
53.05611678950024,23.79274112408218,16.450437158848455,21.009441338803683,153.7415507687119,0,57.32755039848765,0.0030697841188980003,11.37243553255507
49.60255041991102,39.84411661558236,20.0,20.157984713781797,255.71736924320146,0,51.183782270745525,0.023198069450304334,10.409353003065059
33.11954766730736,41.88887595020134,8.35224146310885,6.795977197374295,260.559114478983,1,46.46180434462316,0.49996551922004173,10.28666744298792
46.854568882986385,17.33030166980535,17.721878299089486,8.934468949452938,14.045642223843899,0,42.743067880513955,0.00735425686541557,11.760181899811679
63.127323006104355,14.948451675706965,19.204824486942226,22.171485920185113,61.01570660787161,0,60.46177988203301,0.00010034578592881915,11.903092899457583
30.14354116390309,169.7231369376143,18.426151348355365,6.668154663892446,482.761913427375,0,56.201179649797076,2.0349260249458984e-06,2.616611783743142
46.698211660784594,63.07097242110888,18.191980682629854,13.202814411729594,156.6839184874193,1,63.24776432415918,0.03866527151785764,9.015741654733468
20.78814839761531,91.05325457975309,17.02310468407186,0.0,223.44725490555587,0,45.65709349157868,2.8058268802216024e-11,7.336804725214815
48.3194979743693,91.22883768186644,12.706542233066813,19.05865687575953,209.06331788946596,1,58.14418023740881,0.886750624891038,7.326269739088014
27.554687039485472,217.70771168152592,14.333299989958192,6.426615124209659,650.1639206170514,0,60.36281337220963,1.145005562077072e-07,-0.26246270089155477
47.10393937987258,141.02613146424443,13.947654685523952,14.848907290282094,463.69534015803345,0,56.12858869365682,0.8207799422206532,4.338432112145334
20.295344215246022,37.951599991320926,14.277516213838567,0.0,128.10546106007683,0,41.03522807855959,2.7747067336108195e-09,10.522904000520745
62.443945073699176,62.76655866709111,17.274906832168128,24.78092702793022,288.4154207425649,1,64.68846903834434,0.12383595473143201,9.034006479974533
53.13267366020159,89.01751577109415,13.343027446413439,23.3380516840205,297.3747985668501,1,52.546176389345085,0.4148400844689524,7.458949053734351
47.79232563189098,10.0,8.0,14.001050957736023,87.61081088782885,0,37.67480329859273,0.05556256741280739,12.2
38.16011387395692,16.99655565895126,15.455637026561076,11.905125258771115,46.36568774069573,0,40.73689296590535,0.007200718076802571,11.780206660462925
52.74420430726358,201.22402040183897,12.799193251885,20.626636783677743,539.3157437726115,1,65.53184161553052,0.9989830551154913,0.7265587758896617
62.61053043602163,62.98284532333535,16.900801402936136,27.148932732157657,254.74876665659446,1,67.49401237093454,0.4685924312402009,9.02102928059988
42.89245268305547,33.22652891232203,14.596237095113583,14.582600699793517,180.8234049525927,0,47.38285205476258,0.040557242939341945,10.806408265260679
31.716226268902105,36.294939966942316,11.126586900644472,8.067179752542998,179.75614809248515,0,46.54206412576063,0.05762799035930424,10.622303601983461
