age,income,education,experience,assets,treatment,outcome,true_ps,true_te
26.09696736550828,10.0,13.964698061141435,0.9971288382453984,152.52895165767507,0,27.470364657403316,0.0008885537514677696,9.8
59.95332662286701,97.51357744888456,11.257426751028703,22.93925955027766,290.79867701527814,1,57.43323743392377,0.5364590879163673,6.299456902044618
61.96725379489261,25.355036285375697,11.32923289089967,20.913366439391282,113.85192943214749,0,31.30824074554076,0.003720166008562515,9.185798548584973
40.05056738214178,66.8126660527369,13.035488962566088,11.281524233666493,271.60238694500543,1,57.139523146256465,0.44201189612531905,7.527493357890524
37.470599575129214,12.589473626900872,13.835234512439097,6.275340913470696,182.29930708067536,0,41.810639764547716,0.3268441251154972,9.696421054923965
31.591839588552155,30.79015907247884,12.679548554345988,4.895048621136551,128.28200409523723,0,45.05440663889296,0.10942027772339485,8.968393637100846
49.581541346196694,116.77185147999137,16.89593123731799,13.685982060710536,300.9769858381869,0,44.930111325787436,0.5398552926985848,5.529125940800345
42.16776218778181,58.225831456858806,14.441261201490711,10.367553381103141,155.03626538326296,0,44.30183830289665,0.5018992937410047,7.870966741725647
63.39072886625257,31.406767482580005,9.830224297499626,21.411712164226365,167.16615704935413,0,40.92319460584252,0.0035398464220313623,8.9437293006968
56.0443013691248,93.69423039474722,9.589196682296297,21.053262873922957,286.8335803462619,0,38.8310662823215,0.6562181120969997,6.452230784210111
40.48423783443087,40.89064584120857,8.712642856688579,10.81909596292121,152.07807509319778,1,50.9210517427226,0.8068302898952466,8.564374166351657
56.04761389663977,163.4526465231419,12.718760148107354,23.4290227935656,540.3214136716603,1,59.235634071386784,0.9327198004157959,3.661894139074324
21.8773087768438,94.96691668272987,12.026736365881558,0.7584898506112667,307.55277574733435,0,41.83685945729042,2.1565545316659993e-06,6.401323332690805
54.62560423720152,180.04495018793088,17.379376663564464,17.95441046799335,528.346569761566,1,74.3037924207536,0.9911955868617461,2.998201992482765
20.14270025398824,32.07799721078932,15.511698055933548,0.20297477109508,149.57361193171133,0,39.11327152294866,2.5252186808188605e-07,8.916880111568428
33.176422642226456,491.8724070126404,13.79081491537176,11.382933600500554,1000.0,0,99.95023960039263,1.057424987423325e-05,-9.474896280505614
47.49114497000956,21.72583436248455,17.665496271005953,19.41212757699529,107.70401143580398,0,47.59553878696135,0.15945536573434946,9.330966625500619
61.08623261392908,11.347564005171373,9.66687905128724,20.904572800490147,201.63155417235276,0,39.4407815789803,0.0009003216296868535,9.746097439793145
33.50517521350865,201.86673441469242,14.988456028154419,5.367081377047326,469.01590888274256,0,61.98243691331692,0.0027563276999041115,2.125330623412303
31.186938650181947,63.76572804806936,19.025150513320536,14.848947059637172,140.95022471050578,0,48.87734975754509,0.011689180874845977,7.649370878077225
49.9876447206498,24.43915481209171,15.845481877378852,14.256713123072435,105.35777179249911,0,52.47706659638308,0.0436714712261068,9.222433807516332
64.43898098869174,386.90223611052517,10.590592040964966,26.27001360341124,1000.0,1,86.75457140135912,0.9999999999826623,-5.276089444421007
41.07216827334928,31.969768460341914,19.62012241480034,11.625186206058427,134.23064074381998,0,51.24042161315127,0.023158957677581592,8.921209261586323
25.547932078685946,53.83979780081611,12.19208546324679,0.4689872646434843,284.41623294260205,0,36.626117111109835,0.0011053143532911286,8.046408087967356
61.22141240295976,85.30988509293022,13.15963537000321,28.551302099939686,345.9208765854292,1,71.15435951369734,0.686894949918739,6.787604596282791
62.576459006754135,24.047231514891713,13.573009571560215,24.609776089835982,186.71067825515397,0,48.25242844771063,0.002664234765695419,9.23811073940433
32.49638179868934,90.29658057954065,15.49913356142866,2.6539771108591683,285.92800416576773,0,46.76316654258812,0.006225651120860375,6.588136776818374
43.384415994108224,27.506861601488463,14.350052856921893,12.969942515244886,59.063579269332806,0,43.77862638691907,0.1521513565873392,9.099725535940461
26.963524942239875,25.901736264537547,13.531362116131474,3.3151631944419684,22.381090890343003,0,39.33822434404712,0.0021944999855022782,9.163930549418499
20.65823087708992,179.60862592488914,11.757783282716112,3.2862095488303176,504.0597856591975,0,55.59815224315293,3.360945724821465e-10,3.0156549630044345
34.590944288427096,176.13060731439856,9.377111047830972,10.385799523860213,453.76944331585366,0,53.93376476380028,0.08485732872669978,3.1547757074240574
64.59042974356042,55.41615267831573,13.107900427618706,27.33269103251919,205.22561543577947,0,49.19149573689727,0.17233465820593008,7.98335389286737
43.09135795126967,21.575574820555236,17.928574450195473,18.271960816150816,119.90016256827724,0,47.31841128523445,0.3285884587184203,9.33697700717779
59.44230385634748,11.228420155241228,14.448978612490766,23.805599863273557,39.424538102698946,0,56.174030275852964,0.0019161976423769864,9.750863193790352
23.032808599664886,43.87153821787313,9.855306946851455,1.7362834609433042,136.33177471260186,0,36.49485416900247,0.00041485481898351716,8.445138471285075
32.78691817203338,78.20630958622063,12.783601920985427,7.64401417202296,198.97685778237494,0,48.188031263706726,0.36021729818896725,7.071747616551175
41.100467056692324,57.712488379543686,17.542789659051337,6.041124581152085,246.78243900815045,1,55.36627905952192,0.17022111216883046,7.891500464818252
54.279793570559036,30.40550484492979,15.92396430989247,15.65479959833973,215.9003573791678,0,55.139625984765296,0.040153428955117185,8.983779806202808
61.51752995279685,161.35326074587567,15.142769153879147,25.063205901472823,581.554193941325,1,70.49704104647047,0.9900095552574539,3.745869570164973
37.68606906779608,91.3185726441284,13.23636232270778,8.932956014787903,276.3478776293459,1,66.95235117813006,0.6614815580520016,6.5472570942348645
61.80894547357938,60.23318283680315,10.746671657809483,22.431846328749558,213.27308855617665,0,50.375828890466465,0.05986966866198103,7.7906726865278735
42.48254046949722,34.864003863889415,15.91160424205897,13.282559847705564,246.4568429449983,0,45.54099877547796,0.081981005364391,8.805439845444424
56.092236063572564,24.86610632420012,14.189809892206275,25.365917850494615,183.91324844090673,0,48.129910758230594,0.024310545275883833,9.205355747031994
60.34610512566597,44.0308946441477,12.518518917986807,27.65848727354309,212.17481065294797,0,49.65022462284289,0.07359006197985489,8.43876421423409
41.69580838555399,14.692578041662705,12.28962888233698,6.039426649091727,142.39592057132032,1,48.452858259599736,0.5982304043715866,9.612296878333492
58.15684560566575,183.90860103239993,13.679811689109526,24.261606138465876,540.5005798122554,1,77.28643578843942,0.9924864605619561,2.8436559587040025
32.45056776247077,37.949379169211575,12.759012505236786,4.654413546628858,174.8396025682351,0,37.27841640106607,0.1235336328882293,8.682024833231537
35.310314603998826,58.42009943197332,11.872902105823213,10.578257059210939,336.20104608909196,0,45.32292021300227,0.26825469552610404,7.863196022721067
24.728357056626386,11.658447924788371,9.486486224418677,0.0,175.2299756524896,0,33.297114908637845,0.01992489122533336,9.733662083008465
43.541647342187666,75.40224429085609,20.0,13.215896041409055,256.4468639725068,0,57.68293774746269,0.10664027230276511,7.1839102283657565
49.18286096081199,107.11364758230289,8.488496310739217,18.04167075824061,363.29633128553155,1,47.43733880290941,0.9592920512256755,5.915454096707885
60.48252126456437,266.9851148779689,17.15834977553873,28.07780163222695,761.8669548335565,1,83.95876168140204,0.9999988148823072,-0.47940459511875577
24.673967392492845,153.69329253670315,18.27413034890916,2.753233801432246,403.82276101451737,0,52.86609180864555,9.219391433678437e-09,4.052268298531874
34.028510419751406,64.61651492001303,15.20208561426064,5.7835967221407225,230.1697494565138,0,43.70920000898522,0.1206098899500096,7.615339403199479
23.514649360354795,38.061365431615954,17.16341742056863,2.4617512458402326,133.24402887296714,0,45.81408326483052,2.379133803815721e-06,8.677545382735362
62.20415848521896,36.52682522355936,12.999290423564595,17.806230441507886,240.04150926802328,0,45.621092131751446,0.03719772232194615,8.738926991057625
63.15891444256759,69.6259812237773,11.815759180501752,23.283759633784854,257.15745224832716,0,55.6064294666051,0.12528655675928704,7.414960751048908
28.605898319157035,28.779767523680526,9.78806692777356,8.99518710046248,118.35295157363717,0,42.59081917161302,0.12349275366460435,9.04880929905278
62.93095149932567,24.534291707808382,12.316949830535473,28.15683903562158,102.29104122563339,0,44.90193434872836,0.007476624580336488,9.218628331687665
39.98217232911708,52.585110665930024,12.100415610309003,16.06620322712503,193.2724491904451,1,48.15340024746764,0.7168773264491777,8.096595573362798
31.854097571656315,38.93020260895448,14.85706467169891,11.393406003685797,82.39887705504574,0,45.89901689304822,0.024482279806444313,8.642791895641821
50.14539719332244,94.92832940552395,13.80034590854091,22.893764485965086,266.272661352843,1,58.84690366124066,0.6221300997093281,6.402866823779042
36.932074171958554,19.44150015041536,18.457622173452968,13.273062449506085,206.2878342058193,0,52.20270452883008,0.018755818653371118,9.422339993983385
64.345975843378,26.22556531885267,15.436402587438293,22.76889859032589,148.55888219628082,0,63.72533363198113,0.0015034690141143023,9.150977387245893
50.018298563867376,55.759555417076854,13.48082872555973,16.450065393159182,236.18748058498906,1,57.40400710367912,0.6286892184703602,7.9696177833169255
64.61603299756487,25.795222876982532,8.22312191900497,25.69400344107965,159.79753188908018,0,40.51559592292482,0.002004578056804022,9.168191084920698
63.810401329016045,39.74578531330481,14.339612198574267,27.53870854557831,128.49518388344703,0,53.01838778219766,0.05720494267562296,8.610168587467808
28.165534591370218,19.612871921388734,14.184444884968263,4.766153481621862,76.8121266016752,0,41.29540940777896,0.00632615961027292,9.415485123144451
39.861739884984964,28.23642034397974,10.779926135871705,7.8640056305068295,117.76280685435151,0,51.859903384561996,0.8808310827665212,9.07054318624081
50.27570225644717,134.32785673464758,8.765860992075249,19.40944042890821,351.5917196584039,1,56.104115951199766,0.9490752533469464,4.826885730614096
49.410541283423456,147.26132548676824,11.265846425441165,16.296473378603412,446.30700574828035,1,59.57210440968577,0.9651566684057565,4.30954698052927
37.236765714752735,45.574752346836966,17.57195057770622,9.512998022514303,137.06653470162675,0,50.5284725997751,0.11079659612738489,8.37700990612652
50.115431106618885,149.00598792546364,13.039036937547658,19.572819177437317,451.6506227407051,1,60.91819122604541,0.9249443310369057,4.239760482981454
52.39260391047701,46.476023195284036,13.380722695173084,16.76831976045501,233.62494643466763,0,46.748045917728646,0.39463353674195256,8.340959072188639
55.251400581210504,28.742220422496825,8.0,23.4440993777174,187.7392954281604,0,43.983748390046586,0.009346277968836223,9.050311183100128
34.44421430107315,155.92080074586286,13.772639494858717,5.003491355720099,455.4093185173217,0,65.76328054553002,0.019002496295523946,3.9631679701654856
24.367730082399163,500.0,16.9818762693776,2.9242558507237875,1000.0,0,113.99308532548444,1.571896822821538e-15,-9.8
57.54879262508259,500.0,17.254397995000588,23.241129189170152,1000.0,1,90.43855211661209,0.9999999999879297,-9.8
21.13501331906761,270.0223990063694,16.37712274528938,0.0,653.7613426375185,0,69.61972567596678,2.76850150935102e-13,-0.6008959602547774
30.744570748093654,14.191045086048229,14.598032238518492,3.9376449244950598,105.23520905526422,0,40.32132321543537,0.013124777009503893,9.632358196558071
58.56987516182729,144.30698759513263,13.931395128065706,26.648930092650915,469.08840018007635,1,64.57123231373195,0.9804321461207967,4.427720496194695
22.270718197607366,120.43146296008459,8.827589695328191,5.1288623230765085,255.92081700767858,0,52.01130535244676,7.599896170983767e-06,5.382741481596616
28.73491328216959,30.200222471385686,15.172344863506968,6.797692556640344,195.1976292039764,0,47.443142309441235,0.009476051482099974,8.991991101144572
41.41575534303445,108.96161633472991,19.04710736056834,12.80859821566805,384.63093125884905,0,61.1536909379521,0.07624384504912869,5.8415353466108035
30.583264463839544,89.38581378348934,14.897458717787165,10.761956730764446,220.8796720154295,0,57.10579807750426,0.007411675046576666,6.624567448660427
36.15957316159454,13.73935545545816,14.766440192472967,8.835035930253856,101.44312575166313,0,48.601068701266385,0.23671409065214755,9.650425781781674
26.53235827102273,30.441365567084915,13.281423017371155,8.947537628803879,110.77969743945943,0,33.334771003461135,0.004859610422434275,8.982345377316603
26.10371095946313,23.000626867082044,17.053870006068134,8.390924609284125,67.14450810594371,0,46.663987918502755,0.0007424489962083375,9.279974925316719
24.40046049885496,259.38597063974504,14.169716130601385,7.771319547659702,645.1000338847875,0,72.16404002073651,5.479151387982862e-09,-0.17543882558980162
26.82581168950765,356.53006334006557,15.256764364512884,4.691521370052857,856.738715920698,0,81.21942102394463,1.065537166471071e-09,-4.061202533602623
26.50338776597786,158.84002426199862,15.433195892848897,0.0,440.94873922071787,0,54.6055462986336,1.5383767975121468e-06,3.846399029520055
21.32634680429553,345.93471908003795,10.093466072315794,0.0,868.6507635525586,0,80.86824108064093,1.012406798318854e-12,-3.6373887632015176
52.814666772796144,64.91764812377532,16.209577099213725,15.437534376015916,323.7563741870598,0,51.47764578756636,0.3335921959019451,7.6032940750489875
50.42872485960223,74.29349637303287,12.147051902095159,19.291386473831537,256.9716764996389,0,41.99784684980689,0.779525506348002,7.228260145078686
39.95923306895304,54.29380246744367,9.340395548456431,12.959304986898093,223.6368667868843,1,48.40819000532099,0.6232556972366252,8.028247901302253
25.61939123652341,47.43043004215909,12.5674891101823,0.6251733049977775,147.27587044418914,0,39.86221910674883,0.0013277714052004083,8.302782798313636
27.909819448976272,112.82295444185213,14.215950760239966,4.973387962419135,466.47074363875095,0,51.55324611223031,0.0002092975503369945,5.687081822325915
47.43642916053173,12.434862656277636,10.528660414821434,24.457600489927838,95.04909301887959,0,37.35491773569732,0.05500563362610387,9.702605493748894
32.23539676666717,13.39945136224508,17.830237961360943,12.353188301413805,126.51271006760074,0,36.927722423300864,0.006123298856299398,9.664021945510196
52.074379913034825,39.843976113939476,13.770402254183464,17.499120095792023,235.86812952492286,0,47.3028736428952,0.29581168121507867,8.60624095544242
36.47065663686731,28.720546724463368,11.721178032087666,8.577403678711088,158.19500786164366,1,52.23443042184408,0.6580575343704943,9.051178131021466
32.59131330022144,10.614189664970107,9.777431079412512,8.883063613385554,96.47697713593581,0,39.972897958671375,0.5936296747065544,9.775432413401195
59.66761983673764,191.36219835266564,12.524709466514084,27.58616269617699,471.99671926111307,1,78.74155446892047,0.9992721649104972,2.545512065893374
27.502242142832145,414.77660343947616,16.709301475281297,5.9020115517001885,1000.0,0,95.04520054112646,3.688545175017891e-10,-6.391064137579047
24.538090069916343,146.75607305203303,12.857133916389726,0.0,378.2634927090225,0,50.59948925414532,2.166197664298662e-06,4.3297570779186785
63.835483762192126,48.08575227623554,14.993128826268615,26.40286907333388,138.49788989275638,1,65.7386318926356,0.12081810403263454,8.276569908950577
63.040341646883256,86.79143197821453,12.563639426138916,26.726849590400345,357.243738090073,1,60.10002005778338,0.7104775936914882,6.728342720871419
25.63871911174197,62.33973684025467,8.889484537180884,0.9994044627590544,191.74229808577158,0,36.775171559986354,0.015758729359354892,7.7064105263898135
25.91778389668376,44.05825584055909,11.651959439041875,0.0,226.08113872589584,0,46.25950029563231,0.004740123744414164,8.437669766377637
35.32152266429371,16.078660846279625,12.401300484924882,8.461017703987498,35.29915955129054,0,36.91503215937745,0.573749553845323,9.556853566148815
42.52450035028973,39.81541825296415,20.0,17.06032973530987,198.44631474731375,1,56.66697957268872,0.3416591765991359,8.607383269881435
58.141145490042575,71.16836695383101,19.03159935924085,19.599234576354082,249.91566909902144,0,64.40914289991068,0.3688568817128169,7.353265321846759
45.568184232366775,32.49288216213258,15.410144653864197,12.446042190601748,159.1903548118853,0,33.973011004634266,0.07742407261884306,8.900284713514697
29.739569548116133,80.86089322188411,10.761775391131113,2.915280483714979,186.71151171591413,0,43.051130144828996,0.052316004673450434,6.965564271124635
47.96487923975552,91.90454673224119,8.0,13.175107745135717,307.9608754470099,1,53.70769855711726,0.9152267623007667,6.523818130710353
37.379636232387156,36.51769318140262,11.02271963941618,8.69422961494509,166.75765822479283,1,48.325894460522456,0.7869101401953151,8.739292272743896
37.31513356058508,42.516677383261786,12.7914643012173,10.160863767281937,124.88189931633973,0,43.12198586077962,0.4451220991417514,8.49933290466953
28.51049974407724,14.627186518317794,20.0,5.772910039067613,79.89088033507107,0,48.43727670232672,0.00039006414100917826,9.614912539267287
63.08267942327813,75.76654211992937,10.37012328376536,23.494743922199362,324.5574943553611,1,53.76553312656691,0.16484447432423013,7.169338315202825
25.540541100541265,34.91004902586824,11.608489027972324,0.418095515804898,183.74164584097207,0,38.63521411703981,0.0032294587566418617,8.80359803896527
23.894013670431164,35.93602332380618,12.671905087398741,0.0,106.39822388590957,0,40.255207572672,0.00040414170486852277,8.762559067047754
47.07814722240667,205.12316160869767,12.349934657666127,17.561142597054406,575.8140776076358,1,71.15577480011268,0.9850075319043573,1.995073535652093
46.81620307597734,28.13669202771834,18.563643096606143,14.403963093333099,164.30423250186712,0,51.31050900766006,0.043469932752559094,9.074532318891267
25.673409807502562,188.80651925887827,12.633781654768951,0.0,471.9150332092775,0,63.87350926130743,1.5764609798654515e-06,2.647739229644869
47.676118279397876,141.72887557637742,15.118693090592238,18.934811331340992,438.5891806371894,1,67.70361056709064,0.8884775676255989,4.530844976944904
34.73214812882411,68.2210768854196,17.845699738709232,5.346688067981562,155.29087406378807,0,47.043126668140424,0.032532849176720655,7.471156924583216
35.53818855108693,94.59957081573597,14.116037128145207,7.876701323727798,270.08846359755785,0,53.32995126371158,0.41028551354390697,6.416017167370561
35.3318995049909,55.42206999720989,12.632770990355771,4.193662105838471,282.4012489360352,1,62.21522800624018,0.27107474751332605,7.983117200111605
25.50740386960657,53.327640149311115,17.82675846717633,0.0,209.97858111145885,0,42.23256586349018,1.4338051571424291e-05,8.066894394027555
62.71581439956723,295.3714415571296,12.748519049624637,25.864863197903475,805.2206221992403,1,80.70536303294438,0.9999998714191248,-1.614857662285182
35.92507273206886,66.79530795658358,11.808019126647743,7.95365246656106,185.7036239029946,1,53.19392050582145,0.8068911354379437,7.528187681736656
42.06949745044635,68.26501264164976,11.938963596584987,12.165837881950344,228.55900963397585,0,41.37465975868787,0.5877586672387075,7.469399494334009
22.811331843644783,37.17592190501272,14.596969540762716,4.787991738734159,179.1899753398584,0,41.40146545724982,1.642632090737128e-05,8.71296312379949
42.01728461686804,61.433526096194484,17.90270105394571,8.833524395778685,259.86241854322486,0,38.63276532720238,0.24361689328233027,7.742658956152221
35.74620046559362,29.971240698586637,12.584151973288153,7.195292828014132,180.62682772669393,1,50.478837019924676,0.5656222696095178,9.001150372056534
63.24824967810146,36.47632817600266,13.775927769701648,20.690125483468183,151.20221623191046,0,52.25004064747188,0.009272732423865521,8.740946872959894
31.879458923573278,66.3010643560581,16.922130584285096,1.0524061336610462,205.63630069267103,0,43.021943534431074,0.0030782385967490044,7.547957425757676
53.11069869340685,50.30688258903812,12.827275521906921,14.98486619999952,238.3538231748849,0,53.16764515874362,0.27110674323746203,8.187724696438476
42.44354137605436,43.43514674865471,17.976604140326586,9.605631703336938,222.66802481814955,0,50.190453276731354,0.1089392398766946,8.462594130053812
61.70433972336905,26.729433947489344,16.448016480267924,25.49653580699542,96.18736334531806,0,54.91265042103833,0.014938964280139142,9.130822642100426
50.43502558027426,73.01194371715714,16.228241367702594,17.575052108554488,270.3263259904583,1,64.34000614005646,0.7642678917458329,7.279522251313715
23.272994534716204,55.81064383043666,13.958140623090342,0.5626501483843711,251.9291953175275,0,36.386879458698836,1.9550062253425235e-05,7.967574246782533
31.745873315960367,42.49745642276286,11.59710513978272,8.631608746898214,125.83155918746901,0,45.41180130501335,0.32713340704077365,8.500101743089486
28.405313026338483,78.58214893954292,14.023229476954743,0.0,239.40395492489435,0,44.34378080625141,0.0036059906344217967,7.0567140424182835
48.997119359458196,56.756373243870684,11.66959893332205,19.323400006885308,205.11352691628895,0,42.480874803941184,0.6365181518834769,7.929745070245173
22.786637102746965,50.22888640093358,13.889071377359368,0.0,135.39490570188065,0,44.620858301627074,2.6639182488254505e-05,8.190844543962656
35.31292371023603,136.5599613498956,13.105061774229005,4.503880931987897,388.9457420826646,0,48.43848082884423,0.06941284357237723,4.737601546004177
42.1046349743784,133.01574193418017,18.056327617229357,11.863252541036568,348.49586408415723,0,58.51268151880729,0.11095416840471627,4.879370322632793
55.32077043302837,97.53974231665697,14.90564074727087,18.655164808668914,255.86181478635916,1,63.603949866604395,0.8912820236134316,6.298410307333722
21.58500500592795,45.453188263655385,20.0,5.957530924884222,145.42055126638064,0,38.19634035285806,2.2245684876467797e-07,8.381872469453786
47.404749339865155,37.422511101173306,12.487124720819802,21.870348024635074,231.97086846067515,0,50.81280878525651,0.107854071139116,8.703099555953067
46.57691288119482,173.70260830316278,14.940043968689622,15.237139928393999,562.1081283696058,1,70.89465451155843,0.8381163729215824,3.251895667873489
22.099206310890274,196.916674482049,13.583933065099684,0.0,512.0749065564529,0,65.4988559494721,1.2599957488240332e-09,2.3233330207180405
27.99505233768948,216.04004211058802,14.543703079321725,7.232074536023385,568.0087045715823,0,60.966216221512646,7.586114046116704e-06,1.5583983155764791
56.027991083418236,13.167900750272898,12.613994872024671,19.819411714504984,95.55392009366476,0,33.355933286949046,0.012428237725673561,9.673283969989084
32.1032365683163,95.7851387687822,20.0,2.7353876367587695,271.42128396325035,0,51.18799911055979,0.00014468767618745516,6.368594449248712
30.365212014925813,25.60368220485143,12.387113266521467,5.874812697248667,125.63851610947624,0,46.076858723544774,0.11508069360715877,9.175852711805943
58.26702605492294,106.73076403810508,9.355554869231389,20.86243910300852,295.79675536520864,1,54.05812837529131,0.7942140493175698,5.930769438475797
58.927221838563504,129.97195438536545,16.404740679251383,23.790997759541447,401.92253906621846,1,65.8023410459822,0.8861041167505206,5.001121824585382
39.335715272564855,28.35625854133172,15.391264831752448,12.873263784437825,144.64700008604677,0,46.62045622805086,0.08838482562093111,9.065749658346732
47.01071106148897,87.74944922981136,19.242926891805034,18.428940175804982,310.38865221753275,1,64.56577993780037,0.7818485494941237,6.690022030807546
33.60621532519812,57.90197646811682,13.061945654831915,3.562804500017037,197.3626671259784,1,50.52450958549472,0.12338301782086367,7.883920941275328
36.211638852653834,61.22698798027626,19.12517320799174,10.884815642665343,228.9923340478209,0,54.71440341097304,0.026555310586282004,7.750920480788949
54.74966197705708,35.49223630143942,18.670422113652293,17.919648411169515,106.75560642937799,0,52.27758196514324,0.10201547648003491,8.780310547942424
47.808459612331845,45.533715346733715,11.56248580178299,19.178502150673356,157.99861678152297,0,47.3858657075202,0.5629630331302183,8.378651386130652
52.34701433049185,40.41250037042481,13.361807792843374,20.037578812568295,220.8827544901185,0,55.31973553341574,0.13565398520145888,8.583499985183007
41.0740965820531,48.625622952059516,13.0229458569582,9.27802973244834,92.66589516593456,1,49.93669112935687,0.7500228101137508,8.25497508191762
59.06623107903527,29.39719083602896,20.0,20.22476997269154,144.77742660736752,0,52.71407675144776,0.009382344902950476,9.024112366558843
21.151115425781928,38.22459044946922,17.911104852042733,0.0,138.61192224330915,0,31.246016509626134,1.2593994479083333e-07,8.671016382021232
52.44156666743149,30.96282158473881,13.222306277311606,16.435804695767356,114.59888085980042,0,39.85375275567138,0.21102891945959373,8.961487136610447
36.82329689874783,34.786761226540875,14.766718199993104,12.1181024192583,100.55279562754464,0,48.44487804470888,0.10220213777427634,8.808529550938365
26.88796893445683,15.014431400958632,15.42148573835042,0.0,152.03458169200297,0,29.727519130153933,0.0007782913319107468,9.599422743961656
40.679351292460936,100.88332462096903,14.490031528169329,13.752079057755465,304.5902706996995,1,57.50903804627417,0.39005946357204246,6.164667015161239
37.544376883170344,200.12632262631217,8.680682732713233,9.058054465573091,584.7536293769085,1,59.75082660593817,0.6854329167422482,2.194947094947513
49.56566765458313,52.067531567977305,11.450341968970218,16.328591483163564,274.6841373700103,1,55.401577128273075,0.6451414640617232,8.117298737280908
64.97941584349216,45.59624533399466,8.0,23.933186531995354,140.5842518231235,0,44.18015798005275,0.010955091871109657,8.376150186640213
29.2404363002531,121.5316502162494,9.126740188845485,0.0,266.66627987144784,0,42.42539307700872,0.0730726903065594,5.338733991350024
52.819249209219095,196.54583548470202,16.604805882329,23.22685422909808,533.3095225068978,1,84.57552319522333,0.9811141860133508,2.3381665806119187
51.90608687303306,39.80626011086227,12.789597176394048,14.116375864599933,229.3231743573574,0,41.1663638732366,0.11791419656720399,8.607749595565508
63.64042415622527,21.381577295908667,13.704034343192763,22.680592970105277,133.42155233849445,0,44.771920145735876,0.000958083043529149,9.344736908163654
50.15064699567613,80.07556106735974,18.105131749440673,18.19344737564302,222.90829349208445,1,62.996942564217164,0.8038902668702262,6.996977557305611
43.9331300922067,91.54038422017304,14.072690714673621,13.897687951717877,346.08673648033425,1,60.27828162838455,0.5510413430343033,6.538384631193079
53.166790808606,97.78477768750746,18.783116594296484,22.11417833463314,321.7875250462122,0,59.483814213509994,0.6079175485398987,6.288608892499702
25.15680418566276,22.155070793735405,14.00760687924496,1.8009656656644077,123.16832980978171,0,46.130814812568914,0.00022948210281261696,9.313797168250584
47.66797458450445,63.45979212924729,15.566541893379583,13.224146655144155,243.9149842860058,0,49.12326901507192,0.2499889766533681,7.661608314830108
33.998962178330004,24.527504871141677,11.171197696780201,6.247545202225382,137.73090252986594,0,37.03033561975518,0.6123268231129724,9.218899805154333
60.91557543509005,74.56609025927574,11.92822439430775,20.929213839625923,318.36450661590504,1,52.412833865011116,0.2613531650801277,7.2173563896289705
64.71992347546,53.178512547942745,17.019824261259306,20.48317218547943,216.75393202216475,0,57.884278982619726,0.042655465497219346,8.072859498082291
63.2739659452398,123.78630551762637,14.745258406112729,27.110177662554573,417.99722842446073,1,68.1112289069516,0.9773611496942147,5.248547779294945
30.633910360740707,91.86822546304485,16.640215550336467,10.386272004709667,281.7743242102875,0,53.84938744833026,0.003269805948430265,6.525270981478206
33.16725490594456,66.05355755866738,17.934019684595086,7.97975814532637,285.5303405601835,0,58.97985248346601,0.029414785457133125,7.557857697653304
55.80010033378189,104.62945241009996,17.751557635812546,23.589951983630158,369.9711867754534,1,64.74455299042941,0.7087904388878358,6.014821903596001
35.448665828374985,86.35008158217857,13.583858155749832,1.2329009064421603,283.28421698979935,0,48.335381209304344,0.16936242843243765,6.745996736712857
27.046780150323535,65.8838244671375,18.111606780654604,3.9659340274245363,305.81620095373825,0,47.05858631828874,3.2804672399910205e-05,7.564647021314499
48.133791921227505,15.951253234197207,17.51704877923263,25.312275692756327,91.8349337038842,0,47.68880353417266,0.199613852886838,9.561949870632112
29.54016065291839,80.74285651210614,13.300990337031362,0.3934584159628898,299.45776748586013,0,49.17392908345376,0.010533240197077257,6.970285739515754
44.397603145999554,140.1085187555495,9.915564547175606,16.249284325916705,393.32539197416423,1,57.312706772807175,0.9283235436702819,4.59565924977802
59.40575407554458,77.53179353560238,12.075665801867274,20.315517563676003,256.9191865776076,1,60.25466097237898,0.4783810178094628,7.098728258575905
45.97818661029463,84.36167546832168,16.72190730440376,14.290103503385868,323.573716019991,0,55.51630228498108,0.4314866720305519,6.825532981267132
38.55316389209197,34.322926842813295,14.647771176449083,6.907266378053392,145.98590220533976,1,59.652398604016014,0.44405909535500254,8.827082926287467
51.615740607428556,80.08021427445755,11.273129905919287,17.630906451037948,400.48066295126785,1,56.249801200416414,0.8605772892411713,6.996791429021698
61.37589830180589,31.711330200987366,17.374573144941767,19.38848895943174,168.49670200414835,0,60.02569405331961,0.01149656380437309,8.931546791960505
41.67856958571829,14.133481441059027,14.64493814422829,13.057896356815421,86.0381714888398,0,38.873124346034714,0.09376334477215488,9.634660742357639
30.812712964338488,63.67174272215698,14.071670640978592,0.0,212.52769706871987,1,55.956476224145746,0.028819898227469595,7.653130291113721
63.214525447214804,208.7285234373381,16.39919128611364,23.191247984461423,639.2206164025886,1,78.43044968183189,0.9996629574160677,1.8508590625064754
51.09779945193907,14.052607827554551,12.582771351390425,24.89850448500303,0.0,0,36.28948357366513,0.05019937842826405,9.637895686897817
64.60630753808815,200.63176805694417,13.581415396726467,26.903945237268527,635.1185339809517,1,73.94791238841947,0.9999235888945406,2.174729277722233
36.98273177933531,67.56404933904778,13.56488134984444,9.406784897540547,177.66528575429126,0,44.250447912373446,0.5612182453771983,7.497438026438089
28.203697495822002,10.799550718707549,16.14259855094912,1.7588533202106524,86.41127156942397,0,35.20782767701913,0.0006924421471381757,9.768017971251698
52.28803411570889,30.16338889077915,15.527726705500898,19.509810704878298,160.38942266352785,0,50.59309144245395,0.0936744386719218,8.993464444368835
27.02588052467781,93.8834256612551,9.305819338154937,1.6601505445159241,271.75942974796584,0,43.56594983445798,0.008985664010639143,6.4446629735497964
32.61649864752766,125.89822529219263,15.525083005500626,12.584808356185064,399.5320091951484,0,55.26368601564633,0.0023656804749289714,5.164070988312295
32.92112827180043,49.690156437756976,16.46996240706683,9.874140920602603,201.83557672089597,0,44.72939144446302,0.03263704121952954,8.21239374248972
41.29338577668066,34.12186245219065,11.95872005196864,17.57806567671995,204.41774590304385,1,47.35320321499064,0.6351276047862535,8.835125501912374
49.975200680426056,159.159919851361,19.449022054716078,16.987663322322803,477.65843270574135,1,66.3799947452846,0.9120488277214633,3.8336032059455603
57.69783257139325,137.6607806330683,12.876421298523017,20.794948125916843,410.6201602456922,1,63.68835797370798,0.9124622016520724,4.693568774677268
38.427296182192386,37.78977003171679,12.958800800472716,12.331006467441673,208.72019453603616,1,48.10695334651017,0.1826292433247288,8.688409198731328
61.447659235235164,40.29593830117731,10.942077572773785,20.448851402687456,224.54335835112215,0,49.205461909256805,0.019273040772343153,8.588162467952907
24.478224493302463,54.88956683392284,12.493950341946341,0.0,237.34619265216367,0,42.57526501726993,0.0004311872485794091,8.004417326643086
52.720212564754824,54.909664551490486,16.417347584740256,18.584057478870122,233.2858186466509,1,60.16064979480413,0.4099177900985766,8.00361341794038
37.38746447766188,40.164504437968084,14.093944025191742,9.40660009570897,78.87483042021242,1,52.353629875905455,0.4364677727263373,8.593419822481277
48.904171442213496,189.15077368064047,8.0,14.513879885737492,538.2588471034823,1,52.26450275645792,0.989274755583474,2.633969052774381
41.12317951867351,111.04202846972304,13.327168063867795,15.03183455235882,356.8618094611538,1,58.33780130309289,0.6149273724319577,5.7583188612110785
28.551837636656686,28.77277249478544,10.760046388953471,1.9405850366522581,85.50731050924517,0,34.97741828301074,0.04760983742675406,9.049089100208583
61.7973423886763,23.7775924918168,15.948873777803774,24.15946737890229,218.23763420272638,0,53.10263181704128,0.0026949353809268646,9.248896300327328
61.21241585535224,29.523061702806682,17.189056152620914,23.61733585406529,166.48565742920337,0,55.50647247119832,0.005344991328207048,9.019077531887733
48.129501158631285,119.19237520143285,13.939155564061583,16.60829593819634,351.8590948096326,1,60.963238793031806,0.9183425567116065,5.432304991942686
42.89453715943904,123.39976550267838,15.324234899264962,12.217465756676617,377.52899582558035,0,52.12197485028341,0.28931402093123365,5.264009379892865
49.77856926941633,14.990974679219212,8.58649544749887,17.17263176327116,81.95717240430943,1,51.35785626272994,0.35740442175158316,9.600361012831232
56.64973117179162,255.70127310933924,15.031615731937231,20.373127250767254,701.5950435720933,1,73.06448537700794,0.9998699923680952,-0.02805092437357004
31.668834027842806,45.21945593145026,12.00151012876271,13.340675578498175,168.25198091946083,0,43.785002585005294,0.043668314710847214,8.391221762741988
32.75105315962426,92.58891387617449,17.60904753449683,7.4903347946749275,233.18491565766618,0,51.79746822083212,0.0240277094441843,6.49644344495302
51.844938515427344,145.68896944248687,16.347037334763463,20.128875835987706,419.23515705057696,1,63.85624840525445,0.9003163996625242,4.372441222300525
30.558901803760257,34.037631869604475,14.062935355430383,7.432168082118316,76.06640995044192,0,43.974398956490276,0.0890318582050519,8.83849472521582
52.75568515493136,56.15493830462717,15.737099353656557,16.416002221119957,252.0453001798684,0,55.55337803577861,0.400517207583768,7.9538024678149135
53.383527015483466,89.84045396178706,15.18341989086036,18.89160550715562,306.26114823194956,0,58.50640308466816,0.8254275362080344,6.606381841528517
33.56354289460382,15.611314707487406,12.716277210889265,10.078775087538208,117.81528483179922,0,46.84513407771087,0.16819166653938533,9.575547411700503
36.591771863310996,37.73889017472696,11.835824373097513,8.195131298319032,97.41575941888806,1,57.95537009856311,0.7677280919946377,8.690444393010921
63.494658788409474,54.2251120372775,18.737810569885504,27.307227403475657,200.600815796945,1,72.35411524499379,0.41253685896577175,8.0309955185089
46.00852447407692,114.00345540378628,10.444565811300656,19.360207353540247,226.2441522915541,1,56.61300774286126,0.9167472439701773,5.6398617838485485
61.06877803983779,64.47797352379818,17.71852665829053,23.087868407740185,195.15823101699496,0,61.226196219982064,0.14004563312147564,7.620881059048073
47.39523083779592,56.50184157231387,13.506021435268734,12.97853335126217,211.60156525870332,1,63.22255452183585,0.326817889231074,7.939926337107445
53.26036741112843,81.40813506515003,14.421198010842597,17.662709595492853,290.5046208419478,1,57.16595023930686,0.8340770863706031,6.943674597393999
49.550127502194215,91.77769908721072,12.989658243513842,17.588767307841323,256.7222009204992,1,59.03920883909859,0.9299631557008604,6.5288920365115715
33.4769310384759,51.15192719397695,11.861877410878236,3.338440193934068,186.90153747423133,0,33.65517337075296,0.21947806235882727,8.153922912240922
46.85179559361954,25.449230158853783,16.343681371425387,19.0351832494775,178.18845887446926,0,42.60225657044479,0.21805661622500505,9.182030793645849
36.25840080199525,12.288178000508838,16.993975050014036,8.28174265572689,151.78805675352442,0,39.7535099814133,0.08823311199013577,9.708472879979647
23.76257252856498,39.27255237078889,14.276428655798224,1.3699828833642762,122.44908399443023,0,45.046893471621544,3.696048940729984e-05,8.629097905168445
39.460543330242125,79.93861165596402,13.377584095610423,11.26271635156082,276.93151819500065,0,48.635666291461625,0.43436203162357295,7.002455533761439
50.486518408741865,21.206216339439827,10.20603332230234,14.421940887641004,90.30354225907382,0,34.03744229019427,0.16409182175674794,9.351751346422407
29.788005384188814,22.38620592729174,8.931026617577782,1.9563992033512845,50.03223028195417,0,34.50106838724847,0.3532544709385261,9.30455176290833
24.961204899488738,95.22763501532357,12.819433751196865,2.71240083359646,349.95490008924713,0,51.66253586435299,3.2152995079406576e-05,6.390894599387057
62.9386953543429,120.30932082939991,17.747386420117138,23.70564167590967,335.32082152246693,1,73.44351874036809,0.9019228126215664,5.387627166824004
59.0405544468197,138.6219958597665,20.0,25.932135534491003,347.696403353356,1,85.57126398394695,0.9916816574561449,4.65512016560934
34.428579594589706,14.523629494576221,13.602914415597361,5.786823705967922,53.36781735719925,0,34.56929082662013,0.27972095229860794,9.61905482021695
60.12266625714333,47.40778044680178,12.669050196300335,25.800858933119937,183.28000536256337,0,53.61476371223011,0.08144761424126878,8.303688782127928
29.150519358189193,100.81558276366556,8.0,4.312120013683582,272.8422378780612,0,48.869265043124244,0.10820579434423633,6.167376689453377
45.160328178976684,21.63127598805936,13.481114612399802,18.61643951462436,67.70298476553174,1,51.93239019559242,0.42202368245370975,9.334748960477626
58.38904513182426,23.71195578578957,17.83055460587791,19.3233391101684,171.32919448686204,0,53.00429268602187,0.010197288191143454,9.251521768568416
43.732060757850434,45.75912014662003,11.191480432105323,13.669277473392674,58.446520850574245,1,52.6991794238675,0.5914047897346735,8.3696351941352
34.75117791262733,28.41197059327964,8.780638422597718,8.505729863168497,133.90429430860493,1,49.46174002495446,0.8660531691895627,9.063521176268814
61.464362938954785,137.65142425662668,16.893459320320876,19.802170078140758,507.7839007773331,1,72.81531646107472,0.9458795289785598,4.693943029734933
53.473278597234064,59.80866028541754,10.60747652733374,21.33843110634876,229.7448128563856,0,49.84479825980873,0.21838608557629274,7.807653588583299
53.68644169852443,37.36635948860999,13.586673238485226,19.30519023973758,149.1814380616263,0,45.38651531447084,0.1528692174263676,8.705345620455601
59.02425949042776,26.794019080291896,14.909149724282912,21.366382494543497,135.44300871640405,0,45.71008325073589,0.005765895732655332,9.128239236788325
52.27540421700883,65.24841782072885,11.519191964715358,17.286505116646026,239.4310239768269,1,54.52788817237814,0.8004116753169757,7.590063287170846
33.96198387933664,66.32604801889141,13.807232053369802,12.90537243460492,257.6092000736024,0,40.302014790247256,0.06264309576922152,7.546958079244344
54.776060480222064,32.430264249564765,9.489398980899749,18.06383914744313,96.26488691287206,0,38.9863370112636,0.2529640785198717,8.90278943001741
55.944393789564664,47.3602593578068,9.124298799185791,22.180685651936003,144.97902899817822,0,49.17967456387778,0.05389890511062061,8.305589625687729
29.859393490507045,42.165644263227456,18.78349739617113,5.26741388984557,114.81277734922408,0,52.01175995918767,0.0011211691245506317,8.513374229470902
41.79248149401546,18.324142393983472,17.336349152359812,13.41748702268645,60.29877890928132,0,33.159892935042016,0.055650495931397204,9.467034304240661
53.277191364615746,65.839114008309,14.949381952710333,20.797827317224275,304.65892277611346,0,49.38499124950532,0.2973893077418188,7.56643543966764
51.5333982450488,61.811493186600714,13.8460641614318,12.61067548295342,240.08472014909162,0,52.92252016507554,0.2461841632241683,7.727540272535972
34.851841043559176,70.33090224130585,11.954479877716077,9.014920896829862,337.3746341729648,0,46.91842119241646,0.4942085486607639,7.386763910347766
26.006177617575467,102.73546083594279,14.940600946460904,6.364951138020869,286.31887618592754,0,54.482242217980755,0.0001180000954707438,6.090581566562289
29.43857732428841,60.097320647402974,13.911769512585543,2.5509322857775234,191.33876122672052,0,39.45159812672977,0.005063646890947973,7.796107174103881
60.643986544462734,73.5983828819071,14.066030836008032,17.140894587177122,221.9762101372847,1,62.61692845266549,0.6610138861447032,7.256064684723716
21.31514894830618,57.01403860379845,12.947652296548936,5.091602942681834,151.30750681277308,0,38.08234944834895,5.866721663606077e-06,7.919438455848062
42.18941732673375,15.010685112060163,11.43391533348554,8.789324638561764,143.60077697748233,1,47.88912796105641,0.6688769213449125,9.599572595517593
37.07951565702743,40.54935961781522,14.101865982198436,12.200922387316936,283.9396318744883,0,43.687845850818874,0.08838671539558203,8.578025615287391
63.124353550648046,97.13331984248124,12.932542143630963,25.223691698556877,319.16411533801124,1,63.08653516656686,0.7685457675021511,6.314667206300751
58.451316234700165,38.356037566180014,11.110624470231329,15.857169811893092,130.81425717988157,0,38.64540715131278,0.12707660239053017,8.6657584973528
28.76749291553839,42.687281866054185,14.633696052296191,10.168952800621117,180.3656369158638,0,39.665178377570584,0.005485072280310123,8.492508725357833
50.579319586267935,42.73025229860706,13.968381599512334,13.993644053188333,150.09135566059192,0,46.811366474886455,0.15674428380489894,8.490789908055717
31.714149907038575,365.8734104032824,8.0,2.7584190477138675,943.7774223631797,0,79.22511818348256,0.0003569863877318627,-4.434936416131295
51.528297696964486,32.619289364295426,13.597773260353089,8.653973766568688,105.80403112638268,0,44.31785502695549,0.2816113895279126,8.895228425428183
22.10372976293536,15.509006048002675,20.0,0.0,169.112214033846,0,35.413949957501515,1.2212288054760704e-07,9.579639758079892
28.6454676900185,15.575958522120896,8.673257358155723,4.796221407073928,116.19071773076163,0,30.18477069732104,0.2540210406617273,9.576961659115163
62.904128738227726,65.32436630360814,11.926558315917326,25.441598185855764,269.5068281907941,0,52.1196319104433,0.19295073044134503,7.587025347855674
26.61144204990841,30.769903163317608,9.73457143669825,0.0,108.27078939027771,0,36.63327694914567,0.07366975387754175,8.969203873467295
29.166657892806477,43.374238519037064,16.26213699976693,2.7348663794579298,127.70008121265943,0,45.8099762770099,0.0008760104154839731,8.465030459238518
33.90456896629959,84.65731982068597,12.948912372621173,4.191309936814697,159.14426985324656,0,33.454446920805196,0.2108241584028072,6.813707207172561
33.942236461633314,95.18094872283844,14.047965871492655,1.3989514799441487,264.2556826702786,0,42.63069032038942,0.05136775315153767,6.3927620510864624
37.269919407834195,31.13744128022399,11.87028777565747,6.385808527000294,106.74271508524143,1,49.54418326943251,0.7566374231121723,8.95450234879104
26.84829871658256,270.15295514242075,10.811132990824147,5.06303449615392,719.7045366588652,0,64.8495406757989,6.965028184588552e-07,-0.6061182056968297
29.24618031330573,192.12814409013143,11.480044196481415,1.850612951410128,530.1441360165263,0,65.17119940936398,0.0001225754282113275,2.5148742363947427
50.12588792262563,203.31303674037449,12.906134512292365,17.3392508260293,537.5531587267114,1,61.726514090064,0.9950934001572949,2.0674785303850207
22.200115687256634,79.38306401238577,17.15420352898088,2.170927807250754,141.88839336622073,0,39.11187310827338,1.402107905146716e-07,7.024677439504569
44.880764723130056,64.6445737555264,8.543053008347776,8.700312902582606,225.73329862741693,0,41.86266766110505,0.9839329927446138,7.614217049778944
32.666769830239055,64.6908382000942,15.216031533065072,5.938797525777848,275.51550899682616,1,52.41513314153529,0.06024836616947568,7.612366471996232
34.236466026485076,119.60357778820955,18.72359844320632,9.23565485740052,372.23321021030097,0,59.681969746846825,0.007115033573675559,5.415856888471618
61.56500428853417,13.18018793457739,18.544281937527224,26.90702399924865,99.64891248078915,0,66.94782607879712,0.012971741197419876,9.672792482616904
37.090091614713,149.04190006184942,14.804363121309315,9.892908791990784,439.6873156728162,0,57.073675575501724,0.07519271598138746,4.238323997526024
62.76310023748101,109.70576402153803,11.47892647310312,21.474255697616876,349.46279366600345,1,66.36498781948627,0.7563129793300589,5.811769439138478
46.556404209505594,74.11266527628237,16.858663749342263,16.892528661761613,307.7696836820319,0,57.30519965362585,0.742151220156403,7.235493388948705
49.48751444715538,116.60336703095838,19.676036990161435,17.278740694914127,457.5662239213485,0,54.7316044640847,0.7827216820183484,5.535865318761664
32.09307932125391,75.08578303622242,17.09766659647231,1.515230343160904,271.41392635242624,0,40.779209349642,0.002035993530320917,7.1965686785511025
48.08599346110009,31.033147761427113,10.03068299624006,23.16257726382616,96.91434184577281,0,42.26393574929755,0.08413076270572942,8.958674089542916
64.75589758941214,76.57994455865126,12.001473974241126,26.540772036337106,202.174842815028,1,56.066108962249245,0.5948487120668838,7.136802217653949
38.445897323847866,92.80476135226311,12.047816879900358,10.652920712769136,300.21007944080304,1,53.82763525885987,0.5724980109487633,6.487809545909475
62.67010412680491,29.21516265866391,17.637223303741948,24.80511302281584,163.5235155999728,0,55.97665809504235,0.009173116712314189,9.031393493653443
41.23759821730542,45.08875026352327,9.980326590893835,12.705552767277483,188.8492567034541,0,46.91206634417371,0.5423565778941549,8.396449989459068
40.61664673357133,49.80402112130939,20.0,10.290047495083407,57.28988839189816,0,48.91341074686522,0.06857538664621005,8.207839155147624
60.66946373914876,32.28745366160015,18.661585154297782,23.683055556114578,160.5424009939887,0,55.840953002522504,0.009447741186145133,8.908501853535995
58.48579365835011,181.1752861131317,11.944047035789549,19.17668569424996,530.9132846161995,1,69.14892732591368,0.997499866442864,2.9529885554747315
24.38130810033281,74.28589158912123,12.13336606680368,2.083363603807988,243.84847720793357,0,52.72083138322118,0.00010551372212740132,7.22856433643515
44.24824138364238,44.63394879829772,13.938295367828008,11.274102136886963,208.75308131994657,0,40.42185383615724,0.2578424539967776,8.41464204806809
50.44171728354638,163.62011471233203,11.241829689956148,16.500173336846892,466.50413478424406,1,63.89880824176171,0.9836635822966654,3.655195411506719
29.30897289925212,42.065391324899004,16.48178343089108,2.3398365272287776,76.44355142885752,0,48.31618400568571,0.0009282803823276824,8.51738434700404
30.010692701184272,10.0,15.217090347618145,6.41610785729199,52.916773432949775,0,45.295109619046414,0.03164879554004047,9.8
57.52028448200593,14.542215165246356,15.506319149569329,18.845980607672622,172.9688288603922,0,45.3060388496486,0.008983780173656879,9.618311393390146
52.199683125119286,49.63811024528921,20.0,17.147656897497225,188.38197164471515,0,51.08130155395376,0.2459769416031631,8.214475590188432
58.01975482776054,123.33988685135826,16.735658390811462,24.339719498877074,402.79359097242076,1,67.10967230404212,0.8827648841682398,5.26640452594567
24.37022101297523,115.32858093309305,9.758304579772904,1.9775155262106776,382.2848267121678,0,51.92116591885935,4.710953993404581e-05,5.586856762676278
20.82044810737796,33.7247933226647,15.063135167400379,0.0,172.81265034284,0,51.49319388929848,9.542841681728907e-07,8.851008267093412
49.022482850027316,62.04280708675834,19.540309866438573,8.719114885509587,287.624154275484,0,47.51317754764153,0.102788436285592,7.718287716529666
36.45419323267748,37.33239858145463,12.252984216580717,4.95952481997834,202.35065395905914,0,40.10575867613578,0.4681188126693574,8.706704056741815
62.21880337212523,25.137865806342624,12.672289438284642,22.179323247387522,88.4334195107896,0,43.81990513848164,0.0021840009191532233,9.194485367746296
34.70097356800147,137.05603974383075,12.677737474923322,3.3718441734325575,347.4754207946212,0,49.695372894518854,0.044687127828051544,4.71775841024677
48.34785363609507,151.6057386857079,12.418768051943813,11.831526210609809,486.16257259265706,1,65.33421690489345,0.8184380852547041,4.135770452571684
20.076013088024716,28.105693624272444,16.68376811860949,0.0,126.72474327077707,0,31.422805999896234,1.1449061211277569e-07,9.075772255029102
35.69492942533199,65.27659966876399,13.791949019127955,7.770142240488858,225.61538268822073,1,48.97461602270697,0.5325316205293322,7.58893601324944
47.93838773050531,20.882764757410143,10.588501451706689,14.336979356683264,135.472797009316,1,61.80771600585637,0.20884304839406814,9.364689409703594
22.750460425908546,71.10850777776024,12.062298759633133,2.8428678515600634,276.6079735575593,0,50.06129615758968,1.3416420450827481e-05,7.35565968888959
58.44513635155368,92.18633220687056,12.832348629063267,19.256709010410976,219.3298800044899,0,63.24022449845193,0.8531175818568244,6.512546711725178
20.981205067983854,84.37617969571332,10.795665555853033,3.1785265303622383,236.6687362556824,0,52.58244730882409,1.7725472240777428e-06,6.8249528121714675
51.0205288777227,170.92542982556557,16.182532966068816,21.102511776122054,500.24259581695037,1,68.61936877549353,0.9135864739849474,3.362982806977377
58.06663860605689,73.66465671784772,10.936285592996207,21.81425205219663,323.4801732976116,0,42.12966307708392,0.2087641219391018,7.253413731286091
51.624910208129194,66.28106721150483,16.986503864114155,14.14733223850169,284.9157616185584,0,55.004825747335644,0.19070615596987853,7.548757311539807
33.883346096438046,106.18398545448002,17.536869131720067,6.215391115240947,319.5897526090555,0,56.88037356373902,0.015619953564211133,5.952640581820799
20.94284385558568,46.38862160614512,11.755451398384652,0.0,126.5710602821722,0,30.777652214094303,1.6489516891781578e-05,8.344455135754195
59.280606803222085,27.83372557398606,11.334664901291985,25.167791525349894,148.97711584348215,0,47.91340631600127,0.009399381360970866,9.086650977040557
46.80054016597177,16.246963179360048,17.03594905298791,14.69339704914081,245.23714912548496,0,45.43597235298569,0.034569767102832015,9.550121472825598
46.177801678431805,71.14269695380811,20.0,14.34014438640591,293.93171603623784,0,54.5641508314226,0.1738706712994925,7.354292121847676
49.23823527646894,10.0,17.749305737894204,15.670022195994898,134.27842739338223,0,49.79625583285585,0.034326592846281576,9.8
43.587662598999245,76.97287799546184,14.058000194700037,13.50417163080391,302.99934631242616,0,44.18719534994887,0.46736346226570696,7.121084880181526
52.22338029209436,49.42860592440266,15.910955132120836,15.41038153506798,177.8558242882214,0,50.9219326128922,0.2279480734304586,8.222855763023894
59.43760984888053,48.264882773804686,20.0,24.28284186656895,231.49894784997497,0,62.84850972216383,0.07942087738767631,8.269404689047812
22.75239986757513,234.5731001745496,11.709040420876091,0.0,693.9276118615544,0,61.92407888661994,1.964257689786294e-09,0.8170759930180154
44.61734547208646,12.426908303046485,11.466621794056355,13.548210254943864,136.72715624937453,0,41.318374480682905,0.1607142515426541,9.70292366787814
48.52844319163804,14.945512663704369,18.13384474192901,15.764688457547487,59.3334220590899,0,44.7018186963524,0.06579582762844595,9.602179493451825
21.314676926967454,12.496665104208036,16.08875077468175,2.597459131949026,108.70450610313719,0,41.67746151661971,8.569000139892377e-07,9.700133395831678
43.69508071186212,34.6743246975939,13.220395455718622,13.872731682364918,187.59123026631636,0,49.20565710668593,0.23715645290135637,8.813027012096244
20.7900827741745,48.239475109645724,15.826628782654414,4.620054591072119,209.42125671259134,0,44.448820514903375,3.115202533950093e-07,8.27042099561417
23.35865378792976,192.2990028610795,12.121310541684451,5.433101327548267,511.13218666722406,0,62.539821609508785,4.31564609049356e-08,2.508039885556821
64.46383968379405,13.49244694900514,9.518386685343394,23.1013326368927,158.4061883834348,0,45.6367063535888,0.00027021560834327823,9.660302122039795
44.70389722334167,10.589538633994872,11.871053086563466,12.385535859294999,177.71097201937155,0,43.85696078933099,0.1075119391211807,9.776418454640204
37.71668962505906,73.7664428573853,14.41144017439968,5.3446187050853,323.78193127073393,1,58.93158623483961,0.3634072674611309,7.2493422857045875
43.70505122583649,140.57187913592904,16.081063415327687,12.45292591100366,416.57648904628974,0,66.77783656424788,0.2569732081820922,4.577124834562838
31.89606183046207,51.167237728381004,14.623624802758396,2.464202829067963,222.06308942881023,0,54.21998040141401,0.01256986652287238,8.15331049086476
27.63047965611174,90.18717540064031,16.309422578877786,2.951484728905985,187.97675743582226,0,53.84186118482348,9.801036936526726e-05,6.5925129839743875
59.189262265708116,23.101664807261745,14.111984887647928,21.368212129197918,103.3464562338225,0,46.02982708562597,0.004378851301663203,9.27593340770953
56.34417357479079,43.45539645818787,15.664909612329877,24.001950430494272,159.2647773626944,0,56.677455409720224,0.06284862088117925,8.461784141672485
32.636100355558355,39.90500013077664,13.678672692219227,3.2695360209839652,154.3623273033665,0,40.209420620638554,0.04485982729812087,8.603799994768934
63.642651267641064,388.47903161505985,14.206012498048931,22.410445128553906,1000.0,1,87.03841151959176,0.9999999998982518,-5.339161264602394
29.638772407051846,26.460688105600333,12.35453918548016,8.222372021909099,130.2564681257662,0,48.04251723093779,0.0955999671094996,9.141572475775988
57.020215083242405,19.079121721729784,13.580633713054578,19.08016761015459,83.36166140573566,0,35.69433699689233,0.02238655186723782,9.43683513113081
52.76969282554207,45.5012229252906,9.679091209841527,13.91903475428093,124.99175655063065,0,35.66964240552148,0.3719070192451951,8.379951082988377
55.33889961671286,30.75960765639698,18.647054972632862,21.852786910260463,53.93910173572446,0,57.782678415516806,0.02418592418955053,8.969615693744121
34.59132409276325,34.554957412558416,17.829096298231043,10.008967871906084,118.84697818044792,0,44.49481721131584,0.032977867972842675,8.817801703497663
64.5919421440416,16.565117666702346,15.079724581853448,24.786602784153757,140.7754808709644,0,46.62638924099774,0.001277506909277201,9.537395293331906
63.1308318594571,52.41681589654409,10.14774419566211,21.80788926589599,241.3557754145303,0,41.29422651284636,0.02523654531590291,8.103327364138236
46.664954654342665,19.339976487277976,15.747978101097388,17.381797888245377,149.05968008386236,0,36.28617814942813,0.2514774076018801,9.42640094050888
26.25119868617008,417.034899575939,15.796600093113039,2.2612850277522782,999.805139693123,0,91.17228997116469,7.146955604350955e-12,-6.48139598303756
50.15154087187455,55.975083589601745,20.0,14.977838413937082,229.81477944180696,0,55.63823245221668,0.12199001628069124,7.96099665641593
30.65201149927204,150.95974373027622,16.576139841377078,1.5931843331386575,402.6720209035062,0,53.15553886813561,4.738265002202116e-05,4.161610250788952
25.053665327236054,17.067746605011813,13.666328772337875,0.0,74.40585584489364,0,41.58315771433219,0.0009048259603028153,9.517290135799527
57.569261045671055,26.837658296101846,12.07227305828075,19.513807345089734,83.71415803807612,0,43.27322039549494,0.03326390509038535,9.126493668155927
52.62744350943073,49.911153077647434,13.99656566992443,18.84261594171312,164.39325759945012,1,57.278850126793884,0.4198959798776337,8.203553876894102
33.54942572660407,21.126609549023573,12.516017844460352,5.304047129670577,70.03170651808401,0,42.41069149614951,0.31146572789290455,9.354935618039057
28.331841598216844,65.40793221785435,18.531388990668066,0.0,253.50825143169618,0,47.730808102401205,8.243135295851122e-05,7.583682711285826
64.41049097465071,16.309579746735253,17.04435243646468,28.648404563943565,87.41832313939781,0,48.265032911992385,0.007546163693363508,9.54761681013059
38.4607228723754,266.65764070578837,11.32179906607868,9.657765007259352,737.7283238408736,1,71.98321313841056,0.4034065223374689,-0.46630562823153454
37.08979408903426,48.47169742279762,11.802213948638162,4.185743041166611,166.8759548513986,0,43.37239991471662,0.5855855529956082,8.261132103088094
21.739414910342614,15.530860208292017,15.10897339026144,0.0,162.462646694674,0,37.43529158949981,5.560855628708536e-06,9.578765591668319
22.464329090330747,185.01130023992496,19.142759033008765,0.0,417.4018334150629,0,55.64283634987353,4.733449757287445e-11,2.799547990403002
51.102221118778466,17.459130368738222,13.750923114981578,18.847472496990875,50.7448740592549,1,52.102325528628356,0.1237973591805463,9.50163478525047
22.127029512562657,33.01602214221188,14.294598811644079,0.0,171.87552654994516,0,35.08616203393676,1.0569298009570471e-05,8.879359114311525
43.87035482090364,86.02279622356981,8.301718420719288,15.373867993363692,307.48610517759215,1,43.02502852540098,0.9292375448689153,6.759088151057208
56.5769316822293,34.13962721759902,13.12197096912032,22.366590648660985,161.65237482446204,0,43.759545652786116,0.014703555998767904,8.83441491129604
29.088692623402068,33.62436263688608,11.253607169327948,0.0,161.9548399917584,0,33.02001794010733,0.10635490727871852,8.855025494524558
50.37654045053662,14.669424076985399,8.0,17.70995502327669,92.304274344166,0,37.663854965727396,0.3065711047025881,9.613223036920584
26.05556442666804,86.18007666290744,12.31338430575095,3.640894347765857,254.00315108207997,0,48.064873172224765,0.00042424491132510387,6.752796933483703
35.89495213263436,420.7230236230904,8.28969887900125,10.667409295319045,960.2169456053422,0,77.38383544102153,0.03447360533164815,-6.628920944923616
48.48713096685519,102.652421730116,12.145436835715888,16.378089883867048,339.2276723556131,1,59.959657024334376,0.9270415143674215,6.0939031307953595
21.12717829022947,31.073727029216368,13.184738170745034,2.4058974726581646,78.4422402756619,0,39.3896384975539,3.7113271963806307e-06,8.957050918831346
52.281938920690564,18.83000202304708,14.133392053952836,19.480503533753,230.80294492530996,0,43.92864135864649,0.03988772157049179,9.446799919078117
26.467626633318133,22.78666644855909,8.0,4.451925325387743,197.05875368177257,0,34.591695761945594,0.059956762985415815,9.288533342057637
35.301150844189074,64.09856860042498,16.028797367804383,0.36836839327105864,118.37283000313205,0,58.20062823148582,0.06072615659707931,7.636057255983001
44.84107801699806,25.92157576010695,16.48110637121818,13.317793923155236,97.32209749256637,0,44.90982582494417,0.06346575360429839,9.163136969595723
35.92063585370733,57.03297873363664,10.038107698548455,7.82772652188869,176.46807777633754,1,46.89231761928355,0.9091803750531662,7.9186808506545345
32.36772705714612,19.887622819394878,12.092257752403935,8.388819949142004,60.3640609344731,0,40.504827148139796,0.37233272643207127,9.404495087224205
62.141281157760396,70.30992327816332,15.041269963590349,22.3702108828574,269.8899911431524,0,52.22892363700789,0.13963879091809786,7.387603068873467
57.36079226355675,79.27305644824068,15.34027582896317,19.393542954926165,275.96724789566247,0,55.68787904931942,0.6198368843836939,7.029077742070372
40.631960825518846,16.92651638350315,9.716965610129712,15.4497484322867,162.43341945700055,1,58.12783151505643,0.5271761946481396,9.522939344659875
22.201315226198165,57.14678243122499,16.590199353334473,0.0,287.6383228681838,0,35.75459364656126,6.200874961338035e-07,7.914128702751
26.48833868908661,59.98708071777802,12.705660168657566,1.0044302503649256,126.14170588289542,0,36.60391401861505,0.002063915509107791,7.800516771288879
43.5344385715572,86.26023818201215,14.775313056120076,8.855300247129307,343.59132647260014,1,56.87068792109511,0.7344969032941209,6.749590472719515
25.559157426240112,44.88272124049968,8.0,0.0,142.01182096824243,0,35.111572720651324,0.09439990277556203,8.404691150380014
34.238001222142195,164.3955055193994,17.61604154291136,6.367382088482005,480.62913548852623,0,69.82022085823617,0.002679412643342326,3.6241797792240242
38.059748318157816,19.40141829202447,9.848430666843731,5.116470441388183,190.9595701303005,1,44.71757970488914,0.8090712260361279,9.423943268319022
58.6088048712221,127.7897986926558,13.205214637822204,24.940136675638787,436.390525389816,1,58.795002234316144,0.8945114718993735,5.088408052293769
24.825932371202406,103.88186679918289,19.058877177662797,2.422563403376831,314.95244429981057,0,51.19623489796929,1.519362050226637e-07,6.044725328032684
57.45367333951721,366.2401460762019,13.614836743811509,20.953108547898132,1000.0,1,93.55973876069476,0.9999998636929196,-4.449605843048076
53.805879002046204,78.37484054744634,13.064878804386316,16.412300166472264,330.70244317020445,0,47.0945766713502,0.7865217717176655,7.065006378102146
28.93133762696236,115.26850488736825,14.41619518596626,3.8501536502324862,307.5084447678991,0,41.51498972764815,0.00039237313161371977,5.58925980450527
33.96599211520751,32.21358813748923,14.554611059512474,8.269187603043726,178.4537289888031,0,44.229603188245726,0.18947061198841494,8.911456474500431
39.34242889757003,16.800965467257733,16.51486224419712,7.881529654231879,150.6510291104916,0,45.41612230964367,0.16404801851271184,9.52796138130969
26.41828107146822,116.95282667783573,8.145357983306853,4.311211988527722,303.1555685738996,0,47.93165272425883,0.0024784663496026536,5.521886932886571
33.291777731961716,65.50208097617462,9.290075582891067,8.406210989436588,296.07867416559367,1,54.28814332391319,0.744541941562793,7.579916760953015
24.683312379380965,61.63644552975271,16.959359584399838,1.392656900634414,230.29847789523777,0,43.03561737998561,5.6103809506906735e-06,7.734542178809892
57.46799927804984,12.307347083126956,14.732581080697887,21.989538803577158,117.35782279115337,0,41.508900587648995,0.0021903630476059945,9.707706116674922
44.78907408958108,84.873476066342,13.001388179337201,17.2699765965088,276.629631772655,1,50.342602694685205,0.9029950591662933,6.8050609573463205
27.85279972635669,73.46172953085697,11.226946016313278,0.0,247.2107962876443,0,44.31080724501163,0.026560462008450646,7.261530818765721
59.667799976944224,186.0462165065461,18.15439521998625,23.791451140108222,544.3085221915696,1,82.80842100113136,0.9962965866341146,2.7581513397381556
56.762106878706554,38.67318111829895,13.724831602947516,18.35237398929458,115.6808512772445,0,45.707831943642894,0.14657365789051394,8.653072755268042
25.04368913457422,28.205060934425816,20.0,0.0,104.2361463901105,0,38.10342037431444,2.692734599111621e-06,9.071797562622967
59.156355649292486,28.373949904293788,13.821987694319997,24.25232445098988,298.69034456338045,0,46.28593855619499,0.005078972304140187,9.065042003828248
41.138335754738655,40.86781284121528,11.977573092982045,17.59968793366882,182.11867064589262,1,59.386355203202235,0.7091010331144343,8.565287486351389
48.345944042163204,172.66544661551706,11.252240166301222,17.19559913778976,449.49478912564217,1,64.20830119453646,0.983354576119978,3.293382135379318
41.334848209616325,39.04777126606007,16.774476143449373,10.793277282821467,148.19706987863322,0,46.921620855329955,0.11154014563489965,8.638089149357597
38.04511853825329,10.0,16.67234340683174,6.484083913680731,91.00602062141357,0,45.730029749699796,0.11424545102472584,9.8
53.192434097393885,59.63313239269989,11.303148295817113,19.96142172335779,275.57995784031607,1,65.65601508186747,0.38020405317089645,7.814674704292004
25.491845451071228,151.7430241994,17.36960934359347,0.0,397.9174146123037,0,61.559518724953925,1.1863888006883768e-07,4.130279032024
45.654127596347685,48.69848740802261,17.304212466844128,14.714372093034942,167.64130534039947,0,51.706433675059884,0.23237961665679033,8.252060503679097
60.649840344297616,27.707868850349584,11.905082620042627,19.738806246310382,95.95217680026727,0,49.12556735632254,0.014519489499760252,9.091685245986017
40.947125640553345,245.50060640514096,14.051284408362754,8.099316060764915,674.8352423448927,1,73.06250014968941,0.737879657473066,0.37997574379436205
35.45014497657094,228.6155127338821,17.730253099205363,3.2052749358419854,571.6044075901419,0,69.26047830124347,0.00040030503425948695,1.0553794906447163
50.65216083229744,24.23312085460921,16.28983186174935,18.22687751359358,73.31766557080677,0,52.17579908407974,0.17113506531111752,9.230675165815631
64.73211180743806,18.31181139947996,17.214893798596947,26.011293709050832,150.3305488591884,0,53.95720154207395,0.00461023806725715,9.4675275440208
29.512342706508626,142.86034573519964,10.244128443293215,6.2570933649594895,376.8193795923949,0,58.72783543719804,0.008279888593363299,4.485586170592015
39.6406345950349,24.780288766945766,12.166600284419332,8.165392695312232,158.42917198979876,1,53.64817482292135,0.7103907532120822,9.208788449322169
32.10952304627392,31.310593656329505,13.362968490361437,7.3646715757691235,159.36397970348253,0,45.31763005840977,0.1974146042369329,8.94757625374682
58.12520947102783,24.564157720267172,14.963993716007675,27.5976143763631,126.06509626780996,0,51.753654348475195,0.042967733168250644,9.217433691189314
39.446073382522115,157.51124975349808,13.695434406015021,11.257545728547361,465.02638895653985,0,60.143980698649685,0.16423005244357322,3.899550009860077
25.12808260433447,57.85917070948217,14.557544089305127,3.9446303999578496,282.1195162169095,0,47.66860955904806,7.117908967131001e-05,7.885633171620713
42.69954029239927,46.99627671586472,14.504256347126322,11.120826858523717,131.71745157478327,0,49.82184545959044,0.3057407533109276,8.320148931365411
25.29523865823441,27.38520660849332,16.298886232522314,0.0,87.29656352533061,0,35.75798816979785,9.112587539537786e-05,9.104591735660268
35.60422263383893,125.95424947645486,15.378997721130524,6.968088672518886,371.0285723359811,0,60.628483143436775,0.09378879148154451,5.161830020941806
60.70580299298395,111.26459011560532,11.825157766010735,23.3402533375433,387.920899104145,0,48.51414327051974,0.6718127413535036,5.749416395375787
34.632386715134025,120.62777387963791,16.56889905324357,5.925291417877535,383.04496466732314,0,56.69888472880818,0.019079304846774697,5.374889044814483
36.13332999683452,21.310911529220874,15.934881003264142,6.462828373713559,75.83647191452252,0,41.177020331796534,0.16289461523330448,9.347563538831166
52.787748218626746,16.227717686283057,16.522431069249816,20.651370435393694,165.68254150303983,0,45.00233200145115,0.016288083886272058,9.550891292548677
62.59451693984176,69.27232953559982,11.99172615888014,19.991210548238875,276.9450263053474,1,59.250728074393585,0.29756383739345454,7.429106818576007
30.66148718241571,89.87733480315151,8.836760492746073,2.1560943536718304,268.78065988792093,0,44.144754108707936,0.24838231826682047,6.604906607873939
62.46210932647952,89.46266405563384,15.688276277071415,23.930375661857155,239.2645168826095,0,60.15422180995737,0.6047541939391177,6.621493437774646
24.315555999698343,214.11289837133415,12.12266972603289,0.0,593.8900884825823,0,60.50489195534035,7.32367447956398e-08,1.6354840651466338
46.16729940079316,45.2671151899865,9.676996786920181,14.961013026802227,142.80090011158612,1,54.02866786494169,0.7068296426242323,8.38931539240054
25.502775028141937,165.51817371158,12.073538506136577,6.225969845078046,390.16304916870075,0,61.48230852168519,8.162957700070737e-06,3.5792730515368
35.26499833602762,12.58548248287211,16.49978447588969,7.292953115813574,126.07759619839217,0,44.34695151412522,0.1027816466060058,9.696580700685116
57.28761386368996,19.163971459002713,16.28891858773689,23.497062976991998,140.20651179202738,0,48.048925830956875,0.005126265040707341,9.433441141639891
35.51258815634308,74.01547903638482,18.05474768974541,7.258503996523857,256.08585833525274,0,51.31279635348087,0.08196488294633576,7.239380838544607
40.70877464304341,70.1048039410274,16.05244036241873,12.14116832537873,357.0283422574378,0,49.425019354319204,0.146935424968827,7.395807842358904
23.12153045093967,102.51575515120835,13.332108262546448,0.10238888160128512,252.9422940936849,0,45.52629722434305,4.761543037422482e-06,6.0993697939516665
35.596448991893574,252.1190419294511,15.489452693569401,11.40097400993561,722.1926897797182,0,66.50283383494798,0.0025118529359274247,0.11523832282195556
28.486038163452026,56.747692912624245,13.543018412785983,3.823788485569138,211.99856871868528,0,37.90232956625779,0.004096647305449718,7.93009228349503
27.69008951558238,57.32507606252776,9.902725213177408,3.7196380695774605,317.94089471477685,0,40.831688838225325,0.018925081342194634,7.90699695749889
28.24916476540298,42.503765129820145,17.613474659951493,0.0,183.67666386345755,0,42.274132716349165,0.00023912437019529053,8.499849394807194
26.351941892002234,46.34137822415383,12.808542419987408,0.17368734158142374,164.26455913121126,0,42.52449942811016,0.0028191324478352747,8.346344871033846
39.60810165488227,148.0651021156802,19.31418451332543,14.465605127535868,417.65932938367325,0,63.508306949223304,0.06517266662640832,4.277395915372793
23.444069189342446,47.58762522895168,16.995016586480915,0.0,155.80567641944768,0,32.64988540491001,3.947859310077234e-06,8.296494990841932
25.698379838426312,77.26367735274839,9.802760842371306,7.669192339573353,193.52148693490636,0,36.119069076132256,0.008689034157266507,7.109452905890064
55.457008468519035,48.126149472314864,15.795417289034777,13.925312456793048,272.85843047891365,0,60.256801211686124,0.03816638765138827,8.274954021107405
39.47619166750148,63.27762991943657,14.218526654961654,16.6005465031101,197.58017496986122,1,53.58595340443551,0.7179150423510721,7.668894803222537
52.84447497625073,116.9799946173853,14.121832255855713,16.8649074647333,365.3335481732561,0,64.75604032047477,0.9356810982415446,5.520800215304588
30.41113850123157,79.56905892792429,11.834843667896477,0.0,255.0127578994784,0,39.20307661794376,0.1029889366527726,7.017237642883028
41.678528515103295,257.62163583351736,14.51304901627264,6.492100458160388,716.5347847782892,1,73.81205565053311,0.7728204966598009,-0.1048654333406942
49.733478785510755,59.73652807591747,19.4280220447489,17.767170517765496,260.40438766389735,1,67.97534291653697,0.4969749857834389,7.810538876963301
36.052471137760165,117.08674318054659,11.670804434501349,13.227741459922253,423.9092679969315,0,42.66603285097051,0.09982376365842242,5.5165302727781365
49.22902711936054,15.785040711804594,9.972434382519829,15.762801722683246,95.21296187554049,0,34.187967856078316,0.27313699357491455,9.568598371527816
44.95088379452405,72.49016178034849,13.394324824601176,14.720890581343507,269.73743515787834,0,50.929645591123226,0.6737570225211308,7.30039352878606
57.46504844971232,79.27602560318859,16.413532934251922,16.876757407928665,204.8933733190672,0,47.47542844707719,0.716836777359221,7.028958975872456
27.14365557976558,31.41047455020129,14.439398631552553,5.9233303737389935,102.77719893743426,0,38.37598890358542,0.004087132917643724,8.94358101799195
61.921208503937706,161.19070450923587,14.443194449645691,31.176182495431533,504.77186323387906,1,67.24914611792404,0.9857561871304165,3.7523718196305653
21.668829253464658,74.48439800457818,15.75109371682525,2.0881414776794713,214.88463163844798,0,45.89420385468893,1.9396339626666086e-07,7.220624079816872
53.36391879574002,33.74468320264765,13.579657719333367,17.428709570343315,219.91952113634207,0,45.642484933252504,0.17417356137846435,8.850212671894095
35.028038403278906,117.05135590503825,14.583731431615593,8.717034898211255,371.5120479918632,1,59.598199220003444,0.11259749276555008,5.51794576379847
52.710970301534694,243.6534185949972,12.935583978675568,18.7528439794316,709.1794192230635,1,76.61574454563144,0.9994101553633666,0.4538632562001119
60.43568542207813,23.561920739209498,17.079616161148,22.582781329090032,118.8144063848696,0,53.012623137948545,0.0028139312905413006,9.25752317043162
25.586178726414627,106.29478116540673,19.644247016239987,0.124821215810623,298.6757887009338,0,56.98469368212088,3.34459778232059e-07,5.948208753383731
26.562028380164616,116.44749616778928,8.0,5.087885082152449,348.38973640971403,0,54.87003502417615,0.0038231965903292916,5.542100153288429
44.70260876324514,20.788863669036623,13.803494429380592,15.219488903935027,230.69532314552833,0,52.478111528430986,0.18723752273165392,9.368445453238536
32.30837536574157,55.43743010809296,17.197189684115465,6.7129336648608415,216.37388305825706,0,45.267593255775004,0.02576723880145937,7.9825027956762815
40.543327124111116,25.550737109801794,11.556551725855913,14.56930390507521,108.29005823078802,1,43.65505969334093,0.4114184294420981,9.177970515607928
28.65948742010581,142.22923720273994,18.707494308704156,1.7158056441305267,440.35759314134674,0,60.660547169957454,1.3306328466889725e-06,4.510830511890402
64.02427743706116,183.05024149114405,11.390665838003349,26.458336893566386,575.3300965790228,1,73.0904517183352,0.9993127455570576,2.8779903403542377
20.139507878568107,78.89785390725777,13.21975647094327,0.0,133.3985358227835,0,39.59209521621073,4.154797464449269e-07,7.04408584370969
54.967231688856884,230.69802950031055,20.0,25.87026385665466,629.9999609778056,1,89.41471541094936,0.999821244010012,0.9720788199875781
23.911458075060345,28.11986053569715,15.20451845381973,0.0,127.42085932393383,0,29.79318327847918,4.9677897021448595e-05,9.075205578572113
40.70662479684974,150.81945820884889,11.876240505294756,8.225276395865574,415.9278123109604,1,64.98754261363105,0.8496881164470113,4.167221671646045
55.268375752798256,11.454748996585698,15.288840088035823,19.103843497794426,120.74112761258458,0,43.688809508707635,0.015306927401958251,9.741810040136572
31.641549004018394,56.87353580606592,9.591406484059037,5.105416747557926,219.5908875041299,0,33.59046508153588,0.5024960000161754,7.925058567757363
40.87665936660144,76.7606218622827,11.540715808710749,14.367486751471354,229.48163010730448,0,37.27805658295195,0.7167763921949929,7.129575125508692
38.43131880402365,127.19216214823234,16.33243522273446,11.762604077848216,415.28725944607453,0,51.32976900538669,0.050015590425025666,5.112313514070706
48.89606250537366,40.356993198602396,14.951388002856415,17.85639034582279,264.3855066691975,0,60.01656751784478,0.37466645924940906,8.585720272055905
26.29639117603897,55.04684875813093,12.352955947197865,0.0,257.336927302474,0,40.56796231292658,0.003021338676264875,7.998126049674763
39.02162820908781,98.089626207389,15.34875367245936,5.761236543682617,328.22186039348117,0,63.60927773350106,0.37248917731297787,6.27641495170444
58.1399969433751,18.59041047716058,13.178089255533752,19.214626448261413,172.55818053801727,0,48.52413058617465,0.011289005381855613,9.456383580913577
56.54945535467207,132.20252497952995,14.483881561076839,21.649205690146378,454.4037175662128,1,69.32308086872928,0.8017775491528825,4.911899000818802
36.20336802760902,83.49259383207743,18.331899889161033,9.202880604768978,219.06244126634493,0,55.850291237957485,0.08748110686555031,6.860296246716903
41.66673337607869,191.7074912914152,14.983152442630924,10.396133073749866,521.7195205046528,1,61.604336478800704,0.390699970741617,2.5317003483433913
63.990577486168505,54.89219710906763,17.116492473615722,25.80595250949582,198.17981841621818,0,60.569080098038455,0.20346953441217866,8.004312115637294
30.502404854814145,109.32472623536734,16.317925185159453,1.7312085741280399,325.2040518328454,0,56.49588625242353,0.0003447507402498364,5.827010950585306
21.805618333551404,128.25700262125335,15.793714517811406,0.0,406.23894587555594,0,52.03061780845909,8.033855795406431e-09,5.069719895149866
43.87201921723325,71.29637441485916,12.04368706763046,13.049282580748852,221.04485830921863,1,59.09234092641438,0.6328628474687139,7.348145023405634
58.82113978249291,32.340472421524034,15.295673544974871,19.023348329271617,96.8275886046516,0,44.41468364373037,0.03803940322173358,8.906381103139038
27.90902828393509,42.988903169104326,12.657899452196562,2.402716429034907,157.3368416341054,0,37.300557036175015,0.004712616181315665,8.480443873235828
64.28685390724885,500.0,16.770936946042834,28.748347514814792,1000.0,1,115.2740536892131,0.9999999999999998,-9.8
54.91932245159657,43.26957063978069,13.802500552092791,19.411422031128215,142.5744163705129,0,47.42268953148545,0.17529069209358442,8.469217174408772
36.42115363902258,102.31120543932022,17.451375740419063,9.817515052330457,318.3551322436478,0,42.62130745321434,0.06309085806733374,6.107551782427191
25.02384405619983,159.73722563546653,15.06493529547068,0.0,351.8960347333882,0,62.74545220830965,3.6639821739086414e-07,3.810510974581339
51.328379471476595,129.43887411416486,19.773939209639664,16.93113709706944,368.61169880397995,1,72.52709175412873,0.8650596625356163,5.022445035433406
40.65040761345038,80.5971150336562,16.089403467450847,11.0710802174634,237.65720740448685,0,52.06101307300684,0.2849875336425005,6.976115398653752
25.673088277230086,46.84226469527803,12.62860359708653,0.0,231.67112627512032,0,46.487957709088874,0.001533079626630511,8.326309412188879
26.396950591641378,90.61300633895382,8.775102074546837,3.482810926805561,231.10126455349774,0,43.89563400705764,0.006759233843822505,6.575479746441847
56.927211096354114,21.430738100507412,14.543627231427353,22.691958413708463,205.90953174288938,0,48.426985762001486,0.003998689086516639,9.342770475979703
44.50970322784307,87.08031905615114,15.278400487499377,17.98350969140506,350.0015530833548,1,60.83462924082366,0.8334071401010221,6.716787237753954
21.79196786116465,18.772032868734854,16.32836099805836,0.0,62.922988951786394,0,36.11706672373145,2.57716595319689e-06,9.449118685250607
44.61850152347584,128.83214505049503,14.870730379471219,10.417685291706217,418.6632689764196,1,61.25553025514795,0.5524467921411287,5.046714197980199
52.65453173789992,52.44385034122313,15.080928240719343,16.99662457257462,154.6267279926474,0,48.486040682908566,0.49671112123210215,8.102245986351075
38.977398130020234,34.26266082667165,14.499913431292363,8.558315154130085,184.30741858840156,0,35.13080541562633,0.41899644121289237,8.829493566933134
63.06574922034626,13.689029740653845,19.444750921649387,28.38125207604763,184.95434836418224,0,51.945048170527215,0.01103357775528097,9.652438810373846
43.636630141997756,47.53394623112048,12.628087590829711,19.575836873457114,171.8142625404872,0,46.07703461374924,0.5754285125696512,8.298642150755182
63.97462629790013,72.12032808668097,8.917832664476025,22.67040746119048,278.00027292885164,0,43.37329312682081,0.12413536798106063,7.315186876532762
37.88553488869067,10.668223910769745,14.30643286009574,6.762254486087642,0.0,0,33.7555942335771,0.44659968960773916,9.77327104356921
61.578552323660716,53.140554091977634,15.931073995313824,25.217000683834023,288.4412329475407,0,59.335491579764685,0.09749055552108747,8.074377836320895
45.98621935987151,82.00496471247749,20.0,14.747110856806366,217.1557384862132,0,58.88528023250356,0.36106917082603907,6.919801411500901
62.73136455715317,32.83350733660723,12.921166789003678,18.776476729804248,166.8886058632997,0,50.88938193644145,0.021433633890946928,8.88665970653571
31.302544739098934,76.58920845666313,16.847840866892263,5.006965303681009,259.11993687264993,0,41.50137835013609,0.005143902020592027,7.136431661733475
49.10737295559608,80.71748675939223,13.668203891697189,12.100607120599982,327.5601201966766,0,53.25436957191655,0.49111386933494355,6.971300529624311
51.08321793314704,63.989290758141685,12.673308002890966,16.1570418462058,223.9213434887982,1,54.68327834193862,0.738739033311259,7.640428369674332
40.906035455768446,38.15123934760048,17.320655236276608,14.592972660258297,200.78536979325705,0,51.991308208341884,0.14057494373875565,8.673950426095981
44.110554067671785,32.810001749294415,20.0,16.23136437158757,133.93446346999244,0,46.16986330138828,0.21267465139832978,8.887599930028223
43.58264878776721,33.230025727863584,9.930160975873394,13.842514827401711,81.89095691534905,0,35.454409487877484,0.5347641205548656,8.870798970885456
27.388935950371504,51.70954871201589,10.84867042533975,0.17353380320460898,243.99769461580289,0,38.26623408244301,0.027960608925227046,8.131618051519364
64.10214222942025,58.357994117049515,13.227326520785248,29.476280901633285,218.74316943257872,0,54.65420676348231,0.12319319658449897,7.8656802353180195
61.73557124003898,32.295792958259476,14.257306054800676,26.608561794534282,133.8475394339556,0,49.16321826574077,0.028892244236873966,8.90816828166962
59.13599559939565,82.14567057073569,13.722658882076862,20.698216633341612,265.54185730996176,0,56.373899646174806,0.48322663567793805,6.914173177170572
32.40111728613438,10.165536947324032,17.309748895256632,1.138368717783977,5.114648484935813,0,38.94550576657287,0.0038098586469753662,9.793378522107039
60.7047868876668,14.530252175916905,12.19282642992763,25.072838884228826,131.89502129757622,0,47.57567796447099,0.0020856963395630406,9.618789912963324
33.7724200212493,37.596128833633635,12.849258009584803,11.786160427526887,98.79666113206449,1,44.863346626070964,0.0985131797887167,8.696154846654654
57.58684397960111,28.637169900298623,16.126951868963193,21.73920443441986,222.44456713186008,0,56.71117632709364,0.006557135560035209,9.054513203988055
63.70401855987426,99.66771793840161,13.391345735806807,23.96076016669181,337.9998610787454,1,57.568579288339244,0.6689600120447595,6.213291282463936
59.61237000189032,10.0,15.000485164851987,25.13325435168439,161.23552314061814,0,45.63000237086864,0.002586271745976315,9.8
56.62716760900149,41.15968159531868,12.907333359894386,26.890026086584335,128.77581561845352,0,38.08375926328296,0.14899244326602923,8.553612736187253
64.2838434753343,53.707813276088224,18.365137873258597,22.881444301735403,201.59500396603642,1,60.47219830801906,0.035856191330692365,8.051687468956471
33.307850176459155,145.0638530300483,15.34512506979415,3.535192907138475,452.15143673531594,0,53.639325363817335,0.0014953769228988958,4.397445878798068
52.125150022326835,64.78421782545368,14.857726322770619,17.27784853650442,299.1950598420544,1,71.05873761518166,0.6436988736382596,7.608631286981852
33.65650732936398,81.80361900392836,13.911965339579064,3.0180906577809568,316.70754304482847,0,52.72463411024216,0.044222755351659794,6.927855239842866
46.62083953729935,65.33960717149795,12.712998681177362,15.37835543991395,257.6725810158827,1,61.59576824527532,0.7313552293609329,7.586415713140083
52.58676943892303,105.64545500832148,13.39965349218619,15.79399566970989,285.0053546465052,1,63.50080365601645,0.9116471365533276,5.974181799667141
42.68208848440775,339.53577648585247,10.701919497673293,13.522072479884795,941.8749185789305,1,74.6625881882639,0.9353050132614376,-3.3814310594340995
44.50870079209394,191.45745952395427,12.691458552835869,18.096995115494124,485.60431767208826,1,63.47945435333655,0.9445875133404418,2.541701619041829
33.21247558669299,359.81578649134883,11.4984232629295,9.50525917468379,874.27460835229,0,83.24477296042546,0.0006613887576512748,-4.192631459653953
53.09860866119316,86.02188584203186,13.933246593695404,20.416858359600397,327.66087883896984,0,63.121846042446606,0.6355892068769716,6.759124566318725
39.25507995891603,49.2731818127925,12.545596211158104,9.845603012617104,156.08630702699014,0,42.49145126359534,0.6393909943107527,8.229072727488301
38.937628263413906,189.22498963649232,8.197255221049545,9.178439980532115,499.2444773300581,1,55.70663253560637,0.8917155160772905,2.631000414540307
37.713182931370504,18.953916295896946,15.512461367513716,5.439641652432568,100.55061822772237,0,47.359732634326704,0.1378288076719968,9.441843348164122
41.51327183368205,25.694617331334186,18.305087447682077,5.621844376607234,179.5095353760252,0,38.57101536205191,0.03226689238676258,9.172215306746633
47.674168335802605,89.19317289796759,19.368384996197914,19.27459022844753,337.1224211582684,1,62.3328602692682,0.7326484026973397,6.632273084081296
22.136318801301638,18.79432748533231,17.01411214048901,0.0,214.89585553405885,0,45.79039237242003,1.3035603993884772e-06,9.448226900586707
35.69212070928004,145.81484483626647,15.119028977112823,10.428831911005206,439.8368534399771,0,60.41987216017158,0.022261595909350083,4.367406206549341
20.66697337098081,43.19269009058495,11.43490419055521,2.8809106405570044,207.6579118157914,0,34.58178514068439,3.448438696056969e-06,8.472292396376602
57.50796933187061,158.49452839494492,12.3696153599049,25.729161035201116,446.00180790618106,1,62.13452521431308,0.9822280206029225,3.8602188642022033
31.722932995500145,10.489873252614322,20.0,6.342602100670638,136.87413382646008,0,41.43605223040375,0.0029022266750074925,9.780405069895426
59.049540634566995,222.00103773186916,15.67044454157192,21.362262175366467,716.2741066982521,1,82.8065235916615,0.9991670822550786,1.3199584907252335
25.38881138072367,59.847718537987454,16.31503045017035,0.17564078476126577,233.9415679970477,0,46.787146572069716,3.5946068459471156e-05,7.806091258480501
38.177807356674606,43.003667380751274,16.10566107757061,10.579827652841331,82.96682989298677,0,48.95532351010677,0.1622881766055942,8.47985330476995
62.03785610150492,126.65671211041224,12.558158952586236,28.395724797604615,334.40428530173057,1,63.723487206576785,0.9669839595581129,5.13373151558351
50.515537800805156,15.985474477874918,20.0,14.386473126773613,87.55629210381412,0,52.2918442975721,0.007978799045725505,9.560581020885003
49.3018326727616,19.448128085118956,11.447939162587486,13.90911541464328,133.61950036164689,0,35.151169393795584,0.10294027321790925,9.422074876595243
55.90904827610306,96.13675436485862,17.365273804473624,26.036169851355393,276.65588734628056,1,63.97599347105445,0.9244955074383212,6.354529825405655
38.201318028280696,61.4265812691406,12.02320728480513,10.155023490323995,238.4469637469095,1,57.886202521980415,0.6204008405882216,7.742936749234376
63.854411268038085,67.50176056033769,17.003108805124615,23.26155035700832,250.13157515042306,0,60.597579892738935,0.13788549234048544,7.499929577586492
36.15577690415019,30.788322189190115,19.854630229764027,8.22486293482549,164.05085264560643,0,47.342484552249374,0.026232589675167138,8.968467112432396
49.17349305333783,10.0,20.0,18.598065299085768,115.84279800513663,0,51.4307707747798,0.0611160818951739,9.8
29.580807712439345,50.58323769465843,8.0,0.13503284118589587,140.37886006669072,0,43.87450162997502,0.7330851804218101,8.176670492213663
27.64357533384782,11.063939635095862,14.251888356658098,1.6075270269780646,114.00809030584975,0,42.594483726283684,0.0020051785896153885,9.757442414596166
47.62615904294247,25.753225726235577,12.012662755790782,17.90023534901602,168.72537097809052,0,38.41697024325826,0.3940141714198373,9.169870970950576
24.424066709886507,87.02096994112077,14.423302218366462,0.0,229.87229208923847,0,50.20163234797326,2.9101165212889174e-05,6.719161202355169
63.882568627849,36.913214245787394,16.625038575447743,27.87746786183887,173.26888655629529,0,56.415789781023804,0.06039862371178041,8.723471430168505
27.19685527562602,74.71672696945508,17.033277586896602,1.1202992744738727,204.83128280169308,0,39.78577390164426,6.462650237123405e-05,7.211330921221797
60.95086159982449,215.41991972030996,14.410213460442556,24.07557950953473,617.8633547500827,1,80.01748060482481,0.9996439463503797,1.5832032111876018
34.5242019717281,29.727753121567424,9.415519160014092,8.753605994539244,119.66775933886845,1,54.80245442675721,0.7992988117854088,9.010889875137304
43.98467643242749,132.53798556494095,15.628766759506927,14.449870357225528,433.46645027506804,1,68.36463606784127,0.46745800060646764,4.898480577402362
26.02916557556855,19.604201545407143,11.663195446415008,0.0,19.748516528722064,0,36.905973662812976,0.013999034680925178,9.415831938183715
36.44065757772828,46.76812846746641,17.069665736880168,5.792251616121517,226.1121145091426,0,50.558406967174655,0.07006982840435899,8.329274861301343
51.8219029243169,24.45650608502671,15.095806032543349,21.488678137115603,194.43259580524978,0,40.93386819275794,0.025024950305519666,9.221739756598932
51.60272866540235,48.78416385086088,10.740461770508832,15.76538410939845,216.01693967463984,1,61.07995354386563,0.5427556405885088,8.248633445965565
24.072500406902673,23.032966379852557,20.0,0.0,153.42504280724316,0,37.18306735896634,9.459341115338764e-07,9.278681344805898
30.25807989429723,85.47469971813628,16.131006501344913,0.4640637496896689,322.6662158063568,0,50.05315133526004,0.001335817012042365,6.781012011274549
29.71602755488113,29.40934791194019,13.764089914954587,0.0,63.14996578790689,0,39.459381748522404,0.027677090366271678,9.023626083522393
33.396615030966075,61.44516046255211,14.990369356146887,10.649196497190957,158.09384728066703,0,51.91288760250798,0.06783590035027943,7.742193581497915
24.33009718563183,62.17082326956872,10.442138852661113,6.316707156342666,260.24345012364705,0,41.3458243293812,0.0014772122999917561,7.713167069217251
44.68305191455019,58.34202336497607,13.661817689628462,8.065282360584614,258.6657958881473,0,37.713806102020584,0.7813594771859799,7.866319065400957
41.86996086527028,15.018148303693174,14.050239710683378,14.152832908070451,157.7030382644696,0,37.224757384381704,0.1354617062657658,9.599274067852273
38.064075901659,169.70842451928866,15.207059897929366,6.67645467117725,397.274965863234,0,74.0333633490082,0.19449026544141743,3.411663019228454
25.81099542883419,61.14143032001984,8.489929756297425,3.1605712506770605,260.6601974793616,0,37.378701031674524,0.00957438428426538,7.7543427871992066
42.693792694565545,88.19199119896747,14.630462465588218,13.924252131212256,169.241874892895,0,43.72285269750902,0.6069818740638555,6.672320352041301
52.68127498764765,145.2116456365502,17.939480903639733,17.4250482988007,509.42530119291655,1,63.413479115800314,0.9276957187753976,4.391534174537992
33.9559996361483,40.92558986685082,8.156551039065523,1.8355786543040074,210.26433720159798,0,39.2273393296486,0.8466568621737297,8.562976405325967
42.83710920112627,58.403993646535305,12.391242653518036,19.618121077607938,216.28656366786132,1,59.363033536742506,0.6556338906537571,7.863840254138587
52.20596844019345,43.66930347494389,16.86617409137914,22.871522550142735,127.56274199958617,0,44.24810442245914,0.10817011564743244,8.453227861002244
58.104290161564585,94.00035141950437,10.545843750537873,20.288947532261233,388.2628569516675,1,55.510526015583366,0.6812734968600291,6.439985943219825
23.723002677983136,36.9573296254451,20.0,0.0,160.31406480156338,0,34.98421582950933,4.784046229473646e-07,8.721706814982197
27.89872772283708,101.44610125906152,13.722939698248041,8.76074615754257,259.29535687822596,0,49.44574002777731,0.002051914082351657,6.142155949637539
24.957051822310625,33.606745409364066,17.706169153412496,0.0,147.27667412444063,0,36.21832439401784,1.4340464712927719e-05,8.855730183625438
42.106824781804875,96.10002354202452,14.059471040377924,16.214184632480936,276.04400127858503,1,56.45524600302799,0.8214015543684804,6.35599905831902
37.14685661427282,37.45195905792528,9.771338128803823,11.653427846436466,128.2226568777348,1,55.426513593310105,0.4922095663688986,8.70192163768299
20.36896880396453,88.75459208952138,12.858466118986748,0.0,150.20256372952997,0,46.79236842194078,4.3475276625426217e-07,6.649816316419145
38.88838258329952,77.66422090396662,13.813220694159691,8.396364874877051,307.5284315330766,1,61.04086841041258,0.7036383356292836,7.093431163841335
21.923546953786786,58.230594783447444,13.802144342464334,1.4298941509464966,92.1951328612172,0,32.619968653157514,4.037083788375906e-06,7.870776208662102
64.9318228659258,64.82348869166813,10.901078052437413,24.194969967069788,295.8079545589545,0,48.82121215336017,0.08364070942405065,7.6070604523332745
26.71988263794503,146.23154415122508,14.57826114918354,0.0,463.87313014695496,0,62.75843486966145,6.822448318746822e-06,4.350738233950997
20.984978231146773,38.626526920775696,12.399155864143365,0.0,56.07046054282003,0,36.78744049671723,1.5521056087084713e-05,8.654938923168972
26.848751752378426,50.1772871978352,9.579845950836365,0.0,212.28380308610963,0,41.72021059120487,0.06392704615169455,8.192908512086593
47.11775889657493,31.701894990063984,12.145970689265802,16.88043167543234,151.42372590016356,1,59.994508956974734,0.518809706773358,8.93192420039744
59.25374247656218,53.66378684060703,14.816134471713408,20.452516987107725,145.81169293507455,0,54.51008134454487,0.10888850939145214,8.053448526375718
40.35817230684219,62.782200920050784,16.007816144846235,9.585381116707115,253.8248737708351,0,42.79582695039328,0.34678498954869985,7.688711963197969
39.60242078444618,68.14137866073061,11.276548007699267,14.629292614346483,233.8295566066299,0,43.0488880369795,0.6679983116453503,7.474344853570775
30.134834839438298,141.40054250749998,15.63811456643464,7.178246189740822,423.53934522519904,0,55.88693085407348,0.0007019409295826126,4.543978299700001
21.925452979498573,66.90611091166127,13.246382835214586,0.6066940447458204,212.51921033666096,0,38.2165092088353,5.0538670218232505e-06,7.523755563533549
56.16716544143746,10.0,19.894286563548192,16.179615089781617,130.80643898652247,0,53.95312796336316,0.0036179738667257402,9.8
34.69166107877242,75.25640558999902,12.44859145428176,5.588590929744853,314.8607127253294,0,47.564994687137286,0.43450920328261455,7.189743776400039
63.406183675206776,138.38611751784308,14.676715455385034,21.575447655700295,416.4762955665514,1,63.59726982757775,0.9435163375297988,4.6645552992862775
28.670828429177043,89.2655845176086,16.4991760047822,0.0,253.38064659345994,0,53.406118709921046,0.000367047606238704,6.629376619295655
41.888570893966346,115.44647980569019,15.572141982461869,12.164400126551634,331.7032008514101,0,59.39281515671498,0.25859083960635965,5.582140807772392
31.7683088697553,18.35139627078414,15.027725984878353,6.7406072238285075,87.60187023917658,0,40.40590386722808,0.07846283291830601,9.465944149168635
61.88319926191404,25.46013150778341,13.927214863882563,23.364439653250137,185.56708937837723,0,59.03035772044306,0.0020263508202734135,9.181594739688663
23.45940897250695,153.2888772858794,11.256323855588974,1.2784141894984138,416.6552174851337,0,48.984925388704866,4.631883560277626e-07,4.068444908564824
30.348750683730664,43.96872659680505,11.81247154865417,7.111339722164557,143.02251138818536,0,39.38772022213449,0.2062142323150056,8.441250936127798
25.170523283614123,31.912513322825333,19.394546048057663,4.6268268226784075,80.60415150929572,0,42.007741411035006,1.1311611668375408e-05,8.923499467086987
52.701364092393206,24.74375632368098,10.624507470706398,18.84767611627364,149.9067828540003,0,48.082505047319515,0.13332418608161153,9.21024974705276
51.19061965482882,500.0,10.870743877550265,19.61704048568557,1000.0,1,92.11144014030704,0.9999999843693632,-9.8
20.1405004722555,39.90127744286128,14.941228330836985,0.0,228.44492152978103,0,44.50835736624479,2.808915082538523e-07,8.603948902285548
50.617768559249484,27.036659773542066,8.288671608508784,17.418045035310474,150.10093213505223,1,49.28466940576333,0.4378079665605598,9.118533609058318
32.61724298157016,96.6458126576283,12.983744584035223,5.675860128579917,271.1586598277056,0,44.020940951634984,0.1272139500871134,6.334167493694868
43.09784793519461,75.41865361655692,17.420771253874207,11.659481169652782,136.01505405075847,0,53.72842431959355,0.2564618132674728,7.183253855337723
52.67516182307023,72.66788100874392,12.005131486715939,18.5620528695933,212.39380099764475,1,59.93245831305406,0.8215408574959241,7.293284759650243
50.76751326819219,12.972086075457126,14.962362212049081,18.424400023875837,66.54853891162202,0,49.502689829205465,0.10205196362132976,9.681116556981715
31.613371711642472,28.497592493055567,9.054774618597868,7.209138305476734,171.69468591573093,0,38.97439569776173,0.6856394828480609,9.060096300277777
31.861836246695106,247.28210300021948,15.792219616798063,8.72771822735066,633.696821413111,0,65.61964634863698,0.00018509451642836092,0.30871587999122063
36.536799299863034,89.53570360222659,12.153349703662347,7.394780687426829,356.0046821347642,1,52.31510304675799,0.7347136326457053,6.618571855910936
51.91231514440037,10.0,11.69779944914714,21.878257203149293,93.22623764289213,0,37.80243463829243,0.011559509330406096,9.8
48.130411169048884,22.808196249434932,13.637123674762845,12.038721272827814,130.3079713232822,0,39.7712587851456,0.06525369633914331,9.287672150022603
58.347611474532755,66.87477826033842,10.781888486840128,21.673301063175874,187.04974860851289,1,53.60299282491277,0.19495529549405305,7.525008869586463
43.634372569647695,57.805332389010744,19.351401372452194,8.786434407469823,161.38815128836492,0,53.74054027571316,0.16608945223686217,7.88778670443957
61.79153353441846,95.3146776636042,14.584288559320093,27.19465367389967,314.45884772142875,1,59.08719444542558,0.8966240717121227,6.387412893455831
34.11130688963005,50.13574633342554,19.309069765959716,12.025144540966942,191.14256299209114,0,46.126231026579525,0.00875211128661624,8.19457014666298
45.9865117406283,34.94338009733271,14.128662203320856,13.98008202822854,157.90743364332104,0,44.53209015852251,0.18070825021762033,8.80226479610669
20.491897188622424,25.68043696551638,15.46540313701874,0.0,113.18867941146158,0,47.81641253097109,6.697305648835879e-07,9.172782521379345
51.56070700596821,36.154696440524866,12.012544650657382,13.878376546506718,195.35034632842556,1,49.12486361052613,0.12266859485118704,8.753812142379005
32.49605252052563,151.00843069882572,10.058283475091589,6.39192324800279,393.5771680931926,0,55.31324274217854,0.10254737471876005,4.159662772046971
32.03263675839189,113.49888170787848,11.95742884435196,5.142365041178786,236.74451630835853,1,54.031838737448645,0.07828058012614587,5.660044731684861
39.67624961355153,73.75038301936983,8.917337429773383,13.598275618729586,213.78021173382749,1,51.55737059572094,0.7741642402948335,7.249984679225207
22.484367154613228,11.893466445828576,13.606247140718013,5.023669284763228,28.544713750844018,0,34.1313831803944,8.232965584840369e-05,9.724261342166857
58.257224997599614,59.21787197665563,19.831348660141373,23.260628637679172,176.52244596408622,1,70.42803595283961,0.1528070474842172,7.831285120933774
53.92700727348587,42.08070626892476,12.493596013102785,19.938322556484483,215.71633429268604,0,55.58990985956607,0.1282978767566981,8.51677174924301
43.51794711075708,36.98940691093214,16.55561520521388,14.89883418761117,159.09194230848414,0,48.76570051104103,0.2142128564961653,8.720423723562714
29.654073714034766,45.12806250561592,18.870526517615332,6.662342624073478,199.1468463861174,0,45.044599718008364,0.0018519311373398472,8.394877499775363
60.0770087780644,63.03920076595719,16.71855729902916,25.65014764982576,296.14066735553695,0,66.99653051647117,0.3455693118652708,7.6784319693617125
63.3670649501301,26.21766787416156,15.011853139377777,29.016225968999734,119.8628078180397,0,59.148203257122695,0.011595260879064127,9.151293285033537
28.69230953235808,46.47892685624325,16.034389533166408,3.018531365544442,148.9021248018745,0,38.58606414692238,0.0007313827834407974,8.34084292575027
33.78565586841457,179.97290880658122,18.788454512781495,5.208228428701338,464.6298037103944,0,57.20043618849708,0.000336988015148884,3.0010836477367513
58.410781386696875,41.219644202949674,17.336859615528475,19.563049946294747,145.01738392224894,0,52.0758107326637,0.05323953986932329,8.551214231882014
64.82441360589175,37.129348508715175,14.19777172196991,29.302346002570562,164.29453957227457,0,50.800006277562176,0.01916089801974419,8.714826059651394
39.102240722633944,38.52222796085811,11.870686125199976,12.33638556405225,177.30991262164008,0,44.02359170594767,0.29447480064575293,8.659110881565676
55.70967449452311,88.1890674791588,11.928531610038295,26.657820835346676,403.6668532227614,1,59.60866923314737,0.7199799319512408,6.672437300833648
24.09190483385622,28.110226922523452,14.09711560259426,0.5609190552840335,138.85808569462307,0,42.00031120565671,0.0001074824275693285,9.075590923099062
45.21427720280809,83.3797542709592,19.81290732786328,12.64698049572519,295.42396004548084,0,70.50980111452942,0.10918735005643371,6.864809829161632
29.274283208811546,42.797618618214265,16.938465148572984,6.280263116973935,169.88700269902668,0,29.734468613068834,0.0041092807710696,8.488095255271428
56.632363316615695,45.50028984749485,13.117841956652418,23.23662105639854,254.47508631359085,0,47.85611174346212,0.03200604080853197,8.379988406100207
30.4002876474173,94.8639480261514,14.263187014654045,7.181716356838701,319.79742831288445,0,42.200797745126195,0.020329767805061925,6.405442078953944
30.248406648127062,167.89511213775143,10.947891705144208,7.2852360771684825,453.1411628858039,0,52.959301626501656,0.004729081635391249,3.484195514489943
51.93100897804956,54.083664361817156,18.844613014330264,15.79862594577997,231.05509054938665,0,59.94804186374862,0.19418449177090272,8.036653425527314
47.177991026015576,63.91030502498336,13.323420151086411,16.844355564875258,179.60816050527026,0,49.05023257927754,0.8384579468772433,7.643587799000666
25.48917944038112,19.146328671168938,20.0,2.523514118714528,53.560625715444424,0,37.87269374700474,3.876468933192103e-06,9.434146853153242
58.72085764263975,42.96765984342754,10.387088786193246,26.73116873122025,225.25466979517296,0,45.16847736198278,0.05359180351793229,8.481293606262899
33.25446017411586,115.41858794816572,17.00760626749009,2.747470714782974,236.5877451080138,0,54.62071264364075,0.0017151039705208448,5.583256482073371
45.94066768991999,102.38680651640749,11.552535952497417,12.083067066299705,392.45387539986643,1,62.21973784970373,0.7322859178797827,6.1045277393437
47.34040775320837,47.762245352864916,11.747655341057932,18.700858551927123,105.56954951323806,1,40.09392878312035,0.708119248511046,8.289510185885403
41.762039096048355,79.64828947193148,11.905110806470532,13.27632628245637,266.36140500932476,1,52.508737784727096,0.6201922267315413,7.014068421122741
29.329753007845795,145.59602023998315,12.689779975679917,9.513281175065897,362.756552971686,0,52.555856785736516,0.0008086888007221519,4.376159190400674
64.45200183326762,74.71537687011009,9.763750174963793,24.747998750950696,177.68873803852048,0,49.8404584122802,0.3017024709831865,7.211384925195596
27.569827180229243,104.37634693576297,12.82602054600373,5.855871057051468,233.82175370063067,0,43.69091036228295,0.002070237387335581,6.024946122569482
57.32789597685591,44.424470516133084,16.18391807572236,17.496438078072778,156.0598880538056,0,60.396026512893286,0.14958131377655495,8.423021179354677
27.271461474066058,121.6929190616951,11.10870632155041,2.6413776828979945,393.11809913637245,0,48.86724493170283,0.00032271458109035827,5.332283237532196
44.72166265070474,75.62553684101182,17.8517336405101,18.372761854993655,235.16675945899814,1,67.23582133369692,0.7848966347614318,7.174978526359527
30.588171952077545,52.140649450730805,8.512715840761524,9.917258723064766,258.21995015477404,0,42.47206767552378,0.2405964772017614,8.114374021970768
64.36256005186931,60.31613797502013,9.447722432000804,25.028693890675125,246.05053659414952,0,52.82494932711218,0.07456125173342457,7.787354480999195
23.70396212138275,167.39193864985833,13.807088241423202,0.0,385.942420194769,0,63.985939375451935,9.524432359928867e-08,3.5043224540056666
37.016751413012,34.40593836459011,13.135299644218321,9.637594318240863,175.69019043735292,0,35.61592216404087,0.3807581124684159,8.823762465416396
61.55821367351445,114.74331965727956,11.870704293149883,25.19459854241905,465.49121412993117,1,63.860450815132694,0.8242292738528105,5.610267213708818
29.278913348375486,123.398736757229,14.336501887941274,8.942506076288456,369.52160982331833,0,51.84197648564889,0.001210633548512872,5.26405052971084
59.738686254292645,43.71854680483376,10.263772667232288,26.343589891082086,131.96715809257597,0,48.48752442168421,0.05830849278971752,8.45125812780665
31.792180062547196,222.45164551418569,13.400713520113287,0.0,510.6104484773109,0,68.02937037091822,0.0007854672828692102,1.301934179432573
32.942101182362165,169.03313608234032,14.23789131130159,6.168672521552561,316.1069926105241,0,61.62318209150571,0.010536216766561484,3.438674556706387
52.333383135102856,29.071389647621082,9.553993384487327,21.383284799375115,231.2308714059705,0,50.38795955200127,0.029792970060396703,9.037144414095156
46.069827848687815,35.6180578231807,14.89832403248745,13.175775204058368,145.2290432631891,0,38.22888895764772,0.11698957820078122,8.775277687072773
29.714985031943783,52.116685479311585,15.87709596745909,4.966479271537832,180.59722405451265,0,45.76753096153972,0.004568449947589432,8.115332580827538
60.62137574893931,43.6384632797031,17.614261433913114,24.817998924111375,186.4948181799116,0,55.739765572945515,0.05550496513546207,8.454461468811875
52.038164954795306,78.83715238670081,8.4800917958444,22.43965729565852,290.3745201377763,0,56.75853200495976,0.37339235454976394,7.046513904531968
50.55796008104821,80.40516904628997,15.178703692384392,16.944267068676822,277.1330007366358,1,60.48308866282038,0.8321555590488956,6.983793238148401
30.38602460710225,56.31296893369949,16.771436592868884,9.698506594603039,197.84392801006376,0,51.460547545761145,0.00788366329161398,7.947481242652021
20.756075635204752,174.4578374215857,14.658530648126257,0.0,400.87615987629715,0,57.34352544372772,1.9836015219504015e-10,3.2216865031365716
20.284938949439052,72.03586595148144,17.2649830110633,3.20246972919459,181.42575598310276,0,48.275610316984434,1.1497458968610327e-08,7.318565361940742
56.49471575690548,204.86059514224777,15.481521129593744,20.382636945525224,637.7000095873575,1,67.67575003527375,0.9965627411897581,2.0055761943100894
32.76460177974123,49.94544455474862,8.0,5.520723596195794,146.42356003580343,1,50.38272915704471,0.8813000546908957,8.202182217810055
45.46347941695235,120.94277881765423,17.683257366019014,15.246226757331,419.7959717308919,0,67.03836153000312,0.5488408888088868,5.362288847293831
63.436532761490476,484.1281124047048,13.318501024904448,25.939752295386228,1000.0,1,88.92107866940225,0.9999999999999944,-9.165124496188191
31.579019765475064,32.58755544454758,11.175107666570867,5.695825136758777,88.26483152128574,0,41.67222402641523,0.36581895569990386,8.896497782218097
34.20283263833569,78.62561725800379,12.896419480333813,6.712092099916391,214.33241765282244,1,52.023172836059445,0.5012297566961728,7.054975309679849
29.771826241383046,84.71364734786849,11.054384039146024,3.251169343157157,313.05989300955594,1,55.73524867133213,0.02725169588939563,6.811454106085261
33.57784205328943,23.11650444222398,16.683930087771582,8.857871054259594,99.00022756725969,0,44.258402910334794,0.06055362345112268,9.275339822311041
26.22177686621381,66.787271700663,12.844284701466623,1.7386538937362443,238.11097137548796,0,39.00921336291896,0.0006268860141144222,7.52850913197348
57.101065597932944,171.23849613968733,17.537040543661824,21.445568949133374,495.45304925971027,1,78.8341671352158,0.9728675124195585,3.3504601544125068
26.67339175759315,29.491237443023316,9.227911663606598,2.849406693789801,155.63356937324428,0,40.562635635201644,0.024047086877035367,9.020350502279067
58.067335626622246,52.44018768975667,15.69538681533845,26.820520802839862,164.48228114739115,0,50.327694443401015,0.37496075575775345,8.102392492409734
43.144994981966036,91.8616396004988,17.048186907912118,14.933154712467553,217.68885805362007,1,67.23157834922144,0.582300143232323,6.525534415980047
64.96235617682677,47.608154827862776,10.630969630963278,25.72289712037181,164.46348988541837,0,49.99641863801366,0.036208790624608765,8.295673806885489
59.18333117930056,22.396597844339624,8.854985510149984,19.537229423006433,142.74698747669177,0,50.478392966859516,0.015690839870792856,9.304136086226414
59.526154491434006,47.086976205727126,15.577832605699932,23.35163210758886,194.47292231733445,0,59.95129634786868,0.032027710588178444,8.316520951770915
63.60135576396707,26.41125680675725,8.0,23.261864123544708,135.63493135033343,0,35.215325924679156,0.0012741539162550116,9.14354972772971
35.81393155616386,10.633978784719929,17.379392689424122,7.505286393817316,19.787726013532648,0,39.84431724144628,0.10098862764417338,9.774640848611202
35.38298648926594,37.353490779280634,14.584800673218544,8.903434850864652,146.69598895308474,0,43.15793039521705,0.26162452275341674,8.705860368828775
32.410374047108945,32.789255674202,14.118188611546133,7.184465481082681,121.82019549262182,0,37.543585298882064,0.17179830102389534,8.88842977303192
38.53520745013037,17.54994740731118,14.345350923299465,8.309860610885742,78.59116173702733,1,58.65559998879648,0.4225455154252738,9.498002103707552
41.44622797402176,110.75677513034123,14.237065429127528,15.28227727877918,360.48996317022,0,58.688519329264835,0.6139451329815596,5.769728994786351
37.821169249701356,61.94140109475552,14.377605863338498,5.02153209387544,236.7766341205015,0,48.59131405659057,0.3462017700214961,7.722343956209779
52.29578951579424,181.83096633545077,17.29030874385422,20.96464572605545,517.4689913560486,1,82.19512050311512,0.9592537675592716,2.9267613465819693
28.46945945581607,87.83822585687291,13.565724535809958,6.5959236082730985,213.03862815582409,0,50.95838914304146,0.00961179638551154,6.686470965725084
23.179124673298762,141.20278202576233,15.359004142738584,5.677694986271254,327.868136285194,0,55.25827952973698,1.1257118643964002e-07,4.551888718969506
21.447268070475566,68.784447452666,12.456764388952424,1.485325587203583,229.75272447279946,0,44.64422479762299,2.7222942480415885e-06,7.44862210189336
45.71738365895098,45.77271829374574,12.297479982170199,13.534631289692637,169.79237248007243,0,45.206802544009946,0.3736769365911054,8.36909126825017
30.651091410174004,25.374048210362478,13.52851781330723,6.515542883731785,134.19823201721618,0,42.20624120594111,0.08712793475102572,9.1850380715855
33.79037209621899,48.057505860197146,16.904353995826746,7.322835252161113,171.97576768791765,0,36.93895327499234,0.0755180101864876,8.277699765592114
56.03124202074922,51.34057656518984,12.19378599461129,20.93849146363264,257.47316777958883,0,44.772446832356216,0.08937607282299598,8.146376937392407
57.90471683161879,98.5841973477593,16.26181075050658,22.137191988993504,291.2092990426868,1,63.43617863260376,0.597473809075204,6.2566321060896275
59.33193524805416,80.26890480648946,18.065332798333273,19.119082276570737,294.9259498900723,0,57.59027860367479,0.5519330320457158,6.989243807740421
43.85199481226291,119.5690234970105,15.270597074664208,15.74351723616796,394.74726676562625,1,62.63155966800319,0.7130285153955088,5.41723906011958
30.215388843026886,67.46385721372405,18.0716393097946,1.0468560909886575,220.61085645878853,0,46.77814644284908,0.00037773752788519975,7.501445711451038
57.86653255917148,86.80102292981634,15.00418040046514,16.893417655074504,235.91086123814495,1,55.12752752562909,0.8284801225137204,6.727959082807346
59.64101570947554,50.54524235634943,13.290025537496927,16.33068725511604,207.20343375879386,0,51.72228431416637,0.18709130185236725,8.178190305746023
59.96136498215113,49.64730492944658,16.371317319880273,18.838048212711808,209.8825818952195,0,51.5784557254981,0.10752076645132926,8.214107802822138
20.869108547290534,34.40233825357972,11.178663101305368,0.0,136.53539881181914,0,36.7939373874523,3.272881354962509e-05,8.823906469856812
45.872851119074454,52.95120801714687,11.09081755337212,12.607491898224591,217.37974635592542,1,48.206606959137964,0.5036863597853749,8.081951679314125
64.41799996281068,113.60849654118496,9.363528993619738,23.75212380325473,392.4830934467046,1,61.69918271974317,0.75435666255889,5.6556601383526015
48.12717652767705,19.685383139583617,8.0,18.349489594100618,130.0421966822699,0,32.17665329694819,0.41066696883819764,9.412584674416655
43.30058156461779,199.56871609987698,11.867531155432609,15.526542333643153,616.4162824952211,1,59.238438337522744,0.853845986588759,2.2172513560049207
52.136721207334354,38.50577685901559,12.292949562705747,14.751933499324316,173.881489946578,0,50.92852862441524,0.18260184955200706,8.659768925639376
44.381131974714954,27.192106190095643,14.661343396457339,15.446483018499901,178.90650836844856,0,47.64201477922889,0.2618793586126864,9.112315752396174
40.590823560506806,25.840058919974297,8.0,9.091430713921532,115.1714891086843,1,52.665545755516085,0.9405602476813819,9.166397643201028
46.92918277403837,45.30948771234125,14.417955360480242,18.387561144308783,240.78208922750304,1,59.69770848551859,0.532937763227862,8.38762049150635
39.37891727250916,207.6708098172749,9.404233042806155,8.451687418792254,597.5683286751504,1,63.04226661136279,0.8894009406756127,1.893167607309005
62.969347090216026,93.48299784736786,10.484340182525296,23.431422219226615,340.0293446075786,0,51.910119072760466,0.4479342624758226,6.4606800861052855
51.73261451652385,23.52854750851625,14.355714275811517,15.130644856905354,142.35377636434123,0,50.197605298624346,0.06129679862349608,9.25885809965935
33.929717800438965,27.916016153391087,14.279563810027586,7.5771929924469665,107.39415694086036,0,39.360705001043634,0.2621372139247742,9.083359353864356
62.416084039802215,47.315639643782596,19.632865381623414,20.95864552606015,180.2953974798973,0,62.108074737026115,0.02308937310455251,8.307374414248695
33.26057825434646,64.16026260758042,14.131828282780203,6.776835508800343,291.8590541921609,0,43.213932899573436,0.1883876749692143,7.633589495696783
60.266611586334776,104.09289338600242,10.082127574587666,26.88695429375516,320.2273888428107,1,56.35654254839853,0.8379206742519184,6.036284264559903
20.787951134539163,366.4206039631491,15.293201923996612,3.12583694234852,789.3098530981057,0,82.84277624004937,6.40155910882412e-16,-4.456824158525965
22.133090114231347,39.26554346754199,17.32045322244709,1.3704423772868333,85.87678143765069,0,41.00371643682598,4.996151484832643e-07,8.62937826129832
46.20956720615878,87.25717235346293,17.327425244965017,14.833131736860704,262.8329870537154,1,63.44348837119864,0.5568565757654806,6.709713105861482
29.3775113494126,65.9159592707224,15.076478920650063,1.3558338372421455,266.4833490109475,0,38.133226199745685,0.0018241979830024365,7.563361629171104
46.16252313762692,140.85037107530488,20.0,14.243548381550838,348.3650779928223,0,67.82710628094772,0.33513566508453035,4.565985156987805
64.26618860367748,105.29275466284955,15.71231089833194,29.124604471279834,432.5552095700209,1,69.40573572204674,0.9262455708848197,5.988289813486018
48.1178396033162,36.19301717845037,16.2164089145941,15.65671907046482,168.16939296546474,0,46.782040291520964,0.2159195429190499,8.752279312861985
56.70329350504397,17.612219681393146,8.0,19.344543944139758,87.97318914625251,0,39.00130838460985,0.030630739820665755,9.495511212744274
49.3035863717522,108.46431938282343,10.826493389472342,14.924623608554832,234.59176535775845,1,50.685237425860585,0.9361602954274941,5.861427224687063
62.18527957911186,23.197170074029643,18.374829493478444,24.77125839246977,56.19241325896776,0,55.29401610804641,0.008109205321637234,9.272113197038815
23.09305936220389,53.25192112288663,19.799092195911005,1.7732346100191245,149.34575953922015,0,39.86639146164145,1.2820136285571002e-07,8.069923155084535
56.14709990920269,112.58196903819857,17.615990760975603,23.2059165514552,367.4707405938697,0,66.42010382808347,0.7359805919747386,5.696721238472057
33.06951524547683,24.872084372327215,14.864199429794656,1.8509221454408538,18.158003376148557,0,39.51218641551034,0.02839449330676282,9.20511662510691
28.185431228268527,51.167429264255524,13.261314193643715,4.334239786638612,189.0963657587527,0,45.45687099494735,0.005554094089107886,8.15330282942978
22.788998029524183,40.666163272453915,13.664331852504441,0.44391603180930345,115.8115728729889,0,34.428471246105595,3.171312612275305e-05,8.573353469101843
46.50153350587357,459.01184622629256,14.36223575069225,17.652883497761934,1000.0,1,87.54288665582347,0.9999764908168886,-8.160473849051703
20.034320078009486,58.12970423903802,16.151895749458205,0.0,249.52732593244048,0,46.16882624273786,4.5265124298069467e-08,7.874811830438479
22.466852192456287,21.426441014135353,12.846614277921269,1.5793749732199236,191.7927422146776,0,39.67003398516234,2.875058823516101e-05,9.342942359434586
57.370551793300145,49.28934906616618,17.49388212231562,19.861632514372772,218.00578020603575,0,61.317326094826576,0.09185077573836775,8.228426037353353
54.56359133813006,33.04635535385447,16.2411048806443,18.716181004428012,97.10544929566774,0,48.79958027815124,0.1079817306477251,8.87814578584582
61.24621387132012,262.38839518606324,13.588602250364156,22.244338780627512,667.8927508099109,1,79.26834132331486,0.9999873849107479,-0.29553580744252983
59.74032926781739,17.526424898831344,12.414465584100284,21.225795294273535,115.74944346857505,0,39.43839910456287,0.0023637433159958495,9.498943004046746
54.03897035636576,20.769701047119952,16.615748622868093,20.30715577552964,155.83177857098124,0,46.19562408877454,0.019098527240242053,9.369211958115201
47.94623350446422,145.03765787912877,11.258489732786611,13.04722738596428,354.21440623082157,1,55.15679016630514,0.8795311046035713,4.398493684834849
35.78145276144758,63.525022816652246,8.159746849993741,3.0318768074186,96.56753334011161,1,48.04506767848706,0.9465777993995912,7.65899908733391
39.711676197859155,73.73895414257902,16.097233668177115,10.485310476282443,206.28619820819608,1,58.01850098203906,0.3008829386460668,7.250441834296839
59.93382054027523,181.31018609222718,18.779209637827172,24.557677718294443,524.2520545714676,1,76.79149109308051,0.997506288737832,2.947592556310912
43.60912266604572,227.59727502805188,13.273517101654589,9.42322402759248,645.1296762925388,1,80.32351148923968,0.912322185293444,1.0961089988779245
36.670959322172756,131.16340709745648,11.341833514598871,4.729695755797098,373.3165548800687,0,46.502140988498724,0.42543344632795144,4.953463716101741
23.3578878429148,24.77674300601628,8.59246406742935,0.7410191109306525,65.43134439888715,0,25.82472529504402,0.005978765198014936,9.208930279759349
21.588947554158324,41.56899453227499,16.293086262270048,0.19712635048653496,178.16512847739494,0,39.44049738470285,6.688673034298766e-07,8.537240218709
50.157529576209456,93.61327846515074,9.384841613674173,18.171726593028378,236.4517179996711,1,48.729561292949924,0.9567091763524045,6.45546886139397
46.654009997050224,208.70247581417337,12.264087990317538,20.2806013930967,539.7800241800437,1,60.95862060892583,0.9478092542882147,1.8519009674330649
63.13745042048408,25.704645714650134,11.389566641546049,24.992177587873687,99.56730533311517,0,44.50183179889504,0.003603289857385176,9.171814171413995
47.633980143788804,26.825233101447168,15.36221323809507,18.632273837933983,130.8956135443939,0,43.250249803094306,0.2849170515885258,9.126990675942114
38.5840845539263,111.41405958272222,11.712791796083856,10.222858295499993,439.6563406154321,0,51.29737181331087,0.5135110584185927,5.743437616691112
44.69409156323428,30.947930925797362,9.342194422130675,15.117353942615408,121.96014776057613,1,38.85694833198026,0.6183949223843704,8.962082762968105
62.296782159620825,24.848394143410587,8.866127052945657,25.653169145363815,163.62820391153954,0,29.05550965230753,0.0029176510322354832,9.206064234263577
25.035142490073746,67.78641632963635,8.440668968253686,5.0255385404442485,308.1305027217438,0,48.33835545800266,0.0054381385445696415,7.488543346814546
45.09611470024866,55.63182524779823,14.329910693482459,10.018548691823785,316.5401956730086,0,51.869565112161766,0.4125093195123707,7.974726990088071
34.4109104231101,45.2061396343655,16.8197198802482,4.577491576090644,98.06857879282252,0,40.79977336095212,0.027233381415242716,8.39175441462538
31.67063174484411,18.032831498490776,11.836310334958485,3.3591239964099615,89.89645571079116,0,34.94854754915853,0.11268702734929159,9.478686740060368
50.89002976677735,18.19093305881745,15.960734378900877,14.611349147202954,109.47103124081353,0,49.63587635806214,0.028397438710140627,9.472362677647302
46.08407783641454,52.87790842827676,16.18820279838399,13.158229800279917,145.87756339618107,0,46.59097740299212,0.18504674882001668,8.08488366286893
38.13234077563631,102.40557386867698,14.195824593541515,12.424455276549088,310.88100601826886,0,45.919696086422555,0.18129925351892742,6.1037770452529205
59.767067804141,33.501018628537985,12.212117476389858,21.68298254940306,230.85797335851845,0,50.662190480732946,0.006155611367717384,8.859959254858481
53.550191386172536,148.00786003028043,12.886576261650747,17.897054688328506,432.47711454763004,1,63.59399948705631,0.979144338993897,4.279685598788783
47.587454806565304,190.05413035399351,12.496658109184102,18.164994163601612,614.7149334937591,1,66.68301903917646,0.9725861726315511,2.5978347858402593
54.910063443780636,86.02443767383171,13.78798884094728,16.382349580570967,306.21620037080805,1,60.212580978739624,0.827007313129088,6.759022493046731
35.275184243355184,18.150695934430807,12.326398252150103,2.591150602220952,146.63838624393225,1,42.84983852519663,0.18998124187900772,9.473972162622768
30.679626834301747,52.877089970121695,15.817835430193197,4.507317960459548,238.548240020647,0,34.52051047382947,0.005459734078704755,8.084916401195132
54.020152776267054,247.00869858727833,17.543638948614472,13.404398521911311,808.0098273509994,1,85.60885735168374,0.9936725242920341,0.3196520565088665
48.40903323141649,23.62926554079396,12.763967094754442,11.090935398257109,59.16179245576373,0,34.09241495376828,0.15063026890558742,9.254829378368242
44.13896805681704,82.31680432635505,15.969645474076906,16.066001201177265,303.4616528045906,1,58.68059379303965,0.7409178632727792,6.907327826945798
58.98206908304068,21.508801404402185,18.58642530747413,22.144973519971273,122.9010345816809,0,56.7914781852605,0.003284646503043742,9.339647943823913
61.02545784431403,76.54364953833517,14.672180273933622,22.143919705105922,280.4809141562629,0,55.88388175524827,0.2280555784340335,7.1382540184665935
59.11370709391196,131.7592144055195,16.625576161929523,24.378067176191525,411.84266740637037,1,74.13433228991303,0.9255818484068202,4.92963142377922
38.90649266757184,33.001314833286344,15.596620373809758,10.369858910424776,40.69658035609939,0,54.19386034078369,0.20219064448026478,8.879947406668546
59.674234567263234,28.040510426931167,11.71642016825788,24.39397470934431,85.82428552543509,0,43.6720969618426,0.007590470060974242,9.078379582922754
38.05659736334944,42.476841103488525,15.471901016097204,9.229422833164852,134.9612438785232,0,48.72733681679935,0.30376817458653715,8.500926355860459
33.533844936659015,48.80605700451265,15.693375899346744,4.288734343942967,217.5238193150198,0,43.317671190217624,0.02429102817995081,8.247757719819493
25.41628385622007,44.26356206827559,13.784932121776205,4.496282914184331,150.71295797821168,0,42.21932246320348,0.0004138446929673854,8.429457517268975
56.31648524855667,246.2755172573369,11.625851613521668,20.373614295070666,729.9271207399628,1,70.33011488919915,0.9997364728435838,0.34897930970652435
46.388527712332476,57.41142511551433,13.988738736034316,15.214127322199435,213.61806929105566,1,53.03178247332929,0.5795529217901059,7.903542995379427
39.217607412257486,53.97227896864637,14.825640295067341,9.545864366153829,198.10335748797038,1,45.122148304902936,0.4211541560347625,8.041108841254145
55.69081623224736,23.029433658661098,12.330105248656908,24.03060736213324,60.052483895443984,0,44.92723359163057,0.013284920333424946,9.278822653653556
51.95215275375578,27.710948600084915,11.769644452051093,14.315531904010019,203.3258582145903,0,41.797471856017985,0.0800564778101019,9.091562055996603
53.81915095719656,53.38387540753703,18.20770635805926,16.375121312989364,214.19611081935741,0,58.388688574787686,0.22754422935880872,8.064644983698518
56.334663348460715,15.947527688335773,17.26196286736268,18.807466261731957,140.8854011812817,0,42.767338873384645,0.013297900640683763,9.562098892466569
64.29065158366933,104.57415773136076,11.527116215619506,20.42363044937623,303.3278307795197,1,65.03961846465221,0.8507481548542039,6.01703369074557
40.26763680329044,89.73415515472897,15.84041932769418,8.87075209656493,274.2174593604623,0,54.82631857725148,0.539377463175545,6.610633793810841
53.12812764807095,66.29986432647542,10.111971611296026,17.367209817524913,227.66620548582293,0,50.23312651508522,0.8359446418653269,7.548005426940984
54.57274821203797,85.5073100426854,14.595435953731842,17.014370208457077,290.827091115042,1,63.872327045743546,0.8385202213743677,6.779707598292584
37.33411408344901,26.697674513188943,12.360046965022303,10.323117192391374,180.74031853997653,1,53.438512947158266,0.3245482982162543,9.132093019472443
35.81830874998804,59.80921021762599,13.873447627179518,12.40159371196823,184.01975266864434,0,52.00411818574452,0.1386985017203581,7.80763159129496
28.156197304786254,15.323199984747067,17.351662947645984,3.385994658856517,122.09514535116273,0,44.218123191104986,0.00027704045001592724,9.587072000610117
51.64859567098428,49.60240026668291,18.212685541919235,20.48658610939946,230.4520786603776,0,60.58112750923353,0.17439746588078794,8.215903989332684
25.907980326164818,31.09148188354637,13.33634590668392,0.0,167.38578933183737,0,33.23980757849381,0.0015295402990081661,8.956340724658146
29.97606505390308,122.46509184668604,10.548909179714347,4.156368227581721,277.87010127125586,0,49.82027074581026,0.014199283418135254,5.301396326132559
30.731222673089444,98.98433974834843,8.688472054168358,6.073913354516659,373.0441791317748,1,59.36542366054278,0.3023763230326383,6.240626410066063
52.456027222081445,68.27681840194874,18.306909834406092,18.661811569446016,244.3690598345437,1,58.88346270425342,0.5881632164788341,7.46892726392205
45.781211288454784,81.86045755258452,15.098392569161726,14.131687740088687,193.44698286572947,0,56.4969694224426,0.6146617428435017,6.925581697896619
54.99512189652124,45.343473579984625,16.485770542601536,20.547421101207988,128.32476462958795,0,45.35327807784322,0.10303981669086561,8.386261056800615
55.40868021386832,77.72194667185873,14.348790092941977,26.211472382140162,208.81051890056247,1,60.579021663175105,0.7847571449358764,7.091122133125651
63.58748861552108,157.08920949981547,12.979031959547942,26.166931439560127,449.26289558165166,1,73.47617000555584,0.9959758212636735,3.916431620007381
32.612481868492395,71.2035789789813,14.816720345982986,5.921419955814092,238.09201398976606,0,44.87085332291783,0.0826656357167829,7.351856840840748
63.982647319839515,85.30480161097915,13.826117486432583,19.65623847731681,255.4629508897181,1,56.8991046772738,0.6847469735893773,6.787807935560834
39.128084402979255,68.25495820176107,11.392281450831504,11.843127886726347,267.79838710486024,1,54.861268885388085,0.5156470219446981,7.469801671929558
24.684937433062895,24.288242505885755,11.727182927814031,3.365689990739053,46.729338576806384,0,33.472239140696004,0.0009987902223346809,9.22847029976457
31.124837128385657,500.0,19.547100989688587,8.176687405998837,1000.0,0,110.44195791070786,3.657537217128246e-08,-9.8
39.27789975485578,90.75888738804761,13.539433404222136,12.210572983552744,344.6549396185826,0,48.70490410313173,0.29771064912414114,6.569644504478095
27.62451736167212,61.94514918075539,13.35491927482314,4.132152077016741,243.7525443517116,0,48.69783152622023,0.0022686735422372505,7.722194032769785
60.40054071148503,75.61326935931565,17.602174027130644,22.995188890667738,262.28593509867574,0,59.7787263229412,0.2691142559476726,7.175469225627374
41.37503169819035,29.937189348200302,9.701906494687185,9.487246128890138,135.85063863799584,1,41.34201396591434,0.8452795026931839,9.002512426071988
27.298373634119482,40.91546066299618,14.041648316442673,8.877433659611253,144.13733320043013,0,43.71766196498928,0.00541926429143302,8.563381573480154
58.62720234956685,43.61954872971594,9.86674684956243,28.658571293002908,136.7775722232849,0,42.313748500863966,0.044950460511888314,8.455218050811363
37.68730086401896,30.72618062547969,20.0,12.088280410447243,215.344007462371,0,53.40165279456972,0.010997319519125323,8.970952774980812
38.5191297854923,83.2397998155968,12.573121403167498,5.592634003385522,210.31511657761254,1,52.10672070947777,0.8115998973769915,6.870408007376128
20.76006882592816,10.841940072437616,9.633377562325457,0.0,113.36424060221032,0,27.677581550238536,0.00025948569074786846,9.766322397102496
42.04812652238504,36.48937563293324,8.2117704680213,8.569577708619576,37.84084193876957,1,39.51462502219104,0.9757340436935104,8.740424974682671
22.536259667492764,35.00797986684816,14.028235581649101,0.04691510484568284,207.21386437101398,0,33.99702272380955,1.8190017182062356e-05,8.799680805326073
45.59555362516454,61.98672186921517,13.81412434660491,10.26888991197854,168.80189000958262,1,61.58989149437136,0.6285935616221492,7.7205311252313935
26.398435571748394,90.6738199848938,11.945837034136648,4.970141672577369,179.45806999523313,0,46.43331073594181,0.0015764466666021639,6.573047200604249
47.88753014881408,19.70515952446551,11.043904020709933,15.01784426769785,84.52167324848557,0,42.587421697140805,0.26618449837002284,9.41179361902138
24.415680537668933,186.06106939827941,19.602812736964076,0.0,463.95057772959706,0,66.85211022797544,6.412040148832677e-10,2.7575572240688233
58.62717469597774,32.51398292246305,14.904240618903106,20.350211616848206,169.86954864604854,0,49.01501588193558,0.016034574287118422,8.899440683101478
22.824163508262437,42.82394423692007,19.306914459272065,3.2013247982925064,143.19619464246503,0,46.926450420594335,2.3019472497434254e-07,8.487042230523198
60.48812552952303,48.50222723404793,8.136505678347635,16.362252785171478,211.3347474818641,1,54.22327278210665,0.3267704867595667,8.259910910638084
51.598256363828824,58.14455397329728,14.026615994103103,16.884152976161594,279.06304602493935,1,58.7113827568382,0.5855145309274262,7.874217841068109
51.03884935002924,196.6412308842,16.64251488917321,11.875683036480709,656.1609679939064,1,74.93565862299513,0.854398482060494,2.334350764631999
22.064103812238336,103.24625216756256,17.616200999925073,0.0,181.75498236968136,0,43.8428201763615,3.258118396041733e-08,6.070149913297498
32.30798123230077,19.307114896688272,12.394227827298007,4.55059874423764,68.46531214711624,1,46.25094269336162,0.16567581607217347,9.427715404132469
42.39062356562923,33.80303052410828,17.83044066903212,19.115965928323508,174.972652702705,0,43.66967697322695,0.36302536366281557,8.847878779035668
40.73557423868597,17.4360027191929,12.37416031413001,11.809844716197041,70.81201898196969,1,54.61228217108899,0.2345419472189514,9.502559891232284
41.60208800242138,92.41482592217294,16.77500405385717,15.847266299385844,388.18712302815976,1,56.909130931735405,0.5570506190345756,6.503406963113083
29.112048230546893,69.39402959566294,14.18729520136927,3.0005978107576876,265.2941080591321,0,40.22295756642267,0.002449485016476395,7.4242388161734825
40.04963556004731,120.08647276851772,13.270289205421584,12.096960031411752,388.97474872165344,0,54.35404435484406,0.2742855365907923,5.396541089259291
40.91807855988068,116.83384812666084,10.676678789015883,9.116478264891029,345.66668204232354,1,60.27376646740409,0.9153696821911091,5.526646074933566
64.41240727886104,74.88595837042323,13.81228035550383,21.612081852444206,325.7886145043243,0,50.186527851883916,0.18472589751418325,7.204561665183071
41.85017075629297,129.33269682500583,16.206585784569146,14.872230980974805,422.3698479864348,0,57.07786375424257,0.36276735129347976,5.026692126999767
51.9402688514486,26.496421805209312,16.673204820659095,21.922353577733464,162.3958645236356,0,52.548518388817975,0.028298801165694658,9.140143127791628
42.8847108517721,151.54059402642724,13.783586633890385,15.804847913856019,505.07487642297485,1,68.05639490933103,0.6856770923449688,4.138376238942911
32.82665147009696,57.435304798037755,12.034108179299423,10.29738090227925,230.2118138980139,1,48.92876683842823,0.16174301649510595,7.90258780807849
58.8458678813037,144.157897788089,16.133182520648376,20.03569470368984,393.18730169163734,1,62.21162357586872,0.9604155150712355,4.43368408847644
34.69661262483282,18.81933599373459,20.0,9.108581472452236,59.315353974645795,0,45.30281813909941,0.0169081979002379,9.447226560250616
28.37776047208816,26.42711321136427,18.444129124316987,1.622505736555973,166.99622179619078,0,47.35969839080769,8.186940251701942e-05,9.142915471545429
55.616163694957564,11.11890303141534,11.365155076373869,22.457892165956306,100.03267902056803,0,43.06107985286884,0.0032799040921463202,9.755243878743386
27.267398678477534,143.89049289118898,12.005647380278363,4.471710884044114,390.7137801096424,0,51.51983705186651,8.855638767746703e-05,4.444380284352441
52.93315949354008,93.62580406322854,13.9899436275097,21.506194930107448,282.84002308086417,0,46.8374709456568,0.620529327973461,6.454967837470859
24.048518832626936,52.188828801254864,16.044813965165563,3.432168167074643,237.29027227640046,0,39.84734243890753,7.360470602837488e-06,8.112446847949805
23.35308229185098,65.54132435432442,12.768332689025863,1.0150566867956896,198.51474570302474,0,39.363425121293645,4.243668874613448e-05,7.578347025827023
23.609034778419957,56.22373294271412,17.95001771141144,0.0,214.28519127084945,0,37.615273418315425,1.4689122319010017e-06,7.951050682291435
49.027409092494025,34.60949717235072,12.616545524145353,17.29927971041737,160.05535367265054,1,54.17562741246949,0.45868943545851226,8.815620113105972
63.009995032194304,172.53035376701172,18.11605397820312,21.70478345729996,500.06530427411053,1,74.92513343915303,0.9939923014519566,3.2987858493195312
56.25926004806337,12.274438202188845,11.525040895605636,20.23190099903452,110.90937573213604,0,39.82603410973691,0.008258033191116978,9.709022471912446
27.22967438358286,11.80233429680063,16.3318194165663,5.042069171334909,86.10051497057536,0,37.362465961674054,0.0009974254998919552,9.727906628127975
37.48548978813304,318.81147219962776,11.908574962413056,9.284919800339287,822.179844061213,1,83.18092439850437,0.19138558759079,-2.552458887985111
45.069246915988735,54.39576275649725,8.886699849810597,14.489108425376036,228.08769888095438,0,50.71818019354468,0.7678016863236188,8.02416948974011
38.861643367471814,45.91849270523261,15.038867480701583,13.475849420487279,119.81126027566337,0,46.19928264314991,0.194104120805908,8.363260291790695
49.92852385990948,146.83207237755343,12.213157637524462,18.34102766896801,394.98703309161317,1,56.27226029439531,0.96625048887535,4.326717104897863
47.89930307498949,47.09387268202983,11.630870108921272,14.35343660426416,198.6351587155389,1,58.15483955869803,0.44187687027242295,8.316245092718807
32.347084577199,67.34520594198914,8.589486480443027,5.064127267645636,223.88582088986004,1,48.581373289835376,0.748879533399771,7.506191762320435
52.91789576358181,66.4840965229479,15.118059381695776,17.71918612762697,222.91400245661174,1,55.35803367389658,0.6971348186144118,7.540636139082084
61.96963521705702,19.689009493402573,16.251582729368543,22.844932964596726,100.02092906074728,0,43.16222775455598,0.001445353230754998,9.412439620263896
56.36491715343834,32.73460458278952,13.509501251348047,22.113706908105385,201.31117805906158,0,45.06381643662372,0.012491066869918948,8.890615816688419
55.25302968589614,155.86884048377354,12.111414475051943,23.96490662057621,411.97405128829627,1,61.083347039676156,0.9332482751624175,3.9652463806490585
44.64979904586417,93.14558018713491,12.942008744407797,14.488502894156735,234.73412171304122,0,50.233631644112336,0.7895370410004035,6.474176792514603
63.51130600637823,68.69844925075957,16.833109954215534,23.901487817364256,307.46297447309576,0,58.29601178859973,0.17113797067074296,7.452062029969618
42.87652797449684,93.49407824239083,11.010590498510933,13.400967517469873,231.55495971518968,1,50.1793673878056,0.7799327078887643,6.460236870304367
40.70435614926001,88.46504889656205,15.182771326031652,5.254579281888339,335.81839231957775,0,58.32018264459189,0.4312417850787394,6.661398044137518
27.867824770304747,212.0852644648092,13.074488472388385,1.1390490274954437,578.8671569034494,0,61.25827238140632,3.899366902189372e-06,1.7165894214076323
54.30579152695417,30.59298573482355,17.211506054481447,16.875341699308827,176.59579197178425,0,57.024740213317585,0.06518021040181798,8.976280570607058
54.29330376077544,155.3983210933077,16.947338357230052,22.8673630514311,482.4283229062662,1,70.14403001145222,0.8976945809467762,3.9840671562676926
27.066828411693162,54.14076742821344,13.371425485422801,0.0,189.1172191171671,0,46.92683780369182,0.0032561027976232278,8.034369302871463
30.54596222387915,19.713209333530457,11.699373772326918,9.413025653199513,151.76935552363832,0,29.537321578602906,0.1120421703834137,9.411471626658782
37.834193721552246,80.79106022600106,13.928981694586923,11.673692084512533,320.9187880101078,0,47.293373721580714,0.2230544799299516,6.9683575909599575
45.11731841939107,24.358663122152564,13.160742772588744,13.624962897907492,32.42926598091901,0,33.248412409862766,0.20119552432489177,9.225653475113898
29.290919438992262,178.83534435145805,10.559105208783532,5.907547171379672,475.3106217815997,0,53.22636499162119,0.0011113631305073083,3.0465862259416783
57.00077863522428,51.530904905678874,11.445558448250615,16.916430307902836,171.6737755685863,0,51.23726850925339,0.4319686702697046,8.138763803772845
44.8827473243998,81.99123854534872,14.35722615246407,12.190578291849361,321.4315089637705,1,55.02826948447109,0.4347407085498176,6.920350458186051
58.11503846050897,43.04683969477701,14.85152992797446,22.181108475093016,186.3044839967817,0,53.71863171308793,0.023449561292540836,8.478126412208919
63.63378981417754,33.414129874645674,16.305593995622655,23.104100429703283,163.66974553149396,0,55.54620060891264,0.0040642192998357075,8.863434805014172
52.40834574438052,67.71834246453567,16.193447346563676,15.55902984140621,176.74790062199514,1,59.75014895498046,0.532720630859031,7.491266301418573
31.896445665055445,79.28218184740746,13.100545072994736,5.385981831809808,234.70723208978993,0,48.381428781573256,0.10827492536513315,7.028712726103702
25.891994501326753,74.5464623204815,11.651325944779131,2.826468422191504,304.7857807516674,0,44.66969932788417,0.0006303011017579485,7.21814150718074
41.45237726235409,29.886713308935644,12.119715921333595,16.66280730056211,178.87053925212294,1,50.43531784191775,0.594621756133008,9.004531467642575
61.07260193596005,56.79741925265553,20.0,21.677447511053646,185.2579409544917,0,57.26408004879316,0.062397560953913,7.928103229893779
51.680113839313016,123.606316142878,15.285488669716491,17.074712223514354,427.181275824693,1,73.37459742914342,0.918435757839151,5.25574735428488
37.5406177380018,10.583550558342667,15.551691393994949,7.4589212862589385,86.25705437556977,1,41.78340408678548,0.2443567025833055,9.776657977666293
49.65780876767031,20.061165573834312,16.669887503857385,20.937250838813647,159.27926031502608,0,41.96152430268605,0.04331303489921673,9.397553377046627
46.87855061257546,79.76514097779112,11.384350655646692,17.015802458522444,307.29233931526426,1,53.80637301102837,0.9111873637339561,7.009394360888355
34.319702431200916,118.66470973228557,10.990397601883032,4.884433455868051,434.7679765623009,0,54.617687500871256,0.22641944496685887,5.453411610708577
47.01936325167166,11.845627539411915,17.31322659919414,16.332624293000848,93.35386818722085,1,56.112418431736685,0.11801650441941007,9.726174898423524
22.299922026690176,32.95345177420095,15.462581159341667,3.686357114923898,130.0037179388941,0,40.22306306681376,3.263440770016107e-06,8.881861929031963
48.47222387597801,44.6999093830578,16.559322212445423,20.53896400245386,155.71883530672181,0,53.14327590007605,0.25509006330608824,8.412003624677688
21.562330438197964,12.15457341439875,11.132207661797668,0.7217605599140329,67.22055469591766,0,40.64772898847343,0.00012916589219998402,9.713817063424049
20.079149940190796,17.14119478621629,14.183828775557787,0.0,118.06632373527579,0,33.869712627069525,1.5385515665172386e-06,9.514352208551347
59.31074907042214,25.176721412953928,8.0,23.932670672529408,114.2420851738392,0,48.705742067409666,0.003325781722320428,9.192931143481843
44.110671693306365,10.658249377916784,13.6586606870751,9.820658543451053,53.12286592698685,0,39.33141374443085,0.24639439099471583,9.773670024883328
41.7824667464689,26.249702562054615,19.77768621115959,9.025390034267325,182.9878531812752,0,47.543721625427594,0.0334738238369026,9.150011897517816
29.067696163659885,500.0,15.993920657184265,4.834354147719653,1000.0,0,99.14667196617889,7.957511699733604e-10,-9.8
25.96178167158572,170.94063946861675,16.008348349674257,6.945945202716759,502.0091153582621,0,64.67186865033183,1.0168322759272834e-06,3.36237442125533
43.32156068041888,52.9906052657449,14.491921848210422,11.15124972483294,288.1295453034031,0,46.101727459936725,0.2563316266330051,8.080375789370205
25.3708573081031,15.454211928779072,13.955031790519849,3.6018707721891987,108.0684683081972,0,40.79598272301024,0.00040355750959757337,9.581831522848837
54.09539971425349,13.456818351966252,10.189548439468307,14.29761702240108,198.8429522418574,0,37.54948406005974,0.026318576131189268,9.66172726592135
60.15383968699693,25.641171571841795,13.729404172297185,23.04055522442272,149.72400374009163,0,43.04075893488735,0.003101018566186642,9.174353137126328
25.01885577962844,32.75163153795279,14.430070738308697,2.318869351760606,36.15314971328972,0,33.77764896189966,0.00014749845892132794,8.889934738481887
37.727193124181035,18.19899951439167,15.383665826193301,8.438132701645415,131.55383245971387,1,49.91987106101131,0.24187306730387387,9.472040019424334
29.37624403031219,22.037933720400535,16.806558824311047,3.8744678199609854,92.76641799673462,0,44.94704711623456,0.0012304919812045148,9.31848265118398
59.03661817447935,18.312111901420426,11.069572079434547,19.94410921962137,149.90671140665617,0,48.47717533225289,0.006761788878973045,9.467515523943183
61.6737035624824,38.27507649383869,15.012114099119202,23.664146797596626,166.1145275076579,0,54.14727841852596,0.01070310378366874,8.668996940246451
25.368789903175784,90.7625739982741,11.765105561162184,4.732697600831409,223.9206989501694,0,40.16470804477623,0.0004243851594377589,6.569497040069036
36.13648117571354,152.41971917437823,13.88578888195326,2.4565786218435965,424.03380406685534,0,54.94765936077385,0.024600365959873118,4.1032112330248705
33.13058540738083,10.0,14.960380399573284,4.994353208314241,118.20960938323886,0,48.265422004895825,0.04974001292468703,9.8
28.049525939720038,94.64579435242626,20.0,5.012920206413828,337.2759755987197,0,58.256848665902446,2.017945870178398e-05,6.41416822590295
29.324105306317907,84.09654862891702,20.0,1.1920882921849039,230.76525014458838,0,52.29374151425155,2.6847428033327805e-05,6.836138054843319
42.95484059175786,108.85622138620221,13.272894085778145,7.381519234893018,347.6900830065488,1,56.52196066761667,0.8974918055190758,5.845751144551912
39.56484549970082,66.95916300808786,15.503308342822502,11.827505825530036,193.4785526109943,0,59.92614831406078,0.22408717617821935,7.521633479676486
22.13865077290616,47.92746157293421,17.608243456911065,9.066420336911817,136.09435238416086,0,42.328287035974206,3.132749453801426e-06,8.282901537082632
46.159933232838625,235.08463654731247,15.558942818729072,12.385323631479068,652.4013863992694,1,70.02500704565279,0.8398687154574713,0.7966145381075016
45.98707777936845,18.993617885284756,13.273066607097505,11.37624571501355,128.96371619191441,0,39.636600830494494,0.11192318857319555,9.44025528458861
64.44598056197701,20.184190325522685,14.706856592520127,23.287249900831878,98.74367308218899,0,47.33834630998495,0.0009719810470200293,9.392632386979093
28.231029164953583,110.19116777208885,12.736041592374868,2.384979533747361,390.92546163553715,0,56.90644200309469,0.0004938295874955208,5.792353289116447
26.74203243554028,50.221711903319346,14.085646335664512,5.54776245725192,145.68756189815264,0,42.53655347426748,0.0022192091202566182,8.191131523867227
53.48519148541974,30.910939133805883,14.069907493185429,15.62076938292078,140.32091566499946,0,49.865656433268086,0.09508172674919724,8.963562434647764
24.910519772987623,41.637480633725396,12.175849129872347,6.672359681954013,238.71807086263675,0,39.3315624795792,0.0015905882620686888,8.534500774650985
61.576084060531976,27.246491186498016,9.994116496618858,23.305586377210822,51.4632681324435,0,38.64244761171209,0.0030846891240134187,9.110140352540078
37.5129933631639,22.625468390498973,12.781047091776099,8.245537008802575,138.22468453952666,1,49.35783512177156,0.5862032757759329,9.294981264380041
61.177723756206724,99.444640041809,9.093403433367053,25.979856608284177,319.13685418970795,1,51.031284959779086,0.7345014972161154,6.22221439832764
23.87349095396197,212.56494808855106,13.440271720234172,2.206802068974295,508.71304746489545,0,74.35098940616861,5.613459284994919e-09,1.6974020764579576
22.82069824106485,31.572269505354633,15.477618929764626,1.0746318355549573,117.57609577645835,0,45.54750505844606,6.243464121707291e-06,8.937109219785814
35.07312807398356,26.229155643194005,20.0,3.9094582833441036,19.77715613409987,0,49.023834823879994,0.002146363591335575,9.15083377427224
36.06620766510796,60.853542259102554,11.371283032919232,7.2248496275129135,138.8310835137413,1,56.445725171579106,0.868123356585306,7.765858309635898
62.62236681729877,209.46603454893625,15.891842016686656,25.589367988475974,603.9205135407353,1,75.36255704398238,0.9999126151024433,1.8213586180425496
28.037882671216295,56.612497412940535,9.712959195076344,4.501852539578798,197.64246735637494,0,51.271696544792846,0.055675470506351424,7.935500103482378
33.55594358688211,44.038446434386294,17.061221459347976,2.4754807559452914,143.48598304476945,0,38.21110967332088,0.00520764046769794,8.438462142624548
50.973560396205016,95.78617838079747,11.54806814134542,16.539326167809993,311.4883044521377,1,58.01451018973226,0.9351211547477175,6.368552864768102
54.77658475468321,116.87134724788869,14.697336172935719,19.6080025387023,314.9186233243135,1,63.480577805205165,0.8998011432738543,5.525146110084452
21.671541683079376,34.19493314643595,11.160067149335124,7.29864435286636,84.86729316958974,0,42.686524272768686,0.0001365816266154315,8.832202674142561
33.90742709433001,109.02715843616231,11.964988095622221,8.690733481136608,236.56107318155182,1,54.98566155206467,0.34022511769930247,5.838913662553508
24.02019322568293,57.47121635665036,11.713428551751385,2.7063989638915187,132.35642316640582,0,37.191753897123036,0.00019722706264751298,7.901151345733986
45.07747016768153,23.272194060610605,8.907110202080807,15.996702265644547,119.5986570335409,1,49.732615513393405,0.6262276907824832,9.269112237575577
44.4678758461454,87.80224017033058,11.686955287607583,12.991150324265792,357.66118660286736,1,65.87001418639345,0.6632471429698739,6.687910393186777
45.41279726164238,28.12444040446192,10.545566192974924,15.413153323633951,141.6062053191665,0,45.13712108574822,0.5034239860948605,9.075022383821523
47.885894872533356,125.10506195950889,12.034397985346764,12.722235844332555,345.6222292950795,0,58.83323936006642,0.7935025080582181,5.195797521619644
57.05574356389261,41.943230147340685,11.168163277662899,22.2916480476847,264.6262989878397,0,40.58521869737793,0.018416021856297798,8.522270794106372
60.717338283543924,64.7765872281682,15.144928917784606,23.463981664800052,297.40590626327185,0,50.57432118782617,0.10796586184509102,7.6089365108732725
35.78792617881213,53.00768796394616,14.93630919419418,4.6226912948532135,242.54359143496288,0,51.56907836242498,0.10994465422952657,8.079692481442153
58.20367319291462,33.09794166687205,12.212111224365184,23.5512922145047,108.45698889317073,0,49.7976821650034,0.011941340171805426,8.876082333325119
57.21450870465055,10.0,18.16532258676638,19.625506088673006,135.15815361154642,0,47.392698707529256,0.004245705179157876,9.8
42.15579529829197,26.51828551017076,10.741670967874734,7.950392580205071,143.56572380923905,1,49.89806588326913,0.8653445322262594,9.13926857959317
21.020377627702047,24.26371429738529,9.169875716695689,1.9349799502798133,200.8420334529696,0,32.7745336692402,6.757034866065558e-05,9.22945142810459
55.720819071812784,16.671224770408617,11.225140423721509,22.200547867113478,56.38056799971244,0,42.54555702294101,0.005876826952233507,9.533151009183655
31.882697773901832,12.834680748556927,13.86336808509328,4.1528252578069,81.97848908800006,0,39.898085719817566,0.04410237645643977,9.686612770057723
49.020604521194166,84.54185677536138,17.767468814798335,16.100109555595242,292.97800123718747,0,52.86357544665597,0.7049895111644577,6.818325728985545
41.86234707904561,42.6502672017532,13.915662039268728,12.825473732916974,241.1013019982869,1,53.83520808382984,0.18507938140982863,8.493989311929873
51.87554872228769,10.0,14.162598653442547,13.11933491741544,132.86303434372354,0,45.31020638120416,0.009893299931720443,9.8
20.633991684106334,83.24156378536915,12.735503534059635,0.0,300.184891625305,0,37.49171991433628,6.222829156259087e-07,6.870337448585234
48.732668290321456,10.0,18.4687452162121,14.048615300278547,57.964697036023615,0,44.9366546732992,0.012403235742965547,9.8
22.659648764927795,55.612447694895245,14.148717774602314,0.0,167.30113599086764,0,43.08059611652329,1.4488459980630629e-05,7.97550209220419
38.71178553673002,40.83265002839736,17.081407115110217,12.513592975493896,222.67622498755077,0,45.073879327474785,0.05077429643435708,8.566693998864105
50.22429017289832,75.27530816476514,15.070184789653114,16.618242461820433,267.1104179185417,1,62.047089100249636,0.7898765061008707,7.188987673409395
34.48482921452354,105.60775000396835,14.82414509839463,11.51791554104022,279.2227888583212,0,46.394086134463834,0.03598760307742155,5.975689999841266
52.04678504330773,155.14886126176955,20.0,14.799415100596471,466.3313365683853,0,70.06563929127549,0.7116387592543911,3.994045549529218
58.79477224757696,99.45486038440916,11.810075615995544,20.09592607423947,293.1753247098389,1,63.233602137850966,0.8072152257441937,6.221805584623634
59.42361906614321,41.501299174977476,14.949320063158995,23.828450875376724,104.4320973236774,0,43.71037790457183,0.02941725150128427,8.5399480330009
53.911029721174884,15.974137811914735,10.825471543914983,20.961202816263402,127.0072055641856,1,45.81936927595963,0.013305913410875437,9.561034487523411
63.2205513219162,48.85259728903847,15.150396175071206,24.92071455882205,187.12510041311472,0,57.32974277006561,0.05421753526806827,8.245896108438462
27.72099558338935,71.05886390086415,10.096007944234398,4.323594346088734,202.70841200063148,0,44.07614109214702,0.025769873427952103,7.357645443965434
59.35728317224451,64.94848503442275,17.05038702680842,30.290621467643813,288.1472819270646,0,47.81112468009543,0.42348600406342096,7.6020605986230905
55.124580162402026,17.6408487152632,14.526861804602111,22.21319792066442,104.92531386483802,0,51.129888644830224,0.00691224068644762,9.494366051389472
41.065627604603435,64.52021794460457,12.420013496845199,12.64921945760213,198.4050593407247,0,48.42594938606764,0.49763561811700796,7.619191282215818
48.48412606043184,41.28086726997049,13.831262193561248,17.89618518800156,224.19245384261046,1,59.32967108041178,0.4790833545879768,8.54876530920118
53.63677809350499,250.85340269822353,20.0,18.03853600288819,739.0330315924175,1,80.37027058507338,0.9993974178569466,0.16586389207105867
26.98785459185803,77.84895386583902,8.88192709132058,0.0,249.61386455873685,0,38.9823824385934,0.07523502197829031,7.08604184536644
25.524887433088832,61.03441435943182,15.782688194578705,3.678707746329521,179.39312673987163,0,47.375579041272985,5.28310465377619e-05,7.758623425622727
31.309858052154638,142.76326801894444,20.0,6.960871325396231,403.6564017525091,0,56.780981238020495,0.00015654076423746502,4.489469279242222
41.94983549288712,271.136668853267,12.00859588176785,7.219481059656084,752.413748858056,1,73.0541671047154,0.9605338138257163,-0.6454667541306796
41.72258374265924,125.28522984466639,8.03599047825752,7.981042287448355,338.6125679570431,1,48.1475683023594,0.9900323254384966,5.188590806213345
62.40546515657661,39.582489784074646,12.110958347387864,21.709937557716056,245.17741166322017,0,49.620591229674915,0.006812089029383167,8.616700408637014
48.267013543456045,65.49832779675127,10.586338597939042,14.805338567123554,163.39708224522096,1,58.86948823486405,0.8144733324270932,7.580066888129949
24.157812356134887,86.55007981677045,17.256821847969807,0.49575929166253985,206.6358943075409,0,42.9706200394704,1.5578580663588672e-06,6.737996807329182
29.3709368572976,30.604169923339036,14.243627231255333,7.146192613468313,170.19800304912255,0,44.123821084740236,0.029053021877463545,8.975833203066438
60.24766727440315,167.04483724183382,18.521418131280342,23.678128761005723,451.36129168536166,1,73.2864709063571,0.9899342345053644,3.5182065103266473
52.498923993901485,11.79325152087142,15.461873550896915,13.444437017244734,83.18441176435351,0,54.88729785913687,0.007785709533322103,9.728269939165143
20.912703321879857,34.432851401407035,16.479847288903358,0.29251922252204554,160.50176874242754,0,41.22029265093295,2.7782679647131276e-07,8.822685943943718
64.6985334600886,21.178903707359826,8.0,24.50355907782705,203.62601172480618,0,43.32234643442447,0.0006301896831722505,9.352843851705607
60.292371429138925,43.714626723704605,12.407917891784091,20.80023811295939,250.62881382040922,0,50.026460807417905,0.022941213213451994,8.451414931051815
47.825598947966824,38.10104961849983,13.160788442094738,13.239722060322805,159.20541248400664,0,51.59417312656573,0.17216497824658838,8.675958015260008
43.493924476262,50.45741266931183,17.362249363798323,7.26013081461171,164.74397194295577,0,50.89665376240767,0.2984777769256327,8.181703493227527
57.87792815015696,87.6021181005633,13.96183333412321,27.31380911630702,271.09599256329943,1,64.95206395164253,0.8526176891086718,6.695915275977468
37.94424525062834,28.722045771191652,8.902403917719646,15.232457249315598,27.220458216023133,1,52.74804780589285,0.6978278361679657,9.051118169152334
43.61494739425763,69.4545281576011,15.194571641500417,7.58518422357186,176.05631408813358,1,54.15438644595674,0.7700496465243585,7.421818873695956
47.96190572228086,10.942048115001553,10.341430474759445,11.917520068195598,134.1910182105088,0,34.43984495582164,0.12311685856441539,9.762318075399937
58.466569374846344,65.46657450958311,16.458187826378257,19.97076636877312,250.37473595981393,0,55.997501102335654,0.2596806373239428,7.581337019616676
46.46902936367694,90.64709087573804,14.846189576838986,13.131316713343601,166.2225043057187,0,51.76970499023298,0.6083129425966384,6.574116364970479
54.642563325909556,67.97215179939573,12.480300112574396,22.349219956251954,241.79457859906424,0,56.43485551171947,0.23127470156558722,7.481113928024171
21.550136316308684,78.40332565786203,16.126464678460312,0.0,172.71219155699328,0,36.10479686442606,2.5826683397574955e-07,7.063866973685519
63.38057411635531,66.39297868735808,14.80007844068114,22.08778826431371,227.38282858889724,0,56.44661738190115,0.10761719293496931,7.544280852505677
47.56413967509583,23.461396873450308,10.924089616919769,16.816628053430712,132.4542551254707,0,50.45110844986271,0.45300664422794185,9.261544125061988
41.7447912076958,15.514514325698824,14.135808613834982,11.242240622940002,99.4615396005533,0,43.53902580983079,0.13322082199721047,9.579419426972047
28.03893743360176,27.92041935583968,18.309319109661956,0.0,274.1417618799658,0,53.85375420045484,8.744206933938395e-05,9.083183225766412
43.34001878168021,54.191876025952965,19.504487356643466,12.343358958452011,148.82084318273888,0,52.13569140760469,0.06159542660193338,8.032324958961881
55.8713255729428,14.58729454250862,9.347049135605326,22.285571875091318,66.55816852393181,0,34.443320476891145,0.004320634260808828,9.616508218299655
42.899929125836906,21.73019388475122,9.922484699097176,14.156248502886031,161.95902326120012,0,25.165566546307765,0.38603074970638457,9.33079224460995
50.82401770788917,20.0508446508622,14.948075338935553,16.891341993147343,151.1341360224301,0,56.69210061254622,0.1200475275687209,9.397966213965512
31.424624490251087,53.99338176196959,11.333599214781827,7.904105543986052,157.13238204245073,0,36.807528159031264,0.3822898968581202,8.040264729521216
54.462589336212154,103.02946010733793,13.63556849374211,19.858466986072937,282.7149550227483,1,53.2060488429167,0.8500573687774821,6.078821595706483
23.027223339711195,21.104042139771213,10.595385360784327,2.013092423356745,169.9192193651369,0,40.9827157585879,0.0003055919411913126,9.355838314409151
33.03686306502509,16.104890345165664,16.72658345335196,8.063758356338486,170.57047169651582,0,30.64716441361553,0.045351783158787046,9.555804386193373
62.12619251634399,51.49800456806178,14.404851382539755,31.80525753815281,270.9011242887134,0,50.53334961973635,0.027563641515818246,8.14007981727753
45.39716683673848,10.0,12.219786253436027,17.41335695307027,119.99609421226715,1,42.71488790871064,0.361475559193931,9.8
28.83387430847951,64.5084231129363,13.667713809901908,5.080251543033743,298.22020814716046,0,46.10226077283939,0.007172643600862756,7.619663075482548
36.216019095718906,16.73549287480253,11.619384970667916,8.34119504829269,0.0,1,44.73659685878921,0.7456648100325605,9.530580285007899
62.24726644087207,23.82670494074976,14.745413341002328,21.394714060046756,85.27349726003777,0,35.68491727200285,0.00240661495283003,9.24693180237001
44.186812211683375,20.882180574706545,13.685641993499164,15.149459885864122,59.22154564420072,0,41.24494662413983,0.3024931972636452,9.364712777011738
37.213998120429196,30.205298607966643,15.193851599511945,6.67368023032485,218.68532604184475,0,43.217632034588064,0.2338994183939613,8.991788055681335
49.39572146095048,188.46695246653536,16.64677026153759,18.371330002283603,510.8588366122284,1,74.58692693499609,0.9788158805224776,2.661321901338585
40.09051602103496,56.335161468555405,10.262906972104307,11.282525577267146,87.99078178506268,1,41.94145490772744,0.7705629529119858,7.9465935412577835
33.81494120442185,51.54038065683966,19.46763217367806,0.5553266783018165,186.29863586548325,0,50.73081526730913,0.0011438180903113222,8.138384773726415
23.092722375420777,70.72885510978513,18.68358643031335,0.0,247.92980986581134,0,52.945737053465365,2.4941413807727723e-07,7.370845795608595
57.5757874227357,19.251669702489664,16.668561026554034,21.549882767067015,112.48413086790113,0,53.7704335384185,0.004287371929151246,9.429933211900414
61.505942105962745,119.8506878308832,16.207583010367113,27.073419783567076,360.33707951070454,1,64.6919045235008,0.9782590308885727,5.4059724867646715
62.409388293757914,81.0941375199925,17.858114663287353,25.10088317941028,357.5731193491854,1,75.78002150596299,0.6040727728417656,6.9562344992003
35.8063414944606,12.564742182151784,17.319650480811,8.467203033192579,116.59990661593126,1,60.41182178769457,0.07530180229751166,9.697410312713929
50.247909640467796,14.122497477385862,9.78524382827624,15.752837035101228,148.61944338806924,0,34.69018654934932,0.18405885552066134,9.635100100904566
52.951257135171005,30.400128602809982,16.622650193743038,22.654764780134943,108.84460333523982,0,46.53635984732036,0.0352830416257517,8.983994855887602
38.981667088371175,52.12226187896587,15.171137302534236,8.175667414142577,139.06456890880423,1,63.56171201041024,0.5439115543215276,8.115109524841365
40.27428973548805,153.07513561007346,13.552432657969552,8.550121679517714,410.42023198824586,1,59.914070737617585,0.634310620911454,4.076994575597062
20.562933926577163,165.25717484922592,12.223459750191935,1.3204467643605284,512.4190852197427,0,57.547614865857156,5.81818933000003e-10,3.5897130060309634
60.989000373318596,50.98250377337912,12.044868446252742,27.4551232256224,220.4082161322317,0,53.5306133208684,0.11750116897792916,8.160699849064835
47.35941710537658,34.01062244174125,14.713764199919844,10.985945973836367,162.77285344621754,0,53.78754778588748,0.11589198718804536,8.83957510233035
32.89182850205464,117.68726538823884,12.042315569753303,5.968245518008664,397.15977105818934,0,44.25932569413114,0.1020948725987918,5.492509384470447
41.72903347536101,116.12311441178966,16.56882327636313,14.44341535587178,329.83328269322607,1,62.92344820895794,0.35323582105598034,5.555075423528414
27.90134015011092,184.31232111727547,10.878668599234345,5.842647816305249,467.6044115410109,0,62.10449821819997,0.00014378661372750536,2.8275071553089814
21.18701857538994,58.23970869715731,14.6193794637745,0.0,262.80920582649117,0,44.42322462720054,8.948343093155318e-07,7.870411652113708
63.17286668136088,24.1495817892725,15.31258070624702,20.224079926214785,154.13127801243357,0,47.08211892996062,0.0028908924770669185,9.2340167284291
35.86792904395951,16.326035082636185,13.719838035196954,7.698637847582718,95.98426453568688,0,43.886590880435364,0.42513734338350995,9.546958596694553
43.31801402019215,74.18671656266275,17.499980074413926,15.696450536365338,256.02883516937476,1,56.66805112796409,0.5841426897640162,7.23253133749349
40.661558794249075,34.77730219190344,11.293979647583008,9.598650761232687,171.06687041484665,1,46.165648500439865,0.7100174999922119,8.808907912323862
31.39613072265624,34.77602281778354,12.992408388542932,10.447402807015404,198.83016846735885,0,38.54157853401658,0.04511382268695745,8.808959087288658
41.107638590203685,25.539293297504837,16.001630565202525,14.058668127774924,154.15580010281758,0,47.214986909189555,0.10896933136529964,9.178428268099806
52.14494019293949,24.549091925085232,15.205844232199313,23.90733389308717,135.78683544715312,0,49.600561586320644,0.037003199952902736,9.218036322996591
39.942950591357636,57.60042165355384,17.65000951184556,15.26712958914295,209.0218277698665,0,50.33296961404418,0.3168974034138143,7.895983133857847
64.01738859645678,45.734410737448165,10.3139299914058,26.633569517975555,234.3256836492558,0,52.02106847819706,0.03128914556933247,8.370623570502072
21.614741912189615,62.836770969374555,15.568700949732277,0.0,216.05845561425195,0,44.453272716086694,7.306900018656511e-07,7.6865291612250175
46.30664313522737,35.03231586379121,8.5776766864035,16.236386298330146,52.216482644454985,1,48.40860223851065,0.789074047954033,8.798707365448351
61.242027823517176,69.70784353177396,16.54542746878587,21.73726542440847,362.67925029315836,0,53.24524595055852,0.11494596576507436,7.411686258729041
33.6343824262859,237.47110756609987,17.601525803463744,6.43695731248898,581.6966012738703,0,72.107748606508,0.0005635442215783864,0.7011556973560049
63.79716652581785,35.77019673109705,19.053394973929695,23.120035293690417,140.19451141419017,0,57.50405055139891,0.006621647066251507,8.769192130756117
54.67649753397204,53.98760664510653,17.474988330736668,20.17094927838204,202.12604631429568,1,69.98460712789753,0.18692373911686763,8.040495734195739
64.33838501880183,152.1547311267421,12.017955204655369,24.924376919727493,482.8814394182936,1,72.77732070732247,0.987938340784767,4.1138107549303164
35.78644666487515,40.541512374060325,10.388845948244462,7.64528012675007,214.14631575176827,1,47.86601278109782,0.8335168859927723,8.578339505037587
42.17587779226469,69.12678178402194,14.883648596334266,8.443953890219458,211.65005725150408,1,45.77839662442771,0.7321680600348558,7.434928728639122
60.01037264195234,44.196139446603055,14.570148614414693,21.73033759750127,152.93878092638602,0,42.77840267776196,0.022240089470210573,8.432154422135877
41.67386642977493,16.067922139956448,16.080674167311688,7.199141581079869,70.41949462348165,0,47.694826273835815,0.22873288995292643,9.557283114401741
52.065537391229036,103.12086454966352,12.464664410941426,18.8978590294706,300.1813731318608,1,58.46570501479313,0.9166582705199884,6.075165418013459
28.144539901725928,111.84680640773075,12.98951121578694,4.830036375865717,285.0442979614338,0,49.669304576442826,0.0010705042264523008,5.726127743690769
62.99643527504905,39.65454845901757,8.0,26.518796739973542,219.6832380272624,0,38.72069132499349,0.011653874263554357,8.613818061639297
20.54687828458401,70.06163969646433,10.395412994852354,0.0,146.50945093510128,0,43.916749205264864,1.318170499193739e-05,7.397534412141427
53.321934846472686,79.22672668574046,15.703311703240331,16.602248493003323,344.9256604833622,1,73.9623185512587,0.7067180317891795,7.0309309325703815
28.534635528905554,66.88631166126832,12.275659612083665,9.670560543657004,207.92899178659638,0,54.57578776001978,0.015710003057097834,7.524547533549267
46.27901278762203,175.0885147670583,13.492028006956104,20.928918178674223,468.81207756069193,1,66.72672776669887,0.8111007078030225,3.1964594093176673
29.026327835869623,171.3128754318277,9.565572581379657,0.0,512.5974088723457,0,50.964031146429235,0.002763272345216029,3.3474849827268915
36.69187266367088,119.91582366122014,8.836984583508741,8.091376235245082,305.8846379269284,1,49.43706239633999,0.9087604881390657,5.403367053551194
37.46566561739348,10.0,8.965367693062172,7.9543121890101105,109.02153024884964,1,39.544421217754575,0.9154332568717568,9.8
31.259444275863107,76.29023855806611,12.922128693568665,7.604782814468618,282.48013852667435,0,52.8673284213098,0.13349274875060535,7.148390457677356
25.029578125720285,202.62108277457418,17.6545209770327,4.388810174789509,521.4713866393569,0,67.44790663710155,5.029460146490704e-09,2.095156689017033
24.873436122380173,15.766610821319247,11.726634247144567,0.0,107.8516087656383,0,41.258470373818774,0.0037658760472905005,9.569335567147231
44.519271434939526,36.434006033757,16.519552976274113,12.908766356208929,197.28457691173938,0,47.98435071526401,0.06799831657267702,8.74263975864972
39.66202755249006,38.89494038467446,11.889088865616047,9.281700354693312,136.65133147974277,0,52.080452943660084,0.7345315975123413,8.64420238461302
21.454583347837108,39.22213213531652,16.06485827860473,0.0,125.31964827794879,0,42.05190575118991,9.567788026010494e-07,8.631114714587339
50.84930781229972,44.48941130952734,12.220482065977173,14.938796632544024,143.07504230232848,1,56.245247325914335,0.3636303001252277,8.420423547618906
51.03128456303806,49.13166002055962,13.079169322616298,14.681914959525104,279.9948504038489,0,51.06842187161684,0.2519595294190447,8.234733599177616
55.48467510854067,32.42066332267539,14.385532267268083,25.938861060140677,250.00098417344242,0,59.32292611133431,0.060686511854034515,8.903173467092984
43.45772506443268,154.05067786495192,11.24454185284323,15.850069674143398,469.6364810868743,1,52.6868001460192,0.8507256487096689,4.037972885401923
49.10812948974193,37.54630768678758,17.177483579073524,18.15738288681908,263.89988954851805,0,43.21584661585511,0.25041812149809217,8.698147692528497
42.27146394607032,66.55496462723916,13.888839550798508,12.865805840771136,242.89108847738828,1,59.41683101267171,0.38454265560330797,7.537801414910433
38.619015904462,70.15454551737358,12.34454406785692,13.263793990825965,304.1454853793025,0,54.478716111499224,0.3593848712570027,7.3938181793050575
54.974378491525194,16.472734370847938,15.632669689463437,23.469121624206082,157.15381463397955,0,54.95267880520639,0.007268818256936349,9.541090625166083
35.18493099154035,34.96468770173305,12.905840835240365,1.8120889453715137,116.33385516739105,0,43.37316579555517,0.19451586029958115,8.801412491930678
23.793878024032168,113.00901086409532,13.789204656520852,2.288457079796144,341.59648450898226,0,44.26326724314529,1.155037408234565e-06,5.6796395654361875
34.08035636447421,22.9611576609596,12.406459466471299,8.691082466171247,85.07495883162707,0,39.4010447525205,0.4382475562532027,9.281553693561616
54.02355834241005,122.55257225305134,14.22577951082955,21.708070489245046,326.3051756793416,1,65.69659012694248,0.7784511815891315,5.297897109877947
64.10221182254311,34.590498049660674,13.854849039497132,27.97506174780024,204.70823430129852,0,51.47485884745522,0.02080740590092718,8.816380078013573
64.8873331459026,88.28484644589639,10.08667297219798,27.99758309026067,251.6485486262608,0,45.04128777136147,0.6949703888248254,6.668606142164144
51.6354666042473,48.08783769402397,18.746142195738045,16.722531497211154,214.69325102358948,0,51.35618268775296,0.23677089593570952,8.27648649223904
60.452032410484215,91.1390023106571,10.858174047370955,20.51133796461684,366.4709186161428,0,52.34366308162955,0.6031558981026341,6.554439907573716
35.75884109806877,18.593737260195194,13.088651454873055,9.396684675558932,61.90480134970183,0,47.14837618327193,0.3746992201900841,9.456250509592191
51.82546442585499,32.614312212048524,10.709445194719429,19.684347478471384,102.58262575112525,1,49.166412781835255,0.1830677638784522,8.895427511518058
25.39900051219684,28.14094649162183,13.766988179818654,3.1918484480590634,184.58202036905402,0,51.222561331649196,0.0002527177375021853,9.074362140335127
35.181162193908285,322.3701382489712,14.875999424589892,6.142764136247111,738.7423978665422,0,79.36907663089063,0.005098649856565839,-2.694805529958849
47.298948447136524,124.19934139235858,14.573963054138428,7.924875685185531,422.323676056452,0,62.20234674826976,0.8740072149636062,5.232026344305657
45.10989880811216,103.1649836248903,15.98864271315016,14.842239743615796,274.9247126637633,1,66.77688047077278,0.6681243318875004,6.073400655004388
55.58123055806338,68.34171818915486,13.412617656853653,16.728842874088162,205.95452247180936,1,66.73397502848549,0.7028348544987868,7.466331272433806
52.45551349061572,35.27370331659628,18.062766895936058,18.658480091424565,132.36671483278565,0,49.673933446740456,0.1491624971511572,8.789051867336148
54.38419893721414,73.80127118869116,16.279269206549067,22.633898596238122,276.77652350176584,1,64.67602179340349,0.32169224962391924,7.247949152452353
36.22822874909915,130.7432929179784,11.764984550262737,6.933406213873458,400.83876761586566,0,57.559838213921964,0.49836978871548815,4.970268283280864
42.94626783196493,99.31338382672706,18.250776618199453,13.354101583361222,254.49481456403527,0,57.18199224127216,0.23236325699448118,6.227464646930917
23.901093772316823,78.49052453073242,13.558408471635902,0.0,248.22797381480885,0,41.75684673919221,4.427692348363475e-05,7.060379018770703
34.26573400883146,82.28809201307676,15.22613964683713,6.914532151111308,220.16755999237097,0,52.65065111526377,0.20706156961071828,6.90847631947693
24.589337868648613,18.47134569161485,11.28023889488938,0.08654306933897504,44.591866601766036,0,32.48294750945675,0.004568549031497373,9.461146172335406
54.481444157688514,14.757954226280262,16.632928943993928,23.97742104871289,0.0,0,49.28216404372139,0.01755596024411274,9.609681830948789
47.32783522919421,68.44871971174537,8.0,20.079705676325553,310.6275053416284,0,40.27706380820044,0.6721878676373237,7.462051211530185
34.48748804192529,62.0741851350774,12.077472412779738,9.188740829047736,205.398989274886,1,60.848116357149706,0.5036336398868735,7.717032594596904
30.908314595030973,10.0,12.57935102988212,2.552206412920988,59.63614073819666,0,36.447004688225014,0.050585569174766275,9.8
26.244465933247863,26.824873194226956,9.603496015784058,4.089615399229498,150.53250748124904,0,43.75215560051565,0.016438087754589763,9.127005072230922
59.436900141598535,22.044917174526404,11.523326590913822,25.10973434442193,78.08234845421958,0,43.67601639506101,0.006566280076493746,9.318203313018945
36.68197319308868,214.03849516090273,18.451006992545004,8.696147370877512,497.16682922936616,0,70.54722976349593,0.012214288651547127,1.6384601935638905
63.89917551392612,322.6836709127599,19.956971404400022,22.38491246018005,903.5510085191919,1,87.44324732094663,0.9999999805324097,-2.7073468365103963
24.83414500651422,34.07218788995767,14.231030531946823,0.0,146.05017561360805,0,34.70875390748613,0.0002565244462584912,8.837112484401693
50.38771752817843,16.253588189597295,13.4742284775061,14.80693660632856,85.29238186182945,0,45.1941459747726,0.06804596418882686,9.549856472416108
62.32487220421188,58.32871947558303,10.890416586345847,23.283229645421553,264.9469357135081,0,48.37210774577573,0.040725731728472714,7.866851220976679
26.84377645972522,19.599653449079398,8.787819621588639,1.2336460010271364,11.755672485734635,0,29.352836839871163,0.11828493764835721,9.416013862036824
28.429648743795273,64.6872544282643,12.99512229465326,6.785033437685924,196.3280367762416,0,48.175918572910476,0.024206180951918226,7.612509822869428
34.78829655543037,11.658818656273382,17.452712361225558,7.354271252041788,191.4797123799511,0,35.597750594721504,0.04566528884472893,9.733647253749066
27.13035742939111,63.06688081396611,12.643826237508954,2.5469563316114794,219.22959443226813,0,40.44454039997853,0.0017205452919550818,7.677324767441355
54.98737237706416,49.8611664717737,10.772954956048327,19.840899818277624,143.17340729842311,0,46.949723388529364,0.26227834574948544,8.205553341129052
54.58938429355502,96.45118327605564,13.125939466304166,21.00439964588758,276.2278622204634,1,64.86971652096244,0.6918775969607179,6.341952668957774
63.929673152982176,82.55271368469002,12.085264702043624,28.631465167807143,255.38111088271538,0,54.50438439102786,0.6297793834783643,6.8978914526123996
55.573298463239084,25.74120222188805,20.0,17.139620557408225,142.98716812564862,0,52.22516860848169,0.023934396664262676,9.170351911124477
54.647560819008156,297.017892891492,16.836153769826378,16.649355630715856,784.9264216734074,1,81.13559068548071,0.999978680444745,-1.6807157156596801
57.53467103955676,30.80883608507276,13.524177126189109,21.691718037842257,113.39930777566549,0,42.19575274044197,0.011699021452074977,8.967646556597089
45.24938444126529,39.8359276813902,17.777327608264837,16.83694865861727,164.19419324859766,0,50.424802816005624,0.4113376012174391,8.606562892744392
53.4068702051068,76.47719856960349,13.919948013973181,15.640009137809542,359.0639531948856,0,63.729236317153074,0.6395181008931445,7.140912057215861
48.565696988553356,51.356410581401605,14.765661428724806,20.19192387025119,203.83103815007982,0,45.66898465902661,0.3711863503791853,8.145743576743936
54.52284771488098,86.10926091279478,11.143802493266191,15.777375232117066,264.0375307451902,1,51.42148502080307,0.8880849858245847,6.755629563488209
33.209876788208504,94.56899974349889,8.0,9.013792719589677,375.9444629942344,0,49.73846859739558,0.6722196697320885,6.417240010260045
58.54178047969736,26.400866741298096,16.661735695004104,22.234587259003685,134.3249033113101,0,42.37409179798745,0.005374373838591994,9.143965330348076
58.842194612650076,24.85977457581843,11.054436022030362,18.29837335236974,135.30094020205556,0,39.079749606085294,0.03747547170933335,9.205609016967262
35.702806324583854,11.998238115732855,18.41734640485563,8.649684811582738,45.23339475958802,0,44.029736604821856,0.05144554450238772,9.720070475370687
63.257071784255125,16.317192564546882,14.083069617995054,23.98653055983106,119.47449938560531,0,58.88211560318816,0.0009603445356861687,9.547312297418124
39.15132464666037,73.48321631916622,17.64160052311587,6.973157100519364,163.13001953937447,0,53.764474758558265,0.3131968662192772,7.260671347233352
50.71769083296435,38.282693550586195,11.339657264003531,17.126069311470385,186.0356302909148,1,56.36541215195547,0.4711987074307086,8.668692257976552
64.58828873043609,31.688552674793776,14.63831334073902,27.21847111134058,158.8678468665392,0,49.518356025357036,0.020027288208927217,8.932457893008248
45.487131124840744,43.20282464942946,18.09999551926623,16.628039453331283,211.81270429685858,0,56.01217248780941,0.37498785311527727,8.471887014022823
60.672535794068025,95.5955998897565,14.797832099514547,21.291024277689672,345.22900983125606,1,69.45526585270491,0.5530445576488182,6.37617600440974
37.55279890801154,43.737650676932056,13.925737917556566,5.631122461211273,150.5471327875377,0,43.33311478226155,0.43992884186440956,8.450493972922718
47.41104009725285,73.49945626146592,8.0,18.737706701714657,206.39431915633025,1,54.03800554707644,0.9154917331474333,7.260021749541363
49.74316762900918,52.02218155866947,12.248987681353153,19.04777785422063,197.41127365587965,0,42.43111278736551,0.5713852392987927,8.119112737653222
60.271141200436695,64.90980956856197,14.30069016297302,25.472238895575245,223.9299721720831,0,55.167102488954306,0.32496007561445894,7.603607617257522
57.232425910835914,128.22815903395207,18.479523281522262,21.980369200816515,452.3110998597019,0,66.47877631886581,0.7766669700739672,5.070873638641917
34.52443011554752,18.960031102880453,16.659255298017612,2.937022879595027,130.98509521746215,0,43.60958314504799,0.007994189454956436,9.441598755884781
31.078007371507177,167.80955606834414,10.431543806140944,7.923526434151638,422.01470377695085,0,59.30304550213427,0.01456407922558185,3.4876177572662344
32.47502989194044,14.620340514878816,12.867407763754636,10.091808775630852,81.0978942932808,0,34.63817728911074,0.12425287521813848,9.615186379404847
52.88108787732561,13.711171088333892,15.262244513730764,15.235726856938214,148.0748717159669,0,44.61192337917773,0.01944800626045175,9.651553156466644
25.586859478135885,138.07397879732824,15.300369678305733,7.8388158131110615,316.0759466687151,0,62.877878675675575,8.526782865447688e-06,4.67704084810687
41.00514368454018,17.08538299800031,10.33102238896011,10.875803231187602,164.00319278055056,1,43.319585437105864,0.4542945275237168,9.516584680079987
57.340421607148144,152.95765607785285,14.059841502309043,21.4719230425551,354.20006752569714,1,64.41355139364579,0.951583426642333,4.081693756885886
62.56598894244841,64.88114593572082,16.306031846713893,21.98872570643678,242.71917950925382,0,54.55060217448394,0.09553623767887297,7.604754162571167
40.13713787057085,43.27836707357264,17.491122415796323,11.879626260820766,206.41573608463844,0,47.67780155028243,0.05830304096029424,8.468865317057094
39.83213400088161,30.125509968626076,13.374631831624784,8.88883622376136,202.11008724187957,1,56.51868534440254,0.49755065164789897,8.994979601254958
54.829633665568394,233.38403881700594,8.0,19.30084363697824,742.2386670178339,1,54.55453428829183,0.9996013626994459,0.8646384473197619
29.47143785827683,17.891788651880283,14.55954390038236,5.704094398182092,0.2545667793716433,0,40.82866556115083,0.02693621610709761,9.484328453924789
61.85281364630788,300.75344405236126,13.996514331607594,23.41989171934868,858.7718925283859,1,84.89333842539628,0.9999994395391875,-1.8301377620944503
52.83872926977891,34.43544090888491,15.157933748338863,19.168391164392943,194.58027152788202,0,51.109882979951536,0.1215193432479727,8.822582363644603
38.77175305315558,149.96702323085367,16.91466581982156,10.757762035950718,456.3440931430328,0,63.90394789723405,0.04417236732083612,4.201319070765853
63.671496125667844,143.38486829716157,9.297383959476608,29.339225617479876,508.9433029344619,1,69.1971576560361,0.9387688371925063,4.464605268113537
44.51724982639912,29.119638439688796,15.511123987056845,9.355840338157565,0.0,0,44.712535053253866,0.30458697618744635,9.035214462412448
58.6237262165808,164.81721654840703,15.993744027904619,16.275162844525067,487.1961166198061,1,73.10090810228276,0.9901741975053561,3.6073113380637185
53.848108339095944,86.7069455010914,12.222986839070177,14.828075162289208,314.8336279594931,1,55.717145849005114,0.7713457922623046,6.7317221799563445
43.59938575853589,73.26067206106568,14.290201169963732,13.529340385493665,247.7304157302562,1,57.61247952718693,0.4697774112948562,7.269573117557373
56.05057094032844,64.25834467889136,15.304811473562838,20.94082187101254,183.81782832775417,0,57.474783952353725,0.2590836284945371,7.629666212844345
25.69322565874316,10.0,19.03971724900298,4.27213396659825,79.34094833545784,0,38.02037656791753,2.710710938099489e-05,9.8
56.24945341388308,42.02011050658022,15.891328254138498,21.24459076345261,159.8789874393507,0,55.18921344060443,0.042257365708624685,8.519195579736792
45.08634191210578,10.754462517687383,9.624076838557075,10.034118307690939,44.205387987373086,0,38.39628558693211,0.6195516499316137,9.769821499292505
34.306535263917084,32.214344083926015,8.0,5.715901463762053,156.5318528413595,1,41.28021337440955,0.9179391396375739,8.91142623664296
51.126989098963335,36.45163624456905,17.409275734975864,16.7079292315696,192.3428478749985,0,53.13286427538638,0.1666912769025704,8.741934550217238
44.40137100023825,10.0,15.769344289067558,14.585177259564812,99.83794191318505,0,39.3022336275288,0.08476594661554787,9.8
23.982219290943377,62.20423196889829,8.0,0.0,230.06448945750176,0,35.610539398929276,0.010520025065328639,7.711830721244068
64.62166353010844,41.59140225773556,9.45142186006604,27.084720476966776,216.26131912953102,0,43.578212325647485,0.01692840774848677,8.536343909690578
37.27727010429484,50.44166280738495,16.75012057966789,5.921537137066325,143.5078961360171,0,46.286167638521356,0.15343872281426282,8.182333487704602
62.98935602025694,13.295428416787564,13.540393400073143,23.08853343018113,144.58977909215005,0,40.742529426299726,0.00047311678854475146,9.668182863328498
59.04866743422354,13.998585274476547,17.203997122026443,25.238997133151983,109.26470092103672,0,44.00508211204944,0.007569284746836649,9.640056589020938
51.53066670943069,206.22549767115586,8.0,14.254845818350365,627.3526600664774,1,57.17597045719335,0.9969322430623716,1.950980093153765
43.07863650197724,181.23560365080309,14.72844096097057,14.829011042590984,545.1482438191322,1,73.16055594170251,0.5877076005159584,2.9505758539678766
23.532058052069928,178.52725750355884,11.012484484066619,0.0,471.39680136422857,0,58.45079217270983,3.661513906925649e-07,3.0589096998576464
56.08940191408227,128.34003051585597,15.761825247129714,21.678219134545834,412.97534061577136,1,73.84009013989892,0.7893870951348955,5.066398779365761
21.30741634515302,178.46155731776318,9.280964399252392,2.2546046118829173,375.3579092630488,0,52.58217268948234,1.226406680317638e-08,3.0615377072894727
54.00700064835432,225.93373150183845,13.797280699465858,21.359748233479134,644.8170157359222,1,74.98875366667629,0.9964138775496058,1.1626507399264616
42.2975083660982,10.77847089305381,12.34570616915381,12.82793793787134,111.22115030035422,0,45.83271495998014,0.14916952999291694,9.768861164277848
62.684696515937524,16.34168947030377,14.401742466983661,24.36031240529851,134.30513944516525,0,45.05787690641865,0.0013163814157313486,9.546332421187849
31.21060936660029,94.37485267269933,18.416731735040486,7.238250558813737,285.1534285316328,0,50.51188709398833,0.004034536957278154,6.425005893092027
47.8399088756369,100.0355221411748,18.356369899423257,15.602265803673852,275.3079566296085,1,75.7421607540989,0.6983455979611003,6.1985791143530085
59.274776964417114,58.283253902021265,10.718180104724834,21.245163506845643,207.19810833088212,0,44.80430358015464,0.10126311762503895,7.868669843919149
52.90623352870492,64.1279616141108,10.601782327804056,20.319701995113803,211.85370101968692,0,51.893484556402804,0.46872126557592836,7.634881535435568
40.0100052196572,109.76670030165226,11.86048526088374,15.335663339569079,295.7647499765374,1,61.40802905751697,0.7122916945904102,5.809331987933909
36.82905567420529,16.07611707522311,8.0,8.177774249144035,136.8018879156322,1,45.81738581243549,0.93874565302423,9.556955316991075
24.944987026072504,35.26391693022598,19.12670427499648,0.0,221.38505374956583,0,44.10405931080005,3.153277920301422e-06,8.78944332279096
39.73455606313638,25.594285434567347,19.593164710069857,6.554744973114444,18.658293366752673,0,46.384556363728244,0.04463945588079163,9.176228582617306
63.791911517028225,132.11307714055363,15.79280524100777,27.437450650699994,381.5310326752401,1,72.98026552572898,0.99195585960982,4.915476914377855
50.71798652877811,40.7864327412284,14.787805205512168,15.692104256920718,151.63512671297724,1,53.24475611473157,0.26083597414442977,8.568542690350863
34.484735225549926,72.86166607848921,11.965206901398068,3.992766196975867,307.17371575331657,1,55.13525078273941,0.29981801252184415,7.285533356860432
21.522906413036377,44.04737655900486,10.775311669365879,1.136461157140896,67.29910201654663,0,39.53579390070525,4.965832304058923e-05,8.438104937639807
25.954671322343437,86.41767162139882,12.61605706532718,3.59030169254478,189.7876637372266,0,46.23998662442373,0.00036788150946488003,6.743293135144047
23.300828998197566,321.627556010278,12.919294513726815,0.0,799.4544444362581,0,70.05506271627915,2.8869538111147604e-11,-2.6651022404111195
42.49016701627181,69.42714494084333,14.707320704294654,11.33862888073552,327.61336338097925,0,47.45495527661044,0.32280966871051875,7.422914202366266
28.872531961221462,14.459331863627778,12.957432810637659,5.938023083992504,46.294690095770974,0,35.214427722949885,0.050230264223946226,9.621626725454888
53.980334064072245,15.821978418733009,16.446847612396372,19.82985510630328,168.53609866435812,0,47.04394402328123,0.01676534494738102,9.567120863250679
46.35043463419558,18.000575022769798,13.658464535474014,16.009533491355043,233.32990576625002,1,54.65119809030422,0.19714435452987794,9.479976999089208
36.80682998061886,108.83877801086896,9.954777605575217,7.71297240652732,364.08847460790463,1,50.019440566318394,0.8751353759192718,5.846448879565242
34.19295158378166,41.61730994069724,13.966123844954776,8.631108405725493,223.19660451627516,0,46.56097557286812,0.23571574186956012,8.53530760237211
50.27720007805457,33.45762159856684,10.25022477164,17.567675670460744,242.8230289180176,0,42.07845907880664,0.40233202361481907,8.861695136057326
44.587160583376125,37.71372763346391,12.89338646648661,16.166090520334613,248.46567766840775,0,49.37913798337142,0.5084864488175789,8.691450894661443
48.152115416795226,79.96103929976749,15.416845444241982,18.236543673731944,245.09506958297777,1,57.40213629726418,0.856198445212373,7.0015584280093
22.3209201096423,48.381973039104814,14.624482866751741,0.0,96.15584660861562,0,45.576710040016145,9.249591698430536e-06,8.264721078435807
35.935522369369295,93.82439656835791,13.220268586397616,12.322752347702107,185.20477594216078,0,43.446471364589,0.18405411352316886,6.447024137265684
40.97429810094147,74.26748003360518,13.949982846019429,9.367522051298007,263.79144435018543,1,59.46422516240916,0.7028976035606624,7.2293007986557924
22.009731757847717,60.24460415853381,17.404773151428596,0.8907305056147881,225.05923325026316,0,45.35510138556847,1.7831827318015529e-07,7.790215833658648
29.79417357106786,86.04812827364479,11.780808685990563,4.675655893181957,247.51590263238765,0,49.81022207783128,0.03389184241539653,6.758074869054209
51.9163208526389,46.23774207233166,14.236544986456776,17.60394844797159,187.28308438236974,0,52.24655205232649,0.4358136987300292,8.350490317106733
30.786825110854032,69.70469562283884,14.184399723639661,5.920341455858962,241.92555542810626,0,44.15160337606378,0.04048151281644241,7.411812175086446
21.497513701634755,45.359456866992666,14.59069766355386,1.6792245439189637,197.47562325181156,0,40.36607427547495,1.0723191406496544e-06,8.385621725320293
32.108524277562296,29.496252180290586,11.296295386201557,4.6929148739114686,156.64603535171725,1,52.40885339018642,0.24515129613960399,9.020149912788376
23.201073105345785,19.835163439798112,8.0,0.0,51.75418301239288,0,30.953879066622953,0.018121530718835245,9.406593462408075
33.46682470214165,44.1490591846169,10.534022674768616,8.98184630350261,258.2955677699047,0,40.824943486067724,0.5084382858371705,8.434037632615324
22.461804674807606,100.4299874608919,10.072633912743974,0.0,285.9577196247988,0,52.36591007664321,3.464981736586479e-05,6.182800501564325
35.91248600241114,17.398470827533632,11.087894569401964,2.875791053049081,124.02266071963821,1,45.30621546647534,0.42460172304110516,9.504061166898655
37.62596510967173,103.35424916726075,20.0,13.960753209975014,285.05478847692035,0,56.29710118834762,0.046435379835367906,6.06583003330957
36.348453392757435,71.83699057557402,12.172867150977295,3.635995574929982,210.83665639770393,0,45.92859874828976,0.48918677649550146,7.326520376977039
22.25679515821556,236.1236799431216,14.978471204681052,0.0,545.2442561118197,0,68.51314525242086,6.904207672839768e-11,0.7550528022751362
63.453607891326364,47.63154041829102,13.280691346094377,26.006925284724307,201.11640285395237,0,47.230979392703134,0.06279083496829886,8.29473838326836
25.80744307443624,84.86416134267527,14.89585371065467,2.6324044327773968,238.80659483260575,0,59.03909809559434,4.2205565985795246e-05,6.8054335462929885
29.533957424807006,21.16130231064439,18.555303009438532,5.4414665744316615,149.2714719314381,0,31.84615327111131,0.0010901547911819722,9.353547907574224
46.354748026879925,90.09569507548358,14.551951621576631,21.70688113986231,241.16550344318193,1,60.373226400248186,0.6241944693216357,6.596172196980657
32.62236384868456,90.87765188938063,12.945689930317107,7.435155624241002,278.75415610620826,0,45.85887787446181,0.22306930251497795,6.564893924424775
62.50458879631811,342.25006659398883,11.291850921363304,26.16577420602211,910.2083204271183,1,84.16626690552054,0.999999995872231,-3.4900026637595527
29.109458802853425,53.11450104767445,13.07279577241708,5.012479273780632,159.68027920823042,0,48.21659475287362,0.020780354879822494,8.075419958093022
53.83876267118039,34.0027187705547,19.605104029413948,18.27074106617848,145.12187472722457,0,50.04763357182201,0.08720758579600954,8.839891249177812
52.845011145735384,62.73729850985245,14.303219412084523,20.639995815679036,284.63277312129907,1,63.60281561939005,0.29999716518880687,7.690508059605902
59.20689078406912,55.323172529504376,14.112485980752027,24.346996187081015,175.27480683891142,0,52.55062218871523,0.1095810779347667,7.987073098819825
44.20452763647027,52.735493239041155,8.853144521953004,14.13515877683029,192.52619902693726,1,46.82745781343593,0.7571859658659921,8.090580270438354
28.77134462107345,30.609530526366242,10.851172392864864,3.866207478440959,172.23311008098247,0,38.23970557197816,0.04040880114480483,8.97561877894535
38.27219424658774,42.78255673223065,17.310899763457968,10.351203721860943,128.25317594869892,0,47.38965293352953,0.09885496285539064,8.488697730710774
47.21255376692252,119.80850070429699,11.185646908615603,17.61209617439209,311.31760299238294,1,52.65244045441045,0.9548755159049168,5.407659971828121
40.51682445973179,40.12408226192693,13.63681403609285,11.723687360898428,134.19023870287225,0,43.66647386028347,0.25365911361260407,8.595036709522923
28.175840410677043,52.741839109631115,17.853403584975773,0.0,171.38508309326227,0,47.13859634164402,0.00018649337773628903,8.090326435614756
36.324748484471996,101.5330535564811,14.512267716709134,8.40720721998245,299.1277768752875,0,44.9385236921895,0.3613043702436667,6.138677857740756
59.418265252531995,47.92188270202284,13.363340160837657,17.15546867808077,177.85452702736967,1,51.24154831742186,0.19719814355587892,8.283124691919086
42.18815561364423,17.696792717202836,15.116247928537774,15.007095381282149,158.40789884295052,0,50.46902519945055,0.17383130420288087,9.492128291311886
44.129933399797785,173.59081748941827,15.172302850437157,9.685326548000734,538.0217633893875,0,63.49109892233623,0.6440343922558455,3.2563673004232694
63.682403581020985,19.655352420945196,14.077390604335374,22.21024986654522,168.6397243342006,0,38.482718252919035,0.0007187661546904062,9.413785903162193
24.060208267472337,24.69895477951333,15.01024550905543,0.0,33.721213931826895,0,40.524364395905344,0.00010125567215646823,9.212041808819468
24.186603796997534,79.17299978332719,16.949354983832716,4.406166673083992,167.29898587962134,0,44.343059984870685,4.962846204838295e-06,7.0330800086669125
43.82617236934933,24.719484869665344,10.770098457422323,8.60841335011569,0.0,0,44.36187972421537,0.8640102878854099,9.211220605213386
61.11639112464642,20.96759795768951,14.789795150749926,25.113769507022923,205.35187322973417,0,48.69795670460797,0.004021541719354881,9.36129608169242
34.55488812580493,27.808933100446865,15.215379224873622,7.647101999268718,171.22304606446295,0,54.405077430057325,0.17247042009133912,9.087642675982126
31.419871375711722,77.83309897407926,12.210485543083141,0.0,291.0593250096232,0,45.70452774239829,0.13412897036348922,7.08667604103683
31.505331154377238,57.46713364100511,11.509950612168677,1.9288978005421535,163.4834135877707,0,46.04757812812759,0.13734572848211493,7.901314654359796
48.38461955847707,40.119324567791985,12.103111335654457,16.582296587770468,173.72700980207304,1,54.10366894230617,0.563275888039977,8.59522701728832
57.984227982837126,289.4256721497861,12.136455514305117,23.567127292735815,757.7432298331319,1,73.53768403200698,0.9999863978974529,-1.3770268859914445
31.573526890954277,87.86248586043419,14.450676188213546,11.048885352933056,235.46698170091346,0,39.25076166974212,0.015825532019710452,6.6855005655826325
55.59438675791287,45.775454075870215,15.128813695399982,19.959738885567383,246.06314323189815,0,47.56499389694275,0.09575536086608785,8.36898183696519
35.821293686258144,25.381063116773262,14.592791983026816,10.285126224546863,137.80604150942085,0,41.971505738540365,0.12903622728323122,9.18475747532907
29.238250575111138,62.82396473576784,18.024391909896988,1.2902590024386624,265.43389255649464,0,42.092248079247575,0.00015606394504633558,7.687041410569286
31.15588168237359,77.07782700773225,14.990183579597954,7.102952414373454,206.5687555509503,0,49.677176358751225,0.051622017264996455,7.11688691969071
36.12181504056858,15.276647397963341,17.840712340060826,14.27136502151536,153.37730310120472,0,42.580250552121385,0.039772003361198766,9.588934104081467
48.69775108492513,136.45353628431556,11.509419220806189,12.3275745496891,422.1805027399888,1,49.91880085954348,0.8359358647547906,4.741858548627377
41.32309742247361,60.36306014537298,13.552083418855538,12.004723810882616,153.63931184183042,0,50.56846464356362,0.4191297717635988,7.785477594185081
38.93323511706727,63.08563366938333,14.926745022632428,10.2619182691593,186.11652503387754,0,50.7881768080234,0.3711174797287521,7.676574653224667
63.11295348300274,98.2165048398965,18.248200193665866,23.261099886800665,246.05034865069916,1,72.82433431697672,0.7138001146361629,6.27133980640414
55.3259084190339,53.775975883821026,15.445635772482184,18.66173982862697,142.92388835669408,0,54.053168137106056,0.3727153060409225,8.048960964647158
22.976848495842468,20.37533668138365,8.0,3.4909986312578107,57.97638425412131,0,34.981326589024256,0.002651676734417774,9.384986532744653
26.054996537520353,141.02593755709154,14.72331808101635,0.0,406.2157868478463,0,53.62843638561118,4.075539579984329e-06,4.5589624977163385
56.317880710936095,144.77490879648565,11.70446451197659,21.691602381125392,435.2999477301273,1,63.65480459791501,0.8841682739573599,4.409003648140574
24.77744388968504,27.795757712024116,8.0,0.0,112.20472638645646,0,28.338454075814404,0.06247311788926709,9.088169691519035
55.06514119814387,50.46737123516368,12.579492000547651,20.115206704534554,285.1791788911887,0,48.24327297751483,0.1431454497326994,8.181305150593452
64.05483043258448,17.121550066955663,11.86771335476045,20.98173094725204,145.48890203653792,0,45.25435469315527,0.0008748395612477154,9.515137997321773
41.83707631264065,231.05020941299927,12.477563210990017,12.38680337930674,649.0117835488896,0,74.81496709030141,0.5418263404747312,0.9579916234800292
60.823721932350445,43.51724112764626,15.8087099433317,25.379083677369024,156.4927739209004,0,55.27050340787572,0.06798808438447745,8.45931035489415
37.07164992511834,88.1131449562998,17.504339260956467,9.097174604027385,294.1836408227042,1,70.2293629212803,0.1386882791623407,6.675474201748008
27.571149870946407,39.708503878548015,11.881023790860546,5.278982812844142,243.6505574492166,0,36.06476690458547,0.012430375807152307,8.61165984485808
33.511184469190646,80.37765040749069,13.021300060423403,3.74875641386567,266.1550970662921,0,32.74838126462105,0.1097618463450539,6.984893983700372
29.675656414766692,72.25753647979487,13.189058295539656,0.9733983886346103,244.21580798326266,0,39.213491715498776,0.012811565004399998,7.309698540808205
41.2540084357141,179.98610187268696,15.20276783534413,14.739345994364518,533.5627413008982,1,79.2221413925467,0.3362967847989166,3.0005559250925216
61.968029595228685,21.00963320939583,14.40161759923457,26.928892173109837,154.1529450107034,0,49.92125183266342,0.009086687009267742,9.359614671624167
53.77981399485098,18.909581350623405,11.543697080901763,18.749535313401832,70.44026442763273,0,40.89256261773832,0.08390886860369032,9.443616745975064
43.114021449758084,73.54006943744454,15.074901571045805,10.276158896935897,282.74347833432574,1,54.39151488855583,0.49121549813922166,7.258397222502218
26.862321776079916,43.425794312197226,17.02205828174958,2.4811174535698424,105.14421252231665,0,38.40256988691169,8.107655345684313e-05,8.46296822751211
45.37764338096966,40.029113224370356,10.109692357638025,13.215898972289173,131.04636939459917,1,46.32900241687405,0.49504632367719303,8.598835471025186
44.03566930645934,31.009815377443843,14.769617674597562,15.761456145352906,208.6585995864653,0,46.53460571471561,0.31999041040458887,8.959607384902245
22.853550714001358,63.76686390134091,10.140774080157414,0.43209628412933365,200.87655611667768,0,39.08418884599049,0.00031193111407850597,7.649325443946363
22.08689159014193,29.44980504107598,16.06782474613113,0.0,77.84542501220994,0,34.2871487933662,3.2382288829526217e-06,9.022007798356961
57.9952248996114,23.278039276378067,18.03211306172884,21.540942065138616,136.7153534054924,0,51.49542421293497,0.005004940178803186,9.268878428944877
25.686782790869813,49.20813592281163,17.371488248885193,1.652648483473433,192.68209117833186,0,38.211102611776106,1.4967615783905348e-05,8.231674563087534
58.55625234661111,10.0,11.688958185481585,20.562720262404568,69.37811908823363,0,47.16477618804601,0.0030295324967755262,9.8
48.05196331417347,22.483455775092587,14.589936499147075,14.728255937077247,181.18797064808393,0,41.701383994245845,0.08720737110828956,9.300661768996296
34.920916816519224,62.96741593192623,9.977052455249654,2.863393981731539,327.81832430700297,1,62.5050179995854,0.5998345865211224,7.68130336272295
31.138982481222722,96.75084228650114,18.086916203515983,8.5303976378679,209.59368857890485,0,54.570334537938926,0.00559507303194917,6.329966308539954
35.158527501905965,43.24521691639371,18.695029429479156,9.538386399752959,177.36934724913073,0,44.420869387178016,0.03183884653458079,8.470191323344253
53.23332759374457,34.712384390608854,11.17009332950377,17.943255241741394,86.95703195327283,0,40.01013465532693,0.33362390129897296,8.811504624375646
43.342714841554326,24.83404380600839,13.681910459425763,15.18344649823102,133.76754629539388,1,49.12460536784927,0.3094510873056453,9.206638247759665
56.74464169743312,62.832863750644485,13.59989106328473,20.061708302722348,172.53377127986766,1,52.32858461815148,0.3428045822499453,7.68668544997422
47.970600721010484,37.54543788457495,16.743349587623214,19.07612967403838,178.0425174992961,0,42.775697304663076,0.3065209789311243,8.698182484617002
22.36418170590765,17.012563437242797,10.010578026599898,0.0,176.51623930584918,0,33.510518283058204,0.0008883940370887207,9.519497462510287
49.9778238907808,129.1141629170142,17.858490585953913,19.473059057088253,492.9678228050569,1,68.45108116955794,0.8093076924884677,5.035433483319432
63.05394991438294,175.8953050344761,14.554891476862332,23.557374603305714,534.2706077413465,1,81.30639384687034,0.9955974441387978,3.1641877986209557
34.96020771222661,186.2575542932356,17.786783162756375,13.582718574808311,562.7234737416175,0,75.16985340707566,0.0017129818134161956,2.749697828270577
29.283773422619518,105.91073203557738,10.510272463804604,3.789365591981908,419.9849411132578,0,48.99335400848849,0.009406202726210922,5.9635707185769045
51.679071924422615,51.181237398381,12.598435416550998,19.459914456170065,224.13485007207285,1,64.14600909982147,0.38619610471354054,8.152750504064759
56.14170667166631,65.13968142481163,12.383932331642296,19.514086465469944,206.6587187955819,1,55.507556199846206,0.49186899572415776,7.594412743007535
34.65722864428817,24.674514571137276,10.659602615022312,8.177629839431845,137.85462401055545,1,51.49510654878284,0.7169605749996869,9.21301941715451
46.17414706118656,10.0,14.078889492645878,11.330688653317804,175.57939635646508,0,46.281455998196606,0.047816255623337516,9.8
46.05009149570127,23.929977399621645,16.86566132396524,16.06666774687146,179.2972635483631,0,47.59975714869077,0.17300714656420632,9.242800904015134
43.883776010870925,10.0,13.368576282388366,16.804817421532896,87.30817418372379,1,51.36548159802081,0.3855416734693453,9.8
45.04185912566659,47.127501888694646,9.276998814365951,16.336913575503328,106.79674650222135,1,49.67674588373098,0.8597232606839313,8.314899924452213
45.09861628547703,53.62072619300127,16.09806388409349,15.02339228328439,145.24988780205973,0,49.48290439952546,0.43410049222464314,8.05517095227995
37.888432003743,217.74120627469875,18.773988388942175,9.723317069474739,676.2323514032842,0,62.73357775392258,0.01047754623368671,1.4903517490120501
51.58923485120127,47.391302267304766,14.75326946967759,20.401841663182452,184.46655917131613,0,42.26104832640121,0.20645502924816433,8.30434790930781
28.526725236869183,13.286309306154077,14.397609228668232,4.678831678976233,151.8304734537973,0,39.883670573106826,0.0055762955107395915,9.668547627753837
47.470943764639074,35.506545184713005,13.31236153695947,14.714888959882572,187.0966775564549,1,51.408713490224414,0.24189043312653566,8.779738192611479
26.395766006492185,51.46084675379704,8.0,0.22095708083953935,152.26110616125115,0,37.72213828663582,0.14965586248022208,8.141566129848119
57.10867815473702,96.3839896274873,14.391413620424656,20.344655250583845,314.1368767505945,1,68.33372174261469,0.7152738045015641,6.344640414900509
53.88430255976443,72.70670722074739,10.899594192497261,20.63498595060008,230.64161906470642,0,43.09998761228417,0.509797230000445,7.2917317111701045
48.03554604354706,102.96894198449664,13.933934106003324,12.59249993461027,389.6365353065309,0,61.49544874646195,0.5572128090433709,6.0812423206201345
30.96452999992453,60.44308591216242,9.97555296624205,0.7966160078262732,175.5706500434382,0,40.79184120592163,0.41252245669022636,7.782276563513504
26.753489868661802,73.99810915270804,14.220617861964783,6.167845104310991,337.6879640625352,0,41.85771528805162,0.0010762970222534254,7.240075633891678
50.95609270646743,22.756499810449416,11.476469074380889,16.073673117257307,157.66799255460248,0,41.95987970353036,0.19338511892435326,9.289740007582024
44.08855227994877,58.32895850037715,17.795773599591737,12.437039355199852,158.9131063658672,1,63.52770170536285,0.12874972030374068,7.866841659984914
50.71840124918292,83.82128223664667,15.581411606190306,15.326767678288371,350.59702755822605,1,61.70614202086899,0.6421934078195335,6.8471487105341335
33.24205348172303,92.17889664420666,12.70041361717925,8.130863029678997,234.4379164969783,1,45.93640981205452,0.3273986144281491,6.512844134231734
24.556147379365434,25.57185117981969,9.355596413385983,4.459725170506752,28.72807703267739,0,29.56863184007168,0.007050223802392516,9.177125952807213
30.820585813448986,126.38192294522919,13.928840968523238,5.979307329328363,410.4247744816756,0,53.92749019946414,0.004546154123904954,5.144723082190833
49.85370947988455,106.00902887115879,17.525632773527416,20.237248671925858,351.56278452024753,1,70.42424806712299,0.7523697532748858,5.959638845153648
46.283689338858906,52.550696493523404,16.49105776610215,12.607579908329482,216.82106667250068,0,61.62369494667,0.1199969520020511,8.097972140259063
29.705108132050476,35.88572194999619,8.540662178431942,6.96576138511493,59.466928815801694,0,35.824815018180594,0.5985691067179089,8.764571122000152
45.02196710068414,57.96959060242172,11.597177210160044,18.302126819789798,224.980331674772,1,60.953186963515996,0.8080720551880587,7.881216375903131
41.50043357266704,36.78158649749171,13.575786974051322,17.38804058595386,214.93086402585624,0,37.15482887411437,0.5909321251932261,8.728736540100332
27.621860777508868,74.15585123654827,14.884277038567914,6.15519510568623,243.08332280258287,0,50.735706097117586,0.0022301641824289424,7.23376595053807
62.95431027778261,29.87141944825154,14.78450899274677,27.91206304765966,115.89831532487091,0,54.289156533435104,0.02476443623138789,9.005143222069938
53.336873514384614,25.889430041829307,18.350268672674957,19.791249593799492,94.76585377796205,0,45.7753822570338,0.04690160042829289,9.164422798326829
52.532541190658556,15.313868980427882,15.418365511009426,14.358348007629022,124.783634369056,0,45.73101913685639,0.013956892814092747,9.587445240782884
44.53285596090066,145.48704451993933,13.741154035515276,14.635893136232617,508.0096011962112,0,57.581450286547174,0.629223892237829,4.380518219202427
58.99351969228763,42.92485479323329,11.176124042358149,24.171551224157078,160.81163486902264,0,43.21525422127603,0.025386241120282618,8.483005808270669
32.73910505780283,105.67764541720568,13.567999537847243,5.7790321246546545,368.7880136548002,0,53.43943336286128,0.05774197936346244,5.972894183311773
29.33390388707614,10.0,15.390249328406323,3.1551599077624255,100.26101447886819,0,42.591754685612464,0.0026201356516385274,9.8
32.658831047032464,71.10473355828188,14.708000164207222,7.101417454268053,184.2912500484202,0,42.84362922366165,0.15749892697320605,7.355810657668725
56.530567415751364,40.31762109500335,8.0,23.167871002637256,227.19521714112247,0,37.667925957757745,0.016304928096739803,8.587295156199866
49.927895837626295,39.34304051722968,11.6931357554258,10.491770577835204,202.35544040638237,0,38.061767851129545,0.3394191243771801,8.626278379310813
31.87590617565592,500.0,8.0,5.176650077861448,1000.0,0,100.63077099504585,8.150389703885594e-05,-9.8
37.48842166892352,10.0,13.852009943402374,11.90086240756079,169.28950030206187,0,41.08372954739117,0.08242067209413004,9.8
49.1865204020194,306.395091630989,15.587582081605365,10.983612022327504,819.5225335569608,1,86.81997786429767,0.9973983109860227,-2.0558036652395586
48.51419040965252,103.62919992423092,8.0,15.765717366559315,290.60469447107073,1,52.27819068955183,0.9691582891703209,6.054832003030763
61.7916995319765,11.973862451281638,16.45269233980406,23.175358629855733,1.9824780516272966,0,55.91626255487223,0.0010813602186006738,9.721045501948735
59.77544969671805,116.78473926636738,20.0,20.414845484355638,361.9293856751795,1,70.3289381791931,0.8166954614167281,5.528610429345305
24.627844623846023,101.727518956209,15.113262703932916,2.197919613687354,331.9001463889687,0,58.06013355878002,2.682133213743427e-06,6.13089924175164
47.552187565488836,63.854761979778715,15.61714959627923,10.64601595745316,332.70996827138106,0,56.83351903377352,0.26012243818370223,7.645809520808852
61.08130408561941,31.32084267928877,14.250220904528431,19.148503151446,85.88726074759954,0,46.67865651788661,0.02311977631232822,8.947166292828449
52.667461743427694,17.94063462173826,13.199361011558434,14.759250666914403,112.32641197122747,0,49.60296759275284,0.03925957269582069,9.48237461513047
60.238594977293296,24.966720606236883,14.732633273197987,22.634632650447944,100.13580230061736,0,46.62102942250634,0.0033193517568583597,9.201331175750525
48.038566113964556,36.280446739663525,14.113227199737334,15.29237070541034,142.00730800379162,0,52.44036052852869,0.2895223232054276,8.74878213041346
56.362246245097126,178.66276873858308,10.892128345382107,19.902827184883552,546.304674022585,1,73.74978160364762,0.9919865125982735,3.0534892504566766
34.88974537592516,39.98314901211888,16.819093713497917,8.632613593706735,200.62210625908398,0,47.817722894216274,0.08548370025369766,8.600674039515244
41.13498961005358,78.39457275977537,10.547134141911677,7.418871593389296,233.4041245904162,1,44.2894230841987,0.9740345923485024,7.064217089608985
25.969233785684644,199.230730369897,11.847962635206317,1.7028867213114225,447.90531913589285,0,60.87172248871623,1.2819494266772692e-06,2.23077078520412
54.07491635301303,52.97792380120092,18.202728170136716,27.885198067884613,195.73126415014832,0,58.91665938026793,0.7122446544064953,8.080883047951964
33.05279742535516,62.11795364567404,15.391886099266822,9.625028871014873,158.62662745548366,0,43.15404000970357,0.0835984429257782,7.715281854173038
29.238097343426027,71.27242664083201,8.402363387873223,0.0,160.51559478505288,0,39.246512416864014,0.5885857606430748,7.349102934366719
20.718333726267208,92.53593760128278,14.567653274821945,3.8605186331561163,222.34000379738592,0,40.21619041120605,5.994691908453844e-08,6.498562495948689
50.645991622775256,43.01511756489353,16.542453661422332,14.772425396603879,94.72653182682065,1,58.44314828227695,0.1477544780495231,8.47939529740426
27.731420574821442,132.30445114231352,14.864277892648625,2.9373576021161467,393.392003443636,0,60.26456289877743,1.8361236222440543e-05,4.907821954307459
63.931125848343044,74.70651878317265,18.30445888798041,27.531479392957554,242.92300317194906,1,57.00116926243251,0.8358757817321739,7.211739248673094
52.41065055717014,40.83065040217529,14.382183558285018,17.23962897333902,200.31421839620643,0,48.19735950662675,0.2966809387974265,8.566773983912988
45.56839962361967,22.102544953051773,12.020130440897494,13.17436101428301,141.88383827191086,0,45.649719541206395,0.1584880440398131,9.315898201877928
46.863754036387036,145.27458968600743,17.08795725309282,18.583476436460543,383.3388066103661,0,64.64295574239404,0.887582918458772,4.389016412559703
46.39894963809623,54.10524497391603,14.809090428478624,16.797397925767083,278.66396990138674,1,60.272604302957376,0.6289923608019746,8.035790201043358
27.17697202712409,60.850058005195464,15.016300765262702,3.2809390834667895,212.4463555108705,0,52.38992445230819,0.0003568725699202624,7.765997679792181
55.774607964286815,50.04770029893945,12.276696428103966,15.046993896596295,200.7340986264676,0,45.21896339537671,0.22964649717691657,8.198091988042421
29.553702436452223,44.36873944257432,18.43149722544063,4.453109949989582,249.6028066865586,0,41.62554760235835,0.00038630314526681437,8.425250422297028
25.186819948710635,17.993397491975433,19.56544185619963,3.215278525961797,12.86620204402979,0,39.746849528379805,6.177272509441591e-06,9.480264100320984
63.64866529521101,38.18332822131065,8.176616331617032,29.076246690485313,197.3074475204842,0,38.76173890371212,0.004278792981230933,8.672666871147573
20.459827670322124,124.50766191080862,12.10608381369618,0.0,356.77545061312014,0,50.39885661773027,3.299409685099483e-08,5.219693523567655
37.21602804567111,30.483272580560506,10.71975136735988,10.264350285847609,150.17343835422326,0,43.230957300866834,0.5566751942810217,8.980669096777579
62.22548302680982,47.45963739467149,11.314869609271359,21.354082911611425,84.1847959812015,0,45.78221397101989,0.03303339963312641,8.301614504213141
64.25128248298346,20.780848660744475,13.440514424340435,29.29516162762995,56.16704942740006,0,50.31547976822109,0.003674966090395319,9.368766053570221
46.88636532606037,67.71963105946875,12.346251988152135,16.211234139989614,224.3360060866529,1,47.16407631904034,0.846809973814047,7.49121475762125
32.54177645022599,60.88753669946097,18.652149812111887,6.046644330700364,178.4982757787047,0,49.46413368481485,0.009960729654885954,7.764498532021561
42.54829949991614,63.56429620789752,13.687780793078186,13.621910308688033,238.18529824869452,1,59.518348317632714,0.4335274179266767,7.657428151684099
57.31459080457282,46.07945053407459,10.077420115200235,21.330178704760428,134.05827771246842,0,46.66241101791104,0.055767782495971044,8.356821978637017
52.24407958218204,23.26286453039563,13.035033760829458,18.501144906857448,139.03053450284742,0,54.16886100153064,0.12655758192258645,9.269485418784175
62.063020509579076,97.03889535279593,12.53771443686122,22.453355080438023,233.27169951973852,1,53.834515025691054,0.5982583147914246,6.318444185888163
21.445959976474956,60.30932082313969,12.005233475273394,0.06444549003382222,181.56313582816594,0,38.78603156349003,1.4651913111288425e-05,7.787627167074412
45.288563934282365,56.22805045315275,15.907488509474451,16.818848557059816,140.73653313286272,1,49.41413164210487,0.7233609447423519,7.95087798187389
63.5645430532183,205.68286810300378,18.120533045559277,28.607785934300292,646.2123598858326,1,88.75379345297031,0.9999730660171905,1.972685275879849
44.35671457087936,10.0,9.901404596709622,13.594032020891953,28.12738647695346,1,51.017670913003414,0.3050690391685414,9.8
41.11870789562744,47.71611896534606,14.234089622229234,15.978353226638808,184.87197199440996,1,58.715678057426395,0.5886732415939789,8.291355241386157
36.21060755045685,218.94832481516806,19.080715780422636,9.83283687064351,561.0452967974419,0,77.16666751731013,0.0032524569906188495,1.4420670073932778
27.738727465430404,98.0735219253259,16.21339389857384,1.114277548701141,239.98788576163878,0,59.28814358890695,8.060130183988248e-05,6.277059122986964
56.728314875824424,50.448520970515744,14.734577793290935,21.98267913154411,223.22774307759042,0,68.41282884327676,0.05451619885567107,8.182059161179371
38.23515271538056,46.7814541689762,17.036484740599718,11.08818002370111,197.88031778425608,0,47.74515648227796,0.07435147552442951,8.328741833240953
20.091043838689654,23.38033937910867,14.441109926533157,3.956027012585972,149.66933701331445,0,38.25490235365619,5.194349329235205e-07,9.264786424835654
41.3298991587393,38.09496792615887,12.31683400787324,16.719633838189324,140.91599002015153,1,48.34978459799184,0.6920772698757631,8.676201282953645
27.491160833160002,308.2761861476441,10.651627634211298,2.162112882791626,725.8253843479388,0,71.66981658315996,3.6433380423918846e-07,-2.1310474459057644
26.893019443721617,39.76551793745048,14.0615927149378,0.0,143.02623060107098,0,41.680080270121714,0.0019662981775484577,8.60937928250198
50.111777624029926,53.399469919454816,8.035090135795809,13.147093701410764,138.9855182660038,1,44.66576231216974,0.7090361416202888,8.064021203221808
62.422820098208504,34.10823285668016,15.378695031250757,25.08314716610997,143.91568502790216,0,51.33047748126245,0.015804819128241318,8.835670685732794
55.4139509367729,26.681971530154147,8.0,26.488464284324458,105.05901074980761,0,42.81200286855833,0.024116736119972178,9.132721138793833
42.774606068194515,178.0362025373777,11.795515741759665,12.92514969997256,502.82234324568367,0,67.37107634248744,0.6016791934697431,3.078551898504892
51.66177144016755,31.594221682800733,14.752943760784332,13.513441149851808,193.50187507512453,0,44.61086669737312,0.03413294350260943,8.93623113268797
41.86259025786099,339.3311554844922,13.269466887215293,13.449324009777778,994.9750969614722,0,83.60813691864375,0.692462713453427,-3.3732462193796877
31.69131625603078,16.163252228373814,12.971869983525346,8.147218041204718,168.4512117034534,0,47.359168705396826,0.17261075221454467,9.553469910865047
31.457209605286643,26.909558741009775,17.29257085399985,4.227116975073445,101.66234153516444,0,41.375422803533375,0.003407255298770969,9.12361765035961
61.25078627933535,67.12742011525275,16.742477644525948,23.967995071887387,198.09874806405813,0,53.76627398305294,0.2294533147520188,7.51490319538989
21.241559228619614,100.72122072913156,11.156286676902901,0.009577774545278972,282.1370520900629,0,45.769621920071025,2.1332064195284243e-06,6.1711511708347375
42.518930246479194,38.31858869631544,14.85987884377376,4.265347740911894,170.26424251122825,1,49.43004792859275,0.17799106965393113,8.667256452147383
47.3441493920339,56.37522717210652,10.507372440894748,16.43999486747834,229.17171069313707,1,50.10024016358412,0.8199330416261359,7.944990913115739
35.97507165681497,72.70373971357607,10.882379811053818,7.9558557282951154,173.82180156584087,1,58.15522565311122,0.8863631552885409,7.291850411456958
20.34417591934896,66.60256202456333,12.078704487687455,0.0,173.00811642092984,0,39.97858472598092,2.366333666958689e-06,7.5358975190174675
33.05454662157684,34.20362173756229,12.94136109684117,6.321573247381261,141.6013705286642,0,34.18690265277629,0.2967444588793596,8.831855130497509
50.57816475624114,115.54267484467479,15.64338945012755,14.54249654620045,431.51779609181574,1,63.105249744332845,0.6615558755043484,5.578293006213008
21.318066198920327,60.30446518011645,15.050740520538943,2.0873181562158756,268.47078065530087,0,45.844863532348526,2.8416303435393104e-07,7.787821392795342
60.686685727448285,17.541425807513733,10.232751067795155,23.21184882625595,88.12661965988362,0,41.84102833158099,0.0012717185326290487,9.49834296769945
64.25297394623699,48.352509509533604,16.3291439345152,23.72573230878742,145.9966635556624,0,60.81465756760312,0.02932931068980859,8.265899619618656
27.467635500827274,97.42716402096146,19.84798397256289,4.835003465457188,341.5373967043827,0,53.90080446874416,9.317386915596002e-06,6.302913439161542
31.569462227499812,34.6467992179525,15.592706863830465,5.082915871082849,162.64638489637514,0,45.00603091466316,0.017620827719016775,8.8141280312819
64.21661375916125,30.770337510067073,20.0,22.83876574007416,170.20243561260438,0,63.962046422851756,0.0029954483724261224,8.969186499597317
21.243811209656837,148.48109889413402,11.6655058562127,0.0,443.7212267680835,0,55.597822831729594,2.5376748811145235e-08,4.26075604423464
48.71348832720636,190.6173944084798,13.162864359886186,16.17623703304753,591.9419724163303,1,74.45707939054408,0.9777537835896245,2.5753042236608072
59.869054069211934,129.72466451646068,11.56389656525711,24.01442279681271,457.2425194151134,1,60.75681436615478,0.8353597767160886,5.011013419341573
41.14344037432011,50.244141336103,10.507647647594997,9.418168094632508,167.62160873036737,1,48.464796524007895,0.8875401556214971,8.19023434655588
64.79442647783223,60.68085260326747,18.994688306519816,26.0674069715077,233.6763320406908,1,69.15766863156018,0.41245845100395745,7.772765895869301
40.4503292686737,110.45032117385944,8.958995326636831,7.125701869335137,290.1210327697089,1,48.198786009532846,0.9853293029680832,5.781987153045622
46.257032712447504,40.730477909334724,13.599442720467739,15.980372227158915,195.988521767013,1,63.47902212795286,0.4909155607194993,8.570780883626611
60.982597734858686,11.499576101618032,13.486152474352426,17.637509129786753,119.23804011851574,0,44.74173509815871,0.0054339256746965235,9.740016955935278
64.12594522527675,285.2522626127014,12.794085983851767,25.246191348553506,844.9448572365571,1,81.50484567401872,0.9999998142297263,-1.210090504508054
52.97009460370021,33.557176326537615,13.354253623139966,19.230826231229276,245.1773627803919,0,58.062675017855234,0.10882833229774048,8.857712946938495
43.99119912474549,57.955416556505305,13.417472311862394,9.79262518013544,198.8716462976887,0,44.84499611257372,0.6779225450057751,7.881783337739788
46.686788340727105,47.69183812422409,12.051151996274754,7.452083774919944,143.17291917369494,1,52.18944380730535,0.8744628824689189,8.292326475031036
59.43806675303204,68.92350438317871,11.076457663806266,26.09809418798731,266.9694959609559,0,50.32593758496471,0.34580278336566034,7.443059824672852
40.97849958054208,40.36114684525355,11.310053233896426,6.238383455516605,193.0836096518994,1,44.70908739164946,0.8654567860156117,8.585554126189859
40.257449316374675,187.0226418972912,9.133588489017269,7.105030644648844,550.9410334199803,1,73.02349482019991,0.9575896537804988,2.719094324108352
59.30308207465278,28.421678217988003,11.263339697657004,17.986723441306324,65.85636165680185,0,38.306263520240115,0.06271611931676398,9.06313287128048
58.56756095217433,34.00486485814943,17.62847668630531,26.19610479380614,87.28800873668493,0,55.09153806128744,0.11134140766701957,8.839805405674023
42.92327601915723,82.74332820107975,13.868864509190878,12.629353220218546,234.70861825643306,1,52.84572497410635,0.5097669361754326,6.89026687195681
21.18858662651368,31.331626740166335,11.806214264912946,2.3609906096882627,97.75715616644312,0,33.86095910076121,1.0910663252508762e-05,8.946734930393347
26.228956123571535,109.72640330658193,12.206453999897604,1.3483998589138593,312.02483535293396,0,47.29690384736359,0.0001577972775129961,5.810943867736723
25.596784416053914,10.0,15.661548173040037,0.0,65.48958840973486,0,38.21799090527929,0.0003204465066888784,9.8
41.41726368615887,176.6424654804729,9.662945672546183,13.344238200907034,523.4032040551592,1,63.31154945060592,0.6146149235634271,3.134301380781084
21.59651433175465,84.58418267949634,14.352762792207992,0.3116926095731816,209.75068931709836,0,50.5604977687382,6.832914798302168e-07,6.816632692820146
41.46494217261228,19.601455073653852,12.077072583057573,10.527482536665072,105.12359360408324,0,48.92433511390867,0.3889356009381978,9.415941797053845
62.312058068208145,112.15349362648706,15.540866552949371,21.530319141070578,383.01666708826605,0,65.11635992474352,0.7469024931926312,5.713860254940517
60.755129097491704,61.01829920703536,14.9315102820906,24.76793934951749,236.63165358794237,0,51.137819131468724,0.171490595999669,7.759268031718586
49.93371799837147,45.99288874040828,18.941931075753523,16.94294092336775,114.19920859803912,0,53.813009762496016,0.34825504593683404,8.360284450383668
52.319087140326246,220.04959567237736,16.529517482161147,19.672369850363168,682.1408996923944,1,74.82470851898731,0.9948966374552559,1.3980161731049057
63.47967726418392,21.525076968945733,12.136055246611209,24.437405799692588,132.07176929752129,0,52.47029292644807,0.001582771667953642,9.33899692124217
55.209717295461765,28.42402826664862,17.183640417040728,19.22200480114465,135.1909210487174,0,51.65784013220829,0.04352510335800553,9.063038869334054
30.442959524653176,21.5861578700687,12.773457869698312,0.8368207561533074,21.233073576327442,0,26.061794369681536,0.06513310025895995,9.336553685197252
45.69389457495959,19.643611224101946,20.0,9.514051558897027,125.12744504816828,0,51.59566146836952,0.015834880873803903,9.414255551035922
63.72852194027399,134.78950971472509,13.425606364115763,23.87679536027087,503.3113382359038,1,70.01349211214564,0.9221992643678869,4.808419611410997
34.661278602708336,13.895441595142954,8.0,10.275888554028743,163.0844700508049,1,50.95780430454721,0.6413273472948681,9.644182336194282
50.31291034066801,55.96237700725892,16.553664500024688,16.8850390070724,231.9760287635012,1,42.99580974448273,0.5131510002895667,7.961504919709643
22.46321912531273,10.0,16.541484975947405,0.0,34.28267930373549,0,25.90060700627848,7.050001484089994e-06,9.8
51.66065906701736,103.41589233158413,17.983686179731237,25.294577659694294,369.5751658964783,1,63.9826171272353,0.8936794046249319,6.063364306736634
22.474772947634538,24.95148578195769,15.262429380609273,5.624161340678974,152.28981496977312,0,44.93667863146129,1.7879580414356628e-05,9.201940568721692
44.69851106509634,24.566539423552477,12.815381111459466,12.977827180326491,154.46277935976812,0,48.25546922416733,0.1452895904523594,9.217338423057901
41.14102121952369,138.8103171289012,13.267045624321405,8.43743194417153,399.34396643544056,1,54.84800742535047,0.7572455164716975,4.6475873148439515
40.25101529848116,91.46429368441228,18.305540206237467,12.23599193142282,309.6919977997798,0,57.74237136343451,0.0924770413774391,6.541428252623509
57.51486890240182,47.90653884821748,8.7142137412589,24.676505964383608,171.26829137638285,0,53.53324148724422,0.048934795747398875,8.2837384460713
39.47557767521346,18.618484789629935,13.89776128368888,8.485922514276965,119.29094985549006,1,48.52424472109457,0.4528826922941587,9.455260608414802
49.456591272912426,72.18363090426921,16.159393418791375,18.013491321325375,311.5351276004316,1,55.87390119667257,0.7450796269364507,7.312654763829231
33.332624109454926,117.81845895603031,15.161970425291383,0.7203493730229811,416.8053948514366,0,53.785739916036746,0.005777590636083446,5.487261641758788
60.564893258982394,14.883476479702773,12.233862727136259,19.951462598514823,166.50062570644042,0,47.937720925181985,0.0028341200619505778,9.60466094081189
21.23728921190289,98.91098324999143,17.93920546902731,3.04324635536376,391.9274544312809,0,57.35426078665635,2.966599692263351e-09,6.243560670000343
22.658673962777492,93.24598970421788,8.698539547512286,0.0,244.15147809350776,0,43.138864302695076,0.00027554519600583307,6.470160411831285
47.36784953639499,218.03802531789614,13.757003293283333,15.118845059147166,557.6040155795989,1,73.59533151715114,0.9758270605779744,1.478478987284154
52.33917695054524,25.996220475801547,13.613756468558448,16.863586489226066,120.34780530315416,0,47.167902331225854,0.16340461562510106,9.160151180967938
44.733766867118156,58.88423274795867,14.13937326410703,14.18129851819893,231.39605315467415,0,39.80134076605687,0.4340823896159653,7.844630690081653
54.932965858310055,59.05874608837249,17.051754333655904,23.884529999562105,171.84078971864074,1,67.50987127596994,0.2595901873318007,7.8376501564651
42.38556961336913,21.089230374847148,9.499411726081258,19.17195620845553,101.91573809289625,1,44.81513440981523,0.49429668553616835,9.356430785006115
34.87266222922107,33.87139012225146,14.396136894346874,0.0,46.530178294026555,0,39.056011192184805,0.1665899662391228,8.84514439510994
23.56049649694095,61.27155802410126,15.782772890071868,0.0,235.98049429708206,0,40.7686103030337,7.5515458013354835e-06,7.749137679035949
51.464323113542676,47.45553332138725,13.223784020858195,16.17151638400671,146.51408972822554,1,54.199251772371206,0.4844636163198252,8.30177866714451
59.60607836839816,49.80924317331666,16.371501986082365,24.99923251152679,207.8711717880736,0,56.71177125446921,0.10729221144300737,8.207630273067334
59.03832948938645,107.11965896158533,9.691509353616919,19.801459369284476,418.6816038043066,1,53.986590596433224,0.8563172687273253,5.915213641536587
52.417230420513356,71.19717782009901,12.508055048690967,16.615866835710666,221.04374301321985,1,55.09201693503492,0.8251724065513504,7.352112887196039
35.74949058221145,18.31215777757175,20.0,7.053193457727009,97.86501021028994,0,41.337211762834684,0.017957792281232045,9.46751368889713
33.68370860160718,41.518711023861236,9.559020846742138,1.3273187719422914,157.5000327399829,1,50.8477054045166,0.7183344044154018,8.53925155904555
52.355505559344415,243.51397483174063,18.362336158052052,15.730308119125024,593.3886299378877,1,86.98715404830713,0.9980277833420835,0.45944100673037536
47.67487470472773,98.63003433498125,11.360669728256468,11.795263216413101,301.41095891414113,1,50.56742461169752,0.8243619567392798,6.25479862660075
32.10533636353084,33.22120284760501,10.426612979647548,6.501324927962354,260.17493794046203,1,40.944408851497016,0.47297533808142006,8.871151886095799
33.85089728802953,34.702101663269914,12.214194484908713,5.065578482119873,135.62535929198148,0,34.43332473979831,0.3367872574757321,8.811915933469203
40.4902957928088,26.90189204069575,8.958224177347136,10.890502213999588,151.26189219329976,1,45.410136172755145,0.6811818849653097,9.12392431837217
42.73274998834299,89.59229393743641,10.031643989513237,11.919259710582295,299.80880255499096,1,49.207743507419934,0.8105566955284992,6.6163082425025435
29.760049339856096,102.8005421065873,11.698644356788499,8.529143162625536,310.4297110118843,0,49.846575511472295,0.028689835718593786,6.087978315736508
34.01065371087175,58.19767875444948,17.703292463256048,8.09978592760811,211.66149958525824,0,46.6230273685325,0.057694635052279515,7.872092849822021
47.741314445742375,42.19413895781351,12.970483423901314,19.611104417386567,136.02778484648687,1,47.89908698678797,0.42920826468341183,8.51223444168746
47.38862765689697,92.40388201799382,20.0,22.20895818678178,303.2141347795667,1,58.922707532059036,0.601977056383444,6.503844719280247
42.81610297413485,22.79294771878217,17.255226966525896,16.978649049815104,118.15482473278793,0,44.507106462840426,0.34247267117261415,9.288282091248714
21.037247762947437,82.8255688002989,8.879176328235173,0.0,361.7463212115763,0,49.69911767262615,2.7289278170048342e-05,6.886977247988044
58.55349534740857,54.06688616396617,11.639856130194126,19.999869717966078,206.58961010080202,0,42.63830199727961,0.1575119915632739,8.037324553441353
39.395414396283854,94.13175160636466,14.270506707850014,9.882682359357549,309.174970198081,1,60.32791813263027,0.5085468877015574,6.4347299357454135
37.7144446777846,13.82540980171921,13.408753097100526,8.364109790520455,162.223322753292,1,54.466073169886144,0.4359890236327511,9.646983607931231
50.121058941352956,107.36957352435608,13.680375870460594,15.555228993231424,423.36922383278124,1,60.612141267607406,0.8427610312698506,5.905217059025757
20.4934424162844,69.1419980962795,12.269049349064817,1.2331289458346775,268.06492747597395,0,39.63634404892245,7.568588073038141e-07,7.43432007614882
25.243138828390478,43.51415610245911,17.93785716503718,0.19688711027992212,192.06041244292166,0,43.0195803540185,1.0806050223683302e-05,8.459433755901635
58.25366682033771,58.89889643726844,11.484842198168383,19.429181936393533,271.201670956792,0,47.99199277809218,0.2757970543517163,7.844044142509262
31.64004446334559,17.410625192059694,10.655105652608755,7.812997972868251,62.865858923203135,0,32.60214953097131,0.5300502624450313,9.503574992317612
35.05786229641352,57.10079891385385,16.408574958684763,6.180590673528361,224.40546106218423,0,52.31541415260736,0.10394816565937152,7.9159680434458455
29.639575728123383,191.4876893124436,14.497252095849237,1.490813228901617,542.9442861645697,0,62.085011251314796,1.9349861135030637e-05,2.5404924275022562
62.965169003342865,122.79355062061249,11.259041233586704,27.09877659343099,317.40202192064896,1,58.762309014205265,0.9620486283488666,5.2882579751755
41.380321400007084,50.82766964254557,15.083092255190964,8.976329841156462,168.7357651623288,0,49.5793997396898,0.5210996659524367,8.166893214298177
50.95605152156289,33.88693360934691,14.257005895708257,13.285565229989727,147.78139019656078,0,51.16250328072361,0.05849780318332371,8.844522655626124
58.47763424926816,22.178900065062834,13.65528457499787,23.312717693981707,89.86191288252216,0,56.45077524234335,0.004422821510892698,9.312843997397486
27.118882839925654,139.07253751102513,13.53055235858443,2.23347642664071,274.1521612491422,0,51.29470253371926,2.596825909906996e-05,4.637098499558995
42.03208418102385,19.206695644353307,19.157675675780325,10.998060828108818,153.52600058035992,0,52.0712086529909,0.018446703639431832,9.431732174225868
41.06643795780414,43.753790320363855,18.071339191390997,11.760972223414214,138.32268282404033,0,48.30086609269005,0.0639969136756108,8.449848387185446
47.712922971905144,62.05378281021545,16.022519360989968,20.50296416478602,325.2710811245033,1,52.21415624805287,0.3943267920368394,7.717848687591382
49.60359553042606,16.233259370806945,17.86539969511724,17.728293823357948,28.365048710756625,1,70.99040945052829,0.1347540428299803,9.550669625167721
26.3544658367477,129.13679148890006,11.978772765065855,0.0,347.66400613767377,0,51.229224253303684,0.00014720339287703437,5.034528340443997
37.4372190141802,72.40218396863995,11.314169591659402,12.294584190251193,229.41009956713458,1,50.02237790263387,0.43076282078461964,7.303912641254402
25.570469512775773,48.847218901922076,17.685269295883046,1.5958938079216731,126.51938148552742,0,34.790810458029085,1.3102449344740962e-05,8.246111243923117
21.48536070617472,17.316621625141714,8.0,2.7895722380552272,34.124990637461266,0,32.454151232590235,0.0005303014343145535,9.507335134994332
57.43391444045382,53.78236884392016,12.111761685349451,21.407910508102642,282.67748963904796,0,53.50339999427976,0.0639847860474483,8.048705246243195
34.6583195010774,54.43737183744767,12.50593668769658,9.45142659073325,174.50202800553183,0,41.831482832413236,0.42404070307115416,8.022505126502093
59.48602611541362,117.1670713366548,13.641719246659653,15.168256915224775,326.66056352902626,1,52.5723911869767,0.9145483573925908,5.513317146533808
45.913212385480065,271.47737947406193,11.980472963254083,13.444257145615666,713.1775659970394,1,75.07894893229314,0.9796752445758754,-0.6590951789624775
41.29927800507406,25.0049346378961,19.54461185636291,7.318715133347084,216.50391254047776,0,41.41565258147424,0.033830926091177986,9.199802614484156
24.766185425380527,39.92160605722176,12.60878613878756,1.5621361205318063,219.53859716121065,0,38.30183215667946,0.0002802008739325992,8.60313575771113
22.901895453109592,52.233585931548724,18.683659492291238,0.0,131.58520465339365,0,40.61854153988777,4.6864839905482973e-07,8.11065656273805
63.22027820841037,33.22467973868045,8.0,29.966623375322513,89.15843805458337,0,51.126424009139114,0.0016793034889897624,8.871012810452783
20.66921612904676,58.860453509285186,15.319060705637106,0.1235364683430461,184.56302478325077,0,41.24834662140897,2.7338696946018443e-07,7.8455818596285924
60.48157774425523,26.228922400797458,10.681433747437286,22.06047751116079,188.8984657030985,0,40.217025883773516,0.0025275416853627474,9.150843103968102
37.01381984515682,89.67870278903018,11.684407397229288,10.744690921547848,277.27001996414896,1,56.33008695406097,0.4949265480635395,6.612851888438793
51.64009051579043,130.3784587239786,11.245595696554957,18.142366584563682,380.7235947110546,1,59.16462211068007,0.965680696269562,4.984861651040855
27.51219354310393,62.96598655282062,8.0,7.285494553181211,247.2259574365931,0,33.62442082285518,0.1543189323125713,7.681360537887175
61.92541110593355,34.77232518428591,17.951988020906608,23.75920577513323,246.52036378754957,0,61.5707435655012,0.0071890922852234675,8.809106992628564
47.60802254838604,46.61613612868513,18.793675280745504,14.436233888712646,188.9001857048963,0,57.548998168088204,0.09755620988247307,8.335354554852595
35.793233072542094,24.41388230116427,8.886408337491362,12.256522651158626,79.5029001665833,0,38.476073291039405,0.41241238655095874,9.22344470795343
61.555013432800905,48.307975528067324,18.41574886416198,27.226502914038647,199.93976864100193,0,51.971397479700954,0.2902244263419615,8.267680978877307
53.10822079351056,70.59350634189659,17.035873316948813,22.849601989801506,258.733431419525,1,60.01409298978107,0.3371491844410831,7.376259746324137
34.81666259642442,98.23148462742284,15.093198346667258,9.973631843957449,288.93242903117164,0,49.470390167538824,0.09317035178294882,6.270740614903087
32.091757701793064,32.290630696937725,10.52954265120505,5.114305024638518,149.96344565272773,0,36.356222489199624,0.41025069110264395,8.90837477212249
20.682514835670986,25.522655173895515,14.141072873272519,0.0,95.80668356948313,0,37.83795611605419,2.9196025551194905e-06,9.17909379304418
60.325286409419796,137.90312889461148,19.469264649995242,20.877193427325327,425.6064296401978,1,73.67885317207823,0.9150114653798189,4.6838748442155405
26.091266221183673,66.74156016377691,14.802116779278037,2.4192643935644145,166.77379044789745,0,39.62803782474453,0.00013390819372147657,7.530337593448923
39.47296872089433,473.79990395617085,12.740361753318806,9.602450881560618,1000.0,1,96.60224892645438,0.7389678754385097,-8.751996158246834
48.76593057170985,59.6559321709987,13.57820714954818,18.018791853787974,259.87064644989164,1,56.97133250407039,0.7239552084355355,7.813762713160052
46.91624580359952,187.86477880192035,14.270857906803329,11.855284618130764,473.86192423955066,1,64.60179792467412,0.8284252086687515,2.6854088479231857
30.549324813094355,196.06221801283488,12.341582536504365,6.982137812120945,520.2873108198643,0,70.79297180668735,0.0012235442329868818,2.357511279486605
54.62064544264328,47.57838908892921,12.265668210413711,21.17365421011254,216.71434654234264,0,55.49766688413307,0.08485098786019923,8.296864436442831
30.262759427059844,23.62342068560143,14.639171390201392,4.18211913875208,132.40711559443125,0,31.518997227380403,0.009968018361241185,9.255063172575943
46.200380841058404,77.01808661734215,20.0,15.004802907936641,197.83298078813652,1,63.59741789799113,0.39124832218282585,7.119276535306314
62.485976781960495,96.40042506796607,14.19331568240091,21.290803215536215,377.8359119016533,1,62.12405926149227,0.5514077333995095,6.3439829972813575
59.9712398758126,94.25923402079015,10.997642814647072,25.462070898117943,252.81596635418506,1,65.09728725865881,0.7323056223514701,6.429630639168394
51.341318943345556,22.286178060824398,12.986754734655227,18.343406053526977,75.29455255400785,0,40.901371978422155,0.18570933804133566,9.308552877567024
59.711258823134145,32.53114179652467,19.306809486492543,24.845333965200968,163.80586157122036,0,61.284713333877434,0.029416868637359893,8.898754328139013
60.03906302087129,22.67380846204616,11.079439691023595,19.788934318112254,166.59696336315736,0,43.08384686583239,0.008305041913609808,9.293047661518154
32.70136206438703,122.78179478726868,13.617649292013576,7.3949785108321855,303.77944352381536,0,48.88917224156082,0.05855278308443031,5.288728208509253
50.63603248973219,20.017553645365094,13.30228296095927,18.801788576366484,140.40822413768018,0,45.30442259289028,0.13110246121845476,9.399297854185395
23.67884297366263,80.22119763844962,14.628102286123108,0.0,247.17719656548408,0,48.94122362469585,1.2369008188924961e-05,6.991152094462015
43.852037734750326,19.485351401674926,11.351794678884175,12.118137464721608,78.85341277720471,0,39.45497572659934,0.25845816353536605,9.420585943933002
44.332455464590005,41.49760412279232,10.903929861765846,9.86082944599627,150.45008371003874,1,55.56523785612252,0.7706472541398496,8.540095835088307
23.647291539366005,19.896440418851327,13.689925258150232,0.0,43.25961150547793,0,39.36751778586206,0.00022268431224070162,9.404142383245947
55.89428845299745,28.658416218031693,13.554962078618129,20.754617079641612,194.54141004211783,0,42.995873289422114,0.017182231515897716,9.053663351278733
21.704389796578376,44.02924534213943,17.78852184681387,0.0,193.89960384364545,0,40.60789138829716,2.1214895626703508e-07,8.438830186314423
42.983476349336456,38.99745902072619,15.783864511951588,9.049705644011823,116.00546982112034,1,56.65848979114489,0.34930352386621316,8.640101639170952
22.564630149559825,235.6132890579793,19.26115787436634,6.473593926097777,610.7654817969752,0,73.62040266048997,2.1667740359452775e-11,0.7754684376808276
40.20225658429878,19.05727747432962,11.941039019287329,11.294835241785416,65.24347960163972,0,36.878700069830025,0.3273094877084599,9.437708901026815
26.94803185623828,110.03238517532637,15.356789108742023,6.2266654262467185,376.7791044621188,0,52.78066928290153,0.00012028650859131317,5.798704592986946
38.964333738792014,107.05179579013958,15.378862788908481,4.6654452618014455,341.4001313953945,0,60.04399637482966,0.18914445869345706,5.9179281683944165
61.16725677693853,173.37936190016,18.318183353672723,22.58408011860117,597.3721983251514,1,75.77651521418935,0.9873122566998751,3.2648255239935997
52.579653539523136,46.727870589419254,10.945416103865567,11.538441510414808,158.6403484885127,1,57.33130270163243,0.3105763928642474,8.33088517642323
44.58983935546889,74.43261616575893,9.738500810064453,15.749454079360222,316.5261118676579,1,55.389490075914054,0.8904095185241234,7.222695353369643
28.07281289660213,208.50944936946405,8.0,1.2596789162953144,538.6341009314441,0,57.440568097717446,0.00038664046623794766,1.8596220252214382
64.3841406916257,57.44297488667534,17.73394614846041,30.962301371256764,260.9998626249299,0,72.17460837399312,0.1849612462571444,7.902281004532987
46.80819448622308,49.97681659049712,12.098379085474509,12.104177138452275,190.60636192431232,0,44.02151254032007,0.3910447581041937,8.200927336380115
57.86484729394301,59.61184910174217,14.34799855427871,15.48818524127087,188.0725045093122,0,47.989826123611245,0.2839998048961926,7.815526035930313
56.133916097017476,79.35905790728532,16.57075375463225,22.135800390293916,287.35508682141835,1,62.08469102826796,0.3523607851676931,7.025637683708587
49.96051558282093,90.7247738283039,10.026852771905274,18.525178658801423,251.18182776513373,1,60.38214520444184,0.9370579421912874,6.571009046867844
48.43410990458881,121.65906427318723,8.0,19.37617126114987,357.84884815245226,1,59.14285750254875,0.9268409979183211,5.333637429072511
41.013780171387,37.326193221987616,12.042810525823542,13.008116216587016,115.93337994010653,0,48.92623426076027,0.346355814151013,8.706952271120496
59.88858593057049,48.29049368145195,9.297359529671429,28.79854154289431,148.74365292856334,0,38.67946246534724,0.0432718236421335,8.268380252741922
54.630847909303505,231.55387503519853,11.685203800626613,23.48223993504623,596.1466887380997,1,65.10700803369902,0.9978569087862316,0.9378449985920589
25.71056077694029,10.32092229333643,20.0,0.5922469386014493,143.24179442980434,0,47.931270123694944,5.056972180123251e-06,9.787163108266544
36.71423142420426,17.994976732362176,13.170763888637234,6.545486287531752,74.97441658364801,1,45.8341784468705,0.5318890471554746,9.480200930705513
62.69797063528112,63.64362350757063,15.877871813938018,28.274653971436027,250.39823888160328,0,52.39373125750045,0.47217337863802583,7.654255059697174
42.05684545352581,121.79498537523723,13.822920949090411,13.140794998736014,451.19019170296144,0,62.094355298384905,0.3239223490056128,5.328200584990511
53.26425008921998,70.00066870912309,16.942928899422117,20.2276988628768,252.10876703492545,1,67.40584262451826,0.45217091992212505,7.3999732516350765
49.707286418447964,167.70620834894783,15.709740851374647,20.80241629439468,480.64637258709007,0,63.935870563575875,0.8933178848057648,3.491751666042087
60.19260743354746,38.44451305294943,12.615546969999206,22.377803394155443,118.04366956669475,0,37.29821331951136,0.01151840182752242,8.662219477882022
24.17893151750715,28.377650057365575,16.604481850309,0.0,158.75104253940617,0,35.154160625380676,1.759916942131507e-05,9.064893997705378
38.80837718955661,42.14631268676156,11.108117752097415,14.154739010587635,178.70708878431373,1,46.281924640908585,0.44187502823469693,8.514147492529538
55.403029123464705,73.70460568952402,13.12055321442583,16.49753858350368,272.2689406672701,1,65.1112713779648,0.7399639681285742,7.2518157724190395
37.455592611675534,73.47873320090748,15.772949780610354,7.474535691847445,249.04319206474372,0,53.18407541013118,0.41389081134925637,7.2608506719637
33.611157699394056,20.590964274159386,11.337313380842495,2.279432385531159,31.140610887307545,0,32.07297262167052,0.3245367048259467,9.376361429033624
21.591217143772475,10.623273665579893,9.003624719761737,4.8860554248168935,44.30240233963632,0,33.03689136751033,0.0005709131241505274,9.775069053376804
43.996437891118106,69.98608641139539,18.823647293169536,12.067688155513936,240.9270687552044,0,53.893482165942004,0.10800159412227665,7.400556543544184
31.49398877286163,193.85113539050155,8.0,7.338448540240996,577.6673910155804,0,63.35163752430161,0.03514070821952689,2.4459545843799377
33.76709228677664,55.57233173824577,11.566276259571525,11.674755699489731,217.99483146822868,0,32.515467223148065,0.14482461116615694,7.977106730470169
43.28643906088027,126.40528634713425,18.849214754927644,9.957956024439493,366.53655211378583,0,66.6753280141449,0.1782257935405333,5.14378854611463
55.79173920342907,46.95062158548299,9.845590631466791,18.195238686282,152.87701786788855,1,55.49906665845275,0.41708663420736336,8.32197513658068
23.002000772582466,25.350649861537445,15.777355953804502,0.0,55.015495783934995,0,42.442220178296175,1.4913591167629476e-05,9.185974005538501
52.08507540978575,172.55484049813595,12.576674591112845,22.369163945649554,608.3034941638272,0,69.09357436016188,0.877628646820527,3.297806380074562
30.799808192706905,50.875682356713035,11.285461216443359,3.2967159825687777,152.1166925432961,0,48.57127555696547,0.10138364623307293,8.16497270573148
59.49472082773129,22.24504698338916,11.673338233929092,22.064594912294712,132.66298576703517,0,39.13709609845869,0.002665467289070703,9.310198120664435
45.55796459471752,26.846404271601507,15.05887061821806,14.658796850828791,118.62721863942237,0,51.19632192425916,0.1644381935079556,9.12614382913594
30.69005969420703,180.02630626646726,13.57681946335271,2.3959896627795323,475.5200854062846,0,66.40436438000157,0.00017334173630820918,2.9989477493413093
21.990393800822737,20.556770787950807,15.589711618905703,0.8238738606978777,53.559443646328724,0,42.281051448115925,3.906967015887828e-06,9.377729168481967
54.778471197877124,20.14242664127846,15.752706944468017,23.32246856341942,92.13398441511544,0,50.73946184483446,0.012026542006834978,9.394302934348861
27.94034935982825,25.89723298851481,15.323065827273307,6.339586735282983,147.03726993108015,0,42.05773509182713,0.004921898214978401,9.164110680459407
27.246367351412562,44.43138979485644,20.0,6.478943294259008,154.0804888352381,0,41.842601319403656,0.00015396050595397186,8.422744408205743
39.88096997273594,30.462181562107382,12.598425193600928,14.884569732774317,135.32287273385137,0,42.2498546494592,0.3946880813801297,8.981512737515704
46.40567688675472,189.00345288883605,13.156121080989791,15.719385867677522,497.834300320423,1,61.587196523307284,0.9529260991175423,2.6398618844465576
32.571747926393115,78.52522486257382,13.001025793137703,5.033891224919863,232.4701283406997,0,40.16243979017036,0.14067503974754297,7.058991005497047
36.10320368480118,13.661347694065855,11.862433933065585,8.77883472951033,127.38197429575044,0,43.83605564007471,0.5628485002838216,9.653546092237367
31.060062237218034,10.541340604510658,14.636751221066506,10.744484659167025,89.88264435761192,0,38.61432207215202,0.02231397498162541,9.778346375819574
34.47397501077985,165.61090115412645,15.022294117259758,8.896487065506818,487.21323404867155,0,63.13239129431952,0.014779587783230524,3.575563953834942
43.057934523484434,15.166798901639714,11.230090948479301,7.097618677718663,97.3145158634833,0,38.72162550165607,0.7943025380254812,9.593328043934411
37.187457132368806,10.0,15.467672954656955,8.472567397031792,64.49417484623037,0,43.81107194652595,0.23568970769830802,9.8
36.02093050708707,45.39058553396898,13.988722391354207,7.989526447440084,146.35863891719077,0,43.96535847106459,0.4894286252793264,8.384376578641241
56.2735814912225,73.52419766795794,20.0,15.277427801821128,243.06765067034488,0,58.03074602507357,0.2112330516829312,7.259032093281682
60.50260078826161,16.002889802851072,10.45632479601473,22.18605747824558,60.49136837763079,0,45.322411017348344,0.0013678096352318892,9.559884407885956
56.36511639812564,70.72813837378882,13.41919763890524,22.885054083855557,251.63268293807417,0,54.19514585810368,0.2303509730639029,7.370874465048447
41.698239767109115,28.42567978308598,20.0,14.458579548517804,0.0,0,49.922378548381175,0.0843562416526948,9.06297280867656
55.39325488907503,55.953534574002866,16.13710354341806,20.26342132952585,237.29013252279185,0,48.02393602983246,0.18016269433615031,7.961858617039885
59.26515640499546,95.73267231506814,16.28220749665047,21.373519221088223,358.89387831556564,1,71.09118139253924,0.5333928677981411,6.370693107397274
49.00130599045126,88.62500629042674,12.236990382690127,17.1978548074483,280.5757907303044,1,53.08809848357036,0.9275805979035298,6.654999748382931
43.92116311766677,36.21290930566648,13.208091258840556,15.497497553398196,130.5233072950829,0,49.69529858053068,0.4979814732526099,8.751483627773341
48.56469150793395,56.113644254178325,12.70222652354527,13.201229622514374,178.63057527621328,1,52.70048161077415,0.39228990571920136,7.955454229832867
30.915571641546613,78.05552260913457,11.046708359194277,2.5235304049059724,292.1406564336594,0,39.1531021360067,0.0752077879922444,7.077779095634617
59.83155450776026,164.95813175323278,12.127827171947159,20.417808782813488,499.21263610438064,1,72.74302758984025,0.987742518888115,3.601674729870689
43.66975126075724,56.432173288708285,16.472555459186182,14.069762300635245,200.9978822499039,0,58.00725233946063,0.2601220923024604,7.942713068451669
53.5083939675856,216.05163466284432,15.262732324589882,19.309293196206298,618.5102924820914,1,70.76108463084702,0.9975530443101458,1.5579346134862275
50.76761483995688,27.357175004238727,14.420018351310093,19.900320419659508,113.47598306254092,0,57.13634861122223,0.11117138670065024,9.105712999830452
40.32172383406045,113.72090532421397,12.121727220300677,8.895030414236437,272.3600881630526,0,55.43058277112276,0.8676252345688582,5.651163787031441
64.76467574545303,75.87931504132875,17.55771535237962,27.96279322968126,356.77734234788113,1,61.99878751927556,0.7720007211942485,7.16482739834685
60.992061437256076,301.9193935666544,14.334778354299125,26.481805960956383,871.8976913470857,1,79.42109694930821,0.9999998229639928,-1.876775742666176
42.13926376050246,42.48112988059144,16.66164571664876,9.305472389632772,170.82499806599856,1,64.55758139661123,0.23244180563917596,8.500754804776342
48.88758814871787,15.05641665220801,10.118578671552052,17.966549256780954,77.85870121151726,0,36.70094345850115,0.3198725540558861,9.59774333391168
24.07948450383295,68.92911114917615,10.689702732165223,0.0,158.95461642908057,0,36.19908592491713,0.0012357841651866705,7.442835554032953
43.37012151021037,30.514815613136395,10.972110598614666,12.2513378565361,83.81985330816553,0,33.227082072573076,0.3931063021748999,8.979407375474544
20.71670893211076,88.61749662188357,13.86315372050872,0.0,298.80441758204745,0,40.38058916344025,1.9420126639978086e-07,6.655300135124657
62.626821802030506,16.535271844898826,15.706984271299262,22.472330193745677,180.5307131582702,0,53.922804575388625,0.00064225606394469,9.538589126204046
40.61143296884252,42.48517081024036,14.237484806795363,13.348132638318882,129.4957695077175,0,42.402406561143586,0.23752534744257814,8.500593167590385
27.632212313956675,46.36784241778407,14.099468545826443,0.0,245.74684870283244,0,42.14582374011668,0.0024525707159273723,8.345286303288638
27.176691478677295,79.74396985350614,12.201415492468486,0.6699480544581404,298.8619636923175,0,39.21864528273026,0.0027946157291336856,7.010241205859755
31.624979194086038,101.1728394007694,8.0,6.408782142824402,258.96057939774533,1,54.15037962879212,0.654986851892287,6.153086423969224
47.597407211691774,36.75050816844009,14.685411090439887,18.480882142226456,126.45107647157965,1,54.369056013873404,0.457898476056688,8.729979673262395
55.90567087148906,36.456025216061384,16.61785658241398,17.07912497638451,146.8043626828277,0,47.01555691492567,0.09272316026841346,8.741758991357544
57.91257724264108,35.83932991505754,13.973931809973966,20.80102972887829,147.82436664281715,0,44.59668150733387,0.022435439135651908,8.7664268033977
43.85774196306009,77.74173630827683,13.96029766877991,16.15396499599585,283.3188408800508,1,59.18998396546924,0.8137605940745076,7.090330547668927
58.11294625337107,73.93891325990732,10.49973793376569,23.255390808645323,225.96129419762514,1,57.17564086554499,0.2358806944166138,7.242443469603707
49.73904163373541,32.37315130875073,8.0,16.204216333638595,191.79442058002644,0,44.71816875076327,0.5496257432500168,8.90507394764997
39.58100441879495,40.386516788454564,15.225206404734632,9.187965231902155,247.24852304912793,0,51.14090580774278,0.2867747940683064,8.584539328461817
37.2630308216778,97.0856979015122,20.0,5.796808022464388,357.6151258163191,0,46.14398667250187,0.015168191359962599,6.316572083939512
20.393755012919392,29.79446564251732,17.402658994848924,0.0,121.83724301061046,0,33.840516569703944,9.264070739643871e-08,9.008221374299307
50.18554203751261,21.404196205041703,20.0,13.812755462516398,218.3181694244352,0,50.032622128682206,0.005104689728065161,9.343832151798331
55.68267529556681,68.56485974996144,14.097398811692212,20.530877797954666,198.3366438641144,1,60.774658013134875,0.39113671821024226,7.457405610001542
59.815072332790294,25.948143709542197,19.91982331999688,22.179170838004502,178.9026691241984,0,55.23361883517031,0.003470612367404583,9.162074251618312
41.99314287057721,52.78955850501772,12.267862555290789,12.819040941111941,150.8698568792713,1,55.367957750684305,0.4616229770350866,8.08841765979929
37.21301506457719,43.490600326084234,19.31876219416879,9.593159665935504,221.26179173612798,0,44.98611283541883,0.0353010751691707,8.460375986956631
25.78500980705134,11.20201071513661,19.781810618955205,0.4925916216642432,142.20499081368746,0,45.28220103493297,6.604389726096754e-06,9.751919571394536
23.321921608512078,53.29124929713354,14.211627248956166,1.750443308348757,255.82406962367878,0,40.12471233741952,1.019930768533103e-05,8.068350028114658
34.045442847093724,105.86968100442606,20.0,9.234208982364436,331.0646313446286,0,56.15340860843578,0.006063534059253484,5.965212759822958
40.344312591232324,14.87207463877154,17.268382070384487,9.219977260607823,58.36099993107376,0,49.35752855065656,0.1092152911918877,9.605117014449139
53.13997491292077,19.10538606265457,12.465444302712276,21.327658791094965,180.17396026341697,0,34.61604339603484,0.013803816662814824,9.435784557493816
52.795814352488335,27.00806296235281,12.294707279120738,19.542245047028295,78.30337692601672,0,45.899107594842164,0.10865827442887352,9.119677481505887
36.38652137905097,24.972857831744513,11.9269363475265,13.000286648496187,155.68246217288473,1,53.42018261256922,0.163024744200833,9.20108568673022
26.02227313175686,24.499555081605635,13.84097613226201,6.145526918245698,90.78568720225388,0,29.58283197036603,0.002880462896323233,9.220017796735775
50.62752380540834,35.019787211796015,10.374217398883829,13.032461303196186,207.3287965010654,0,39.60863933383808,0.1751567556136794,8.79920851152816
58.80297432599777,116.68951819839671,15.504052828680454,25.045406426298435,341.748782961048,1,59.74556343374339,0.9082112805023091,5.532419272064131
36.60536765601746,53.0466518534443,10.691608815410602,7.572832323401731,248.72188153255163,1,47.2756606977855,0.8674999907421902,8.078133925862229
20.715777045205282,21.102105331726673,13.902200465835508,0.0,60.8378995265492,0,32.50121996786264,4.902434184649729e-06,9.355915786730932
38.86631604787554,57.47721812693345,15.618926721964975,11.343440016215304,174.57778767212176,0,40.126961505147456,0.1839338858200122,7.900911274922662
54.57988404391396,71.40950737357082,14.573802920142064,18.400374094279467,323.2276506928257,1,47.60812449308124,0.6433192659941932,7.343619705057167
20.416629380763524,39.8699425199731,13.885858893745326,0.07614020550881428,136.0851583914592,0,37.78946193776567,1.3572900448485174e-06,8.605202299201075
49.01636577805433,52.58871106676185,11.33698252851693,11.831532486084255,226.74210627365093,1,51.15446492093169,0.4299260335314409,8.096451557329527
42.075397879546,40.58602012303812,20.0,8.111183972967298,90.83875301119805,1,59.89277391627849,0.07978922089102009,8.576559195078476
42.581963252019136,66.3614823762631,12.851396899419445,14.794985970209444,265.4945998094913,0,43.30885164908068,0.644515603853481,7.545540704949476
51.96081064155153,22.01447648368432,11.401998220173747,17.529678029043936,164.5181045252016,0,42.44162842325398,0.17817095404041325,9.319420940652627
23.215698768365833,14.574478277070748,14.815019893031192,0.2613112716995725,95.48480808909069,0,28.49115722243316,4.396375038941361e-05,9.61702086891717
33.64938318288501,40.83925162716579,12.520734338573927,11.060216043351765,190.4994091382292,0,48.7736718164243,0.11288402482651,8.56642993491337
38.04295440681537,41.21899014609816,16.449419484329802,6.9850517955843205,138.629294346537,1,52.08654247140177,0.24855646121039457,8.551240394156075
35.563152280400615,18.33927986195604,16.9513104025593,8.961174633284724,54.130069446549015,0,42.72928111961932,0.09595162757564703,9.466428805521758
30.903270385573613,29.455649757467956,17.249252160825876,0.9783406230632234,154.6005904739064,0,47.24917806167109,0.001308125068932233,9.021774009701282
25.9492905564363,48.769437721757356,20.0,2.3555091836956192,325.04383987750316,0,48.27273686756031,1.5817156119012645e-06,8.249222491129705
20.190707473614587,169.7534186367145,14.850801041392078,0.0,492.41128791465053,0,62.753017383801364,5.623420221103732e-11,3.4098632545314196
22.774412825889037,39.836582196780114,11.084355099458076,1.564345730121104,188.09746707660395,0,38.605091053381074,0.00011189371814620417,8.606536712128795
62.188713784308334,90.11432040946485,14.079386851755082,21.755295036541163,397.71738780974243,1,69.97797031915624,0.3820699260230509,6.595427183621406
23.78230971116308,154.11679480607464,14.948256477677432,3.7426661063069275,377.13771157216576,0,55.550727245360186,4.510700969701978e-08,4.035328207757015
54.625687373609466,125.64917959257035,11.87362197581495,14.914262350045934,375.4223323923304,1,61.87524826017766,0.933021004929201,5.174032816297186
20.220196393207413,43.793086137623895,14.232895651766574,0.0,173.96296566234324,0,34.41997928498705,6.251117801192769e-07,8.448276554495045
64.39242492573267,133.97812198942168,8.0,24.873254985709444,324.15929592358,1,53.08529303954196,0.952424550530677,4.840875120423133
50.557194812004774,95.04157044386655,11.975837998215269,19.86097046411583,280.6708460565322,1,48.626281876187036,0.8404812310316556,6.3983371822453385
31.263982154166015,116.93453042862313,14.271742076751908,7.7710493666864,396.4305774508272,0,51.993601266445836,0.012757979995296903,5.522618782855075
37.85704124102786,48.70695508834102,9.248346817461115,11.307843507476052,297.3594162697798,0,36.24861162493286,0.5703649048775636,8.25172179646636
28.38553965848702,128.8757872308739,9.719736110325215,6.807525442818246,314.500957206558,0,41.144787871802095,0.009007679091280241,5.044968510765044
62.36544029768714,67.66137098548224,12.317503697317784,27.039189373773297,237.78463192990463,0,48.307389322190566,0.39645463830105115,7.493545160580711
20.68033281994121,100.62378060319382,12.504232428385123,0.0,230.18865001014572,0,48.789880515850484,3.284262630976789e-07,6.175048775872247
24.13746757761464,31.120805126220567,17.937434335200518,0.866085832621352,135.55849888678347,0,44.169179181241546,3.713588288248956e-06,8.955167794951176
44.93551524207953,24.304052540514395,16.05062478669889,14.044631759414429,161.75214128710684,0,43.96684742229662,0.07678976241489983,9.227837898379423
45.537554564145395,175.986014275809,9.887891251177466,22.722138468350778,548.3616454778264,1,57.67608270309642,0.5833700729525239,3.16055942896764
45.122737423053266,36.09246432061284,12.756354109721801,13.616629896698909,121.15229021074634,0,48.84546562953031,0.278473569062728,8.756301427175487
39.87472036460174,71.43895764269956,13.749633586400241,10.610847804903848,321.9810838835493,1,64.22530120284961,0.4338481108177143,7.342441694292018
55.62250189775356,249.43962565301308,18.095870429344256,19.898924512998654,689.3108265544721,1,82.63640553773638,0.9997084698500689,0.22241497387947717
35.0206646954998,73.39766893412357,14.586696330721564,11.90715488822833,239.20624443158377,0,43.269467532515485,0.08437597803167156,7.264093242635057
40.20147606219583,109.31067501567526,12.051591848259935,10.06442394580224,326.51989259163327,1,56.64879580112241,0.7276610037309625,5.82757299937299
52.80292382726519,113.87226628728487,20.0,18.40073243812829,294.114385785998,1,72.5270975343256,0.8793729223001616,5.645109348508605
49.01702435334346,55.679548587061774,13.542189580522583,14.540746062945683,194.20014140870924,1,46.829789400862495,0.43534107349590523,7.972818056517529
45.01684423673579,145.8063871717825,11.687257176223177,11.809893983218863,445.36818578677503,1,56.22451487939213,0.7373156074712818,4.3677445131287005
62.7918731583072,96.29075742141406,15.794929795722531,22.10913377213099,362.78419841836705,0,74.05392169521828,0.5129736208726798,6.348369703143438
33.79162455837635,111.0087215150415,14.176677924177254,7.045843784310542,410.57570536702684,0,60.70091414290988,0.08985183713211302,5.75965113939834
42.32030964006445,102.26555395167658,15.89516909045809,12.236161511351106,298.2288355289369,1,64.88237881396037,0.2912165474980296,6.109377841932937
39.57742248653964,29.159823089813315,15.540014015233762,16.17019723184807,145.04415970527995,0,43.77986265678457,0.3780387568381338,9.033607076407467
64.24641009020922,102.03941745838068,16.07995559552623,22.12024928957174,380.32868189626083,0,63.74842791670246,0.6242714416921334,6.118423301664773
37.71397710722961,15.00466714828995,17.681165488939033,4.176889805405854,133.64863969955442,0,43.6221769038391,0.012353199846704827,9.599813314068403
37.292408436914144,131.15029343328612,9.501197470230068,4.463531833110784,356.1418069583127,1,57.14710900625153,0.7719273764582356,4.953988262668555
23.782191905024924,72.14966071188812,16.159788640247925,0.7528815963403414,205.88317020212517,0,46.344123748034654,3.94095779169795e-06,7.314013571524475
53.65364939918627,18.885174024915823,10.526332605761972,23.16812798080447,129.44113238324633,0,43.011573327012385,0.009307697149893672,9.444593039003367
60.80148336749354,61.391664663572946,12.393320545736602,25.95984788234442,318.8919498167228,1,56.12696977570049,0.18305623034916219,7.744333413457082
39.746665585279956,43.218000593335894,14.863019395221665,14.495482735424009,111.45401559202018,0,48.89843837442171,0.3155025921033911,8.471279976266565
44.498031329211805,121.06036446103641,15.882600270434384,7.418140864827524,318.06824232885936,1,63.028937350605986,0.7455779805605569,5.357585421558543
38.79303970312944,81.59313973284873,17.851190091305092,14.009768040258585,142.13341443172862,0,42.44868363507,0.216816795635958,6.936274410686051
27.896665607408888,33.97045173354736,15.302032989462088,0.0,152.80392822681972,0,37.69722605061733,0.0015346136710304907,8.841181930658106
44.89165508125503,74.5026010093891,14.607863294337967,14.725014244028745,205.4690125306828,1,49.8698475556746,0.6626784550599081,7.219895959624436
50.00889557714046,29.70532565037919,15.177360004089147,16.19472482532459,150.23974595280453,1,50.252223117626315,0.18642928360295324,9.011786973984833
64.39845974157097,153.42642098380279,19.097009957868348,23.33901504018894,404.7297520777173,1,69.18331104141527,0.9897457472859225,4.0629431606478885
29.690590033630006,36.12933386212733,12.515104973777921,2.9713221182430174,181.0102327586978,0,45.41283585486054,0.017719729119882163,8.754826645514907
29.240801505432586,125.9490885977357,16.575341791053642,2.079627446568284,375.33957162541515,0,48.29910366815119,3.285062556788739e-05,5.162036456090572
48.61631414211374,20.109304609203768,11.788527921089214,13.821552145631713,92.66031688414543,0,33.91714707684546,0.12309614974930616,9.39562781563185
57.46595754394062,10.0,17.463036890196975,19.998195968083195,75.24506059754142,0,48.33644475083975,0.004232108023520408,9.8
49.40651132117213,41.290826473446025,13.101854503365113,19.189072633000727,101.1857962449101,1,57.58099211771649,0.43838183894288557,8.54836694106216
35.27737819995433,103.74140383576257,11.870378864232586,7.455433113355869,354.6619630554966,1,49.06533307485194,0.5774195907977077,6.050343846569497
63.351892577718644,35.485241590805074,9.705419578546877,19.468943884202922,142.07800252345518,0,50.28028394425472,0.025283959998329063,8.780590336367798
38.0437959690147,40.7858654718358,14.625574211360258,16.039264404588806,126.46455349294095,1,53.04178083489227,0.46958923551126924,8.568565381126568
34.491584670177474,22.865482125359936,19.10328092850923,2.1059794771170557,159.80508440210724,0,43.90724767243615,0.0010150460815862912,9.285380714985603
59.14996723060579,37.50367310069692,16.370802998426996,22.134676743010342,73.79763452348834,0,53.12260921183779,0.01656921080398787,8.699853075972122
21.460305018893774,29.75379163545718,17.815305618356586,0.0,110.29834009288555,0,38.11400616855544,2.8542724006322093e-07,9.009848334581713
43.886728971814534,47.79151423764575,16.427327690593003,14.055421069230519,154.0278235601424,0,58.403219969566535,0.21310200525210285,8.288339430494169
44.75978404703059,205.3494752360488,14.70282862669541,15.731578289851454,656.627108907308,1,71.05721849384959,0.8707781385157168,1.9860209905580488
26.54411089862536,37.03663689085361,15.767410485034326,5.668990429663365,122.54553260637606,0,43.2482371916935,0.0008103884683435473,8.718534524365856
58.597101766083895,19.065116351345385,10.75562731788975,24.227747773906138,212.33094807922032,0,37.26726198058939,0.002366771912388183,9.437395345946184
41.83588756346958,11.439959684040717,14.983266389208362,10.302821236529875,150.73728679731448,1,58.09619552784859,0.11372389566813138,9.742401612638371
30.944192729952462,173.53613253056344,18.07014250123974,0.0,491.70211756012117,0,55.83069712840809,1.4176047066584042e-05,3.2585546987774627
35.20811161972669,153.40425362916278,12.898327767053974,4.233583474372905,426.17547838714665,0,45.56230873776089,0.04289113850901502,4.063829854833489
26.53758407783904,74.7437731416071,17.011635550450993,5.237883712939334,205.65414682884645,0,46.99289646789709,0.00012428258725065324,7.210249074335716
52.332251731618975,160.66700459099235,17.532812430438344,21.480159714745277,477.9932397599854,1,73.85369114687163,0.8913233210328289,3.773319816360306
34.78119320069493,18.59336245808556,17.204634660586795,5.052224135462082,69.2352545433359,0,40.518645054382404,0.024377179012786417,9.456265501676578
59.51100444071819,26.848096664008743,20.0,27.88258674967596,137.55676769217118,0,56.14908408867372,0.11509538524092397,9.12607613343965
46.2144579251333,81.94660367250191,16.43977189665966,21.46896492821589,213.2787091051253,0,55.43625524651967,0.6102356236014352,6.922135853099924
26.903151528053034,156.00556427415864,16.552554631380335,5.039943196665151,397.3369058332501,0,65.88526828851592,2.1665944259866906e-06,3.9597774290336543
55.45610551996929,331.03041368813535,14.693711830081162,18.725827954617106,817.2827248595581,1,80.288588743875,0.999998823001099,-3.041216547525414
26.36567097959393,41.17254366824174,10.327829057657587,4.247522789976058,80.37969865609648,0,35.73644784428037,0.012789317048430794,8.553098253270331
30.946717243063304,190.14000421044233,10.918679309281986,8.986270946932727,512.3968196037932,0,56.03439376814978,0.0027698180765947725,2.594399831582307
29.14530158976573,65.47516315590443,13.71319180242776,3.483978516373479,122.40577880710667,0,35.7905320694505,0.0068184313602820314,7.580993473763823
28.931601136927604,75.14054130173281,13.952503125748255,6.394291691258689,170.32860689479324,0,45.27814394460333,0.017223880181812406,7.194378347930687
33.53404399042518,78.97753542064,14.90368983285127,6.817412195617835,308.38509094071634,0,42.50229851403287,0.13833403871092936,7.0408985831744
55.273789628974775,40.39761627800514,15.838761665967919,21.820209570307664,170.33625142477788,0,57.85092856016887,0.03738465115168996,8.584095348879794
59.69576456779013,26.84078948820242,12.725865596049664,24.142060130236192,234.27092765266255,0,54.85508418408413,0.004031141394274786,9.126368420471904
39.71744410156297,65.65859340738042,11.052455607022756,8.314939932722346,153.2948217705556,0,43.893876015377955,0.9446497700637672,7.573656263704783
20.63417253926107,132.21908858512117,14.401426911843865,2.307438031703259,251.89854354449403,0,49.35624181333278,1.8500439192509921e-09,4.911236456595153
26.022967418774428,27.05083363281448,18.68267970548857,1.9201821302009754,179.4596286689219,0,38.757722649222764,9.43818086682733e-06,9.117966654687422
34.77996163783422,184.67024869517903,15.735659807953072,10.63899519538716,555.4608508147404,0,63.638044208824354,0.0035566467242479785,2.813190052192839
43.173578222080664,133.3724775913988,17.32133805401806,13.857020906374792,466.66234136436776,0,62.58494056347505,0.20739987985158717,4.865100896344048
47.80297925787029,73.29987574215063,14.271102490345024,14.557234847548553,212.4872833869394,1,57.80932356739244,0.639043737854331,7.268004970313974
27.228642886743792,70.74638094162606,8.356166843970332,7.485027286503245,163.68403143997514,0,49.18391655466151,0.11419492377473506,7.370144762334958
20.649071948827714,109.42664776868482,15.659431144721648,0.0,365.1764187447934,0,46.56289732839862,6.618226240974459e-09,5.822934089252607
41.95482223108139,61.077000961072024,13.349670275901612,12.643844071969703,76.20299514123076,0,43.02207703161057,0.5084556552995986,7.756919961557119
62.00384577780761,37.24085630614277,17.54922598926164,25.409670676161113,174.37064099292104,0,57.73665680605342,0.036504660358135196,8.710365747754288
49.065684715244316,15.087873629320907,20.0,18.71818987996099,61.61975055747192,0,51.223360418347276,0.09425371144411422,9.596485054827163
60.82579913171111,285.055935547424,12.10614188509608,20.09984147744722,772.3438800876576,1,77.9632269279987,0.9999987406224302,-1.2022374218969603
27.15966664537948,15.773748794973125,13.946649181419904,2.266143908695391,106.03858516268734,0,25.41910069971445,0.001469678268022022,9.569050048201074
25.63063438250852,62.235721790161286,14.201608702452909,4.156012794143422,184.4747329509428,0,49.76715301601823,0.00022454140579766845,7.710571128393548
57.47892315407694,233.67762628049638,13.251683813446812,21.03099893574939,690.1156573085715,1,79.14641005159491,0.9994802494078625,0.8528949487801443
29.802563625708896,45.90858158843361,12.683244586730762,3.3076216865526398,73.70869429664398,0,43.60983060595438,0.026169880709237293,8.363656736462655
47.887612547941,96.20054519121383,16.872368526144825,13.717544424338124,371.9126320618754,1,57.544180532003985,0.37745832557042774,6.351978192351447
50.98936451904771,132.16270353179698,15.310882529871542,17.349496515384057,466.42688421401147,1,59.41853771132318,0.9240562403983372,4.91349185872812
33.68906825326797,154.44406639567399,8.0,11.942394073560015,383.5008745647098,0,60.979269494296986,0.04666352940941065,4.022237344173041
54.93443880728043,10.0,12.91725839926227,20.244693032259686,206.1258185474651,0,36.674136798587476,0.007089874793570643,9.8
21.414916616700612,16.266182269465922,14.348358586226022,0.0,15.423011433202362,0,40.072445504338546,1.1417669234197115e-05,9.549352709221363
57.944328252969555,70.00847918830812,9.94900859395067,21.271601886376306,327.76900191048014,0,54.45456148771498,0.20481078811847056,7.399660832467675
55.834084321398585,99.01326011216456,12.989846697557335,17.93237642633902,290.73517685196174,1,55.3859287439128,0.9250295030955047,6.239469595513418
64.34490166098345,54.90962229163841,12.557096587658954,28.976029131629158,151.30550338612682,0,58.040219756138185,0.1140158180901641,8.003615108334465
30.81761738339049,22.046761753266857,14.91427747506931,6.115724798291959,65.00592197219886,0,35.43791252053965,0.045111840135283715,9.318129529869326
45.52048094294989,58.36711639836943,12.830425261923667,14.907347940018404,197.0561762934223,0,47.16186643894546,0.6441085420574251,7.865315344065223
21.98070413410231,179.9599199434188,10.54400715969547,0.047013786944109105,460.14374731395986,0,56.031552825868545,3.773537962321728e-08,3.0016032022632477
32.338519427598115,88.67046720177227,12.664811599264747,5.43302121236716,270.52707778613006,0,48.04798651165504,0.14031914045217425,6.653181311929109
56.87663233975134,133.2852597634297,18.657040865906545,22.672817310241797,324.8599760838661,1,80.00385806610221,0.8768120109397917,4.868589609462812
64.14121718907217,127.34785906411933,11.60066179459806,23.653067194518794,466.7024371326555,1,64.57312754904868,0.8712936649715057,5.106085637435227
21.647781224559342,61.22123490953144,20.0,0.0,183.63780641477726,0,44.18878114855226,1.9242768783364407e-08,7.7511506036187425
31.194518456328936,39.652271378234616,10.38297675395685,8.106862735245553,107.55082361035514,1,50.68648178273399,0.47320766532895414,8.613909144870615
21.70686780465077,36.14000885727002,8.536972038504139,0.0,117.87730643346822,0,38.587534018182275,0.0010054363584331629,8.7543996457092
46.4849185960824,50.46205706029395,15.402040217279252,16.65772247603475,229.57774335808855,0,60.10083532126897,0.5769838490413032,8.181517717588243
34.08853905316708,111.97027926181624,16.58822000023235,8.536522724020756,412.08948123391156,0,43.89655416525019,0.026944788013096677,5.7211888295273505
23.1524992194818,32.071444630491754,17.5022167701413,1.8298811296141677,110.62519205016815,0,36.19556770453778,1.4662184724682255e-06,8.91714221478033
61.01641266206358,136.4977165718716,13.298779027357252,25.550520168291076,506.51254194108355,1,72.71098197934813,0.9545724484895551,4.740091337125136
27.40415849216975,491.3681338235616,16.865472325444408,3.906190084021965,1000.0,0,94.20175961775767,6.591836915053479e-12,-9.454725352942464
31.300309606436024,57.45413898664241,11.34388065669488,5.264709365631706,191.48814253335559,0,39.14279654870327,0.2356543989197414,7.901834440534303
59.644324017166824,36.38867866802614,16.288593500073507,24.69695362832262,208.12905141604415,0,61.53334038611786,0.02344373348738195,8.744452853278954
59.54495934662721,40.22635753222915,13.476185867396039,19.647285933279004,127.13951288569557,1,56.080023051441415,0.05343881929616043,8.590945698710833
36.14804056575737,135.33433417660424,15.115531008320383,8.804409121108936,390.3340003042803,0,57.92001923758038,0.09422151419597637,4.78662663293583
55.87366555791039,84.8978971392873,17.566791344104953,18.909920690200828,278.513180646568,1,73.92520588382172,0.7218255143360102,6.804084114428508
52.00568353326928,226.8682900330117,19.84480214448234,14.731884047188265,584.0431907426746,1,86.9516595348066,0.9826945806413617,1.1252683986795322
42.60589533144359,37.5071839589214,13.279159491859339,14.153785253420558,91.86502447650659,1,45.746053524216634,0.36511095713790914,8.699712641643144
51.1406688307095,108.56901065962342,13.274533308674973,18.503952499746298,306.9508233449452,1,68.36244601697074,0.9309776647611183,5.857239573615063
32.03481705955381,39.23166863123136,13.74483490064967,6.105218576292801,243.87116222224736,0,40.17870240437947,0.09892009179575977,8.630733254750746
64.7538428876806,35.88879625534695,10.054056075248065,23.56966656809545,133.89200683745622,0,40.10193478258613,0.003903541425576803,8.764448149786123
25.363993997405398,18.7485285139229,18.917175857359673,0.0,119.87930338749835,0,42.42180643472776,1.0586756465836094e-05,9.450058859443084
20.686947954434537,81.90139379221954,13.96420765412425,5.975609681867156,292.9043768042599,0,52.54729321394354,4.5338634112919076e-07,6.923944248311218
44.54052199363245,94.82823601325089,14.927943467598649,11.638072731716983,380.75467918921584,1,67.22127668563508,0.4076197334420986,6.406870559469965
33.27600541281834,74.51556046699497,12.623308488858534,7.647431975818488,236.6507058204639,1,61.18091971537927,0.42387147669364744,7.219377581320201
40.98664411773869,360.5758830092863,8.602510802039259,14.839422596190122,884.9309916589851,1,86.40880514195845,0.9279611877399043,-4.223035320371453
37.76097667920742,116.60864003742678,15.174440783449452,6.430152442295752,321.3799543686761,0,54.058505415922056,0.3019468801443584,5.5356543985029285
42.0646838240323,72.41632796530698,16.253563364621627,13.92775843716028,295.65884406279395,0,48.06304771450891,0.29465500535457806,7.303346881387721
32.859615016278454,52.8099836611314,10.259323269402422,5.217074732393192,160.4149674937314,0,34.102650324743834,0.6086950255780164,8.087600653554745
62.716136383689275,67.3028396896385,20.0,24.745388068579828,307.7403528794364,0,61.391290617010796,0.3260654968912853,7.50788641241446
36.18524344341749,119.55228305308543,16.760562851469217,8.332304520018688,308.9117215812357,0,56.53567508293158,0.09058348103537098,5.417908677876583
62.38969132218035,114.37450545236166,9.661977435654082,23.70158389648125,379.5722640749158,1,61.915279964869875,0.7275978818278888,5.625019781905534
59.69807699882906,10.0,12.686130699470615,22.12149927525228,174.9216479945145,0,46.11286636535854,0.0007139450294748026,9.8
44.819864268829626,10.0,12.788217350006695,16.51855867089407,71.7097930522416,0,43.50566580414393,0.3694215829093174,9.8
27.223040846805347,87.34578030231961,12.02691883119483,4.57127303572027,238.18082470054267,0,47.030439930620325,0.0026901362539919317,6.706168787907216
37.3572355499147,187.36183371742496,12.193937084017858,10.15725068540303,510.1848427795982,0,69.09651879704658,0.16186635916486725,2.7055266513030016
50.883240520764886,39.47363369255008,15.178573024857464,24.05028192572771,231.70012645916356,0,53.47421573036246,0.10716385510365369,8.621054652297996
25.571843372769827,72.01947597868433,8.31567394497597,4.544889328128711,217.5226202895668,0,40.40929853795186,0.010651369140579856,7.319220960852627
25.68302608908282,23.600154747937413,14.48247870114512,2.993885899673921,108.88058736448193,0,34.521159840588076,0.000256293780898712,9.255993810082504
63.700565971484416,33.147493254095494,11.451077371916043,26.35629266770686,236.35099605760547,0,52.093371290626735,0.008899171279016786,8.87410026983618
22.003154032570546,154.1902257587343,15.619506461734307,7.13170299074398,445.2768714610963,0,62.73390048688437,8.809023662158554e-09,4.032390969650628
31.597305520868552,66.06764274838767,17.529835526653553,1.987653954156638,329.68169962535217,0,43.805702498709906,0.0008492150852574043,7.557294290064493
31.4823560602265,88.50494003633523,19.28046454494659,7.34098694828368,249.48749812523653,0,48.11027698930836,0.004132874206144784,6.65980239854659
30.136274373120465,34.853267297696156,13.473641874284533,4.462804136433034,149.73392528709365,0,38.64519831839262,0.02288241527614371,8.805869308092154
36.99618644078126,137.37338474769768,13.170112324247203,12.27632225931342,375.80805789585816,0,47.21867598083591,0.07185171706995169,4.7050646100920925
50.75868684509393,52.98399297236671,11.543233461764794,17.566826855966347,171.13771107261283,0,44.162215411285075,0.7197818022428831,8.080640281105332
45.84105280231934,104.61798637575046,18.248159975828422,11.661493833729104,336.13883703298706,0,69.06176117871931,0.2085621277362395,6.015280544969982
62.47968777145439,58.223312155002695,12.648938532245658,23.70546297149194,293.0513150447394,0,59.113585275055485,0.045981831556117216,7.8710675137998924
48.44219005403418,41.063832719151804,15.078644872870747,12.636631352667798,225.20893478175316,0,53.83194858539413,0.07762626547113971,8.557446691233928
41.351673169179705,116.87800525136444,13.440768130283578,12.190674940373361,312.3199514376729,0,63.42816808462071,0.4149112058835649,5.524879789945422
45.290688592421446,23.699753809232508,11.703583128297725,7.420590588383849,129.93381726909652,1,46.17751780711184,0.738272534111246,9.2520098476307
61.926498890437756,169.8773617999765,11.707042539030704,24.926652634345224,409.32186539792156,1,67.94421201251015,0.9955241636227994,3.4049055280009397
55.10261771858765,178.8910361428706,14.450385268893715,16.504646143706427,546.9713802028716,1,64.54672176343274,0.993090235730793,3.044358554285176
42.870558615516394,36.04494041718672,16.41524898932326,16.67005370009778,111.96820153883482,1,60.599661034210854,0.4952336501069878,8.75820238331253
41.82862529489226,34.30000519588334,18.58837075095562,17.645969988359322,177.64769435232424,1,53.664223859064094,0.396350820761254,8.827999792164666
61.651879791911114,28.596933838744768,15.581574733353015,19.112929802912888,180.82831334087845,0,52.56531001414569,0.010163136931935955,9.05612264645021
36.64824823005028,51.94684006279957,18.731036935188715,2.1581239651098887,160.20808423051278,0,42.99659265506248,0.004614669783996801,8.122126397488017
31.111742681530608,84.72572191260815,12.570675578685488,3.9375802752312383,229.23328630229798,0,43.72946361417141,0.04069863037596208,6.8109711234956745
57.439548685207896,77.09392272868219,13.193837230029052,22.816377285871905,223.6347598720716,0,59.672202333300284,0.31696342206675165,7.116243090852713
25.396997530603016,33.698088309788155,18.875963165404272,7.958976048476724,128.77641342961775,0,40.8205299191689,0.00010516999685388352,8.852076467608473
55.270113909468606,10.374196328158279,18.035714604442724,20.974287046938837,85.64937219586554,0,53.41800859898847,0.005396652964334938,9.785032146873668
20.683145194025265,105.46156958001784,17.865933126733676,0.0,292.5476052695404,0,45.339488738832614,1.788108203131071e-09,5.981537216799286
60.94724400504794,78.07337448725342,13.761528975223705,23.515896914652934,312.8806813499864,0,60.158168835470256,0.25883456388700354,7.077065020509863
49.128425374759594,168.16713385718097,13.543425527451607,14.63517976359205,580.2900965623215,0,68.36727414349555,0.8921102483717407,3.4733146457127613
31.91504528205676,126.2662225268317,17.68770208538462,4.103138202863352,434.50709089366273,0,56.23868474000868,0.00024997563227900833,5.149351098926732
52.67403267975206,26.527813575133834,12.881583796935566,17.04885838455501,77.14659693904454,0,39.14068769948836,0.20318895416934862,9.138887456994647
29.729178682423168,52.780249752894385,9.470617474314338,4.544375598473459,157.05653953953774,1,38.67794051515267,0.23154318359176035,8.088790009884224
47.60232428444763,55.59547820587907,14.28862777592931,16.582881254210392,149.6846118774933,1,58.843348148622816,0.7258617130803903,7.9761808717648375
22.79666224184868,18.37998173777947,13.158000879870691,1.7549609853426262,89.93757412185191,0,39.82270036971311,4.74403281263959e-05,9.464800730488822
25.237430292701262,63.72892477464891,19.610644261312466,1.9294681008197039,213.4989048478292,0,57.867922136930794,1.1638463621375643e-06,7.650843009014044
22.684447968578183,95.01963759413206,11.543576136887339,3.128779815388914,246.1481356589471,0,48.37367758283156,6.315531962089203e-06,6.399214496234718
31.16449286795915,142.89601657717577,10.652126955523118,4.814831682225032,322.32933573057335,0,51.28493683622708,0.01984875681952464,4.484159336912969
55.143671420206616,74.54203609349824,14.64615216184152,23.393358561444106,245.69465075575528,0,52.844338347626255,0.36115211757316945,7.218318556260071
30.954909948378933,18.669422634585587,14.483114712667167,7.783865484722391,89.974127301515,0,37.62106355130289,0.0816439292286454,9.453223094616577
53.75648840778848,103.64436566515572,14.832233591702368,17.924028170895056,379.7644116165263,1,59.84456392562699,0.8973372699327048,6.054225373393772
36.26216554433602,116.3628915789688,10.67243001680237,7.5317186472160484,404.08995029427837,1,54.5232607344022,0.728756176753763,5.545484336841248
26.549554431990323,108.7416434299894,12.010980430743333,0.5701895326167863,351.9291209663867,0,44.12857125241625,0.000392137321812259,5.850334262800424
43.55726730889991,17.742856297651134,17.082186016934752,16.116558771387062,83.83327882422827,0,41.96179612139359,0.23422046439582236,9.490285748093955
39.4363415873557,52.075067556826866,16.722912448102477,12.234326995424968,209.48460499164736,0,50.108048108264335,0.09283179586646076,8.116997297726925
23.544965649102075,80.50096056402498,18.252451329814175,0.0,252.91180964444936,0,35.01732262778682,4.3684106740670636e-07,6.979961577439001
64.09634370669761,167.2849522828081,13.679748856965839,23.500480943188016,545.0653052972049,1,82.16441629730069,0.9924852045857421,3.5086019086876763
20.51725324923438,28.37353611119256,17.603418052601985,3.4669170053148926,76.20997551070246,0,44.78108672385475,8.170024830242042e-08,9.065058555552298
52.46684682901837,74.09381085517055,12.315843569277433,19.23951796071676,276.17723557770404,1,61.59373261538839,0.733785595154427,7.236247565793178
31.537947726890522,500.0,16.276969258361596,5.189579628878134,1000.0,0,103.81595415396173,1.7442894872565792e-07,-9.8
57.0943715734022,126.73605763588989,14.414555677701042,15.165268872913625,404.0628741008102,1,66.27051145815746,0.9016476285084831,5.130557694564404
57.55186819621076,81.5133610475313,20.0,20.322005244709906,260.93809393171335,1,69.95744026804714,0.47626045232734016,6.939465558098748
64.19268213047854,122.83350429119832,13.052487172730082,26.49604735143761,414.31568936475617,1,69.46312897845345,0.9661686559143957,5.286659828352067
49.85947229414806,86.94376752413655,13.324504047023506,16.493493997622814,295.02843750233365,1,61.39670018032535,0.8883851711135718,6.722249299034538
45.96441209988198,70.04359023361877,9.927010339276936,10.669561423709169,236.70993578934014,1,55.49920511245397,0.8940118140192309,7.3982563906552485
52.594643821958606,35.99368789395745,11.430104878262416,15.956164188743937,151.07078271352586,0,42.83991197282462,0.29209313061814796,8.760252484241702
25.551033455246646,19.10437643579098,13.580992604593629,0.0,167.68582059952962,0,34.41812719946266,0.0010836291100352077,9.435824942568361
53.29118006604491,152.02772369965712,13.515286022581666,19.89624621749479,395.31716277375693,1,71.25390393938213,0.9559390964872657,4.118891052013716
32.61176699456681,58.960023702468646,9.561568056622697,1.9805808763105741,255.6352659439811,0,42.246176583992245,0.5026148263233254,7.841599051901254
61.16165411795614,37.55110080779141,11.86669974492306,24.306347699013955,227.55106555556193,0,46.4800094328313,0.008979240262094602,8.697955967688344
46.71605113429284,67.49992260136447,12.270061963769233,13.133783543243336,228.76959058078694,1,58.37615314917628,0.5767278620958364,7.500003095945421
63.523274473141676,69.38595540476055,8.0,22.643544736216374,265.56466435392775,1,46.49376154642376,0.09844113558245521,7.424561783809578
62.05242988916711,93.7193856796758,9.321325921412207,23.154547504647915,304.2744071557316,0,49.697271636384436,0.4463646387421162,6.4512245728129685
53.37150518401364,103.59145425745037,10.748520417003856,16.433259987568455,365.3559619233996,1,53.823222335339075,0.9449242996160658,6.056341829701985
26.83663393727607,33.06016203407872,11.936480244058107,0.654439449349832,215.04550795919272,0,37.649231207807546,0.006190192299554755,8.87759351863685
35.53161041087854,30.378176677922546,9.893599018778358,9.554709082021995,147.5579294410524,1,43.752911938238604,0.6878444309417926,8.984872932883098
31.479214483237556,40.77688663004008,18.21504298853754,5.718885903176738,187.97295144065134,0,51.22011650251745,0.004720537057794307,8.568924534798397
58.30484402576536,29.905039835605294,13.948024248639056,18.12545059417672,172.33286825964348,0,48.079691445095314,0.043054072800701185,9.003798406575788
34.760946637236046,110.44450566649762,17.8947742221169,6.085202739516553,294.906273437453,0,52.89645467999939,0.018405889922595644,5.7822197733400955
59.4905612560033,26.535398545380374,13.446262477501087,23.822409894316237,87.49720121600996,0,42.171495037487915,0.006160985032104624,9.138584058184785
57.25177740113213,49.55715919746455,8.554745704451761,21.906808613989075,224.2789583986322,0,42.600167760167125,0.043819134132862,8.217713632101418
29.58185035918487,20.272798155657348,15.230179615180525,0.8652757978748742,33.304327147504736,0,38.51544283576756,0.0051797491814803915,9.389088073773706
29.281245433025788,10.0,18.307905321117307,9.9008762922672,19.008998083654532,0,44.49879563530752,0.003264041578889616,9.8
28.499184931503688,69.59209708292788,18.440915988138283,2.847662938376748,227.69470786176993,0,47.53853251789301,6.629042569422125e-05,7.416316116682885
20.79841160561785,205.23691562596866,20.0,0.0,447.0025748848719,0,68.41672454676481,3.447176157120253e-13,1.9905233749612536
21.12922193755921,46.53873978817166,12.839669908715969,0.0,171.33916268685462,0,35.129925824656034,7.1748986599936815e-06,8.338450408473133
30.465996236558624,80.4966555510168,14.009114980132823,4.714620626689395,405.1405258061414,0,45.69342102925141,0.00898005623358945,6.9801337779593275
48.11730711308854,95.13775523116317,16.28196221444329,15.663588249698728,240.45655771963283,1,60.901972964712336,0.8043004018989707,6.3944897907534735
24.764451920234087,65.1882789186966,12.059983389096104,4.534479306340914,210.30421611989055,0,47.866661165418755,0.0004093862555303689,7.592468843252136
30.089543995426332,13.224833864600713,8.708851676918657,4.613172627846691,81.73383553143796,1,39.187442979735884,0.45799726939639934,9.671006645415972
47.29992282943717,68.22740087690765,15.527004888502224,17.326372187077364,278.63706465419824,0,53.9124196907052,0.7708862728040513,7.470903964923694
30.098560709211842,76.30994808956284,14.366749370875558,2.2299773043418707,304.22883633806674,0,43.394766903774226,0.0035021704982431488,7.147602076417487
59.80038405821528,52.35921750976058,11.549275172177785,21.731550434927495,154.77230304177903,0,47.62744544264497,0.05119745075934561,8.105631299609577
58.50752412213745,41.1360314710696,16.19593346716616,18.34579995063102,174.5278173016142,0,46.97309055016783,0.08131443453882806,8.554558741157216
32.688864110835134,47.44316453165989,16.669279951511868,10.627374787361822,172.60373832072443,0,46.051590977012744,0.01962874483563094,8.302273418733606
56.36578223934286,18.11020010009838,17.836640771567073,24.60015042178669,146.78585078769467,0,56.502322635917345,0.013848165636932596,9.475591995996066
42.320432529176635,34.75414100522605,17.160263328034397,12.790701293126936,267.2392707190927,0,54.12123208331638,0.04440577119767054,8.809834359790958
64.6328506787778,163.0851658820201,14.712140368490655,20.682007286822174,491.1174730832098,1,75.99906129569658,0.99479945494578,3.6765933647191957
62.48267808732926,31.489770135293586,14.400324417532131,28.20410847986507,91.39971402457462,0,63.77831513543503,0.02970387171003598,8.940409194588256
43.119184260623356,87.65147292964637,13.128006895447694,10.209236111514272,347.31317954572444,0,49.371661769904904,0.7275949104227155,6.6939410828141455
29.96352709291091,35.07276328218556,15.644704855906737,2.9218282592947062,175.06138214069998,0,38.35262431146347,0.0020765491941797266,8.797089468712578
49.791221259581484,70.96810764708705,15.012652064563182,15.940965295522636,304.21359068277053,0,53.978043793460714,0.6676719909681755,7.361275694116518
28.1772144598825,68.61711662702236,15.730232221913646,0.21172063345961556,188.7527803702575,0,46.613694487008885,0.0008648205525086457,7.455315334919106
59.54805655847129,45.05190805481906,13.259568143449243,18.263344603595506,178.71846362192605,0,48.04444815554522,0.13863754864822708,8.397923677807238
40.63163043667685,55.38803792730853,12.875147591692883,8.655486045590509,277.644222957604,1,56.03074328753667,0.7531609805614244,7.984478482907659
58.22666367791762,48.18914962350468,10.208827778316126,20.99674146426317,246.48084121151786,0,42.2813936903836,0.04880507121911295,8.272434015059812
20.96738998346169,55.37207841054246,16.20715996353305,0.14509022629126522,124.07687474997486,0,38.90608687293646,2.634977613337466e-07,7.985116863578302
40.28901345605702,10.0,10.320279782694746,14.710325421811477,0.0,0,40.420305822779504,0.4926244771502958,9.8
39.00326892885187,310.13078215134544,13.3935592135793,13.393716945637681,851.3518044611997,0,78.13838680506551,0.11246309940715733,-2.2052312860538184
42.065973745025175,21.03832366200183,14.921873063591857,19.752952351252674,135.31959734448156,0,36.02135042899916,0.2731965012362724,9.358467053519927
24.230081795504653,93.05307819296473,12.783550927292668,0.4867289226460376,257.5065033606659,0,47.73346342427105,4.553971851142412e-05,6.477876872281411
43.31634003440716,14.107899621459818,15.616867490624761,14.388571141903444,139.51519694632654,0,40.84963284293491,0.09227619627664792,9.635684015141607
20.367687921363913,15.92016441172497,12.431480111004547,0.0,84.60982570605289,0,36.96753123458069,1.2253533741001786e-05,9.563193423531
32.90370029306919,57.41705654431069,15.427049276643434,12.267132243409083,205.34014021776682,0,48.61292127333039,0.022816852017380367,7.903317738227573
45.112807660027485,62.53792982016582,13.003661106060965,14.152027368391071,313.6608943143583,0,41.814834218848134,0.4888637548032181,7.698482807193367
42.06885211882783,61.67212191783074,8.0,10.97050737274748,245.7153492162604,1,43.25621715848449,0.9051695762227913,7.733115123286771
57.095477108627485,25.774459843174082,14.872017635849321,24.953015767910237,128.13453921843256,0,51.2231098312696,0.020435847971533787,9.169021606273036
36.230266580759334,15.189958018255469,9.441297833174142,4.439963311597443,90.88577993859373,1,44.0732327230014,0.8049970298357134,9.59240167926978
34.23105354212832,56.593500716491704,16.822387686678912,7.1221395438278,119.41958751070688,0,49.93896402476986,0.11898510558778302,7.936259971340332
40.355596027275,68.4901812489913,15.780605422606154,12.87683244054304,109.55030615100836,0,49.15490968033547,0.2943310255184295,7.460392750040348
56.50300172032554,39.27183262669435,14.370120358705508,23.80825006883719,194.63256416375106,0,48.18925463614024,0.03056384069579009,8.629126694932225
33.11487598864346,26.865424453362177,20.0,2.2318800826897025,181.828532820793,0,48.32073074234398,0.00030643317212259504,9.125383021865513
54.659234625690004,127.21600031948002,13.9694641801339,19.86774296784101,393.09226410749346,1,64.52366339531534,0.9002389212051456,5.1113599872207995
22.878830991517802,28.872765741152353,15.59731422144774,0.0,126.4743425428752,0,29.707669206081682,1.0925898696407009e-05,9.045089370353907
53.08462433555354,64.04369602587525,11.257810308199545,18.60464049962172,167.606935987089,1,57.708856769506475,0.7525380800984398,7.63825215896499
23.5145044505042,235.88938050569757,11.229523996203675,0.67265228312382,529.3621093905642,0,69.14192140641556,1.2121742595134145e-08,0.7644247797720967
54.30303217889701,127.80022426065227,18.553528213526462,18.265523068252342,458.4299256061262,1,72.56540519788514,0.8967551075755777,5.087991029573909
60.355127315044925,110.70072933619066,12.379463240998321,24.3573962037021,355.71192323499696,1,64.81561906823714,0.7713870035395333,5.771970826552374
44.182006486688856,23.78695691526977,17.671338649268765,16.821180202854226,73.6891048882772,0,41.832273545799225,0.3246634082624795,9.24852172338921
57.820672879920494,195.17645872218836,13.490804848001302,19.618759034341938,600.2897977360385,1,66.06338499682408,0.9978550125030481,2.3929416511124657
53.05611678950024,23.79274112408218,16.450437158848455,21.009441338803683,153.7415507687119,0,57.32755039848765,0.0229484557472363,9.248290355036712
49.60255041991102,39.84411661558236,20.0,20.157984713781797,255.71736924320146,0,51.183782270745525,0.12610613009442553,8.606235335376706
33.11954766730736,41.88887595020134,8.35224146310885,6.795977197374295,260.559114478983,1,44.69958186362719,0.8516302995646593,8.524444961991946
46.854568882986385,17.33030166980535,17.721878299089486,8.934468949452938,14.045642223843899,0,42.743067880513955,0.059915736477703305,9.506787933207786
63.127323006104355,14.948451675706965,19.204824486942226,22.171485920185113,61.01570660787161,0,60.46177988203301,0.0007815712352397927,9.602061932971722
30.14354116390309,169.7231369376143,18.426151348355365,6.668154663892446,482.761913427375,0,56.201179649797076,3.941449597518083e-05,3.411074522495428
46.698211660784594,63.07097242110888,18.191980682629854,13.202814411729594,156.6839184874193,1,61.90918377258136,0.1592517933242319,7.677161103155645
20.78814839761531,91.05325457975309,17.02310468407186,0.0,223.44725490555587,0,45.65709349157868,1.5457718650876427e-08,6.557869816809877
48.3194979743693,91.22883768186644,12.706542233066813,19.05865687575953,209.06331788946596,1,57.36875699104614,0.9056499119327082,6.550846492725342
27.554687039485472,217.70771168152592,14.333299989958192,6.426615124209659,650.1639206170514,0,60.36281337220963,2.7074927127835853e-06,1.4916915327389635
47.10393937987258,141.02613146424443,13.947654685523952,14.848907290282094,463.69534015803345,0,56.12858869365682,0.7838773000702018,4.558954741430223
20.295344215246022,37.951599991320926,14.277516213838567,0.0,128.10546106007683,0,41.03522807855959,9.245163589455009e-07,8.681936000347163
62.443945073699176,62.76655866709111,17.274906832168128,24.78092702793022,288.4154207425649,0,55.6544625583698,0.1943064784636679,7.689337653316356
53.13267366020159,89.01751577109415,13.343027446413439,23.3380516840205,297.3747985668501,1,51.72652670476697,0.5353805784347716,6.639299369156234
47.79232563189098,10.0,8.0,14.001050957736023,87.61081088782885,0,37.67480329859273,0.25873440452438506,9.8
38.16011387395692,16.99655565895126,15.455637026561076,11.905125258771115,46.36568774069573,0,40.73689296590535,0.08042369754356991,9.520137773641949
52.74420430726358,201.22402040183897,12.799193251885,20.626636783677743,539.3157437726115,1,66.95632202356731,0.989643491702728,2.151039183926441
62.61053043602163,62.98284532333535,16.900801402936136,27.148932732157657,254.74876665659446,0,58.472983090334665,0.5105210829501456,7.680686187066586
42.89245268305547,33.22652891232203,14.596237095113583,14.582600699793517,180.8234049525927,0,47.38285205476258,0.23338216783490573,8.870938843507119
31.716226268902105,36.294939966942316,11.126586900644472,8.067179752542998,179.75614809248515,0,46.54206412576063,0.38127015197248254,8.748202401322308
