age,income,education,experience,assets,gender,region,industry,education_level,occupation,treatment,outcome
44.96714153011233,15715.627249730847,11.409519185105198,25.329459628540956,9109.436138058745,여성,경기,서비스,고졸,사무직,0,46.42015453111905
38.61735698828815,20490.992219679618,13.906389533182749,17.449105787629826,34286.706227552895,여성,지방,제조,대졸,사무직,0,54.49729533984327
46.47688538100692,14820.846848626641,14.05405061613334,24.538714397725094,41669.65636428763,여성,경기,기타,대졸,관리직,1,59.88886724487615
55.23029856408026,18883.036062767096,15.417891037530216,32.71641588906776,28210.872047523357,남성,경기,기타,대졸,사무직,1,63.03014309875898
37.658466252766644,8545.778236904704,9.89942491015752,21.330740721186746,17624.011223629674,남성,경기,서비스,고졸,사무직,1,49.43983483564252
37.6586304305082,24505.352784920222,15.777701821541992,17.555237581628973,60027.00577849612,여성,지방,제조,대졸,사무직,0,55.269159027724804
55.79212815507391,22039.745977554187,5.886825105191674,43.26298497247083,54213.65803295324,남성,지방,IT,고졸,관리직,1,54.079857758235775
47.67434729152909,14639.164035225105,12.110346342908569,26.392749535081332,26324.147783636516,남성,경기,IT,대졸,사무직,0,59.11595985535477
35.30525614065048,30626.558434707167,12.535178472645367,19.050213360995432,81003.56769244194,남성,서울,서비스,대졸,기술직,1,54.71153005927928
45.42560043585965,35199.426499065565,15.899980478213715,21.85143969041586,52040.42432628686,남성,서울,기타,대졸,관리직,0,55.26552122792998
35.365823071875376,9859.78919761115,14.067892558030607,15.18048965963551,26835.713996619274,남성,지방,기타,대졸,관리직,0,46.86046877168411
35.34270246429743,15042.542173548873,9.78331083843114,20.452464639747713,16555.339291117267,남성,지방,IT,고졸,기타,0,45.51375895087135
42.41962271566034,14994.351239213773,11.045020622548954,25.77382292991695,18001.333693124638,남성,경기,IT,고졸,기술직,1,61.7635935262367
20.86719755342202,13767.258083868654,14.596040028642221,2.45951661982275,8711.942399243944,여성,서울,서비스,대졸,사무직,0,49.07873494101223
22.750821674869673,33347.47782227502,13.76279797440633,3.9460299872488602,83000.35803588403,여성,지방,IT,대졸,사무직,0,53.241369125299045
34.37712470759027,19991.989166314353,12.26262767109276,14.391877877103294,30840.403994454486,남성,지방,서비스,대졸,기술직,0,45.48871378218613
29.87168879665576,19297.72667981428,12.557498631464062,15.67131451317502,20702.43782257392,남성,지방,서비스,대졸,관리직,0,49.119720039209454
43.142473325952736,8087.450496462648,16.088503991477868,21.442636261151335,8730.20623769488,남성,지방,제조,대학원졸,사무직,1,56.96107436713018
30.91975924478789,30263.84410423499,12.446922281392355,12.178156510152524,83331.49029443774,남성,지방,서비스,대졸,사무직,0,50.658347703588674
25.876962986647086,11853.409214035288,13.73572626791278,8.069087564845448,30638.591396122243,남성,서울,제조,대졸,관리직,1,49.134360643431556
54.65648768921554,22696.507003537907,20.50980976424163,28.64557981683405,42756.297542228574,남성,서울,서비스,nan,관리직,1,68.00859626969549
37.74223699513465,25303.25870471288,9.72895208934823,22.811741291665072,51625.65678657322,여성,서울,IT,고졸,관리직,0,50.97879660088154
40.67528204687924,43491.869776521846,8.444471805276024,31.21517823880459,73319.19975338012,여성,지방,IT,고졸,기타,0,48.92479298425765
25.752518137865433,11448.223000101107,16.35076899439582,2.8515062869595185,16933.82631143872,남성,서울,서비스,대학원졸,관리직,0,42.97773139596395
34.556172754748175,4867.053110240371,11.96407081611769,15.956580150595693,13572.713060337273,남성,경기,서비스,고졸,관리직,0,46.700013994451176
41.10922589709866,24147.225645472783,13.045287416772139,22.297095504351446,19656.60856234291,여성,경기,기타,대졸,기술직,0,58.119454284766874
28.490064225776973,54190.212544178314,11.656530865606658,12.97656523133239,83784.40745496786,여성,경기,서비스,고졸,기타,0,46.856824312279066
43.75698018345672,40924.049496416534,13.220599577697463,21.523312545378456,55714.19619089709,여성,지방,기타,대졸,기술직,0,53.479244789699784
33.99361310081195,24460.86341400829,18.795614336289024,5.266886981569915,42693.42352613713,여성,서울,서비스,대학원졸,사무직,0,55.643363104266356
37.083062502067236,17226.116410856604,16.40638537585436,13.502446584972581,28321.10806601258,남성,경기,IT,대학원졸,사무직,1,53.6033199698839
33.98293387770603,32976.85722847502,16.586670535660932,8.128417423926525,59266.79362075747,남성,지방,제조,대학원졸,관리직,1,56.00504971237514
58.522781845089376,13537.608420085617,9.751318832622063,41.921800317416036,11504.225020637616,여성,서울,IT,고졸,기타,1,57.29406846164719
39.86502775262066,27950.179050924977,10.546538790341392,24.323488354537847,49831.081639853954,남성,지방,기타,고졸,사무직,0,53.76034871039845
29.422890710440996,28360.002805860546,5.482764021543719,16.15862896179275,31367.497008016984,여성,지방,기타,고졸,사무직,0,49.13356822647771
48.225449121031886,37425.40211363603,11.571857536751738,27.799938430717464,35959.3882018981,여성,지방,기타,고졸,기타,0,53.72069116523577
27.791563500289776,87538.1536880012,16.870109559156976,5.060128264563495,57957.746364868355,여성,지방,서비스,대학원졸,기타,1,55.93707746549738
42.08863595004755,26801.361932628104,15.550839547245113,22.262883372032782,64500.99910648469,남성,경기,IT,대졸,사무직,1,58.40890742555988
20.403298761202244,17077.518794486405,13.335460211143628,0.0,26787.877989691384,여성,경기,서비스,대졸,사무직,0,43.874818930784926
26.718139511015693,21746.60307596512,13.93309914884584,8.42550515878182,44941.73016558655,남성,서울,IT,대졸,관리직,0,47.91978609150074
41.96861235869123,9094.835896786768,11.933343372273782,25.6698813938941,21090.773090771083,남성,경기,제조,고졸,사무직,0,48.325064027583224
47.38466579995411,15562.873212653363,14.614276647205353,28.67855935706201,34211.734440119966,남성,서울,기타,대졸,기타,0,55.4932870310757
41.7136828118997,17950.240298743516,16.297634838441844,21.85300840320123,30089.122570350304,여성,경기,기타,대학원졸,사무직,0,53.07914116016231
38.843517176117594,16948.859103796938,9.15233963776858,28.095205387668244,24910.523336330883,여성,지방,서비스,고졸,사무직,0,47.57209414639268
36.98896304410711,23769.94950455415,14.898943063512045,15.377835883356957,34226.34492201537,남성,경기,서비스,대졸,사무직,0,51.6723267398673
25.214780096325725,14600.19310251909,16.797304612864004,2.636618643617438,30662.18662679417,남성,경기,제조,대학원졸,사무직,0,48.38024311278148
32.801557916052914,38581.004914160614,12.754699133109892,13.213981916446972,67014.66105585868,여성,경기,IT,대졸,사무직,0,47.373002290329666
35.393612290402125,22028.746367030286,16.10210183636175,13.295464143551996,57777.67049102805,여성,경기,서비스,대학원졸,사무직,0,50.96819625090429
50.57122226218915,21924.27697344451,22.44396333341766,25.193005640044117,58905.15992072315,여성,지방,기타,nan,관리직,0,55.79557933937288
43.43618289568462,18695.771265651758,13.686971621039325,21.059182306783953,17319.780168308305,남성,경기,IT,대졸,사무직,0,48.914509787371955
22.36959844637266,23803.67696202959,15.179921150015971,0.0,20008.993062895184,남성,지방,IT,대졸,기타,0,51.17055412419025
43.24083969394795,33274.58370142519,11.785828749015826,28.209372817941244,69078.11279781464,여성,경기,IT,고졸,사무직,0,51.21479532365206
36.149177195836835,14277.424923470368,14.543753487806152,17.645496721834864,17890.532469173668,남성,서울,제조,대졸,관리직,0,51.240317924125605
33.23077999694041,15850.269074371483,15.380814874946912,11.123701828359343,8661.011760513984,여성,경기,기타,대졸,사무직,0,51.21523221417044
46.11676288840868,18923.06799438989,14.584527020810414,27.241039869839707,51501.14813487328,여성,지방,IT,대졸,사무직,1,55.512885195623355
50.30999522495951,11238.094024145792,10.94091404087343,34.051512869070145,11993.877403164737,남성,서울,기타,고졸,기술직,0,52.24075513045336
49.31280119116199,14623.294795740234,14.619085313976353,31.694265095187614,41284.50969181808,남성,서울,서비스,대졸,기술직,0,48.78612346923103
31.607824767773614,17359.402392517775,18.38658781615291,7.3702561392742485,39815.284503885465,여성,서울,IT,대학원졸,관리직,1,61.60720340143699
36.907876241487855,34104.84005704966,15.345907293543583,17.613233175689437,82077.8582594796,남성,지방,제조,대졸,관리직,0,48.82753647821652
43.31263431403564,25116.50966574816,16.885961567215524,25.710696567805357,25208.27884878657,남성,지방,IT,대학원졸,관리직,0,54.10262407535758
49.75545127122359,24265.113896403043,13.288964089962118,31.662685491356402,26339.44297693816,여성,경기,IT,대졸,기술직,1,63.59901559659852
35.2082576215471,33706.601288315804,16.249700718271132,13.057213234865653,60778.711500667254,남성,경기,IT,대학원졸,기타,0,53.29030105120773
38.14341023336183,20564.346560298804,14.837803514649577,18.750500689154208,19129.97581231971,여성,지방,IT,대졸,기술직,0,48.0264768295857
28.936650259939718,26775.22838231247,11.147267810938304,11.058820732593645,33832.6225081174,남성,지방,서비스,고졸,기타,0,50.63529304419847
28.037933759193294,20918.49810993885,14.955563014396624,11.858306155846133,27270.529648387943,여성,지방,기타,대졸,기타,0,50.65359936607851
48.125258223941984,25151.710237320698,11.024910009679068,31.460490289654878,22613.269684601266,남성,지방,기타,고졸,사무직,0,51.036353089677704
53.56240028570823,16458.883999847953,12.101359175345625,34.91517446991158,16672.143133951675,남성,지방,제조,대졸,사무직,1,57.24109488002688
39.27989878419666,6506.724248076815,14.567984921877123,17.040535852279465,16080.585602190307,여성,경기,기타,대졸,기술직,0,45.65837995435204
50.03532897892024,20596.170077132083,14.891732820140373,31.33803654199275,18907.070679683486,여성,지방,서비스,대졸,관리직,1,58.12874484670787
43.61636025047634,44863.24169963424,10.432302604768612,28.918432471363204,25623.347970904862,남성,지방,IT,고졸,기술직,0,48.709066089761976
33.54880245394876,35000.152623056354,17.16195731354863,9.392136397571944,72568.87392674749,남성,서울,서비스,대학원졸,관리직,1,58.159529292731364
43.61395605508414,35692.60281711327,15.71601883490142,23.050839910427563,104934.74600026153,여성,서울,기타,대졸,사무직,0,60.00164143647544
55.38036566465969,40866.47651806327,11.885814693167347,34.47743903506663,54272.09220341651,남성,지방,제조,고졸,사무직,1,59.24808351215016
39.64173960890049,23024.837314149507,9.387245610652474,24.624435148394326,18342.48931329905,여성,경기,서비스,고졸,사무직,0,46.86536109802848
55.64643655814006,24310.35945986237,13.565286262755706,36.98666299953774,46820.982007516555,여성,지방,서비스,대졸,기술직,1,56.87009505135174
13.802548959102555,16174.22253356491,12.66216885841652,0.0,44736.048028019075,여성,경기,서비스,대졸,관리직,0,46.689799436130045
48.21902504375224,18806.60791658607,14.339421371159068,26.337966067135792,46267.16014733011,남성,서울,IT,대졸,사무직,0,59.09783186202888
40.870470682381715,29968.00450124492,12.9106500165333,19.403115408243767,61622.898117344106,남성,서울,제조,대졸,기술직,1,61.495736270917504
37.009926495341325,40212.86380562614,7.9776294177649705,21.24144115572627,51779.74187571084,여성,서울,IT,고졸,사무직,0,47.17076652944517
40.91760776535502,20543.027381104806,12.834959185096524,19.40951157962866,38101.161782780415,남성,서울,기타,대졸,사무직,0,53.293486470549276
20.124310853991073,17586.82581636426,13.08314266679506,3.7144829027139785,12805.180734831474,남성,경기,기타,대졸,관리직,0,51.19253086772944
37.80328112162488,22032.28109618087,15.900983074322177,18.999576637350774,48412.931639884184,남성,지방,기타,대졸,사무직,0,53.63466253220677
43.57112571511746,29750.564169200054,11.90540097616685,26.306157894848265,68805.32118221516,남성,지방,서비스,고졸,관리직,1,58.98680947183993
54.77894044741516,10700.787243829574,19.0360240201177,32.185506318667755,31166.888822731315,남성,경기,서비스,대학원졸,기타,0,54.786894653560296
34.81729781726352,6987.719452647628,8.265078348044728,20.820136230379266,8042.818949126314,남성,경기,서비스,고졸,기타,0,45.062922752360066
31.915063971068122,16726.199062541404,17.93350249340787,7.791338182258718,9134.863878508893,여성,경기,제조,대학원졸,사무직,0,53.44785674263418
34.982429564154636,11963.836899406191,13.327043087365686,14.989311238681424,22300.845148057833,남성,경기,기타,대졸,기술직,0,49.26783728004498
49.15402117702074,17084.551296163743,16.57875461703067,25.95448457723494,38730.27221810393,남성,경기,제조,대학원졸,관리직,1,55.791537475295186
43.287511096596845,20457.602250721888,14.239404452176199,19.952503531802584,50653.405519389,남성,서울,기타,대졸,관리직,0,51.64673526449029
34.70239796232961,17559.94606102004,17.418666608076407,11.812240881467885,17285.08606509814,여성,서울,제조,대학원졸,관리직,0,54.70186266170464
45.13267433113356,45534.873742250355,12.837914106341566,26.214092404363907,52564.64647930684,남성,서울,기타,대졸,사무직,1,61.4174387956896
40.9707754934804,25935.61455047965,10.704138724466564,25.757358217169593,46203.70892475562,여성,서울,제조,고졸,사무직,1,56.11350092454285
49.68644990532889,25597.17261919257,18.261512861813188,25.611984036392926,33954.70131171383,여성,지방,제조,대학원졸,기술직,1,59.04807044471957
32.979469061226474,30064.5967874004,13.659558062353577,12.994503595734715,79709.6255816453,남성,서울,IT,대졸,관리직,0,56.35164780081013
36.723378534022316,12463.796501921863,14.664675420872632,14.316317053134421,20994.023618257495,남성,지방,서비스,대졸,사무직,1,59.333304087333104
36.078918468678424,37032.67439585667,17.704255742134386,12.518969200187561,92542.67615020344,남성,지방,IT,대학원졸,사무직,1,63.91749767206864
25.364850518678814,21207.6629813322,10.904134273716696,9.937190706594443,41387.801992195054,여성,지방,IT,고졸,관리직,0,51.70786596742469
42.96120277064576,30799.086475043187,15.786472692917773,18.88805209556027,74925.71854919364,여성,지방,제조,대졸,사무직,0,52.01506583042209
42.610552721798896,12888.250785174625,12.230315730611327,24.555184498549046,17163.057592226894,여성,경기,기타,대졸,사무직,0,47.4064574053969
40.05113456642461,10128.622613710584,13.603491933066884,20.91372853641669,26117.074302600824,남성,경기,서비스,대졸,사무직,0,48.68727143729527
37.65412866624853,33154.86788453571,14.216836896152866,16.00116220285914,39335.95605938079,여성,서울,IT,대졸,사무직,0,53.427643797325025
25.84629257949586,26587.720771293425,9.499334415659192,9.171245554020667,49592.666937465896,남성,지방,서비스,고졸,기술직,0,51.46542188813362
35.79354677234641,14030.295330746389,11.663488871538696,18.591279598340144,14521.605167147998,남성,지방,IT,고졸,사무직,0,52.946961359240014
36.572854834732304,14259.354969112625,18.053218677239418,10.252794120907641,24081.431157294566,여성,지방,서비스,대학원졸,사무직,0,51.82924747936052
31.97722730778381,38666.05615525012,16.658573565754388,10.018501172528207,50089.47937280502,여성,경기,서비스,대학원졸,사무직,1,52.44262178310085
38.387142883339905,12152.546965210091,13.812081268018295,16.784352868003207,14179.088399108541,남성,지방,서비스,대졸,사무직,0,44.211585361168034
44.040508568145384,50077.970341498854,14.729370375538679,25.43684557867314,146100.6028044539,남성,서울,서비스,대졸,관리직,0,57.10828192903497
58.8618590121053,14040.33633357997,13.117272483090627,44.42024201979127,12638.903865116627,남성,서울,서비스,대졸,사무직,1,64.33846579190997
41.74577812831839,30308.87833107855,18.069750157483945,15.954514367430807,74811.84670156607,남성,지방,IT,대학원졸,기술직,1,60.73906434399737
42.57550390722764,18689.00687110938,13.398942266617508,24.244977365359482,55327.167660771906,남성,경기,IT,대졸,사무직,0,58.5277842014085
39.25554084233833,29780.041969078025,14.695526276404545,17.106530756169747,16371.688537105116,여성,지방,제조,대졸,사무직,0,48.34259647401899
20.812287847009586,16780.000317506245,17.438090432426193,0.0,37714.20073268293,여성,서울,서비스,대학원졸,사무직,0,44.974058782901054
39.73486124550783,20304.616378080274,11.66788554546228,19.53645888187512,22990.50116231024,여성,지방,서비스,고졸,사무직,0,47.150194535018535
40.60230209941027,22481.759886240743,18.67636755349068,16.88710806277501,13516.473805283464,여성,경기,제조,대학원졸,관리직,0,50.887852982688955
64.63242112485287,13345.122911627694,9.40861577076987,47.477827420304294,20114.08883328927,여성,지방,서비스,고졸,기술직,0,56.529806371106815
38.076390352188774,31901.6232388924,18.888926393338394,12.773494780653643,90538.22718537932,여성,지방,제조,대학원졸,기타,1,57.18489574691685
43.015473423336125,17041.26810231376,12.881973248144076,22.071449624897433,9021.864369549454,여성,지방,기타,대졸,사무직,0,45.39086925228739
39.65288230294757,19647.39507456802,13.271903756524155,22.02567948821492,38699.75365735952,남성,경기,IT,대졸,사무직,0,54.829287238370554
28.313219623804677,13397.52560702446,8.329969486451171,12.309289428474335,23492.443206644104,여성,지방,제조,고졸,사무직,0,38.710733761911435
51.42822814515021,6117.037383302005,12.635615847866921,33.89654081594694,16414.827650255203,여성,서울,제조,대졸,관리직,1,52.06221658809464
47.519330326867745,20019.981297939437,10.880580406919346,29.95055386342373,14214.27253321415,여성,서울,IT,고졸,사무직,0,48.085921547512285
47.910319470430466,73593.18540368642,12.177060963879581,29.504313762953156,162185.7713890597,여성,경기,서비스,대졸,기술직,1,61.203094446124425
30.90612545205261,32607.648093968182,13.588067102633362,11.613570164219503,71745.76832650191,남성,지방,IT,대졸,사무직,1,57.36836033706634
54.02794310936099,21815.36484965662,16.873374843418716,29.630918922624577,47398.24412849109,여성,경기,기타,대학원졸,사무직,0,61.66392190274473
25.981489372077192,19313.40291438947,14.622810054201878,5.779413544957088,55155.91590921491,남성,지방,IT,대졸,기타,1,57.562651180010114
45.868570938002705,22275.28276213742,14.923029960203342,28.006210106508185,56973.90999761182,여성,지방,제조,대졸,기술직,0,57.12677539278148
61.90455625809979,28956.777252438464,10.713441833463314,43.63492485297105,17516.875837496187,남성,서울,IT,고졸,관리직,1,65.6745927481973
30.094636748693116,12204.90979950682,11.35773773119181,15.080519304048998,20476.264152111213,남성,지방,기타,고졸,관리직,0,43.67343411366912
34.33702270397228,38451.80228604328,19.396175055053938,11.937042915893912,57480.931733472506,남성,서울,IT,대학원졸,기술직,1,61.943635453611975
40.99651365087641,31498.35677942869,11.79439689571026,21.56980677711006,40171.99794988043,여성,지방,IT,고졸,사무직,0,53.857583586524925
34.96524345883801,31542.55491718273,18.968624756171888,7.0865094924850185,51362.06105687767,남성,경기,서비스,대학원졸,기술직,0,55.725711556026816
24.493365689338674,27425.756508803628,13.2708164033574,5.826471086324803,40054.91867409714,여성,경기,서비스,대졸,사무직,0,46.416527148632056
40.68562974806027,22243.57159668697,14.006863808430513,19.583950894096013,35163.41093740845,남성,경기,IT,대졸,기술직,1,59.44622802682065
29.37696286273895,30835.76874333285,17.21109548068979,9.903073820375166,90908.6154393484,여성,서울,기타,대학원졸,기술직,0,48.95412665534284
44.73592430635182,29611.17393466989,17.81567726581597,20.989862121535513,21366.903046477542,여성,경기,IT,대학원졸,관리직,1,57.558969911587596
30.80575765766197,18452.95214503004,13.667562319162737,9.533796522428876,51771.181342023796,남성,서울,IT,대졸,관리직,0,47.47608754936221
55.499344050175395,16534.412821749043,12.835270839435383,34.36975418871659,28118.286592599437,남성,서울,제조,대졸,관리직,1,60.59943419941684
32.16746707663763,23177.28881105543,13.832238654433361,14.515038340385928,47730.279824525474,여성,서울,서비스,대졸,사무직,0,46.30796370916031
36.77938483794324,47787.05547045764,15.013872584696355,14.623144305078513,123073.52642620089,여성,경기,서비스,대졸,사무직,0,51.30366257483279
48.135172173696695,11854.306072160049,16.673911060609267,25.548918712008284,16609.750724163085,여성,지방,제조,대학원졸,사무직,1,59.919345976238546
27.69135683566045,10574.887516536599,14.012689576982455,9.590272748902958,16666.60191497656,남성,경기,IT,대졸,관리직,0,45.01923890579209
42.27459934604129,23917.85238070036,15.856658894069461,19.44942374811017,36445.93258653776,남성,지방,서비스,대졸,기타,1,56.73472502749143
53.07142754282428,22594.094615761893,18.915079196812822,28.064490688531134,32463.817754466345,여성,지방,IT,대학원졸,사무직,1,63.10813963447835
23.925167654387725,24020.69026187836,15.143928836794354,2.7481019979483308,67589.97803985531,남성,지방,기타,대졸,사무직,0,49.899554911089254
41.84633858532304,24883.907763129388,14.934958568014334,22.27802904034089,64009.49126793418,남성,지방,서비스,대졸,기술직,0,51.45821133199592
42.598827942484235,19700.491677878996,9.443267524729796,28.33704908877509,15218.629321900637,남성,경기,제조,고졸,기타,1,57.33356830552375
47.8182287177731,46394.29227350898,6.10780958951281,35.27019166575064,35737.91217778955,여성,지방,IT,고졸,기술직,1,59.399864238652164
27.63049289121918,9892.656673730799,15.165127187690505,6.592663826521711,15528.243865856404,여성,서울,기타,대졸,사무직,0,50.344801283074126
26.795433869157236,14555.897073109536,13.715527306157384,6.336348539952875,10868.06508961917,남성,지방,IT,대졸,기타,0,48.39847619975371
45.21941565616898,20918.15288208909,12.455651975255774,23.80853886707431,42834.786478862115,남성,지방,제조,대졸,기타,1,55.47980234894446
42.96984673233186,9685.697525082005,14.730590612559034,22.754457834569084,8322.232374616082,남성,서울,제조,대졸,사무직,1,54.04004618649343
42.504928503458764,20172.444083144113,13.818788812409275,26.470523212715626,36430.085686321494,남성,지방,서비스,대졸,기타,0,53.03930917104055
43.46448209496975,50550.85220008143,17.383340751901695,18.31370306168593,26187.862284734107,남성,서울,제조,대학원졸,기술직,0,56.12627571269248
33.19975278421509,22257.69886497708,14.258332604776934,11.395360760232755,28745.61489428868,여성,서울,기타,대졸,사무직,0,48.230713339178145
42.322536971610035,24719.56842439971,11.759230144789498,22.821851283533054,54209.44028768726,남성,서울,기타,고졸,기술직,0,50.93186508663503
42.93072473298681,11730.148687679763,16.970498716877866,21.409409573555187,20059.69619258888,남성,지방,서비스,대학원졸,기타,0,49.85559157891013
32.85648581973632,16184.6622164232,13.348606775161393,14.404849952967808,47674.734077030516,여성,지방,서비스,대졸,관리직,0,48.42073161588229
58.65774511144757,18258.788593067868,15.579610051016921,36.761059675597735,49029.585348461565,남성,지방,서비스,대졸,사무직,1,58.23247522733708
44.73832920911788,18791.171766172873,12.567767881421599,24.334523204418346,26263.98759611984,여성,서울,기타,대졸,기타,1,57.37738542207384
28.086965027973513,41807.11826777028,12.050519343507691,10.22119926774567,25657.712181193194,남성,경기,서비스,대졸,사무직,0,52.16086377713059
46.5655360863383,29110.247250412427,14.252504690557089,23.1837871411096,76096.10031970537,남성,지방,IT,대졸,관리직,1,58.651044844406584
30.253183297726785,12635.568609389718,14.038485930631055,10.501550500810717,35102.69342272224,여성,서울,서비스,대졸,기술직,0,53.408160296744725
47.87084603742452,24915.67466997438,15.4394811061005,28.174413703499887,63574.050234231676,여성,지방,IT,대졸,사무직,0,55.140380154269316
51.58595579007404,28257.40635998559,13.194062740070773,29.889494776735905,23167.536865757655,남성,서울,서비스,대졸,사무직,0,51.30398201098723
31.793176816482895,38951.57625900349,8.490920648688808,14.237219614134757,116651.7067746866,여성,서울,서비스,고졸,기타,0,47.81378530336222
49.63376129244322,48546.15836936389,12.701678349234834,34.0909587265981,55656.25561298104,여성,경기,IT,대졸,기술직,0,56.648624859961316
44.12780926936498,13259.279210581872,16.381455401431445,20.522834588924365,30635.727466794127,남성,지방,IT,대학원졸,관리직,0,54.74708704704261
48.2206015999449,14684.844351016485,13.10787176227068,31.384625529561866,40678.299236219675,남성,서울,서비스,대졸,기술직,0,52.41072246639549
58.967929826539475,11745.330901827783,13.260849792456355,39.39908470368746,12793.22331869164,여성,서울,제조,대졸,관리직,1,56.981512522895
37.54611883997129,19594.223265926405,16.959129517717813,14.263079688370825,54288.66389178835,남성,서울,서비스,대학원졸,기술직,1,54.513313422463085
32.4626383564251,27810.785365354594,11.864080318223232,15.475383437195163,35422.70711647588,여성,서울,서비스,고졸,사무직,0,47.53679012596506
31.104855703744768,36086.252632702424,9.3715903452713,13.965267644980585,106130.86185850648,여성,서울,IT,고졸,사무직,1,53.27935411506068
31.841897150345616,21205.682944953838,13.518106641423516,12.588784795913393,25513.618515675917,여성,경기,기타,대졸,기타,0,45.066964842677685
39.228982905858956,18771.14704707326,12.54747814625379,19.91852592995698,54128.28368972887,남성,지방,제조,대졸,기술직,0,48.06831254062762
43.41151974816644,23762.856661825743,11.101261040740237,23.66927182061614,15062.362991338205,남성,경기,서비스,고졸,사무직,0,53.28660397964785
42.766907993300194,14507.60899700113,13.473864632303927,23.968007510449063,32978.40704305574,여성,지방,제조,대졸,기타,0,54.833483056449126
48.27183249036024,62615.57705306001,15.474516941740351,26.27069993486406,114603.90278043509,남성,지방,서비스,대졸,관리직,1,64.94040078403229
40.13001891877907,9859.290488533632,13.972134315296552,19.843834946593105,16708.467547177795,남성,서울,서비스,대졸,사무직,0,53.939683077320886
54.53534077157317,24157.986043508008,14.920943218058714,31.194075666686135,25576.924333243944,남성,서울,IT,대졸,기타,1,66.38981616970632
37.35343166762044,60585.02986533441,19.44022309554627,15.09600930759978,137163.86992382465,남성,지방,서비스,대학원졸,관리직,1,64.13068958847664
67.20169166589619,22101.481518164863,12.971363415327307,49.98375662334112,21593.671880809914,여성,서울,IT,대졸,사무직,1,65.2710928940835
46.25667347765006,20029.880898757063,14.83504590393401,27.349939342060008,37698.32877295318,남성,서울,기타,대졸,사무직,1,59.720744542222484
31.428424435837172,18421.565375739607,12.472359912202597,12.345175118751209,20873.72271624203,여성,서울,기타,대졸,관리직,0,46.99079111652512
29.291075019388877,20126.73196826742,11.460920840339082,8.371788400042956,58147.204419146816,남성,지방,기타,고졸,관리직,0,47.05267701307212
44.824724152431855,43757.759555963115,12.245277039746691,30.48528187766419,25010.97201713323,여성,경기,IT,대졸,사무직,0,54.774733302804734
37.76537214674149,7288.61663020681,12.563724285434935,19.079452845294817,7283.665474956812,남성,지방,기타,대졸,사무직,0,49.256073442947084
47.14000494092092,47416.08758599092,15.078427392641377,24.563977956239437,52431.59613169994,여성,지방,서비스,대졸,사무직,1,61.547751246421896
44.73237624573545,10807.77891527116,21.047227360102273,18.518752034599405,16591.773249699527,여성,경기,제조,nan,기술직,1,57.47106712394959
39.271710873431275,19277.113368085083,11.851869691172478,23.75408275826539,20854.47482581975,남성,경기,제조,고졸,사무직,0,50.36548805811085
31.53206281931595,17771.970246051333,12.750124083153612,12.735837623991406,30716.588654728774,여성,경기,IT,대졸,사무직,0,50.019186715006256
24.851527753141355,29562.9342659994,13.810630960666256,7.598047128353848,79263.06941660709,남성,서울,기타,대졸,관리직,0,52.25824319639629
35.53485047932979,9906.415178174086,15.187396546129241,16.513453810234285,22588.197303262994,여성,서울,제조,대졸,관리직,0,44.06125967851697
48.56398794323472,27752.64231058267,14.790652435864356,25.620573132566246,54115.014654111445,여성,서울,IT,대졸,기술직,0,52.69954819505522
42.14093744130204,60606.341490692575,17.852287381844352,16.94106984813874,43788.56324178422,여성,서울,IT,대학원졸,사무직,1,66.20280950366661
27.54261221288012,11141.286568524394,6.720823788394375,16.73686275104528,24900.5556739106,여성,서울,기타,고졸,기술직,0,43.37324524502521
41.73180925851182,24218.039874749113,6.839210389412981,23.467373741477957,22184.589370299997,남성,경기,IT,고졸,사무직,0,48.789940650667084
43.85317379728837,15819.662559519249,12.512365483969552,25.04189692698884,39009.998014072866,남성,지방,기타,대졸,기타,0,50.16925946320127
31.16142563798867,27253.67362949231,17.291900562631128,5.0078626721082,30664.250027957376,남성,경기,서비스,대학원졸,관리직,1,55.83998258128309
41.53725105945528,22238.357421897155,9.30305590518321,25.281087551405022,34305.37541781827,남성,지방,서비스,고졸,사무직,0,51.56193493115513
40.58208718446,15982.610165146434,4.977102980918728,29.007344025482862,21994.87662794182,여성,경기,서비스,고졸,사무직,0,42.39935101553375
28.57029702169377,28111.55954487794,15.713538218657625,6.140270047221128,74412.27602331886,남성,경기,서비스,대졸,기술직,1,55.705175969288504
43.577873603482836,54294.27431103925,14.730971671108144,21.742379428149476,44323.73604033903,여성,경기,제조,대졸,기술직,0,55.28073637520301
45.60784526368234,20021.22228367874,10.729374779601711,26.684183184823002,38322.8659514673,남성,서울,IT,고졸,기술직,1,59.44653540533433
50.830512431752766,31567.360527556535,11.04338119783721,38.37095376755293,26994.955369813455,남성,서울,IT,고졸,기타,0,57.335747630049084
50.53802052034903,11537.56509768122,11.090768841095976,37.18217568757576,26097.852148715032,여성,지방,IT,고졸,관리직,0,53.28233414853989
26.22330632042909,13653.918262113424,14.331605952421821,3.5675687274947014,37721.616075387945,남성,지방,서비스,대졸,기술직,0,45.634769480437775
30.621749600848773,27895.01112063854,12.121054171450979,15.664928932004928,44255.96890467342,여성,서울,서비스,대졸,기타,0,46.544457369934804
45.1503526720866,46261.16014515015,15.482191756926559,22.86922993421433,79579.86561689097,남성,서울,서비스,대졸,관리직,1,69.02067163603348
45.13785950912209,26312.691660108463,5.436120011286826,33.960114444498686,74163.82366733951,여성,경기,제조,고졸,관리직,0,47.781734356101055
45.150476863060476,18834.97861498445,11.429444404616602,27.59448453865004,33949.64346699646,남성,서울,IT,고졸,기타,0,52.810451535801306
78.52731490654722,22018.663259994348,10.621838117266849,60.58597950677244,37849.996163778414,남성,경기,제조,고졸,사무직,1,71.16047835424102
45.70890510693167,11787.514216599116,13.230977964882523,28.445631829261433,22936.413408299548,여성,서울,제조,대졸,사무직,0,55.61926061942474
51.35565640180599,29799.82092292683,12.385856724529585,33.221572738429714,66247.21725739351,여성,경기,IT,대졸,기타,0,53.61445767117014
49.54001763493203,34240.57184379746,16.3935313396873,26.193383448806244,26269.655630836354,남성,경기,제조,대학원졸,관리직,1,58.64380592355742
46.51391251305798,17570.116883097486,8.421989685019827,29.482743940437206,44852.57830744949,남성,경기,기타,고졸,기타,1,51.339890115148314
36.84730755359654,17413.114811964326,14.136474428992257,14.923643097166044,27665.30501656036,여성,서울,서비스,대졸,사무직,0,54.71723268787417
47.589692204932675,25158.198709416418,15.675009269635117,22.631922704093363,17129.49482553601,남성,경기,기타,대졸,기술직,1,56.57362383534666
32.27174785462428,17705.66868504082,19.569942309685864,6.726252641768755,43652.55900938193,여성,지방,제조,대학원졸,사무직,0,50.64634154386222
37.63181393259991,21310.041929478473,12.554702086719574,16.68378066131155,30737.070219614692,여성,경기,IT,대졸,기술직,1,52.45295231657327
35.14636452170897,62935.199369437156,14.973375813057551,13.641867683614334,47259.22046976414,남성,지방,서비스,대졸,사무직,0,49.7025204129406
40.81874139386323,19467.216986965763,8.588411622312904,28.970533478771067,40578.39370493092,남성,지방,기타,고졸,사무직,1,53.29010512182374
63.146585666735085,18413.32606254048,6.824131387060929,52.721053425517326,49722.02700286699,여성,지방,서비스,고졸,사무직,0,51.56313651112663
21.32734807408252,15934.296809240113,16.5343231273451,0.0,43331.46818573755,남성,지방,서비스,대학원졸,기술직,1,51.16171493955186
46.86260190374514,31955.38485765136,13.983319119055789,26.70511333240305,92483.95468291678,여성,지방,기타,대졸,사무직,1,64.60460272701312
23.872841288103483,20118.356045412103,17.53553806939527,4.097052317550231,53701.19647804164,남성,지방,서비스,대학원졸,사무직,0,51.15957566118807
35.280681342105666,15919.713783912228,9.879791333090752,20.44240224973234,8045.063949992129,여성,서울,제조,고졸,사무직,0,50.33459491036328
50.889505969673664,42644.43296955047,15.559706418586257,28.674186631334358,61860.138818224004,남성,경기,서비스,대졸,사무직,1,64.8324204484886
40.64280019095463,44792.746743873104,19.606453521631558,12.18431043508217,114058.29957389583,여성,지방,IT,대학원졸,기타,0,56.19834159049674
29.222552220706937,16314.151774254764,15.259116825071798,8.751181831964626,23094.843706217755,남성,지방,서비스,대졸,사무직,0,47.669575619386826
32.84696290740032,8662.252089914047,14.829744516773147,13.675865935792896,17358.03806138773,남성,지방,서비스,대졸,사무직,0,48.397827820089105
46.79597748934676,36452.190983553,14.02566824247305,25.50700619784642,73480.04839742974,여성,지방,제조,대졸,기타,0,54.431836659604265
32.69633368282864,15641.533937261374,9.287355628622263,17.991383564482437,22094.656171336694,남성,지방,IT,고졸,기술직,0,46.338461319928875
42.16458589581975,32705.96642040887,18.066718807131046,17.370720498858642,90307.21794469724,남성,지방,IT,대학원졸,관리직,0,56.75362875006436
40.45571839903814,8225.119390940456,12.167427080584803,21.920226520055333,14460.342749735819,남성,지방,서비스,대졸,기술직,0,45.82662469316991
33.483996523941826,34416.75088416326,15.513449769149052,6.994902639668112,57199.281018693124,남성,경기,서비스,대졸,기타,0,51.38444439671883
61.439440893253256,12021.043709100892,9.310897080286239,45.684981005534745,35988.41269712695,여성,지방,제조,고졸,사무직,0,52.4132042849893
46.33919022318011,31741.557375680204,10.461621006476658,31.81630782151956,55031.95399066518,여성,지방,서비스,고졸,기타,0,48.12882629373584
19.74857413342393,22184.220656973226,18.305262197666707,0.0,20986.175792491467,남성,지방,제조,대학원졸,기타,0,42.92991959277063
41.86454314769428,13670.97553398587,12.958093133126471,23.01150275099844,24370.886584998716,여성,지방,서비스,대졸,기술직,0,46.394138974132865
33.38213535231612,17970.410866446273,18.359826428127633,7.5104075108046455,45555.74340686432,여성,경기,서비스,대학원졸,관리직,0,55.79428653786727
48.52433334796224,31043.950221120067,13.765308022824447,29.479908677723337,75814.00840304332,여성,서울,기타,대졸,기술직,1,58.80921918724332
32.07479261567299,23224.132861473616,8.474306681126428,17.167439539474216,57397.38564327309,남성,지방,제조,고졸,사무직,1,54.81493469523344
38.85263558533101,29501.79801808795,16.67620279919516,14.297949704771835,66970.83567781579,여성,경기,IT,대학원졸,사무직,0,47.16003733457725
45.049872789804574,59172.97967427549,12.230323046733176,29.484652678401655,67193.5559176417,남성,경기,서비스,대졸,기타,0,52.244952989653534
48.657551941701215,10075.673106329596,16.09606644055113,28.419349528214518,26753.030150902683,남성,서울,서비스,대학원졸,기술직,0,49.444817388188746
27.997035929442237,49444.50890383182,14.075632602620246,6.711589798965642,135161.93789908366,남성,지방,기타,대졸,사무직,0,50.85321320472182
36.654987641590516,23206.274385980756,9.37064531617139,22.27991894425468,22867.039069260696,남성,지방,서비스,고졸,관리직,0,56.21556176048689
35.25054688839044,14053.236102750105,14.492884296111708,15.832486597919493,11609.92770485329,여성,지방,제조,대졸,기술직,1,54.817666483353186
33.46670767426288,11325.852088579044,20.588669426458395,8.162640717826834,33286.81997209724,남성,지방,IT,nan,사무직,1,62.444505126985575
57.65454240281097,20039.083179202844,15.478959375543377,32.78707123527744,53520.581924813494,여성,경기,서비스,대졸,관리직,0,55.42707751917924
44.049817109609556,34920.35080838562,13.82744674098361,26.235583450691202,95440.47444244812,남성,경기,제조,대졸,관리직,0,58.19103026621012
27.391160456649548,20665.59335988199,17.226030205870693,3.025732324927392,56126.53150106626,여성,서울,서비스,대학원졸,사무직,0,56.177206709829946
49.17861947054776,46890.83244743676,14.632005395609333,27.83095820805589,86945.78148559267,여성,지방,서비스,대졸,기타,1,60.36391882055809
61.22156197012633,10661.689288168187,14.628602690788384,45.868722783858345,22560.180823241768,여성,서울,IT,대졸,사무직,1,61.03783424315475
50.32465260551147,21893.72896298827,10.725124483522691,34.2032748834308,40796.93065923463,여성,지방,제조,고졸,기술직,0,48.1151635845152
24.806300340459867,11775.816729474782,14.701544077368794,3.3321113121967216,7395.399823364402,여성,경기,서비스,대졸,사무직,0,44.994690214014625
35.15765927133749,26418.39802526933,17.106330249250835,7.64074027657484,62446.69210742437,남성,경기,서비스,대학원졸,기술직,1,57.457494589404945
52.669111491866225,34318.63208171431,11.491813543699926,37.95682621605901,60515.07636875383,여성,지방,서비스,고졸,사무직,0,60.71155943214564
32.92330534381219,17847.506813870863,18.273487463740842,5.959398538454141,37823.73372124698,남성,서울,기타,대학원졸,사무직,0,48.082826892462556
44.43819428146229,5990.277826098678,13.724881927564622,22.706434546898656,10522.519108698121,여성,지방,제조,대졸,기타,0,47.846437104956024
47.74634053429337,24330.210154218716,11.336691465384378,29.746944470733293,42079.78714793324,남성,서울,기타,고졸,사무직,1,53.1697542500792
30.73069528421917,27401.94501667346,16.992896230760735,10.57062263685902,25469.36183926939,여성,서울,IT,대학원졸,관리직,1,56.43297563083978
39.404746439382,26961.019443049852,13.139617292785193,21.811609119928328,32266.524453937862,여성,경기,IT,대졸,기술직,0,52.91230753129438
7.587326599309272,40859.355542344834,16.278544662458323,0.0,36656.224318664084,남성,서울,서비스,대학원졸,기타,0,52.62918254377553
29.756123586657104,12893.430024365698,13.124724103224388,11.247983610710358,12753.739239113362,남성,지방,서비스,대졸,기술직,0,49.18056363679293
37.4743184860684,30949.374030586572,13.820521569410289,16.453025530915898,90757.28919011413,여성,경기,기타,대졸,사무직,0,52.08872717257635
27.522168180351507,39984.76382821525,15.480680613002875,6.320794946479333,35297.89433442162,남성,서울,기타,대졸,사무직,0,53.98720759560576
56.32411303931635,9051.685007135191,14.872691172770018,35.598095356102604,10619.220159938543,남성,서울,서비스,대졸,기타,1,60.17911692855884
25.698586220393672,25843.79759785793,8.013404658644784,13.622721353111594,51079.59774388941,남성,지방,제조,고졸,기타,0,43.406303726200875
35.599555133030165,17118.415357125898,10.636268779716826,20.89764259819124,34672.43345365931,여성,지방,서비스,고졸,사무직,0,41.85905660985013
41.30740577286091,21146.689839377657,16.788229954372447,19.50713058289975,18713.452832140945,여성,경기,기타,대학원졸,기술직,0,50.50301107155008
54.412732890661154,26208.478434456807,13.603590233295359,34.084447542273594,65109.55430908918,여성,경기,서비스,대졸,기술직,1,59.758691062090115
25.641378488205607,17264.12137403447,12.428806091685734,8.696216985300126,42521.65472423464,여성,지방,IT,대졸,기타,0,51.25623012920808
51.63163752154959,15711.46469852852,9.924277954227577,35.523422634915924,17177.25417910243,남성,지방,IT,고졸,기타,0,52.984433399202764
40.10233061019587,22405.824105195858,10.760791036172455,21.17771083659715,27372.428059706916,여성,서울,IT,고졸,기타,0,50.550578076144646
30.18491348952049,12789.464570592816,7.934604080114157,15.443733825584458,36385.63871764695,남성,지방,IT,고졸,기타,1,52.4204696270422
44.62103474263271,12798.553498055413,13.696157843895401,25.093930866305957,32817.7771819905,남성,지방,서비스,대졸,기타,0,50.28154860033208
41.9905969557347,30936.334364007394,12.20468725825686,25.60634126480733,69436.37301459009,남성,지방,기타,대졸,사무직,0,54.87263138945792
33.99783122841205,12401.875404067428,11.100236327044055,16.530538557053692,8750.553120157578,여성,지방,IT,고졸,기타,0,53.328377185304724
40.69802084990019,30734.96622574184,13.795629724496141,18.483993702924835,47505.81411282496,여성,지방,IT,대졸,관리직,0,59.364183666637025
36.1468640313824,27758.451918108338,15.091911892558214,15.168435505417824,52692.61126843563,남성,서울,서비스,대졸,기타,0,52.99257727516491
41.13517345251248,9293.742801029055,20.279593796629833,15.082491735995754,9001.252171841552,여성,지방,IT,nan,기술직,0,53.376066988765594
46.62130674521047,15696.88672390242,9.46434974131036,31.528632261705617,25437.84807693808,남성,경기,서비스,고졸,사무직,0,55.11389228038811
55.86016816145352,40016.80226506794,17.478143129901568,34.221768063460814,80136.2353716686,남성,지방,서비스,대학원졸,기술직,1,64.3473843945716
27.62184501173151,13486.132772152718,16.919304683045215,6.74038680886609,17780.679822433463,남성,서울,IT,대학원졸,관리직,0,52.975802932062095
61.330333746562665,17462.270636459878,11.662721781869898,42.479190219929436,42823.80976986636,여성,경기,서비스,고졸,사무직,1,57.11352773788773
20.479122004774982,27751.09135823546,14.609707863758093,0.0,72184.02848424089,여성,지방,IT,대졸,사무직,0,48.13372421694635
38.482149049644164,32587.86486471264,12.627100251987155,17.774651375746064,42658.28657950345,남성,지방,서비스,대졸,기술직,0,55.178331689038096
45.883172064845766,19423.336936531792,14.557065741256217,26.7237376641505,50435.46968311588,여성,서울,IT,대졸,사무직,0,51.992572032954996
42.809918677350325,16337.933680146747,18.527393040213653,21.180165853812102,12399.534509594361,남성,경기,서비스,대학원졸,사무직,0,53.25723460490705
33.77300480179406,44854.75719407718,15.81681869789394,11.326022248082273,116367.71687986956,여성,서울,IT,대졸,사무직,1,54.38584164099281
37.918777496427246,52546.29302220333,15.525825119700325,15.910091247276934,46339.31886528824,여성,지방,서비스,대졸,기타,1,64.41009941799895
35.06999065341167,35933.63433382493,12.709072040136073,19.294483727073555,25416.502103487033,남성,지방,IT,대졸,관리직,0,56.49282255514587
34.106352430557884,22986.42426465004,9.547830005226995,19.569638131760904,48373.516455071156,여성,서울,기타,고졸,사무직,1,53.79942650858335
48.496020970210246,14703.886700000665,13.374595368378776,29.993897011433578,24700.227238906886,여성,지방,서비스,대졸,관리직,1,58.04216183551355
43.57015485965047,14541.731026554897,17.619824464591744,17.568497383111275,40276.61779512956,남성,지방,서비스,대학원졸,관리직,1,59.01191175748852
33.070904047393455,28602.718725806433,9.418496430231057,19.009863755721234,40271.85541299901,여성,경기,IT,고졸,사무직,0,53.18394369747863
48.995998754332504,27151.813275532564,10.834731895469915,30.302994177843072,33067.66823402886,남성,지방,IT,고졸,사무직,0,52.87497454842245
43.072995208766095,44391.322781565905,14.378803208702205,20.426151628193974,77766.3735073935,남성,경기,IT,대졸,기술직,0,57.98211683132373
48.1286211883896,30492.16505851858,11.046035645458213,30.389042389397964,50003.04841490928,남성,지방,IT,고졸,기술직,0,57.90362021845674
46.29628841923612,10388.553449336188,11.622429658654362,27.502273313684377,14139.54964361233,남성,경기,서비스,고졸,관리직,0,53.58515133716896
31.710049890779278,37271.11127335357,12.72920425481547,12.53764624719373,83276.82848344234,여성,경기,서비스,대졸,기술직,0,42.96875096739875
34.39818959803031,13372.687857362229,9.903147787429551,15.613078541550916,32079.802211921884,여성,경기,서비스,고졸,사무직,0,44.04037015991625
47.472936051232615,18178.854628676705,11.077634461350895,32.31293420281706,47855.10624831467,여성,서울,제조,고졸,기타,0,48.612394654852096
46.10370265433465,24961.754266481148,16.110283750361926,26.24879149300558,73191.39589149748,남성,지방,IT,대학원졸,사무직,1,61.353430661011444
39.79098406035852,59744.57943301291,10.077890653307108,19.81840845876978,69700.44484691936,남성,경기,제조,고졸,관리직,0,46.56288215673202
41.17327383308782,104292.97427718059,9.206383596515487,27.923805847905435,238855.2850120459,남성,경기,기타,고졸,사무직,1,53.39545368885011
52.77664895788425,29832.734106220152,12.109925061398316,33.04566663684268,44320.86982494032,남성,지방,기타,대졸,사무직,1,66.80195145017629
34.0842861116417,20098.524645660727,16.195866507529537,13.602370678077737,44070.13407381014,여성,경기,기타,대학원졸,기술직,0,51.90744721507926
45.470973811700375,28774.729247233074,13.40923457600933,25.92484625035821,48627.975289714406,여성,경기,기타,대졸,사무직,0,52.97891318447092
37.97807347566106,34331.81358113835,12.606256765653145,19.429367838169917,102460.98905601434,남성,지방,서비스,대졸,기술직,0,52.93425506875053
37.8231879677278,18763.451494510668,14.13307639254682,17.319916276338542,43573.525420142745,여성,지방,기타,대졸,사무직,0,50.098686424365255
50.9877685198719,54046.80330127548,8.762877701421043,38.64914922691783,155721.17655251283,여성,서울,제조,고졸,기술직,0,57.98779014663879
48.2541634898803,24711.781176141718,15.484116961325098,24.290870503505143,63939.8525768726,남성,경기,제조,대졸,관리직,0,52.88887986710813
48.135096360006386,28250.644332531785,15.150305094210932,28.20047194326547,77894.16050091515,여성,지방,IT,대졸,사무직,0,55.94647186243366
53.05478807154329,30729.000397098185,12.772074577712836,36.48537382360956,77930.21978508442,남성,경기,제조,대졸,기타,0,56.64297420696519
40.21003841632759,27195.133077702874,17.01777353538925,18.624945042019164,44814.80067488953,남성,경기,기타,대학원졸,사무직,0,50.60335804796285
46.81952971294964,33505.67981756822,10.617511703140885,34.85141583845559,37843.698157787665,남성,서울,IT,고졸,사무직,1,64.2733884264402
36.89733243406544,16177.447258121496,17.38372697976071,12.455711928855333,23065.81139648355,남성,서울,IT,대학원졸,관리직,1,57.08936316763178
43.24166352488442,16661.386291394472,14.463480996785753,24.69279217328573,9173.602368439086,남성,지방,서비스,대졸,기술직,0,54.99032829371348
38.698569456323156,12707.185292405775,12.99034223036548,19.496045955274838,22999.788323523222,남성,지방,IT,대졸,기술직,1,55.73855325419414
40.96995964992718,27439.822558998523,13.940379093895066,23.496392708737453,48366.65233314459,남성,지방,제조,대졸,사무직,0,57.531107876640895
45.95157025436914,32515.37234611989,13.678205702567174,26.25798656035922,58954.47227039963,여성,지방,기타,대졸,기타,0,50.122125241303124
31.817793167665275,27691.656379803055,17.66084868925315,7.381192914687186,81277.17315271412,여성,서울,제조,대학원졸,기술직,0,48.62554900047786
60.92387275685461,50881.06944064792,10.769962617586959,46.76605454701091,141379.92082467952,여성,서울,IT,고졸,사무직,1,62.64541377390454
29.93982618500298,21964.921676806636,11.712442282560206,11.244260024404914,19862.482113802358,남성,지방,서비스,고졸,사무직,0,48.730791250310425
27.85811387212268,30772.31889857919,17.10890867621744,1.923753678104128,43764.58592286418,남성,경기,제조,대학원졸,기타,0,55.921336619334944
51.581108735000676,12761.008144026437,12.213395194448422,32.33401977420459,19905.774719115765,남성,경기,서비스,대졸,기술직,0,57.21299406776316
47.91662693962936,18150.441214979655,16.701599231994773,26.453093600811652,25434.799436318383,남성,지방,제조,대학원졸,사무직,0,47.56352123118679
46.24119817052155,31187.382307610693,19.09830794902613,23.926967724669602,77851.18837380342,여성,경기,IT,대학원졸,사무직,0,57.732305734624376
46.2834550926428,33676.34884859528,12.7946149191751,27.711098924060718,60957.362874962295,여성,서울,서비스,대졸,사무직,0,44.22206913853864
39.87753227153085,19015.629517312806,16.044086979725915,20.46983942627299,36704.91017479362,여성,지방,서비스,대학원졸,기술직,0,53.594509826321236
31.027456285141685,21251.874326672398,10.538923155980424,11.772183286206074,55946.27954973356,여성,지방,IT,고졸,기타,0,51.38146894431858
40.75804558193726,10311.99569000328,16.26419989420343,17.607318758098025,25932.816956180337,남성,서울,서비스,대학원졸,기술직,0,51.19753341255526
33.22838288487888,18425.39950511513,14.598271957960302,12.05296069261038,15302.825070416733,남성,지방,서비스,대졸,기술직,0,50.03070387286827
49.75119733417751,34378.66961679776,15.419114846480646,28.102963632751827,78547.91886046098,여성,경기,기타,대졸,기타,0,55.53597200011011
38.52942618497861,29366.284456029414,12.063283783893816,20.63433117758519,46650.995287438374,남성,경기,제조,대졸,기술직,0,48.91449117374035
31.745028032074885,28291.95763374415,9.016749753298482,18.110100193560786,34986.464522555696,남성,지방,제조,고졸,기술직,0,49.64271307329828
36.78614158347007,22581.513043615396,15.509756194248514,14.386771712880575,14114.508163380156,남성,지방,서비스,대졸,사무직,0,50.87214613898454
44.12931454275624,22104.391525227806,7.809790542561636,30.597581374100855,37978.08339354131,남성,경기,서비스,고졸,기술직,0,52.74253878607336
34.36275447196025,15832.80654981707,13.047948523272396,15.224560168039751,21985.303791460035,남성,서울,서비스,대졸,기술직,1,54.351004219038664
31.777796044335687,31238.73812153867,16.82354559925991,7.102470637293479,35261.744012277464,여성,서울,서비스,대학원졸,사무직,0,49.21972072081249
42.436872114919126,27186.7899904081,14.575693207619109,21.633845529137144,60808.131057269165,여성,경기,IT,대졸,기타,1,53.72787170029728
42.44966571108723,28169.90318342527,19.84502793436944,16.317318716923552,68275.7737460641,남성,서울,제조,대학원졸,기타,1,55.82142738430471
34.9305682462887,16932.37211908301,17.07532745774532,11.525079658537289,18828.354127185437,남성,경기,서비스,대학원졸,관리직,0,54.95488249978189
35.289616943816775,7505.028489010179,12.03830483502327,17.314831021956408,4680.27529697266,여성,서울,서비스,대졸,기술직,0,44.8352760005429
42.32049937357636,38123.125896061065,14.081940139554316,22.389906315248815,99954.32809370621,남성,경기,IT,대졸,기술직,0,56.131449006104745
25.519156585026757,17336.70608850217,13.857887892366692,4.796678334445404,9100.025809192464,남성,서울,기타,대졸,사무직,0,53.962405105104914
25.925362256234447,14308.543966154168,9.253469709961617,13.217322014215359,40676.06028434649,남성,지방,서비스,고졸,사무직,0,43.71366100578088
32.81555778747564,31155.2938235261,11.17880325054694,13.297793278522665,64461.850870302114,남성,서울,기타,고졸,관리직,0,48.55931534708364
37.86552848288153,18105.909941071397,12.31771727906042,18.10587098688132,23621.27045001561,여성,경기,서비스,대졸,기술직,1,53.295699530424166
43.10907565598005,37420.284101024,7.89133849143219,34.777664412994966,41768.325552981936,여성,지방,제조,고졸,기타,0,50.64284728514166
54.753562169495524,29986.5124571276,14.142480404754929,32.535099054762135,15668.377387692288,남성,지방,제조,대졸,사무직,0,62.51915131016085
48.576596232020194,31001.307549696412,13.252784466040877,26.616302416559797,33750.45831964075,남성,서울,서비스,대졸,기술직,1,65.04529433206291
38.40061470036573,11125.801444555502,8.981318296065277,24.888249894302888,9393.74506221671,남성,서울,서비스,고졸,기술직,0,49.6658393196965
39.80983792097311,40375.23951200323,15.212638595831997,14.442959617593363,81978.51421313871,남성,지방,제조,대졸,기술직,0,58.08597858885547
29.97470635362191,25100.05372653352,16.14761823407288,7.356540299604154,23000.784917320663,여성,경기,서비스,대학원졸,기타,1,54.22459365592265
39.8148686400761,18312.907725346413,14.681103436594666,23.42541505363441,33358.32745185564,여성,지방,서비스,대졸,기타,0,51.44775496849776
37.11341361079862,23663.62253193353,13.02779547437309,14.995746292118726,46742.541936603324,여성,경기,제조,대졸,사무직,0,48.65118464024254
43.227185603380896,9062.33764121982,15.774326455255565,17.488930176647905,11283.555074565726,여성,경기,서비스,대졸,사무직,0,45.532110996752046
31.72769056447677,27019.832320510748,16.040661081430073,6.6886670791313,15878.538767287968,여성,경기,기타,대학원졸,사무직,0,53.75947671630596
45.193465142411725,13164.962795480249,14.922210709159065,26.06797356994663,7808.5962784230105,여성,지방,서비스,대졸,관리직,1,57.5644301977581
55.32738913002578,11199.952957803323,11.526163248695717,40.05077932130169,6337.698681740398,남성,지방,IT,고졸,사무직,0,54.39037793649956
38.91239851543143,10288.894687636312,14.829802296533542,17.057418624940865,24156.386996823574,남성,서울,IT,대졸,관리직,1,56.39213604225052
44.01711722098941,38420.41306226464,17.586441952476438,21.79710007651511,49755.36707306778,여성,경기,서비스,대학원졸,기술직,0,50.51457702227481
46.90143991711113,16080.59111842884,12.21011282416481,31.471837747970294,40052.73980440153,남성,서울,서비스,대졸,기술직,0,49.75478276764038
35.987795281141636,47423.05846759577,20.293818017397292,13.268670092603994,74896.75660249704,여성,경기,서비스,nan,관리직,1,60.99452396083815
42.24092481810417,16849.88765625735,12.423107198043846,23.32514705770063,27507.36159683575,여성,지방,IT,대졸,기술직,0,49.27929890719309
40.12592400781795,9379.86848584851,14.09722104002041,15.425759532457569,16716.86264347305,여성,경기,서비스,대졸,기술직,0,47.26023276466809
40.97676098548832,12603.600171521644,11.982543211980992,21.352459928687953,28768.708550434792,남성,지방,서비스,고졸,사무직,0,48.897632087276655
32.26990216144534,40859.956755100524,14.669812507760783,10.74648126381404,48368.266553044996,여성,지방,제조,대졸,기술직,0,48.9410630660462
40.245101742589426,20374.734575026898,8.773334922094175,24.95388922733847,16380.642223580027,남성,지방,기타,고졸,기술직,0,46.175238224493484
44.979982912454496,16745.022882500125,12.361874603549836,26.24238950688722,31650.49344565772,여성,지방,서비스,대졸,기술직,0,45.53322816746925
54.51143607795042,23861.202986494653,10.723636398954298,40.02558887485746,31435.800093838763,남성,서울,IT,고졸,기타,0,56.32688064763407
49.59270826085207,28307.763314633732,14.406015043676872,31.73555007055036,45468.73009755726,남성,서울,서비스,대졸,기타,0,58.02216453589807
61.531824575115564,38511.00824898756,16.983342126526722,38.20513514073927,81541.92917807707,여성,경기,기타,대학원졸,기타,1,60.473624897064006
32.326524371119504,45444.615191256045,15.938018561343654,12.585475561879488,78860.69300127611,남성,서울,서비스,대졸,사무직,1,58.77011794315676
48.723206367206785,18400.179097425822,6.885021917423323,36.55350718304564,37733.19286120027,남성,경기,서비스,고졸,관리직,0,51.17616532461707
41.83342005738352,11350.035571516795,20.126208958783643,15.83622304432502,21116.741240781375,여성,경기,기타,nan,사무직,0,48.90314914604081
61.89802933217672,17912.739085141464,14.885839821862605,42.82527782453404,42085.81800913477,남성,지방,IT,대졸,사무직,1,68.87786638339739
31.917017146448487,25087.882842858722,11.670502578520999,14.391018664403319,56820.07932051203,여성,경기,제조,고졸,사무직,0,46.99676209590797
31.60278157819224,13604.018920015691,14.471383756972823,15.24702017541494,24969.832947621824,남성,지방,제조,대졸,사무직,1,53.40999953582688
34.00607354555978,13649.041011161187,14.528569467508078,10.600681744462584,29990.458441368988,여성,지방,IT,대졸,사무직,1,53.613058074922414
18.76104275690193,26157.570769728354,11.99945384914531,0.0,70204.27817991824,여성,지방,기타,고졸,기술직,0,40.937851900773225
34.74244978319239,21497.110811272192,14.593750002026226,13.895661987258265,33980.01484092008,남성,서울,서비스,대졸,기타,0,54.40562920350379
32.40867338446302,22390.64457512792,12.177583137139077,15.109995628239925,34300.40042670373,남성,경기,IT,대졸,사무직,0,47.510827890031166
41.50393786476208,15074.38662662663,12.786914021929931,25.252944817038326,36338.528229401025,여성,경기,IT,대졸,기타,0,49.94565071975126
43.41755975777159,19629.712533055234,11.941162592734747,25.42760003056453,38403.26715693423,남성,경기,서비스,고졸,사무직,1,58.03717228201515
58.761708392158866,13875.547924179069,9.70198613078104,40.215262962365415,9400.91891688998,남성,경기,IT,고졸,사무직,0,59.495741515294995
49.5042383818605,34375.49399270174,14.437509410646152,30.751756764124362,93854.7250868654,여성,지방,제조,대졸,기술직,0,51.65296058850182
34.23096344337597,36961.22493406522,15.755898309549014,13.984982666110884,21325.065381966968,남성,경기,기타,대졸,관리직,0,51.36593752637866
31.01585328651642,8750.849574623051,15.544650788229117,5.5874851795284926,20748.184625780206,남성,경기,IT,대졸,사무직,1,57.70426703951286
44.919191715065054,13838.980593277589,16.459775757905703,22.451807689817752,33171.83383458302,여성,지방,IT,대학원졸,사무직,1,59.23506525132925
26.797667929793576,10422.637189143734,14.973020630044605,2.6443636383883753,30046.14620168335,남성,서울,서비스,대졸,기술직,0,49.699164949642224
58.31458765854354,15914.533587208478,12.40182350534929,38.58346195819012,10111.076445460225,남성,경기,제조,대졸,사무직,0,52.30012159260751
51.79440120721287,21126.44844048234,16.518991593293567,27.469791759993708,42086.88845952041,남성,지방,서비스,대학원졸,관리직,1,59.77568173708002
35.30824347895295,10669.851110310974,9.927447380474195,20.99932549496273,16747.41352400834,여성,서울,IT,고졸,기술직,1,52.09268022779117
22.868654709091224,13892.023332652978,11.29798585246256,5.804329204973032,18428.913474958383,여성,지방,IT,고졸,사무직,0,43.26619326695639
53.538723741654124,13333.318260425685,11.107399785730266,33.8601419544118,9677.274403440315,여성,서울,서비스,고졸,기타,0,47.40397588137714
38.85460154747382,24431.62465995669,17.24016817741793,17.374565295970573,46582.1979929478,남성,지방,IT,대학원졸,사무직,0,52.87235174960111
52.378163119734616,22803.565140227453,16.828365542420226,26.682185929457564,38711.37355197093,남성,경기,기타,대학원졸,관리직,0,60.47974051853993
24.05572341205633,15353.99874010501,15.461915711134985,3.254035281863233,11690.321916860476,남성,경기,제조,대졸,관리직,0,48.19165619243215
34.00624977046227,24062.513115017966,17.215789595635393,9.162438836243764,48876.34855084513,남성,경기,서비스,대학원졸,기타,0,55.99242382403989
40.05243699718183,16758.484690819496,11.362151652764036,21.958931179356757,39296.68251616312,여성,서울,IT,고졸,기술직,0,51.13583860545598
40.46980593764742,19228.954036714436,15.045785359582942,20.432562074141245,46499.37497917958,남성,경기,서비스,대졸,기술직,0,49.566816225578265
35.49934528520756,50854.60943965489,13.624476714850507,16.91776736847611,140533.30443537963,남성,경기,IT,대졸,사무직,0,57.991076592564966
46.228499323474985,43054.865615432886,16.54064631165474,26.361791158932164,65601.70222139871,남성,경기,서비스,대학원졸,관리직,0,57.227443145571854
29.323795706174057,11501.231338542688,13.654327302343408,9.504961004487743,33154.39165524276,여성,경기,기타,대졸,기술직,0,49.07453745483829
38.576205149787064,33351.7728529404,12.845171334769756,20.34393554094399,88834.89877290292,여성,경기,제조,대졸,기술직,0,47.82999711911909
41.20295631711899,33047.403428480175,15.622725555682969,18.704756116627372,41020.21930125579,여성,경기,서비스,대졸,기타,0,55.95417481532632
45.14438834058749,12405.166966193727,16.628507501573697,22.879860604259388,11142.415166103123,여성,지방,제조,대학원졸,사무직,1,59.68006949276338
47.1161487808889,33169.59167770137,11.994964415459595,30.000156461446323,52689.01706476863,남성,경기,제조,고졸,기타,0,54.79938436204311
28.753579081621307,47522.851531218985,13.816772985942873,8.740186400769682,71509.85733755985,남성,서울,서비스,대졸,기타,0,49.790967155889774
24.658858292643778,12565.718071317347,10.824678099075042,4.2266792253837435,24368.67523317513,남성,지방,제조,고졸,기술직,0,45.06893081643264
52.77676821898509,13922.320039332459,6.505816947521182,40.9338930641257,27266.3846021844,여성,지방,기타,고졸,기술직,0,51.4315913552683
43.323140119795916,36637.61534978197,14.601378894241186,23.450884180265643,87013.14430253216,여성,경기,기타,대졸,사무직,0,54.03047167688138
32.51513463443446,25228.955847218826,15.826716068763895,9.328071612974664,44774.455399159495,여성,경기,서비스,대졸,기타,1,56.89062730704734
55.51151975522523,29019.930676572327,14.786200427260177,32.15654525582003,22114.829771876783,여성,경기,IT,대졸,사무직,1,65.51828325458044
41.156746342928585,26115.76955065724,8.151314846736899,29.95718979719962,69095.2315919055,여성,경기,서비스,고졸,기술직,0,47.00370218855083
51.792971840638266,26778.322050412073,12.947451709770576,33.82841115265649,34126.60044606754,여성,지방,기타,대졸,관리직,1,55.69105830960591
40.67518481410109,11347.627109890193,7.344956719846756,26.87206603241091,33228.61703580154,여성,서울,IT,고졸,기타,0,47.679439607326444
60.60747924881987,37184.93009871075,18.109103322962554,34.22431015956234,29549.014806064635,여성,지방,제조,대학원졸,관리직,1,64.37229266146363
57.55340842443204,39529.20308019536,10.741836253645742,39.16794251394361,114461.86451263238,남성,서울,IT,고졸,기술직,0,61.505565563407416
37.51035851520926,19639.62774809771,17.76621082837969,16.349328480402033,14288.408893684833,여성,경기,IT,대학원졸,사무직,0,49.48293515628778
49.71570950954356,21552.810940354204,16.837608931052436,27.153424460227214,23225.100974083518,여성,지방,서비스,대학원졸,사무직,0,57.628010778026116
46.45375949585147,10243.987721576845,11.298228942391816,28.05435641945824,6314.904747804154,남성,경기,기타,고졸,사무직,1,58.86099025698278
53.68631557532349,28484.842367135752,10.601645146196764,38.104048891576035,64455.013266085,여성,서울,기타,고졸,기타,0,54.70680881758361
30.350765394198955,29320.104521778412,15.051110649159014,7.670858370147293,76987.17183844186,여성,지방,서비스,대졸,관리직,0,49.92814700262124
46.86051459998439,21352.081146636297,11.467027888450787,32.39517277209436,33846.84297917569,남성,지방,IT,고졸,관리직,0,51.29992741131344
50.58424486849588,38645.1545955462,14.307453926474622,32.98239201181471,109029.77513625321,여성,지방,기타,대졸,관리직,0,53.943599554665695
22.412605135768857,18638.067062709284,12.551517227579245,2.9279397657840587,36824.117747444405,남성,경기,서비스,대졸,기술직,0,45.73577807110286
28.16741487334225,29211.06815810392,8.6565247566031,12.253549622677427,60613.48751310245,여성,서울,서비스,고졸,사무직,0,51.599460094742945
19.607678222398995,13229.015374641102,7.3085959426266225,1.062815882387813,34574.66673061128,여성,지방,제조,고졸,사무직,0,41.76068386283174
37.305931655554424,21768.601765082007,14.680052745483792,13.662717366967897,27036.614551461407,남성,경기,기타,대졸,사무직,0,47.1335534446495
47.17542255795962,20187.58057016036,12.315326761008123,26.181156247035986,27973.20976644874,남성,지방,IT,대졸,관리직,0,54.39007536653145
55.02357052096028,24653.002097994842,12.340730549257604,36.95322065367745,68162.58746046746,여성,경기,제조,대졸,사무직,0,57.14597363797384
40.74094780419775,18310.620681339173,16.087591517281357,18.000888878033678,50398.312399917166,남성,경기,기타,대학원졸,관리직,0,52.0924302290588
56.286155455712915,20625.092626284488,17.520326829897336,30.075157650985098,60662.66558092822,남성,지방,IT,대학원졸,관리직,0,63.356578348842994
26.198985417851084,33290.374686108065,13.182365835914572,6.4542914970073975,91701.52599463434,여성,경기,기타,대졸,기술직,0,50.925973301773965
22.966175606448452,17705.274727693115,12.978203879270415,4.998646022472734,14490.529590337263,남성,서울,제조,대졸,사무직,0,44.82946829288477
39.44452301103381,9864.6353092721,15.500429099341652,18.99977261152333,25246.66684996575,남성,서울,서비스,대졸,사무직,1,53.95514731415842
43.840654489393074,52827.75276231681,9.929193290901274,24.112120636774037,80540.99086630298,여성,경기,IT,고졸,사무직,0,54.11491811241667
39.67305251905907,43946.44618108239,14.669459164243092,18.747066393848314,130828.71925359523,여성,서울,서비스,대졸,관리직,0,48.70990544949364
19.325578999601234,11543.39455609007,15.655657915466461,0.0,19401.011059490163,여성,경기,IT,대졸,사무직,1,52.87519393445815
39.10879960487212,31096.604203965235,16.040690625252886,18.871566373899782,58604.355730598094,여성,경기,기타,대학원졸,기타,0,47.16715864877861
26.95530499495147,17128.732827818683,8.189741892492606,14.33385593516586,31250.298869694307,남성,지방,서비스,고졸,관리직,0,48.6582331121317
46.69672548830039,25128.139874070723,11.715934190573178,27.18473684507829,32775.702659402545,남성,경기,기타,고졸,사무직,0,55.43741726531533
43.66598246096848,25517.303368748482,11.3652102415296,24.768681814638082,17544.555188468763,남성,지방,제조,고졸,관리직,0,53.27951221811431
30.60120213672645,19590.422931180005,14.29966086322764,9.379007172502195,53660.677471603325,여성,서울,서비스,대졸,관리직,0,47.0540645838229
34.861330826633065,14885.117499035576,15.442233739303951,8.913510297866434,37312.36820723686,여성,경기,제조,대졸,관리직,0,49.18251424389894
29.407864781110483,15595.371864088975,18.490131222337943,5.589669905653693,13237.616001612445,여성,서울,서비스,대학원졸,사무직,1,53.59603596308721
39.37320902726828,13931.448453813937,12.515103558895781,20.312416375692237,34019.49205908622,여성,지방,서비스,대졸,사무직,0,45.31153725483066
49.551423205012384,14531.716665726986,12.507282505072359,32.98449086507574,30002.424400956796,여성,지방,기타,대졸,사무직,1,55.452155100802365
30.142739536644562,21298.903148059646,17.44901605663624,4.496905044083218,32435.236355249053,남성,지방,IT,대학원졸,사무직,0,54.09270506972682
45.040465155178445,15399.957142520358,14.889730815590916,22.912488443087668,17479.76559467378,남성,경기,서비스,대졸,관리직,0,52.36188227870247
34.69742381627559,30977.797985332978,17.80295453356392,7.881418766633438,82070.16043643706,남성,경기,IT,대학원졸,관리직,0,58.52387073783963
32.07127167737656,46333.61847988777,14.866184009029508,9.196506541358541,104272.44841551236,남성,지방,제조,대졸,기타,0,54.6532546728907
38.929696400454425,16481.16313107699,10.528650143860187,20.0370822644578,30809.058568943965,여성,지방,제조,고졸,사무직,0,49.79082565023734
29.647576775806257,24827.377389450052,10.00061493566658,15.63890919783257,50248.65878430239,남성,지방,IT,고졸,사무직,1,49.394891341136976
34.46350694652818,28278.089330334085,9.345463252823212,17.721519996202183,20576.988744898,여성,경기,IT,고졸,관리직,0,48.26679731245542
28.021221074111516,27889.37680039748,15.98615550427542,6.283416939325323,46988.00536321503,여성,지방,IT,대졸,사무직,0,47.6861303786146
59.64725132916389,22879.06625111738,17.565790469261024,35.31993405217926,22518.737704320967,남성,서울,서비스,대학원졸,사무직,1,64.63058787639474
40.35263551971729,31931.274781876815,19.548086424159145,12.265618563532518,32600.52867716146,남성,경기,IT,대학원졸,기술직,1,59.32169751134514
33.00274492007414,28032.630239445905,16.52931599696972,10.136828076761136,60361.53874639349,남성,서울,IT,대학원졸,사무직,0,52.73876964809164
42.13979910734222,11862.87184678218,17.48851573260496,19.84949003846445,32956.7232953962,남성,경기,기타,대학원졸,기술직,0,55.134700929930176
38.8767195030917,34015.719404974865,12.259951002038946,18.20124971596605,51343.03862732536,여성,지방,서비스,대졸,사무직,0,52.177929004207805
37.79030400466777,34325.55565750136,10.53075254976843,22.877777036362094,34990.55091271415,남성,지방,IT,고졸,기술직,0,55.16353169560233
46.14166700043425,15038.320883857501,16.55023799725266,21.891987160226204,31909.32197839017,여성,지방,IT,대학원졸,기타,0,48.5935114499874
47.57507710047305,22448.271967732708,15.253042256718203,25.35606699160917,60115.74536196059,여성,지방,기타,대졸,사무직,0,53.441594076232974
34.69498852389472,30997.582495354072,14.322333123022677,15.434021646892141,73488.9756742242,여성,경기,서비스,대졸,기타,0,53.5106811782722
34.2418175935532,19837.77227900812,15.16211444189897,11.752830837215253,53004.40640232051,여성,지방,서비스,대졸,기술직,0,53.95072724663713
37.24948302848356,37665.092792482516,14.969556447374618,16.355076299780674,69356.00007589547,남성,경기,서비스,대졸,기타,0,48.369604533722466
16.98078835264415,71821.29130142482,17.851450579560684,0.0,170912.45257436472,남성,지방,서비스,대학원졸,사무직,0,52.03217106429807
24.84808937801448,14868.601456446508,17.88495675445087,1.2218686369712466,12640.711006425307,남성,지방,서비스,대학원졸,기술직,0,52.214909800174695
53.66874267444525,11042.179274719982,15.632661057021041,27.274603406377214,15135.366486546256,남성,지방,제조,대졸,기술직,0,53.45518892540011
56.449677135012834,25640.009916729137,16.537408617688783,30.252904886907885,37790.11605926403,여성,경기,IT,대학원졸,관리직,0,55.436813440575065
37.50963960443622,31595.856026163798,15.542187657274328,17.19938595925557,56184.994976031114,여성,지방,서비스,대졸,기술직,0,47.21322091033383
45.765569630557664,19625.14268264868,12.616490803896143,29.223441637959624,55395.71167411452,남성,경기,제조,대졸,기술직,0,49.45913058064143
43.112501545435364,45552.93483423659,16.26969402473942,19.021834113632902,122343.40300111308,남성,경기,서비스,대학원졸,기타,1,55.479965969985884
70.78880808455239,11278.991332074458,9.816514793422215,54.4842365867879,9432.775319719134,남성,지방,제조,고졸,사무직,1,63.43083357962646
51.195749114345766,31146.567063581522,17.161674656887648,28.623512963262723,29027.794732415874,여성,경기,기타,대학원졸,사무직,0,58.98478364199971
38.72082408519233,16269.859906262693,10.416431180701895,23.690828107807846,22681.834049657304,여성,지방,IT,고졸,기술직,0,45.2793931339248
30.444595593995743,52035.89006793618,14.857409860384198,5.531831190269847,63840.73464250281,여성,경기,기타,대졸,기술직,0,52.04966690748178
23.935536797424277,59650.49205833907,11.464538124721523,4.698918178745999,121503.72067653244,여성,경기,서비스,고졸,기술직,0,51.6823873387795
42.03463635867223,15012.999019591392,15.66016694922328,19.7093106497492,41389.93930979496,남성,지방,기타,대졸,기술직,0,51.70606360789564
32.436492547156966,16734.394511882576,13.898224322216274,13.944548619412792,48625.61299043318,남성,경기,서비스,대졸,기타,0,44.278117403809276
25.77746290402326,33853.37383343392,9.215732125510003,15.558591745956248,72243.34964374494,남성,경기,IT,고졸,관리직,0,50.42542436560005
33.534271157574736,18150.160363440693,15.262098893055438,11.816160810899863,47106.889970528115,남성,경기,서비스,대졸,사무직,0,49.93876981394736
29.18451996385605,21531.976559266277,12.266237669501868,8.104327370146208,39037.59194024463,여성,경기,IT,대졸,사무직,0,48.01781020451129
56.871416350725646,22307.856621630115,16.643440162440108,35.032512342688136,22772.247463254364,여성,지방,IT,대학원졸,기타,1,61.52841188701648
48.816397569494505,8435.155432511569,14.003977066203221,31.454412082372706,15282.148490371195,여성,서울,서비스,대졸,관리직,1,56.381305749901024
39.92027358683383,21874.593472807108,15.186262956164114,18.950038872628717,41292.81236209564,남성,지방,제조,대졸,기타,1,58.66268227012873
54.79944138890026,15601.7148420382,11.127293134954364,35.85885116363731,36759.88541895454,남성,지방,IT,고졸,사무직,1,66.94017849756695
40.77368307647618,17213.316679572978,12.232003305717914,24.457667653718307,18068.947175496203,남성,서울,서비스,대졸,관리직,1,56.52200733485661
31.387157986717362,45334.155038469806,12.624084091696746,14.090165132017487,64409.677428729774,여성,지방,제조,대졸,관리직,0,54.84467448361733
55.23124077269657,11751.622003077426,16.570107440727668,30.608971643577657,16570.594043904934,여성,지방,서비스,대학원졸,사무직,1,60.375505408317416
45.38910043684659,33077.30224534906,19.032131263416467,21.119820408498807,95877.8348588896,남성,서울,서비스,대학원졸,기술직,1,62.08750470318253
29.627538456735437,19158.821376458007,11.584484744771371,14.037584847281808,30843.066177924862,여성,경기,기타,고졸,기술직,0,47.39886932507861
38.09661321916392,19151.185826607514,17.23054443397304,17.22984887030867,45727.95512399651,여성,경기,제조,대학원졸,기술직,0,47.65138454217192
31.24381746615243,32701.817880823244,7.490967746822894,17.619951768710624,77733.1515818022,남성,지방,서비스,고졸,기타,0,48.837673765055385
26.17200269035664,26108.746373884384,10.417431796723132,9.038412001274867,30386.937617161475,여성,지방,기타,고졸,기타,0,40.63183726861844
49.26177547531641,29298.936534915065,11.123664631439675,34.59265848803926,56537.40260531746,남성,경기,IT,고졸,기타,0,52.49836016816038
59.094166404701305,35742.37827423075,9.942473931677833,40.731371467061706,97782.46989895075,여성,지방,서비스,고졸,기타,0,56.33148461835033
26.01432426180859,18663.887917549346,9.24923483063726,11.64224801301334,31504.53639532358,여성,지방,기타,고졸,기술직,0,48.71065424660014
45.62969236690571,16218.074882597508,15.238996736413393,21.650642375763457,46429.003708637036,여성,지방,서비스,대졸,사무직,0,55.925845313993634
33.49357430878173,12802.87119318478,13.357796906816416,16.266529946484518,13265.638312481698,남성,지방,서비스,대졸,기타,1,52.609852965501396
35.12874616235304,14578.377765605115,15.13821619281533,13.474438938315387,9991.987529635777,남성,경기,기타,대졸,기술직,0,50.19808073721538
34.07606075761131,96234.88613530988,16.07141805836454,14.541809170541708,262589.84801006975,남성,지방,기타,대학원졸,사무직,0,58.68929781032941
31.36009230320184,41041.53125246011,14.7968509795176,11.546066836395292,107496.10157195291,남성,지방,서비스,대졸,기술직,0,47.979507917719005
40.48521627944827,11208.893636901335,15.97328952845112,16.065486290873288,33419.032679469565,여성,지방,제조,대졸,사무직,1,55.704577561752956
31.69049883588962,11370.425642593802,13.791403141273191,14.748351158770914,24997.695667908847,여성,경기,서비스,대졸,관리직,0,44.340274743275415
42.704568257798385,28027.264032748113,10.439019835082766,29.368038955571077,79645.63160884306,남성,서울,제조,고졸,사무직,0,51.88737149975655
39.49761890550863,28958.88657280757,17.17344254246239,18.088749348244672,74348.25083366521,남성,경기,제조,대학원졸,사무직,1,57.46454508056754
37.6105195313359,28982.338832073285,12.232663601656618,17.854680199606847,75674.79467906551,남성,경기,서비스,대졸,기타,0,52.30697665787278
30.924363379584022,19390.1813940358,11.193211103712722,13.119124367156484,37284.48642200457,남성,지방,기타,고졸,관리직,1,54.5822912739713
34.23228669431667,20687.25046637948,13.466246372586806,15.056894756541384,30118.805749638435,남성,경기,기타,대졸,관리직,1,57.546557411447395
47.55391225825756,25950.33406910277,11.261567242110461,28.884924217484237,73605.40250823874,남성,지방,서비스,고졸,기술직,0,53.92269078237577
45.009171876243805,22993.03224505318,12.747708854031703,29.646156167138507,36335.72650397051,여성,지방,IT,대졸,기타,0,53.40635079457155
30.22444755201449,7261.558931511488,15.0321617646904,9.480938730776161,13412.45093756375,남성,지방,제조,대졸,관리직,0,52.18410040441743
40.99332305429226,19635.61296911295,15.045025217738381,14.541601742339166,31717.126171291908,여성,서울,서비스,대졸,기술직,1,51.962718678406915
47.51387123371789,14390.114875662039,11.306509800723113,30.886073058507222,27514.55849224348,여성,지방,제조,고졸,기타,0,55.308705467724494
23.305947188786284,24043.1571594507,12.536883881153766,4.072748513997891,40302.647476056074,남성,지방,IT,대졸,사무직,0,48.191972359528464
45.43360192379935,97990.86130372898,17.22299901431073,22.060749797251724,60746.38660146428,여성,지방,제조,대학원졸,기타,0,59.70967069033287
33.37376241054153,26469.299547316565,15.489200353201824,11.147323325768308,71602.64390017072,여성,경기,기타,대졸,기술직,0,49.31196131115022
45.70598668593159,18830.537326661157,20.225195118045626,21.09488440109934,30335.70465040783,여성,경기,IT,nan,기술직,0,53.65757250647679
32.367408434574834,34922.99420530657,17.54038452122458,11.066399470457014,68880.6861628389,남성,서울,서비스,대학원졸,사무직,1,60.23747507035855
21.95117899335481,28038.78315927263,17.432879205679818,0.0,23776.033129503332,남성,경기,제조,대학원졸,기술직,0,53.56364993330385
23.724575621168373,27174.851441108243,9.836394348632595,7.20955889825946,13817.586384637316,여성,서울,IT,고졸,기술직,0,49.4967021161222
40.48084946661382,29834.636512016343,16.291581054900266,18.10659400209521,33212.670215649516,여성,경기,기타,대학원졸,기타,0,51.061190255227224
42.59722501721482,61591.04603704028,13.840679594909268,22.795744655460805,139285.99987397194,남성,지방,IT,대졸,기타,1,72.34795225867818
30.956833748955916,12513.405421160664,12.347054589385252,11.00491907984099,9359.856137740282,남성,경기,서비스,대졸,기타,0,50.68914288156389
46.38592458777374,27912.11319843739,14.504046021597585,27.039735863318622,77378.47940098147,남성,경기,IT,대졸,사무직,1,63.34328780382669
23.3847993773104,13860.653684412055,16.83563460383445,1.4692494211968834,14381.210262652394,남성,지방,서비스,대학원졸,기타,0,47.17724789238297
39.33920201352684,29078.55742129063,15.502494773012636,20.917589720067546,29412.496613677285,여성,서울,기타,대졸,기술직,0,51.05332679774418
27.889838002375434,13914.082618423907,11.36457859597382,13.035958966978566,13270.833243969964,남성,지방,IT,고졸,기타,0,46.96375387882517
33.48163892197841,17877.828506995334,16.22737674077786,9.882912346020287,9563.820920337896,남성,서울,IT,대학원졸,사무직,0,55.67907623423193
40.47398671316414,19004.955556055516,12.087237373772108,24.02734608840996,46172.799343901395,여성,서울,서비스,대졸,기술직,0,47.355287397513884
31.395866347160478,35879.03281380249,14.65004935689286,8.843910224078677,96427.99805629853,남성,서울,IT,대졸,기타,1,55.15687834743043
36.154444557701744,34864.59843826319,13.089949797568597,18.456358962014846,70963.63922531214,여성,지방,서비스,대졸,기타,1,57.368648870347506
50.0629280921444,11815.190484806271,13.343401244793123,29.686298449831067,11466.641824364695,여성,경기,제조,대졸,관리직,0,52.190679953882864
34.23108130476851,22639.853365333573,16.29872892512153,9.88584593289581,27466.55673041078,남성,지방,서비스,대학원졸,관리직,0,48.99045279766899
48.35692112065142,15447.617643823556,10.879418840552306,32.03759296549393,26103.642940365982,여성,경기,기타,고졸,사무직,1,52.213785123108146
28.70293145342382,11739.887898565294,19.8355852228308,0.0,33879.73017055057,여성,서울,IT,대학원졸,관리직,1,60.09646174537666
45.298041779152825,19761.51176670946,8.536741792116512,27.259348838225854,22100.84849507486,남성,지방,제조,고졸,기술직,0,51.14992009008927
54.415686206579004,18878.115229534247,12.206996950235428,35.85370548879501,43969.296818308096,남성,서울,기타,대졸,사무직,1,56.27870319937117
15.283554998727105,74113.89000461825,15.110635669825223,0.0,118479.98821195017,여성,지방,서비스,대졸,사무직,0,46.833212872378354
32.03104744529523,27350.221668004848,15.752942499305929,9.539467405672921,34040.58833618756,여성,서울,서비스,대졸,사무직,0,49.94434850008878
45.7707212718054,11061.116834869905,13.698572838284885,22.91327583608531,18137.907033136926,여성,경기,서비스,대졸,관리직,0,52.01037526310601
37.96954613957007,16607.55511000645,13.827827890995373,16.505934564297686,11260.201269424932,남성,지방,IT,대졸,사무직,0,53.11263148627909
43.71145873371309,36705.85828928287,15.23165025598285,23.262227132205027,91644.1927816659,여성,지방,서비스,대졸,기술직,0,57.11894151923428
33.960148132841795,62581.27471827502,13.30679156762696,15.81692010647156,69355.99934560758,남성,경기,서비스,대졸,사무직,1,53.63660354030563
40.865897874729,9966.735169499938,18.179543773804717,16.6539078657324,23058.343886272472,여성,지방,IT,대학원졸,기술직,0,52.219739249451266
38.44322764607921,8604.475961000997,16.518047342694807,18.23884786545838,5772.492778249394,여성,서울,서비스,대학원졸,관리직,1,58.75400458952355
51.67782061659807,56133.192751148235,16.618473053016903,29.85414161049964,162098.4247495537,남성,지방,IT,대학원졸,관리직,1,69.1807531238454
42.54420843301213,26763.84232792583,11.101529829888749,23.94776729520696,26296.477754775475,여성,지방,제조,고졸,기술직,0,51.56684312219947
43.37602662075202,14269.128466257987,13.761834726782892,23.053187787145895,38624.464453054316,여성,서울,IT,대졸,기술직,0,59.11386912822438
35.881230338775325,28776.505244400825,13.09860215383789,13.976895870521727,72622.77777645171,여성,경기,IT,대졸,사무직,0,52.93436166314408
35.123937759275066,5896.570150850988,10.983195872931603,17.92446390556063,17215.91992178395,남성,서울,IT,고졸,기타,0,50.2878328784699
35.67441812180379,22063.672424081677,15.0804925518373,16.818126808409165,37391.893706128096,여성,경기,서비스,대졸,사무직,1,55.339853188623145
43.944521423782966,25949.576962072042,12.38706272666055,26.928038866544348,60163.91862768215,여성,서울,IT,대졸,사무직,0,51.153599175879975
35.79015519179737,34966.12692720618,15.96621148955071,16.627962354084904,49888.853181730985,남성,지방,제조,대졸,관리직,0,50.41575884368311
42.89774856896413,13267.225487009902,10.789425311317004,25.502552770049142,12748.750209629927,남성,지방,기타,고졸,사무직,0,49.927860520151114
60.75400798645439,22990.665867735668,19.157121838525462,38.289085736957446,36961.859754138284,남성,서울,제조,대학원졸,기타,1,65.85930602340741
48.711247034316926,13867.28415460834,11.311002024223814,31.013636557197177,12679.863814149805,여성,경기,제조,고졸,사무직,1,50.11147372863009
36.73976467832159,25026.53342016341,14.657907011601308,19.02502783186007,73956.19814071973,여성,경기,IT,대졸,관리직,0,48.79501807079646
52.012139221639444,14077.412462009117,16.3755779311642,29.592847795590995,10425.960115526985,남성,지방,IT,대학원졸,사무직,1,60.033781415968946
35.91924626978449,17960.848424643067,12.288078709399661,19.045630307993378,35437.28034970959,여성,경기,제조,대졸,사무직,0,50.52909260209363
19.61875464822146,13387.708683953371,16.557405930298852,0.011573446542320287,27661.143329895764,남성,경기,기타,대학원졸,사무직,1,52.53655125866352
29.91913689082596,30502.62794185583,10.312449206598751,13.2198324270648,56283.414219455764,여성,경기,기타,고졸,기타,0,47.495704693075545
21.292080789741444,33834.13754540621,18.356353097547682,0.0,72928.28961720514,남성,경기,IT,대학원졸,기타,0,49.64276818017594
36.48486515958692,19588.338918407684,14.042447794897274,19.02014421510225,15483.640451044319,남성,서울,서비스,대졸,기술직,0,51.453118000156245
40.184183791895514,22451.64125174138,12.21076577609336,21.707411687942027,42378.51260969103,남성,경기,IT,대졸,기타,0,56.07163003255456
56.76437312275283,10675.474563258027,13.102454682717697,35.02013387502281,13003.063524924226,남성,서울,서비스,대졸,관리직,0,55.22135745052862
43.269273737641626,18961.42016074126,16.42675780817816,25.128530038633286,54048.39348367815,여성,경기,서비스,대학원졸,기타,1,52.813546845354274
37.80899471191136,21480.4326729115,12.246634124448686,18.6228316587884,51664.28844557168,여성,경기,기타,대졸,기타,0,45.4300617475332
48.294055811834895,81666.28648114394,11.751926931731667,30.859640981978313,239387.25900836918,남성,경기,기타,고졸,사무직,1,63.610964986921715
17.88864690992115,12632.352831560904,13.335390207248786,0.8652700415746182,7502.230225592407,남성,서울,기타,대졸,관리직,0,45.843804785726746
42.356145581085656,45802.25567229122,10.469113661690095,24.67004411193316,55550.48431184316,남성,지방,서비스,고졸,기술직,1,57.55774554242083
47.708651938869664,36258.509832517804,19.461631723825448,20.231284388599956,35843.5843640655,여성,지방,서비스,대학원졸,사무직,0,54.74874400436108
25.214137542201584,25344.52988853725,12.300816226355831,7.420795909395419,13379.034373066093,여성,서울,서비스,대졸,사무직,0,49.58060980223181
51.43754043206929,53066.98391995584,16.49485035854121,25.356537277703303,58682.231035910656,남성,경기,서비스,대학원졸,기타,0,57.55966766547802
43.38496407494414,26530.56480773588,14.628410250943318,22.180741670264986,58286.05795567644,여성,지방,서비스,대졸,기타,0,51.76220546901028
35.847120860991986,26757.7544911354,11.046397848554095,19.290800341068703,28837.428855812428,남성,서울,서비스,고졸,관리직,0,48.168248903417094
46.32781866106285,21449.13663632283,13.982135872361813,25.805778995050712,38018.779444450854,여성,경기,IT,대졸,기타,0,56.18171535601597
62.70692857804396,40610.60186614149,16.352008337932244,37.26801835374022,110442.37092405024,여성,경기,IT,대학원졸,기타,0,61.128837523331846
41.81866255058495,38110.099964091576,13.43521599474108,25.5718024682519,85153.00922050464,여성,지방,IT,대졸,사무직,0,55.6674760373405
42.48220586300336,16109.450337480144,17.579338837553085,19.109943333348625,23947.86867718308,여성,지방,기타,대학원졸,사무직,0,48.37007912848333
35.40639100459756,11388.69416875509,17.06454617834559,15.20414906177545,16299.184165954355,여성,경기,제조,대학원졸,사무직,0,54.28911905317276
31.501556305352082,19900.689956693317,16.756744563974987,8.224739241016206,32623.987820206923,여성,경기,제조,대학원졸,사무직,0,53.46352025619428
48.303358165442454,14764.496870868328,12.621029683181009,27.92230451887992,13917.067941791682,여성,지방,IT,대졸,사무직,0,46.47396607146668
31.439161740911327,21337.84877686914,10.760472656655539,15.217050924766106,44489.45563728792,남성,지방,서비스,고졸,기술직,0,45.77696374667507
40.715662372193925,40893.19993058252,12.159237183911618,22.12485093562587,57675.03505761597,남성,지방,IT,대졸,기타,0,55.448868462070756
35.223425532348834,17524.39470665889,14.588722822000161,12.279179794365957,46105.16439019748,남성,서울,제조,대졸,기타,0,46.80559200299208
44.78979825746392,21559.855210452963,15.637360140597067,26.092006634441844,51557.84213005038,여성,서울,서비스,대졸,기술직,0,53.120327193043764
43.33662105286948,22674.843371183986,7.485285785718657,28.606794821362833,45945.64761518118,남성,지방,IT,고졸,기타,0,52.06991338074179
50.375399442578995,33665.048481784506,13.975660395164748,26.719206277823105,47484.73794756634,남성,경기,기타,대졸,기술직,1,60.06956368408409
34.89983601145253,7162.07722431836,14.474267675969553,17.08190044339764,7339.908587879426,남성,서울,기타,대졸,기타,0,49.82469114615585
37.30125064706629,16263.032277027673,13.167367231053346,17.125287384387697,39687.97318307619,남성,서울,서비스,대졸,기술직,0,48.36128565836168
30.212362842176926,24480.737091986528,17.873821517047638,5.1228935398980395,42009.50172487036,여성,지방,서비스,대학원졸,사무직,0,43.736580395214624
35.55706739923888,40136.42191382996,15.265340222752613,10.760952002426322,42619.866850504506,여성,지방,기타,대졸,기타,0,54.71709246871167
43.77300493044852,17223.823234486328,17.93057572424269,23.324312179399815,17016.044290513124,여성,경기,서비스,대학원졸,사무직,0,55.747679401290966
47.56988616645352,8618.993960941725,13.352118438949303,25.63880655308484,7873.470473049644,여성,지방,서비스,대졸,기술직,0,56.96924513388705
30.778346758223748,30027.104106670246,16.812432477520776,8.082813242114272,73353.30241865957,여성,경기,기타,대학원졸,사무직,1,49.15842848913787
48.6960592010566,16031.628089209846,18.90519918358256,25.61610066255492,17193.407524428865,남성,지방,IT,대학원졸,관리직,1,63.82821150276326
53.55637858804951,12150.999034557015,17.935080347817983,30.46473210623772,22073.573606407495,남성,경기,기타,대학원졸,기타,0,49.69211025115873
44.13434903223701,16120.181981041434,10.723575219713801,27.291465188538826,26257.614769927455,여성,서울,서비스,고졸,사무직,0,55.36674891789452
58.76795812558066,20085.176234169205,13.238971767372856,36.12565464163297,39146.55576269803,남성,경기,서비스,대졸,기타,1,63.052159418045186
32.26210800896427,16278.942293039565,12.964505883650611,11.678152453779092,43837.35615951863,남성,경기,기타,대졸,사무직,0,45.564581499811915
27.55345296688583,7311.596815126345,15.467763605228983,6.46129003774189,19517.34604170262,여성,경기,제조,대졸,사무직,0,47.6939827911231
22.212797510957213,34493.73866038003,16.0590606650436,0.0,56145.11967388382,남성,서울,IT,대학원졸,사무직,0,50.73698577999783
54.96044311489183,41665.86638364523,11.483321977922792,37.88384005696658,22433.553566649047,남성,지방,제조,고졸,관리직,0,57.742225005887796
46.54365656354058,30508.5116962318,14.203515541750813,27.70362783942005,47779.67043416695,남성,서울,기타,대졸,사무직,0,55.948571890801816
39.44415329089545,12470.949328769368,7.940218003531591,27.428941058964064,25134.996885994464,남성,서울,IT,고졸,기술직,0,54.38656746833589
42.799686263198204,19915.512567126083,18.32583501740567,16.02149253016717,37728.183956856796,남성,경기,제조,대학원졸,사무직,0,59.319262502652194
28.745109527016233,21954.761995685483,12.46287727796992,14.675524359004221,46727.20395294306,남성,경기,서비스,대졸,사무직,0,46.92195430429637
64.45751979616827,29714.701276018,14.167591819533492,45.82488666574304,26303.136548812356,여성,경기,IT,대졸,관리직,1,68.96284142030449
41.292211819752275,30766.14710008437,13.071050858035816,22.217732654378327,65111.558436181185,여성,지방,IT,대졸,사무직,0,53.806173015582694
41.09394794604893,15258.82190896275,17.438082725040246,19.834938387161962,14597.032258968831,남성,경기,서비스,대학원졸,사무직,0,48.22313909417159
47.25766623898692,22948.268779680235,5.487480675807863,40.501001107179,54532.19947640146,여성,지방,기타,고졸,사무직,0,47.04193094821973
44.810092317367136,27684.838681374542,13.950168973022272,21.982483142231125,37311.3840207613,남성,지방,서비스,대졸,기술직,0,60.42927493306871
42.23884024279131,45611.317754313684,13.682543727506907,22.1057712303017,103753.8243379011,남성,서울,서비스,대졸,관리직,0,56.09594033320522
32.09525544554688,31327.552782900926,12.639090837224952,8.699301288575274,19412.55658199105,남성,경기,제조,대졸,사무직,1,58.04639303579981
44.714683571359956,32680.32009281528,19.1786796369069,19.921306999749106,49662.65051984484,여성,지방,기타,대학원졸,사무직,0,54.77175665615543
58.82024496475034,22969.288360950864,11.338011623432687,42.213021825167935,51969.99729620473,남성,서울,제조,고졸,기술직,0,55.54150291120653
53.454200461549775,44588.42488518908,16.315388531706983,31.06048769895727,47583.70988287176,여성,경기,서비스,대학원졸,사무직,0,57.77136546994477
55.93186626639397,27034.832279804366,15.068758366118251,33.55404075827909,67268.54581588761,여성,지방,기타,대졸,기타,0,55.60553754658933
34.88784323568815,14320.624428601463,17.78455775760655,7.004256445704952,29743.211351723727,여성,경기,서비스,대학원졸,관리직,1,50.15635008616577
30.10395179741419,44430.657086022096,11.998432745667484,12.852586418570242,87479.7175811189,여성,경기,서비스,고졸,기술직,1,51.68078790210056
38.74213079900352,31224.291240378814,11.801093302628724,23.85190646420545,43210.42659863553,여성,지방,서비스,고졸,사무직,0,52.64610124709709
40.557249122886944,17649.769264369876,17.288209722432196,16.087002488987885,30112.777465891693,남성,서울,IT,대학원졸,관리직,0,53.38347624694388
50.94191518470949,17331.02481542751,15.27596392499033,30.546071117765447,34547.20130452738,남성,서울,IT,대졸,기타,1,61.699998229984395
23.075353702851807,25547.321911144638,9.365187959969724,4.573877116041982,42949.01524308131,여성,지방,기타,고졸,기술직,0,46.16459995835689
55.29550319460614,27766.690494557683,12.38208495661019,37.82784436538098,62357.97008248717,여성,지방,기타,대졸,관리직,1,61.1065978847276
38.419921014210104,24310.074522551313,15.159147961544182,16.47400845717661,38513.049171356004,남성,경기,IT,대졸,관리직,0,56.65970209361594
35.7311893005258,25736.21278104681,16.513292664639767,11.693060734680202,25882.470503554017,남성,경기,IT,대학원졸,기술직,0,50.0423589844277
29.878956247398325,51533.05303506302,11.962308040421135,10.395920924544928,53328.178955226555,남성,지방,서비스,고졸,사무직,0,52.67402008428523
23.451433281342307,37638.07974720201,5.257232030549176,11.406978086727111,19365.146659963364,남성,지방,서비스,고졸,관리직,0,48.212492822062345
48.231705839619146,24229.296899747023,15.5696695572111,27.426902913793118,30344.63306122523,남성,경기,IT,대졸,사무직,1,64.07859071515722
40.73317967188404,35265.31882318883,10.339037930168072,21.769815339324932,83659.70782105766,여성,서울,기타,고졸,관리직,1,52.00874935257356
27.10039100258946,13144.228556682516,7.947983605632766,12.358176733820992,32668.754668730377,여성,경기,서비스,고졸,기타,0,44.35612833257931
27.04921227936384,26875.316039588197,5.503022225047577,15.463246498317968,27041.105973748872,남성,지방,서비스,고졸,기타,0,50.812080971129234
36.64215300709872,54429.04331615479,16.441942580593224,12.002131977441778,157714.13977760758,여성,지방,서비스,대학원졸,기술직,0,53.229209822947524
56.69021525289393,19751.348615039777,14.385852351214899,39.897693305029065,34683.506105509434,여성,지방,서비스,대졸,사무직,0,57.11423696575188
37.40408648636395,14417.283886191079,13.323030857863245,16.374064668378022,40259.49929860582,남성,지방,제조,대졸,사무직,0,51.68026610730715
24.96857046881894,15898.110675431652,18.167073088888287,0.0,36039.63701918797,남성,경기,서비스,대학원졸,관리직,0,46.32981734932222
37.54256935914056,12774.208820932501,15.911974049069217,13.673979410426346,29458.392922739673,여성,경기,서비스,대졸,기타,0,54.66261934988036
37.27276430252329,14877.704751769961,18.84890012816575,16.020824348633777,10601.98709791763,여성,지방,IT,대학원졸,관리직,0,53.85299507032923
13.031133570584284,18301.639970800486,9.82179358349901,0.0,19216.315988496015,남성,지방,서비스,고졸,사무직,0,46.33110702597067
39.45705133482188,10907.615461002471,13.89634812813811,17.687519194196483,5694.179760323608,여성,경기,IT,대졸,기타,0,44.45968996364882
37.69065469791322,22199.147516708534,9.149859875155958,24.753257940477198,50843.13158769304,남성,서울,기타,고졸,기타,1,57.20306285286772
46.96206364813418,34583.72888138059,13.311853004433598,28.051608032278345,47071.765399136195,남성,지방,기타,대졸,기술직,0,56.09825536494303
58.48956094945345,13990.333557291888,13.254152438699968,39.74991535297649,34508.99451262347,남성,경기,IT,대졸,기술직,0,61.67829343809205
51.26565029547757,47081.80792774169,15.879840911789213,28.696854966183448,63435.228980945554,남성,경기,제조,대졸,관리직,1,61.983046091534945
37.31111309445169,28435.568265586822,14.136691643425696,15.67558947711205,72463.33624727758,여성,지방,기타,대졸,관리직,0,47.76852935277342
28.934740912583298,36875.04421941688,15.870221414839747,7.7400516958527525,30486.281825632464,여성,지방,IT,대졸,기타,0,49.80481320080331
65.7335980324986,15852.503606440116,16.110320399416683,42.533103173090744,14797.248285115822,남성,서울,서비스,대학원졸,사무직,1,64.24278058810322
40.59218434014488,33767.78814262923,20.464786032149426,17.760909567145667,45660.51099997195,여성,지방,제조,nan,기술직,0,51.794453651491
40.13929291912946,12759.521418424629,13.054110034141626,18.546600674501626,19410.019678211604,여성,경기,제조,대졸,관리직,1,57.34415901882484
39.758749128899964,34376.3377446018,11.176931898000863,25.65413077660899,47155.98286737645,남성,서울,제조,고졸,기타,0,56.57083971555513
41.98084760767855,24002.653600289475,14.738250845949226,21.019959064133722,57825.21478650434,여성,경기,제조,대졸,기타,0,51.127726031667756
38.556395880760576,29045.696494838256,11.59315991858137,21.561407430221415,21562.900059887765,남성,지방,기타,고졸,기타,0,49.8730565051838
34.26337993119763,12236.795266936402,18.44588230530961,11.483813159146893,16862.824542417602,여성,지방,서비스,대학원졸,기술직,0,44.167974533843896
34.53141058759608,14079.358658634203,13.150345883164302,14.120566114422903,36509.1849206493,남성,지방,IT,대졸,기타,1,56.851756733748864
39.672467297840015,29691.44122822156,12.303270896378029,23.09769317085926,19803.974348477666,여성,지방,기타,대졸,기술직,0,55.72677600911661
34.56575228866235,13709.249059861844,12.586052836546646,10.564611741353353,39151.67914645709,남성,서울,IT,대졸,기술직,0,48.1181724054691
32.871542173228356,27766.9889440956,16.155252270414923,9.276310836369554,82351.11660890347,여성,서울,기타,대학원졸,사무직,0,51.041928661401364
41.064302276918966,11119.227508927366,13.526759050305545,19.68941761193129,8021.637941491911,여성,경기,기타,대졸,기타,0,49.84555470934599
37.450227825791444,33660.728362770475,12.074999539608854,16.868216261439066,41341.477309358685,남성,경기,서비스,대졸,기타,0,56.465254519231564
55.039929885826886,11893.393330473978,18.996055752870593,29.61396445679839,17019.46565945942,남성,지방,기타,대학원졸,사무직,0,57.045132198650954
13.490301916069882,29031.88445132707,11.43149047801475,0.0,70866.20348499759,남성,지방,IT,고졸,사무직,0,48.76611551026966
50.91506851922462,30116.10829290327,14.10669822209898,32.21369029412425,59925.54516733208,여성,지방,제조,대졸,기타,1,60.31014335183322
52.46085192497629,15546.861909601352,15.956918454830692,30.985686984546412,32818.0923669044,남성,경기,IT,대졸,기술직,0,51.99475516131717
19.266097675918505,29466.617268338385,9.10599466874878,2.828716077382632,70536.43869916853,여성,경기,IT,고졸,기타,0,42.19928263526445
36.573124059196516,25089.91199211966,15.440781504217775,15.870375430629077,19945.162778043108,남성,경기,기타,대졸,사무직,1,54.45972061522241
36.28559134004209,16824.29197499643,10.834676973558652,19.69948575618514,43457.54393596437,남성,서울,서비스,고졸,사무직,1,57.360508431445595
25.924883052821787,13302.70474688964,16.468348342502008,5.328647046191811,30117.98216986117,남성,경기,IT,대학원졸,기술직,0,48.590284603548966
32.22183312409125,8255.931198434864,11.11204696424307,16.66365956571121,16044.199502234735,남성,경기,제조,고졸,사무직,0,44.11159999710413
28.894241545341714,26234.353250396245,16.07830709554658,6.876887277636391,71471.25430534381,여성,경기,서비스,대학원졸,사무직,0,48.044089047747406
57.52270443423623,10072.846472294399,17.31749919888414,32.41069922302958,22671.619201756846,여성,경기,제조,대학원졸,사무직,1,59.574064122994564
49.35678393147461,23101.94517606264,16.584309576898413,25.466574042912036,23200.126284820897,남성,서울,서비스,대학원졸,사무직,0,61.37810655092359
52.71555094994159,19308.0211457179,14.753949944714307,30.862022285951213,30397.842835567873,남성,경기,기타,대졸,사무직,0,54.72875545925605
47.21672064043235,30932.769040639872,13.3060971712109,27.280090801388937,53671.66926806647,남성,경기,서비스,대졸,기타,0,51.90574032714629
28.709482287827708,18938.975061507357,12.270741270995469,10.974841872011746,12083.900670707564,여성,서울,서비스,대졸,사무직,0,47.86038315124667
34.75479733720226,18681.258981838917,18.41310407245131,11.772042045007067,53925.20604306424,남성,경기,서비스,대학원졸,기술직,0,57.22900715254797
44.89374561227918,31759.12460429488,11.90151433949707,26.88999388675136,26088.315419464896,여성,경기,제조,고졸,기타,0,50.56446208046671
27.778721911080545,26043.64372534299,10.888801779290011,10.922169707591477,58432.90375236928,여성,경기,서비스,고졸,관리직,0,43.58318264590021
47.12998430172388,25798.663792790303,15.99610680509849,25.420490106625394,45549.54265035643,남성,서울,제조,대졸,기술직,1,59.248122879182766
37.59674601841865,27851.26858382651,11.611589590440513,18.953345801713457,15710.36098176028,여성,경기,IT,고졸,관리직,0,51.209608727793785
36.251791924504026,10221.145466995737,11.149809507601619,17.251197901616496,28740.518911114792,남성,지방,제조,고졸,기타,0,49.12061284872551
47.10959968203491,32157.28634758601,9.669187213490705,27.92953667392279,84560.54363030379,남성,지방,제조,고졸,기타,0,55.58974131173814
44.4426331148604,29918.56282487583,12.551270481618447,24.50106391708821,54171.89079351323,남성,지방,서비스,대졸,기술직,0,49.85925535169497
36.3903383418092,13248.749315970865,13.75185492831052,17.58477432003425,14207.37370629605,남성,경기,IT,대졸,기타,0,47.52404008008277
51.59329803364248,19495.905792784386,14.729275182982096,29.458199974581255,15675.823943755271,남성,경기,제조,대졸,기술직,1,58.85279134211149
29.189366724001026,21597.79178318402,16.85391873289845,5.859833916250697,30420.08365746714,남성,지방,IT,대학원졸,사무직,0,53.73222988114169
46.15935606944264,20593.929106974734,15.580693770997382,25.511524873269888,23447.644332936383,남성,경기,기타,대졸,기타,0,50.05911643100796
45.93101257968384,26028.0474404822,13.42738334134046,27.545008231188717,45984.48026390822,남성,지방,IT,대졸,기술직,1,57.890762503373324
36.904535606860094,45056.989053038276,13.40541297086084,15.340056931667174,131387.22721698854,여성,경기,제조,대졸,기타,0,49.877459093270396
43.26133022242118,37830.97020854034,15.53047240674555,23.72497652858291,73293.10628843708,여성,경기,IT,대졸,사무직,0,57.91283451229362
27.48886423614697,11428.784444083345,17.817710488785707,5.925853926072234,31141.467741700213,남성,지방,IT,대학원졸,사무직,0,51.618237790022825
49.24027019206901,30062.53512218679,14.378942598449601,26.60162787918229,63948.937342355675,남성,서울,제조,대졸,기타,1,63.69729253581995
38.15097863557011,42807.4169494458,12.592607437368773,17.91069745891903,72263.8990182083,남성,경기,기타,대졸,사무직,0,56.47100281671107
34.772769794809605,26726.323573736852,11.021401996743364,20.133549164358623,70464.45741230516,여성,서울,기타,고졸,기타,0,48.64644467411834
50.49009225836889,38005.65382817009,9.664384206763323,34.53200100909496,63789.459966269256,여성,경기,기타,고졸,기타,1,54.69046684144145
32.95656309457241,60242.6120857169,15.998809016130568,6.518198183538139,160942.38084981253,남성,서울,기타,대졸,기타,0,50.970249817435054
25.915387036364404,36748.57664172432,15.733935570918671,1.3820884559803601,45161.86648011567,남성,경기,IT,대졸,기술직,0,46.564798162467504
24.433708264760963,24950.628664118012,15.732090575319985,2.202878439096015,20510.232258418906,남성,지방,IT,대졸,기술직,1,54.416799538136786
46.06009951345639,37143.506260815804,13.614021660943832,24.119992551943355,97995.1985354857,남성,지방,IT,대졸,기타,0,54.57944760167734
27.19570647503717,23681.369395989957,18.220804237675253,2.148054696089034,46617.673404445195,여성,경기,기타,대학원졸,관리직,0,52.358065872676285
57.54794181984364,22291.294981018316,12.547644516245548,39.065089730965255,60693.199777380614,여성,지방,IT,대졸,기술직,1,61.576331067380934
19.18070592116278,18477.20117475369,16.865807711621617,0.0,52559.65551426593,남성,경기,서비스,대학원졸,기타,0,47.20054532721434
56.96456368290038,48132.20041523054,13.883771315031371,36.49988453541343,30519.2312908773,남성,경기,서비스,대졸,관리직,0,58.64958369943246
42.11017467202618,14629.358825257435,12.174947705961987,26.080310565209714,25636.828605958945,남성,지방,기타,대졸,기타,0,47.111597332974874
39.032868881296075,47390.82209934677,15.777590921953283,20.112798283416332,68120.10664655537,남성,지방,제조,대졸,사무직,0,57.707864434426085
34.550809131910505,28280.620522599365,15.228908356051981,16.190520114562677,58389.46983235542,여성,지방,IT,대졸,사무직,1,54.64455050661494
43.991361143520706,10941.81440309932,15.070918277800779,23.489952052491063,27179.2261808527,여성,서울,기타,대졸,기술직,0,47.46654673949858
39.62365297575152,26471.518131770707,14.243835266168595,15.453239413904974,31804.881540292772,남성,경기,IT,대졸,사무직,0,55.654132905733455
51.03301882016521,7707.789702729411,13.886320754849507,32.06834779612343,14583.106985284468,남성,지방,기타,대졸,관리직,0,53.32009486368252
41.142276486620396,30114.25746172315,21.165115978611315,16.073960283636165,68414.21604520551,여성,경기,IT,nan,사무직,1,56.21510953304279
41.50301761461878,34290.229607895635,17.55276993558852,17.788113468159423,28669.29654613621,여성,지방,제조,대학원졸,기타,0,56.49530143453578
36.36387787786144,16380.09278914485,16.168480684956535,17.684564933055402,41526.27503470693,남성,경기,기타,대학원졸,사무직,0,48.796874422150466
39.43054376278933,23430.030845051817,14.335397474610165,20.814813411114077,47217.93197261883,남성,지방,서비스,대졸,기술직,0,50.787806918824636
43.07801768892059,58517.35856870339,17.021471601790008,21.19309284143615,168169.7359893197,남성,경기,서비스,대학원졸,사무직,1,62.33599098908417
22.898316073433744,17105.009415575154,15.553984329174355,3.5170931666710645,23071.618104263987,여성,경기,서비스,대졸,기술직,0,49.040445364383636
26.51814577894287,12971.970670918285,14.078614258322107,7.106271223142519,9993.150315901545,여성,서울,서비스,대졸,사무직,1,53.42088512524401
47.43264094022715,46204.46425193368,13.089307024202254,23.35771291723419,81608.77371814706,남성,지방,서비스,대졸,사무직,0,55.067117866969255
41.708654381279416,58764.522636122856,13.757247987011935,20.953128491326748,41988.833909417655,여성,지방,서비스,대졸,관리직,0,52.57599854870672
38.16016663647321,22067.204717409866,4.488722792365833,30.06577989860308,64520.453031578705,여성,서울,IT,고졸,사무직,1,54.26132222323854
40.184339330653934,36524.243249479296,14.631802517892925,17.937354132564415,21794.46868844369,남성,지방,기타,대졸,사무직,1,58.041047771697876
43.47581705361671,43076.71857039019,12.534571759668921,24.49430028347391,102684.54800942169,남성,경기,서비스,대졸,관리직,1,64.2809634239223
34.60240319690639,15195.5497404271,18.778009994848652,7.734720574251592,27545.823894683606,여성,서울,서비스,대학원졸,사무직,1,57.85840245631268
32.216952745976876,17280.726465744767,14.058032212435263,15.72676572394515,24565.44489649059,여성,경기,IT,대졸,기술직,0,46.771544743208544
41.958452550976816,40759.216161788114,10.433109741395114,28.88832772441773,27088.79562031473,여성,서울,IT,고졸,사무직,1,57.106958247854315
30.21627222384968,51149.4561747857,13.850359537615647,8.598174895952575,105133.47764094076,여성,경기,기타,대졸,사무직,0,50.98688285175716
44.082527557144715,29185.883514805446,10.861636744812486,27.515486813110396,57293.37266765395,남성,경기,제조,고졸,관리직,0,56.04499220967422
22.974163957621595,14187.163037046834,15.4202222471374,0.19295361495610064,17055.923491996877,남성,지방,기타,대졸,사무직,0,51.72710032769607
50.29155637325644,59488.03957907791,14.872842093018456,30.648603558300742,165112.28128761967,여성,지방,서비스,대졸,기타,1,60.766376359225845
44.72597482413043,16890.634084326877,16.873518893324803,22.871822085290287,21286.844180687985,남성,지방,IT,대학원졸,기타,0,51.82446898932774
42.56029734313876,18628.186379884457,11.627354624916304,26.556353861448983,30258.01511064177,여성,서울,제조,고졸,사무직,0,47.41529820218454
49.82690983945514,26138.612788750816,14.10202428868444,30.388722446186474,48602.29710517022,여성,지방,서비스,대졸,기타,1,59.72560568484876
56.65474444462576,47910.03260181836,9.904934613720094,46.620622243682604,35960.29767882756,여성,지방,서비스,고졸,사무직,0,63.31846036018742
50.1437006501813,33758.51592837599,16.104484345774143,25.983368774385685,95550.24857892738,남성,서울,서비스,대학원졸,사무직,1,64.0163589638238
21.591257686683548,27103.89572377211,15.556613541320367,0.0,38930.41991392564,여성,지방,서비스,대졸,사무직,1,48.583042315108074
27.204230332642986,27768.1307186517,15.487415063082713,4.93063486815735,19491.784784857595,여성,서울,기타,대졸,기술직,0,47.86847894700322
33.75181422304321,22510.954453710194,14.004857094070823,10.610980597851855,33051.212154178385,여성,경기,IT,대졸,기술직,0,48.423267251423276
40.26091050210834,29116.77528266815,15.244318672366372,16.03166728972998,58248.29436078337,남성,경기,IT,대졸,사무직,0,51.676608691340796
45.17659020469123,6218.101792814541,18.813017324925788,18.360943571369507,11093.912395247742,남성,경기,서비스,대학원졸,기타,0,50.11152150501349
32.742561868465344,18990.54058954439,13.144717228873958,11.753466828728131,42469.58916751504,남성,지방,서비스,대졸,관리직,0,50.159106904666814
41.86766764477078,24851.19123650162,14.415935551130254,19.542495889740408,15872.70075546237,남성,경기,기타,대졸,사무직,0,54.60629501258946
32.44617067646678,12388.116659548825,10.74162110245577,16.740987474901832,15006.364015848034,남성,서울,IT,고졸,관리직,0,52.04632237588029
33.884821970080516,26719.84051561484,11.395217115205003,15.47722673270484,68084.19615451412,여성,지방,서비스,고졸,기타,0,50.14199114707162
25.933389031517777,19885.86366139355,14.293439879279923,5.280920002492894,13914.819287759135,여성,지방,서비스,대졸,사무직,0,41.651172781964405
30.767667538890958,52983.60733665639,17.311800640105723,9.244332447787105,139808.63343241627,여성,지방,IT,대학원졸,사무직,0,50.817936079063124
26.483153943836662,48363.944299856055,13.231157527245283,5.719351367028526,35293.11584640705,남성,경기,서비스,대졸,기술직,0,50.26081793585024
30.241267470226674,17450.039922336186,13.292250412063629,10.4199252607536,45128.16836922259,남성,서울,제조,대졸,기술직,0,49.673482714449065
50.536417966078396,20426.35267996635,12.779344266486875,32.48859367177735,28637.15414817123,여성,지방,기타,대졸,기술직,1,60.44171018894048
30.50601111168057,21226.93593597819,12.39572998746703,8.2271455229731,43101.77438095444,남성,서울,IT,대졸,사무직,1,55.62874110343668
66.32382064837391,17573.90239189203,14.884914367126465,40.669095263346286,15504.009314385585,남성,서울,IT,대졸,관리직,1,66.92341718028626
44.93317900880889,24282.53124522533,9.508227064464066,30.117186601940272,16158.125754483473,남성,경기,제조,고졸,기술직,0,51.95482495089512
41.84836123694874,15075.994137987693,17.842818730000182,18.989571068082356,15676.704813931712,여성,서울,서비스,대학원졸,기술직,0,51.77759911985181
31.416422198187867,12515.114245768458,12.00373310561162,17.54112936228107,10257.819967596733,여성,서울,기타,대졸,사무직,0,47.37725125736994
47.003098794089915,30072.175221216923,16.165710456314425,25.15357808950911,38522.899848517096,남성,경기,기타,대학원졸,기술직,0,58.829125398441725
34.24362173762226,30174.871640203604,10.190004207818372,19.69309696432008,53891.05691345491,여성,서울,서비스,고졸,사무직,1,54.14962860767515
41.220098146453616,14732.955292229048,16.006520391638656,18.82263246764301,29051.89478256463,남성,서울,제조,대학원졸,기술직,1,57.32504350305638
65.60084538268795,34464.24591617092,16.015833823443494,44.17946600241463,85287.64469327535,남성,서울,서비스,대학원졸,기타,0,62.97482402909336
39.0394010027535,16061.993939309436,15.15260621601769,21.22130847023488,34382.29993987523,여성,서울,서비스,대졸,기술직,0,54.82324978694341
51.49273326285676,24998.78790860056,11.016714434600622,30.228033192004865,50544.94459807178,여성,지방,IT,고졸,사무직,0,50.59942011554015
32.96823574874112,33195.57976081556,14.748644568794232,13.04682369509025,50771.147724093724,여성,지방,기타,대졸,기술직,0,55.95598240359405
39.65011509503038,21659.37613802245,10.450831445796833,27.470457109388278,36485.6758444347,여성,경기,서비스,고졸,기타,0,45.57904240105805
57.7080063563551,27649.708269709383,13.241710234711444,39.03036456006234,42478.3041457459,여성,경기,제조,대졸,관리직,1,59.4034236241545
33.730329422122324,17013.88710432437,17.08823930286598,13.94323604572204,44328.23794856573,여성,서울,기타,대학원졸,기술직,1,57.99412194486955
58.12448557996929,19965.612711066617,16.390105781212227,34.47595549969817,21463.056252911825,여성,서울,제조,대학원졸,사무직,1,65.75476688142537
47.07751935455475,19872.065574262862,14.0455488276213,26.967875538606023,10220.249604000906,여성,경기,기타,대졸,기술직,0,48.04693766092429
34.37533224105732,15164.475400272064,11.075580272231473,17.366801373603025,32274.549098123618,여성,경기,IT,고졸,기술직,1,49.80741216159728
46.32407739055521,20163.169325633724,15.93676313652258,19.95213209531509,20287.28288968513,여성,지방,기타,대졸,기타,1,58.548430655351225
49.7255444962673,10154.689023663836,14.058143713094076,27.33104512747282,27674.450523037565,남성,지방,제조,대졸,기술직,0,58.964100330362605
46.21809962217196,17230.272182856963,7.03905320530873,30.985296258095257,45619.1412877534,여성,경기,제조,고졸,관리직,0,52.059741306956255
24.297752801095434,19102.26614468069,16.347889478949554,3.5939954782109353,13215.299770226573,남성,서울,서비스,대학원졸,기술직,0,49.21055034188707
32.728628241751316,19378.31863134061,13.927301498390923,14.545632954728502,14843.23036265589,남성,지방,서비스,대졸,사무직,0,42.38289749999785
37.52481364448495,19521.101292809322,17.60735374394922,14.565532785948799,33926.28767032678,여성,경기,서비스,대학원졸,기타,0,51.567255873056006
39.25566570899954,21356.63834998742,10.714188443471585,24.189683059239364,43205.689383447345,남성,지방,기타,고졸,기술직,0,51.042895684203486
46.206720975506784,27993.307956631135,4.469888560411999,35.408533589651235,33235.63835578019,남성,경기,기타,고졸,기타,1,53.56264012042006
41.777010009332535,34107.021019094806,14.837251575035555,23.343621773376068,78173.09748430889,여성,지방,IT,대졸,기술직,0,51.53956376727797
26.64655641289899,15916.592325423953,14.874691030045918,5.789442268117214,31630.885594784642,남성,지방,제조,대졸,사무직,0,48.72319817454812
43.801978510059634,12069.049624058813,8.927985117180643,28.9897214877325,15835.320561144488,남성,지방,IT,고졸,관리직,0,46.914932547942215
46.10585745283823,13081.807373642247,11.064501362400181,28.510170823913228,7370.665985201725,여성,경기,IT,고졸,사무직,0,56.17433251867413
45.5979044793104,17264.342726683237,22.265653231159703,18.701152203423554,41009.30024548023,남성,경기,서비스,nan,사무직,0,60.7301826920467
50.807807255546216,18472.517039576513,13.08316815753859,30.882241464781803,19153.860397951656,남성,경기,기타,대졸,사무직,0,55.67281757013634
48.33922154548904,14987.952143207953,16.192876929128648,28.09920737075653,38761.607401057634,남성,지방,제조,대학원졸,관리직,0,54.12128655416204
44.59180079228437,11521.172030978438,12.048020517894848,24.279481992957507,17866.176988063566,남성,경기,서비스,대졸,기술직,0,47.9242091203308
39.29834288541353,17534.744406242902,7.72909130344053,23.371419072516616,34064.63585101222,여성,서울,제조,고졸,사무직,0,47.57699731361024
23.390390664840087,24117.989904049282,13.489225259612283,5.276018915480813,64693.416618917014,여성,경기,IT,대졸,기술직,0,53.53343836708696
44.296182191325855,29658.81710050782,13.203186319141684,24.915907443018142,78864.50012044539,남성,서울,IT,대졸,기술직,1,62.88978084425943
42.076876871631114,16668.70808673945,12.800365283994886,22.368728755329972,23816.232413981113,여성,경기,서비스,대졸,기타,0,50.35115491842289
42.715788371953735,17916.92523481526,13.656077493480822,24.839826343423834,18315.079300295605,여성,경기,제조,대졸,기술직,0,53.41701848297978
27.232514241796906,13858.455705497543,14.79280481493691,5.225186598687828,33785.04681147848,남성,경기,제조,대졸,관리직,0,49.46925314633758
29.189434595917376,21682.926114184396,13.54964914623858,9.239382941078055,34317.57819764456,여성,서울,제조,대졸,사무직,0,49.99623743246904
50.53152853332904,14411.556276290545,10.20798149615791,37.12200293731344,14124.838132111807,여성,지방,서비스,고졸,관리직,0,53.69746066298987
39.60444846143345,29335.800424040706,15.458554374685816,21.22417877836893,80998.0035636719,여성,지방,서비스,대졸,관리직,1,58.75189781188918
46.81500697372624,9018.80169121083,8.15188473403273,35.807918660234165,8976.056950749111,남성,지방,서비스,고졸,기타,1,55.89480528328418
40.28318376130461,18401.45770899034,7.848927628147399,25.87000457928939,10387.952639644518,남성,경기,기타,고졸,사무직,0,48.848835970597996
40.297561394957455,25605.27514510684,16.217541484104704,20.541425720821692,14100.823343179263,남성,지방,서비스,대학원졸,기술직,0,52.51418143059961
49.382838059759976,24147.044198694988,15.52106081640607,25.96387158781655,49641.21314391685,남성,경기,IT,대졸,관리직,1,59.65994564332228
34.83955271782626,84670.01738731867,13.827813904777893,13.197933063604246,182395.10593293043,여성,서울,제조,대졸,사무직,0,52.088504433094634
40.96120776940983,26236.32060247679,9.813654485734784,20.446641578426327,33519.635037778535,남성,서울,서비스,고졸,기술직,0,46.262639302271936
35.377247112949576,13332.67011184248,11.876267177977773,20.84671633876886,17332.837435409907,여성,경기,서비스,고졸,기타,0,44.507404581529514
35.65503772567684,20999.793355764694,13.211759756940488,14.715318270584197,28323.151832378167,남성,서울,제조,대졸,기술직,0,47.99281042519662
36.908278765313604,9062.287342811185,9.21231809427766,21.442895511541824,19940.624144900183,남성,지방,제조,고졸,기타,0,44.53150866415196
42.22133771633713,21156.450483010693,11.782914025930301,22.61777500655026,13652.986919627323,여성,서울,기타,고졸,사무직,0,55.47652729422597
35.212513783365225,14522.754460143555,15.95699101453004,14.645853265495466,40994.698867672436,남성,경기,기타,대졸,관리직,1,54.729059003819856
52.55756125573521,34811.22383579878,18.28191609286765,27.52437784143288,36771.186610491284,여성,경기,제조,대학원졸,기술직,1,63.22943026266639
31.053926977804963,16734.53559440951,12.741695742024348,9.702597454914716,50189.934886957846,남성,경기,서비스,대졸,기술직,0,48.93178628446279
38.13128355838641,20777.314928883134,16.269465062948296,16.745143623810232,19298.11003010849,남성,경기,기타,대학원졸,기타,0,56.82559454853972
35.60268941725825,16030.061454235825,8.257819788237597,18.47740957940019,38934.87354090629,여성,서울,제조,고졸,사무직,0,44.98051210992733
54.46977884353733,52545.02373074442,15.978353723340835,30.816613669565513,55620.55555305509,여성,지방,IT,대졸,기타,1,63.822075556150686
41.965547765115744,18758.056459266947,11.588154755817557,20.163614780046025,13170.350404071758,남성,경기,기타,고졸,관리직,0,50.03577349543174
50.31844539468635,55065.49212584385,14.92203685012391,26.548492320167227,147979.3312695945,남성,경기,기타,대졸,사무직,1,65.95926115458614
25.14439626963028,33092.96103042236,13.256742745280873,6.244711863790364,87593.03540328697,여성,지방,서비스,대졸,기타,0,52.51437578672418
42.67050265869259,28030.076227936974,17.961242029351503,14.78018855313524,42295.310273220406,여성,지방,제조,대학원졸,기술직,0,55.051255233452274
48.89630795623437,26485.86765434029,11.376693054980246,28.557323452010692,59751.86200778235,여성,지방,서비스,고졸,기타,0,56.014012976202004
40.82283989275424,26819.87910301978,15.882818892685494,18.93528316780313,50761.04196899392,남성,지방,기타,대졸,사무직,1,58.8077296724285
50.654803750653514,8401.484625346344,13.1614776101104,30.406112348357013,22115.986500486095,여성,경기,기타,대졸,기타,1,54.792539045575765
34.82711549899628,19159.583301350915,13.52508356597101,19.286105204943887,24670.644372546998,남성,경기,IT,대졸,기술직,1,59.71967146969094
54.0934744018558,33610.0021803819,13.44843832052237,38.312829173382184,60806.57735462025,남성,지방,IT,대졸,사무직,1,64.6143014998727
62.9889812361925,21494.479383058344,11.46298068651766,43.790155624172534,36829.30575643505,여성,지방,IT,고졸,기술직,1,60.653614329552155
36.37161439560341,10909.672680592828,13.957703102279986,17.528186530130387,15107.328150839123,남성,서울,IT,대졸,사무직,1,58.68283530316353
35.54497478599228,21456.81897376615,13.812055333634536,17.23148456611665,58547.884345465805,남성,경기,기타,대졸,기술직,0,49.86133198831292
54.53384477117701,51640.04715597404,14.723720745220188,32.61516630990802,47234.88320725812,남성,지방,IT,대졸,사무직,0,58.92605123599561
55.795721457307124,41086.95106623927,14.253515437078587,32.55112294723212,35900.61092303676,남성,경기,서비스,대졸,사무직,1,65.84060124028012
34.771399728467316,21354.077741059853,16.39398364883671,12.35281918101449,41475.46653763179,여성,경기,서비스,대학원졸,사무직,0,50.12070303092325
35.798131829041424,35444.54489762584,16.770525848142107,12.681914631271095,75983.73183539094,여성,경기,IT,대학원졸,기술직,1,59.655279589475306
37.18215391139493,18338.289764807298,10.848130034516597,19.46249488293709,18091.605581440155,남성,지방,서비스,고졸,기술직,0,50.92277749102773
26.55549488965723,9396.23359505411,16.606317501772313,4.833811124213886,13876.297690243337,남성,지방,서비스,대학원졸,기술직,0,45.12285377590324
30.813480535158018,13873.932600132643,10.440990718670436,12.871030602476383,39768.37369809039,여성,경기,기타,고졸,사무직,0,46.67705008392275
29.95859233247932,48119.5772275003,15.763567664413205,5.891029572907828,53727.60390577758,여성,서울,IT,대졸,관리직,1,62.49257380567713
32.32202434895871,19206.488796757872,15.859216354108606,10.680973935549773,41695.400241906325,남성,서울,기타,대졸,관리직,1,53.25380257590077
39.65315112613219,19502.69636873617,8.266049325012489,26.15904198625745,45838.62041633879,여성,서울,제조,고졸,사무직,0,49.785896552846694
42.342147325365204,18959.888630302343,14.27893773958823,19.70991969797687,30721.11989990531,여성,경기,IT,대졸,기타,0,49.50096873984003
55.50500492814077,57071.96502559458,12.594511659919053,38.766674490203876,162302.10833011972,남성,경기,서비스,대졸,기술직,0,61.60748196538966
30.01645959261209,49661.2116501945,11.723704226193874,8.75179309086606,116288.77092820137,남성,서울,기타,고졸,관리직,0,54.50568000359898
49.843223984765835,66795.44153645812,18.052556992097017,24.63444007523753,109865.90702374344,남성,지방,제조,대학원졸,사무직,0,58.41179375737734
37.86011155774491,20342.699809678008,12.038962578087743,19.30513190726195,39125.88765687285,여성,지방,IT,대졸,사무직,0,56.79009366051043
39.50536290347567,25535.17632723498,11.580869212645851,20.65204626552596,56982.604174800836,남성,경기,IT,고졸,기타,0,55.3174341143447
46.74819492166604,10318.345694749285,14.22708482001528,25.39098915454838,20435.23034413621,남성,경기,서비스,대졸,기타,0,53.34444634339406
28.772779784377015,46095.34340102897,16.05676923889525,10.458159510097992,124307.338880808,남성,지방,기타,대학원졸,사무직,1,59.4805122565801
43.82409746184051,12284.704419217045,13.57505424196962,22.547275041793092,17103.031526319784,여성,경기,기타,대졸,사무직,0,52.552970886298375
41.66452208213056,24548.052001858945,17.499111637007758,23.04785389006663,30678.052854694106,남성,지방,서비스,대학원졸,관리직,1,56.21067891057656
44.92451264008149,12725.316789825954,15.592926985892271,24.205839213651323,13165.577421942535,여성,경기,제조,대졸,관리직,1,56.63155741575184
42.89168643907818,16408.693857771817,7.4653660408057085,29.61043067289645,9754.269818910687,여성,지방,서비스,고졸,기타,0,48.71217626521918
64.55300139910895,14492.242488841659,12.411599109478974,47.09388299640531,8804.543249926228,남성,지방,서비스,대졸,사무직,1,61.45261973695932
33.62260015748684,16253.480828695318,12.314473701944904,20.36798195404584,43480.30391711899,남성,지방,기타,대졸,기술직,0,50.13402053969022
34.690030449981826,16821.92961526966,15.438082860288267,11.264761581830662,36940.66920843857,남성,지방,기타,대졸,사무직,0,53.82054973162301
33.76859473575236,16745.177787785622,6.125548830877665,19.402210067001914,36024.42072159139,여성,지방,제조,고졸,사무직,0,43.444662600902014
34.44522880839745,33411.885063397385,21.647029126153164,5.288467289100446,68046.88058493615,남성,경기,서비스,nan,사무직,0,54.785556060686886
33.62612872693482,12677.304207660933,15.59307828468263,12.097336736181315,33253.175694472455,남성,서울,서비스,대졸,기타,0,47.55873830834462
51.89016531107552,24594.31784936496,14.446630411753073,27.9919926496973,41826.75248057692,남성,경기,제조,대졸,기술직,0,50.02419906098511
54.20504247989855,40496.854206034404,17.544703149257437,30.70501780927833,108370.67816171495,남성,지방,서비스,대학원졸,기타,1,66.54697388260547
34.29253706250524,17041.414674534793,21.030962158437873,10.64866917089471,23834.33669694378,여성,지방,서비스,nan,사무직,0,51.78642937447159
31.676444268957713,15383.342615075067,16.61223993376521,9.367019116442059,43331.318915561016,여성,서울,서비스,대학원졸,사무직,0,49.81274238780259
44.71415556386404,19628.496402324206,16.84643928941486,21.282345356498627,44098.21325112039,여성,서울,IT,대학원졸,사무직,1,56.82000797700122
34.477769557190285,39730.03001092941,14.392070073393146,12.849378586429884,45409.153336403135,남성,지방,IT,대졸,사무직,0,52.86789814602518
46.32931817755511,24271.395971814392,13.575422739899155,28.550918846759085,46363.51922599353,남성,경기,제조,대졸,기타,1,61.81152252349922
42.029230208513,16888.578646295013,12.572613667985296,21.80495099405161,30949.61071958049,여성,경기,기타,대졸,사무직,0,49.62967427548831
24.84255885002768,28055.453860879174,11.521664024856374,11.0136866663698,23699.76200675205,남성,지방,IT,고졸,사무직,0,49.61191638929121
55.47505201330061,12693.609097022865,11.938957700901508,41.40281380782781,25109.320365977004,여성,경기,기타,고졸,사무직,1,58.451486212727055
57.95877673095522,30967.07292374588,9.948332106971051,42.523946221307746,39853.509874347605,남성,서울,서비스,고졸,사무직,1,58.401842532149985
33.87211309515614,27019.217575266128,13.77238564794493,14.076697271057919,17045.665588196858,남성,서울,기타,대졸,관리직,0,53.39405361011806
36.122984400640156,18884.48122265398,8.94599726832084,23.238306748802437,54229.43910373873,여성,서울,기타,고졸,기술직,0,44.10657550609187
42.85865390724905,14482.656380063963,14.572749572431132,24.47550133927257,30467.539655728215,여성,경기,서비스,대졸,관리직,0,47.658948855551444
43.34456789987025,14138.537991212579,13.891008175872974,21.84157626187844,38065.1480792801,여성,경기,서비스,대졸,관리직,0,46.89166714981438
46.5854427267283,28779.2139636496,14.440805895160063,25.09152656529484,63030.508031041245,남성,경기,기타,대졸,사무직,0,53.8280010494848
60.102045387663495,40720.635237774404,12.433605289940022,39.02374522835689,56701.82440256593,남성,서울,IT,대졸,사무직,1,64.81606626928969
38.2305277250595,16016.04204094367,23.23058111054151,9.818076491186106,28536.105321243365,여성,서울,기타,nan,관리직,1,59.23133424171543
32.01702755461546,27700.15677137226,18.08034770054094,9.269935620988301,60645.80638409544,여성,서울,IT,대학원졸,관리직,1,55.699349221378256
26.20680771985473,7758.051534230419,10.266372499745831,7.240583944386353,22503.243329058558,여성,지방,IT,고졸,사무직,0,47.02255683985646
32.69069960058081,16443.591974394567,14.698604262280694,11.081697528667792,18649.888692603632,남성,경기,제조,대졸,사무직,0,51.85623861081602
39.66873027126203,21687.04883692662,12.175981571188029,18.7982408649113,58282.69992239242,여성,지방,서비스,대졸,사무직,0,49.02322711995608
57.94557863517788,13976.85870755907,10.956560819877758,39.19141819481245,39277.691652252746,여성,지방,기타,고졸,사무직,0,51.822751105078645
34.823887009638284,13790.659754450024,9.979783786628195,19.946137343462688,30009.01051914044,여성,경기,서비스,고졸,사무직,0,44.51879851320795
42.237879516388986,15773.872669751325,15.296650072277762,19.474265310754664,44611.13934041929,여성,지방,제조,대졸,사무직,0,49.78181215535474
39.83577103927248,25491.398592922025,11.955859294791278,21.278259832416605,38101.903458896995,남성,서울,IT,고졸,기술직,0,48.87590912250769
51.88393273448084,20057.03994978833,16.90347807207561,25.72583120651059,57815.228763988336,여성,지방,IT,대학원졸,사무직,1,58.20796320667349
65.26932425873622,7193.149425122883,16.981346643591316,42.661958034594235,16234.630334743037,여성,경기,서비스,대학원졸,사무직,1,64.4455446026656
34.69131227079679,7628.52602184356,18.12174315563435,10.481022475473146,4615.368235476567,여성,지방,서비스,대학원졸,기타,0,48.96139683718985
35.10560557481778,16261.691582770292,11.44283970177769,16.204847372973767,44999.061530972525,여성,서울,서비스,고졸,기술직,0,53.046452271958756
50.44160877069072,27690.46178615292,15.42609683207603,28.637483343249745,47383.42040548591,여성,지방,제조,대졸,기타,0,53.97854830301758
46.81891489626312,5576.115012860734,15.897362649926903,25.2821420073431,9205.148033041838,여성,서울,IT,대졸,사무직,1,55.13954521620829
58.46707325736034,17156.543275428587,12.577465474688106,38.25987148485355,32874.79373665117,남성,지방,서비스,대졸,관리직,1,59.57422526522463
45.839281853259635,16930.568800231675,11.684684127821374,25.202072637434707,14788.197767120088,남성,경기,기타,고졸,사무직,1,55.25500642563521
36.40707909212941,44097.963847222876,18.828561997327917,15.189665960175121,73772.15054378533,남성,지방,기타,대학원졸,기술직,0,53.22582994086819
45.90654830692309,18169.308331293436,14.682487627196162,23.957515270306388,46837.17082333287,남성,경기,IT,대졸,사무직,0,54.889801059642444
51.087035805829075,26675.33120420477,15.907903252135213,28.98561234732008,14370.164915474355,남성,경기,서비스,대졸,사무직,0,56.28048012798134
48.204821811973645,23638.41850200308,11.533771964516218,32.69272931749805,27947.534381315938,남성,지방,서비스,고졸,기타,0,51.55586427398891
45.07274031107298,7590.98592690353,10.342146600433418,35.78870408578053,3842.0747913307396,남성,지방,서비스,고졸,기술직,0,52.23912962480307
50.666746895891535,32341.406018038706,12.29165067652367,29.88612331959013,49782.42359778349,남성,서울,서비스,대졸,기타,0,61.38615689979529
51.692955904456724,24531.13123870028,13.627935837830009,32.96467449407974,56931.57404710713,남성,지방,기타,대졸,사무직,1,63.66307280871175
53.82158991037527,28399.713038988906,10.807339979547955,35.599145360239106,70912.08334570378,남성,지방,서비스,고졸,사무직,0,56.5871072375209
46.48709887589643,156861.550796449,13.97046557404885,25.439052692694155,449090.60471649317,여성,지방,기타,대졸,기술직,0,60.484796246707276
38.328819196831454,7769.3635611943255,8.9344844357945,21.953910719023373,15703.915697681876,여성,경기,제조,고졸,관리직,0,50.311435229222546
41.46713686433323,52174.457014217005,10.639857732590382,22.575969196141674,59299.77477922415,남성,경기,제조,고졸,기술직,0,55.245893048570984
52.06508966508357,19077.716170972413,16.012733744830626,29.96977319668362,53615.43876952669,여성,지방,기타,대학원졸,기타,1,57.79712175019341
31.83064329012764,25429.481075255826,15.811371560833683,7.070266355197484,62004.43376424973,여성,경기,IT,대졸,사무직,0,52.262631815863884
43.686733088729014,21530.88892726602,12.824369703839402,26.755978517913352,41685.334124129564,남성,경기,서비스,대졸,관리직,0,53.96784878434792
36.06661187672639,17816.527795482787,10.94670707276914,19.229910676024,39892.996995271555,여성,서울,서비스,고졸,사무직,0,45.50335770565723
40.28744822934817,16565.600014160354,10.917789345421967,24.214528829729087,46562.43756607946,여성,서울,서비스,고졸,사무직,0,48.447094747179136
52.78451862607299,25971.48197176113,12.880195262176057,32.97194614000448,59240.562654067486,여성,지방,IT,대졸,기술직,1,63.760646944276054
41.910990680199035,10315.60577811544,15.933555474935874,19.243027336839667,14657.8183864365,남성,지방,제조,대졸,기술직,1,50.20512210227895
40.46436548156149,32057.600642358673,16.784737074032975,18.254756217863168,73173.73371048633,여성,경기,IT,대학원졸,사무직,1,55.60248742223028
26.401438590200808,17888.311640341002,12.510404793554093,5.562932531835064,10745.42663844797,남성,서울,IT,대졸,사무직,0,48.84416454639042
47.46253566027221,12518.531312688767,10.539522722045648,30.20703206939989,18352.653932560268,여성,경기,기타,고졸,기술직,1,55.43490114589242
46.45484181141075,17588.377103098766,14.803530913599,23.932083870054846,26660.595325985523,여성,경기,서비스,대졸,기술직,0,47.89569429512104
61.6325472330546,41298.217096098015,11.529395088122453,42.32201452375013,37874.41261065231,남성,경기,제조,고졸,사무직,1,63.745843042472785
36.92221765046999,16853.817306319925,12.445242083416392,14.257299085802313,9399.604832280304,여성,지방,IT,대졸,사무직,0,52.83592870135299
42.19150327663939,26350.08577295479,17.975828271311112,20.894328184288277,21961.560451245652,남성,지방,제조,대학원졸,사무직,0,54.85825201451577
42.49383683710755,15283.389471041823,16.481346285697306,18.639413045102707,32653.782926476815,여성,서울,서비스,대학원졸,기타,0,54.8401792023019
55.77453279763475,32175.511345169754,14.473922936754356,37.62736197120749,80622.88795511647,여성,지방,제조,대졸,기타,0,55.00956214824196
39.047044676130476,31031.368824082063,10.184242996661832,25.00038632225723,92178.9520521831,남성,경기,서비스,고졸,기술직,0,48.382063114981584
42.790215257703395,55509.2202545081,14.634189702411977,19.58402614225843,75820.53008268507,여성,지방,제조,대졸,기타,0,56.82650781015839
46.078965097165394,20175.373929179692,17.18797187236258,20.714170753457122,40319.436800836425,남성,서울,서비스,대학원졸,관리직,1,61.23007758491071
41.86609123156358,30770.98262680393,12.873099002703393,28.113998147571557,87477.67004506412,남성,지방,기타,대졸,사무직,1,54.3013866842561
35.535663854494715,23133.42382978449,18.053342269960147,14.984173468388853,21227.33272733642,여성,서울,IT,대학원졸,사무직,0,51.31665998772478
41.94089992898308,42105.59425173894,17.878235868554622,17.99962703377225,96595.03181361649,남성,경기,제조,대학원졸,기타,0,60.505409901278355
50.73631749859772,15376.317901864273,18.99119849643042,26.259865215001998,36710.14147605286,여성,서울,서비스,대학원졸,기술직,0,52.879025265101966
29.7348470058894,31968.382818783983,14.915729379594058,7.557424820400964,23095.201389835627,남성,서울,IT,대졸,기타,0,55.64859759541244
41.32969674146876,19983.282978476367,15.762175099418037,20.4322270704514,53018.11693711814,남성,서울,기타,대졸,기타,1,56.87661445186811
32.99879185060827,21330.77002647985,18.24256186499327,7.321866184170058,54025.77693146861,여성,서울,제조,대학원졸,기술직,1,56.557651478462056
51.950466289248425,23060.49460543445,15.342181811206927,26.543576949444727,13455.971935177771,남성,서울,기타,대졸,사무직,0,57.26748848996553
24.768130952162252,24987.23062132657,12.496297676629363,3.628721702510788,18183.483512204377,여성,지방,IT,대졸,사무직,0,41.9839355370314
34.410781527284115,20782.89306384149,12.654371490416416,15.798595532568873,12943.94398770338,여성,서울,서비스,대졸,사무직,0,44.95977230168196
43.772118750645205,24522.75133599022,14.715664861321217,20.794319418318814,32783.45664711235,여성,지방,기타,대졸,사무직,1,57.40500557837585
55.65524029234341,48487.389304757664,10.128315734161344,39.39236962835499,85978.92855169052,여성,서울,IT,고졸,기술직,1,60.72361640373785
39.34249738927012,36052.260409270435,13.570223253907422,17.622952056496974,66006.97749589455,여성,지방,기타,대졸,사무직,0,54.6332520068747
34.44800473306802,34015.69437124506,17.28964135469076,9.59365553337327,39770.023919769614,남성,지방,서비스,대학원졸,사무직,0,48.22122555704681
58.8115706944059,17539.841633140513,7.426238446504157,47.09166286072813,48743.08337539817,여성,서울,IT,고졸,기술직,0,56.53337591682579
25.51986099583756,14120.452903984473,18.603446305383546,1.4113757857342246,20060.31990368294,남성,지방,IT,대학원졸,사무직,0,46.47204047027621
18.011940433799182,35512.864109981914,17.36712265610948,0.0,21800.473302456074,여성,서울,서비스,대학원졸,기술직,1,54.54228751614438
44.40014450053332,34133.11806687061,12.620706152508571,27.537366294166052,42685.777646229486,여성,지방,IT,대졸,기술직,1,55.575548957972856
34.97945775647389,45997.17855712708,15.630172483615429,14.310502459553158,84072.42663390398,여성,경기,서비스,대졸,기술직,0,58.14769406032339
29.78767182869287,16285.162350942031,14.00944318071898,12.671355230476623,24762.47781558805,여성,서울,제조,대졸,기타,0,44.413529185739435
47.08356447299353,19638.077149813573,17.689971105316047,22.473874843047202,23263.389867333157,여성,경기,서비스,대학원졸,사무직,0,53.454698733136745
42.43800713771199,9703.655204698052,16.948049428309822,18.630687752347153,8037.616442532478,여성,서울,IT,대학원졸,사무직,0,46.90053543382274
34.359213692632714,18101.759943411198,9.799787830450972,15.95720732939905,46121.67780897157,여성,경기,기타,고졸,기타,0,51.504334093784664
27.196956013291057,36253.28421776481,15.76178724039253,4.577207338153687,108410.4835711386,남성,지방,서비스,대졸,기술직,1,57.368879966085835
48.724573282801444,17444.022353161377,13.383116439070257,31.27099663233608,23093.362035328413,남성,경기,IT,대졸,관리직,1,59.768831400512916
46.50201177958661,30340.535344856948,14.2484977115543,28.853488812556577,44116.734620382136,남성,경기,제조,대졸,사무직,0,59.00709059049044
39.00824136220617,20025.233794532065,11.815484297090553,23.113367401288954,40953.481710890905,여성,서울,기타,고졸,기타,0,50.45380016785507
58.466369960476655,25900.783912222658,19.244411207362507,29.63357502001528,59470.885432870906,남성,서울,IT,대학원졸,기타,1,67.59425637203059
29.299152336738473,12408.714724309657,17.120185459707727,8.345257302352215,18365.8140143588,남성,서울,IT,대학원졸,기술직,0,51.48362721987419
24.74474829075261,22985.175067680364,11.780686508081098,3.287024536127371,63492.49596318631,남성,지방,IT,고졸,사무직,0,50.34980735986121
33.080919301187556,4936.599508492461,9.996168179269302,18.880985770162948,9379.58829919947,여성,서울,서비스,고졸,기타,1,47.16718811936155
39.54413983644502,20061.381367185313,12.842982107066454,19.965588676236454,32619.30840053044,여성,경기,서비스,대졸,관리직,0,49.0352936767133
42.43339449322692,9747.473265428802,15.303507938273917,22.534953182820715,20632.300064982937,남성,경기,기타,대졸,관리직,0,52.89751672894808
37.5876394214367,40255.3123614675,14.72061753183867,14.202125193808897,116016.19750693062,남성,서울,제조,대졸,사무직,1,59.67578994602008
43.520553965142966,32490.521394577485,17.75939847430473,22.10349075625053,80783.80649983637,남성,지방,IT,대학원졸,관리직,0,56.3788247114444
27.48460575809556,27815.13263541074,16.369759166542558,2.184897099343226,16689.99265018659,남성,경기,기타,대학원졸,사무직,0,46.3886681247515
54.437646040732595,47122.369971977576,16.908707077258722,30.19202914176752,62709.26138409684,남성,경기,서비스,대학원졸,사무직,1,68.88175922375163
39.178488216074314,13705.352645845693,14.980566201831312,16.20173275870493,22975.128430135017,여성,경기,기타,대졸,기술직,0,47.35963287175566
51.172958315881274,52769.127854096296,9.83210380936703,31.83228480086925,67876.60887770375,여성,경기,기타,고졸,사무직,0,57.32879726856567
43.42725346377704,35104.89232185594,13.412904406559296,24.203404192394682,79002.46848106831,남성,경기,IT,대졸,관리직,0,55.392137561970614
44.567532191537836,19569.399131952512,17.180269219725997,24.999441207485763,50208.676526176096,남성,경기,서비스,대학원졸,기술직,1,55.2102936164351
45.69767280232204,38863.47232177401,13.845431214426062,31.186052032535994,90488.26082188195,남성,지방,서비스,대졸,사무직,1,63.808477804703536
44.47708560017315,12668.238618413754,15.50927110587124,23.1621260684744,37666.8946859073,남성,서울,제조,대졸,관리직,1,58.40175148933505
46.42722759867544,14584.913028946676,13.0437550542616,29.61683509454888,17230.165866382868,남성,경기,기타,대졸,기타,0,55.81063534927455
53.29152530132431,16247.675613866793,10.910564454374466,36.84515012280692,43665.20150867818,남성,서울,기타,고졸,사무직,0,53.45500599697844
41.9652116970147,16907.47559436087,13.629967807861668,23.33301027868946,40857.8728009842,남성,서울,IT,대졸,기술직,1,60.334228012061715
47.09003757588512,12987.22133296058,14.927142329097961,25.47859794453268,18252.849882741073,여성,경기,서비스,대졸,사무직,0,46.06317463320568
39.102643057127736,40600.738437803535,12.032936841615669,21.459860066357273,94815.36566337293,여성,지방,제조,대졸,기술직,0,49.8756607498078
54.40117215449473,19352.420862684427,13.292866265429994,36.183263298277595,14711.514707073007,여성,지방,IT,대졸,사무직,0,51.58002836549552
33.2360769794073,26271.82849500715,11.181610274042052,14.897547247612588,64978.99893104795,남성,서울,IT,고졸,사무직,1,55.15383371753485
58.00940432910816,16561.306450952252,17.357734752692288,34.4966809766299,30320.878832138835,여성,경기,기타,대학원졸,사무직,1,63.16778434871115
39.59842049355657,8863.511968143092,13.116632727235897,20.364927528325694,10908.549594019238,여성,경기,IT,대졸,기타,0,46.78136337920639
25.69224897881952,25210.823347181315,18.35826663537855,2.9867889781020214,53937.1259495211,남성,서울,기타,대학원졸,기술직,0,54.50694805466011
41.28104414910789,8466.500280958402,18.586243551622726,14.562736254229804,17813.939888939385,남성,지방,IT,대학원졸,기술직,0,49.6734482028467
33.18948342525119,21283.405785428487,13.756862105834768,13.329536902201117,21788.15360420897,여성,지방,IT,대졸,사무직,1,57.70399071889027
48.406435489887244,11112.684477492667,10.97465380235795,35.25579262563469,6400.834438076215,남성,지방,서비스,고졸,기술직,0,54.649484998694035
33.47376020697609,59494.43154144552,7.742306366799989,22.059574145347977,94242.53904883812,남성,서울,기타,고졸,사무직,0,54.247429709636
35.538165667852205,34741.192342154536,9.583888780919626,22.65263498470999,66834.39965616357,여성,서울,IT,고졸,사무직,0,50.055688053807195
21.104592690544692,23222.499544236733,9.87849552530402,5.27496084559674,62503.663965710206,여성,지방,서비스,고졸,기술직,0,38.9065714442323
35.47693680750923,41433.84503802059,18.135408882384514,11.983523052496766,116865.89970038644,남성,지방,제조,대학원졸,사무직,1,61.09498121988885
15.761206733710434,14426.78765518598,14.347473761680838,0.0,26285.79531084791,여성,지방,서비스,대졸,사무직,0,45.07263537020184
24.16097176514277,28904.127655016695,15.168813572275964,6.112669251928667,68922.14413161416,여성,서울,서비스,대졸,기술직,0,46.78417725160593
47.604146561442974,24340.70222686588,7.338736973194623,30.36220376248258,38902.7264609918,남성,경기,서비스,고졸,기타,0,49.14193353370667
47.85800158650832,25134.83573175368,10.406100712348216,28.821018260060413,59449.048985507325,여성,경기,서비스,고졸,사무직,0,55.72953018056048
44.254575617849646,41613.3683857892,16.661239329338862,24.21222449131608,42112.88745105697,남성,서울,서비스,대학원졸,사무직,1,58.37223785814493
30.33023856870787,31768.993673432004,14.860322337147759,8.916137520022504,45355.37986773378,남성,경기,제조,대졸,사무직,0,52.35547225371031
39.5228864385802,25447.22125180062,13.558384163943208,18.621060696120836,53071.9611506423,여성,지방,기타,대졸,기타,1,56.33174329364098
39.963974609094315,9629.20822596357,15.694527075800368,15.76112555930274,5251.721192457902,남성,서울,서비스,대졸,기타,0,49.50290243878448
28.416353108074574,13629.295724333802,18.907393418407445,2.3989262865789107,31431.244982165157,남성,경기,IT,대학원졸,기술직,0,52.982262846064046
55.0339830176715,20715.66659230149,13.336872609388848,32.89237184143501,53629.520471907854,남성,지방,제조,대졸,기타,1,65.33986376867647
48.77362290575671,23079.179901766525,14.208109407974208,32.74770204324746,34569.24545757633,여성,경기,서비스,대졸,기술직,0,52.60851576968054
37.79035826170336,12517.690185567053,14.577790756193915,17.1676954015483,20276.856090777957,여성,지방,서비스,대졸,기타,0,47.9244288750538
40.26885838994531,73558.65085363161,21.176328905821975,12.976628400597898,193327.25299267317,남성,경기,기타,nan,사무직,1,65.40397208971578
42.08382807947552,47013.826939402024,7.701931206742923,29.55805022306826,114673.1454446088,여성,경기,IT,고졸,사무직,0,54.61725825194585
19.582651315757094,29764.12714252801,16.049669044366425,0.0,36323.35864037364,남성,지방,서비스,대학원졸,기술직,0,49.34130298230539
37.52822617479403,22834.285390376936,13.65559325372281,19.764409234180498,29911.549887411846,여성,지방,IT,대졸,사무직,1,55.3612033606489
33.180157520022014,19809.076387350477,15.70031517855254,13.627086229284618,43524.41510151223,남성,서울,서비스,대졸,기술직,0,44.76509909803511
29.983799901050844,13684.796758924724,12.027882338015827,10.694226461453303,26110.52695488032,여성,지방,기타,대졸,사무직,0,43.71375879437038
37.18899707114045,22896.52106080638,13.85310490742465,16.740158553802075,20734.49250864451,여성,서울,기타,대졸,기술직,1,52.3526287255504
57.976865268495224,25056.192212350117,16.134231738396487,37.38069684098329,31942.254551180606,여성,서울,IT,대학원졸,사무직,0,61.57080857468722
46.4084286126701,11838.588801349317,23.338730603131523,16.014919886259335,32555.6242583179,남성,경기,IT,nan,사무직,0,56.10992913718492
34.28821010217203,26032.16606291728,16.424108568206215,11.853888269911366,57802.76107397994,여성,경기,기타,대학원졸,기타,0,50.04174211474051
45.72582781356159,20381.246658494252,11.455803205908474,29.06755213650274,60429.08774846999,남성,지방,IT,고졸,기타,1,57.994020676783364
53.99355436586002,8485.348260336263,12.72872095393189,36.835203576548885,20513.595222489224,여성,지방,IT,대졸,기타,0,49.94932742909002
49.246336829127685,14325.658292241338,12.639757674848438,27.051217229538842,40898.83873341354,남성,지방,기타,대졸,관리직,1,61.776633298842825
40.59630369920174,17911.48190308264,8.613070482109954,27.412724516869677,18636.38527287698,남성,지방,IT,고졸,관리직,0,53.90095033194729
33.53063222294426,56604.503528659356,13.009729424895689,14.053454682345123,137476.04756153465,남성,경기,IT,대졸,기술직,0,58.5543518405578
46.982233136135896,29093.68915942893,16.198487245465234,26.198661312399423,16017.35019660074,남성,지방,기타,대학원졸,사무직,0,57.46623739074521
43.934853854217494,11296.624185824347,10.177303642769616,29.311413596157536,24591.621803288617,여성,지방,IT,고졸,사무직,1,54.12526375382876
48.95193220027733,28085.765038581765,17.145447953151777,29.022314369363865,46993.26201942958,여성,지방,IT,대학원졸,사무직,0,61.45715770454782
46.351718016819696,10161.364421095353,15.463324463253015,27.595300848809085,13889.570854210306,여성,지방,서비스,대졸,기타,0,48.76822530752606
50.49552715319335,37848.45832814797,11.797300034086886,35.39137044432705,100525.91713852005,여성,지방,서비스,고졸,사무직,0,51.73747984024637
34.64764788439432,17403.69247839646,13.575411087986458,17.959577434740332,45870.37678230065,여성,서울,제조,대졸,기타,0,47.619213446027075
53.173940656343255,21018.996554364738,18.7949654229231,28.96173320305205,11681.39692323499,남성,지방,서비스,대학원졸,기술직,0,59.058453113713576
41.975996046923996,42740.33315523713,16.2006434405176,19.839722780480077,86496.29656089927,남성,지방,서비스,대학원졸,관리직,1,57.83087809689632
60.75260872625265,11572.862720265643,14.026350964694444,42.471891927914875,16428.610950523784,남성,지방,기타,대졸,사무직,1,60.81171776924401
33.10812181910432,10953.79124175088,13.286950049117047,15.28533367285332,16859.555215307988,남성,서울,IT,대졸,사무직,0,44.89989482322523
57.359638031652494,16451.967219039052,14.229827211354978,36.51167834682099,42447.75102585033,남성,경기,IT,대졸,기타,1,63.71366818983083
41.979107834626475,37019.10558473279,12.46470932617309,24.32404532606992,47184.530833697914,남성,지방,서비스,대졸,사무직,1,53.4916652307043
33.48581996385552,10304.407159449518,7.6857514828429565,19.729875547443374,29446.100869836373,남성,서울,기타,고졸,사무직,0,43.00761281432939
35.16114165945678,5345.028742737657,20.12653373160419,7.326742110932479,5072.884284186424,남성,지방,IT,nan,사무직,0,53.76462191682977
36.7965269180568,17578.301846222854,14.465974997598204,18.911473403211296,37912.987918676736,여성,경기,IT,대졸,사무직,0,54.262147891222135
44.241659464019165,29023.769174224162,15.194441795367611,23.157616153711732,63279.440401697,남성,경기,서비스,대졸,사무직,0,55.237237047651284
45.228354880355,40140.090416217914,13.826276750369274,29.499494645383425,45377.88666373223,여성,경기,서비스,대졸,기술직,0,54.772452493549615
34.26299996061421,17473.125939167767,11.794649597826236,13.217365822388308,22922.583692847245,여성,경기,IT,고졸,기술직,1,52.051189561866316
39.756454077390174,17931.006436327058,13.442226557153688,19.200669974549754,46387.44607688112,여성,경기,IT,대졸,기술직,0,48.52604259067709
61.42270358611864,39220.32424788729,9.201815713417066,46.28616554608331,94305.78490663785,남성,경기,기타,고졸,사무직,1,61.84995750211009
57.275431701007115,8648.396008192609,20.831259494159916,32.71893440210503,11439.576748163301,남성,경기,기타,nan,기타,0,52.68568731177111
44.36323669674032,18137.54924729799,10.296464004732812,28.865711437211882,33280.43253852285,남성,서울,기타,고졸,관리직,1,57.12512087502296
40.380034781682,24226.732348169095,10.904101148458462,24.09687914158504,15849.146245283348,남성,서울,IT,고졸,사무직,0,52.79474193220963
41.200313267182615,27573.47008550434,12.679222386840799,20.26656329523352,28176.355902229196,남성,서울,기타,대졸,사무직,0,49.90016650517955
46.13517972730416,17070.321561135075,17.864227174557133,19.957069758288085,29267.943682460944,여성,경기,기타,대학원졸,사무직,1,62.8405379841966
29.772074348015945,22409.057434111353,14.043526997787962,10.373556670807792,16021.004646298023,여성,지방,서비스,대졸,관리직,0,50.31036819583108
37.42623462576655,6347.627012934616,10.291592611908612,18.40643002622122,16556.71159845187,여성,서울,서비스,고졸,관리직,1,52.34354987487664
23.314159261224106,15849.22359927958,17.76301508227202,0.0,36374.21422380835,남성,서울,서비스,대학원졸,기타,0,48.35947679618802
43.992231226052795,27632.67853670485,16.193001880356444,22.801064003868063,79004.15396195411,남성,지방,제조,대학원졸,사무직,1,59.388364906767805
46.47195939702741,13478.525347183924,15.615304871649357,22.892005980824504,30106.540847265336,여성,경기,제조,대졸,기술직,0,53.41025830470802
35.16813537700626,22685.746772926745,16.14720272351252,16.23164457821735,64677.14187659526,남성,지방,제조,대학원졸,사무직,0,52.164952802904374
55.73986763290033,27541.14233107979,21.183085701747352,31.004654619628756,51950.34421717909,여성,지방,IT,nan,사무직,1,70.33826846919858
27.742343369976588,18559.283472197494,20.555284685108337,0.0,37128.7101060681,여성,경기,서비스,nan,기술직,0,49.78095290113733
25.3562511979018,23986.15062551589,11.939853970990114,5.5516547405477095,70577.51249534446,남성,경기,서비스,고졸,사무직,0,46.33337011477226
42.24451818559972,13611.002028387877,18.871654978433455,12.801308718176369,28655.553815335,남성,경기,IT,대학원졸,관리직,1,60.827847885335395
50.470983026121544,19864.596583754912,15.1495045692767,27.756295731748576,11461.20521841926,남성,서울,기타,대졸,기술직,0,51.71110735259253
56.83927691457869,29884.884152105566,15.497287448413248,36.87476641931024,69019.34739749161,남성,서울,기타,대졸,기타,1,66.92841417635972
35.4111573713106,23824.898790705207,8.923187505070015,19.660179981690874,65844.19926616795,남성,서울,IT,고졸,사무직,0,46.55260865151708
50.78680833431296,16427.866771786164,13.488842703835411,32.219560117709484,40888.14926060697,남성,지방,서비스,대졸,기타,0,55.527061776565205
39.61491530499293,24639.55117411706,11.561529228990306,19.00871743943913,48283.25008207437,남성,경기,서비스,고졸,기타,0,48.675410317996956
38.273727000591805,31486.208241023865,16.484176444679928,17.385501065075687,68585.1096359953,남성,서울,서비스,대학원졸,기타,1,60.70599381396875
48.83659937486672,7903.2501141999,17.213241501208415,24.513139417801607,23515.958485807645,여성,지방,서비스,대학원졸,관리직,0,54.110248938266224
46.5232287841342,39321.90542325274,7.776540946951066,32.77102720174894,28573.467886223298,남성,경기,서비스,고졸,기타,0,52.787277771591974
24.236078430157505,18617.7858380618,13.933895407987189,4.1164340193842115,40365.44622165065,여성,경기,기타,대졸,기술직,0,43.291521753777175
54.76540349725896,27248.260593424508,17.365584514382757,28.85672194109163,32929.36587980042,여성,서울,제조,대학원졸,사무직,0,55.10994759729331
53.800913541474515,40079.62830236336,13.439963113059665,32.054781764935285,84176.27708889681,여성,경기,제조,대졸,관리직,0,53.893469915121834
33.74437298490471,11094.03828290385,16.187190935007095,13.492770987904464,22399.5171725803,여성,지방,제조,대학원졸,관리직,0,42.521253951242734
43.95803533437409,15448.690149839833,15.053496402881253,23.702523246496227,13651.112701457389,남성,서울,IT,대졸,기타,0,57.49802959026526
44.94030186282739,19067.215095996453,15.024980695857879,26.015419250076366,19388.81445976052,남성,경기,서비스,대졸,기술직,0,53.40131909988731
42.60673765823907,14885.207885181686,13.186055065795108,24.069999063448996,30575.31768446836,여성,서울,서비스,대졸,사무직,1,52.18535380006691
34.4969484615458,52442.2733254119,10.350257587592871,18.43267214357136,43032.811525225174,여성,서울,제조,고졸,관리직,0,55.48571021406517
33.283766320619485,14351.56038757873,10.635409557724918,13.196335525561032,16690.178551448873,여성,경기,서비스,고졸,기타,0,44.00973371856394
39.744459290085544,16684.352952747795,16.12805754336595,17.07566835319725,43181.005278053875,여성,지방,제조,대학원졸,사무직,0,51.41457520446361
51.72729019259364,24396.489202892717,14.05837476655665,31.6141467852295,32147.955587763594,남성,지방,서비스,대졸,사무직,0,52.82799063460437
45.43600154594432,12075.395564656284,13.584463266178325,29.757752676311146,20771.496398088493,남성,서울,제조,대졸,기술직,0,46.02724312136097
36.29385667913894,18072.733484607146,12.728329873032942,18.939440070303355,51558.81286406513,남성,경기,IT,대졸,사무직,0,46.75354998256161
47.716987106483444,25815.403577086814,13.084433463557744,31.704676006344755,27567.565289776696,남성,지방,IT,대졸,사무직,0,53.80949017861974
11.514573793699245,18649.41016086854,17.140735383464417,0.0,27490.443598072325,남성,경기,IT,대학원졸,사무직,1,57.33241893192633
51.48765700372103,21021.617049219014,12.99426775439592,31.070782795426155,42382.616309603596,여성,경기,서비스,대졸,기타,0,54.272900316072786
22.602862212219005,16904.479818058247,9.976805860095293,6.860304784423414,40373.76913301317,여성,서울,서비스,고졸,사무직,0,45.815866987120984
36.37559058596868,10329.558745871516,16.23095532662052,14.617082551876626,28448.983439092997,남성,경기,제조,대학원졸,기술직,0,43.48834856283967
28.80330105373856,25868.896163314756,13.385370008405848,7.5396199057913496,72140.13722130438,여성,경기,서비스,대졸,관리직,0,52.12835062811506
27.053185242790942,52969.23412740576,14.09418759659833,6.19022289300677,129329.69189412611,여성,지방,서비스,대졸,기타,1,56.202818681483755
51.608267873785195,22230.062431563845,18.82273491919853,26.37399896723232,23804.553097083157,여성,지방,서비스,대학원졸,기타,0,55.75460402425133
35.32298798688109,24652.4621440763,13.938318327948478,18.595909324062845,13855.25874627377,남성,서울,IT,대졸,기술직,0,56.393619013450255
43.46503881730716,31143.516906369685,14.867551019356176,18.436006747169024,45451.933173820624,여성,서울,기타,대졸,기타,1,62.29545535184049
39.53079421120816,11676.513985944559,10.463229526105025,25.47920152653522,9970.249838606533,여성,지방,IT,고졸,사무직,0,51.80144709779121
44.770408272231215,51598.98749384359,13.34099164294712,23.555826159365328,117437.70208679607,남성,경기,제조,대졸,관리직,0,54.31242962217001
40.768218910602556,24371.37088985767,15.828578135625804,16.195482400437523,52467.33229032582,남성,지방,IT,대졸,기술직,1,56.0018189190668
27.170077758114303,49807.878312389155,9.333878798476274,14.196083219714957,30379.274593888098,여성,서울,제조,고졸,사무직,0,52.14841188205121
49.9626681944714,15267.528048571647,14.602535279347128,30.82392905359303,39565.5614946417,남성,경기,IT,대졸,기술직,0,50.76732713735573
35.06243416838687,54667.8443710432,14.302373217934418,17.269098355214837,61329.56761039986,남성,경기,서비스,대졸,사무직,1,64.29840808520552
24.43418101340249,32453.95994912457,14.123862366762317,5.911722541731327,51295.6804668461,남성,지방,제조,대졸,기타,0,49.847247507900725
35.718848390340874,29042.63038771602,17.11147669597473,16.72706169784095,63017.69669967705,여성,서울,기타,대학원졸,사무직,0,49.66703120588811
55.00759790634311,24760.680918723014,15.003315544545565,35.12173003568651,38962.09436374594,여성,서울,IT,대졸,기술직,0,54.21965681508712
48.50221742113493,19452.593673188596,18.434215695069334,23.75504697381928,31186.77763859799,남성,경기,서비스,대학원졸,사무직,1,56.74583734034759
36.51347865592141,40145.50786227805,11.019231453217891,20.180099957346204,26659.426937980305,남성,지방,제조,고졸,사무직,0,51.708948112728095
36.50742295681571,23627.815855826273,14.407773701655044,18.586587511852592,35526.99357397487,여성,지방,서비스,대졸,기타,1,55.29193590152982
36.783649487826175,8237.606836089553,14.253400359169841,14.971498478136098,19870.094002438847,여성,지방,기타,대졸,관리직,0,43.23394661294621
60.76747983560841,12599.42893314886,10.79223651873476,42.67146615181089,35126.46252077947,여성,지방,IT,고졸,기타,1,59.06118309396467
43.819354522315535,20071.9204318868,16.868885006274038,20.332549486845682,30785.16430081587,남성,서울,기타,대학원졸,사무직,0,50.305406458226734
44.300416471910694,25719.36506414433,20.974019917558454,13.117230956821576,40095.578825823344,남성,서울,제조,nan,사무직,1,63.72061739502501
50.30283454031842,21411.977817967043,13.948981776548507,30.63000958060501,48317.57894624455,남성,서울,IT,대졸,기술직,0,56.26561889832182
42.387891590265134,40517.34345545333,15.5150632648213,17.10057091754178,115755.21415014548,여성,경기,IT,대졸,기술직,0,53.62977119796557
37.40957854179297,8303.638473092986,14.253555427445981,17.262141740212225,9695.762981626338,남성,지방,서비스,대졸,사무직,0,44.33022432877117
38.03650150915022,23665.98273111722,11.859245990278472,21.907835031142245,37874.10434337887,남성,지방,제조,고졸,관리직,1,54.58807408753262
39.283987405859364,8875.14886129332,8.537719166593952,23.79251531797774,22098.526995979555,남성,서울,IT,고졸,사무직,0,46.974946326299
39.627777634901584,32204.328492851888,11.882679550713904,25.099329824561423,65189.09421667823,남성,지방,IT,고졸,사무직,0,54.04430394483369
47.2762954363698,21010.35399921066,9.824124857144806,28.531168780388022,16313.822585008234,여성,지방,IT,고졸,사무직,0,52.14135719933173
40.519458858072994,27168.26888033652,19.112306234177353,17.789673987159304,56220.1638020303,남성,경기,IT,대학원졸,기술직,1,63.38521132079721
47.32640077215579,14300.624973093434,13.654670918230282,29.022003966739355,13826.783939409084,여성,서울,IT,대졸,관리직,0,51.78446814125225
39.19283419891418,41761.597069591975,12.962242012858487,16.79852568943431,74149.37917846552,여성,경기,IT,대졸,기술직,0,47.32880952741834
40.786351903160906,37081.08691785441,16.667461474363417,23.540479026878554,67589.85410052097,남성,경기,서비스,대학원졸,기술직,1,62.83502369893311
20.017993154678923,29488.987026951443,10.634746691432337,3.2557558922386534,79340.36746753525,여성,경기,서비스,고졸,사무직,0,43.378098435282624
49.16327674702482,20645.267111859783,11.699407885986343,29.708900816727215,34193.42811766103,여성,경기,IT,고졸,기타,0,49.73395218206734
43.46488475897993,29434.673896892935,14.204216807745864,20.446493561666028,35280.57837712499,여성,서울,기타,대졸,기타,0,53.02314056147877
49.98010109859652,15468.387683659992,17.086306974270443,26.45375806900673,16665.886382041965,남성,지방,제조,대학원졸,관리직,0,55.63641950694809
11.037446218063106,33785.1903291472,15.505055135506364,0.0,90734.51028805965,남성,경기,서비스,대졸,사무직,0,47.79660760341366
60.883747047807276,50248.72473352451,14.744975427547647,40.34406267733896,46607.05574202824,남성,경기,서비스,대졸,기술직,1,64.36225418250021
38.604103718448265,37620.53334758326,14.234353205708048,17.774158200292298,58863.77266477063,여성,지방,서비스,대졸,기술직,0,50.79466567846303
51.081828167375164,15293.73834471882,15.200707566580325,31.147571221025025,14803.310784506191,여성,서울,서비스,대졸,기타,0,58.327014028624525
29.60094072874469,26389.161580301716,14.604958715387763,8.220722348030433,64211.69395334679,여성,서울,IT,대졸,기타,0,51.12149459120691
46.1277390506257,11538.323222026962,10.910083175669193,25.347727640475565,19452.823730296936,남성,지방,제조,고졸,기타,0,46.846300459523924
29.46584436826344,29324.9848115941,14.138237664899455,9.028883712064703,40405.700886461076,남성,경기,IT,대졸,사무직,1,53.56115054832728
33.76231039304195,27592.56707149538,10.778934023246743,12.248421063048653,38705.44866944435,여성,지방,기타,고졸,기타,0,47.42360699477523
59.14031353866786,8648.073256782103,14.243247628702472,39.60460717174817,22749.063853917985,남성,경기,기타,대졸,기술직,1,60.5670989364796
38.09317599236653,12321.587422842049,12.558056175535276,17.576519356265983,23219.229187250665,여성,서울,제조,대졸,기타,0,49.925939863418606
42.17432873179723,19118.85981323232,21.618144868348583,14.88290457328025,43871.466932128555,남성,경기,IT,nan,기술직,1,61.77931194787158
48.70067730688754,18950.20685779434,13.880316848744863,31.448510421191887,51972.76703479562,남성,서울,서비스,대졸,사무직,1,56.93219304608887
44.95681887972604,12031.235825035066,9.787281301215234,27.272040187974813,33138.28480678587,남성,지방,서비스,고졸,기술직,0,47.86555525030631
41.504189051435766,26755.340163377907,13.597459367969225,24.029242200490778,35351.09882058676,남성,지방,IT,대졸,사무직,0,55.92228705397191
43.64961002466225,24977.65250966073,15.558076236913664,21.22475465437628,71963.81796297498,남성,지방,IT,대졸,사무직,0,51.378369304101994
64.03415585238275,19987.561499004372,19.02009183845757,42.52045361805635,11236.801303524446,남성,지방,제조,대학원졸,기타,1,65.11643579196392
39.42381202966415,15094.77973204438,12.231642800183845,20.461864003083875,21768.01433787317,남성,서울,기타,대졸,사무직,0,52.112652263263016
42.010990467149675,37210.77181289828,9.25271607792908,25.077288418207214,101938.80309899036,남성,지방,기타,고졸,사무직,0,54.12273572675819
50.50654396007612,50397.838011600536,16.450511034292944,29.430509826573754,59801.681458369545,남성,지방,IT,대학원졸,사무직,0,58.862894710749785
51.05525932957984,17295.80487104886,9.858203882301046,34.32547598803152,20455.811132175793,여성,지방,IT,고졸,기술직,0,51.093399181464676
51.8703030556038,16218.641044008386,12.691533675477546,31.495870351868238,20379.62605615601,남성,지방,서비스,대졸,기타,1,54.4620070062312
46.38730222029184,28158.480032764404,13.227138543467017,26.20448397541724,57183.77556889832,여성,경기,IT,대졸,사무직,0,55.466656025768124
28.569950872695166,18416.187460453828,13.791099640099675,8.689638168229488,29389.140144664376,여성,경기,서비스,대졸,사무직,0,51.48453291392411
56.334315323010955,20543.53146200608,16.06749337122301,36.95118221427765,47596.015668904874,여성,지방,기타,대학원졸,기타,0,64.06424276289253
28.53654606981312,31882.947217729572,11.949097153140837,6.719273425753129,87272.44556254902,여성,경기,제조,고졸,기타,0,49.31015002393647
43.02635465239033,8478.780896503144,13.178812243499717,23.893703726791458,18530.362400001286,남성,서울,서비스,대졸,사무직,0,49.829443575766824
32.45724149980642,42580.477919702134,13.957188941151834,13.749859747962674,43055.96562156801,여성,지방,IT,대졸,관리직,0,49.37551497908442
39.35861653407007,22841.635365879603,14.448793872556363,19.2967198114973,64680.76749812359,여성,서울,서비스,대졸,관리직,0,45.963918353128804
43.2876241030348,17930.409904562213,14.293481524123768,25.6138729177781,20821.369042170474,여성,서울,서비스,대졸,관리직,1,57.46030063360862
43.21357215450273,21065.31067894131,15.30801732566774,21.75686416931794,18426.580089692234,남성,서울,서비스,대졸,기술직,0,60.761991525253706
44.21920754235285,21616.553750871764,16.53151852892521,21.318586129055745,15670.233173729957,남성,지방,기타,대학원졸,기타,0,57.6142938936899
56.13711269058647,9268.708683631397,15.177902346952903,36.14386943766025,17688.95376513877,남성,경기,서비스,대졸,사무직,1,62.786955209562905
44.5353430151398,46512.16237032473,15.360756570527656,23.373214074514845,36484.4265015325,여성,지방,서비스,대졸,사무직,1,60.42630934911214
37.558433647093516,22486.3292834735,9.253330499760567,21.52428567077201,19044.565208641186,여성,경기,서비스,고졸,사무직,0,49.002285886797495
49.64087168288357,27487.896657400895,14.15068309749704,30.522476664559292,34361.96544039879,남성,경기,서비스,대졸,기술직,0,47.83101813575389
51.894704889246405,35446.325915839814,15.438522644004825,29.151125658808287,42682.07389905164,여성,경기,서비스,대졸,기타,0,58.32434495009802
27.723921848630077,13219.109766278834,16.18682358371135,4.3147439608800715,26578.325913647324,여성,지방,IT,대학원졸,기술직,0,46.8655522048395
45.97400069849858,27909.8778378414,11.922947677298618,26.995064977668736,70943.09135571113,남성,경기,제조,고졸,사무직,0,50.8473970449807
47.01172742310898,19267.585488130648,12.022882175334065,31.694983568107734,46307.2167121856,여성,지방,서비스,대졸,기술직,0,50.40407417551421
37.02436496640008,33637.11628486579,12.277697974149206,12.304634280279446,38891.608458102186,여성,지방,서비스,대졸,기술직,1,54.01393755634592
53.75706813311619,7603.669888751692,15.60924169967403,32.93902410296805,8464.985061702542,남성,지방,서비스,대졸,기타,0,51.056286501970106
38.499444129674735,20961.712741848703,17.101643164772625,15.466344593302555,61092.4679274563,여성,지방,서비스,대학원졸,기술직,0,51.55303536385839
41.255764534715425,16294.610241889804,12.777619678125195,19.11640393811399,8482.820987442483,남성,경기,IT,대졸,기술직,0,49.8507279602573
38.2692817571613,27340.693488965142,16.723886940881147,16.164848374552157,73800.77037035354,여성,경기,서비스,대학원졸,관리직,1,57.41166964667447
40.155790475814676,27862.08529735696,14.370439427493782,20.736855031983957,27843.175238936576,여성,지방,서비스,대졸,관리직,1,52.12610416587437
29.037249131047982,15462.717031445076,13.627142668512692,10.58938492525009,44350.33210637522,여성,지방,IT,대졸,기술직,0,47.636701928389556
25.599491174057057,15427.594998467737,13.365847310546092,0.929987737421067,20916.242887594155,남성,지방,서비스,대졸,사무직,0,43.74357563091694
55.94505063224972,20840.788180662392,16.239834093806472,36.43799536215212,33363.58920205172,남성,지방,IT,대학원졸,기타,0,56.632492808072286
31.530386516816723,14068.29392225663,14.97673345036121,9.078179657085828,31904.09854976859,남성,지방,서비스,대졸,관리직,1,54.178067213135655
30.086076505436928,33556.70078276397,20.82747628294291,4.631735716000369,66078.93669032927,여성,경기,서비스,nan,관리직,0,48.03765852038641
18.466098863962852,18313.548127927646,11.443326071008027,2.504920354319397,23713.26710483121,남성,지방,기타,고졸,기타,1,48.53950054388091
33.610382523104974,5148.732723856029,15.554305106089927,10.30268324577646,9703.18476195756,여성,지방,서비스,대졸,기타,0,47.112533635930525
26.76910206592502,18262.206261557774,12.412396970565462,9.677625000062656,42491.90272821707,남성,지방,기타,대졸,기타,0,43.39658147431256
56.42015160136369,13104.724454814583,11.392139039034069,38.25702608050491,7939.331729561393,남성,경기,IT,고졸,기타,0,60.306878925166856
50.09817089342634,9743.562526825448,13.967398588895083,25.98801794585495,5144.58409095262,남성,지방,IT,대졸,사무직,1,61.60424163775068
33.118496548222765,11864.27046753262,14.412057438221108,15.041922961057216,19518.71037725523,여성,지방,기타,대졸,기술직,0,46.01344619133381
62.52435805344309,23264.973748666755,22.754520665180276,32.21974746223034,19300.425505112802,여성,서울,기타,nan,기술직,1,65.24692103388972
49.81765486991594,42801.15700895935,13.447562552950394,28.66110539148944,92487.33932194741,남성,지방,IT,대졸,사무직,1,62.837585469792074
36.75168616491378,25760.362103502768,10.60946381154595,19.336090617294385,26665.353005658584,남성,경기,IT,고졸,기타,0,46.61019619359615
15.005942851264269,16264.63350463494,14.819032152483157,0.0,25732.728287585436,남성,지방,서비스,대졸,관리직,0,40.9979080238824
62.90942572590742,27665.79516586053,7.776079887360895,49.01880501690232,27504.706707448444,남성,경기,서비스,고졸,관리직,0,55.43051957752408
26.10427533236404,17508.729163501168,13.724129652187202,7.476279529591179,32762.490965519057,여성,서울,제조,대졸,기타,0,47.37450355227322
23.54601253043108,15563.750687167681,14.048075846885482,0.818957950488282,12297.443114195768,여성,경기,제조,대졸,사무직,0,46.45704851326152
50.225704320096405,12367.392684967583,16.383801148835634,26.357130430399298,6898.125147825057,여성,지방,기타,대학원졸,관리직,0,50.92210515172612
64.39752406339272,9173.604806050726,16.92086674828354,41.24466317046611,5759.456005717471,여성,서울,제조,대학원졸,기술직,1,66.81126382085844
53.84272818510518,18124.83084011728,12.489291143276848,39.14921162714574,52301.847495605994,여성,지방,제조,대졸,사무직,0,49.10448858149212
45.639091200523595,23837.774014862447,13.5481579561102,25.863308167585878,20398.353819123233,여성,지방,IT,대졸,사무직,0,49.94203246119456
45.94754341665286,20987.623062807656,11.701637508167988,30.416350435808134,47666.99784398464,여성,지방,제조,고졸,기타,1,57.611515096642066
48.53415558780308,17890.34634522894,10.61581233557692,31.995453589794792,11983.231471272255,남성,서울,서비스,고졸,기술직,1,54.15339080674292
47.589285897867654,13727.09601246389,14.929684338141904,25.692284284850615,10575.366855917591,남성,지방,IT,대졸,기타,0,50.249802852514684
42.811914239693756,29855.46236382713,10.179243354210202,26.139222037254676,52909.57061140562,남성,지방,IT,고졸,기술직,1,58.094397832075785
41.04201103951876,11400.74564872752,12.75611929828441,21.94905231717659,18950.06090980638,남성,서울,IT,대졸,사무직,0,48.18018404900233
39.374068721004775,32468.119775993437,11.014478120302288,23.566882078623966,93474.11854642317,여성,서울,서비스,고졸,사무직,0,50.755638821130596
32.46035411133324,13344.925651182093,15.649049558870779,13.560527087615569,38194.36000849777,남성,서울,서비스,대졸,사무직,0,47.99154348504501
37.19324923133226,15120.132022216565,19.404290297799463,12.50832062890544,37029.530013366064,남성,지방,IT,대학원졸,기타,0,50.905478566042014
23.070431858046145,10578.80134628648,10.095236051590007,9.34935116393965,21213.18980102514,남성,서울,서비스,고졸,사무직,0,38.91118678400812
39.0166037320525,17142.20664974155,8.440944551307293,22.64607970548584,28068.662770328276,남성,서울,IT,고졸,기타,0,50.454862406079506
30.114088928490826,35869.98775802526,13.625339343949797,9.659488566912968,49875.293044092236,여성,지방,기타,대졸,기타,0,45.96233226648433
28.96410682784229,28504.408662961967,14.047093387873275,7.468408371553681,81742.63052796455,여성,경기,서비스,대졸,기타,0,48.45315477042506
41.798941511534785,35925.80275549328,14.655977920271893,21.771852773012597,72112.858974727,여성,지방,서비스,대졸,기술직,0,51.346674901721734
53.92002286344599,28597.405415845173,12.661038454296966,34.5410676387902,55698.63230645912,남성,지방,제조,대졸,기타,1,60.21584589008109
49.183166060023126,12684.868250486885,13.398082103523704,31.24462983056781,13696.522067190444,여성,서울,IT,대졸,사무직,1,57.875644463063495
24.294993963768228,18668.73330775166,15.102531231621807,1.3304593088815377,11513.839424253658,남성,지방,제조,대졸,사무직,0,48.930707890012386
30.103718634296627,14911.68533798897,17.121292677934516,7.068487903004673,42691.72938508203,여성,서울,서비스,대학원졸,사무직,0,47.30432497337987
49.40771187988216,42842.56736922083,8.134853689045151,36.64657401286152,55024.34359249047,남성,경기,기타,고졸,기타,0,57.40004279941145
30.175126064616904,12107.806354009024,12.893181682905613,7.151338831630071,19450.858649060836,남성,지방,서비스,대졸,사무직,0,41.42066224323607
37.753668500029754,34435.691348647066,14.641426381823191,21.35550473286697,27087.109958182813,남성,서울,서비스,대졸,기술직,0,53.04441127763222
45.50052099024552,34422.886764290335,11.246071686167792,27.68814553431797,89234.82197901298,남성,지방,IT,고졸,사무직,0,56.875716201683126
30.316555451363648,54984.69214606057,19.1935088953019,1.0729667287094022,31290.665630567153,여성,경기,서비스,대학원졸,사무직,0,54.79904708686671
41.0537550614596,17946.613329876258,12.093770359313789,23.27617249929938,46391.580985141394,남성,서울,IT,대졸,사무직,0,49.51501735351847
26.659745050817953,31450.214416184892,13.876121938978152,6.850510047786104,26755.091536989432,남성,지방,IT,대졸,기타,0,48.61944740472175
33.98632356048786,68928.56229991718,15.668066290526873,12.154468510816002,187238.25532587647,남성,경기,제조,대졸,기술직,0,51.37889222863377
43.19781934142537,16174.30517192777,12.226145633594317,26.954055933684387,37596.06594195783,여성,지방,기타,대졸,기타,0,51.63151595992633
24.070062664683306,10223.86401778344,8.460280856586749,11.104671750950668,9320.847938010196,남성,경기,서비스,고졸,관리직,1,46.46762165839993
44.40474737960399,8604.10748750512,12.7140364192504,26.28646334240128,16472.95081607073,여성,지방,기타,대졸,기타,0,49.18512842055523
39.803622010733186,31456.34575001372,17.088321667781123,17.615611610845356,40315.73568821377,여성,서울,제조,대학원졸,기술직,0,54.67703175098941
45.524899544171475,8590.60888930386,12.989314619644585,26.326868025650715,8123.131554346987,남성,경기,서비스,대졸,기술직,0,56.917287213423
42.23914134064661,18285.075753953013,11.460697095623065,28.329425943503644,48418.066883676714,남성,경기,제조,고졸,기술직,0,51.620242530890515
53.64140429973844,27409.81921033902,16.777016628508164,27.905995634514742,41356.12479821702,남성,서울,제조,대학원졸,기술직,1,60.7221683819874
41.25224502647907,24163.240468702606,13.007675311930843,22.523873062980023,36156.88925310296,여성,지방,IT,대졸,기타,0,47.611775142221006
35.70594458874747,27247.646573650785,12.469517559049349,17.36647629207568,25196.353468584202,남성,경기,IT,대졸,기술직,0,50.93947535581177
41.222975030322836,24615.827956879883,14.44836826898993,22.40116757346209,35881.61092522345,남성,경기,IT,대졸,기타,0,53.398779735372415
45.43298029036388,41749.08887371088,16.31225062885636,21.433021906657718,111847.56738987236,여성,서울,서비스,대학원졸,관리직,0,49.118402386084796
40.48860070325704,13682.074297698475,21.14514059519764,9.85611490326633,19261.92214021583,여성,지방,서비스,nan,사무직,0,50.22305327931406
40.405916912038826,15701.3571577742,16.48170832297227,18.237854621262944,45204.347097435784,남성,지방,IT,대학원졸,관리직,0,53.94026745731642
32.980083121932445,14968.006128060038,17.479519899165034,10.06302420720462,42894.89657000225,여성,경기,서비스,대학원졸,사무직,0,47.85998726049548
33.37099082449052,33359.43453473214,12.482101403036435,17.868088240349383,28764.060615700735,남성,경기,IT,대졸,기술직,0,54.92092159723826
25.973947282003067,34551.25988878006,10.92239568209157,6.5108275072613235,32591.447948555713,남성,서울,IT,고졸,관리직,0,45.87652564173066
57.495767431869396,27601.148403421925,14.186994048857368,39.61816091644546,73327.56179924725,남성,지방,제조,대졸,기타,1,64.8286285860985
27.56136764608715,39804.96106763559,14.321509745778789,11.974686628362603,58987.06325053586,여성,서울,IT,대졸,사무직,1,59.8821091388912
33.07094802204092,12221.837214517707,10.76446177590621,15.55095647108976,6244.563855864165,남성,경기,IT,고졸,사무직,0,50.84970968226167
32.81592734430802,50696.49503730916,13.474116410287962,10.759926495033612,60059.100890035006,여성,지방,IT,대졸,사무직,1,52.625617667833694
48.949243769444415,47174.99719871928,15.197952805157392,26.93734223154028,94070.36379904454,여성,지방,제조,대졸,사무직,0,56.83375343626603
37.05050321707972,31818.749394560073,15.08118018505424,15.997332966768244,79488.48337348306,남성,경기,서비스,대졸,기타,0,50.503104574349
52.477420726737336,53685.56597802431,15.512863560152818,32.09213291659835,44745.391498206176,여성,지방,서비스,대졸,기타,0,53.407129648383794
33.26509375756132,9620.85479903804,14.872894190412328,11.209410107472895,7469.183440371423,남성,경기,서비스,대졸,관리직,0,46.68875320788368
42.78994162223802,16945.810800834737,12.478974022189833,27.42136466834287,47536.924521108325,여성,지방,서비스,대졸,기타,0,47.31956666757582
31.646529467402427,15250.205687644982,12.45829812005347,10.959166717332833,36263.020621905474,여성,경기,기타,대졸,사무직,0,49.60432886860555
61.45149127773388,31594.541960214094,10.403145806018372,41.569935167369906,62381.811840260336,남성,경기,IT,고졸,사무직,1,65.40155432166333
28.124015809704872,13028.957121579384,19.354325117555284,4.983111540724223,31568.732824145274,남성,지방,IT,대학원졸,사무직,0,47.7709717414355
43.09820710227027,32168.64742263069,14.040351093857879,18.508613945999993,50573.48557264215,남성,서울,서비스,대졸,기타,0,51.98690106488819
46.337768809320984,43707.1975856435,13.325440832615444,26.60406843896011,104728.53681183899,남성,서울,기타,대졸,관리직,0,54.7239694356524
44.137990974514985,31182.16108056323,11.213623755642624,33.15972947728846,44575.13245067617,남성,서울,제조,고졸,관리직,0,53.39863231862262
38.147123411222914,25384.02991678062,22.806973706983335,9.316062598319716,28182.27478508029,남성,지방,IT,nan,사무직,0,59.78305343646163
38.70179300266574,13440.977331483335,10.780015903331314,19.680241797941925,31217.12084060642,여성,서울,기타,고졸,사무직,0,50.139249590356535
40.438114719791095,14422.92908738628,12.71345622318178,21.609863569035728,22343.723818005987,남성,지방,IT,대졸,기타,0,51.23859748120653
38.529979983715116,41143.015238109816,15.24751050885818,17.18086789761787,121513.5405131167,여성,경기,기타,대졸,사무직,0,51.91703728680415
49.638791167949094,32522.07933969468,15.800638897232833,28.1594521514225,44676.00173752664,여성,서울,IT,대졸,관리직,1,56.993008533297015
62.10523001591351,21600.899586134034,16.87379616564705,40.555959814585705,60575.80343476174,남성,경기,서비스,대학원졸,사무직,0,63.79840721416278
34.425082149921664,17872.977728945356,19.42282552330779,6.924034289878396,50623.53599567145,여성,서울,서비스,대학원졸,사무직,0,50.49699387693778
26.301970204209223,7999.193982865418,15.518472966382138,8.158593348300672,8836.168588679175,남성,지방,서비스,대졸,관리직,0,51.24555511986485
39.117179516487454,12894.727561732418,10.831907600099997,22.775500485132692,32179.475457320143,남성,지방,제조,고졸,사무직,0,48.99183004793737
65.79709337654319,57280.15705827128,13.229164624634656,48.02151684471214,90656.51771067016,여성,경기,IT,대졸,관리직,1,73.94380612241584
31.963254320302692,11611.743254019928,14.923497117541654,9.783458403249753,32441.025531543633,남성,서울,서비스,대졸,관리직,0,50.86489938589558
56.391168054440676,24215.299196896704,20.20467812451747,32.759254203914274,39357.384442567876,여성,지방,기타,nan,기술직,1,59.441985348024396
56.77700814076441,36450.92034352986,9.80658356472711,40.456319758411176,86051.84895190867,여성,지방,서비스,고졸,관리직,0,53.42311087985805
34.46411758292005,11760.93430497595,17.607729515675683,11.411493094231435,19610.3997068386,여성,지방,서비스,대학원졸,기술직,0,48.59868998346737
45.689830791852756,24157.622418854007,14.53974310863925,23.28387552883929,25836.62281752895,여성,지방,기타,대졸,사무직,0,49.95414901924462
56.283966231285376,35205.50596292851,16.513491605688444,31.77661137279268,35148.30836464606,여성,서울,서비스,대학원졸,관리직,0,57.60284109707179
36.20872259012513,22164.55479328242,13.694015850092203,17.89111735293869,34656.009936307084,남성,지방,IT,대졸,기술직,0,47.773639126974565
37.964196398976384,92429.50527664063,11.472702109621022,19.60428062894059,220789.74610574328,남성,경기,IT,고졸,사무직,0,55.470884237702236
34.18319086051356,9563.417015291394,16.252618338203995,10.222926347300813,19248.085849759147,여성,서울,서비스,대학원졸,기타,0,49.214214378927
29.852432693071332,37397.691800800414,15.963293081316863,6.602772927700409,83081.7107721616,남성,지방,서비스,대졸,기술직,0,48.7962336215572
33.50722454933993,20203.257470455013,16.916170897219168,11.988959795555605,24361.408621556053,남성,지방,서비스,대학원졸,기타,0,57.07628497771054
27.760597332377436,32401.502605510374,13.960086093864094,6.542435516106121,55198.822843830545,남성,지방,IT,대졸,기타,0,51.48639119423592
40.34083468259226,27464.61082570954,12.200533930040452,21.90499088934748,16780.552100071825,여성,서울,IT,대졸,기술직,1,55.10504803597483
32.30026768941358,15266.587585703579,9.323639014928474,17.0066841750593,38835.61937379304,남성,경기,서비스,고졸,기술직,1,46.79099064744942
42.33785911790748,24698.509983200074,16.458119804418217,16.045041541468663,73471.40862003266,여성,경기,IT,대학원졸,기술직,0,53.867881771456176
24.44104353796373,8699.74743969215,15.271668447331958,0.227122279884735,13199.23642817938,남성,지방,서비스,대졸,기술직,0,45.322602604224166
43.30880232214457,29780.936418462705,11.102652101408122,26.87870599923157,15706.737851292783,남성,서울,IT,고졸,기타,0,56.47313826217814
48.33528961608925,25567.549609054313,12.384278980110128,28.476951913673723,23636.72914195497,남성,지방,기타,대졸,관리직,0,53.13788102792481
20.062643574285445,30312.943676448867,12.599723564145679,3.5763698327006037,64606.49806976813,남성,경기,기타,대졸,사무직,1,49.689815394407454
43.74056569847572,37386.28341579001,9.551046704052744,30.123133202924066,75901.5688661775,여성,지방,IT,고졸,기술직,0,57.5003789792111
52.27668992473292,26471.1283047185,11.5469528101846,36.168074447259194,65374.73434963424,남성,지방,서비스,고졸,기타,1,60.976951813708155
27.903589813087947,23719.30873307184,10.598508929580937,14.944624458132205,26914.53746247635,남성,경기,기타,고졸,기술직,1,52.15525901939317
56.72572386837703,14178.27059331891,12.76256296433619,37.79698224855447,34156.58512746375,여성,경기,서비스,대졸,관리직,1,59.25711593033817
44.190190093660455,15427.23322967186,11.783907505011312,27.704046440456818,34247.84151066902,남성,지방,IT,고졸,관리직,0,53.35093985248109
32.949881442415915,39869.516368401135,9.118985237399754,16.662094251824097,52110.90293559873,남성,경기,제조,고졸,사무직,0,45.254496179334005
39.44230922342294,45169.063825511534,20.067770691708446,18.27927835745194,84182.50435186827,남성,지방,기타,nan,사무직,1,62.094107889811724
45.58326912521722,19554.18837980937,17.75762219308769,25.79291423700157,16976.643676875312,여성,지방,IT,대학원졸,관리직,0,53.500371197407496
40.760053914124114,22538.97639242412,11.662941735440043,23.120873047719655,36770.33984367141,여성,서울,IT,고졸,기술직,1,58.3614403825032
45.387559924463694,14012.328279584064,14.817264189960829,25.34346819431325,37875.2301421664,남성,지방,제조,대졸,기술직,0,49.892205515044466
30.793264069206337,39591.84424545754,15.252395269463886,12.259463998472063,61485.280891669325,남성,서울,IT,대졸,관리직,0,52.2264232665509
41.69360824036078,30721.205002861818,17.57325756432043,17.82607166641214,79841.85475945329,남성,지방,IT,대학원졸,관리직,0,60.84127542734435
25.8628550309502,58139.973495085134,11.544184920019763,7.005421969331028,114863.27427650115,남성,경기,IT,고졸,사무직,1,60.328351551582365
38.887739386513,14197.745472049215,17.276320351947277,17.359398536579487,13909.414572626289,여성,지방,서비스,대학원졸,사무직,0,40.7124991513967
30.960923585352102,18233.13916302267,12.356284087379194,12.761517990140248,35605.04715170696,여성,경기,서비스,대졸,사무직,0,50.78606942236825
32.64470057410233,24728.77838665498,9.99241278749416,17.01827668589869,43645.2632284948,남성,경기,제조,고졸,기술직,1,53.29385239275748
52.36093175210438,30431.84186106361,16.17240967794349,28.519979388024954,45544.396110480826,여성,경기,서비스,대학원졸,사무직,1,58.917234133972116
50.91310120594269,19774.84948494658,17.872275272367283,23.605481636848612,15801.60958059403,남성,지방,서비스,대학원졸,기술직,1,57.94057158550973
46.09138120907177,14235.860603807174,21.763726920592056,18.799939108237915,21948.446429223353,남성,경기,서비스,nan,사무직,1,57.62393486805054
29.07687235327421,34224.7301131574,10.40082420472936,14.48597223153325,23338.046779561835,남성,지방,제조,고졸,기술직,0,47.00961075241237
36.83591550305198,31589.10877895954,16.096759055242366,14.28754294965753,23594.62016105427,남성,경기,서비스,대학원졸,사무직,0,49.48955731654485
52.130976999791834,13930.87598695593,12.7705962686194,36.23323977029017,21450.642096503812,여성,지방,제조,대졸,기술직,0,48.255705153573565
41.417169136399046,43378.595212282606,16.350076131572095,17.65926035399586,54806.84683523372,남성,지방,기타,대학원졸,기술직,0,51.88876172092172
63.19329539981695,39541.23595564245,9.588531346306247,45.49535514357886,111263.53441863172,남성,서울,서비스,고졸,사무직,1,65.47623694974301
43.93317839394372,23556.29220361437,10.211690672904307,27.587027106647145,33903.735437136995,여성,경기,서비스,고졸,기타,0,50.29923519493917
41.92049116490031,22920.77380049795,11.672375530500549,24.082930483697183,54887.123372460905,여성,경기,서비스,고졸,사무직,0,51.85174148552428
36.908835357974986,29057.41227670485,14.236892137004254,18.211880683641176,53047.75859416953,여성,경기,IT,대졸,관리직,1,56.900728165801276
41.33540904782282,14316.22036768298,12.076756200384933,21.708727199309916,32357.724158869216,여성,경기,기타,대졸,기타,0,44.81293158032486
38.47530163619456,22359.705125263186,15.97716303174026,19.234327078084092,25720.144259112327,남성,지방,제조,대졸,기술직,0,53.809980257488036
47.0810867668859,7508.629421939342,17.080683854773742,27.93423683712867,21435.353190281807,여성,서울,서비스,대학원졸,기타,0,48.690331294428546
49.56702316794584,34140.09649353603,15.798732623736068,27.69000249027309,62313.22933369779,여성,지방,기타,대졸,사무직,1,62.35565919702617
32.140105394920504,10089.528560116974,18.856362918982605,9.783163316306537,26013.934179921605,여성,지방,서비스,대학원졸,기술직,1,50.31997264731201
26.68767046442222,46709.83000946326,15.24747988836603,3.3271964348056686,65982.97072462135,여성,경기,제조,대졸,기술직,0,48.48126603117819
21.637946268967035,18674.980260829696,10.3493098689795,7.439079482351367,14016.102543988998,남성,지방,제조,고졸,사무직,0,44.93561610735741
45.079913269125434,19814.445255332208,18.09012954061502,23.084336545629338,43280.27903177714,여성,서울,제조,대학원졸,기술직,1,61.42767269409973
28.966333938261265,16092.893354283362,12.184531293182008,12.508677205459014,8358.634660043967,남성,지방,기타,대졸,사무직,0,48.091860508003606
18.47109407047517,19072.076157964402,16.731255499056708,0.0,32198.09769498961,남성,경기,서비스,대학원졸,관리직,0,48.707551546706114
43.885786045309644,44768.75188974524,18.72120264966532,13.256085513160262,43963.12730573643,남성,지방,기타,대학원졸,기타,1,67.25994213795641
64.9299951743279,6349.273473585764,15.370064032191198,42.276476854832445,13133.083357515212,여성,지방,기타,대졸,사무직,1,55.035984359346855
39.939290884601064,41709.4371629304,9.51152356050605,23.17593528872581,122982.34771838647,남성,경기,IT,고졸,사무직,0,49.53202088537631
48.38490774451642,26082.287955581123,11.245363500470624,29.18303436792484,43322.86980295019,여성,지방,제조,고졸,기술직,0,48.86248279466866
40.81829358547565,12046.014966775532,17.968233400655407,17.094546193914375,30641.998066940476,남성,경기,제조,대학원졸,기술직,1,51.511300094688075
39.01110346808857,12866.00452245686,13.492631943071551,18.680544633974552,22765.88637559144,여성,서울,서비스,대졸,관리직,0,47.14324847361883
49.190764829877686,50929.4445464662,14.238720604826497,27.302820205521144,88596.86569330927,남성,지방,서비스,대졸,기술직,1,63.783239741287694
37.097254558113484,13728.737739216886,16.276473248490827,12.703181013127017,38798.21918025217,여성,서울,IT,대학원졸,사무직,0,49.65419982031037
42.673923140719026,12373.653144455022,16.08896858624097,19.1539285835076,33717.148997915065,여성,지방,서비스,대학원졸,관리직,0,49.45865821942029
43.216978061960134,38896.41131284556,14.836399437156382,24.62357704850361,95860.25091586485,남성,서울,기타,대졸,기타,1,55.29140631280112
33.31909546356951,26089.192788205466,13.373994886338602,12.623050467975922,32367.280051344285,남성,지방,서비스,대졸,기술직,1,52.863403060450594
49.92042349536523,13780.877361451274,13.061994662802928,29.828551419695753,25667.17402585183,여성,서울,IT,대졸,기술직,1,57.13904745282021
38.25040243304591,24546.20374601965,16.57369647587403,14.76331072712539,26012.66964023843,여성,경기,기타,대학원졸,사무직,1,58.56569422253569
32.442548405071555,13188.80520457713,15.66070859320338,11.459826839487013,21231.22974627581,여성,경기,제조,대졸,사무직,0,43.1291002801504
45.365098435704034,38193.12097581437,13.22809999814663,27.049497414614468,65330.58098449128,남성,경기,서비스,대졸,사무직,0,53.0413812170358
31.015320182089628,37447.134940844735,17.24633693897942,1.6796701646238823,96579.90948649855,여성,경기,제조,대학원졸,기술직,1,59.63417792189237
40.281811573691286,28738.79121463951,13.612897654610649,22.712184346735853,78746.32589099403,남성,경기,제조,대졸,기타,0,51.09069600997877
39.90881003355796,26392.377875841827,11.44501347699682,25.33653262504865,40553.21234210332,여성,경기,서비스,고졸,기술직,0,43.79620562875294
50.85895565831578,53135.156144169305,11.723087903289965,31.035494680302474,28919.39920561547,여성,경기,서비스,고졸,사무직,0,59.04744804658277
44.746982328799525,22023.011516164937,11.063777491070702,25.738608348259152,58458.643753109056,남성,경기,서비스,고졸,사무직,0,53.669315427041425
39.74973041254856,12198.434920529522,13.182769950188938,19.666453686803077,11414.0352546016,여성,경기,기타,대졸,사무직,0,50.989499939594786
48.17766299200287,27576.988568218712,17.701172835008578,22.964482118081087,56662.57380657631,여성,서울,제조,대학원졸,기술직,0,50.70710352279959
53.90207549017313,62506.35588841066,11.584714456908474,36.76521478115787,35155.27791768001,여성,지방,서비스,고졸,기술직,0,61.28655188214357
45.578103063518626,13261.498327633515,14.565427283054309,21.119625207746587,19875.88529768359,남성,경기,제조,대졸,사무직,1,54.33497167681362
40.103526198433805,18384.599632700145,12.029931963117761,19.837739019242566,54508.513336667034,남성,서울,서비스,대졸,기술직,0,49.38635729847346
26.881637676498404,27125.32355457076,13.219072876185688,10.74095920066253,20391.028051824236,여성,경기,서비스,대졸,사무직,0,46.18480173869989
29.348863369246274,21440.728121461227,9.469876364044243,12.022547070505995,33431.0882581038,남성,지방,기타,고졸,사무직,0,49.935410572280716
36.94775295645332,13478.461013509492,13.338385312530388,20.096224200128784,17089.00207909638,남성,서울,서비스,대졸,사무직,0,49.507930621471026
33.90487797840717,38596.96510407973,13.418883860585114,15.196670509002333,106632.6193383745,여성,지방,제조,대졸,사무직,1,57.11899042685308
38.13028697014554,70264.38683331091,15.620863832107085,12.890887708861941,187841.3174959421,남성,경기,서비스,대졸,사무직,0,55.428563283592844
40.56649924897107,24295.968968837424,14.669842739766112,21.167314899637372,26585.78874524686,여성,서울,제조,대졸,사무직,0,51.94589886225957
45.29692754356731,14016.154764907333,10.404823625143864,28.65676931403774,9852.928853251624,남성,지방,서비스,고졸,관리직,0,47.21163144129618
39.29501221940909,10152.951572052223,17.25259473213063,15.131483374778979,20994.740145718933,남성,경기,IT,대학원졸,관리직,0,57.18562393228759
44.86501643826202,25058.99166002978,14.630909120665986,24.72402150394004,33602.147694486994,여성,경기,제조,대졸,기술직,1,53.221725120278236
40.6447441481012,38251.52361977633,14.59518055153246,20.99883056770233,83396.39166426516,여성,지방,서비스,대졸,기타,0,53.99958361184563
20.245334336461287,27933.553321647385,13.972452939844583,1.688065040565943,16209.823957820197,여성,지방,IT,대졸,사무직,0,49.96243638768841
30.606646061812455,22000.00763840395,12.44672765833334,14.516424098575119,18336.964301357002,여성,지방,서비스,대졸,기타,0,51.42396059410718
38.55912444278385,16405.372868727318,14.653407019246178,18.72198924909438,36353.16744780394,여성,지방,제조,대졸,사무직,1,58.89049680314868
27.903052571588923,12758.055865350965,15.426765307785747,3.725019086230452,13152.61964395163,남성,지방,기타,대졸,기술직,1,52.49811924239802
45.99928729996205,33435.57270213207,8.759312925963336,30.29268345869633,88402.62405458164,남성,지방,서비스,고졸,기술직,0,53.674710303439
55.30750832343698,34783.06156718742,12.383717487961713,42.80988750601251,22486.45691983822,남성,서울,IT,대졸,사무직,1,69.39137073656714
52.18761851697317,10169.365590902513,13.235159088789231,34.40144154894739,10562.970448448932,여성,지방,서비스,대졸,기타,1,56.33594243572564
37.86557129069792,48772.382003805615,14.768511817082835,21.83563407523808,146141.59573422486,남성,지방,서비스,대졸,사무직,1,55.87755522620975
54.90726136849952,29349.641497538283,17.57993301778138,34.11819651511651,46451.39162895283,남성,서울,서비스,대학원졸,사무직,0,58.28098838206151
41.486674572021116,44346.86611066954,11.684777556209653,24.28550115892296,100109.24345936548,남성,경기,서비스,고졸,사무직,0,49.17536128212585
36.629140288819606,11259.14679528455,12.506114459546474,18.725839968835366,10771.148600530652,남성,서울,제조,대졸,사무직,1,55.08080213775887
33.8659733645906,11126.533300397135,12.46239766806035,15.330415616776563,22527.578621917724,남성,지방,서비스,대졸,사무직,0,50.65770348332369
36.975303135118715,20445.443913152703,11.595417229686376,15.90427667373934,47336.62419619327,여성,경기,기타,고졸,사무직,0,48.05812896401969
36.118231814587716,28321.944677688618,12.958440514663213,17.195885804860954,36427.44704743666,남성,지방,IT,대졸,사무직,0,47.328439731155974
41.70416222375488,54077.87473813896,16.312406659963912,21.81310466887536,139101.42284966112,여성,서울,제조,대학원졸,기타,0,58.785175210340874
41.60573981049865,31352.191781651483,10.838493513906963,23.56796630694928,62972.25500253265,여성,지방,IT,고졸,사무직,0,46.48602767738917
40.03046020153415,19509.54987002062,15.28344318545871,19.570923014199057,28733.811839152673,남성,서울,기타,대졸,사무직,0,48.053754274176676
44.369381697463496,13184.740223510065,8.894293309944993,31.1782704793049,24973.29534636994,여성,지방,IT,고졸,기술직,0,48.69191998964791
51.906462747863415,40741.40948900101,12.315986010673383,31.77111585856508,79115.82940102607,남성,지방,제조,대졸,기타,0,56.7827674653877
49.495541354413234,13597.582344364126,13.011532099346041,29.581403526379862,12425.990605440214,여성,지방,기타,대졸,사무직,0,52.60340272730984
25.151020315500965,49723.5666311013,19.024579018742195,0.0,74925.00788450422,여성,지방,서비스,대학원졸,사무직,1,57.07753229744843
14.46078865098045,19106.954834110347,13.175593085741935,0.0,25958.259251906205,여성,지방,서비스,대졸,기타,0,50.91954049899761
49.34319911239274,48790.506613548445,7.396269579647245,33.37171896543937,73295.8706502403,여성,서울,서비스,고졸,사무직,0,53.50790275765804
26.33121301584579,30929.49829938067,8.00333327941625,10.526982813673488,74316.67078017884,남성,경기,기타,고졸,기술직,0,50.106444792709304
37.75234598107316,20568.216095393258,14.102088759040043,20.489168583628796,35096.493645450246,남성,지방,기타,대졸,사무직,0,53.42577626474897
28.298869739406406,16988.668026376534,15.841312567369727,4.626603113856095,48431.13143124143,여성,경기,기타,대졸,기타,0,44.19407193697839
21.9801956241998,18574.520617775113,15.126367572881758,1.1067464894394232,22924.506796088855,남성,서울,제조,대졸,기타,1,53.397424963049524
45.41462728204788,27286.799957156247,14.50271031740297,23.906179457302997,42001.450933915374,남성,경기,기타,대졸,기타,1,65.25925868813869
47.59155160302647,22892.811869558518,17.486778792517,26.462504684583344,56485.54146419054,남성,경기,제조,대학원졸,사무직,1,58.98968005676908
34.2348959927328,16368.176902604704,12.381226337788606,18.47599424815143,30527.65629291943,여성,경기,서비스,대졸,기술직,0,45.775800623265205
14.089577078550903,20275.81944807146,16.684731668080474,0.0,37866.51954882398,남성,지방,서비스,대학원졸,사무직,0,49.06688888255617
34.53755551747517,22909.077648497016,9.103955344920749,20.04586927875993,14509.473664421601,여성,경기,서비스,고졸,기타,0,45.892880851812045
43.91804005402547,7597.943919711043,11.285156501185801,26.170764479157867,11370.316669231932,남성,서울,IT,고졸,기타,0,47.83584067476787
25.210884312258713,27697.12946531025,8.578875815204551,8.248259088671663,32594.932826433593,남성,서울,서비스,고졸,기술직,0,46.06686149820015
41.83359919779156,13495.875343635224,13.175464097990623,26.545192862045326,40465.19328243043,여성,지방,기타,대졸,관리직,0,53.747522922687054
39.846901508270044,12373.765172245088,13.861216348200973,18.466339124563966,15725.665670310682,남성,지방,서비스,대졸,사무직,1,54.31279902613194
45.792914996010886,9474.202205369846,14.34230447667956,26.77790321339701,25686.84865414994,여성,지방,서비스,대졸,기술직,1,50.883340327680706
41.19580368414153,8982.681736482504,14.185650058661405,23.12928477072692,19677.321921594863,남성,경기,기타,대졸,기술직,1,49.895939438928124
30.269310591184443,11184.411399489847,11.217340007564816,11.94140958980897,15124.579132847828,남성,지방,제조,고졸,사무직,0,52.760183048063304
51.965715016644914,15451.935061539367,13.429277466760354,34.61246260451649,28722.6123266475,남성,지방,IT,대졸,사무직,1,59.36368328571171
38.4147042697303,58491.0815091789,9.507659994182754,24.435470682225258,152155.1724183337,여성,지방,IT,고졸,사무직,0,53.728986037938114
39.72695460490068,16933.68584080904,18.08968692539675,19.09319535026746,45863.546021868606,여성,지방,서비스,대학원졸,기타,0,49.47144457563968
30.66732040926804,24073.69556679935,13.089121781305996,10.639505695108623,21690.031077592696,여성,경기,IT,대졸,기타,0,50.530158005454204
35.567177488084894,26909.66226903119,12.533341642868926,14.462107810656539,36299.3274983803,남성,경기,제조,대졸,기타,0,54.77015044636085
31.15197285973099,23518.26407862692,18.76682098533225,5.374172363509718,31468.80023316326,여성,서울,기타,대학원졸,관리직,0,49.7864626196512
38.27053940076577,21189.864773790483,10.273260399352313,22.41498608648212,12822.241245122403,남성,경기,제조,고졸,기술직,0,50.80933359074916
57.11708480142343,12116.859612873879,10.623238657904093,40.61027159768945,24180.33718455091,여성,지방,서비스,고졸,사무직,1,53.26363212829462
26.280988570686436,45499.825698959496,10.711339025394304,8.782773752743031,119985.32138727943,여성,지방,제조,고졸,기타,0,54.48990737172977
23.86438602123259,54371.65894529437,13.796385854901555,0.24960524837654985,79052.91066541855,여성,지방,서비스,대졸,기술직,1,55.61030522166813
54.711703274936085,9496.424638794497,15.294894888912792,34.357774378281505,22317.451273250514,남성,경기,IT,대졸,관리직,0,54.023887839812154
37.90676322848134,13200.179468187003,16.2190264043535,19.632425782292238,27314.485013555943,여성,서울,기타,대학원졸,관리직,0,49.685244757290555
33.309272613400836,19150.705387972936,21.715985952484907,6.521789137161936,27560.198350964045,남성,서울,IT,nan,기타,1,58.65968237350364
50.39904687396076,13598.722079205863,7.251702637397709,38.365615274670084,11594.943564213563,여성,경기,서비스,고졸,사무직,0,47.75411775609532
33.94384460263136,28367.028367646828,15.82620676737325,13.262528447568311,64487.038817684435,남성,경기,기타,대졸,사무직,0,44.52077064026344
58.260097135469366,15303.91410924377,12.328608282283307,40.72558219295086,40347.43692019222,남성,지방,서비스,대졸,관리직,1,60.09586857611929
46.77925871339269,65025.0613567378,12.24075455333368,30.401836093795204,144006.85680387207,남성,서울,IT,대졸,기타,1,62.591421885983316
35.120885918542974,39945.619561966945,12.140683615238366,17.77094966567594,21758.227584982327,남성,지방,IT,대졸,관리직,0,54.13556919651409
61.57308213265503,24496.536405039988,11.27369098757608,43.674036805772396,25490.660626060206,남성,경기,서비스,고졸,기술직,1,60.91006514128432
33.94285076996662,36808.833336095704,19.053574503810356,7.297298446138754,24798.10962747879,여성,지방,기타,대학원졸,사무직,0,50.64693790709272
47.42095372009307,38290.236162241345,16.526891981041707,24.39611442849001,73745.66422220426,여성,경기,제조,대학원졸,관리직,0,55.39745787743437
42.99292580406492,16614.41973428488,14.069587935672125,23.551596861294126,39728.30405682285,여성,서울,IT,대졸,관리직,1,52.784084155906925
53.01741289398798,14645.543610040839,18.053047257461003,28.332199714281032,11371.502571462708,여성,지방,IT,대학원졸,기술직,0,56.590196960336726
55.615111967268525,22904.10729877755,9.462413104103373,40.78137622942802,59455.50213812432,남성,지방,기타,고졸,사무직,1,53.78582769406317
40.320041490657665,33888.061467731335,10.007884606007222,25.190457152051277,64006.8367482226,여성,경기,기타,고졸,기타,0,53.61196882759032
32.46582129653817,23612.469009014163,7.466096803415937,20.666083355662593,52535.91429544857,남성,경기,서비스,고졸,기술직,0,49.32048679591435
44.59972142939117,10011.620615992773,11.901756379630138,29.26355498743899,29319.07724285592,여성,서울,IT,고졸,관리직,0,47.882698140136796
33.22284630247894,14743.945132885096,14.485095580114258,12.893765559322398,10456.442314916676,남성,지방,서비스,대졸,사무직,1,56.07805009527243
60.13387247526623,21226.667438312397,14.308575733797003,37.209743611173906,58438.29027707506,남성,지방,서비스,대졸,사무직,1,63.11052933837745
41.36535331082737,21208.709416670154,14.448025733179641,20.227119384009352,17290.543297974233,남성,서울,기타,대졸,기타,1,54.802780923148674
36.34678448687891,59057.75181149932,9.766829506801756,20.668080114890355,87547.03509197998,남성,경기,기타,고졸,사무직,0,45.74567635672062
41.84680305864909,11014.92035703602,16.409464227842065,15.76580131845284,28953.783750982515,남성,지방,기타,대학원졸,기술직,0,51.87221792881274
26.528737104703033,28361.691448549056,14.718882554716993,8.587183590191005,78438.10331502391,남성,경기,제조,대졸,기술직,0,47.64378892708605
30.283859614893487,46376.890017061065,16.199162844397996,8.369452595516423,81898.30353792643,여성,지방,기타,대학원졸,관리직,0,55.005892454429556
52.00413907944426,68577.84982401563,8.321713467229845,38.445131281374984,136144.97157051592,여성,경기,기타,고졸,사무직,0,54.994792954414265
33.43105721028604,17994.137482439815,14.93447257639337,15.227637558945204,40853.31998269427,남성,경기,서비스,대졸,사무직,0,47.96821636800294
29.5308901731806,28161.602802653706,10.436704280247419,11.833900232648489,72710.34852990716,남성,경기,서비스,고졸,기타,0,53.80497030238807
45.36652752527286,29286.4484741298,12.808030242345914,27.706581144695004,23539.800751305174,여성,경기,IT,대졸,기술직,1,60.36230650605387
51.85704154662997,24288.077371521573,15.60309469590915,30.03421860451695,61331.60377217688,남성,서울,IT,대졸,사무직,0,47.05367589818563
47.18953310665067,20964.323675302265,14.27328081876774,26.548078553851095,35706.23432897369,여성,지방,기타,대졸,사무직,1,56.07885396499595
49.960476858058165,27391.490946558126,11.445380060662043,30.970712021787367,44553.86414617262,남성,지방,서비스,고졸,기타,0,49.69192836491064
32.43204911430539,6209.7564638684225,14.018819468553255,15.744436073125193,9685.663794423164,여성,지방,IT,대졸,사무직,0,44.08637801757444
25.78189333258156,30978.06787050598,9.40539405426907,9.625499198161348,54925.01155575261,여성,지방,IT,고졸,기술직,0,47.364999319461596
55.01333651955487,23460.864038878743,17.45080218769489,32.96146282565138,67159.68837708415,여성,서울,서비스,대학원졸,기술직,1,63.733032696590854
36.77320161157864,19707.657634553543,13.384147941511246,13.639038895123525,36863.359487672526,여성,서울,기타,대졸,기타,0,50.63956575846548
37.49166983544953,61293.623656497046,17.355649832765977,16.495997062063125,176706.07509856645,남성,지방,서비스,대학원졸,관리직,0,58.95302437643905
53.281941418490575,15717.546686506294,12.42040493871187,36.96595879169283,14943.069705922268,남성,경기,서비스,대졸,기술직,1,60.770790656457585
45.5623000940066,18006.030444553664,12.42927203478025,27.327896279820955,41600.05142441948,여성,경기,제조,대졸,사무직,1,57.5352131569149
44.55887772081608,59621.805551687015,11.707439640086461,26.397553148453767,150878.87235665027,여성,서울,서비스,고졸,기타,0,55.168807998502196
61.65002344901084,14529.979527400532,16.628521795079227,39.82150166515874,31934.30980310775,남성,서울,IT,대학원졸,기술직,1,69.28309377347686
33.564817696198574,16729.725037195483,11.871706528014572,20.270692489944583,33748.969686442055,여성,경기,기타,고졸,기타,0,46.64186154356223
49.278401280812375,20465.325382949613,15.933786297245529,23.81814158575987,39130.35605491833,남성,지방,서비스,대졸,기술직,1,58.8095766896508
40.570131248970846,33535.74758835774,12.85264280699213,23.28154321712697,88947.74218138431,남성,지방,서비스,대졸,관리직,1,51.879059583292545
42.68592278863257,24438.16316818775,8.07211010032514,26.79057808399962,62417.91560432458,여성,지방,제조,고졸,사무직,0,52.0438849041747
55.28468426412532,11541.30162801648,12.289057796640602,36.95578967488525,9299.078356132506,남성,지방,IT,대졸,관리직,1,59.40968262193184
45.07835756289624,16880.522448920325,10.462675356911456,28.119921967827455,44251.76871042626,남성,지방,기타,고졸,사무직,0,59.362216665805335
45.38296079049633,16257.714009457992,14.101708171047013,24.4246161038538,24958.379992613525,남성,경기,IT,대졸,사무직,1,57.13725408027191
50.72507337309802,21192.22138204016,10.42877679297653,34.27536632201603,24037.109154002654,남성,서울,IT,고졸,사무직,0,55.197433760145394
36.350472704571146,27253.080220415235,16.77792530214385,11.304205111871717,72886.22150340563,여성,지방,IT,대학원졸,사무직,0,54.371782900736044
31.607903326609936,27149.20051437015,13.726772418940918,13.939491779924952,42897.420038277676,여성,서울,제조,대졸,사무직,1,51.844109994327155
29.551908059789664,9063.350318193552,13.467212015723783,6.496409021668678,22847.906088922984,남성,경기,IT,대졸,사무직,0,48.53719941298768
20.33643410623998,37495.28586465466,15.967676413362748,0.0,43438.62725249472,남성,서울,IT,대졸,기타,0,52.54026623236301
60.56207129940322,24991.334480870923,16.89172080222759,37.01727879210649,12741.164705299203,남성,경기,IT,대학원졸,사무직,1,64.97460158487549
28.96791634278317,44014.131148159846,13.939703744691045,6.686362810477218,76525.08031155898,남성,경기,기타,대졸,관리직,0,54.68676179445146
37.78746376414228,27504.3420424953,11.686399101352128,20.505831403987543,20643.951653819877,여성,서울,IT,고졸,사무직,0,49.02499911663896
37.23186700111079,38202.7002346677,8.678091151663612,19.439873676034225,91149.3463502317,여성,경기,IT,고졸,기술직,1,56.086369072550674
43.07406697809101,27813.38491928557,11.94185072889446,25.211643892635824,33103.152524999416,남성,지방,기타,고졸,기술직,0,56.567759415331
48.15737212539297,43179.14392321294,12.148363260056115,27.163255049713744,69480.17002560265,남성,경기,기타,대졸,기타,1,57.79219828995006
48.60473488359745,28598.951005585106,14.32117235897689,29.206106693256228,20522.147162529458,여성,지방,IT,대졸,기타,0,54.28595884001759
34.16922561431062,20974.07387861626,12.96455935658592,13.355951590463949,25518.067576611356,여성,서울,제조,대졸,기술직,0,56.40423494718591
38.32878286213589,68611.63187659341,16.063798916154283,15.362995911922987,168354.11815231317,여성,서울,서비스,대학원졸,관리직,0,56.73528795835071
42.825799504882994,34355.53984753818,12.161050186187932,25.252648094581385,30197.4812931822,여성,경기,IT,대졸,사무직,0,51.576514036763086
37.51308873816453,29344.846159527504,13.828876499441174,16.13912801503888,62149.41748460851,남성,경기,제조,대졸,기술직,0,54.1403354486663
56.07345576019993,11635.869353072183,17.55196232959067,32.40556543127265,32505.55308744611,남성,지방,제조,대학원졸,사무직,0,54.39655920498976
44.90974951638251,11566.24465298159,15.0254756418649,20.856612872027902,25441.018045110948,여성,지방,제조,대졸,사무직,0,45.611904046021756
47.348777860498174,25498.062326695355,13.819887374934307,28.790641692756175,64447.73511803507,여성,지방,IT,대졸,사무직,0,58.36668796728781
46.628812686674124,23688.870054962652,12.194166674194468,31.964473623581195,18297.97194312638,남성,지방,서비스,대졸,관리직,1,54.691274988721545
51.73473857485325,16202.78981985234,12.100305809855069,39.21885050081811,18257.78260457386,남성,경기,서비스,대졸,기술직,0,60.83438739662501
41.81021558703707,23635.175055135693,11.448160241144157,24.54439163922579,64674.04344338417,남성,서울,제조,고졸,관리직,0,50.49592834033299
27.031680520441533,48742.833672077926,12.376979402651301,10.231109399384605,111512.10179242832,여성,경기,IT,대졸,기술직,0,57.22292559845191
43.996879517526416,31185.27281739433,16.266997516232944,18.168630655478495,65454.2878011594,남성,서울,서비스,대학원졸,사무직,0,51.2555997942399
33.48643106208171,12450.247050674318,13.334335186123194,17.157564528569687,26885.27314717444,남성,경기,서비스,대졸,관리직,1,56.343857722949195
34.713833182502434,20832.000862866284,9.950680791856307,20.31560940009434,31987.5661931182,여성,서울,IT,고졸,기타,0,50.978911715486205
45.863640187550935,14728.162548837352,19.30450787917935,19.591265418469117,9004.674557152333,남성,경기,IT,대학원졸,기타,0,58.0427589881032
52.38283071433636,18144.994958386116,14.959895573435489,33.89729674147889,44656.71704424807,남성,서울,서비스,대졸,기술직,0,58.86317845752071
40.21271576736061,17911.391161882402,9.779169798460492,23.924593815609438,39347.44123244193,남성,서울,IT,고졸,관리직,0,49.64411251813399
43.088330125989636,17347.040747050858,12.67445321827753,23.497826541682997,29177.91613440288,남성,지방,서비스,대졸,관리직,0,47.144675366353205
57.02214944635238,11759.683572770791,14.332659148485254,37.64016014872211,32332.062707107052,남성,지방,IT,대졸,사무직,1,61.1158498932394
42.407531794885685,20664.50264686276,19.113776279892132,15.167046515332915,27698.682040564065,여성,지방,서비스,대학원졸,사무직,0,53.9210221591442
66.01683114180395,16642.187758033135,10.675662625223392,51.38441804538045,20566.488200936652,여성,지방,제조,고졸,사무직,0,55.51387758843352
45.65509645631544,5091.234706092498,16.92812215806784,20.614994674393913,13654.64470703237,남성,서울,IT,대학원졸,사무직,1,57.789537283229656
22.392372408441823,61481.15673238515,18.198459280917028,0.0,153239.8856562257,남성,경기,IT,대학원졸,기술직,0,55.40540235657867
47.53341621104533,37963.666140659356,12.114037084776289,27.599999549452367,67858.13707191401,여성,서울,제조,대졸,기타,0,51.44631193913584
43.81158384882778,18248.709378753138,13.1674591434193,26.163124780440725,15088.705354559856,남성,지방,제조,대졸,기술직,0,52.94752780843716
52.897527540827454,22234.702540503284,10.89107225787869,34.77290455990935,23072.476752686092,남성,지방,기타,고졸,관리직,0,53.11859597457254
46.73181351269958,12260.927097645115,13.389616576759085,24.646205367206154,26245.3724234139,여성,서울,IT,대졸,관리직,1,55.18128693314868
38.615440160162265,51424.06018504922,13.890230076971207,17.51385008331946,75212.98956360255,남성,경기,서비스,대졸,사무직,0,56.08463427986866
27.757017637106344,56876.88777703518,15.978949994247111,5.713982901498259,147378.4235157273,남성,지방,IT,대졸,사무직,0,51.62048688405922
37.90976742713975,23821.572677231237,17.27055041306134,12.277272046749637,68484.34207588306,남성,경기,제조,대학원졸,기술직,0,51.33851528952373
31.494795457907,36745.28959325204,11.755711806135059,11.435721433703256,92381.05011223607,남성,지방,서비스,고졸,관리직,0,50.346343052026675
34.19476550195277,24044.063122986223,8.098024807322016,24.319333362829926,34716.34651724239,남성,경기,제조,고졸,기타,0,52.22017740123469
45.8857840442061,11289.60060545756,13.936265662171273,24.22838757440705,27904.68727514689,남성,서울,서비스,대졸,사무직,0,52.46317841089737
56.69904504351406,17927.44961951904,14.880612589905923,35.17234771606213,24714.85704812237,남성,지방,제조,대졸,기타,0,57.9717149054794
43.94671529822981,23528.41181776778,14.748253063055126,22.463988233576117,21593.205108221326,여성,지방,서비스,대졸,사무직,0,51.267640985902695
28.041169379648156,17548.5418615143,13.019980257472868,8.178475506634404,10239.276064453703,남성,지방,서비스,대졸,관리직,0,47.668176174118464
44.446026682201406,19745.351218530068,14.374256298991803,25.314463863147807,28912.95552007308,남성,경기,서비스,대졸,기술직,0,52.55602447810485
51.966314866456514,21042.515574816505,18.54633442505674,29.316266342343873,58054.159589459276,여성,경기,제조,대학원졸,사무직,1,61.93391890511988
33.90217095680618,21153.502023339697,15.145202506887529,12.145059586855467,23215.259180771733,여성,지방,서비스,대졸,사무직,0,48.69189647127092
38.65982833327082,22609.58578806797,12.879894724990747,17.30697703509538,22977.735691147434,남성,경기,IT,대졸,사무직,0,55.970315409314146
40.14688194729197,12960.965515728338,12.499406548712013,24.196355854277765,37905.01714272842,남성,경기,서비스,대졸,사무직,0,48.40783382029236
32.151016869177596,15390.287774192298,13.490442926966807,12.469891759817424,8657.195117868629,남성,지방,IT,대졸,관리직,0,44.61576936051167
46.48280433843859,11587.79730749858,18.91021988549192,25.033228082661008,28557.60937028227,여성,경기,서비스,대학원졸,사무직,1,66.06020384134435
38.79051851392219,35914.90878801858,13.450097871421407,14.849248847370456,46812.38601311661,남성,경기,서비스,대졸,기술직,0,51.34389882490328
44.195324439070276,7686.15954729844,13.940616966437876,24.64551391519904,4563.42581765533,남성,지방,IT,대졸,사무직,0,54.704768212699754
31.125078221979,39214.23790355395,12.553059287191092,16.40923160254032,109584.43685243884,남성,지방,기타,대졸,관리직,0,55.13233557461707
35.62541699676589,44054.14385801324,17.296950072325895,11.621938653563681,37406.63018830958,남성,경기,제조,대학원졸,관리직,0,56.956511286142344
47.22381357827771,18937.695895379446,19.879511764234024,20.893314967374415,35592.4186391085,남성,경기,제조,대학원졸,관리직,0,55.16766021066234
36.27166847908233,5993.503766551503,15.351839148294165,15.510852713968843,7103.114194446455,남성,지방,IT,대졸,기술직,0,49.53212405727975
57.269638512334055,18385.998797420594,14.248318711356276,35.903728163207866,12189.586355130818,여성,지방,기타,대졸,사무직,1,56.531776194425774
36.003638143853976,21330.812856785884,14.110348499522704,15.269145780225806,13327.624425970731,여성,지방,기타,대졸,기타,0,55.57071692726689
42.24684725751886,13289.119411557434,6.847079633642763,28.72413743549329,10483.676629882433,남성,경기,서비스,고졸,사무직,0,44.882223739400374
49.325908318730896,17024.19426119788,16.23545259285445,25.8356142570237,11549.511901334974,남성,경기,서비스,대학원졸,사무직,0,53.630353847943795
25.816342670669684,47339.371156834226,14.40249924798753,7.871556523083273,113680.54287076718,남성,지방,IT,대졸,사무직,0,52.783154605351314
22.39191188019224,30713.684429560308,15.285026151982175,2.029041792802935,52640.65998126337,남성,지방,IT,대졸,관리직,0,50.65683127826223
24.743436854299052,13873.251918351656,11.865613417748886,7.3790799007567704,18829.19686941294,여성,지방,IT,고졸,관리직,1,49.42054816932712
52.62584103427182,9909.01685664413,12.846629363068725,35.39635368498333,15318.569885306795,여성,서울,기타,대졸,관리직,0,56.41243251582299
34.481418541075534,18703.974889583824,12.76692519049048,15.185781684178117,52789.47848456994,남성,경기,IT,대졸,기술직,0,53.319989441621864
65.58199285668252,19796.721265611788,17.064868952219115,40.9687162677576,54973.1100801253,남성,경기,서비스,대학원졸,사무직,1,66.93581833628951
34.357524013426115,28228.84463845853,12.86372049019072,14.288554914006278,64621.222741176956,남성,지방,서비스,대졸,기타,0,49.288222968258886
41.84551303197037,16853.972146830783,20.247980966329393,15.601098147850195,45703.0164430583,여성,지방,IT,nan,기술직,0,57.502496254632796
55.421099525678756,28445.628940016966,15.292587257045112,32.010088851887836,36954.28743042318,여성,경기,서비스,대졸,기술직,1,60.04757032865154
60.06092888159123,57963.977560070634,10.172952020012804,42.88745482840507,84208.5198317297,여성,서울,서비스,고졸,기술직,1,68.49354166757155
60.615035766363974,33115.29407254128,13.61436112024413,39.96844136237698,67365.79548127987,여성,경기,제조,대졸,사무직,1,63.389741116521854
52.083662305931426,21503.172176698878,12.044974633530753,38.2878001320587,44276.42638482447,남성,서울,제조,대졸,사무직,0,58.83814424459403
50.240625258114626,20098.98840102321,7.416852590539927,31.276142787706867,34253.69284297361,여성,지방,서비스,고졸,기술직,0,49.64806097412502
45.92526949201183,18428.680132060934,18.79841282034137,20.767617228859194,27673.328394187443,여성,지방,기타,대학원졸,사무직,0,54.03683542647401
47.78361076166638,39748.22465135512,16.10942762666001,29.12557072063591,117871.40375709209,남성,경기,서비스,대학원졸,사무직,1,65.32597080016275
34.488142836714665,16096.276919976199,15.599621953697937,13.132209811281635,41090.72163880283,남성,경기,서비스,대졸,기타,0,56.71527498535382
31.81801116577693,22530.187474570488,14.496210980899113,12.828635131720002,35765.55725264381,여성,지방,서비스,대졸,기술직,0,53.832186776001684
39.96625542589048,22597.599231895983,9.853947293922687,24.31196076216733,52386.45942852949,여성,경기,제조,고졸,기술직,0,51.473304853237906
38.298153774750716,17138.932407373577,12.54914858133369,18.414338430984067,20119.465304364472,여성,서울,기타,대졸,관리직,0,51.30806277449094
35.46771950672725,11089.646741589551,16.52534232435204,8.458545313357384,8321.92947658234,여성,지방,기타,대학원졸,기타,0,46.890500591939485
46.963874474567156,25886.768587625724,10.846339910652492,30.528445937987264,35751.635297771376,여성,지방,제조,고졸,사무직,0,52.4872827249205
49.553052085705104,21364.757850337966,6.404692051247559,35.597146825252764,32205.91966244138,여성,지방,IT,고졸,기타,0,48.16522064265683
40.884068862918475,28285.94266823503,13.318681976657222,19.964716073930642,15312.391727169004,남성,서울,서비스,대졸,기술직,0,54.14372035902724
54.77530081055262,16868.442485728392,13.574727337917384,34.202598960677015,42794.90128643076,여성,서울,기타,대졸,사무직,0,56.05651179959807
28.58310885866495,40554.84965892244,14.406690249244127,11.66614142266781,56695.01091038644,남성,서울,서비스,대졸,사무직,0,46.2722846572488
38.06340540720282,14208.747987943912,16.185555930543607,20.68752456116716,27721.912606958856,남성,서울,서비스,대학원졸,기술직,0,51.981419582324705
32.831776793971954,51845.32999533415,15.912817436693626,11.35337523233513,35509.2796265906,남성,지방,IT,대졸,관리직,1,60.88654618979251
21.3346338292694,9192.854211410919,14.776309415731765,0.0,8618.227941113862,여성,서울,기타,대졸,사무직,0,45.25696277636874
39.17319314157301,27374.988096247816,17.586594164260127,13.23214614241046,74575.88189849473,여성,지방,제조,대학원졸,기술직,1,58.647173415659736
38.78252491616716,27937.225931881963,9.443090657560056,24.276514581699246,56481.21543689224,여성,경기,IT,고졸,관리직,0,46.21358002750475
55.13449743242131,14797.617484694956,15.513745443432171,37.18656318911943,42553.65843292127,남성,경기,제조,대졸,기술직,1,58.43860884260619
46.30811684554777,27233.332700172545,15.879615090010827,23.933820981486633,81614.89627730503,남성,지방,기타,대졸,기타,1,62.888182329829945
29.75813175670795,41762.719179156884,10.28131314175928,8.718826533442222,59706.08351604072,남성,서울,제조,고졸,기타,0,50.193182801755846
58.54092566334188,7270.574423904834,9.491388173952831,44.3896368330201,9066.46200072305,남성,경기,기타,고졸,기술직,1,58.02834547551621
52.21033695525353,28321.383633956193,11.762173620573197,36.41896275758043,74935.2696487032,여성,경기,서비스,고졸,기타,0,52.33521100995537
45.82097703468616,6331.956745204996,12.015375672454125,24.633910081460336,18973.889275773985,남성,서울,서비스,대졸,사무직,0,49.253083863433865
37.73515901150168,13591.061299395158,16.260258390507293,15.827868988320292,28189.26217739796,여성,경기,기타,대학원졸,사무직,0,42.75868717133521
30.405607632765204,49740.918462209396,12.156383648926715,13.151676016110688,123748.03384217445,여성,경기,기타,대졸,사무직,0,52.70411756507109
36.27793223928947,16466.923034837615,11.430954445156388,18.700763190115204,40415.8337422042,남성,지방,IT,고졸,기술직,0,55.32806661790322
50.88748619704186,12247.29062199314,12.165098789916323,31.14084556895483,17003.51700124416,여성,지방,제조,대졸,기술직,1,52.84610634157531
58.84586305934609,19950.931949900532,17.355897002462633,37.52184050401057,38618.53916833189,남성,경기,서비스,대학원졸,기술직,0,55.90008760159629
55.43243528272189,61941.964492603176,14.039130123130857,34.586545667653674,159973.94093656293,남성,서울,서비스,대졸,사무직,1,66.40363673566254
35.11150578213726,8814.548521057744,13.462246923929264,12.678886532808129,19570.807136319367,여성,지방,서비스,대졸,사무직,0,50.762453528844
28.803825667109887,13021.342801238634,13.669983503896846,5.034893191873679,7199.624592723736,여성,서울,IT,대졸,기타,0,48.26958564037971
41.40886246911204,46570.18654178921,17.876181002979568,20.05438050613109,62486.207796484734,남성,지방,제조,대학원졸,기타,1,57.41600811926737
22.315606344371485,55762.18172709071,11.752484820190276,5.796449477123446,48021.79098518637,남성,지방,IT,고졸,관리직,0,50.557379251066365
43.23167714184781,20916.307311567238,17.946524872820312,19.461099363285836,22640.44961298332,남성,서울,IT,대학원졸,관리직,1,58.00831892296671
38.52397413701331,11854.628354387218,14.63148889676451,17.011935966547195,32762.917263363448,남성,지방,제조,대졸,기술직,0,47.641832054706676
35.33963498131758,62813.27722589564,13.518741854073957,14.762896298837369,37200.109573265676,여성,지방,IT,대졸,사무직,0,52.6915196557643
24.052969327332043,48884.7710200103,21.502701493802846,0.0,51304.65419573986,여성,지방,IT,nan,기술직,0,51.75783575303786
45.136001065697165,30929.741061371813,10.833081530604211,27.440008245973186,39402.12029384866,남성,경기,IT,고졸,관리직,0,51.40885817664646
34.672991603380886,14673.505879819832,12.938942721298982,11.493874451841556,29966.38308282515,여성,경기,제조,대졸,기술직,0,47.69817089249737
28.30083164289712,21493.05910311683,10.302706282508,10.525998053452088,39445.227531783654,남성,지방,IT,고졸,사무직,0,49.149272374350254
11.277377867183507,20329.33019558018,16.85738591160851,0.0,21257.84606915262,남성,경기,서비스,대학원졸,기타,0,44.27593242871056
39.724850949493636,25988.922078585583,19.067566800955035,15.877044242919439,23665.581784708535,여성,지방,서비스,대학원졸,기타,0,54.58753300391965
57.72251596669744,45501.506717708166,19.009768344213917,32.6328946957368,49687.42176364256,여성,서울,IT,대학원졸,사무직,1,66.2832733405517
56.6125921454787,34190.68510387381,17.671846259438013,34.530592113791805,60049.92310674581,여성,서울,IT,대학원졸,기술직,1,67.8220939061904
35.429037434137285,12852.735685881687,13.407138596612103,18.72016904775204,15139.808852012748,남성,지방,제조,대졸,기타,1,56.14277273638918
33.97787939638219,43837.64600372567,12.90427706753046,17.189942516499936,125770.48054617335,여성,지방,IT,대졸,사무직,0,50.476408436670454
44.68774256075024,25759.68804283524,8.986490682517804,30.642271572989547,42752.40251623713,남성,지방,기타,고졸,기술직,0,52.97025147108504
30.016145608117085,31055.55256454505,20.107620605545378,3.9322503609332755,20092.633238242117,여성,지방,제조,nan,기술직,0,49.70169251863569
43.01791899819466,45856.41724616515,15.406934234445403,19.64940874692214,106532.07009722224,여성,서울,기타,대졸,기술직,0,58.91722029281658
47.660802783846904,12634.79601489008,12.52412928539155,30.616561601213984,16704.630849890844,남성,서울,IT,대졸,기타,1,56.0656159565112
52.26933223884308,21635.42314120359,17.984170666960903,31.64465633632523,46163.985478535375,여성,지방,IT,대학원졸,사무직,1,63.313582552589594
38.99845923520047,16886.549970625714,11.081706449719997,22.60096486478131,20246.735758678355,남성,서울,서비스,고졸,사무직,1,54.54287126182424
37.96326249823034,10057.463627049929,15.219866102668021,20.577914692414566,19379.317870648072,남성,지방,서비스,대졸,사무직,1,51.47073145973924
31.220174132434387,26195.81616928548,13.482112597127497,8.686918119184723,63665.820761116905,여성,경기,기타,대졸,사무직,1,56.502783265513564
31.7311964596014,77325.4390710727,15.916031419640902,7.506838270401415,218059.42808431413,남성,서울,서비스,대졸,기술직,0,53.23893360795226
37.73521108098473,8777.624814343979,13.809279382441636,19.63633471403962,10119.002663858393,여성,경기,제조,대졸,관리직,0,42.21783129391535
43.67365506816178,21673.805584925605,9.647216326666328,28.555019161801955,28980.963929244997,남성,경기,IT,고졸,사무직,0,43.16139430960289
49.13584626233249,30341.493208765314,14.226729118010114,31.536681497465995,50387.087699791715,여성,지방,제조,대졸,기술직,1,56.7327172224061
31.96821049319655,23424.53135761329,17.146592425626086,8.790674786116986,66008.85583014836,남성,지방,IT,대학원졸,관리직,0,56.74162149513026
54.92688568959522,20815.141836246457,13.912350782438045,33.27858406210051,57313.80910272873,남성,지방,IT,대졸,사무직,0,60.706718761097264
37.28876398957431,11503.329777114592,16.32534536476726,14.53623214039697,8336.413628051083,남성,경기,기타,대학원졸,기술직,0,47.89394769316577
39.78632705651564,24745.362370514224,10.86341154297784,19.85754757169033,20534.309549649235,여성,경기,IT,고졸,관리직,0,49.43707885600908
32.527883208521764,15087.441854188348,13.921217620190443,10.349484242137251,26233.635680075946,여성,서울,제조,대졸,기술직,0,47.05055001569703
15.757597397270583,7369.013682357209,12.126468634734268,0.0,5648.704041443958,여성,경기,서비스,대졸,사무직,0,38.321935010809256
48.8404539636105,40026.463836755625,16.240942520314128,28.34508627223559,54594.182742792975,남성,서울,IT,대학원졸,기술직,1,61.11494791718574
47.36843897092433,35567.68962492202,14.094474686785988,27.9999728537505,30978.157505750787,남성,서울,서비스,대졸,기타,0,58.89411070278159
37.18672442881787,22602.83202896005,16.070221029009836,11.674348357887093,47242.19929119531,남성,경기,기타,대학원졸,기술직,0,53.29834941184197
40.66990717224872,24699.476896262837,17.263131278473598,16.689968742749347,70979.83964650275,여성,경기,IT,대학원졸,사무직,1,59.5935484015266
45.15939217704099,37690.33619994031,16.074855725364166,20.634536674356724,112763.24536054346,남성,서울,제조,대학원졸,기술직,1,57.216206254754496
24.374541431134574,24641.069663889928,14.819355302880933,5.908252635829172,35436.392048478534,여성,경기,기타,대졸,사무직,0,48.58036051913596
34.70947322653705,34613.83641101276,11.005363224465784,16.536665734946066,69142.23177854273,여성,경기,제조,고졸,기술직,0,42.429147944533774
47.94264679621827,18982.236495793626,13.991641667999296,25.779509706655876,50125.806005127786,남성,서울,제조,대졸,사무직,0,56.57404532138142
27.457105768307507,42446.165985041946,12.400728793952501,9.115969304597854,33687.61958967696,남성,지방,IT,대졸,사무직,0,52.19253486900834
42.935579321666296,25858.45389338398,12.96780812988732,22.687462278109752,57506.90077095627,여성,서울,기타,대졸,기술직,0,48.106005109589404
26.43418195376595,24270.720176392053,12.876397547749248,10.525272226424116,36942.685362247576,남성,지방,서비스,대졸,사무직,0,53.573025577564614
44.66429982433527,11672.249380095622,11.060223275653266,26.13445475361362,11851.598168895905,남성,서울,서비스,고졸,기술직,1,49.97065376430053
39.643585177025166,25424.73828234887,8.127984232598031,22.71714442597787,38312.13251348101,남성,지방,서비스,고졸,사무직,0,50.7795777517285
23.848681840944906,14530.75245100568,11.9955708550167,1.5472839544131745,10024.776540489242,여성,서울,서비스,고졸,사무직,0,47.47434211488344
51.64739354457171,16008.236287382564,14.580138355772478,31.005682183972407,35834.723020072684,여성,지방,서비스,대졸,기타,0,49.529659873241485
32.65408423201951,14651.70787050452,9.95546886371753,15.574755140586127,16583.633307537326,남성,경기,서비스,고졸,기타,0,46.74183891174431
31.89747562985619,12924.532571610724,14.047046709414873,8.992619707417862,16524.197291720295,남성,지방,IT,대졸,사무직,1,49.36904420119454
42.00569197230943,63728.4076111394,19.700805272932893,18.683339621888106,51154.99962661439,남성,경기,기타,대학원졸,기술직,1,54.47508852437717
51.48637349428715,42858.9397410043,17.069169665756718,29.751694123388916,114075.40201729475,여성,서울,서비스,대학원졸,사무직,0,54.93791243418973
29.84178181021603,57537.014555089845,18.930624527361587,4.8547215249799835,99746.78397558679,남성,지방,제조,대학원졸,기술직,0,52.64592727472325
40.61679849847972,11950.787923682345,15.17338363079818,22.172067356023273,23069.408955896848,남성,서울,기타,대졸,기술직,0,53.347500173104486
44.28816500330573,22825.34624628739,17.502529468959338,22.110707601143616,43906.41851212493,여성,지방,IT,대학원졸,사무직,0,54.9079810284796
46.93105607263144,11536.21143228303,11.828105808596638,27.45723846099794,17606.94411825475,여성,서울,기타,고졸,관리직,0,50.58689755301876
41.76441555277225,15555.235692230275,12.066979198934048,21.618996025856667,15264.738377228698,여성,경기,제조,대졸,사무직,0,46.01913276834263
36.329721609166775,13917.975822881119,5.782579381587581,26.183105316486916,32885.83685753478,여성,지방,제조,고졸,사무직,0,43.16885567754719
31.724097793512804,40937.09925835385,17.558436422126896,8.958395284320611,33471.83699503407,남성,경기,서비스,대학원졸,관리직,0,50.476303341976994
40.86143883046375,18067.773504126777,18.620971939459658,16.579962426945414,13725.807041495173,남성,서울,IT,대학원졸,관리직,1,56.67400950544975
29.278609880143932,37578.5867885664,12.34046826395819,9.245146010447927,85504.91071375807,남성,지방,서비스,대졸,기술직,0,48.28380670236205
10.786495165053928,29793.94442991338,13.238144880808294,0.0,30452.16867059442,남성,지방,IT,대졸,기술직,1,54.29565451325704
44.365598041576675,69690.50606412336,11.738413658927115,25.11618661638166,88293.1237532176,여성,지방,제조,고졸,기술직,0,52.422131633210476
49.039348410861955,10512.05411282209,15.147960654432474,27.687414447242126,17745.069178965216,여성,경기,서비스,대졸,기술직,0,50.450953803791165
16.370675644581617,41341.272740018445,17.374797635909722,0.0,67112.52472251568,여성,경기,IT,대학원졸,사무직,0,53.43944110371233
29.902692952900622,39074.307593644844,8.771684078356877,13.809340402923453,88755.25051488621,남성,경기,서비스,고졸,기술직,1,52.209390484189996
46.191542610051975,13538.74130591219,15.228315591926757,21.817248503979496,27870.57508623246,여성,경기,IT,대졸,기술직,0,48.425644148790866
60.574954697116986,36445.259285968954,13.169984684842564,39.299875628534195,76935.59268609928,여성,지방,서비스,대졸,관리직,0,59.76530187109617
40.20793707675408,26057.801432288255,14.340183175900068,21.85635155422926,59545.615616357645,남성,경기,서비스,대졸,관리직,0,53.23567064050625
32.71997058770866,19658.436626656654,15.376982005022873,11.852450857446204,24209.990208846706,여성,경기,서비스,대졸,사무직,0,50.258146208189864
38.1710355889516,14589.133598534565,13.435392683681536,18.477888147892553,19050.976172055303,남성,경기,서비스,대졸,기술직,0,51.556723897571565
53.74876419148185,15374.187938556672,13.689239439782659,33.04133714107605,24521.74320130537,남성,지방,제조,대졸,사무직,1,60.73406332631655
33.54035820875465,61384.095392986856,13.358374497336083,15.152703526524943,77875.26609455592,여성,지방,IT,대졸,기술직,1,58.26025715999771
32.00807993349746,22033.98712286552,16.910948605364844,7.3989216261521715,65272.264365749295,여성,지방,기타,대학원졸,기술직,1,62.2233089026762
35.17256477817968,32567.33270750062,15.25627988038249,14.527616035082378,82562.4161761216,남성,경기,서비스,대졸,기타,0,48.40651280938132
30.466713917412875,14832.118973297383,14.661750613212082,8.34245416657488,13521.504300960247,남성,지방,제조,대졸,관리직,0,46.79766847699378
41.22670315994795,14914.266646589716,10.187144836723153,23.244239552674692,7665.715154506834,여성,지방,기타,고졸,기타,0,50.8671410605609
56.246784584695604,37835.09555227502,12.864260770360538,36.10754894468504,22964.320381572496,여성,서울,서비스,대졸,관리직,0,57.758752823485864
43.23079273116029,11217.293110534316,16.696007481017524,19.783970357174844,12452.974725059747,여성,서울,제조,대학원졸,기타,0,53.69335761026721
37.47646497873713,17897.084760928836,14.113089719371768,17.26571558749795,14062.244455608836,남성,서울,서비스,대졸,기술직,0,51.74995491451761
37.08188731084456,22404.423713078675,15.978594408767416,15.574204492299373,41075.04462750889,남성,경기,IT,대졸,기타,0,57.21241976220178
24.36809191303343,23287.83268783851,19.2995354009829,0.0,61596.039328517916,남성,지방,서비스,대학원졸,사무직,0,48.03026002622267
48.83109777147159,20139.802452126954,17.11581820762645,24.09997844835161,47164.91099044671,남성,경기,IT,대학원졸,사무직,0,60.351110140714965
39.22162802987198,26847.014193931944,14.279475013099226,18.159013062060673,27894.656039235804,남성,경기,서비스,대졸,기술직,1,60.62982846160145
38.19520086409374,31145.58803002348,12.46703248941282,22.738292451897582,46663.819337196735,남성,지방,제조,대졸,기타,0,48.056937186864594
71.93107567844861,31803.091236210163,6.339351211832305,57.43171924985204,56283.060328270236,여성,지방,서비스,고졸,기술직,0,61.109487989845
42.98752908365686,13454.892797782937,13.494845232581442,23.818277087275245,33980.52852190156,남성,지방,IT,대졸,사무직,1,56.78407072369752
32.48208949904816,19109.147976736906,13.021962512549452,16.45018760597038,49641.821198949445,여성,경기,IT,대졸,기술직,0,47.58276472297953
35.736424037944566,40029.879067625225,15.171098583186128,11.93938839486389,111054.72456199372,남성,서울,제조,대졸,기술직,1,52.93990243848614
51.48445709196755,34452.043543147985,13.538284319075938,32.73412322462042,61087.37063273989,남성,서울,제조,대졸,사무직,1,58.837225727209166
41.13270410537764,11087.462830788918,13.038844821689617,20.489315615818985,24788.095029052034,남성,서울,IT,대졸,관리직,1,58.46860326776055
25.617220216826333,26258.36673969822,8.661803208478338,9.946149523769524,20468.42124358693,남성,경기,기타,고졸,기타,0,49.170267800922765
49.19228934575204,8191.787240411752,11.1800965125498,30.405971165295608,15672.710843447525,남성,경기,서비스,고졸,기타,0,49.232107874093515
33.31855914461006,22549.483748450086,15.429953122401672,10.42489140537662,25294.421664330057,여성,서울,IT,대졸,사무직,0,54.18449365457038
58.73297776217545,56890.49213637237,19.147722893398083,39.02907916459036,89846.71120005017,여성,서울,제조,대학원졸,사무직,0,65.43639303962559
50.80048065714649,13712.370236237466,13.70742384876313,32.78196855252669,28592.023414059473,남성,서울,서비스,대졸,사무직,1,59.47421638663502
35.52678104341249,14513.557292249554,14.98343322072237,16.74682354626254,16581.228976983115,남성,지방,제조,대졸,사무직,1,52.70523557601562
52.81016361735113,32273.92445585676,16.857434470858415,30.936716120165705,20347.503760571344,여성,지방,IT,대학원졸,사무직,1,64.32837160736993
40.678555105274036,10184.26582784573,11.56731819139925,19.89872333707087,5352.693699199838,여성,경기,서비스,고졸,관리직,0,48.69171740080885
48.52773675122219,16052.541823065847,15.100442129856326,28.217210562012482,8915.563089303289,남성,경기,기타,대졸,사무직,1,60.58677440773711
44.84732817294475,29679.75874738424,11.778529681003524,29.214657720955916,15459.424861223786,여성,경기,IT,고졸,기타,0,55.7101026047126
31.536433450091266,16040.259765649504,16.594473315473035,7.235161186540008,12445.439316927916,여성,서울,기타,대학원졸,기타,0,45.57253275196428
33.56450167682538,19575.1269547693,14.454209143855199,15.040945867292434,21507.61845724665,여성,서울,서비스,대졸,사무직,0,48.36183435569244
50.29960817581161,31955.284818521315,14.89535544194432,30.812925153575453,33650.63364346047,여성,지방,제조,대졸,기타,1,54.416183883894156
36.65224667893459,27194.582013647876,11.652204207744234,22.704122560817694,80686.09328485794,여성,지방,기타,고졸,관리직,0,51.82796512091299
35.96351536758003,25170.02793917712,16.121097078832356,13.006852263720436,31840.469513758246,여성,지방,IT,대학원졸,기술직,1,56.54504505712942
30.44877420650647,18591.111336901362,20.25413876369305,1.999413478261968,15217.790593625123,남성,지방,기타,nan,사무직,0,53.003509388669066
44.235990655934614,26503.459685812937,10.976264913715381,26.53646952347414,49399.96708150575,여성,지방,제조,고졸,기술직,0,46.47331829900885
60.625249192431454,20705.06551011189,12.980722977057429,44.515668201701274,54762.69605229172,여성,서울,서비스,대졸,사무직,1,66.56401893472534
29.32467085745727,27692.109748182003,14.694822422504275,4.973036673269069,60788.360798835856,여성,지방,IT,대졸,기술직,0,46.73585405028884
40.24219456672758,17180.5633741265,16.35921863598745,13.74622449987807,21307.42442790169,여성,서울,제조,대학원졸,사무직,0,53.92310526237409
54.12220555415429,20104.832998085974,12.321361144131593,35.97963496788592,38280.41425312691,남성,지방,IT,대졸,기술직,1,61.2916885074867
39.203586087542845,13426.976095279071,5.500909129571781,26.81749837242275,30709.373240530353,남성,경기,서비스,고졸,사무직,0,45.509962460814975
44.52371796249734,21644.27350038224,18.077568482492076,20.46160526635663,50220.368674352096,남성,경기,제조,대학원졸,사무직,0,53.7942863907762
29.376064718531204,14683.791834760556,16.28151835875243,8.985169902250504,31810.17573601557,남성,지방,서비스,대학원졸,기술직,0,47.30242225334391
44.28307097207649,12619.225645714236,8.771157408540006,28.406774871298776,33781.99593506658,남성,경기,서비스,고졸,기술직,0,52.56136254451116
38.12855734995451,25067.577923187207,12.177293624661331,16.20525206343194,67062.379907672,여성,경기,제조,대졸,기술직,0,49.59023595905628
49.85729995679863,24498.56658113636,18.704547288581978,29.241715782616538,47707.07290778437,남성,경기,IT,대학원졸,사무직,1,59.41804154076935
51.87386051564751,32579.445666384523,18.343389255373598,25.53601468539636,51300.92838771244,여성,경기,서비스,대학원졸,기타,1,60.897941107985694
65.89563642018614,17755.26224036171,16.815920068036835,40.96164210812511,37355.75322864265,여성,지방,서비스,대학원졸,기술직,1,65.01452806347355
45.796331732135755,27011.728064099952,13.471662698120412,28.532109061460538,68759.1642315548,남성,지방,기타,대졸,사무직,0,56.35726860374446
43.257963165821664,29010.084390833024,14.24896225643753,22.240022667301098,14914.962291488022,남성,경기,서비스,대졸,기술직,0,51.561533019522656
41.94384301577336,27512.257288026318,13.60722258462162,22.209840727082117,81986.32099643601,여성,서울,서비스,대졸,기술직,0,50.79731650910932
36.46833707189312,14576.605486485387,17.384719349806513,14.04919797020724,13953.22865618723,여성,지방,IT,대학원졸,사무직,0,51.38699873009062
43.38483843461691,23734.42348741614,11.37247278051467,28.179531860322232,39769.933169162454,여성,서울,기타,고졸,기술직,0,54.08014970307705
37.04598589860971,26425.114613107526,11.582601035347386,18.796463476898776,70821.27152970506,여성,서울,제조,고졸,기타,0,46.035724262414185
41.68460976269614,22105.665971647006,17.030823760508046,21.693690014016695,23489.502714316557,여성,경기,서비스,대학원졸,관리직,0,54.101641612935026
53.1759753560796,7760.182809417892,13.866915633465315,29.037460025144668,13130.136655019716,여성,지방,IT,대졸,사무직,1,55.848718746961346
29.934574347203586,23866.827712462557,18.135402066361422,7.318746754748318,19844.203986548455,여성,서울,서비스,대학원졸,기타,0,50.42120626773559
51.39878561129045,66587.05842468442,11.985463379058363,31.734267116196776,99060.95511442523,여성,서울,IT,고졸,사무직,1,69.20180085826479
53.17115067339866,18397.689510325898,13.835664918983525,36.08002838763112,17346.052501543025,여성,경기,기타,대졸,기타,0,53.376313022893186
38.81931473008921,15305.407113713223,11.232761045468141,21.87064264228216,21566.38038882059,남성,경기,기타,고졸,사무직,0,51.279201214074604
18.781451009914054,26547.059834888034,14.022088044270701,0.0,38059.472190908986,여성,경기,서비스,대졸,기술직,1,54.46405699497541
33.921780129055676,25749.979377899417,9.564359189003603,19.68310312609534,76810.30806617258,남성,경기,서비스,고졸,기술직,0,45.21929857636674
52.96994546561109,39989.31541174487,12.537099737135112,36.21922242289048,119449.38771722729,여성,경기,기타,대졸,사무직,1,55.06035626737906
39.77131937701118,11743.626208418851,9.691238405215646,25.36386921751281,9241.830980323519,남성,서울,서비스,고졸,관리직,0,51.073655422701165
30.00697767705089,31751.337400608198,16.081769699573776,5.865815498210994,73501.86783720918,남성,서울,서비스,대학원졸,기술직,1,53.91086240301151
34.95225078771782,29590.57065550197,16.149768019278955,11.834448521194698,18623.231008379433,남성,지방,IT,대학원졸,사무직,0,48.45585809368325
48.40620026504553,20515.310325642407,8.809211808546966,33.588842782255696,11806.151572818653,남성,지방,서비스,고졸,기술직,0,54.471825500151375
45.4673356820138,26090.94658402786,18.001657236501718,21.38315914021196,19916.125812596438,남성,서울,서비스,대학원졸,기술직,1,58.13215772154551
37.61067900830306,36854.3427771238,21.49224537925956,11.617924579920192,107383.01976297934,여성,서울,기타,nan,사무직,0,53.522193035980926
36.33175588185313,34069.49506451012,14.138019160209023,12.163934256630888,97171.61253569473,남성,서울,제조,대졸,기타,0,58.644796005294275
36.08241850956178,12437.7358482837,12.076657219326066,18.674415399342724,12248.925429853196,남성,지방,제조,대졸,기타,0,43.170118319435964
30.775898155014975,33192.49560556839,22.472991773009138,1.7229436731325571,30012.018521305563,남성,지방,서비스,nan,사무직,0,50.82373197756269
56.15375689469442,21325.433437671156,10.043094505092467,38.43366115683404,23486.504161136327,여성,경기,IT,고졸,기술직,1,58.309963895741014
36.7767953078866,22843.84624264775,14.060319400607295,15.231502351740108,40864.61378010332,남성,지방,제조,대졸,사무직,0,50.196079608395834
52.17158520825497,22847.534599240418,14.53886681789577,31.203643061323273,43964.63302906161,남성,지방,서비스,대졸,관리직,1,57.76621265920613
55.213160519224516,20432.427591651067,18.035442861357243,23.97554744894824,21535.44310142447,남성,지방,IT,대학원졸,기타,1,60.08139984670194
49.9831089814796,39968.77281386041,15.079216925380365,27.501312914516138,95587.59721432187,여성,서울,기타,대졸,사무직,1,65.95710547442266
35.683796872819514,21123.491049726068,12.504098312634646,15.42806891089228,26908.85453309111,남성,서울,서비스,대졸,기타,1,56.308760193217495
44.037300903366095,12584.572472649766,11.146446888836131,27.95642043317521,35303.85747488853,남성,서울,기타,고졸,기술직,0,52.3328690385019
39.758043936090836,18092.179861017677,12.974534539261594,19.172456031808203,38749.953240582545,남성,지방,서비스,대졸,사무직,0,50.02498212896584
30.96298139269872,24085.068385623068,10.979217917164569,13.553535875193171,38316.4050801885,여성,지방,IT,고졸,기타,0,49.57057002454701
43.24359281721603,40725.405569192364,14.143475959354049,26.184670113184588,100786.41936789855,남성,경기,서비스,대졸,기술직,0,57.33305784759157
28.209602088401976,29778.66100922373,12.30741146041854,11.890893667614282,75780.33646343593,여성,서울,제조,대졸,기술직,0,46.15223421974515
51.87679388461564,14396.384254919227,9.51788662013075,38.16345006437179,17652.904160790247,남성,경기,IT,고졸,관리직,0,53.81363231651947
35.35382702701607,76312.72340413177,17.76543736512471,10.588644801069652,102967.71675237565,남성,경기,서비스,대학원졸,사무직,0,57.9928668690918
42.01159655872839,25144.32881052927,12.506982429712881,24.590678687594817,71407.07474841832,남성,경기,제조,대졸,사무직,1,61.55831698469295
42.83287871546142,41676.61124417912,10.195589585074062,26.16949352948017,38002.926151660766,남성,경기,서비스,고졸,기타,0,58.38295781990274
37.410950262959226,20417.400525752626,13.495222596537376,17.523541245067975,12360.205126525578,남성,서울,IT,대졸,관리직,0,52.73737364526206
45.86693801475275,28758.240244330045,14.205114697902976,26.481194004342868,47023.70025172052,남성,지방,서비스,대졸,기타,0,57.548501209191684
35.25096343377476,33514.526552595424,8.760599823262899,19.29637643366999,83887.68946609128,남성,경기,제조,고졸,사무직,0,41.340948377600974
48.71297297457244,40501.624195258344,14.994943001377289,30.70403618208156,98385.3412107904,여성,경기,제조,대졸,기술직,0,60.116434350581706
26.540203197532513,37372.26581962,10.858527293929207,9.361415624407432,104598.49064234183,여성,서울,서비스,고졸,기타,0,46.58655288643362
41.26379579546412,34067.478551535016,19.133086427572362,17.36743050041109,62445.74476840875,남성,지방,서비스,대학원졸,사무직,1,59.906746546429325
59.389289990582846,18815.88303454917,15.571881536230205,40.72860941286724,14114.954407490755,여성,경기,서비스,대졸,사무직,0,58.30802424814776
29.996686753944253,16549.76165220371,12.80030002967205,13.259694273422552,32631.53635745519,여성,지방,제조,대졸,기술직,0,46.67400269805759
33.222550294751485,26011.753047745813,11.764496689047949,12.640215400322488,63624.46275888322,여성,경기,서비스,고졸,사무직,0,49.01412000714869
45.13907849658915,35121.33417870396,13.685096877309128,26.34377340929979,25755.1873400191,남성,지방,IT,대졸,사무직,0,60.25883216095581
41.79581781939598,19705.235672866318,15.838372224749868,21.658884383567404,18358.254784664696,여성,지방,IT,대졸,기타,1,56.71350554909713
43.50630099273559,37518.370907101555,13.923517614244401,25.366509422812683,19911.99941338069,남성,경기,기타,대졸,기타,0,50.93449137178092
44.891871301476634,45538.271021351,13.34852357858943,23.316758054657942,90353.91564910789,남성,지방,제조,대졸,기술직,0,60.13885981288457
46.3472146856177,13930.549879346687,14.175110872453686,24.858033339129367,37847.01913150978,남성,경기,기타,대졸,관리직,1,58.555850671452795
51.09699841956223,14494.718897510527,12.188423206289135,34.89769168475634,31550.050049562033,남성,경기,서비스,대졸,기타,1,63.56853981925818
44.098186569285126,20533.489586307816,12.970382219470887,23.60428360844895,60678.519572869525,남성,서울,기타,대졸,관리직,1,60.3450331028097
37.58742345381457,25688.69611121067,7.7426226832849885,23.245408657200954,16892.47891522041,남성,경기,서비스,고졸,사무직,0,44.68844182422863
46.72573701202731,16944.80359291962,16.921178692557103,26.956309938474146,46725.34187667328,여성,지방,서비스,대학원졸,사무직,0,55.067840311238726
58.99881934895215,43308.37613173388,14.896393340965286,38.00682750721728,109794.12703351393,남성,지방,서비스,대졸,사무직,1,61.93690510219542
38.67366253617426,27228.879374899145,11.67963246789971,19.54048179260687,35005.55082811436,여성,서울,서비스,고졸,사무직,0,50.64452399956165
30.254706953293585,22465.217970328325,19.696204944065716,2.8032672955020588,65908.82445247917,남성,경기,기타,대학원졸,사무직,0,51.78542475464914
51.07080669286972,10743.382236285366,14.26104944117716,31.475195910862936,13105.254340294656,남성,서울,IT,대졸,사무직,0,49.90855639344245
38.796188360464015,11408.250398447799,10.89156928407441,19.238323059435185,31067.652624110855,여성,지방,기타,고졸,사무직,0,44.38840871711167
18.273304539859637,25349.25512962553,16.570212264411374,0.0,68490.42852808347,여성,서울,IT,대학원졸,사무직,1,62.022268658876754
48.47421677150422,7583.288221822114,15.194144649527788,27.946533191956476,18155.484311308897,남성,지방,서비스,대졸,기술직,0,52.050196119571204
34.64671814046077,36545.6961124109,15.183739956452659,16.061277825103446,69753.89981690711,남성,서울,제조,대졸,사무직,0,52.831696044
39.094667176958396,20351.768226108812,12.722733186045229,21.707030151653157,16281.55447980109,여성,경기,기타,대졸,관리직,0,55.09882826776875
43.319803305690144,111473.98059941691,15.351487171334105,20.54018589839168,203989.5073264605,남성,지방,IT,대졸,사무직,0,57.90498830382075
41.904996797790666,69839.71608662992,13.214725129336717,25.04711030358139,97216.23103259811,여성,경기,IT,대졸,기타,0,55.26849572376722
47.0945181713904,20116.093903404686,15.667824354937526,24.827663741357917,49898.82752877664,여성,서울,서비스,대졸,기타,0,56.77470848351065
35.645136294301565,20885.940301523922,8.285166637968084,18.888563612234666,50028.573520098966,남성,경기,서비스,고졸,관리직,0,46.54049832844177
45.131057981760826,36235.36146251021,12.698379611062432,26.088595652167452,100608.61412357783,남성,서울,기타,대졸,관리직,0,52.44190246141995
37.40453322416083,51615.96510935506,19.166465293424586,15.114406333027647,27721.665421280286,남성,지방,제조,대학원졸,기타,1,54.26283657629028
47.38810480887503,9710.717692589185,11.6987976337991,30.019787275205776,24497.791153130536,남성,경기,서비스,고졸,사무직,0,47.354500850079376
46.153674840130535,9016.506818057438,12.18848510752044,27.990233461269664,25662.37716024561,여성,경기,제조,대졸,기타,0,45.94972385690918
30.645612979554045,16138.816261548694,12.656115984650075,15.263920284309677,39915.345439060104,여성,경기,IT,대졸,관리직,0,48.854816106056525
50.85982116175032,29477.094750127642,10.35558159233407,31.641529875307395,24332.933448915046,여성,서울,제조,고졸,관리직,0,51.75764820280161
34.64036554885952,28238.36505430971,7.375157671315243,18.694009649438733,19857.155111616106,여성,지방,제조,고졸,사무직,0,53.48517484653008
48.08057798281145,37604.75286945466,13.308240804429161,25.54064423644862,20762.076663410102,남성,지방,서비스,대졸,기술직,0,51.80420377992562
43.67287313401341,12090.209064608438,14.40757827224497,24.010591234728548,25049.25760389378,여성,지방,서비스,대졸,관리직,1,59.21103503980759
58.38183676795123,6918.3187819941495,13.842484794384044,38.872338227797435,14349.84972567288,남성,경기,서비스,대졸,기술직,1,59.36922345793836
37.76534017628148,33826.74692411298,13.565364314156339,21.285448596684688,100373.57457904606,여성,경기,제조,대졸,관리직,0,53.751625091788384
36.506832038818025,14558.086093925334,14.129122612551162,16.8646595805404,21765.910041229512,남성,서울,기타,대졸,사무직,0,52.67080969098712
39.805803941122676,8028.524710283309,17.06852441465229,15.92896520751178,10676.056879636366,여성,지방,기타,대학원졸,사무직,0,42.23882396067999
36.968202171657246,23683.452416335178,13.42866144221235,17.54313047520111,48813.07133453039,여성,경기,서비스,대졸,기술직,0,49.824918611368986
47.9994190194205,32747.694580902764,12.27775226873819,29.957081587604225,83965.79891700952,남성,경기,IT,대졸,사무직,0,54.660943208150805
23.83689391563412,20722.418943554363,13.15662354533574,1.3367478236420465,58891.76506533642,남성,지방,IT,대졸,사무직,0,45.44352391555055
29.46317580853646,17519.604795627325,15.738040279270328,13.145798817935917,43935.84738099986,남성,서울,서비스,대졸,사무직,0,51.873402722684624
29.32197078420807,20339.475526122238,18.236080635629747,6.125632184782145,31865.550228981905,남성,서울,서비스,대학원졸,사무직,0,56.97063256305514
49.50307591973576,18300.956748461933,12.115568782492465,31.807523753288468,38199.323272803136,여성,서울,서비스,대졸,기술직,1,49.67409399935929
57.10613372581925,11225.872569096024,14.29680136108665,38.03966033328976,29644.704091342643,여성,서울,서비스,대졸,사무직,1,58.15326813601916
38.955507814625285,15408.270065576411,15.015072325807878,19.35925744999062,26602.751468527076,남성,서울,서비스,대졸,기타,0,47.889831938224006
38.311782768099896,28585.073429494856,11.02226597981353,21.0084098172815,29777.545768521028,남성,경기,기타,고졸,관리직,0,50.85899155883695
40.700521631131814,25869.999883796485,14.061251501638754,19.37678785701166,23911.863358285776,여성,경기,서비스,대졸,관리직,0,50.27597358012421
51.61878302608191,23957.337012063716,9.602978427973714,37.214705970751595,11988.116356077684,남성,서울,IT,고졸,사무직,1,58.455305501387095
30.72646865809426,13392.173646405336,8.692849088781804,16.80504125037536,30743.006693791074,남성,지방,제조,고졸,기술직,0,47.795041207329625
42.38368982734785,20115.549841953427,15.100239223676772,19.66367040549226,15644.728525585291,여성,서울,서비스,대졸,기술직,0,57.09265414507544
49.7519762978243,7416.536711876406,12.848375776007652,33.74167174455118,8229.372442652786,여성,지방,서비스,대졸,기타,0,57.694606201491524
45.01094169939845,24082.442618958514,14.606841222863657,24.99080454918076,29975.19546308809,남성,경기,서비스,대졸,관리직,0,51.30858359528327
41.89581616598743,45000.49883470952,13.94631506897495,23.409139821547743,85543.68252505308,남성,경기,IT,대졸,기술직,0,50.04349797778023
50.01046092567141,10540.0117192596,11.070799854008609,35.72350284702264,15756.191775784928,여성,지방,IT,고졸,기타,0,52.91996429844084
12.967677070007628,16432.82541936189,13.86423709410699,0.0,35933.41252443238,여성,서울,서비스,대졸,사무직,0,51.09973406196825
46.77875319530908,25966.26278854151,10.300696084955435,31.111961124321876,16594.951517598834,여성,경기,IT,고졸,사무직,1,59.96355924753782
33.45924316872576,41209.38568219989,18.172917074004204,10.906380571733791,33373.3379850609,남성,지방,기타,대학원졸,관리직,0,58.77955372528976
21.693671031435432,17604.110270374447,9.932088965420109,4.31185989841522,30772.491026284846,여성,경기,IT,고졸,사무직,0,45.00621774452332
45.11202599524981,15582.049153126432,13.412644187094257,25.807485133847553,20917.52929431852,여성,경기,제조,대졸,사무직,0,48.85967912134564
53.73658545162958,8229.976422078305,10.873185235858255,37.11449738907362,10201.33071298762,여성,경기,IT,고졸,관리직,0,51.827916881844374
38.62551485372308,23195.627374509517,15.711263520082387,15.002134230273906,15484.709549713634,여성,지방,제조,대졸,사무직,1,55.12928465835908
49.528745472029385,61147.1186160807,13.005705886155491,35.15831316322165,167500.17587057524,남성,지방,기타,대졸,기술직,0,59.12058274663959
56.122782579886454,25303.02495437072,12.44399984113637,34.86419585176528,56414.26984873443,여성,서울,서비스,대졸,기타,1,63.72421756639218
53.14914453584048,21782.463760543735,16.559604635154663,27.993332093311498,17514.089614142213,남성,서울,서비스,대학원졸,사무직,1,65.36810831637044
56.39964529371393,25875.22316807182,14.088291775032657,38.93980667008843,17145.308265609616,남성,경기,제조,대졸,사무직,1,63.722089811552166
47.42127491071892,21904.64509319568,15.549933337807902,27.297874074504104,64337.91468638764,여성,서울,서비스,대졸,사무직,0,54.93944824872341
40.754336389015926,14669.016302874135,11.056022190447607,21.646384563606762,32314.836270105698,여성,경기,기타,고졸,사무직,0,50.55594113667913
23.980341881028316,33244.34504678302,9.785549168217479,9.409370743014223,51317.30669667832,여성,서울,제조,고졸,사무직,0,41.70442194271579
37.53937511870051,24658.594046174494,14.3216238861204,20.153452122574734,55588.54918207832,남성,서울,서비스,대졸,사무직,0,53.09415609496398
31.567534046838084,22221.301302924254,13.043460933515806,12.463546998128306,53127.341932348594,남성,서울,기타,대졸,기술직,0,50.284866077543555
61.70942717497814,13525.295966028016,15.879304017361832,45.027768957765474,33135.69705707221,여성,지방,서비스,대졸,사무직,1,62.752293679305225
38.24114187567663,42266.66386228303,13.760274642012352,15.03274361192821,71629.0305447697,남성,서울,서비스,대졸,관리직,0,53.41095283752793
41.23204806784486,30710.238286929554,14.61522601770389,22.00446895785917,48359.623987106235,여성,서울,IT,대졸,기타,0,55.58069845196891
45.51485376040468,16706.273412641633,9.12985241017627,32.71805802267041,8813.732183855569,남성,서울,서비스,고졸,관리직,1,54.271128629591615
40.436024463724536,36348.653034969495,19.66531081884277,16.55340144809226,102372.08425591711,여성,지방,제조,대학원졸,기술직,1,63.26868625139968
56.95051040430753,17175.07666450793,13.507274044903905,37.03452490611233,34492.185991333274,남성,지방,제조,대졸,사무직,0,57.161295788127376
33.77350638265548,14898.238355131769,16.092760911017596,11.099862507615589,15015.708625164918,여성,지방,IT,대학원졸,관리직,0,50.58071281655227
41.94607455237243,15065.286082478317,11.49172498934112,25.34263990520582,42167.864531262254,여성,서울,기타,고졸,사무직,0,47.61074458671279
32.57529414301952,9085.77900515082,14.924029706652023,13.282773409671638,25325.06216319359,남성,지방,제조,대졸,사무직,0,50.225216905539185
26.799774887792942,27882.964507928205,10.091465709425764,11.913256050931906,82894.94962102528,여성,경기,서비스,고졸,기타,0,47.48065908591375
33.882309090947146,8816.917171232126,15.356203514779013,14.606221357754913,23674.669386036563,여성,경기,서비스,대졸,사무직,1,49.91326352747061
39.62963202951588,11917.677539753802,12.932077746842502,18.65981436853991,35687.02024047736,여성,경기,기타,대졸,사무직,0,47.94199509685982
35.7069777548274,7802.550882732432,14.087571511806702,15.163864284773428,8674.216524200403,여성,지방,서비스,대졸,기타,0,48.40180844115214
33.07579020126144,21098.667242455176,16.093922090390294,9.10183624662364,54975.19295426394,남성,지방,기타,대학원졸,기타,0,52.41593897500867
25.936825363281663,20431.636141842388,10.30237906633916,8.86222074477022,52255.35542029859,남성,지방,제조,고졸,사무직,0,48.23980845461568
39.16894427371305,18706.97809519922,11.946524808161609,23.252861249180054,20153.97965069887,남성,지방,기타,고졸,사무직,1,55.38859409353276
24.952796259689975,13078.319689647085,15.371972843260297,3.7967912578801366,9757.654183074186,남성,서울,IT,대졸,기술직,0,52.68851027151525
47.60055963689602,12257.375584019175,20.294664423640242,26.51961353955532,36141.50051910791,남성,경기,IT,nan,관리직,0,59.95104717378508
40.824397529345035,27783.14808197617,13.585752996015554,21.625457267708914,34452.808917982344,여성,서울,서비스,대졸,사무직,1,59.37886835941396
25.424485005350697,16726.07292893587,15.773408353771798,3.7704604127383714,44779.53546590809,남성,지방,IT,대졸,기술직,0,48.03855734448692
36.907909229501364,25801.27428981404,13.67908559042456,17.441189477957238,13166.851769396877,남성,서울,제조,대졸,기타,0,48.851497477388165
32.478435944094166,14148.666480051592,19.8267367842689,5.376081774105395,7818.015702919627,남성,지방,제조,대학원졸,사무직,0,49.5171670730448
43.1917451041918,24113.602308157024,8.758334999104234,28.31773688033238,40141.38981579072,여성,경기,서비스,고졸,기타,0,55.225807388870365
53.40450446023144,42261.80570221846,14.283863134008074,35.37621738044666,46352.186827934594,여성,경기,기타,대졸,기타,1,62.559968300947986
21.248275303542556,29527.665021107165,9.123367899313816,6.352848740484284,65687.33834812307,남성,서울,IT,고졸,사무직,0,55.071715123779235
41.150260791474174,17922.15777608227,6.48028528838985,27.08305604331738,34301.41157642222,여성,경기,서비스,고졸,관리직,0,46.47837910217988
38.398672044333594,25049.257996546672,14.89238615935345,15.656116644022873,17377.033326787132,남성,지방,IT,대졸,사무직,0,52.35506147441058
46.713400764504655,19529.2264098387,14.418493388442377,25.39450359273059,17704.62525340929,여성,서울,제조,대졸,관리직,0,52.802971860451734
42.131966282376894,22113.42330193211,13.145489186773396,23.134203964425257,32509.456077984767,여성,경기,기타,대졸,관리직,0,50.53405988159917
32.48030668261181,18717.13089118731,13.68141772988074,15.186062023683593,18043.504343069013,남성,서울,IT,대졸,사무직,1,54.08561930752978
36.80946064333382,20288.964510801467,23.294898302213774,4.833585058387174,50327.90997514049,여성,경기,IT,nan,관리직,0,51.41778949947028
32.03974143196511,24490.649644826884,13.225474585905697,12.174614290281902,37719.90073885338,여성,서울,서비스,대졸,기타,0,51.070941310369804
50.76007138598598,13404.163547917597,15.530373083750224,29.518318341105918,9833.021833319097,남성,경기,기타,대졸,사무직,1,62.044396204187386
40.21311648671942,13254.078382490303,12.051905541158357,18.4937994103022,22675.83616803911,여성,지방,기타,대졸,사무직,1,60.433805911809216
59.01190685753008,11000.85991795277,14.88569772512181,36.45901256647546,7998.675221622003,남성,경기,IT,대졸,사무직,1,60.59786407459508
39.39339186185379,9895.787571535955,13.285298974833147,18.748315807548273,8137.734246969883,남성,경기,서비스,대졸,기술직,0,47.63075240906282
32.91593233089537,11984.370888162111,12.76844455181081,12.555547031383567,13171.118182771648,남성,경기,IT,대졸,기타,0,46.43540417213732
24.86285607387173,23854.573845010593,19.456695596600973,0.0,63186.45471415216,남성,서울,IT,대학원졸,기타,0,56.63397239606876
21.96860323744055,14095.434678261321,17.531554889553018,0.0,39629.75621963364,남성,경기,서비스,대학원졸,기술직,1,55.86995094698818
24.158640569945103,28475.72452142696,14.410239942197691,2.637828422545339,73058.58097111288,여성,경기,서비스,대졸,기술직,0,45.69048141866084
42.67126651011483,22412.113532556625,7.087364192168099,30.439827571052007,29924.4980798018,남성,서울,서비스,고졸,사무직,1,52.39608808911989
45.08725023229934,8231.700490443416,12.916972330242292,29.616427337349553,9722.59400245954,남성,지방,IT,대졸,사무직,0,53.76846383480327
24.188092979678665,30561.23919738047,22.10908269321525,0.0,57237.81565579825,여성,경기,서비스,nan,기술직,0,53.403538939305044
48.950383140761154,33037.525236804504,13.308015000080875,25.796824596555602,76139.36763935172,여성,지방,서비스,대졸,기술직,0,56.094895496486785
35.1693894831656,13400.786290092043,17.309652716160976,13.013881134674905,39980.334246364466,여성,지방,IT,대학원졸,기술직,0,48.09958121402046
41.467930119855495,27176.170165966632,18.325827205857802,16.786056333870015,22527.05522018098,여성,서울,서비스,대학원졸,기타,0,48.728657578661775
56.122206282554245,14353.525655583278,14.656891747567926,35.77562522071703,8945.547759299545,여성,경기,제조,대졸,기술직,0,51.841080547374126
48.96839315865532,23128.830418300327,11.474535104395542,30.697291987174676,51713.51422544964,여성,경기,서비스,고졸,기술직,0,54.146190721934474
37.314693520941674,11704.759073753348,6.694063004651335,24.855807776064744,30204.885264073742,여성,서울,기타,고졸,사무직,0,51.94009748939496
31.088077745847126,8986.21282786633,16.052489625826865,9.338402912164298,23506.782070144836,여성,지방,IT,대학원졸,기타,0,46.800273891044654
18.48184598670695,18189.347603363323,11.555731991529356,0.0,39946.69712762173,남성,지방,서비스,고졸,관리직,1,57.745947866682684
32.8084668075758,20705.104164692744,14.528451355663076,10.48728035626236,59735.04357997357,남성,경기,기타,대졸,기타,0,52.43858134514191
37.88869761172305,18054.678975585994,10.250538981231909,20.740767265252178,32092.40688977486,여성,경기,제조,고졸,기술직,0,43.6070816799451
30.12820472848816,12185.28945603438,13.204287378589393,11.392435878812297,33930.38929535327,남성,서울,기타,대졸,기술직,1,53.78509708662621
38.68743032907695,18034.655094686208,14.10115716470316,19.784265847742322,52652.722765076396,남성,경기,서비스,대졸,기술직,0,53.40379865596212
40.768518829587684,25201.212219484816,14.805780743132894,21.669436041135086,65974.0932528784,여성,지방,제조,대졸,사무직,1,49.398609192274144
37.751440181919214,21537.556085931617,10.655533437942758,20.10752669784263,27447.384116166155,여성,경기,서비스,고졸,관리직,0,50.39389103851623
33.4999741917654,24130.949695389463,17.590732846284055,10.476930480086821,23902.649867290937,남성,경기,서비스,대학원졸,기타,0,55.56715183333682
41.68654671966728,15755.46234642054,12.209315645804086,25.402236257769786,29467.44378605682,여성,지방,서비스,대졸,사무직,0,50.54132182689501
44.41940649569409,39571.28299806276,8.976591618640263,31.774004667342084,64601.57872300937,여성,경기,IT,고졸,사무직,0,52.42116199912464
29.09600922557154,12233.254873242857,13.672929740109609,9.305413777198885,32961.23122951848,여성,경기,기타,대졸,관리직,0,45.82386665056521
54.1093237974627,28107.17465530626,14.10312592707938,33.56433442050409,21082.606452019718,여성,경기,서비스,대졸,사무직,1,59.81551491662306
39.014118677157384,39773.07864638061,14.481768299515279,18.914598845314888,45514.32864535528,여성,경기,서비스,대졸,기술직,1,53.86652889748774
40.188496229448475,28013.84262270526,18.08639721105524,13.802684072598424,66658.86460051019,여성,지방,제조,대학원졸,관리직,1,56.0592072468873
47.08214423256557,19905.23191516621,13.290653489792422,27.404271720702134,14679.443950375491,남성,지방,제조,대졸,사무직,0,51.65814895662937
42.332161312635016,16913.230706639053,13.641141126893686,24.18019298268759,22019.52169539178,여성,서울,IT,대졸,기타,1,57.689644828901514
49.53136633913245,36976.720780524585,10.69044685630072,34.12481374171912,54277.70265178255,여성,지방,제조,고졸,기술직,0,51.74324337547931
42.87124165201824,10813.088066011293,16.46166050866369,19.869045934626772,22236.94791196736,여성,경기,IT,대학원졸,기타,0,48.91069080789946
33.87562625359562,13560.79068381362,14.55292719223431,13.758135463535643,12141.404614101708,여성,지방,서비스,대졸,관리직,0,50.30542362412415
43.61503525206102,18055.779695696183,12.739916818117512,23.22581775336213,47875.102555051206,남성,지방,제조,대졸,기타,1,57.43824501031206
28.562737926793382,40897.60892195267,8.285975919603608,15.683746303639824,66207.32276636669,여성,경기,서비스,고졸,사무직,0,45.900225733381475
41.085597057765234,26632.400515416735,18.333236585165263,16.596717600327025,74372.42403804854,남성,지방,제조,대학원졸,사무직,1,60.9348739715377
39.66770009355539,13574.891073859717,10.316960106631829,22.798837083531286,22665.653322721795,남성,서울,서비스,고졸,사무직,0,47.85002883300992
37.918831427274604,18860.89758988356,12.226165971890882,18.96921778319695,22399.21418738235,남성,서울,IT,대졸,기술직,0,52.011315434777586
38.71462488561069,16201.164930931012,15.075033533228009,17.513803618582966,13845.063079289957,남성,지방,서비스,대졸,기타,1,58.794013896189604
21.18150954502361,15446.002390330836,10.41032621414994,3.875428041009752,7867.61804982172,여성,지방,제조,고졸,기술직,0,42.45101435523927
34.512750922590385,35934.200432716534,9.519470665240569,20.309566329354944,65773.73453439682,남성,지방,IT,고졸,기타,0,47.54847101119873
40.928449011411146,11093.653148772744,7.628157251898005,26.50972466348078,8518.724645074999,남성,지방,제조,고졸,사무직,0,46.46410022709244
41.598563919974005,49236.4965789275,16.162990858716906,22.621501253311862,72836.50502420732,여성,경기,IT,대학원졸,사무직,0,51.692003686828826
29.72324859074042,33326.72294855092,12.364441265821034,14.289228331882144,65759.60329465805,남성,경기,서비스,대졸,기타,0,49.19744358940595
52.65707840864701,38003.397222394175,22.78181027741999,22.092181151518012,45194.200232710406,남성,지방,서비스,nan,기술직,0,59.93119280345446
31.338251517854992,17475.06425368979,11.016934803107379,14.460725253606174,16392.67154660787,남성,경기,기타,고졸,관리직,0,40.26804794430032
49.69457200526737,20435.515877093858,11.235646929713237,31.157611832881745,49797.34798644972,남성,지방,IT,고졸,사무직,0,55.59284500521107
44.27194361871685,10758.206016644726,12.303821089143796,25.314827403195828,30843.539223687974,남성,경기,제조,대졸,기타,0,49.25827007943459
33.53772690156197,16943.995401829587,14.729403965415468,16.813177871436093,12726.652646942279,남성,지방,서비스,대졸,기술직,0,53.42616288105
57.75310892609512,28192.955586449927,12.589389983644066,38.54857610821946,25062.855555894625,여성,경기,기타,대졸,관리직,1,61.73462037887047
28.0636316824352,42109.62142163102,15.836996642007536,6.947087114582522,122119.2346030305,남성,지방,제조,대졸,사무직,0,54.086207938622444
49.191541736100014,12662.771525428398,11.064234830034037,33.20994949408253,7527.518182900655,남성,경기,서비스,고졸,기술직,1,59.82303554576408
50.005823180429786,18347.47114102252,9.855224844609257,32.149339590854055,54016.43827398678,여성,지방,IT,고졸,기타,0,51.722461332643306
33.293797909233554,20421.639754364718,8.605355781772678,16.978251178642463,10447.939778199561,남성,서울,IT,고졸,기타,0,49.345129030117356
53.92465300064329,10961.072361341392,7.32927749618841,38.18333076163864,29421.39956674594,여성,경기,IT,고졸,사무직,0,45.95538825235642
37.49953485401047,29604.291735886276,12.44579294157483,17.281800444640087,37547.50665730661,남성,지방,IT,대졸,사무직,1,61.040565495946844
42.88693629279857,15336.713898263346,13.097059062820334,18.089817011343875,43655.52891403884,남성,지방,IT,대졸,기술직,0,51.3616111031806
42.603218387712204,19976.35942045214,12.10568891755045,25.586694271749007,25816.71221623457,여성,지방,기타,대졸,사무직,0,47.19215386596408
38.65691258529452,17571.355276668997,17.730217391561485,19.035082876245177,37528.299726947786,남성,서울,IT,대학원졸,관리직,1,61.72417836560307
48.10808273159782,14843.699040352414,17.684090628824407,24.719633580846466,10391.797967755136,남성,서울,서비스,대학원졸,사무직,0,48.6027931779952
47.93488720552213,21949.01422033956,12.995591037666495,26.10675844917442,24271.758304195584,여성,경기,서비스,대졸,사무직,0,50.90988599639518
22.514680267618193,19775.423547070437,8.618236660424111,6.610890841394186,48137.303689154825,남성,서울,IT,고졸,관리직,0,50.090604855965836
53.043402428781526,18289.292510315416,12.299884675834841,33.825764062896695,33317.87181515208,여성,지방,기타,대졸,기술직,0,51.71862764420635
23.375080119643258,15302.464749731129,12.200535818248817,3.1393747469676896,43151.76701695886,여성,서울,서비스,대졸,관리직,0,43.9442362240661
50.32546204341657,25842.15456428906,12.028595113165826,34.017232207041054,40620.72769217926,남성,경기,서비스,대졸,기타,0,52.960197645630046
51.26705136827583,50352.75603803316,11.906843288305264,34.98072816872123,134670.0026557489,여성,서울,기타,고졸,사무직,1,55.216623731128735
29.09033569784802,23622.23282543222,12.039611312825578,8.739820797387122,38324.44109360287,남성,경기,IT,대졸,관리직,0,51.81747026196256
35.891857120454155,36245.086543035955,12.84037515230672,18.50164405704245,106854.88979319911,여성,경기,제조,대졸,사무직,1,55.32906886923463
28.94295331514064,10991.62653073356,12.09337670355333,13.90320193874184,31871.1658946021,여성,서울,IT,대졸,기술직,0,46.62418519414696
37.850789697112646,23834.2933505851,14.624967525876777,21.03093858169499,31528.99865696448,여성,경기,기타,대졸,사무직,0,50.00796021188338
36.919657158142584,12724.898188900617,15.081106147714584,21.568975056599925,34545.67036742772,남성,경기,기타,대졸,사무직,0,50.05686366726918
47.796605322693395,10525.303942007045,11.26806473845253,28.72455528535447,27566.070316808476,여성,지방,IT,고졸,사무직,0,52.38614503837064
53.10308746119608,15219.218699144405,17.8131959780211,34.93833233596539,15625.586955949246,남성,서울,서비스,대학원졸,사무직,1,61.95323502225508
53.95683810789956,39972.606748590944,11.059813094478157,36.18861223640382,82372.59009287016,남성,경기,기타,고졸,기타,1,57.04730208357653
34.37831973421698,35419.15003638742,9.146598158553989,18.046790664901962,24145.439620362995,여성,지방,서비스,고졸,관리직,0,50.226962489980316
37.90778126255472,24872.109668068108,15.142334214095156,17.419591798215254,64462.95684103442,남성,지방,기타,대졸,기타,1,58.52632919924559
23.165618077790498,10235.831340518054,11.547775596756981,4.453719812847492,9584.471232067785,여성,지방,서비스,고졸,기술직,0,44.42669475944797
31.94129933503811,19967.468920899715,14.963874412272164,11.775513204059001,13518.710333107474,남성,지방,제조,대졸,사무직,0,53.214381602317154
49.64851633097457,25612.864004970448,6.788994196698409,34.21936775880156,38433.32516805484,여성,경기,서비스,고졸,사무직,0,50.487414353189
56.15582823548232,24047.062213536905,18.177367824449203,31.500955206906244,46706.73750494942,남성,지방,서비스,대학원졸,사무직,0,61.90464024487134
27.65651128120078,8761.33183435675,16.016880224121206,8.210795525802931,23106.193829081305,남성,서울,IT,대학원졸,사무직,0,53.49258793100442
34.075357408471056,14112.850947410994,9.498570352510995,18.46266447309775,41429.77434699929,남성,경기,기타,고졸,관리직,1,53.63353389160639
39.73594243041073,21331.947655712454,9.563668628461143,24.455465375429352,34104.05201090092,여성,지방,IT,고졸,기술직,0,47.44136569237355
42.80161158819607,28800.42591582463,19.016797712292583,18.735331085338107,18752.455776104394,남성,경기,기타,대학원졸,사무직,0,55.0703919752403
31.90396480078354,7346.18264638583,11.787860289506124,16.457427769912737,17430.94099013572,여성,지방,서비스,고졸,사무직,0,48.345886177717546
44.24061044464089,20311.408703447003,11.49744545380213,23.432715566459898,38854.366840279414,남성,지방,IT,고졸,사무직,0,47.915637319499595
35.26160652929084,23659.603636972006,7.201843717552151,23.228810915413554,38322.131047111856,남성,경기,기타,고졸,사무직,0,46.55003093468338
39.855477291217206,33684.93535394384,12.947665383195337,20.371533629538344,42886.72314972592,남성,지방,IT,대졸,사무직,0,52.53836892113825
45.462842480037,31145.61650363872,13.316841155492742,26.479277115167935,54691.58795233791,남성,경기,서비스,대졸,관리직,1,56.23741340463829
40.064222698109376,29474.644356761164,16.146479290308456,20.037643747325674,39693.47440902941,여성,서울,IT,대학원졸,사무직,1,62.20975052972288
35.63614109473431,14765.220774885029,9.802764715446575,17.44500307646405,35326.228778687124,여성,지방,IT,고졸,관리직,0,48.71780293314406
38.90390196074169,8484.522764160098,9.439139623278171,21.43947345457734,15778.957505017539,남성,경기,서비스,고졸,사무직,0,44.210027849710926
39.11637040794665,18096.496255464448,15.35288790432943,13.892622584189606,48717.92928171278,여성,지방,기타,대졸,사무직,0,52.052929147792874
36.29988970117872,36345.145041755495,17.020190213681193,12.181381603969974,67560.52855712161,여성,경기,기타,대학원졸,기타,0,52.07669156569943
37.41203937332897,44210.9274003296,9.28654294664635,24.786361115440258,48439.96934616222,남성,경기,서비스,고졸,기술직,0,48.43396605194228
55.986471705047165,31422.345255563287,17.244542258899223,32.500755069201006,82569.43004704578,남성,지방,IT,대학원졸,사무직,1,62.96765143531207
45.60919447941239,27300.776156252472,14.112625524460464,22.816319163642355,51681.669117216035,여성,경기,IT,대졸,기타,0,55.194799218894936
37.045196819708394,26630.69626070463,17.275416017223936,12.798423313334364,27086.150282977313,남성,경기,IT,대학원졸,사무직,0,56.928628187813686
46.969544045107355,16679.582183023653,13.78933891544715,24.204481722678963,34339.415486316575,남성,서울,서비스,대졸,사무직,0,51.77932112240962
36.6618051024399,20639.662200839834,6.433166247536149,21.978266651441427,28777.71408039224,남성,지방,기타,고졸,관리직,0,48.748799628973096
51.73124637586641,50743.29464297597,13.544097853051884,32.96478634334195,132491.45427828506,여성,서울,서비스,대졸,관리직,0,61.85754866087818
43.69642192198094,13748.994829370926,17.18043145601381,18.168243813355076,22455.53682170174,남성,지방,제조,대학원졸,사무직,0,48.717732186294256
38.92697855995771,49384.37686462849,11.318761942748857,23.83348522761546,114379.32292938727,남성,경기,기타,고졸,사무직,0,53.75836083030584
44.477169258102776,18750.69172567327,12.836105093277643,25.49882358316446,13853.770807904124,남성,지방,IT,대졸,기타,0,55.48676550920891
24.291238479315005,42732.54361781643,13.471599489347065,4.9908283978569905,63674.090939113834,남성,지방,기타,대졸,사무직,0,49.91586109576284
28.73232531090195,10900.81128486094,5.301458360394555,16.874121015291607,32245.729008533483,남성,서울,제조,고졸,사무직,0,47.655686846106974
28.060749936009444,29523.80306649467,19.01404272631243,4.592402886784461,74433.95746725885,여성,경기,제조,대학원졸,기술직,0,57.88107394344572
41.429430947637066,15239.026237562486,11.295872960308476,25.69987776288261,13712.868328097298,남성,지방,기타,고졸,기타,0,50.77913517351152
57.32514999485092,10854.840668499817,15.517206297418397,36.47805240125686,12965.131585532168,여성,지방,제조,대졸,사무직,1,58.75362620600027
62.31300146192632,24569.64510587248,13.739896591555373,43.70268308218624,32543.465987703905,남성,경기,기타,대졸,관리직,1,66.8993202875404
46.380511014407574,36487.89695462001,17.77285716907808,22.183474505488643,77570.12736278877,여성,지방,기타,대학원졸,기술직,0,58.06352949508366
45.00844474944457,14436.70615335268,15.218168367284242,24.874682395978425,34539.630332626446,여성,지방,IT,대졸,기술직,0,44.93513374305595
21.98942265847261,10409.686228193035,13.295227185437076,2.0184399220879197,24710.68515752634,남성,지방,제조,대졸,관리직,0,45.49211015602801
34.57326200265978,21037.831960346743,11.31945472244216,17.258270524542425,37335.52777395956,여성,지방,IT,고졸,기타,0,48.03335415308179
32.12216248091761,21084.265610237013,16.393552104146416,9.1793228780386,53281.021760155534,남성,경기,기타,대학원졸,사무직,1,56.9545977014119
33.79152401748884,28974.16395493223,8.37967608813615,18.497410850714296,46147.01205477242,여성,지방,서비스,고졸,사무직,0,46.85943146857426
38.318561814152105,35411.69053415983,15.937671260827678,15.002666957880846,28672.895870687964,남성,경기,서비스,대졸,기타,0,53.18930458043659
35.27909422302873,21381.73665642605,10.702865745335382,19.51160868541112,40862.73536848794,여성,서울,서비스,고졸,관리직,0,46.2002099112632
20.207001896242122,55700.90410087122,17.75685098586992,0.0,160460.57229741843,여성,경기,제조,대학원졸,기술직,0,53.7112347774004
47.47910256117534,24639.777122849475,14.483898627988085,29.337407876526374,61167.85563678992,여성,서울,기타,대졸,기술직,1,64.10320788257238
29.272569742601934,18523.33832334761,15.932371303550326,4.827067767160738,36060.3388745333,남성,서울,기타,대졸,관리직,0,47.77390861772622
42.39246864111149,9840.052451298294,14.245966441474158,24.72490830245108,20831.530284728502,남성,경기,기타,대졸,관리직,1,50.87565593052895
60.740826697499735,19315.636724477423,8.74286871457701,45.36164097968687,54593.81352176986,여성,서울,IT,고졸,기타,0,56.373525757014164
30.806154084135766,18616.555180444208,11.417812509813984,14.589807604612965,29243.94576208238,여성,지방,IT,고졸,기술직,0,48.091938414862334
14.697124772536704,35601.83278147841,16.017168012834148,0.0,47296.5131892337,여성,서울,서비스,대학원졸,사무직,1,58.251248953983506
37.139957781198895,27756.957598906753,14.499967452079533,16.923950156867374,81691.61050847023,남성,서울,IT,대졸,기술직,0,50.18413084951365
51.00959634998571,12213.723055582876,17.542969715917017,28.09407299986251,32471.499795141146,여성,서울,IT,대학원졸,기술직,1,58.98810016174249
59.583474542205934,24007.635227267423,15.209823689111515,35.40444126925511,31392.598968714472,남성,서울,기타,대졸,기술직,1,57.686916059657456
27.70450405547583,30815.2687840293,11.09989432789202,11.82114406027219,51136.44380325091,여성,경기,기타,고졸,기술직,0,51.89696846179534
44.966992232365214,47288.18145337517,11.611807586838097,30.04705466120375,72714.81543130825,남성,경기,기타,고졸,사무직,0,55.048626888459324
35.34689543219947,34329.21375777775,14.308752171569711,14.6888473692665,29960.450437570373,남성,지방,기타,대졸,기술직,0,50.59338685216951
38.94051645695864,32222.599305928365,7.057867801999684,28.602984916614982,93269.87034973894,여성,지방,기타,고졸,관리직,0,44.55428745599601
66.44343347017035,22698.247487777844,19.020325656868955,41.04372082639658,34292.08280941703,남성,지방,제조,대학원졸,관리직,1,63.97677985819942
24.970296716048466,26746.42243712173,15.325240209132671,5.34422556900903,71903.01475789018,여성,서울,기타,대졸,기술직,0,50.856113332092775
42.537396614945735,41140.670058648524,17.68110379114662,14.419152891896918,40045.94024572569,여성,경기,IT,대학원졸,사무직,0,52.4695641781051
44.676931717654334,11311.908521626556,9.258188177572492,34.256299098708766,21149.615489807315,남성,서울,서비스,고졸,기술직,1,55.08504458729966
50.857863249393475,18495.455576762164,17.733695481065766,30.115084258813624,10355.669623690137,남성,지방,제조,대학원졸,관리직,0,62.131807734905586
40.97983153470896,14968.684916443894,20.694496733083245,13.716083793118354,36082.78153154149,여성,서울,IT,nan,기술직,1,58.65956103662582
43.08050539504102,26624.21873681691,10.037364933868048,23.098962407885338,51978.05610382325,남성,경기,서비스,고졸,관리직,1,53.131874508915246
36.08351432578209,40745.9239469916,16.3142053847113,14.345365677681768,84098.52594871754,여성,서울,서비스,대학원졸,기술직,1,59.557723257285765
42.69126941245107,16342.312081166432,14.00332983406188,19.800088484241677,10284.253050136973,여성,서울,IT,대졸,사무직,1,53.608093320403704
36.5680772450259,6666.483685159636,9.366698455255268,22.091085864885606,6850.450805777484,남성,지방,기타,고졸,관리직,1,55.34062824699555
46.21571889856051,17923.888003700853,15.47865191555561,25.560198421333464,12292.689580057815,남성,지방,기타,대졸,사무직,1,62.598190986828726
36.30389663956366,34777.881200874246,16.500809614512043,11.920280687047567,42508.509981079194,남성,지방,서비스,대학원졸,기술직,0,52.655155406785475
43.77100393902187,28819.714162393022,12.196620341993459,27.816317644257165,59616.389220534285,여성,경기,서비스,대졸,사무직,0,49.02983151923655
39.707371863150215,27285.02030782257,17.49774956076567,17.820771707996894,52263.50035417152,남성,지방,서비스,대학원졸,사무직,1,57.57589234142801
51.26050250772168,19148.95356638521,8.999709779632408,38.2124394026664,38879.548057557105,남성,지방,서비스,고졸,기술직,0,51.36526527855115
39.48606276411514,11620.01860926135,9.515731560651068,23.98804661080186,21765.784291059645,여성,지방,제조,고졸,기술직,0,47.71670630487353
22.269675317931185,28499.65214695436,14.409792186766257,0.0,33702.89033063685,여성,경기,기타,대졸,관리직,1,56.12304082325022
52.619215007139914,14513.856531917882,14.076155833916815,34.49880371764537,16128.795109547142,남성,경기,IT,대졸,관리직,1,57.232912215076304
30.94267699137381,65647.07778391599,11.850279534727685,12.551654658374543,55317.45815737014,남성,지방,제조,고졸,관리직,0,54.92551495085009
33.4623366135118,29297.386825279864,16.42878330791566,8.253993019210805,76837.58807295597,여성,경기,서비스,대학원졸,기술직,0,52.78587736219756
34.04338705956508,16476.260210275144,15.592682942647848,15.154782848865882,33631.3159191102,여성,지방,서비스,대졸,기술직,0,47.70413876854204
53.74438093170817,16224.981093560345,16.574417212802047,35.368778759911145,15677.834675828091,여성,지방,서비스,대학원졸,기술직,0,51.823312150158024
18.643257860213044,21026.270197556612,13.630590693943198,0.0,19828.265852935354,여성,경기,제조,대졸,기술직,0,46.75083802139366
71.37748533659993,19540.588424546244,15.807740803935022,53.887986841871495,52419.36763576911,여성,경기,기타,대졸,기술직,0,58.918666191333905
50.56056809066052,38500.12964854871,12.663049090910016,32.080148456973205,90738.15119644026,여성,경기,서비스,대졸,기타,0,57.75779354835703
42.2323891412916,24178.233974299746,20.16145607025979,15.310021262699108,51946.88007812498,여성,지방,제조,nan,사무직,1,55.84491150452317
39.451059993837134,15278.22865904911,11.562362689634043,20.627780395832136,23179.52149988798,여성,지방,제조,고졸,기타,0,49.878635295839864
42.85554074857657,56682.47406646374,20.315892288374936,19.813813276187123,65464.79485389257,여성,서울,IT,nan,사무직,1,63.96729718584699
45.211224283793385,22576.259437376524,14.104663841268225,23.546272679749613,66568.96605411707,남성,경기,제조,대졸,사무직,1,56.37472678708907
46.45215585950057,32351.63494740546,9.87346733129377,32.049227148156774,80655.82671560849,남성,서울,제조,고졸,사무직,0,53.228560091602255
45.55604466003449,16250.626588025807,18.104238051465803,20.33347893845027,20385.56696204327,여성,지방,서비스,대학원졸,기술직,0,56.229498505136746
40.895806812552486,26411.57959186253,14.377704165184877,19.59748912221888,69169.6024863568,남성,경기,IT,대졸,사무직,0,50.14747448133162
38.02661579692674,25733.6562430633,16.553372295140715,17.53374288972516,61692.062815352634,여성,경기,제조,대학원졸,기타,0,50.6298524641662
38.487267163464885,8562.738652029373,17.67156775562778,14.055625715258397,10640.927094030878,남성,지방,서비스,대학원졸,기타,0,47.78245700191426
38.05091719647319,60333.1845304283,15.013866662435076,16.22745977519753,94504.82243256849,여성,서울,서비스,대졸,관리직,1,59.27622575158796
51.337700968670646,41995.68821556461,12.223277465561557,35.380032897458705,40520.951395911245,남성,서울,제조,대졸,기술직,1,59.84501293094476
45.935567222808615,18059.052144980207,16.92714013300775,26.203221676244112,14043.28078211958,여성,경기,서비스,대학원졸,기타,0,47.79577872421449
10.596113653357197,12693.751325778187,14.002266522363787,0.0,29283.279444341686,여성,서울,제조,대졸,기타,0,42.3245822931774
46.55900776529761,26206.973197200346,16.057573455825256,23.191894758224453,30630.17678761534,남성,경기,제조,대학원졸,기술직,0,59.693130199744814
41.94736194718775,23002.285273830556,7.538808278625616,27.387336669966977,58659.241317844964,여성,지방,서비스,고졸,관리직,0,49.03912915683526
39.81291243554102,26313.42316017798,15.340945151029555,18.631797811991543,78651.39490018562,남성,지방,서비스,대졸,기술직,0,53.36461749870803
36.11481546911114,24240.709222205478,12.08424252456491,18.67243306839755,16763.651186422994,남성,지방,제조,대졸,기술직,0,49.31279686625303
51.24112719986013,28370.935284952986,18.95992891153559,24.305466468044994,47736.58994562474,남성,지방,서비스,대학원졸,사무직,0,57.556315208889835
49.475264621228575,45417.503514542645,15.869262043667286,29.05207845672102,113777.94952322499,남성,경기,기타,대졸,기술직,1,61.06243052438197
32.27122332176391,29262.192475131345,14.71957323754789,11.722676743495219,72347.17870760821,여성,경기,IT,대졸,사무직,0,52.84158544388987
44.07052287124535,13032.118595168966,15.458929980050664,19.180176253918432,31276.99204598595,남성,서울,기타,대졸,사무직,0,52.7095071166656
30.283432654587138,43533.299342514154,11.004677441369845,11.420902248295834,59748.902140055696,여성,지방,기타,고졸,관리직,0,45.572623011489874
26.203818352110694,50026.45686388131,18.869770071584163,0.3257909332232036,81774.90422709157,남성,지방,기타,대학원졸,기타,0,54.11431544755114
33.73282775410035,106513.64385664309,19.974111255250712,7.613001121167526,211687.44122792486,여성,서울,IT,대학원졸,기타,0,51.21324086628268
48.62393472382759,12559.755626953965,15.17874053164465,31.22375178319093,36861.0171256096,남성,경기,IT,대졸,기술직,0,55.48407605522994
49.53125045376087,24870.583700220715,18.771210705720918,25.236382360319208,32801.02139424701,여성,경기,서비스,대학원졸,기술직,0,51.59173917242747
45.130854200972934,7777.192169793273,12.292555403982398,25.156755017193287,21837.2646227568,여성,경기,제조,대졸,사무직,0,47.72722793019275
47.25095786847997,29044.214278403328,11.608659301325059,30.083560175769236,34080.257261713225,여성,지방,IT,고졸,관리직,0,49.991547284104726
45.16178287114958,16745.751292804238,14.122774246186768,24.334833130055053,49779.863168617,남성,경기,기타,대졸,사무직,1,57.20586446834794
33.585184047770476,57625.64062722796,15.304823115103696,12.929877411733864,125373.75617013314,여성,지방,서비스,대졸,사무직,0,54.38867403480774
44.31922544673941,14953.378127375763,12.818039956270638,26.66232086454,24804.345144140672,남성,경기,IT,대졸,관리직,0,56.837784992756426
48.00409525227683,9465.49614343809,15.613304571105452,28.80925197561925,19247.85989986377,남성,지방,서비스,대졸,사무직,0,47.51156099117236
47.542913298135744,17402.482190393624,14.919168446220242,26.575171860575452,20558.038134070193,남성,지방,서비스,대졸,사무직,0,56.316413310741325
51.88913371474643,8203.007336673627,11.005079674126835,38.16197509581926,9724.129080063489,남성,지방,서비스,고졸,기타,0,51.272024251517806
47.083038472010635,32065.941303396987,15.556379052355163,27.342704744727858,25136.05399574723,남성,서울,서비스,대졸,사무직,0,54.91636643903722
43.51448207541583,7843.641455468831,16.590584727564565,19.509018258226888,6158.244835460984,여성,서울,서비스,대학원졸,사무직,0,52.62191734629203
50.701502383164275,22342.116099628518,14.514407952771172,34.60680576189003,30590.36408096038,남성,경기,IT,대졸,사무직,1,60.63560097534875
39.7347874075094,7793.880005849991,17.457944309785077,16.93083212426452,18760.95014424917,남성,경기,기타,대학원졸,사무직,0,52.18783403112911
31.18125348772282,18766.921374699796,10.347788619509144,13.163215860269204,37907.828438347766,남성,지방,기타,고졸,사무직,0,44.47363878021312
38.36933036056236,50095.631011059195,15.403851266395556,20.271305196627647,37895.411209966,여성,지방,서비스,대졸,관리직,0,51.59268830832458
32.55097355193551,26379.011281530085,10.489157880809675,20.21737084152273,69392.39790794393,여성,서울,기타,고졸,사무직,0,51.733156129423534
