X1,X2,X3,X4,X5,treatment,outcome,true_propensity,true_cate,Y0_true,Y1_true
0.4967141530112327,-0.13826430117118466,0.6476885381006925,1.5230298564080254,-0.23415337472333597,1,6.8169692713694765,0.7549811890240947,3.518150830480554,3.298818440888923,6.8169692713694765
-0.23413695694918055,1.5792128155073915,0.7674347291529088,-0.4694743859349521,0.5425600435859647,0,4.4909574038889115,0.14626433987916745,3.613947783322327,4.4909574038889115,8.104905187211239
-0.46341769281246226,-0.46572975357025687,0.24196227156603412,-1.913280244657798,-1.7249178325130328,1,6.463404564542047,0.5889322665639429,3.1935698172528273,3.2698347472892193,6.463404564542047
-0.5622875292409727,-1.0128311203344238,0.3142473325952739,-0.9080240755212109,-1.4123037013352915,1,7.686890823544321,0.658592856554972,3.251397866076219,4.435492957468102,7.686890823544321
1.465648768921554,-0.22577630048653566,0.06752820468792384,-1.4247481862134568,-0.5443827245251827,1,10.022522159454558,0.9012160229123981,3.054022563750339,6.96849959570422,10.022522159454558
0.11092258970986608,-1.1509935774223028,0.37569801834567196,-0.600638689918805,-0.2916937497932768,1,8.076143040997675,0.6400998497155252,3.3005584146765377,4.775584626321137,8.076143040997675
-0.6017066122293969,1.8522781845089378,-0.013497224737933921,-1.0577109289559004,0.822544912103189,0,1.7215308990179712,0.02710798157142412,2.989202220209653,1.7215308990179712,4.7107331192276245
-1.2208436499710222,0.2088635950047554,-1.9596701238797756,-1.3281860488984305,0.19686123586912352,1,3.023999295892767,0.46712248230804426,1.4322639008961795,1.5917353949965878,3.023999295892767
0.7384665799954104,0.1713682811899705,-0.11564828238824053,-0.3011036955892888,-1.4785219903674274,1,7.406505635890621,0.6681684556285724,2.9074813740894077,4.499024261801214,7.406505635890621
-0.7198442083947086,-0.4606387709597875,1.0571222262189157,0.3436182895684614,-1.763040155362734,0,3.2143675620229244,0.6503073977470188,3.8456977809751325,3.2143675620229244,7.060065342998056
0.324083969394795,-0.38508228041631654,-0.6769220003059587,0.6116762888408679,1.030999522495951,1,4.958708918935624,0.4526974606676848,2.458462399755233,2.5002465191803918,4.958708918935624
0.9312801191161986,-0.8392175232226385,-0.3092123758512146,0.33126343140356396,0.9755451271223592,1,7.962177286579288,0.6237621199571671,2.7526300993190285,5.2095471872602594,7.962177286579288
-0.47917423784528995,-0.18565897666381712,-1.1063349740060282,-1.1962066240806708,0.812525822394198,1,3.28033002521196,0.35680950688456786,2.1149320207951776,1.165398004416782,3.28033002521196
1.356240028570823,-0.07201012158033385,1.0035328978920242,0.36163602504763415,-0.6451197546051243,1,11.307701314312624,0.9256184320198682,3.8028263183136195,7.504874995999003,11.307701314312624
0.36139560550841393,1.5380365664659692,-0.03582603910995154,1.5646436558140062,-2.6197451040897444,0,3.293283273729535,0.2371277851649641,2.971339168712039,3.293283273729535,6.264622442441574
0.8219025043752238,0.08704706823817122,-0.29900735046586746,0.0917607765355023,-1.9875689146008928,1,7.058885806121852,0.6575294751980891,2.760794119627306,4.298091686494546,7.058885806121852
-0.21967188783751193,0.3571125715117464,1.477894044741516,-0.5182702182736474,-0.8084936028931876,0,2.8495431941666673,0.41072722860715766,4.182315235793213,2.8495431941666673,7.031858429959881
-0.5017570435845365,0.9154021177020741,0.32875110965968446,-0.5297602037670388,0.5132674331133561,1,4.79559881525087,0.24698029338917313,3.2630008877277477,1.5325979275231227,4.79559881525087
0.09707754934804039,0.9686449905328892,-0.7020530938773524,-0.3276621465977682,-0.39210815313215763,0,1.2198090604021168,0.19781893577768522,2.438357524898118,1.2198090604021168,3.658166585300235
-1.4635149481321186,0.29612027706457605,0.26105527217988933,0.00511345664246089,-0.23458713337514692,0,2.891634846938943,0.4214660100796443,3.2088442177439114,2.891634846938943,6.100479064682855
-1.4153707420504142,-0.42064532276535904,-0.3427145165267695,-0.8022772692216189,-0.16128571166600914,0,3.0632913694105586,0.5219623612288622,2.725828386778584,3.0632913694105586,5.789119756189143
0.4040508568145384,1.8861859012105302,0.17457781283183896,0.25755039072276437,-0.07444591576616721,0,5.695397303822566,0.19604832339190514,3.139662250265471,5.695397303822566,8.835059554088037
-1.9187712152990415,-0.026513875449216878,0.06023020994102644,2.463242112485286,-0.19236096478112252,1,7.040032360931683,0.6056742776940973,3.048184167952821,3.9918481929788623,7.040032360931683
0.30154734233361247,-0.03471176970524331,-1.168678037619532,1.1428228145150205,0.7519330326867741,1,4.776878768068467,0.4669334646316953,2.0650575699043743,2.7118211981640923,4.776878768068467
0.7910319470430469,-0.9093874547947389,1.4027943109360992,-1.4018510627922809,0.5868570938002703,1,8.17671608647556,0.7015755410495553,4.12223544874888,4.05448063772668,8.17671608647556
2.1904556258099785,-0.9905363251306883,-0.5662977296027719,0.09965136508764122,-0.5034756541161992,1,12.831922123281043,0.9081415386581002,2.5469618163177823,10.28496030696326,12.831922123281043
-1.5506634310661327,0.06856297480602733,-1.0623037137261049,0.4735924306351816,-0.9194242342338032,1,4.060141199816368,0.33939111121102095,2.150157029019116,1.9099841707972514,4.060141199816368
1.5499344050175394,-0.7832532923362371,-0.3220615162056756,0.8135172173696698,-1.2308643164339552,1,9.455096638778482,0.8108528374683136,2.7423507870354595,6.712745851743023,9.455096638778482
0.22745993460412942,1.307142754282428,-1.6074832345612275,0.1846338585323042,0.25988279424842353,0,2.323765006508764,0.2674131725399782,1.7140134123510178,2.323765006508764,4.037778418859782
0.7818228717773104,-1.236950710878082,-1.3204566130842763,0.5219415656168976,0.29698467323318606,0,5.796019599476408,0.5240481665356773,1.943634709532579,5.796019599476408,7.739654309008987
0.25049285034587654,0.3464482094969757,-0.6800247215784908,0.23225369716100355,0.29307247329868125,1,5.45996705678462,0.36584379199639006,2.455980222737207,3.0039868340474127,5.45996705678462
-0.7143514180263678,1.8657745111447566,0.4738329209117875,-1.1913034972026486,0.6565536086338297,0,3.0761297020165306,0.03647461078204886,3.37906633672943,3.0761297020165306,6.45519603874596
-0.9746816702273214,0.787084603742452,1.158595579007404,-0.8206823183517105,0.9633761292443218,0,2.015047079364615,0.24576657014353775,3.9268764632059234,2.015047079364615,5.941923542570539
0.4127809269364983,0.82206015999449,1.8967929826539474,-0.2453881160028705,-0.7537361643574896,0,4.236161282489693,0.3835133659548344,4.517434386123158,4.236161282489693,8.753595668612851
-0.8895144296255233,-0.8158102849654383,-0.0771017094141042,0.3411519748166439,0.27669079933001905,0,3.230665150520898,0.5800772995427862,2.9383186324687167,3.230665150520898,6.168983782989615
0.8271832490360238,0.01300189187790702,1.4535340771573169,-0.2646568332379561,2.720169166589619,1,10.147676039022787,0.758220976872528,4.1628272617258535,5.984848777296935,10.147676039022787
0.6256673477650062,-0.8571575564162826,-1.0708924980611123,0.4824724152431853,-0.2234627853258509,1,6.4388931962924865,0.5091098723510253,2.14328600155111,4.295607194741376,6.4388931962924865
0.714000494092092,0.47323762457354485,-0.07282891265687277,-0.846793718068405,-1.5148472246858646,0,3.7736243522408532,0.6461167068387398,2.941736869874502,3.7736243522408532,6.715361222115355
-0.4465149520670211,0.8563987943234723,0.21409374413020396,-1.245738778711988,0.173180925851182,0,0.5375672058446362,0.25288697348805295,3.171274995304163,0.5375672058446362,3.708842201148799
0.3853173797288368,-0.883857436201133,0.1537251059455279,0.058208718445999896,-1.142970297830623,0,4.82642769201143,0.6326269783842055,3.1229800847564224,4.82642769201143,7.949407776767853
0.3577873603482833,0.5607845263682344,1.083051243175277,1.053802052034903,-1.377669367957091,1,7.086498453660472,0.628364902337517,3.8664409945402216,3.22005745912025,7.086498453660472
-0.9378250399151228,0.5150352672086598,0.5137859509122088,0.5150476863060479,3.852731490654721,0,2.1407758246571507,0.36583911134105535,3.411028760729767,2.1407758246571507,5.551804585386918
0.570890510693167,1.135565640180599,0.9540017634932023,0.651391251305798,-0.3152692446403456,1,9.014879788542292,0.6088629632260161,3.763201410794562,5.25167837774773,9.014879788542292
0.7589692204932674,-0.7728252145375718,-0.23681860674000887,-0.48536354782910346,0.08187413938632256,1,6.9054176789889805,0.6072394533086535,2.8105451146079927,4.094872564380988,6.9054176789889805
2.3146585666735087,-1.867265192591748,0.6862601903745135,-1.6127158711896517,-0.47193186578943347,1,15.435089040101861,0.8604489747506411,3.549008152299611,11.886080887802251,15.435089040101861
1.088950596967366,0.06428001909546277,-1.0777447779293061,-0.7153037092599682,0.6795977489346758,1,6.90720179925745,0.7256206993356945,2.1378041776565553,4.769397621600895,6.90720179925745
-0.7303666317171367,0.21645858958197486,0.045571839903813784,-0.6516003476058171,2.1439440893253257,0,0.9725117127147689,0.3723267624872582,3.036457471923051,0.9725117127147689,4.00896918463782
0.6339190223180112,-2.025142586657607,0.18645431476942764,-0.661786464768388,0.852433334796224,0,7.468602846662389,0.4019415923954402,3.149163451815542,7.468602846662389,10.617766298477932
-0.7925207384327007,-0.11473644146689901,0.5049872789804571,0.8657551941701215,-1.2002964070557762,1,6.395735569644191,0.5781898023581469,3.4039898231843657,2.991745746459825,6.395735569644191
-0.3345012358409484,-0.4749453111609562,-0.6533292325737119,1.7654542402810969,0.40498171096095553,1,5.6614392850823085,0.3810958740120741,2.4773366139410307,3.184102671141278,5.6614392850823085
-1.2608839543350452,0.9178619470547761,2.1221561970126332,1.0324652605511468,-1.5193699659540134,0,1.4810115751337274,0.07965211119213986,4.697724957610107,1.4810115751337274,6.178736532743834
-0.48423407286625136,1.2669111491866227,-0.7076694656187807,0.44381942814622843,0.7746340534293368,0,-0.4176243253656605,0.06329750897289561,2.4338644275049752,-0.4176243253656605,2.0162401021393146
-0.926930471578083,-0.05952535606180008,-3.2412673400690726,-1.0243876413342898,-0.2525681513931603,0,1.7070395468533788,0.4114819860332641,0.40698612794474176,1.7070395468533788,2.1140256747981203
-1.2477831819648495,1.6324113039316352,-1.4301413779606327,-0.44004448669698376,0.13074057728609134,0,-0.7358793896619968,0.02068400036142871,1.8558868976314937,-0.7358793896619968,1.1200075079694969
1.4412732890661155,-1.4358621511794394,1.1631637521549596,0.010233061019587049,-0.9815086510479509,0,7.57586027545509,0.7714656896164578,3.930531001723968,7.57586027545509,11.506391277179059
0.46210347426327075,0.19905969557347003,-0.6002168771587947,0.06980208499001891,-0.3853135968617602,1,5.525510057820004,0.46163542775082206,2.5198264982729643,3.005683559547039,5.525510057820004
0.11351734525124804,0.6621306745210467,1.586016816145352,-1.237815498826849,2.1330333746562666,1,7.0408284000538055,0.39149421232051135,4.268813452916282,2.7720149471375235,7.0408284000538055
-1.9520877995225019,-0.15178509503558332,0.5883172064845765,0.28099186773503265,-0.6226995198205938,0,5.7122009421019735,0.7661876867085113,3.470653765187661,5.7122009421019735,9.182854707289636
-0.20812225035727522,-0.4930009346588328,-0.5893647569442115,0.8496020970210246,0.35701548596504734,1,4.579096167019754,0.3943867792351558,2.5285081944446306,2.0505879725751237,4.579096167019754
-0.6929095952606542,0.8995998754332507,0.30729952087660933,0.8128621188389601,0.6296288419236122,1,5.455262480726165,0.2195829995281358,3.2458396167012875,2.2094228640248774,5.455262480726165
-0.8289950109220723,-0.5601810401969696,0.7472936051232618,0.6103702654334648,-0.020901593964148132,1,7.262382542145433,0.6930330188760094,3.5978348840986096,3.664547658046823,7.262382542145433
0.117327383308782,1.277664895788425,-0.5915713888358299,0.5470973811700379,-0.20219265243389406,0,1.0616230927038395,0.1456205915278405,2.526742888931336,1.0616230927038395,3.5883659816351754
-0.2176812032272203,1.09877685198719,0.8254163489880298,0.8135096360006385,1.305478807154329,0,4.04645857005732,0.2969234079174342,3.660333079190424,4.04645857005732,7.706791649247744
0.02100384163275905,0.6819529712949639,-0.31026675659345604,0.3241663524884421,-0.13014305436768459,0,0.6819615198977781,0.2855640294266313,2.7517865947252353,0.6819615198977781,3.4337481146230133
0.09699596499271819,0.5951570254369136,-0.8182206832334725,2.0923872756854602,-1.006017381499702,0,0.4491706617109531,0.27392951056224984,2.345423453413222,0.4491706617109531,2.794594115124175
-1.2141886127877322,1.1581108735000678,0.7916626939629359,0.6241198170521551,0.6283455092642799,0,1.8317348734191747,0.13587978265608058,3.6333301551703485,1.8317348734191747,5.465065028589523
-0.012246772846914623,-0.8972543714858315,0.07580455819372633,-0.6771617115121117,0.9751197334177512,1,8.245015850527516,0.5756431855694778,3.060643646554981,5.184372203972534,8.245015850527516
-0.14705738150213865,-0.8254971967925115,-0.32138584165299344,0.41293145427562433,-0.5637245528039747,0,4.302108717946052,0.46038673069574904,2.742891326677605,4.302108717946052,7.045000044623658
-0.8222203955664315,0.2436872114919123,0.24496657110872277,-0.5069431753711298,-0.4710383056183228,0,2.7273021801971655,0.4139563076987935,3.1959732568869783,2.7273021801971655,5.923275437084143
0.2320499373576363,-1.4480843414973241,-1.4074637743765552,-0.718444221252436,-0.21344715171184725,1,8.175576281331411,0.45385259497814506,1.8740289804987558,6.301547300832655,8.175576281331411
0.3109075655980046,1.475356216949552,0.8576596232020194,-0.1599385299634271,-0.01901620790268883,1,10.244502124617398,0.36725945795619874,3.6861276985616156,6.5583744260557815,10.244502124617398
-1.0025293646378088,-0.01851313599238993,-0.2886586389201383,0.3227185603380895,-0.827230943552323,1,4.710010785394367,0.3536587957664396,2.7690730888638893,1.9409376965304772,4.710010785394367
0.5193465142411723,1.5327389130025777,-0.1087601484568576,0.40171172209894146,0.6901439917111125,0,4.886850809558745,0.2929103754895223,2.9129918812345137,4.886850809558745,7.799842690793259
-0.40122047188583626,0.22409248181041677,0.01259240078179486,0.09767609854883172,-0.7730097838554665,0,1.9244526048082913,0.39106018341825166,3.010073920625436,1.9244526048082913,4.934526525433728
0.024510174258942714,0.49799829124544975,1.4511436077950417,0.9592708260852069,2.1531824575115563,0,2.5478045696685183,0.4434108931052423,4.160914886236034,2.5478045696685183,6.708719455904552
-0.7673475628880495,0.8723206367206782,0.18334200573835174,2.1898029332176723,-0.8082982853551515,0,0.883648759845561,0.19770748695338794,3.1466736045906814,0.883648759845561,4.030322364436242
-0.8397218421807761,-0.5993926454440222,-2.123895724309807,-0.525755021680761,-0.759132661553698,0,4.730167381322341,0.6868520675115035,1.3008834205521544,4.730167381322341,6.031050801874495
0.15039378647620763,0.34175597577715944,1.8761708392158862,0.9504238381860503,-0.5769036556624031,0,2.4886027258484518,0.3945422793418226,4.500936671372709,2.4886027258484518,6.989539397221161
-0.898414671348358,0.4919191715065057,-1.3202332070206422,1.8314587658543537,1.179440120721287,0,0.30774584039675734,0.21337274264678718,1.9438134343834863,0.30774584039675734,2.2515592747802438
-0.4691756521047048,-1.7131345290908775,1.3538723741654128,-0.11453984525261789,1.2378163119734618,0,5.847567362455041,0.5995338099123176,4.08309789933233,5.847567362455041,9.930665261787372
-1.594427658794367,-0.5993750229537729,0.005243699718183166,0.046980593764742055,-0.45006547147924364,1,8.765792040028531,0.708216325296082,3.0041949597745465,5.761597080253984,8.765792040028531
0.6228499323474987,-1.0676204293825944,-0.1423794850212935,0.12029563171189886,0.514438834058749,1,6.4763090651988096,0.5604195794795092,2.8860964119829653,3.5902126532158443,6.4763090651988096
0.7116148780888898,-1.1246420918378692,-1.5341141707356223,1.277676821898509,0.33231401197959165,1,8.113218487624154,0.5955963232479933,1.7727086634115021,6.340509824212652,8.113218487624154
-0.7484865365565536,1.551151975522523,0.11567463429285867,1.1792971840638264,0.06751848141010895,0,1.536643182065887,0.05280344589753235,3.092539707434287,1.536643182065887,4.629182889500174
2.060747924881987,1.7553408424432044,-0.2489641484790735,0.9715709509543554,0.6453759495851475,1,17.438650377253236,0.9766105501914126,2.8008286812167413,14.637821696036493,17.438650377253236
1.3686315575323487,-0.9649234605801045,0.6860514599984393,1.0584244868495878,-1.7587394864231143,1,10.756461245284358,0.8700908738154505,3.5488411679987513,7.207620077285607,10.756461245284358
-1.183258512665775,-2.0392321777601006,-0.26940683444455776,0.7175422557959623,1.502357052096028,1,12.790538393229781,0.6670298656944129,2.784474532444354,10.006063860785426,12.790538393229781
0.07409478041977519,1.6286155455712918,-1.3801014582148914,-1.7033824393551547,-0.05554769889661878,0,1.6057803171147162,0.1076512677440797,1.8959188334280868,1.6057803171147162,3.501699150542803
0.3840654489393073,-0.03269474809409311,-2.0674421000398766,-0.08912003951278841,-1.3044695005048532,1,6.072591425520549,0.7097358336123992,1.3460463199680985,4.72654510555245,6.072591425520549
0.6696725488300385,0.36659824609684827,-0.9398797863273552,-0.5138669173366935,-1.0592135218889516,0,2.793921976188545,0.5216147686554737,2.2480961709381155,2.793921976188545,5.042018147126661
-0.06267909727317188,0.9551423205012383,-0.9857260463355437,0.5040465155178444,-0.5302576183724408,0,0.8452833210444648,0.1707142680429092,2.211419162931565,0.8452833210444648,3.0567024839760295
-0.7928728322623442,-0.10703035995455783,-1.035242322419374,-0.553649305347182,-1.1978778925888485,0,2.3377057268600048,0.325727162077653,2.1718061420645007,2.3377057268600048,4.5095118689245055
1.9647251329163893,0.03526355197172861,-0.6997255079925856,0.213979910734222,-0.11232804969082982,1,10.667014631787035,0.9496684811968769,2.4402195936059314,8.226795038181104,10.667014631787035
-0.22096959953322298,0.6141667000434252,0.7575077100473051,-0.5305011476105275,-0.57581824064468,1,5.995268907008496,0.45817944923071796,3.606006168037844,2.3892627389706522,5.995268907008496
-0.275051697151644,-2.301921164735585,-1.5151910621985523,1.3668742674445247,1.6449677135012837,0,11.666380425594552,0.36726126815684246,1.7878471502411581,11.666380425594552,13.45422757583571
-0.24903603955637832,0.5765569630557664,0.3112501545435361,3.0788808084552377,1.1195749114345768,1,5.616096538562864,0.40184387461435495,3.2490001236348287,2.367096414928035,5.616096538562864
-0.12791759148076653,-0.9555404406004258,-1.6064463202575725,0.2034636358672231,-0.7563507452843033,0,5.35492879770956,0.5602689607032886,1.7148429437939419,5.35492879770956,7.0697717415035015
-1.4222537095976742,-0.6465728842425266,-1.081548003614395,1.6871416350725648,0.8816397569494505,1,5.889935746177709,0.5597725541483878,2.134761597108484,3.7551741490692256,5.889935746177709
-0.007972641316617372,1.4799441388900259,0.0773683076476183,-0.8612842013282637,1.5231240772696573,0,2.23777438934929,0.1562770088140423,3.0618946461180947,2.23777438934929,5.299669035467385
0.5389100436846587,-1.0372461543264564,-0.1903386780836082,-0.8756182533847572,-1.382799730964336,0,4.253720916290404,0.5384535658102715,2.8477290575331136,4.253720916290404,7.1014499738235175
0.9261775475316414,1.9094166404701305,-1.3985675738191412,0.5629692366905709,-0.6506425691218269,0,6.460147440436611,0.401589928129959,1.881145940944687,6.460147440436611,8.341293381381298
-0.48712538376469605,-0.5923939242388692,-0.863990769679816,0.04852162794482699,-0.8309501164110378,0,2.4173289232796495,0.3901707309529784,2.308807384256147,2.4173289232796495,4.726136307535796
0.2704568257798388,-0.05023810944913695,-0.23894804686640975,-0.9075636620415979,-0.5767713305683327,1,5.25036622038021,0.49915349040275764,2.8088415625068723,2.4415246578733374,5.25036622038021
0.755391225825756,0.5009171876243808,-0.977555244798551,0.09933230542922587,0.751387123371789,0,2.978819426620525,0.5491759744016076,2.217955804161159,2.978819426620525,5.196775230781684
-1.6694052811213718,0.543360192379935,-0.6626237589458467,0.5705986685931593,-0.7632591565425169,0,1.4163434620729731,0.1675426891549073,2.4699009928433227,1.4163434620729731,3.8862444549162958
-1.804882100664519,-1.6275424378831627,0.048084946661381994,0.25972250172148187,-0.9043166251044086,1,13.152326835767576,0.9016541177051557,3.0384679573291056,10.11385887843847,13.152326835767576
0.6385924587773739,-1.6615200622689599,-0.06607979864731657,-1.2110161997624567,-0.6518361078021592,0,6.283271595882887,0.4466136610393094,2.9471361610821467,6.283271595882887,9.230407756965034
0.047398671316414016,-0.8604133652839524,-0.38455554422982535,1.0062928092144405,-0.5768918695231487,0,2.467743377583593,0.45346506741716447,2.6923555646161397,2.467743377583593,5.160098942199733
0.8356921120651418,-1.129706854657618,0.5298041779152828,1.4415686206579004,-2.4716445001272893,1,8.316564528803228,0.7402966219581835,3.4238433423322263,4.892721186471002,8.316564528803228
-0.7968952554704768,0.57707212718054,-0.2030453860429927,0.37114587337130883,-0.6039851867158206,1,3.6869181112221265,0.20450661420877506,2.837563691165606,0.8493544200565207,3.6869181112221265
0.08658978747289992,-0.15567723539207948,1.1677820616598074,0.2544208433012131,0.3376026620752022,0,2.5747054884145935,0.6411186603233929,3.934225649327846,2.5747054884145935,6.508931137742439
-0.4118769661224674,-0.48760622407249354,-0.4325581878196209,0.39445214237829684,-0.42098448082026296,0,3.462515090192303,0.4101514665684686,2.653953449744303,3.462515090192303,6.116468539936607
0.2897748568964129,2.075400798645439,0.8711247034316923,-0.32602353216784113,1.2012139221639448,0,5.799104419591118,0.1568084398170252,3.696899762745354,5.799104419591118,9.496004182336472
-0.4080753730215514,-2.038124535177854,-1.008086310917404,-1.8707919210258557,-0.35151348404130867,1,10.100060254038041,0.34498058347889476,2.1935309512660766,7.906529302771965,10.100060254038041
0.0184183791895517,1.6764373122752827,0.32692737376416264,-0.21910052880886424,0.8294055811834892,0,3.9311876045170155,0.15077052654026787,3.26154189901133,3.9311876045170155,7.192729503528346
-2.211135309007885,0.23561455810856594,0.7708651938869668,-1.4785862457798415,1.143754043206929,1,8.236995876682602,0.6785553331035142,3.6166921551095736,4.62030372157303,8.236995876682602
0.3384964074944141,-0.4152879139008013,0.6327818661062848,2.270692857804396,0.18186625505849516,1,6.620310736354206,0.7275324312786468,3.506225492885028,3.1140852434691775,6.620310736354206
0.24822058630033608,-0.4593608995402441,-0.8498443694647918,0.8303358165442456,-0.8560838259088672,1,4.493367009936273,0.4367791492096308,2.3201245044281666,2.173242505508107,4.493367009936273
0.07156623721939247,-0.4776574467651167,0.47897982574639186,0.3336621052869483,1.0375399442578992,1,6.591815192084374,0.6730535664027116,3.3831838605971134,3.20863133148726,6.591815192084374
-0.510016398854747,-0.26987493529337125,-0.9787637157823074,-0.4442932600761116,0.3773004930448522,1,3.9145265111840892,0.353314273228644,2.216989027374154,1.6975374838099355,3.9145265111840892
0.7569886166453519,-0.9221653241776254,0.8696059201056602,1.355637858804951,0.41343490322370086,1,9.786294391289207,0.7699649520961223,3.6956847360845284,6.090609655204679,9.786294391289207
1.876795812558066,-0.773789199103573,-1.244654703311417,-1.7787202489042786,1.496044311489183,1,10.999207962962195,0.8915448499995511,2.0042762373508665,8.994931725611329,10.999207962962195
0.6543656563540577,-0.05558467091045507,0.2799686263198203,-1.1254890472983765,2.4457519796168263,1,7.888936212017695,0.7432488529148106,3.2239749010558563,4.664961310961839,7.888936212017695
0.1292211819752275,0.10939479460489289,0.725766623898692,0.4810092317367132,0.22388402427913137,1,7.2009633763699945,0.6563195471584344,3.5806132991189537,3.620350077251041,7.2009633763699945
-0.7904744554453119,0.4714683571359957,1.8820244964750337,1.3454200461549777,1.593186626639397,1,6.108110152624715,0.21375352321503727,4.5056195971800275,1.6024905554446867,6.108110152624715
-0.5112156764311852,-0.9896048202585809,-0.12578692009964815,0.055724912288694604,1.0941915184709485,0,2.7997591018156265,0.5320828385061422,2.8993704639202815,2.7997591018156265,5.699129565735908
-1.6924646297148194,1.5295503194606137,-0.15800789857898942,-0.42688106994742003,-1.0121043752601675,0,0.522828641075786,0.022447791774663276,2.8735936811368084,0.522828641075786,3.396422322212594
-1.6548566718657693,0.8231705839619146,0.07331796718840389,-1.2899608997410539,-1.295078772063616,1,5.1206765070558475,0.17002497930733151,3.058654373750723,2.062022133305125,5.1206765070558475
-0.3357846992901282,1.669021525289393,-0.2595913513636048,-1.5031429531181062,-0.24574306408594432,0,0.7401193801618239,0.04662271358532261,2.792326918909116,0.7401193801618239,3.5324462990709398
-0.2727235697476705,-2.6968866429415717,-0.05429486651781221,-0.23093453020867796,0.6962063648134184,0,12.287542541342905,0.26457778101128643,2.95656410678575,12.287542541342905,15.244106648128655
1.8489560949453452,1.1265650295477574,-0.26888869055483056,-1.1065259087416703,2.5733598032498604,1,13.929789913185264,0.9591298754460206,2.7848890475561356,11.144900865629129,13.929789913185264
0.05921843401448826,0.013929291912946203,-0.024125087110003277,0.19808476076785494,-0.14436041192394247,1,5.268195544285882,0.5030828384937338,2.980699930311997,2.2874956139738845,5.268195544285882
-0.5736620068802363,-0.5468589412403921,-0.03275327021599839,-0.543424771133765,-0.7128457826771644,0,2.713175168282062,0.5235901342127274,2.9737973838272014,2.713175168282062,5.686972552109264
0.10643022769189683,-0.2549772174208553,1.5039929885826886,-2.650969808393012,1.0915068519224618,1,6.0264010927869975,0.5692320140779324,4.203194390866151,1.823206701920847,6.0264010927869975
1.246085192497629,-2.0733902324081495,-0.34268759408034877,-0.37144086599579146,-1.4075116947178212,0,8.702039047341298,0.2909808467952263,2.725849924735721,8.702039047341298,11.42788897207702
-0.7778166875908753,-1.1105758454658288,1.7522704434236227,0.9356783931474612,1.2715550949941588,1,7.0625835573468905,0.5609203307794965,4.401816354738898,2.660767202607993,7.0625835573468905
0.7216720640432351,-1.1290517712172292,-0.5245202662797737,0.48937456122791806,-1.2221278088919454,1,7.8916086793500995,0.478697902090417,2.580383786976181,5.311224892373919,7.8916086793500995
0.7129984301723881,-0.24032539815813503,-0.3748208075495975,0.7109599682034915,0.44426331148603976,0,2.87725228417673,0.6027418821939171,2.700143353960322,2.87725228417673,5.577395638137052
-0.3609661658190799,1.159329803364248,-1.0810633275998973,0.6159356069442637,0.5931012579683838,0,0.34019968790582494,0.09553112088689557,2.1351493379200823,0.34019968790582494,2.475349025825907
-0.3095464393139903,0.326133022242118,-1.251113576385303,0.924027019206901,-0.18490213644298903,0,1.1134309607597408,0.2959556537489791,1.9991091388917577,1.1134309607597408,3.1125400996514987
-0.5227230205190395,1.0490092258368893,-0.7043436905427592,-1.4084612963635597,-1.5566291735239037,0,-1.167867497505243,0.08890289611567438,2.4365250475657927,-1.167867497505243,1.2686575500605497
0.6060099513456396,-1.280429352496283,1.7547941819843647,-2.081929407883722,1.6964563682900382,0,4.311321630352371,0.5054685794326416,4.403835345587492,4.311321630352371,8.715156975939863
0.2110174672026184,-0.09671311187039239,-0.5449190868089497,0.39913611435207086,-0.037634702424848364,0,2.459297574468083,0.4253491472331614,2.56406473055284,2.459297574468083,5.023362305020923
1.1033018820165215,0.11422764866203965,0.1503017614618776,-0.36361221221385587,-0.056945623721067457,1,9.318266945109546,0.8433543008503384,3.120241409169502,6.198025535940043,9.318266945109546
0.3078017688920592,-1.7101683926566256,-1.348185422105713,0.743264094022715,0.17086543812794186,0,7.0461960935159915,0.38295444773785237,1.9214516623154296,7.0461960935159915,8.967647755831422
-0.18398333635267913,0.01843393306539316,0.34758170536167105,-0.5397596803093615,-0.7783047254023127,1,6.222229860552579,0.5598305714060443,3.2780653642893367,2.9441644962632423,6.222229860552579
0.19584525509768155,-0.978372777615032,0.40825275571447184,-1.7025836042378404,1.0291556373256436,1,8.153023742831264,0.6644346669112078,3.3266022045715777,4.8264215382596865,8.153023742831264
0.472597482413043,0.25602973431387566,0.9826909839455139,1.6654744444625766,1.0143700650181304,1,7.551868745656864,0.7208147664832985,3.786152787156411,3.765715958500453,7.551868745656864
-1.8408742313316453,-1.2795769667357015,-0.6248185776956788,0.026091050210833786,0.517659020469123,1,11.971613251538031,0.8044094522510591,2.500145137843457,9.471468113694574,11.971613251538031
-0.7257438131534656,0.18676676447707832,-0.7553829323533225,-0.6115178029919482,-1.4066610968482223,1,3.127546067493088,0.24286121895759488,2.395693654117342,0.7318524133757461,3.127546067493088
-0.9232332461109043,-1.3516846056163336,-0.9758732529773327,1.0536417966078395,-0.949398888831943,1,8.702469009731486,0.5210726405110652,2.2193013976181337,6.483167612113352,8.702469009731486
2.632382064837391,0.4933179008808892,0.1848361236948739,-0.8583577801812136,0.7003098794089914,1,19.141326598904136,0.99817271360418,3.147868898955899,15.993457699948237,19.141326598904136
-0.5756378262377739,0.12200981464536144,2.5600845382687947,-0.09605989972464987,1.1492733262856758,0,1.5950185360888076,0.274092542617962,5.048067630615035,1.5950185360888076,6.643086166703843
-0.7031764251258874,-0.0349884904969617,1.77080063563551,-0.6269670577877674,1.8124485579969287,0,0.7522578274973908,0.3749022313375164,4.416640508508408,0.7522578274973908,5.168898336005799
0.7077519354554754,-0.5624667758942676,0.632407739055521,0.9725544496267299,0.6218099622171964,1,8.515240114147105,0.7893581371790976,3.505926191244417,5.009313922902687,8.515240114147105
-1.5702247198904564,-0.7271371758248686,-0.24751863555150475,-0.07443342910004629,0.620672097550678,1,7.554949922558185,0.6716403373412189,2.8019850915587963,4.752964830999389,7.554949922558185
0.17770100093325383,-1.3353443587101013,0.3801978510059632,0.6105857452838231,0.5597904479310398,0,4.996959373166907,0.6208879733046956,3.3041582808047707,4.996959373166907,8.301117653971676
1.0807807255546218,0.8339221545489041,0.4591800792284367,-0.07016571145864703,-1.6609609335159914,1,11.248959262639712,0.8554261686598877,3.3673440633827494,7.881615199256963,11.248959262639712
0.42961821913258585,0.20768768716311115,0.27157883719537346,-1.2767485758203094,-1.0810565404082624,0,3.2203463002323587,0.6607588561256932,3.217263069756299,3.2203463002323587,6.437609369988658
1.0531528533329035,-0.03955515385665504,0.6815006973726244,0.028318376130461172,0.02975613949574519,1,9.219600900685204,0.8784814198964358,3.5452005578980996,5.674400342787105,9.219600900685204
0.9382838059759977,-0.5160447282173739,0.09612077694098337,-0.4622752887050425,-0.4344962274323156,1,8.132980439877802,0.7630762424651832,3.0768966215527866,5.056083818325015,8.132980439877802
-0.30917212346863937,0.22213377163371284,-0.4787486216634773,1.2557561255735208,-0.8946073022195039,0,0.1346792140492178,0.29084408063730666,2.617001102669218,0.1346792140492178,2.751680316718436
-0.18687164416135904,-0.4397310582741749,1.4469778843537329,0.19655477651157463,1.0318445394686349,1,7.608091054306476,0.5644017437000151,4.157582307482986,3.4505087468234894,7.608091054306476
-1.485560373036972,0.26705026586925884,0.889630795623437,0.08228398927542419,1.0654803750653512,1,6.598925914672771,0.5088856460442963,3.71170463649875,2.8872212781740214,6.598925914672771
-0.5172884501003722,1.40934744018558,2.2988981236192503,-0.36283856043965906,-0.4455025214007718,0,2.8479813228991353,0.046241099850959436,4.839118498895401,2.8479813228991353,7.687099821794536
1.453384477117701,1.5795721457307124,-0.5228600271532683,-0.42018681709585726,-0.2817846088605072,1,11.91813566781659,0.7959132043245799,2.581711978277385,9.336423689539206,11.91813566781659
-1.344450511034277,-0.9186519464841982,-1.0041407667520679,-0.7677975651041284,-0.03468488738678118,1,7.033979222975249,0.5897425684587154,2.1966873865983456,4.837291836376903,7.033979222975249
0.23421473253652075,1.5505004928140769,-0.998354040738791,0.9843223984765838,-0.21398884422550896,0,1.9515050737073287,0.12246265772909937,2.2013167674089673,1.9515050737073287,4.152821841116296
-0.04946370965243295,0.6748194921666038,-1.1227220215622986,0.3824097461840506,0.1664522082130561,1,2.524280202019246,0.2465099506567154,2.101822382750161,0.42245781926908443,2.524280202019246
0.4924512640081491,0.2891686439078181,2.4553001399108942,-0.637739984251316,-0.5309969550018176,0,4.147278258768257,0.45504555971365757,4.964240111928715,4.147278258768257,9.111518370696972
-0.6231405264247644,-0.5554771191602547,-0.6373871273065177,1.1890165311075518,1.4205042479898549,0,2.71674777094397,0.39505787910629797,2.4900902981547857,2.71674777094397,5.2068380690987555
-0.5707462937494763,-0.8323555731042287,0.4714155563864041,-0.5522230442809712,0.6329318177555108,1,7.4578119387256026,0.6784472500481842,3.3771324451091234,4.080679493616479,7.4578119387256026
0.2029230208512997,-1.515744114997232,1.5475052013300616,1.7958776730955217,-0.6127886904843862,1,7.901287612044767,0.49650389560315883,4.238004161064049,3.6632834509807175,7.901287612044767
-0.38770155993598415,0.28586539072490497,0.334456789987025,0.6585442726728304,2.0102045387663496,1,5.3556018344362695,0.4638848230623678,3.26756543198962,2.08803640244665,5.3556018344362695
-0.1769472274940494,-0.7982972445384537,-1.3793192280145272,-0.7309300399419191,-0.033126972873797095,0,3.706322200309182,0.49321203822394327,1.8965446175883782,3.706322200309182,5.60286681789756
1.7945578635177877,-0.5176112990361714,0.2237879516388985,-0.016422896072752075,1.188393273448084,1,13.291519230752344,0.9457673736377146,3.179030361311119,10.112488869441226,13.291519230752344
2.5269324258736217,-0.5308687729203206,-0.48943944251822213,1.044160877069072,0.6818914896263114,1,14.523462803635407,0.9817124906150757,2.608448445985422,11.915014357649985,14.523462803635407
1.8467073257360336,0.5839281853259639,-0.35929209078705954,0.5906548306923093,1.1087035805829077,1,12.109820711600157,0.9550251159689804,2.7125663273703524,9.397254384229806,12.109820711600157
0.820482181197364,0.5072740311072977,1.066674689589154,1.1692955904456728,1.3821589910375272,0,5.27295814267828,0.7997240058692341,3.853339751671323,5.27295814267828,9.126297894349603
0.6487098875896427,-0.16711808031685435,0.14671368643332283,1.2065089665083568,-0.8169356709872361,0,3.833698259358879,0.7142534637177047,3.1173709491466584,3.833698259358879,6.951069208505537
0.3686733088729012,-0.3933388123273607,0.028744822934817487,1.2784518626072987,0.19109906801990334,1,6.193612515489775,0.6153792818917679,3.022995858347854,3.170616657141921,6.193612515489775
0.04643654815614881,-1.3598561409799192,0.7462535660272207,0.6454841811410754,2.16325472330546,1,8.905582930293736,0.6611485797533475,3.5970028528217766,5.3085800774719605,8.905582930293736
-0.30777823495300083,0.21915032766393897,0.24938368371075526,1.5774532797634744,-0.0952955323869521,0,2.2973494080623578,0.4725853868078353,3.1995069469686044,2.2973494080623578,5.496856355030962
0.27902152577033923,0.6078965097165392,0.1866091231563581,-0.44643361455052827,0.19408999289830758,1,6.592491106184562,0.5217588263916423,3.1492872985250866,3.443203807659476,6.592491106184562
1.073631749859772,-1.0265152994110602,0.132969674146876,-0.7001208149391732,1.1950466289248425,0,6.40514511418543,0.7341699832702174,3.106375739317501,6.40514511418543,9.511520853502931
-1.5231869047837747,-0.5589218472715883,0.37721187506452086,1.5655240292343404,-0.0657502610729878,1,6.408797071463102,0.7611066629076461,3.3017695000516167,3.1070275714114857,6.408797071463102
-0.5551995266931984,1.8811570694405901,-1.448013900416244,-2.198805956620082,0.4400144500533324,0,-0.2324531046075786,0.023865040757866936,1.8415888796670048,-0.2324531046075786,1.6091357750594262
-0.5020542243526112,-1.0212328171307132,0.7083564472993533,0.24380071377119883,-0.5640786307367284,1,7.4841651027541705,0.7051098080552941,3.5666851578394825,3.917479944914688,7.4841651027541705
-1.2803043986708944,0.8724573282801447,0.650201177958661,-0.09917586377938291,1.8466369960476658,1,6.1157592384216315,0.22507907946454306,3.5201609423669287,2.5955982960547024,6.1157592384216315
-1.0700847663261526,-1.5255251709247388,-0.6919080698812444,-0.045586016355497805,0.24333944932269183,0,7.8721871597120705,0.5631765360511546,2.4464735440950043,7.8721871597120705,10.318660703807074
-0.24123605785632987,0.3520553965142968,-1.251539424190444,1.4437646040732595,-0.0821511783925688,0,0.2280491809757304,0.30116562340489045,1.9987684606476448,0.2280491809757304,2.2268176416233754
1.1172958315881276,0.34272534637770413,0.4567532191537839,0.5697672802322039,0.44770856001731496,1,9.631285665840377,0.881679406053902,3.365402575323027,6.265883090517351,9.631285665840377
0.6427227598675439,1.3291525301324314,0.19652116970147013,0.7090037575885123,-0.08973569428722672,1,8.02135163901085,0.5110902593419101,3.157216935761176,4.8641347032496745,8.02135163901085
1.4401172154494728,-0.6763923020592697,1.8009404329108156,-0.04015795064434341,-1.4307751021180481,0,6.747874063323398,0.812069328172305,4.440752346328653,6.747874063323398,11.18862640965205
0.12810441491078928,-0.6810516574748808,0.8406435489887241,-0.6526239793023909,-0.4461834332147797,1,7.674942918249869,0.7045493597078547,3.6725148391909794,4.002428079058889,7.674942918249869
-1.889540730945531,-0.4523063192490767,-2.4238793266289567,-1.5839028234857233,0.7604146561442974,1,8.336977267055758,0.8396825034413414,1.0608965386968345,7.276080728358924,8.336977267055758
0.7858001586508322,0.42545756178496474,-0.966976143129213,-0.047711356141979855,-0.0036025390905684044,1,5.910847458637729,0.5702472198916397,2.2264190854966297,3.6844283731411,5.910847458637729
-1.1583646891925428,1.5033983017671506,0.8773622905756714,-0.22096417382966393,0.02688583899453078,0,2.6112269744850933,0.06350249305518284,3.7018898324605374,2.6112269744850933,6.313116806945631
0.20838280794755248,-2.0417348684242906,-0.24717738252059693,-0.6819842479977986,-1.0016200098949155,0,7.587269872036922,0.3022691427487174,2.8022580939835224,7.587269872036922,10.389527966020445
-0.2811002928859549,1.7976865268495226,0.6408428612670098,-0.5711789897827968,0.5725827813561586,0,4.183324231577092,0.08824239483363319,3.512674289013608,4.183324231577092,7.695998520590701
1.3993554365860021,0.9246336829127688,0.05963036992017413,-0.6469367777055739,0.6982233136135899,1,10.138216514636202,0.8983417382579204,3.047704295936139,7.090512218700063,10.138216514636202
0.3934853854217496,0.8951932200277323,0.6351718016819695,1.0495527153193351,-0.535235211560568,0,4.1883448352537584,0.5876436359162469,3.5081374413455757,4.1883448352537584,7.696482276599334
1.3173940656343257,0.19759960469239965,2.0752608726252655,-0.6891878180895679,1.7359638031652493,1,10.657844351629032,0.8118330816143009,4.660208698100212,5.99763565352882,10.657844351629032
0.1979107834626478,-0.6514180036144483,-0.48388583405432156,-0.32034730819432017,0.4241659464019164,1,6.162902838569991,0.45378363856370557,2.6128913327565426,3.550011505813448,6.162902838569991
0.5228354880354996,-0.573700003938579,-0.02435459226098284,2.1422703586118637,1.7275431701007113,1,6.510512998326704,0.6290946300957323,2.9805163261912138,3.5299966721354905,6.510512998326704
0.4363236696740321,0.03800347816820029,0.1200313267182613,0.6135179727304166,-1.0227925651984056,1,5.975441261406285,0.6399468986127798,3.096025061374609,2.879416200031676,5.975441261406285
-0.2573765374233451,-1.6685840738775894,0.39922312260527926,0.647195939702741,-0.483186462299374,0,6.524711519046292,0.6094695708548501,3.3193784980842236,6.524711519046292,9.844090017130515
1.5739867632900328,-1.2257656630023412,-1.4643748802098202,0.22445181855997204,1.0470983026121545,1,10.502840420863937,0.7604383858482866,1.8285000958321438,8.674340325031793,10.502840420863937
1.6839276914578687,-0.45888426286894,1.0786808334312956,-0.03850846950070721,-0.17262729994081963,1,11.552098871422633,0.9485755407343232,3.8629446667450367,7.689154204677595,11.552098871422633
0.8836599374866724,0.6523228784134196,-1.5763921569842494,1.4765403497258958,1.3800913541474515,1,6.0779663272673705,0.7203037050913833,1.7388862744126004,4.33908005285477,6.0779663272673705
-0.6255627015095294,0.39580353343740904,0.4940301862827388,0.2606737658239071,-0.5503051538454201,0,2.555150727557261,0.4311217351582581,3.395224149026191,2.555150727557261,5.950374876583452
-0.6716233679380516,-0.025554070991445278,1.1727290192593647,0.5436001545944323,-0.37061433208610595,1,6.674651010575238,0.5359677744192911,3.938183215407492,2.7364677951677465,6.674651010575238
0.7716987106483447,-2.8485426206300755,1.1487657003721035,-1.7397137787780996,-0.36244094140313216,0,10.324050287261315,0.1529333627699048,3.919012560297683,10.324050287261315,14.243062847558997
-1.1196698946261439,-1.2946814757209058,1.1608267873785194,-0.46770120131189136,0.3465038817307158,0,5.662535848151983,0.7842854304181287,3.9286614299028155,5.662535848151983,9.5911972780548
-0.04692057887918407,0.47704082722312147,0.07682189106025536,-1.2829922241885696,0.99626681944714,0,1.1401578837217503,0.4164092314247286,3.061457512848204,1.1401578837217503,4.201615396569954
-0.4937565831613125,-1.556581898659751,-0.4281151609659125,1.5007597906343109,0.8502217421134929,0,5.628532355974177,0.44434086455447847,2.6575078712272697,5.628532355974177,8.286040227201447
-0.3486521344078592,-0.3492577043184288,-0.3216350512173826,2.076747983560841,0.38193545223155334,0,1.6119989374472679,0.4177465795520278,2.742691959026094,1.6119989374472679,4.354690896473362
0.43004164719106963,1.0302834540318422,0.23878915902651351,-0.2590421458207031,-0.19634984908497827,0,3.690671803969054,0.4949153738284977,3.1910313272212107,3.690671803969054,6.881703131190265
-0.07160125941406395,-0.03722223650984159,0.7276295436369798,0.05194588580729943,0.7326400772155792,1,6.7589936762658365,0.637591765058153,3.582103634909584,3.1768900413562524,6.7589936762658365
-0.08071658010858232,0.07863519031609059,-1.9982006845321076,0.9163276747024814,0.3464884758979927,1,3.627553057603898,0.5835233376892227,1.4014394523743139,2.226113605229584,3.627553057603898
0.9980101098596522,-2.8962553781936893,2.0883747047807275,-0.13958962815517376,1.1081828167375165,1,11.334658596649302,0.05414341432527266,4.670699763824582,6.6639588328247195,11.334658596649302
-1.0399059271255309,0.6127739050625697,-1.0534155631736561,-0.6237689606958051,1.9140313538667861,0,-0.16862806255236407,0.1454196210867044,2.157267549461075,-0.16862806255236407,1.9886394869087107
-0.19068240076334658,0.21743287317972287,0.8700677306887542,0.49568188797260465,0.15041890514357642,0,2.261492789295512,0.5692173808082704,3.6960541845510035,2.261492789295512,5.957546973846515
0.3649610024662254,2.403415585238275,-0.05761879703358539,0.2010990467149675,1.050654396007612,0,6.22307161459314,0.05473161259978049,2.9539049623731315,6.22307161459314,9.176976576966272
1.1055259329579838,1.1870303055603801,0.6387302220291846,-1.1430049127304835,1.633431532301096,1,10.9165074587224,0.8471804253987442,3.5109841776233477,7.405523281099052,10.9165074587224
-1.146345393018688,0.30263546523903323,-0.7542758500193579,-0.06413834659299254,0.3287624103034804,1,3.796050867509951,0.21083087153375302,2.3965793199845136,1.3994715475254376,3.796050867509951
0.32135721545027307,0.42192075423528475,1.613711269058647,0.45353430151397983,-0.24415663529064868,1,8.301919311793554,0.5069590682490664,4.290969015246918,4.0109502965466355,8.301919311793554
0.9640871682883573,1.1894704889246406,-1.2276078151369925,0.597400069849858,0.7011727423108983,1,6.975059688858195,0.5935999141794506,2.017913747890406,4.95714594096779,6.975059688858195
-0.29756350335999193,1.3757068133116195,-0.15005558703252672,0.12557645347154225,-0.1730718242838696,0,0.745199430544749,0.09620175875424201,2.879955530373979,0.745199430544749,3.625154960918728
0.015579047581467534,-1.0962750868952018,-1.4400508825942944,1.5945050632249722,-0.8469613483183278,0,5.596644393169353,0.5056382971735001,1.8479592939245644,5.596644393169353,7.444603687093917
-0.9913923494563072,-2.153390113603715,-0.6389617476895022,-1.3230897934074983,1.642015160136369,0,10.624581390177077,0.5138617151033308,2.4888306018483983,10.624581390177077,13.113411992025476
1.0098170893426341,-0.6881503451777238,2.2524358053443088,0.9817654869915943,-0.32483138350862245,1,8.399694475988746,0.6148220294041526,4.801948644275447,3.5977458317132993,8.399694475988746
-2.499405714873573,2.2909425725907417,-1.389572466763596,-1.6453987469568918,1.0225704320096403,0,0.430233476246079,0.0013986087979829668,1.888342026589123,0.430233476246079,2.318575502835202
2.439752406339273,1.3842728185105182,0.5639091200523596,0.594754341665286,0.8534155587803077,1,21.0459446791588,0.9980483668433957,3.4511272960418875,17.59481738311691,21.0459446791588
0.7589285897867651,0.2811914239693758,0.10420110395187607,-0.06259312789952241,-0.7539645888666763,1,6.656408318316235,0.7247821152959549,3.0833608831615007,3.5730474351547334,6.656408318316235
-0.28067507686677406,-1.6929568141953855,-0.09833962679474989,-0.9885911071509175,-1.103589317215771,1,8.807437949270234,0.4749094678623407,2.9213282985642,5.886109650706034,8.807437949270234
0.17989415115347845,1.3920022863445993,0.918316606002313,-1.570500603623177,-0.9896281365703375,1,8.89784587036397,0.33270848674651105,3.7346532848018503,5.16319258556212,8.89784587036397
0.9407711879882159,-0.9824873935383096,-0.2246331499970246,0.5500520990245519,-0.9683444548636353,1,7.532826362434779,0.6203259798790983,2.8202934800023804,4.712532882432399,7.532826362434779
0.1053755061459599,-1.3340254949182044,-0.6013676439512137,0.31978193414253697,-1.5929937335316693,0,4.974619435764233,0.38229947465654796,2.518905884839029,4.974619435764233,7.493525320603262
0.440474737960399,-0.019637798926681216,0.5524899544171478,0.22391413406466143,1.3641404299738442,0,4.105705629314269,0.7292923733128813,3.4419919635337184,4.105705629314269,7.547697592847987
0.12522450264790727,-0.429405541125253,0.12229750303228377,0.5432980290363879,0.04886007032570433,0,3.0077348639092647,0.5985832488168427,3.097838002425827,3.0077348639092647,6.105572866335091
0.04059169120388238,-0.7019916878067554,-0.6629009175509482,-1.4026052717996935,1.7495767431869393,1,4.951530219645237,0.4146793025964589,2.4696792659592415,2.481850953685996,4.951530219645237
-1.243863235391285,-0.6929051977959073,-0.7184072655691974,0.8949243769444413,-0.2949496782920278,0,3.6961504925357134,0.5027240118779517,2.425274187544642,3.6961504925357134,6.121424680080356
1.2477420726737338,-0.6734906242438685,0.27899416222380197,-0.8353470532597573,2.1451491277733883,0,6.21446694118043,0.8492500223734141,3.2231953297790414,6.21446694118043,9.437662270959471
-1.1875984190295128,0.3098207102270275,0.6337768809320985,0.41379909745149823,-0.1852876588777083,1,5.408717340366388,0.46154917204905505,3.507021504745679,1.901695835620709,5.408717340366388
-0.12982069973342616,0.0438114719791096,-0.14700200162848862,0.9638791167949097,2.2105230015913513,0,1.8468136547976841,0.42547488288091656,2.8823983986972093,1.8468136547976841,4.729212053494893
-0.5574917850078336,-1.3698029795790778,-0.08828204835125482,2.5797093376543185,-0.8036745679697308,0,5.640629922980022,0.5522860712732424,2.929374361318996,5.640629922980022,8.570004284299017
1.6391168054440675,1.6777008140764407,-0.5535882417079946,0.5689830791852754,1.628396623128538,1,13.087539930861457,0.8710699700307779,2.5571294066336043,10.530410524227852,13.087539930861457
-0.3791277409874871,-0.20358036010236177,-0.5816809139486437,-1.0147567306928669,-0.6492775450660071,0,1.0279357615978773,0.349163258314162,2.534655268841085,1.0279357615978773,3.562591030438962
-1.2239402667622565,0.03408346825922607,-0.7699732310586418,0.2337859117907477,-1.5558956462036273,0,0.9192812306339609,0.29318443540806105,2.3840214151530867,0.9192812306339609,3.303302645787048
0.33088023221445706,0.8335289616089246,-1.9937356425714554,0.37405656984757213,1.2276689924732922,1,3.9251576693412398,0.5457741339782916,1.4050114859428355,2.520146183398404,3.9251576693412398
-1.2096410186912054,1.6725723868377034,0.4190190093660452,-0.7050118557584089,-0.05576907765770601,0,2.5868593465893497,0.034593310108479366,3.335215207492836,2.5868593465893497,5.922074554082186
0.5583269125217224,0.0760053914124115,0.5387559924463692,-0.9206735930793662,0.169360824036078,0,4.4488234386502645,0.7526482511275424,3.4310047939570953,4.4488234386502645,7.87982823260736
-1.4137144969049802,-0.11122606134870032,-0.9039076414647897,-0.7355299425897666,1.2360931752104374,0,2.4818526449461986,0.3674792562200722,2.2768738868281684,2.4818526449461986,4.758726531774367
1.091310120594269,0.609138120907177,-1.092312764672579,-0.3164084496948019,1.2130976999791834,1,7.388839335345715,0.716971075099515,2.126149788261937,5.262689547083777,7.388839335345715
0.14171691363990474,2.319329539981694,0.39331783939437187,0.1920491164900316,-0.3091164642025014,0,6.355469126331433,0.05924353600951641,3.3146542715154976,6.355469126331433,9.67012339784693
0.1335409047822823,-0.1524698363805439,0.7081086766885905,0.9567023167945841,-0.7859894605079495,1,6.925093306244678,0.6849308152613702,3.566486941350872,3.3586063648938063,6.925093306244678
-1.331232953557778,-1.8362053731032966,0.5079913269125437,-1.1033666061738736,-2.152890592952483,1,13.113586887266692,0.8575707768485914,3.406393061530035,9.707193825736658,13.113586887266692
0.3885786045309641,2.4929995174327906,-0.006070911539893324,0.8384907744516419,0.08182935854756501,0,6.167479156391541,0.05094910075646871,2.9951432707680854,6.167479156391541,9.162622427159626
-0.09888965319114267,0.9190764829877686,-0.29027454418865134,0.26739231407190295,0.3216978061960136,0,0.6886081845901015,0.20484889448838106,2.767780364649079,0.6886081845901015,3.456388549239181
-0.6680904536430488,0.9920423495365228,-0.17495975669540864,-0.7557451594928447,0.5365098435704035,0,0.9315179236956694,0.12240825512446254,2.860032194643673,0.9315179236956694,3.7915501183393427
-0.8984679817910373,0.028181157369128247,-0.009118996644203544,1.085895565831578,0.4746982328799528,1,5.318723150086445,0.41070674780260596,2.9927048026846372,2.3260183474018077,5.318723150086445
-0.025026958745143917,0.8177662992002871,1.3902075490173134,0.5578103063518622,0.010352619843380607,0,2.4319769931196173,0.35889449757692765,4.112166039213851,2.4319769931196173,6.544143032333468
-1.3118362323501596,-1.0651136630753726,-0.30522470435466764,-0.6095122021592831,-0.186971302985446,0,5.959564133478751,0.6525815944195432,2.755820236516266,5.959564133478751,8.715384369995018
0.056649924897107164,0.5296927543567308,-0.07049877805909122,0.4865016438262019,0.06447441481012024,0,2.913772728164716,0.39020884411306644,2.943600977552727,2.913772728164716,5.857373705717443
-1.9754665663538713,-0.9393353938187543,-0.14408755572161547,-1.2096947428411076,0.5999287299962045,1,10.073784587041072,0.8468282159596813,2.8847299554227077,7.189054631618364,10.073784587041072
1.5307508323436974,1.2187618516973167,-0.213442870930208,1.490726136849952,0.14866745720211155,1,10.930241503529679,0.8936237144967679,2.8292457032558334,8.100995800273846,10.930241503529679
-0.33708597111803934,-0.6134026635409398,-0.30246968648812833,-0.38817681854122876,0.1704162223754877,1,5.6578519033405446,0.4521945850202543,2.7580242508094974,2.8998276525310467,5.6578519033405446
0.1605739810498646,0.0030460201534144695,0.43693816974634986,1.1906462747863413,0.9495541354413237,1,6.078935342095803,0.645646215458558,3.34955053579708,2.729384806298723,6.078935342095803
-1.4848979684499035,-2.553921134901955,0.9343199112392737,-1.366878698415421,-0.22476540189268354,1,16.832152407674336,0.8875635126766952,3.747455928991419,13.084696478682918,16.832152407674336
-1.1701130260593595,-1.8019804375800197,0.541462728204788,0.7591551603026468,-0.5765104007267194,1,12.448023508188449,0.8229977418396276,3.4331701825638303,9.014853325624617,12.448023508188449
-2.59104229214491,-0.5462444482524828,0.3918040054025465,-1.4789115687741288,0.18335991977915564,1,11.37388436344791,0.9481694425255837,3.313443204322037,8.060441159125874,11.37388436344791
-0.015309849172995557,0.5792914996010884,0.11958036841415326,-0.9730689408815555,1.1965715016644913,0,1.360705620872956,0.4114406850932338,3.0956642947313227,1.360705620872956,4.456369915604279
-0.15852957302697002,-0.02730453950993186,-0.933267959073196,-0.4432822511915103,-0.8848027140269009,1,3.7484452134475967,0.33869941550901705,2.253385632741443,1.4950595807061535,3.7484452134475967
-0.172946059923423,1.7117084801423434,-1.3719011429313563,-1.6135613978767411,1.4711703274936085,0,0.41965548843760797,0.05940927705011787,1.902479085654915,0.41965548843760797,2.322134574092523
-0.20932367715186612,-0.6690727386599166,1.0399046873960764,-0.6056155397368641,1.8260097135469362,0,3.7052256507400947,0.6679221156773928,3.8319237499168612,3.7052256507400947,7.537149400656956
0.6779258713392691,-0.48791140814570266,2.1573082132655035,-0.6057149230033384,0.742095372009307,1,8.556794597810647,0.5461094098809247,4.725846570612402,3.830948027198245,8.556794597810647
0.2992925804064919,1.301741289398798,1.5615111967268527,0.032004149065766624,-0.7534178703461835,0,4.786125317665067,0.2909504844666491,4.249208957381482,4.786125317665067,9.035334275046548
0.4599721429391164,-0.6777153697521061,2.013387247526623,0.13653533108273744,-0.3653215513121087,0,3.0291964116064474,0.503511357313197,4.610709798021299,3.0291964116064474,7.639906209627746
0.1846803058649084,-1.3471262895296965,-0.9716140385106515,1.2004139079444254,-0.6568942789713957,0,4.538842297265682,0.38087291502904685,2.222708769191479,4.538842297265682,6.7615510664571605
-1.0469109826819396,0.5366527525272862,1.185704154662997,0.7189533106650667,0.9960476858058164,1,6.446295271866923,0.3313187854594625,3.9485633237303976,2.4977319481365257,6.446295271866923
-0.7567950885694608,-1.4218106667418438,1.5013336519554867,-0.32267983884213575,-0.25083301645504735,1,8.885605227451885,0.636846344979557,4.201066921564389,4.684538305887496,8.885605227451885
1.328194141849058,0.5562300094006599,0.45588777208160763,2.165002344901084,-0.643518230380143,1,10.728923268400884,0.9226288281027353,3.3647102176652863,7.364213050735597,10.728923268400884
0.9278401280812372,0.0570131248970845,0.26859227886325693,1.5284684264125317,0.5078357562896237,0,4.835796683521749,0.8147641041234401,3.2148738230906053,4.835796683521749,8.050670506612354
0.538296079049633,1.0725073373098022,-0.3649527295428853,-0.8392096673390064,-1.0448091940210336,0,3.5756291463995717,0.3719066398019046,2.7080378163656915,3.5756291463995717,6.283666962765263
-1.9663565893760018,2.056207129940322,-1.1032083657216831,-0.221253623585772,-0.27681329988892067,0,-1.2104115444006844,0.002793080555847393,2.1174333074226537,-1.2104115444006844,0.9070217630219692
0.30740669780910074,0.8157372125392968,0.8604734883597454,-0.5830774385689385,-0.1671217137864115,1,6.656679322226289,0.5759928379917428,3.6883787906877963,2.968300531538492,6.656679322226289
0.28257995048829965,-0.24869112618354708,1.6073455760199926,0.49097495163825133,0.7348777860498175,0,2.735501481820522,0.5738197151844824,4.285876460815994,2.735501481820522,7.021377942636516
0.6628812686674127,1.173473857485325,0.18102155870370695,-1.2968319479558466,0.3996879517526416,0,4.965738979895849,0.5627014854584282,3.1448172469629654,4.965738979895849,8.110556226858815
-0.651356893791829,-0.5286166817497568,0.5863640187550933,1.2382830714336357,0.02127157673606165,0,3.364080009829585,0.666089877935629,3.4690912150040747,3.364080009829585,6.833171224833659
0.3088330125989638,1.702214944635238,0.24075317948856828,2.601683114180395,0.5655096456315442,0,4.952273417569205,0.22448317116775768,3.1926025435908545,4.952273417569205,8.144875961160059
-1.7607627591558177,0.7533416211045325,0.38115838488277776,1.2897527540827456,0.6731813512699584,1,5.7965383815133,0.2589099819683273,3.304926707906222,2.491611673607078,5.7965383815133
-0.13845598398377382,-1.2242982362893657,-0.20902325728602528,-0.8505204542093001,-0.5805234498047227,0,4.19764750895428,0.4772430148075651,2.83278139417118,4.19764750895428,7.03042890312546
0.5885784044206096,1.6699045043514062,0.3946715298229811,-1.1958830620351844,0.4446026682201407,0,4.762686043235847,0.41111525594689874,3.3157372238583847,4.762686043235847,8.078423267094232
1.196631486645651,-0.6097829043193822,-0.1340171666729177,0.014688194729197093,-0.78489831308224,0,5.909224834125461,0.7721906947015231,2.8927862666616657,5.909224834125461,8.802011100787126
0.648280433843859,-0.12094814860778157,0.41953244390702776,-0.8874921778021001,-0.43745830032341043,1,8.172817665096801,0.7662042623627443,3.3356259551256224,4.837191709971179,8.172817665096801
0.7223813578277714,-0.372833152091767,1.7269638512334051,-0.39963618561460235,0.22468472575188592,1,7.904079099346114,0.6534009314656557,4.381571080986724,3.5225080183593898,7.904079099346114
0.9325908318730899,-1.4183657329330317,-1.7608088119807759,-1.5256563145700948,1.262584103427182,1,9.597090955909017,0.628056501051383,1.5913529504153792,8.005738005493638,9.597090955909017
-0.5518581458924467,2.5581992856682523,-0.5642475986573886,0.18455130319703697,1.5421099525678756,0,1.908061438890666,0.00254168915673714,2.548601921074089,1.908061438890666,4.456663359964756
2.006092888159123,2.061503576636398,1.2083662305931424,1.0240625258114624,0.5925269492011831,1,20.97162941250105,0.9815301587788331,3.966692984474514,17.004936428026536,20.97162941250105
0.7783610761666377,-0.5511857163285334,-0.8181988834223072,-0.0033744574109520514,-0.17018462252492844,0,4.543686316004048,0.5586725834838536,2.345440893262154,4.543686316004048,6.889127209266202
-0.4532280493272752,0.6963874474567153,0.9553052085705107,0.08840688629184736,1.4775300810552618,0,3.410690423104807,0.3712320560945369,3.7642441668564084,3.410690423104807,7.174934589961215
-1.141689114133505,-0.19365945927971812,-0.7168223206028049,-1.86653661707306,-0.08268068584269925,0,1.5161129817913503,0.35433760105966744,2.426542143517756,1.5161129817913503,3.9426551253091064
-0.12174750838328353,1.513449743242131,0.6308116845547775,-1.024186824329205,1.8540925663341883,1,6.420039117579793,0.18668459287348207,3.504649347643822,2.915389769935971,6.420039117579793
1.221033695525353,0.5820977034686158,-0.22648409884983192,-0.9594392367234797,-0.372206776071053,0,5.757035994383955,0.8134288400663957,2.8188127209201346,5.757035994383955,8.57584871530409
1.088748619704186,1.884586305934609,1.543243528272189,-0.4888494217862741,-1.1196174332890112,1,13.36936615018696,0.5942596248138751,4.234594822617751,9.134771327569208,13.36936615018696
0.14088624691120394,-1.7684393655628516,0.32316771418478146,-0.14760258629866868,-0.46603650186824225,0,7.05292760999243,0.5298895307621863,3.2585341713478253,7.05292760999243,10.311461781340256
-1.5947030672667954,0.5136001065697166,-0.5327008396619114,-1.169916835710288,-2.8722622132816493,0,1.0272384852175314,0.18001948856301261,2.573839328270471,1.0272384852175314,3.6010778134880024
-0.027514905050636255,1.772251596669744,1.66125921454787,-0.45709625658627184,-0.6022120603617805,0,5.51741242762414,0.07702776874316877,4.329007371638296,5.51741242762414,9.846419799262435
0.46877425607502377,-0.9983854391882915,0.30179189981946597,0.7660802783846903,1.2269332238843076,1,7.99040809036911,0.6677800845263475,3.2414335198555726,4.748974570513537,7.99040809036911
-0.10015407647995278,-0.20367375017696587,-0.877982586756561,-0.82688035403986,-0.22647889190152676,0,1.8966416590824267,0.3670343377882694,2.297613930594751,1.8966416590824267,4.194255589677178
0.3673655068161781,0.9135846262332494,-0.8031789506803448,1.4926885689595217,-0.2711236010425688,1,3.5436623595936507,0.29207626339724113,2.357456839455724,1.1862055201379267,3.5436623595936507
-0.021367294348436157,-0.7472116791478234,-2.4242402602729416,0.8840453963610497,0.7368438970924334,1,6.169035574723876,0.692910106671184,1.0606077917816465,5.108427782942229,6.169035574723876
-0.2813275571182134,0.06699071722487192,0.5159392177040995,-1.5625458568865427,-0.5290526773462948,1,4.991757161094292,0.5681451271617642,3.4127513741632796,1.579005786931013,4.991757161094292
0.7942646796218271,-1.2542894231692494,0.2935579321666293,-1.356581804623405,0.46642998243352635,1,8.904150949049924,0.6702083747178041,3.2348463457333034,5.669304603316621,8.904150949049924
-0.03564148229748357,-1.6151318159055095,1.1647393544571714,-0.7345915767980492,-0.810252437014381,0,5.298379126988597,0.592300229187053,3.9317914835657373,5.298379126988597,9.230170610554335
0.20056919723094285,1.1486373494287152,-1.015821818978397,0.06167984984797165,0.42881650033057295,0,1.7174394842815537,0.19584021763375425,2.1873425448172825,1.7174394842815537,3.904782029098836
0.6931056072631441,0.1764415552772252,-0.3670278390833223,-0.8275902206487197,0.08614388304637476,0,2.952395278320732,0.5890495454032509,2.706377728733342,2.952395278320732,5.658773007054074
-1.072139011985607,-2.9213504834946074,0.4365598041576678,0.9039348410861953,-2.3629324355418384,0,14.762436571155098,0.6700458459771103,3.3492478433261343,14.762436571155098,18.111684414481232
-1.0097307047099375,0.6191542610051978,2.0574954697116987,0.020793707675407894,-0.7280029412291344,0,1.2072160132479945,0.1472234044737236,4.645996375769359,1.2072160132479945,5.8532123890173535
-0.18289644110484016,1.3748764191481848,-0.6459641791245353,-0.7991920066502536,-0.4827435221820324,0,0.4479591011906746,0.0784587797449487,2.483228656700372,0.4479591011906746,2.9311877578910464
-0.9533286082587124,0.12267031599479553,1.6246784584695606,0.3230792731160291,-0.2523535021262876,0,1.957190339859687,0.36952348044955297,4.2997427667756485,1.957190339859687,6.256933106635335
-0.2918112689155441,-1.563190808696657,0.883109777147159,-0.07783719701280203,-0.18047991359062565,0,6.112399904527996,0.6631816581274927,3.7064878217177273,6.112399904527996,9.818887726245723
3.193107567844861,0.29875290836568624,-0.7517910500951843,-0.4263575962055433,1.1484457091967548,1,22.01447716951333,0.9994508671603076,2.3985671599238527,19.615910009589477,22.01447716951333
0.11327041053776446,-1.4382779783173667,0.9192289345752035,-0.668144085538994,1.8732977762175456,1,9.088850094975594,0.6450007850256287,3.735383147660163,5.3534669473154315,9.088850094975594
1.0800480657146485,-0.4473218956587512,1.281016361735113,0.0678555105274033,0.8527736751222195,1,9.586029084444647,0.8356275096350477,4.024813089388091,5.561215995056557,9.586029084444647
0.48473281729447476,-0.8463566549908735,-0.643549832317462,1.0299608175811612,-0.33477533210654087,0,3.659677893211939,0.46589285141699477,2.4851601341460303,3.659677893211939,6.144838027357969
-0.4036484632419967,-0.955122579349353,0.42359906559346105,2.062524919243145,-1.0675329142542729,0,3.6670701788300377,0.6651317026201706,3.338879252474769,3.6670701788300377,7.005949431304806
0.02421945667275807,1.4122205554154292,-0.07964139124571515,0.4523717962497339,-1.0623935281468797,0,2.2876531229961747,0.15490538884608113,2.936286887003428,2.2876531229961747,5.223940009999603
0.4283070972076486,-0.18714426500454878,0.985729995679863,1.1873860515647512,2.589563642018614,0,4.761227046754539,0.7367257202124087,3.7885839965438906,4.761227046754539,8.54981104329843
0.5796331732135757,0.32579631658216646,0.19438430157733602,-0.35316629281068834,0.33848384346169114,1,6.702354338763398,0.679914286339286,3.155507441261869,3.5468468975015295,6.702354338763398
-0.29540141013902943,0.1684609762696143,1.3175975356079597,-1.0065425652796411,1.1398785611290454,0,2.029505893738997,0.4877687339249895,4.054078028486368,2.029505893738997,6.0835839222253645
1.3171150673398653,-0.11806852699107874,-2.1218548990085946,-0.6078219870944325,1.2969945465611092,0,7.046994754641761,0.917797848248149,1.3025160807931242,7.046994754641761,8.349510835434886
-0.022868062298882122,-0.9993022322949108,-0.5047749212282174,0.840620026504553,0.5467335682013793,0,3.535806640431432,0.42315073123553637,2.596180063017426,3.535806640431432,6.131986703448858
-0.23893209916969432,-0.36682441181468756,-0.3917581490438219,-0.9224101844985025,1.6153756894694418,1,4.5283324944128385,0.411336417556436,2.6865934807649423,1.8417390136478966,4.5283324944128385
-0.3223204692113399,1.2171585208254965,1.5213160519224513,0.9983108981479604,-0.4316203127180484,0,2.7311247864965393,0.14878818242130484,4.217052841537961,2.7311247864965393,6.9481776280345
0.40373009033660945,-0.024195606390916165,-0.9037018607301281,0.324359281721603,-1.1790397911598025,0,1.6464771513847571,0.45726577010468505,2.2770385114158973,1.6464771513847571,3.9235156628006544
1.1876793884615637,-0.4646172972983931,0.2011596558728393,0.28328787154614216,-0.25890497370407733,1,9.957834965421107,0.8450794186054598,3.160927724698271,6.796907240722836,9.957834965421107
0.5866938014752747,-0.47490365662252443,0.8712972974572442,-1.3459796802467485,0.12637957954641182,0,4.607736082559711,0.7742243515244288,3.6970378379657953,4.607736082559711,8.304773920525506
1.9389289990582848,-1.0003313246055747,-0.6777449705248515,0.513907849658915,0.17958178193959795,0,8.668783430954825,0.8438230482053318,2.4578040235801186,8.668783430954825,11.126587454534944
0.3506300992735592,0.4891871301476635,0.6347214685617699,1.1096998419562232,0.40981865692851255,1,6.016677263363421,0.6560563669321061,3.5077771748494158,2.508900088514005,6.016677263363421
-0.24125765461854246,0.6725737012027313,1.8998819348952156,-0.13263374638257355,-0.9745293046706415,0,1.515101356937516,0.22636052148489133,4.5199055479161725,1.515101356937516,6.035006904853688
1.1070806692869728,-0.12038116395359824,-2.172669546014036,0.8474216771504216,-0.5353281859539227,1,7.418082490382828,0.8840807198211137,1.261864363188771,6.156218127194057,7.418082490382828
-0.09053328230416077,0.33198033056901455,0.1904996797790664,0.7094518171390395,-0.43548637056984335,1,6.680398013408293,0.4726446583771171,3.152399743823253,3.5279982695850407,6.680398013408293
0.5131057981760827,-0.2595466775839172,0.738810480887503,0.6153674840130534,-0.9354387020445953,1,8.152391690318495,0.7640621280781507,3.5910483847100023,4.561343305608492,8.152391690318495
1.0859821161750323,-0.535963445114048,0.8080577982811451,0.36728731340134063,1.8381836767951225,1,8.946801954612521,0.8649575042786818,3.6464462386249163,5.300355715987605,8.946801954612521
-0.22346598237185214,-0.3493167961181975,-0.01941960588773261,-0.30317978283427544,0.7999419019420501,0,2.3339893045732465,0.5095792154447035,2.984464315289814,2.3339893045732465,5.31845361986306
-1.616310608436588,-1.053682419146354,-1.067802921579193,0.9503075919735757,1.7106133725819253,1,8.676576715791478,0.7081947722808913,2.1457576627366457,6.530819053054833,8.676576715791478
-0.1044492185374715,-0.16882172319001063,0.07005216311318138,1.1618783026081905,-0.9273531341905741,0,2.4267616564133982,0.5269536773748544,3.056041730490545,2.4267616564133982,5.482803386903943
0.23836898273478513,0.9751976297824297,0.5010941699398452,0.1895816165987434,1.0010460925671412,1,6.636974765638838,0.4804831549107777,3.400875335951876,3.2360994296869623,6.636974765638838
-2.703232292999237,0.6778753195309076,-0.6540756831274238,-1.830632896856457,0.5112025995249807,0,3.4828229100608032,0.2765726308166518,2.4767394534980607,3.4828229100608032,5.959562363558864
1.3736585451629577,-0.13744851462769186,0.9528745472029388,1.6122782579886454,1.3149144535840473,0,6.643863973371905,0.9276942385595031,3.762299637762351,6.643863973371905,10.406163611134257
1.639964529371393,0.7421274910718922,0.0754336389015928,-1.6019658118971685,-0.24606248812994858,1,11.303567810992181,0.9494661741965085,3.0603469111212744,8.243220899870908,11.303567810992181
-0.8432465953161917,2.1709427174978138,-0.1758858124323366,0.12320480678448567,0.5514853760404675,0,1.4747323678401696,0.006726090894400379,2.859291350054131,1.4747323678401696,4.334023717894301
0.043602446372453724,1.695051040430753,-0.622649361734452,0.1946074552372427,-0.7424705856980482,1,4.724091143578043,0.0661595429775672,2.5018805106124384,2.2222106329656053,4.724091143578043
-1.3200225112207058,-0.6117690909052854,-0.03703679704841202,-0.42930222451725997,-0.692420979873856,0,4.620398432457587,0.6349354953048119,2.9703705623612704,4.620398432457587,7.590768994818857
-1.4063174636718339,-0.08310557262869477,-1.5047203740310022,0.7600559636896026,0.08243975293450329,1,4.802933186529484,0.4784287937661949,1.7962237007751982,3.0067094857542855,4.802933186529484
-1.4575514994649306,-0.30920907704986345,-0.7521564055905832,0.31917451041918043,1.3404504460231446,0,2.7436049981465875,0.44035426146285567,2.3982748755275334,2.7436049981465875,5.141879873674121
-1.8751724696457446,0.11502607914741717,-0.1601327955666404,0.6713400764504657,0.21319662823768915,0,3.499592494507304,0.46103244902762847,2.8718937635466877,3.499592494507304,6.3714862580539915
-0.7519693317388191,-0.31905393566661816,-0.796025856803489,1.0760071385985983,0.02131164867194222,0,1.855187195053754,0.3543314180154556,2.363179314557209,1.855187195053754,4.218366509610963
1.9011906857530074,-0.060660813814620775,-0.7084067669104628,-1.5137143926128271,-1.803139676255945,1,10.923554555316745,0.9364048008049457,2.43327458647163,8.490279968845115,10.923554555316745
-1.5841359430054898,0.2671266510114834,0.5087250232299338,-1.5811907020321334,0.8950383140761154,1,5.906296034092938,0.5032156819050143,3.406980018583947,2.4993160155089904,5.906296034092938
-0.4830610516834395,0.14679301198554937,1.6122206282554243,0.8968393158655319,-0.2685306479058323,0,1.4060138882351316,0.3856204645801493,4.289776502604339,1.4060138882351316,5.695790390839471
-0.8911922254152874,-2.151815401329305,-0.7191533192424201,-0.21113023882769444,-0.987179527151184,0,10.040671324848752,0.46773455151667553,2.4246773446060637,10.040671324848752,12.465348669454816
-0.13125696709230472,0.07685188295876821,-0.22485598180807856,-0.6500025808234597,0.16865467196672768,0,2.931080334749556,0.398252947921297,2.820115214553537,2.931080334749556,5.751195549303093
0.44194064956940904,-1.090399077442846,1.41093237974627,-0.09858813228426173,0.018849622944847662,1,8.559858200336263,0.6180124192087608,4.128745903797016,4.431112296539247,8.559858200336263
0.7082144232565571,0.23321613126350166,0.9531366339132451,0.2871241652018242,-0.6124373746404379,1,8.44578863607406,0.7921342996129045,3.762509307130596,4.683279328943462,8.44578863607406
0.36150352520610163,-1.1437262073206618,0.10855970577652314,-0.0332299906444608,-0.2081168572725397,0,4.65691987552065,0.5884023982985684,3.0868477646212185,4.65691987552065,7.7437676401418685
-0.12853751143893075,-1.881849045497639,-0.5487249077409615,0.09284490114111471,0.15985639199740037,0,6.941199333912446,0.3215388465875585,2.5610200738072306,6.941199333912446,9.502219407719677
-1.0276751409259581,1.2657078408647007,-0.8661748482145009,0.9694572005267368,0.42719436187168486,0,0.27760847631382546,0.039278172013427995,2.3070601214283992,0.27760847631382546,2.584668597742225
-0.646227309843803,1.775310892609512,-1.19363683175648,0.9191541736100015,1.0005823180429783,0,-0.6734876859776111,0.02087701184626661,2.045090534594816,-0.6734876859776111,1.371602848617205
-0.6706202090766449,1.3924653000643288,-0.2500465145989528,0.28869362927985703,0.2603218387712207,0,1.0795726265111887,0.05395863675112568,2.799962788320838,1.0795726265111887,3.8795354148320262
-0.1343087414705478,0.8108082731597821,0.793488720552213,-1.7485319732381808,1.3043402428781525,0,2.4478618315988494,0.4196563771995718,3.6347909764417703,2.4478618315988494,6.08265280804062
-1.6624919880356743,1.0325462043416573,1.1267051368275833,-1.0909664302151982,-0.4108142879545848,0,2.5281304034698655,0.15057400015204617,3.9013641094620666,2.5281304034698655,6.429494512931932
-1.1057046684859357,-0.21492103028873533,-0.30803428418574125,0.7796605322693398,1.3103087461196083,1,5.297212261897469,0.41504516794021074,2.753572572651407,2.5436396892460627,5.297212261897469
1.395683810789956,-0.5621680265783021,-0.20922187374452778,-1.6834381922209503,-0.8058700664961888,0,5.950369004911225,0.8188197839767796,2.8326225010043777,5.950369004911225,8.782991505915602
0.9648516330974576,1.6155828235482317,-1.234348871879922,-0.5924642591528942,-0.02640575695892703,0,4.9320185247708865,0.4852954236456257,2.012520902496062,4.9320185247708865,6.944539427266949
0.2801611588196068,-0.8096035199216461,0.4240610444640897,-0.47383934707091613,-0.014452270878279104,1,8.583751373330418,0.6852927387289945,3.3392488355712717,5.244502537759146,8.583751373330418
0.5462842480036996,0.0064222698109378164,-0.4363858905265686,-0.10960980392583083,-0.08836295920533532,1,6.19730157521127,0.5312488830144398,2.650891287578745,3.546410287632525,6.19730157521127
-0.3700110298821277,-0.25879606266710237,1.598647170504717,0.5609194479412387,-0.29548031802916036,1,6.763917705497752,0.48364563096823654,4.278917736403773,2.4849999690939786,6.763917705497752
0.6969544045107356,-0.33381948975600995,1.1731246375866413,0.3696421921980939,-0.10730214400422888,0,4.984735394708333,0.7723724776419074,3.938499710069313,4.984735394708333,8.923235104777646
0.4477169258102776,-1.5708761520684993,-1.1267674689098053,-1.1939250063990554,0.14294309476370676,0,6.545121842787572,0.36726676028764027,2.098586024872156,6.545121842787572,8.643707867659728
1.732514999485092,2.2313001461926323,0.6380511014407572,0.5008444749444569,-1.801057734152739,1,20.3462466003608,0.9446283156738048,3.510440881152606,16.835805719208196,20.3462466003608
-0.5426737997340217,-0.7877837519082389,-0.620847598251116,-0.1681438185847896,-0.47209057769712737,0,3.2955646132489216,0.417995897950771,2.503321921399107,3.2955646132489216,5.7988865346480285
-1.9792998103757877,0.7479102561175338,-1.0727430257398065,0.23924686411114954,2.0740826697499735,1,3.701193284210489,0.13740960425385035,2.141805579408155,1.559387704802334,3.701193284210489
-0.9193845915864234,-2.5302875227463297,-0.2860042218801108,1.100959634998571,1.9583474542205939,1,13.809394055790204,0.4869976584578374,2.7711966224959115,11.038197433294293,13.809394055790204
-1.2295495944524168,0.4966992232365217,-0.46531045678005334,-0.10594835430413566,2.6443433470170348,0,0.3614529131638372,0.17753426671353056,2.627751634575957,0.3614529131638372,2.9892045477397944
-1.5029703283951532,0.25373966149457344,0.4676931717654332,1.0857863249393471,0.09798315347089544,1,5.515267208866964,0.4912581788912127,3.3741545374123465,2.1411126714546183,5.515267208866964
0.3080505395041023,-0.3916485674217911,0.26912694124510733,-0.3431922754974105,0.6215718898560508,1,7.6133087180465715,0.6661117163275923,3.215301552996086,4.398007165050485,7.6133087180465715
-0.36961033604363397,0.37710039390218647,-0.029262813684978354,1.1260502507721681,-0.05139372358848624,0,0.01781540769078327,0.34452670352014253,2.9765897490520175,0.01781540769078327,2.9944051567428005
-1.7730324682068814,1.2619215007139917,-0.9057323008626189,-0.6537663386488198,-0.5956612940434921,0,-0.45034640303344275,0.03262075203573361,2.275414159309905,-0.45034640303344275,1.8250677562764621
1.3744380931708173,-2.1356742139786955,3.1377485336599937,1.0560568090660518,0.22323891412915967,0,3.8179455860887543,0.36393951034630073,5.510198826927995,3.8179455860887543,9.32814441301675
-0.05489400061628639,0.28555407485765694,0.5211224283793383,0.645215585950057,0.5556044660034485,0,2.3794907907632346,0.5648312191699834,3.4168979427034705,2.3794907907632346,5.796388733466705
0.08958068125524882,-0.1973384203073261,-0.1512732836535117,-0.194908280352681,1.1337700968670645,0,2.3702520669122453,0.496839373045462,2.8789813730771905,2.3702520669122453,5.249233439989435
0.5935567222808619,-2.9403886346642802,0.655900776529761,0.19473619471877485,-0.018708756445897416,0,12.214901928426055,0.15645652855968215,3.5247206212238087,12.214901928426055,15.739622549649864
-0.38851845308888583,1.1241127199860135,0.9475264621228578,-0.7728776678236091,0.4070522871245351,1,6.677268576838504,0.24007923911759577,3.7580211696982864,2.9192474071402175,6.677268576838504
-0.971656734541286,-1.3796181647889305,-0.6267172245899651,0.8623934723827588,0.9531250453760867,1,7.996720275898992,0.532327070876688,2.4986262203280276,5.498094055570965,7.996720275898992
0.513085420097293,0.7250957868479971,0.5161782871149584,-0.6414815952229522,0.43192254467394064,1,8.341715293296522,0.6620100937744695,3.4129426296919667,4.928772663604556,8.341715293296522
0.8004095252276823,0.7542913298135743,1.188913371474643,0.7083038472010638,0.3514482075415829,1,9.628203701589761,0.7536371316151498,3.9511306971797144,5.677073004410047,9.628203701589761
1.0701502383164274,-0.026521259249060063,-0.8818746512277178,-0.16306696394376388,-0.7449026448064491,1,7.007236177178033,0.6975440025938594,2.294500279017826,4.712735898160207,7.007236177178033
-0.6751782749743815,-0.14451867071551783,-0.7924199209999613,-0.3079615296390403,-1.8936146669537857,1,3.2813524506801963,0.3174553965849911,2.3660640632000307,0.9152883874801656,3.2813524506801963
0.21329370737293857,0.0012054753622242368,-0.8170886310681906,0.6592456684324051,0.9375701376265584,1,3.749684226367426,0.39988193398215616,2.3463290951454474,1.4033551312219785,3.749684226367426
-1.6075598643689741,-0.7627247785662142,-0.7691423497872982,-0.9399031011088647,0.8294748419317485,1,6.875238882369871,0.6200161542296634,2.3846861201701612,4.49055276219971,6.875238882369871
-0.19382613877280352,-0.26451484131061076,-2.0038623644067535,0.6354180302092264,-1.2392583948534726,0,3.4107304956489117,0.6195011526375858,1.3969101084745972,3.4107304956489117,4.807640604123509
0.05993263026632825,0.2773769379581917,1.360658595838651,-1.308820399119112,-3.0195121558208253,1,6.665496136911996,0.527219223914376,4.088526876670921,2.576969260241075,6.665496136911996
0.18384954475369486,1.8005111815108537,1.2389463529394373,0.20965941527462578,-0.49163618563204736,0,6.522133866275665,0.16634920343410534,3.99115708235155,6.522133866275665,10.513290948627215
0.8071225966373103,-0.9735461997044687,0.47635776935621926,0.5054701591666269,1.0602099074988798,0,5.891960995851655,0.7531322017052657,3.3810862154849755,5.891960995851655,9.27304721133663
2.7596600389110777,0.39241596717876703,-0.5089636257074988,-0.025574312191994436,-1.7690759048891183,1,17.030136179653024,0.9974420439700578,2.592829099434001,14.437307080219021,17.030136179653024
-0.6947131310890582,-0.409282438113104,-0.5240883979345925,0.152354872033722,-0.8224199323822006,1,5.000774271205644,0.3877528786521924,2.580729281652326,2.4200449895533187,5.000774271205644
1.1210306673244714,0.00020706491819709385,-0.009300321138614417,-0.32789471651291785,0.15519068385897913,1,7.891325109113397,0.8196618093831084,2.9925597430891084,4.898765366024288,7.891325109113397
0.8250982646676347,-0.8671302157109003,-0.6581164890752567,-0.30372602877666466,-1.345870923473215,0,4.348924680698366,0.534568024638769,2.4735068087397947,4.348924680698366,6.822431489438161
-0.8192578597214978,-0.47622087354465903,0.8743891807127275,0.26256132900192497,0.19358991136754436,0,3.2224592344369487,0.6767396486831,3.699511344570182,3.2224592344369487,6.92197057900713
0.8508979621679722,-0.13737178839939665,0.3904648499288896,-0.10322175293249623,0.26536234939962844,1,8.187131335467324,0.8112492801749525,3.312371879943112,4.874759455524211,8.187131335467324
-0.5827586576115821,-2.438817158276429,-0.13427916218630415,1.42274813609994,0.9262154022415924,0,9.514403731425784,0.40695197123938315,2.8925766702509565,9.514403731425784,12.40698040167674
0.9653974845911707,1.2361307218062179,0.08865759096143744,0.1973157074055956,-0.6176518954343502,1,9.606568916649206,0.6956378201730108,3.07092607276915,6.535642843880055,9.606568916649206
-0.31607285602704976,0.6157711497711416,1.2038844371688162,-0.13944627568099954,-0.4501892648514116,1,5.867352153454587,0.38735333164789604,3.963107549735053,1.9042446037195342,5.867352153454587
0.0005279588565972928,0.6012067489291149,-1.4438548161335418,-2.296180953137238,-0.5505368494915835,0,1.1481972339659001,0.34178318445264344,1.8449161470931665,1.1481972339659001,2.9931133810590667
-1.2207124259141586,-0.5081401976473109,-0.14778031881747153,-0.4532484090230134,1.4524675344707454,1,7.511539418550305,0.5571344603903478,2.881775744946023,4.629763673604281,7.511539418550305
0.32674476460232005,0.30047435961082836,0.6222071440434019,-1.1388331177807691,1.0391117874202687,1,6.327874424303812,0.6759953525864905,3.4977657152347215,2.8301087090690906,6.327874424303812
-0.07576428653545988,0.6704806172412126,-1.0718572330401555,-1.5537587660160643,0.8178896580250287,1,2.4731243088417263,0.23512413716002978,2.1425142135678756,0.33061009527385077,2.4731243088417263
0.3764095260975166,-0.9020515543575104,-0.8696630812746944,1.1254347844147694,-1.1894118928673278,1,4.813560631143663,0.43992752471492275,2.3042695349802447,2.5092910961634187,4.813560631143663
1.6426729532559634,-0.9006207346478687,0.638391925608383,-0.3286184757489846,0.6031874310823431,1,12.001914088413223,0.9181826103001702,3.5107135404867065,8.491200547926516,12.001914088413223
-0.5441140021141926,-0.1627929060722942,0.04091917539572113,-1.0021874557814727,0.7408243454201259,0,2.3775683542239503,0.4777314164090865,3.032735340316577,2.3775683542239503,5.410303694540527
-0.5132135664715852,-0.22859991534001858,-0.9943493746085122,-2.5623336587953105,-0.19102776260016902,0,1.7002270335522174,0.3477688633855794,2.20452050031319,1.7002270335522174,3.9047475338654074
2.412615421612916,0.7846042878980238,-0.01926037973439464,-0.2628908292082677,0.02246589281204638,1,17.65461494473758,0.9956160080625047,2.984591696212484,14.670023248525096,17.65461494473758
0.54711911517521,-1.1808128153088449,1.114321694668872,0.7153813154412441,0.7181857257079345,1,9.309479420810765,0.6815012727382568,3.8914573557350978,5.418022065075667,9.309479420810765
0.4384757388097273,0.019616657693989903,0.6728612359668199,0.591814133741378,-0.3540407109410238,0,5.290746434822766,0.7361153456932735,3.538288988773456,5.290746434822766,8.829035423596222
-0.573601772896901,0.1018562952619867,1.5490201514951873,-1.2391070756539009,-1.46752526575244,1,6.714990687985649,0.4074758664370817,4.23921612119615,2.4757745667894997,6.714990687985649
0.16476084123651674,0.05088770185601806,0.1733416643704082,0.24395319790850026,-0.22320225463480511,1,5.864926146025992,0.5801892937167212,3.1386733314963267,2.7262528145296647,5.864926146025992
1.4898634386020821,-1.6009039784765156,-0.828497024780246,-0.10325476014904739,-1.6431888111541673,0,7.932439587141526,0.4924405939369519,2.3372023801758033,7.932439587141526,10.26964196731733
-0.17585440443207118,1.6614701657280182,0.020886488295961788,0.23070090571868349,-1.2601647651725802,0,2.3533062346844913,0.08273423429618203,3.0167091906367696,2.3533062346844913,5.370015425321261
-0.6163614080394775,-0.375196380323937,-0.31771509675623405,1.2816437950037687,0.5576910607251245,0,1.4703604000546218,0.41859001290062475,2.7458279225950126,1.4703604000546218,4.216188322649634
-1.111457956937032,0.24650477843200488,0.49822174849678513,1.1401490385212665,1.5805406865683735,0,2.450618380533928,0.4671063229843292,3.3985773987974284,2.450618380533928,5.849195779331357
-1.0150941918278686,-0.8108575112103382,-1.2575778589146163,-0.23401985910698136,0.4663583744463345,1,5.8933192564302495,0.5376938081401551,1.993937712868307,3.8993815435619426,5.8933192564302495
0.9873345165891019,-0.07595102364252276,-0.31984752325484395,0.15175799224874037,-0.835142901630023,1,7.389716023330607,0.7129761577200807,2.744121981396125,4.645594041934482,7.389716023330607
2.0895387216947734,-1.6076610271180587,0.18474057889572446,2.0236062192296393,0.006799844559997769,1,14.375597505062458,0.8389821295820171,3.1477924631165797,11.22780504194588,14.375597505062458
-0.19003903500149447,-0.3574454228104272,-0.18039168176240783,1.3728484746765302,-2.211861911329507,1,4.923424373555276,0.46633406351702805,2.8556866545900736,2.067737718965202,4.923424373555276
1.5334337012963255,-1.423957152450145,-0.2666523292344148,-0.42924442029866183,0.5885532697707198,1,10.53488992995641,0.64845600336695,2.786678136612468,7.748211793343943,10.53488992995641
-1.5981243518837476,0.46217266608194285,2.0243096232868525,-1.3631740045928105,0.18970616761039566,0,2.234304275384895,0.20523748658725777,4.619447698629482,2.234304275384895,6.8537519740143775
-0.6619821777966091,0.42588720619303577,0.01914777741575206,-0.6414869090443096,0.487872284871074,1,3.41285373624399,0.30726458133740553,3.015318221932602,0.3975355143113882,3.41285373624399
1.804348109786743,-0.19090379172729868,0.7197579421481819,-1.2932729578711637,-0.9564363768180087,1,12.705396534896753,0.971390683943872,3.5758063537185456,9.129590181178207,12.705396534896753
0.47240627788037737,1.484116028535965,0.35561334878566,-0.31305803052315434,-0.0007085945766459172,0,5.226846410964696,0.40141595513562683,3.284490679028528,5.226846410964696,8.511337089993225
-1.2504077339697175,0.6045153263553668,0.8823330623234091,-0.45209033283308037,-0.4700421477595015,0,2.453128300474906,0.3389862783336411,3.7058664498587275,2.453128300474906,6.158994750333633
0.2658782296520485,-0.4367197360405955,-0.06613261462582246,2.0997217891665154,-0.24702570074599667,1,5.912083135197626,0.56792310173749,2.947093908299342,2.9649892268982847,5.912083135197626
-0.3583401520212222,-0.6475418056351592,0.7441919714999368,-0.181224173218103,-0.649373038321426,1,7.724175996513799,0.6810767255726747,3.5953535771999494,4.12882241931385,7.724175996513799
1.321304032273012,1.4196030045136372,-0.6004235657387051,-1.8665399513606162,1.0075136898369221,1,9.405317234089765,0.7360806469846816,2.519661147409036,6.885656086680729,9.405317234089765
-0.684629825760004,0.7906255991627686,-1.9701038177118355,0.8925973382993092,-1.2111719292807812,0,0.383591313455684,0.271540329770049,1.4239169458305314,0.383591313455684,1.8075082592862155
0.7307641190665245,0.014273067836434106,-0.9539394193966448,-0.4070363129267805,0.6863184569567008,1,5.426850576192832,0.5705366686912045,2.236848464482684,3.1900021117101485,5.426850576192832
0.10589445311523424,0.5844129804724842,1.9764405845154855,-1.5642416117110514,1.617212574968624,0,1.7734214377851378,0.3124423824916606,4.581152467612388,1.7734214377851378,6.354573905397526
0.10435593752321293,-0.8987840483231282,-1.3303136257389898,-0.1891203907770335,0.9216501119244593,1,6.780087027626049,0.49046080189411984,1.935749099408808,4.844337928217241,6.780087027626049
-0.12754912037753421,1.5111549302473475,-1.4511756900515589,-0.01208894784605456,-1.252393444413119,1,2.461547719839035,0.10054935879450534,1.8390594479587528,0.622488271880282,2.461547719839035
0.3636318826249679,0.8868873900973003,-0.42076179368105326,-2.6042138566271342,0.19894814679649453,0,2.3725143792229924,0.3292927243570738,2.6633905650551575,2.3725143792229924,5.035904944278149
0.4367385517335095,0.40429475496169764,1.235782191822154,-1.0710536796490489,0.6802161054504494,0,3.751883750564429,0.6531710297213283,3.988625753457723,3.751883750564429,7.740509504022152
1.192507512477975,-1.7785875840065168,0.31965182591897723,-0.5041798310076715,-0.08152267310164589,1,11.202613421967655,0.5842252207440527,3.255721460735182,7.946891961232473,11.202613421967655
0.34767648353833636,-0.4872285641135523,-0.6757080791616118,0.0341524174880246,-1.0872459388628026,0,3.3996427375487572,0.45803968962381686,2.4594335366707103,3.3996427375487572,5.8590762742194675
-1.0858251288851855,0.6793732829565033,-1.148794035158656,0.6663125009092119,0.4625912928539512,0,-0.3708430703782253,0.1375063569703195,2.080964771873075,-0.3708430703782253,1.7101217014948498
-1.7258067287905967,-0.6775646523356551,1.1941094030473725,-0.9811655311396816,-0.46440426230938764,1,9.726709401385742,0.8264199715806291,3.955287522437898,5.771421878947844,9.726709401385742
0.4620608932518965,0.7833905092825955,-0.2515388860444957,-0.5975101946916416,1.4223698616985077,0,2.9711473683344063,0.4316779539776301,2.7987688911644035,2.9711473683344063,5.76991625949881
1.7388996637975789,0.9788580507817954,0.08531814256502405,-0.8082657216409264,-0.8304444065565653,1,12.942897247866885,0.9617939551602026,3.068254514052019,9.874642733814866,12.942897247866885
0.5225141052657575,0.4183982208886837,1.4015985929464294,0.6504500925361392,-1.503080301759818,1,8.382205408618635,0.6423727933724456,4.121278874357143,4.260926534261492,8.382205408618635
1.0519476177229186,-0.9980606273144129,-0.3839712719523516,0.2502002062516945,1.9956674897839644,0,6.068052082370152,0.6090955730512837,2.692822982438119,6.068052082370152,8.760875064808271
3.109918556005361,0.6067230591361827,-0.18319661872038787,0.5345056484805503,0.8876554258738361,1,23.300074307264524,0.9996361132242346,2.85344270502369,20.446631602240835,23.300074307264524
-0.3206676255571917,1.7952113559123222,0.23007075919140207,0.49774308909139425,0.6659242520544614,0,3.326168420433966,0.06250985955961326,3.1840566073531216,3.326168420433966,6.5102250277870874
0.4215866106144557,0.8389405004696122,-0.6172531865469232,-0.5583017539460305,-1.100154232971695,0,2.469310470125515,0.3368045747079118,2.5061974507624614,2.469310470125515,4.975507920887976
0.4395012306202264,0.7789365035121141,0.4577728661518858,1.6744924333475373,-0.005596018829046555,0,3.2545984046133998,0.6114711991263913,3.3662182929215088,3.2545984046133998,6.6208166975349085
0.6687416555925126,-1.0917008761393143,-0.387099702474401,0.6955377575657775,0.849102110743144,1,8.77193813488333,0.5015911947475835,2.690320238020479,6.08161789686285,8.77193813488333
-0.29396694766418224,-0.07159925185806683,-1.5178737466808094,-0.3570292008066094,0.8903831635197862,1,3.264239626640561,0.4502374326279776,1.7857010026553524,1.4785386239852087,3.264239626640561
0.5752050161065663,0.5006657213812097,0.04977368718096008,0.007063158628176452,-0.6603211394734471,0,4.3167582061175045,0.6191986157634363,3.039818949744768,4.3167582061175045,7.356577155862272
0.6988284202025348,0.4209729443893898,0.49201884799279927,-0.5260348426675804,-2.1533429198712444,0,5.034511316260213,0.7659079487493459,3.3936150783942396,5.034511316260213,8.428126394654452
1.0971527117536957,-0.47883745600840416,-0.8627757640431206,0.6934789119139937,-0.3920126399191296,1,6.716385574130262,0.6714173476154834,2.3097793887655036,4.406606185364758,6.716385574130262
1.0599363840466218,0.6170059495766975,0.6835693232004776,-1.3659557112005343,1.2119439853864005,0,6.331360401169997,0.8735358742476246,3.546855458560382,6.331360401169997,9.878215859730378
0.26125053123385605,-0.36927713924620315,0.14338846734225108,-1.77623523289832,0.40865281148067084,1,6.146846823992641,0.625353002049403,3.1147107738738007,3.032136050118841,6.146846823992641
-1.0293715081820716,-1.3526702858435344,-1.5223591862178911,1.1126883749899252,-0.6292633936927887,0,7.892247603101877,0.6687789330251018,1.782112651025687,7.892247603101877,9.674360254127564
1.5337277099164992,-0.5358014630522978,-1.7073579575929467,-1.1165244399486591,1.2358116200069387,1,9.252940609160397,0.8999251119571107,1.6341136339256426,7.6188269752347555,9.252940609160397
-0.15589817793666752,-0.5482872964906009,0.1600182258527877,0.501782736167545,1.1173988159024608,1,6.254364284906646,0.5853446104976715,3.12801458068223,3.1263497042244155,6.254364284906646
1.4484992298929262,-0.35976864578908574,-1.3260476860820383,-0.413465161123276,0.26028050658288615,1,7.735373564068521,0.848780168482857,1.9391618511343693,5.796211712934151,7.735373564068521
-0.9637589262106109,-0.9571509148950429,0.34378788154988543,-0.04865235157045115,0.03279699541158651,1,9.233011033080453,0.7166220767159708,3.275030305239908,5.957980727840545,9.233011033080453
-0.7584953347000695,-0.23040071420576733,-0.9242331442683044,0.8901984111247868,1.0352493347237526,1,3.3104161194336323,0.34145440785574116,2.2606134845853565,1.0498026348482759,3.3104161194336323
-1.8461878622380938,-0.92951086019241,-1.496529255090079,-0.6500239344068982,-0.08343796979036086,0,7.864946252632693,0.8251746930903721,1.8027765959279367,7.864946252632693,9.66772284856063
-1.44964521969853,-0.9218598131253132,-1.0039573720814985,0.20726732939894396,0.06934433703625043,1,7.741017290666932,0.6215373781950243,2.196834102334801,5.544183188332131,7.741017290666932
-0.7217375533372533,0.17682087213939798,-0.5466800845872654,-0.2716551103260533,1.673452090298537,0,0.9099435941061217,0.25773495885851827,2.5626559323301876,0.9099435941061217,3.4725995264363094
1.340461051790348,-1.2995812369275976,0.8297324178791745,0.8113965544915921,-1.1482632887526183,1,11.553006931516624,0.8104884678164245,3.6637859343033394,7.889220997213283,11.553006931516624
0.8187776437548606,1.5379319184125528,-1.1225448062444139,-0.9175028210142636,1.0176614668435024,0,5.036461327471516,0.3855955286211158,2.101964155004469,5.036461327471516,7.138425482475984
0.271495310825648,0.5514762752395233,0.3405892164004968,0.39069592092814415,-1.326472128311083,1,6.781141813631686,0.5705624994103211,3.2724713731203976,3.5086704405112883,6.781141813631686
1.0473177066214483,1.1695899924277735,-0.22939074406802776,-0.04347694981386243,-1.5311075025557221,1,9.164742301551385,0.6746077687798608,2.816487404745578,6.348254896805808,9.164742301551385
0.5142547560178349,0.5720574417141441,-0.062191016999311004,1.1243533598705027,-0.3340772309799405,1,6.207991631300002,0.550078970466353,2.950247186400551,3.2577444448994517,6.207991631300002
0.5646059258936003,-1.0196643386921156,-0.02355215087423812,-0.17435425790283585,0.22530792204094158,1,8.456865472972677,0.5928449976565217,2.9811582793006095,5.475707193672068,8.456865472972677
-0.3695269288333586,-0.1314725956716678,0.8260471714415063,-0.43676423723821745,-1.6065771007386793,1,6.378193002626533,0.616956325142068,3.660837737153205,2.717355265473328,6.378193002626533
1.7495839042054206,1.3814540786904865,-1.2922626951056186,0.6897078052451944,-0.5029747705513431,1,12.180407287853516,0.9377666337637186,1.966189843915505,10.214217443938011,12.180407287853516
0.26348721533105957,0.2942241290134937,-0.234407800316322,-0.7837656655863965,-0.6905410523162594,0,2.754013571339324,0.4545036738427188,2.8124737597469425,2.754013571339324,5.566487331086266
-0.9161919154812425,-0.8318222082304447,-0.06717829004935526,-0.7157599891107518,0.6820520657126199,0,4.547663693745507,0.5895672852928776,2.946257367960516,4.547663693745507,7.493921061706024
1.4872461553359273,-0.580053241370043,0.23940450053537707,0.49968511030293383,0.4720022709192744,1,10.407921477240869,0.8985987168272104,3.191523600428302,7.216397876812566,10.407921477240869
0.07595526791608741,0.7426824183597224,0.4822489526806572,-1.2376624223272978,0.8691560643892732,1,6.1578535067833915,0.48249557933652826,3.385799162144526,2.7720543446388652,6.1578535067833915
0.8872908372667421,-0.7632861041785816,0.03793783544760203,0.6833289928110694,-0.20931381957936157,1,8.334603108743455,0.7109097516162645,3.0303502683580814,5.304252840385373,8.334603108743455
1.0729780477660118,2.3638724946193608,-0.7859860326349823,-1.3810446031537749,0.30381859560487573,0,7.107869294873828,0.2603811126935676,2.3712111738920143,7.107869294873828,9.479080468765842
0.7215625051261435,-0.23086637384476896,1.4532606633210343,-1.3386057997232488,0.6929186230316111,1,8.842465580142818,0.7266942289536584,4.1626085306568275,4.67985704948599,8.842465580142818
-0.6058608207588934,1.7193779062072967,1.9925153531681183,-0.7666565877833479,-0.5495571359085801,0,2.8652478702879556,0.02430095399368184,4.594012282534495,2.8652478702879556,7.45926015282245
0.8595878869798019,-0.3871306497895146,-0.04541121793223822,0.02538842054241018,-1.9196731561976563,1,7.893608108730216,0.7195209811407036,2.9636710256542096,4.929937083076006,7.893608108730216
-0.01383774609423725,-0.6897277740641738,-0.493122822399772,1.4436320034688142,-1.2565068942792563,0,2.3699379073484854,0.4301785708082886,2.6055017420801825,2.3699379073484854,4.975439649428668
0.8132051867479773,-0.2789629303318085,-0.2797601684958344,0.7903718960517113,0.34005129456889044,1,6.130405295405648,0.6547985346802502,2.7761918652033324,3.3542134302023157,6.130405295405648
0.570612997219531,0.9681846605328611,-0.33130838318332273,-0.6122367345077503,-1.085150526557798,0,2.9378984583614836,0.42092886478195757,2.7349532934533416,2.9378984583614836,5.672851751814825
-0.8254105299789551,2.9490944253087252,1.2446795807367868,-1.3510743662080213,-1.3224579567435701,0,6.032021025558223,0.0009989875757222286,3.9957436645894293,6.032021025558223,10.027764690147652
0.4818660617184915,0.547264797377967,0.5488838353173644,-0.25495579355369785,-0.12545426000290022,1,8.09421450366293,0.6839843478801528,3.4391070682538913,4.655107435409037,8.09421450366293
0.3278795241593574,0.08589300629333041,-2.219300372747535,-0.22979963057519381,-0.8514064342603136,1,5.004562901870922,0.7024381347592407,1.2245597018019718,3.78000320006895,5.004562901870922
0.17521141890851205,2.98525900260341,0.3674816654743044,-0.3135296861723979,0.9218015019772522,0,8.788080315003544,0.011752429331815736,3.2939853323794437,8.788080315003544,12.082065647382988
0.4826878872092127,0.4200944904518413,0.606850593215671,2.0565435648295414,-1.1308884353259157,0,3.668741764882088,0.7076685421725394,3.4854804745725367,3.668741764882088,7.154222239454625
0.47363207681145447,-0.9263811299815384,0.5555126463422483,-0.9186865114860944,-0.4173668136050844,1,8.469488487142812,0.7179231570539003,3.4444101170737986,5.025078370069013,8.469488487142812
-0.2950899142379063,0.975816719344709,0.9184544439424138,-1.2457173764463845,0.054934110999848726,1,7.051561230150158,0.31397568945460513,3.734763555153931,3.3167976749962267,7.051561230150158
-0.7095798547491726,-1.2585049106753345,-0.21701705042437042,-0.3084827884558197,2.4267164863455224,0,5.592867342071462,0.5444928159100728,2.8263863596605034,5.592867342071462,8.419253701731964
0.43295982536069616,-1.3776175007542373,-0.5647740041709423,1.0213832954293984,2.088442772869925,0,5.498192834920097,0.38876292177849525,2.548180796663246,5.498192834920097,8.046373631583343
-1.5859833122379583,-1.879924385139045,1.8709651753717822,0.38961417737090387,-0.8682927318763665,1,12.839242325396263,0.8102000602606926,4.496772140297426,8.342470185098836,12.839242325396263
0.5346290861224353,-2.6357477390168778,0.003375506597160999,0.32782117284308526,0.9242701395378298,0,9.626809039157393,0.16670623858948752,3.0027004052777286,9.626809039157393,12.629509444435122
-1.0138959522925377,0.08568716140335904,-0.9254246260595873,0.2553837556743171,-0.8953463223630241,0,0.6757330202518825,0.2711269394449396,2.2596602991523302,0.6757330202518825,2.9353933194042128
-0.4081008391602206,-0.9958153947902291,0.651136241823657,0.8584511166566653,-0.2346205699574138,1,8.153150755221015,0.6943627785462618,3.5209089934589257,4.632241761762089,8.153150755221015
0.03823799496002834,-1.4485914146335441,-0.29967664800678706,-0.05020461704174478,2.620793091029975,0,5.433495753007394,0.42161929612315896,2.7602586815945704,5.433495753007394,8.193754434601964
-1.1119670257741636,1.4641772387524374,0.996858773465808,0.2806364044901364,1.7586204841951334,0,2.725887854612831,0.06914382283815379,3.7974870187726464,2.725887854612831,6.523374873385477
0.3721054726068629,0.3891591956679287,-0.053120653017545344,1.2235688824186275,1.0964692338108837,1,6.411483428855876,0.5276176125783218,2.9575034775859637,3.453979951269912,6.411483428855876
-0.6256772874962124,-1.3192471945987674,-0.20298063739565708,-0.8000385643976464,-0.0635245746153551,0,5.539646534996468,0.5328108083705039,2.8376154900834742,5.539646534996468,8.377262025079942
1.2374381346841392,-0.45730165508679,-0.04282338131157488,0.058022734808395225,0.8484308822052846,1,9.789200114794909,0.8174051544551089,2.9657412949507402,6.823458819844168,9.789200114794909
-2.246889333984605,-0.6067002947652967,0.21128369227947272,1.2000789564268612,-0.49190244750620515,0,7.369190213885503,0.8950902748710993,3.169026953823578,7.369190213885503,10.538217167709082
-1.876552706041874,0.6197114459661363,-0.6353623888256293,-1.1896666590903613,-0.6243453897132241,1,3.144542917301582,0.16067760998459055,2.4917100889394965,0.6528328283620857,3.144542917301582
-0.18452535765584954,-0.6047446645382127,-2.205566057099069,0.8970661968871322,1.2748750412787222,0,4.531905546771082,0.6763519602924243,1.2355471543207446,4.531905546771082,5.767452701091827
0.6515219913395057,-1.1376856704248166,-0.20149153394751798,-0.006521315229458062,0.5987943895619102,0,4.839993351811515,0.5359827861363325,2.8388067728419855,4.839993351811515,7.678800124653501
0.6683404887180808,-0.7341737987784958,0.08199555641356042,0.4572804046152411,1.4558223221467665,1,8.558115253033677,0.6764251405968893,3.0655964451308484,5.492518807902829,8.558115253033677
0.7045065398247231,0.7890566873755189,0.08382662792936094,1.4104591452035038,0.4097627959594974,1,7.621109910251987,0.6407314070966578,3.0670613023434887,4.5540486079084985,7.621109910251987
-0.8610879101735704,1.4033699701251907,0.6979032725390276,-0.4430440211284823,-0.47949296739924335,0,2.6084744973479537,0.09948181684701643,3.558322618031222,2.6084744973479537,6.166797115379175
0.2965755451407618,0.4631847952675847,0.19729226563120644,0.3113086734428849,1.6999573745763805,1,6.988220660308738,0.5607792819470858,3.157833812504965,3.830386847803772,6.988220660308738
1.0715431522348857,0.19063559126502433,0.9413105807674833,-1.0325239035275395,0.39792704994680894,1,8.812154959294078,0.8825161202401446,3.7530484646139866,5.059106494680091,8.812154959294078
1.80930634973311,-0.21804589539237385,-0.8476339286190848,-0.6520888885930607,-1.0896330373423884,0,8.44180128258559,0.9108886069827175,2.321892857104732,8.44180128258559,10.763694139690323
-0.7847619081277034,-0.370508098590029,-1.405567019178642,0.015618333949603047,0.9022771737866472,0,2.2304064264489036,0.4641508170779582,1.8755463846570863,2.2304064264489036,4.10595281110599
-0.9077561801469204,1.5192839236417688,0.5107920885275947,1.0305805856240573,-0.6578345538521371,0,1.8925559482105618,0.06896549454001835,3.4086336708220757,1.8925559482105618,5.3011896190326375
0.8545252270666157,-1.091933900395313,0.8902475008365087,0.17183933979353122,0.5532512199847837,1,9.511764201695968,0.7614518952782837,3.712198000669207,5.79956620102676,9.511764201695968
-1.1755946056248516,-0.8950698422766047,0.5972282182533848,-0.9483480042242007,0.46320629209912306,1,8.918605732992509,0.7793176957806026,3.477782574602708,5.440823158389801,8.918605732992509
-1.3671378064602457,0.8481742126666681,-1.232523314768509,0.5522999376795232,0.6256309336460009,0,0.11446938583969762,0.10496803670151963,2.013981348185193,0.11446938583969762,2.1284507340248906
-0.6967718184295749,0.5820265670847269,0.26044226333355597,-0.5388418561927383,-1.008554684076208,0,2.3564969710471764,0.3133123001027339,3.2083538106668446,2.3564969710471764,5.564850781714021
-1.962625691672579,0.3496500472996937,-1.5648027713620551,0.0953441994413082,-0.2634482160822491,1,4.345077964788129,0.40362162599254975,1.7481577829103558,2.596920181877773,4.345077964788129
0.6791427754381955,-0.3020454994898642,-0.3294477863470914,0.7318707042882956,0.3350580290841175,1,6.695652262963955,0.6005428688881881,2.736441770922327,3.9592104920416284,6.695652262963955
0.3161559571827783,0.46926758980852623,-1.5355721232071058,0.756788679986982,0.6124687940136023,1,4.095420588601401,0.4987189551494184,1.7715423014343152,2.323878287167086,4.095420588601401
-1.0166831285764972,-0.2440804736742013,-0.039307287627631186,-0.1344967844017327,0.33385996656853467,1,4.840117246650688,0.4881723412905314,2.968554169897895,1.8715630767527929,4.840117246650688
1.4313667818311835,1.0817667276728287,-1.3122191934314063,0.6220699903060487,1.3289333195354096,1,8.591672754279918,0.862900146709256,1.950224645254875,6.641448109025042,8.591672754279918
0.38680852068920263,1.090980425185967,2.012270445700765,1.0237095461069814,0.24930859564172886,0,3.842469344567195,0.28606060768303726,4.6098163565606125,3.842469344567195,8.452285701127808
1.0450884740847535,0.14488783309689118,0.02390304328495547,-0.35141423571373254,1.5634133588321082,0,5.939980227882083,0.8055755281454785,3.0191224346279646,5.939980227882083,8.959102662510048
-0.8184286659420014,1.532367724678116,0.49986412374037137,-1.3993061748019415,0.3676492929914216,0,2.10323920813601,0.07231838110851443,3.399891298992297,2.10323920813601,5.503130507128307
-2.100026507651624,0.6255080168310357,0.885231482988991,-0.5923559556520536,0.12354769595558233,0,3.4006302063173215,0.4162460068102338,3.708185186391193,3.4006302063173215,7.1088153927085145
1.9541574337502863,-0.5057467042619367,-1.0589075870566005,1.4816634024625988,1.9625871905307948,1,11.012212671379348,0.9219804277364864,2.1528739303547195,8.85933874102463,11.012212671379348
0.0036956718478473255,1.0114630354083562,1.341475915530881,-0.742484232538384,-0.4853058353678683,1,8.354765731617356,0.3219373040279553,4.073180732424705,4.281584999192652,8.354765731617356
1.230874513154735,1.6850142787085094,0.5628808601743548,-0.8798143535020543,1.9870611116994412,1,13.352455396537769,0.8304604511170418,3.450304688139484,9.902150708398285,13.352455396537769
-0.5309708978119645,-0.33513778117145177,0.34233783448962146,1.5541604207147741,0.8539759765522237,1,5.736771691750615,0.5929951302949313,3.2738702675916973,2.4629014241589178,5.736771691750615
0.41486550036191044,0.4632885301181062,0.04351466864346608,0.5581395145185063,-2.529560077694303,1,6.457936880568381,0.5599144535929642,3.034811734914773,3.423125145653608,6.457936880568381
-0.29660745906979835,0.241321934916781,-1.151014083619507,0.38632331781156,-0.20447122098612153,0,1.444583601618335,0.297736131996655,2.0791887331043943,1.444583601618335,3.5237723347227297
1.75547569831549,1.5730197252148563,-0.46580556911816284,-0.15083771156669531,-0.0739475656083926,1,13.305463797811619,0.921513373266382,2.6273555447054697,10.67810825310615,13.305463797811619
-0.4516594761596227,0.19502498402812674,-0.7582820688875902,-1.1306153349375263,0.6227112239002686,0,0.8176138672618541,0.2587768494672491,2.393374344889928,0.8176138672618541,3.210988212151782
0.6295295842218108,-0.8043157596599924,0.8953554307625996,-0.6315777291653314,0.2531652380379812,1,8.471393137363277,0.7607341355145923,3.71628434461008,4.755108792753197,8.471393137363277
0.820344012612456,-0.03361256470371301,0.4547409121411344,-0.5164296438875717,-0.19646658342809717,0,5.409808566105619,0.8125526389569142,3.3637927297129075,5.409808566105619,8.773601295818526
-0.20585943088034037,-0.7465783465402389,-0.1767741631157821,-1.5486182988637467,-0.4911537471421047,1,5.879305983441974,0.49533579898062885,2.8585806695073743,3.0207253139345998,5.879305983441974
-0.28487549336967083,-0.2561797524953801,-0.24149744587077882,-0.061764199860128925,0.4794415180860639,1,5.263188546606658,0.42863038316143737,2.806802043303377,2.4563865033032806,5.263188546606658
0.8745170741325226,-0.6497652268482671,-1.2032008553891445,-1.042044412243103,-0.48720292119492714,1,6.4079516634932165,0.6231138484780963,2.0374393156886845,4.3705123478045325,6.4079516634932165
-0.3519213178165091,-0.7699960661974573,-1.2961166642498945,-0.4561208274741882,0.18142662011397137,0,3.312557266286051,0.470441351408024,1.9631066686000844,3.312557266286051,5.275663934886135
0.5950294658355647,-0.5574230531083212,-0.41299782214343406,-0.9266983088473107,-0.03143917037477642,1,6.695874737662806,0.5473346366633978,2.669601742285253,4.026272995377553,6.695874737662806
-0.8484286341908146,0.5731278132412001,-1.7858664919341112,-0.3596296724524624,0.3011073391917421,1,2.4849788388157927,0.29229250424787895,1.571306806452711,0.9136720323630818,2.4849788388157927
0.18383451632250436,2.6930336639804966,0.34980002456790754,-1.0040545968420103,-0.09546424708907303,0,7.325600914203832,0.026085870583012663,3.2798400196543263,7.325600914203832,10.605440933858159
-1.7762463334664518,-0.08059974929676088,-0.8330560570007587,0.9153902755601617,-0.5495402745955349,0,2.6576741208684207,0.4268361886390987,2.333555154399393,2.6576741208684207,4.991229275267814
-0.11676591579524663,-0.6355578414044034,1.7388513518533313,-0.3212427661179117,1.8325570434792018,0,2.847528458328163,0.496805859275336,4.391081081482665,2.847528458328163,7.238609539810827
0.8141517621182666,0.48206672733538614,0.3687331473175197,0.39379729821625153,-1.92767257934561,1,8.176799344548847,0.7822333860774185,3.294986517854016,4.881812826694831,8.176799344548847
-0.2788833941507565,0.8451579711843216,-0.04889718347410554,-1.405189846803575,-0.05240445057746945,1,4.025167719522681,0.23136781659498354,2.9608822532207157,1.0642854663019652,4.025167719522681
1.7041055162554912,1.2468917155347194,-0.062004009366031745,0.9514492770580866,-0.36650702036805183,1,13.562936208309369,0.9457518785604255,2.9503967925071746,10.612539415802194,13.562936208309369
-1.703871586826719,-0.9244659881295544,1.5628887685081978,-0.2739930818293042,-0.24338397937501807,1,10.557736063007546,0.8043056217416716,4.250311014806559,6.307425048200987,10.557736063007546
-0.29983819627488056,1.904136589573007,1.6259589153620633,2.218780233448134,-0.1590452104000513,0,3.594952242107345,0.03720456771497828,4.300767132289651,3.594952242107345,7.895719374396996
0.29562448874709507,-1.5166425494207911,1.4769344261182744,-1.167779551267935,0.2167755637626291,1,9.55131330346415,0.5170494919671251,4.18154754089462,5.36976576256953,9.55131330346415
-1.097302527632844,-0.5888668267386961,-0.8372624310497003,-0.6078752606758179,-0.5391227031489786,1,5.643844970299822,0.44876777467059664,2.33019005516024,3.3136549151395824,5.643844970299822
-0.5482687949250771,0.8333339117803071,-1.10486279306252,0.22054142701386686,1.2179591523055584,1,1.679935404660732,0.13382444944244357,2.116109765549984,-0.4361743608892521,1.679935404660732
-0.513196364513396,-0.7179188907476018,-0.23052462518025083,1.1797252083607102,0.1941076309533577,1,5.91274273052321,0.48417703808739937,2.8155802998557995,3.0971624306674097,5.91274273052321
-0.5312142946075985,0.48387665118803974,-1.1022921498364233,0.681359510442948,0.4086073077017676,0,0.14634259218774934,0.20895080372244085,2.118166280130861,0.14634259218774934,2.2645088723186104
-0.3078084711388841,-0.838585798447231,-0.8866809222834573,0.5348173363459102,1.2289805024890619,0,3.5664194094004946,0.40514846910884084,2.2906552621732343,3.5664194094004946,5.857074671573729
-0.6373077470287948,0.45838670355148425,-2.0870270186020687,-0.5846177306571996,-0.031058932870901952,0,1.395682831498335,0.4121219496763802,1.3303783851183448,1.395682831498335,2.7260612166166798
-0.9096834169818336,-0.936506374789596,-0.6677795564688862,0.29219272832637316,-0.1873290184063747,1,6.677826669165947,0.47750842637370755,2.465776354824891,4.212050314341056,6.677826669165947
-2.238231233324972,-2.120700152635066,-0.6068651778571754,0.45768658605355206,-2.7475048427252347,1,17.60634245031733,0.9501785014054662,2.5145078577142597,15.091834592603073,17.60634245031733
-0.4997301761516306,-0.5262478565174211,1.3883377782084478,-0.38502181171286365,0.38298898474092846,0,3.3341338031778713,0.5813372718570419,4.110670222566759,3.3341338031778713,7.44480402574463
0.14125714008746323,-2.1305664798072006,0.7682072166317373,0.21539650545628794,0.5082686396745896,0,7.413655252779903,0.49364333525045034,3.6145657733053898,7.413655252779903,11.028221026085292
3.9262377064363267,-2.0841129394985884,1.7246966497611085,-0.28744751940035557,0.2873289044030093,1,25.650653400638156,0.9884794391173188,4.379757319808887,21.270896080829267,25.650653400638156
-0.04551224530124217,-0.4242363333980435,-0.5698329282387588,0.32950873557300914,-1.5171736966716791,0,2.572229423724974,0.4050652230438873,2.544133657408993,2.572229423724974,5.116363081133967
0.7505791675217656,-0.41619440488525394,-1.1300693390403578,-0.4500128579958137,1.2571492168625729,1,7.014864153386439,0.5940920665733603,2.095944528767714,4.918919624618725,7.014864153386439
-0.5353350870162231,0.35845361820962024,-0.7309562757154733,0.7579218499236196,0.6855077387902041,0,0.2460837005721475,0.21717328482367942,2.4152349794276216,0.2460837005721475,2.661318679999769
1.8486088332964115,-0.1755639454992155,0.6686548047579066,0.09806753953894455,1.2958717818630143,1,13.837893731813995,0.974347042318114,3.5349238438063253,10.30296988800767,13.837893731813995
-0.7188323876087304,0.7450053128772811,-0.19469729611668168,-0.06418817710849775,0.09175248444837286,0,1.3491837273453937,0.16961291827619177,2.844242163106655,1.3491837273453937,4.1934258904520485
0.2522403964266774,-0.11622904312195817,0.21471318317052634,1.5781180575621845,0.9854496856152184,1,6.491084327347406,0.6288358665091329,3.171770546536421,3.319313780810985,6.491084327347406
0.8691545924968965,-0.4555395260238707,-0.8892408282283243,0.9553005582377528,0.8760467925297942,1,6.229850629662906,0.5984702678374404,2.2886073374173406,3.9412432922455647,6.229850629662906
1.472670675750982,-0.6039806259692295,-0.22954865536034708,-1.6394841625254342,-0.39247110606087293,1,8.851390625994638,0.8306834429909812,2.8163610757117223,6.035029550282915,8.851390625994638
0.9965705105794472,-0.46649537922819795,0.6404797952008238,-0.19050310599781134,0.32405702822156063,1,8.340486873023599,0.850207610759637,3.512383836160659,4.82810303686294,8.340486873023599
-1.1476913898156673,0.08520944963390106,-2.9911359709007233,-0.18689615816198485,-1.6304732437151401,0,2.1175089312294264,0.4491252686041477,0.6070912232794212,2.1175089312294264,2.7246001545088476
1.205994516546816,0.7774073527645112,0.46667098196608103,1.52100622715938,-0.9489165208248372,1,11.070336974082537,0.8930489417456506,3.3733367855728646,7.697000188509672,11.070336974082537
1.7473631979155582,0.9321915642603847,-0.23655528721894603,1.1356201471829441,-1.1062935124116342,1,11.56637299492051,0.9470719630229661,2.8107557702248434,8.755617224695666,11.56637299492051
-0.8245141615276735,-0.6085897232397004,-0.5289777080640152,-1.0565576427602528,1.223083067095325,1,5.572442842094331,0.431862269804035,2.576817833548788,2.9956250085455434,5.572442842094331
-0.25885440036983165,0.35250496835687956,-0.5703513664136806,-1.8206033005485172,0.2700573583914221,0,0.043106187609880775,0.2603756814070117,2.5437189068690556,0.043106187609880775,2.5868250944789364
-1.9122549754197768,-0.06863404608546861,-1.3683150388328105,1.987275999230808,0.9113627221747217,0,3.5271598108858724,0.5481833063418224,1.9053479689337516,3.5271598108858724,5.432507779819624
0.10575379127148042,1.2637066776546686,-0.8463159774657358,0.543479378670093,0.1998104337187135,0,1.6098071574990733,0.14078153080854858,2.3229472180274113,1.6098071574990733,3.9327543755264847
0.26402008133367,1.2723535001067678,0.7324921027798023,0.28872366282502326,-1.6548874362282961,0,4.32333879247418,0.4174858023068597,3.585993682223842,4.32333879247418,7.909332474698022
-0.9600462952794637,-0.12270893359572414,0.09337237427665124,-1.1302037246739238,2.411676675578421,1,5.359499129410693,0.48856971506550834,3.074697899421321,2.2848012299893723,5.359499129410693
1.5163940552535728,0.6021183203924835,0.07203686128374476,-0.21220896990115168,-0.9519184600222356,1,11.103852132163183,0.9296830383629417,3.0576294890269957,8.046222643136188,11.103852132163183
0.07748051851886253,0.2577525401427507,-1.2417605754816243,0.33417641724489744,-0.15525904882474875,1,4.063811880554827,0.3848018673516033,2.0065915396147007,2.057220340940126,4.063811880554827
-1.907807557877391,-0.8603850107795019,-0.41360553342164424,1.8876876573401904,0.5565531245337582,0,6.35651738472638,0.7722625897577255,2.6691155732626846,6.35651738472638,9.025632957989064
-1.3354815690998914,0.486036289417637,-1.5473039889383655,1.0826910538870733,-0.4711246518178786,1,2.647295653878861,0.26013072597378883,1.7621568088493076,0.8851388450295534,2.647295653878861
-0.09363618873917084,1.32579664754219,-1.28716356858425,-1.3971181851129912,-0.5835993263460049,0,1.2227188245025324,0.12149011318611865,1.9702691451326,1.2227188245025324,3.1929879696351327
1.0383788510193166,-1.5193460754768424,-2.832155598110569,-0.4511588584089988,0.5517407999109204,1,11.159119361178686,0.6460616843056016,0.7342755215115448,10.42484383966714,11.159119361178686
1.2002617497388293,-0.463161362085399,-0.41142660711600243,1.1539007342557472,-1.8697416996954206,1,7.593595376165936,0.739547679310598,2.6708587143071982,4.922736661858738,7.593595376165936
-0.38852077518300926,0.19042388992505774,0.44921872128503426,-0.5098066931908826,0.03444101170584135,0,2.38279858792311,0.5133775527060729,3.3593749770280272,2.38279858792311,5.742173564951138
-2.4883273534129895,-0.6582484123338483,0.4535087125544674,-0.9822940342546795,0.058984221589597374,1,12.30684615605721,0.9500748253895048,3.362806970043574,8.944039186013637,12.30684615605721
0.446872500802698,-0.34254920085776497,0.1704637709965709,-0.9627325652846123,-0.20661127969604665,1,6.80017118385911,0.6702691910749775,3.1363710167972565,3.663800167061854,6.80017118385911
0.6102161695892225,0.15697296096843422,-0.5865312695639355,0.224216404290793,0.714609790636618,0,4.265632560259086,0.521037914131425,2.5307749843488514,4.265632560259086,6.796407544607938
-2.049941278577478,1.1590740649558977,-0.336254738681072,0.42548993324023027,1.197246923645228,0,1.377872428742771,0.0568588988662209,2.7309962090551423,1.377872428742771,4.108868637797913
-1.371673697230466,-0.7094410024275466,-0.2885486958757048,-0.7837535211244283,1.7349365758368085,1,5.993561450129286,0.6038603744353617,2.769161043299436,3.22440040682985,5.993561450129286
-0.8567720938267928,-0.5555467794868666,0.20438903160297678,-1.2021495260760888,-0.39568071175626385,0,2.970457876885155,0.6137644053514003,3.1635112252823814,2.970457876885155,6.133969102167536
0.31745326125017514,-0.33286040438251124,-0.09338685889994829,-0.5293321124483709,-1.514470309180767,0,2.194673614189758,0.5681648205200637,2.9252905128800415,2.194673614189758,5.1199641270697995
0.32159321133923857,1.7549330716472415,0.01840163078343813,0.22526411724754952,0.6927227551168594,0,4.238944044822685,0.1738259368952214,3.0147213046267507,4.238944044822685,7.253665349449436
-1.2693304965466992,1.7025146581296056,0.20232879642280202,1.631856899089109,-0.7330329955239894,0,0.04758024241910297,0.024908773844181224,3.1618630371382417,0.04758024241910297,3.2094432795573447
1.8180619225578247,0.7751554940347831,0.5530400858523584,0.23402445435314795,-0.24852861807444937,1,14.260693655641592,0.980631527629299,3.442432068681887,10.818261586959705,14.260693655641592
1.2005316584738726,0.14035986984804696,-1.9670697035871523,-1.1171864617070024,-0.1858457521927473,1,6.7878000233200915,0.8941838074398537,1.4263442371302781,5.361455786189813,6.7878000233200915
0.3099989831655551,-0.05658848889989584,1.2189707897936632,-1.9511018640386248,0.1435879365051602,0,3.3013322050300244,0.6692168071022598,3.9751766318349304,3.3013322050300244,7.276508836864955
-1.8179792253871547,0.7597122954841684,-0.09445871444200275,0.41960997202411815,-0.8638829605897661,1,4.710653936714474,0.17249771611264922,2.9244330284463977,1.7862209082680758,4.710653936714474
1.279464931657751,1.0417246640588513,0.5835443030118876,-0.12951724686344077,0.5798572852951321,1,12.253335082609663,0.9061696267821409,3.46683544240951,8.786499640200153,12.253335082609663
-0.7068925679873489,0.8555556590207121,1.649480894323921,1.0706105599791862,-0.7296024698074095,0,1.4925381116789318,0.16257783007901522,4.319584715459137,1.4925381116789318,5.812122827138069
0.3614173172731029,-1.2931415437586478,0.5723903111756757,0.45060341286253885,-1.869816339532164,1,8.315694112882381,0.6638862219930971,3.4579122489405405,4.857781863941841,8.315694112882381
-1.1617838439123638,-0.28313889674376713,-0.30085974714082625,-1.2094769354188053,0.38897872935218375,0,2.5240460505069318,0.4437111014760593,2.759312202287339,2.5240460505069318,5.283358252794271
0.2514736089405121,-0.1942691319785193,-0.7557915001583629,1.0487071264165635,1.6554071130882952,0,3.0457867430193364,0.4258307424226582,2.3953667998733095,3.0457867430193364,5.441153542892646
-0.4835614838465371,-0.6121669171548207,0.4912076654119963,-0.35802937974698623,-0.13939720066323416,1,7.285711091299668,0.6578631050391968,3.392966132329597,3.8927449589700713,7.285711091299668
0.7396531517246714,-1.9093560875072928,1.3183023248526693,0.07268052432934134,-0.4114931445621802,0,6.340767090807454,0.4636439237864561,4.054641859882135,6.340767090807454,10.395408950689589
-0.08923415422144892,-0.03757064497948127,-1.7312013034449254,1.494938227453236,0.041325632270618466,1,3.1635601448191393,0.5364650913141519,1.6150389572440595,1.54852118757508,3.1635601448191393
0.4430021304473752,0.9515497705740428,-1.0211624575603002,0.47347189903522846,-0.26764109089879357,0,1.7441924134735523,0.32738649132703335,2.18307003395176,1.7441924134735523,3.927262447425312
0.8467707752164937,-2.1272274203514954,-0.099094300241269,-0.6028206557839616,0.4322629506341555,1,11.540475399548871,0.29384067412600473,2.9207245598069846,8.619750839741886,11.540475399548871
0.47004418736820214,-0.7076258948220261,-0.7121738641760436,-0.11066536855732945,-0.8966422273152082,1,6.717463117986193,0.47112709540106945,2.4302609086591653,4.2872022093270274,6.717463117986193
0.8419836954521269,-0.36920720044744615,-2.9069882193216414,-0.3748220566218061,-1.0385438208439723,1,6.526112549401454,0.7770844329439783,0.6744094245426866,5.851703124858767,6.526112549401454
-1.6312758154609455,-1.2374266382225725,0.10940847183297006,1.3286408282482312,0.31318447386498,1,10.892818024171707,0.8453687550216219,3.087526777466376,7.8052912467053295,10.892818024171707
-0.6065033882157397,0.4559041951707027,-0.45909031021899177,-0.6946003691631446,-1.1543626682329844,0,0.8668162991986941,0.209454685474226,2.6327277518248065,0.8668162991986941,3.4995440510235003
-1.7518288067517191,-0.3899237065594453,0.15805348992013185,-0.09662367001488972,-0.4159669279473586,1,8.336358874697288,0.7252797324236991,3.1264427919361055,5.209916082761183,8.336358874697288
-0.9457460606967811,0.6082461916849685,-1.317131919946585,0.7760279138434754,-1.0022170189267248,0,-0.1576172250015776,0.1799787915736394,1.946294464042732,-0.1576172250015776,1.7886772390411543
-0.752435237353035,-1.466785190615677,-0.5014021468856367,0.9753124584779789,0.5156280884439565,1,8.488206053910247,0.491848647102495,2.5988782824914907,5.889327771418756,8.488206053910247
0.9784221120280351,0.5221425459339358,-1.1036698285303692,-0.33078922432755736,-0.7801991291174627,1,5.975207993564204,0.6713227709729063,2.1170641371757046,3.8581438563884993,5.975207993564204
1.3305749040390402,-1.1967886464263116,0.8936976893891109,0.8929538701087693,1.8296202017160872,1,10.95908836833074,0.8272290955026751,3.7149581515112886,7.244130216819451,10.95908836833074
-0.40968659262949736,0.7123221595801621,2.2816518365388427,-0.6176416769336966,-1.5350402475323597,0,1.679546303326911,0.15818343936485685,4.825321469231074,1.679546303326911,6.504867772557985
-1.8800100339077637,0.7127120288613313,-1.8831502080585838,-0.37231905293792283,0.4373131870389607,1,4.2058115800009395,0.27795712643193393,1.493479833553133,2.7123317464478065,4.2058115800009395
0.18517553682991406,0.42544486418417227,0.22228985580085406,1.2788658133133932,-0.952316380738797,0,1.9604187883517539,0.5376316135358619,3.1778318846406832,1.9604187883517539,5.138250672992437
-0.6769951384585313,-0.772659445270824,0.8301918118626102,0.9003985883950636,0.4512253193185082,1,7.846937623870383,0.706016350411022,3.664153449490088,4.182784174380296,7.846937623870383
1.1834936668899279,-1.1780408673763807,1.667224111551137,1.5232386217122582,0.7356219972457467,1,10.141847481803435,0.669936053871957,4.33377928924091,5.8080681925625255,10.141847481803435
1.78179890877106,-1.6566232076777738,-0.5244481362626519,-0.7353034606819523,0.7214793237573432,1,12.461674292552487,0.5799806212125772,2.5804414909898785,9.881232801562609,12.461674292552487
-1.0501407396021456,0.7574951493374855,1.3705361439967134,0.6952029000839993,0.2837510236615011,0,2.313876711142144,0.21490199502958646,4.096428915197371,2.313876711142144,6.410305626339515
-0.9878733409007492,-0.8468509661253646,1.2496189052966666,0.7793490039053323,-0.03901951937754412,1,8.35667107465726,0.7034858357314501,3.9996951242373333,4.356975950419927,8.35667107465726
-0.41790954576589057,-2.025807873111377,-1.0708524186844388,1.9114190871397234,-1.2804555710024668,0,9.028837670408212,0.35771378465427717,2.143318065052449,9.028837670408212,11.172155735460661
0.18947982122108065,1.0074439731951985,-1.2549226680022925,0.1847104747810833,0.937915537510655,0,1.031190378481227,0.25700022153906577,1.996061865598166,1.031190378481227,3.027252244079393
0.012499321907250335,2.8684030556667683,-1.6685992588781953,1.0587285298838789,-0.17280173739646437,0,2.5223637591119656,0.007688243372002692,1.6651205928974437,2.5223637591119656,4.18748435200941
0.7719201548366751,0.44130715169924584,-0.7331561971099966,0.22899639245934025,-1.8579014513982872,1,5.823059888056303,0.5534231021957903,2.413475042312003,3.4095848457443005,5.823059888056303
0.6032475005713938,0.29815846599052565,0.6386601686431024,1.0581183250871502,0.3676198402097109,0,3.2570541922864162,0.7595744973877036,3.510928134914482,3.2570541922864162,6.767982327200898
0.1480894197982762,-0.8810683366612923,-0.712220763649051,1.186734620177331,1.4363354057059785,0,3.942726442646041,0.41645232545876987,2.4302233890807594,3.942726442646041,6.3729498317268005
-0.23811043631205406,0.04600274725327412,-0.9046143749937661,1.1727568452674448,0.6654168236917787,0,1.5900024628817857,0.3140437674958773,2.276308500004987,1.5900024628817857,3.8663109628867725
1.9412174364637491,-0.8783230771797389,-0.3780078990182172,0.2314459225255723,0.6464895377257707,1,11.829509345945267,0.8859902208581144,2.697593680785426,9.131915665159841,11.829509345945267
-0.21566763754763232,-0.8729610904537004,0.8814075289235711,0.7211353625455816,-0.9162741005637249,1,7.54381930998776,0.6879248524823355,3.705126023138857,3.838693286848903,7.54381930998776
1.3554428011054958,1.1701987091966037,0.13429649724779288,0.07959786237603639,0.5540577711159071,1,11.623962979624988,0.8831519480542722,3.1074371977982342,8.516525781826754,11.623962979624988
-0.8617030702562581,0.03003147916408217,-2.1523835446091804,0.8764556455029355,-1.5614932224418594,0,2.4969050628736356,0.5489053746922873,1.2780931643126556,2.4969050628736356,3.774998227186291
1.503419828428999,-0.3301200939664503,-0.2116669819311769,-0.6277339060845056,-0.2880388739220764,1,9.833146576325454,0.8691488520946241,2.8306664144550586,7.002480161870395,9.833146576325454
1.4185313451480366,-2.4878086565350794,1.2769653860881878,0.33802348110170816,-1.2070216478572156,0,9.715157173179685,0.2729463335586725,4.02157230887055,9.715157173179685,13.736729482050237
-1.0753123930492379,1.676393027208203,-0.9455068799427312,-1.1533505105959594,1.1373145423647293,0,-1.1206784326946664,0.014155333425277004,2.243594496045815,-1.1206784326946664,1.1229160633511486
0.33855287628591424,-0.9379255765363989,0.216624975404619,-1.0257526836402773,1.1008213984226052,1,8.00296043363349,0.6384498454585877,3.173299980323695,4.829660453309794,8.00296043363349
1.0613709648731335,0.5320061988219431,0.3616610612470166,1.7611881248673737,-0.0003136726117747121,0,6.093345449483164,0.8547461100856991,3.2893288489976134,6.093345449483164,9.382674298480778
-1.1818741254208012,0.44947391283230687,2.0860470495371137,-1.0147594931858521,-0.36146276669398575,0,0.8359038383771762,0.18482845132474604,4.668837639629691,0.8359038383771762,5.504741478006867
0.41644603810145264,-0.05390484900573916,-0.9823035803773146,1.1218578562304709,2.3200407220172594,0,2.9691575484305783,0.4703510913214089,2.2141571356981484,2.9691575484305783,5.183314684128726
0.19613145902390733,-0.9040682897360003,-1.548960525053475,0.2579759812211809,1.1038773433162576,1,6.075785761994858,0.5600409200158158,1.7608315799572198,4.3149541820376385,6.075785761994858
0.4751677464953816,-0.002403840918853844,-0.5892716517893062,-1.0921636327180897,0.8347513263248821,1,4.8807507628910045,0.48481385739715793,2.5285826785685552,2.352168084322449,4.8807507628910045
0.9137716213855857,-1.5457297866907331,1.5898389781806839,0.5740712208940013,1.3995946451457935,1,10.02735495049382,0.5271422319620805,4.2718711825445475,5.755483767949272,10.02735495049382
-1.342127748485115,-1.365824155415439,-0.14896930976729691,0.5027844268951942,1.7963608229269636,0,6.753709196039187,0.7324919476495018,2.8808245521861626,6.753709196039187,9.63453374822535
0.7060789138151315,-0.24268127681203333,-1.0263692076658921,1.23000057271915,-0.9647054257507148,0,3.4813038039073314,0.5706695893812543,2.1789046338672864,3.4813038039073314,5.660208437774617
1.6284685547723217,-0.28438464960650933,1.5905820726178503,0.6789312900592783,-0.13699548944245826,1,12.067394607398715,0.9182719246383693,4.27246565809428,7.794928949304435,12.067394607398715
-0.5193963718261266,-0.3409078773460798,0.4283166923752375,0.07715649621771674,-0.5938114080687051,1,6.081908480452654,0.6117699251452365,3.34265335390019,2.7392551265524645,6.081908480452654
-0.16563141031763223,0.0785770297191498,-2.128734094414812,0.4581681147886987,-0.9797212247168068,1,3.9821951476980626,0.5893945195115726,1.2970127244681502,2.685182423229912,3.9821951476980626
-1.153332403205745,-1.6873443471107104,-1.7938924978678903,-1.3554475031122892,-0.7090209576304904,0,9.940082256975629,0.7750666061535567,1.5648860017056876,9.940082256975629,11.504968258681316
1.9532591375265682,-0.5258796758952039,0.17775010626803134,0.4004813865063287,0.13106518621584873,1,12.742695433525359,0.9594932277191823,3.142200085014425,9.600495348510934,12.742695433525359
-0.07744346072599365,-1.1952937635992447,1.4509275482792119,1.8071966436378852,-1.6826586941226858,1,8.801921970736544,0.572973980695342,4.160742038623369,4.641179932113174,8.801921970736544
-1.0240285908863795,-0.2798103423770061,-0.9645377949101913,0.5059655534558652,-0.7282722024066131,1,3.997916207846771,0.3729307506111952,2.228369764071847,1.7695464437749238,3.997916207846771
2.1650560678066024,1.190548594343596,0.2125740306322149,1.0269862633197322,1.105900424357309,1,17.722011108670088,0.9922037352572426,3.170059224505772,14.551951884164318,17.722011108670088
-0.5639474880582432,-0.8162172445419648,0.07814306296964744,0.861636124497944,0.13906039865341766,1,6.535558834838467,0.5858194089517267,3.062514450375718,3.473044384462749,6.535558834838467
-1.5769964821909972,-0.8028244439508423,-0.07397286359437803,-0.07566560432583026,1.9725421767898081,1,8.015660396006597,0.7317535357485699,2.9408217091244975,5.074838686882099,8.015660396006597
-1.385987942398998,0.5055892418358746,1.4891131083282896,2.271449745422796,-0.40439742318396127,0,1.8604595110639244,0.27951980531390686,4.1912904866626315,1.8604595110639244,6.051749997726556
0.4914294527201998,0.5697603571986469,0.19548173155329082,-0.09884520123930605,0.4359753895000459,1,7.3446466287048935,0.6146340345329593,3.1563853852426327,4.188261243462261,7.3446466287048935
-2.5322460852196853,0.6820694900626313,0.12617790366196718,-0.22247489677826537,2.046862195719558,0,5.046788541070067,0.3836233730490533,3.1009423229295736,5.046788541070067,8.14773086399964
-0.6749340187905523,-0.4030759890650308,1.991553302204734,-0.8320613048498566,-0.5501152829365389,1,6.885753940960605,0.4031688867160942,4.593242641763787,2.292511299196818,6.885753940960605
-0.14702542343084998,0.8407344821295493,0.2078025073533134,-1.2926253471522626,-0.5321685631271895,0,3.401008095986564,0.32338321730168074,3.166242005882651,3.401008095986564,6.567250101869215
-0.6073544332122114,-0.07722104522304557,0.4258436586298291,0.4182057558879721,-1.7760117540484022,0,2.7877288374206657,0.5564507173683171,3.3406749269038634,2.7877288374206657,6.1284037643245295
1.063940987560856,0.2525688459966235,1.3845320475939062,0.4441983272906719,1.1013229577357622,1,9.708996200203966,0.8384264168940244,4.107625638075125,5.601370562128842,9.708996200203966
0.46654531145012695,1.3462257562027482,0.5222506360177785,-0.09791524644290406,2.2724347204468818,0,5.527970008843765,0.4769814665285015,3.417800508814223,5.527970008843765,8.945770517657987
0.8890371222798921,0.5737444210044131,-1.276304416538336,-1.2883076174635377,0.2927154821418534,0,3.559913349128706,0.6579674907430341,1.9789564667693311,3.559913349128706,5.538869815898037
0.1455211977682408,-0.6141225650083162,0.14098269961206,1.5886269280435958,0.6954024745502987,1,6.856661245040131,0.6104035851112731,3.112786159689648,3.743875085350483,6.856661245040131
-1.1410085097527383,-0.1115088271429437,-0.8049664808525608,-0.38769991640856116,-0.41361566562964275,1,3.491590313585149,0.32950984651658816,2.3560268153179513,1.1355634982671976,3.491590313585149
-0.4776455826040052,-1.2551353719733949,-0.12765468151819012,-0.56060763684731,-2.929448690002268,0,6.115665797870834,0.5307166552566587,2.897876254785448,6.115665797870834,9.013542052656282
2.052972024501663,1.088769654216672,-0.37630072492499606,0.018819049740598424,-1.1716543473175618,1,15.066022083563297,0.9776170989295517,2.698959420060003,12.367062663503294,15.066022083563297
1.6957228778108653,1.8972886947731116,0.1566937282465246,1.0235306441853447,0.17528677893392386,1,15.077648163490585,0.9342032868237325,3.1253549825972198,11.952293180893365,15.077648163490585
-1.3367254388759306,-0.4118233689636573,0.13192796677195706,-0.4545477187434442,-0.218653277435036,1,6.570850855917395,0.6330028974978714,3.1055423734175656,3.4653084824998293,6.570850855917395
-0.09139955750911445,-0.08087849786546131,0.05225849049748321,-1.060605066396601,-0.7170161491279362,1,5.659547149976364,0.5111827647453555,3.0418067923979866,2.6177403575783775,5.659547149976364
-1.2845842656999693,0.9778155496862003,-2.1056469418403245,1.1535903433169254,1.3863493972628433,0,0.770902070005302,0.17876253636754263,1.3154824465277404,0.770902070005302,2.0863845165330424
-0.3021805869826214,-2.6031370878272986,-0.3613105619672905,-0.06418416128881928,-1.0105982199289134,0,10.364185377567498,0.23309545638835247,2.7109515504261674,10.364185377567498,13.075136927993665
-0.5152183938082427,1.5301951988633513,0.664927162301741,-0.9245641143780999,-1.5975991695954321,0,3.056895334527997,0.1087700069153258,3.531941729841393,3.056895334527997,6.58883706436939
-0.3270173176097711,-0.21345677935043825,0.4961991873633163,-0.535316712567659,0.5114995753618614,1,5.362544607688273,0.611345483996684,3.396959349890653,1.96558525779762,5.362544607688273
1.9351540400602292,0.8155010224442626,-0.048088507330772585,-0.18315047105329468,-0.35667313417987123,1,13.991183672656735,0.9761605014634395,2.961529194135382,11.029654478521353,13.991183672656735
1.1806409124521446,-0.6273134459513029,0.04522270899998256,0.05119790188108534,-0.501784192811532,0,6.755107141033398,0.8015800925658798,3.036178167199986,6.755107141033398,9.791285308233384
-1.3724655478841008,0.32297450361766816,-0.06100397185538355,0.5002404694365699,-0.5336003064391669,0,1.5232627006797639,0.31540615226381685,2.9511968225156933,1.5232627006797639,4.474459523195457
1.2208212988130478,-0.8767737812118448,1.7120402840178925,-1.7476365098282616,0.43477006455689116,0,4.187571415099403,0.7357343679287804,4.369632227214314,4.187571415099403,8.557203642313716
0.47543068252662346,-0.7955570679408823,0.4243939378610126,1.2795186697601588,-2.2168188393540644,1,7.8157346627468085,0.7115772890669569,3.3395151502888103,4.476219512457998,7.8157346627468085
0.5027448074908146,-2.4932708203300775,-0.965664803523208,1.6291663649009451,-0.581782033392054,0,9.699181365127082,0.13000825062646437,2.2274681571814337,9.699181365127082,11.926649522308516
-1.1738799644089726,-0.19793772898468187,2.067906338163552,-1.8316822472060261,-1.0513099116393445,0,1.7703850011161357,0.3805138426183143,4.654325070530842,1.7703850011161357,6.424710071646977
1.4974316831796264,1.8577023435377324,-0.10343122429028392,-1.2390527025266425,2.095843501809159,1,12.924529588342692,0.8386293653649437,2.9172550205677727,10.00727456777492,12.924529588342692
1.5944423917491968,0.678946987762233,-0.81240234893742,-0.049029340838036735,-0.16036008104483077,1,9.54750830024993,0.8922156648371425,2.350078120850064,7.197430179399866,9.54750830024993
0.33085130461557777,1.451001438131336,0.8794170411374032,-1.0773760769847582,1.3764964500195378,1,7.7421997989223055,0.3851179443783237,3.7035336329099224,4.038666166012383,7.7421997989223055
0.3131321400131553,0.6870657958589163,1.466540859278603,-1.1115802495135512,-0.035825578706462934,1,7.666786751650315,0.4933178975113804,4.173232687422883,3.4935540642274328,7.666786751650315
-0.531454551359215,-1.5678594253654559,0.3467099776049199,2.5115565515844236,-1.8400777445057528,1,9.292410683209805,0.6548157534623716,3.277367982083936,6.0150427011258705,9.292410683209805
-0.032280611049470324,0.6405429350747734,0.12307820165618115,-0.1131280525157404,-1.2992163634458243,1,4.860002247802001,0.39126106040007985,3.098462561324945,1.7615396864770556,4.860002247802001
0.23278674294016363,-0.7567639770159263,-2.1899217049785533,1.1945922205137307,0.9583858198420424,1,6.6684541710649885,0.7072612069226597,1.2480626360171572,5.420391535047831,6.6684541710649885
0.0516609768510798,0.22907468820570256,1.0743180127155614,0.2243396567780826,0.9040175547613144,1,7.571657073586526,0.5975095804364765,3.8594544101724493,3.712202663414077,7.571657073586526
-0.29748220087385013,1.3119837385739466,0.3207857259326839,0.19405194360587402,-1.270061088712032,0,2.4397585646876703,0.170289081330488,3.2566285807461473,2.4397585646876703,5.6963871454338175
0.2869558543017087,-0.8319549174944512,-0.6382827265284942,-0.8153756283161211,-1.066234931899225,0,3.620441088002373,0.4382470308964769,2.4893738187772048,3.620441088002373,6.109814906779578
2.1247714030169615,1.3313390619884031,1.9203675021442612,-1.222895019555564,0.07125374991089249,1,19.324332352858182,0.9827640525040439,4.536294001715409,14.788038351142772,19.324332352858182
-1.2935076252040958,-0.695694877197064,-0.9181269834165748,1.2395840064415615,-0.39622967810175985,1,5.432463746615185,0.5191237630070616,2.26549841326674,3.166965333348445,5.432463746615185
1.0683793336940164,0.604120889588518,2.303638752104789,-1.479444223139724,1.259233239786799,1,11.272222367680076,0.6839697990232737,4.842911001683831,6.429311365996245,11.272222367680076
1.1464408704007276,-0.9733788380270346,1.0071333364731596,0.3361449630262288,-0.22747625995340778,1,10.063565052297953,0.8234898333409805,3.8057066691785275,6.257858383119426,10.063565052297953
-0.8239354869719996,-0.7191094514491859,2.049812095785926,0.000682818957482628,0.7821300015314592,1,7.233079533309681,0.4573086994163962,4.6398496766287405,2.59322985668094,7.233079533309681
-0.7908993816675531,-0.7798529462216388,1.0819848092499422,-1.3495762115515322,-0.41521376790527154,1,7.935613742906259,0.6971867820596355,3.865587847399954,4.070025895506306,7.935613742906259
0.03402741107223205,0.11137260184005242,-0.17909328501615626,0.3958197810959231,0.6928557558178116,0,2.020036035444387,0.4374106965112955,2.856725371987075,2.020036035444387,4.876761407431462
0.73463754545933,-0.9858038086678267,-0.2841550979287972,1.1947628618769377,0.8946471875738723,1,7.722167953785791,0.5573573230538571,2.7726759216569623,4.949492032128828,7.722167953785791
-1.372859451481064,0.35147990035220167,-1.9782252493748103,0.04693490206036963,1.897767016745977,0,2.253948609679554,0.4213058342025124,1.4174198005001517,2.253948609679554,3.6713684101797055
-0.9478927172689863,-0.8343230454915821,0.7640297815728595,-1.542801515209646,-0.6327550298850391,0,3.5926548006886385,0.7438618240749068,3.611223825258288,3.5926548006886385,7.203878625946926
0.5964411375817527,-0.6342858476894031,-0.23596998721097162,0.7441857103150346,0.42154608353656126,1,6.557954945136165,0.5834808194902729,2.8112240102312227,3.7467309349049427,6.557954945136165
0.2668183962954019,-0.33912227927003874,0.37006111526895535,-0.12373268009975662,0.45780560992578473,1,6.772681222233462,0.6787014534757247,3.2960488922151643,3.4766323300182975,6.772681222233462
-0.49693202511797824,-0.18256897437954112,-0.9899577925520139,-0.0350076100062359,-0.8110008636288448,0,1.4938693807577554,0.33965277417310114,2.2080337659583886,1.4938693807577554,3.701903146716144
-1.1140464501619933,0.25866114785538813,0.21273977585766032,0.7828737349485725,-0.43112556957509907,0,1.3070646039723406,0.39970266998248455,3.1701918206861284,1.3070646039723406,4.477256424658469
0.4080528468367557,0.5507975722736632,0.44477380783159476,-0.8256536828021421,0.1493634822711889,1,7.668878014190675,0.6413587602470063,3.355819046265276,4.313058967925398,7.668878014190675
0.36414029605466136,0.007178466907941942,-2.0864776583710847,0.16048962397348007,2.212531039397242,1,5.99731828525567,0.7047276428777034,1.3308178733031322,4.666500411952537,5.99731828525567
-0.3600392687569827,-0.7280770978553212,0.3733485597113982,0.3123782104665717,1.1927351654164144,0,4.352580559639262,0.6439653673661733,3.2986788477691187,4.352580559639262,7.65125940740838
-1.2578681559088878,0.7313802525749924,0.5904220612514635,-0.1421465369405461,0.33868731792169,0,2.912748782221323,0.2774786513725592,3.4723376490011706,2.912748782221323,6.3850864312224935
1.0294574815983573,0.8723153800284503,-1.1430193120737286,0.8201581867554845,-0.06468860503251848,1,6.416619387735612,0.6684852345197294,2.085584550341017,4.331034837394595,6.416619387735612
0.07287409801551539,0.0731969910016945,-0.15024298879825998,1.191707497107065,-0.08371795984921201,0,1.6114298040675221,0.46034260719123643,2.879805608961392,1.6114298040675221,4.491235413028914
-1.1195461283831687,-0.39352985596972884,0.1786947168104756,1.2292147842970504,0.6030946849488336,1,5.884419418109758,0.6043268605059368,3.1429557734483806,2.7414636446613767,5.884419418109758
-0.8505352787470439,2.4851899166788916,0.2647753109779796,1.2753907379990148,-0.15171443357722914,0,3.1535483063384313,0.004248903124326655,3.2118202487823835,3.1535483063384313,6.365368555120815
0.5333592447054494,0.8394685045184047,1.218194711754256,1.057368305378225,0.8721970000729778,0,4.722567078164664,0.6190904282911325,3.9745557694034046,4.722567078164664,8.697122847568068
-0.3150867311941086,-0.5717460419560614,0.33260751032419755,0.9331280723410693,-0.22272070077660705,0,3.2103108606096282,0.6239392613637469,3.266086008259358,3.2103108606096282,6.476396868868987
1.0651719657143865,1.4526167454861794,-0.9163209190734197,-0.8369207037962799,-0.14037505890533644,1,8.333346658817382,0.551659329707898,2.266943264741264,6.066403394076118,8.333346658817382
0.3076126681891964,-0.524567013767051,1.3522026788671444,0.4240668615184512,0.03944704824073949,0,3.6916071558312358,0.654562709077608,4.081762143093716,3.6916071558312358,7.773369298924951
-1.4359095238685275,-1.3158158164275071,0.2810092502818063,-2.132595626154836,1.0126374096440718,1,9.925879737656448,0.8349940891660663,3.224807400225445,6.701072337431003,9.925879737656448
-0.1581538443723203,3.2430929695947333,2.3079162506161106,-0.18144906924751675,-0.10633700253131496,0,10.288855708763416,0.000728951673181655,4.846333000492889,10.288855708763416,15.135188709256305
0.9955815140020298,1.7031726099180378,-1.6380290574360168,-1.7863754653546866,-0.6220348055543814,1,7.480380137663492,0.5932032782242936,1.6895767540511866,5.790803383612306,7.480380137663492
0.5827375831738644,0.4968735905075971,1.0697714549838502,-1.1996975283653082,-2.3161438629688766,1,8.76000565558629,0.7205785007539716,3.85581716398708,4.904188491599211,8.76000565558629
0.8580141953021454,-0.8281962729652346,-2.018487864388638,0.14506374595938162,0.7931756882186773,0,7.229576388748285,0.7769371604024332,1.3852097084890895,7.229576388748285,8.614786097237374
-0.12205713212127726,-0.45784838618248924,-0.15936223214590656,-0.37058276240078286,-1.3480471119401671,0,3.6936027697060907,0.4879442095305235,2.872510214283275,3.6936027697060907,6.566112983989365
-0.7146806769904318,0.5212799050138145,0.3216785413765001,0.16805980596682024,-0.9951484818533795,0,2.748556415245802,0.345546219621518,3.2573428331012,2.748556415245802,6.005899248347002
-0.18150316213566714,-2.1770650464428547,0.17847666388538974,1.4288577078135674,-1.4741321320421057,1,11.605787580110071,0.4422382792514664,3.1427813311083117,8.46300624900176,11.605787580110071
-0.5859276733177553,0.32910677871012955,1.2528426344274837,-0.4482246163001494,-0.6922503292658964,1,5.812287792549758,0.42152570151248697,4.002274107541987,1.8100136850077708,5.812287792549758
-1.9689231424160831,0.10343812930810638,2.042076040143744,0.2773584619646759,-0.022278979183713316,1,7.321195601142322,0.41795981695109713,4.6336608321149955,2.6875347690273266,7.321195601142322
0.32208231076698546,-0.01109200394860206,-0.8130143722601298,0.8232799156777053,0.2257615231117544,1,4.231623091254442,0.42911925327596595,2.349588502191896,1.882034589062546,4.231623091254442
0.017613251933657315,-0.97536602727825,1.3035079319347591,0.6647027453331099,-0.552920837367302,1,8.131635651395193,0.625413521217652,4.042806345547808,4.088829305847386,8.131635651395193
1.0018248536819372,-0.49757083838520716,-0.782003492511037,-0.7597031174802871,-1.7710685530880912,0,5.531826086423466,0.6350345823471512,2.3743972059911704,5.531826086423466,7.906223292414637
0.47154238041820573,-1.8311448783383502,-1.2284438312657626,-2.0755880090785332,-0.08606969279089306,1,9.700709738170163,0.32343505872229594,2.01724493498739,7.683464803182773,9.700709738170163
-0.15032046027187207,-0.32669621318636405,-1.0425776946705763,-1.17223375343664,0.46436986354657417,1,4.647530421013034,0.3908784404902035,2.165937844263539,2.4815925767494944,4.647530421013034
-0.5505519317084877,0.31635832153614474,-0.8852486861242225,0.18106274277108234,1.3032780373160637,1,2.828324096830655,0.2264035034795775,2.291801051100622,0.5365230457300331,2.828324096830655
0.5861658003927833,-0.4124138182164804,0.25719897035592737,-0.24066517453021302,0.007880184694728152,1,7.917267960832902,0.7203359226233252,3.205759176284742,4.71150878454816,7.917267960832902
-0.3256110521485036,-0.1643352058853912,0.21209335307417523,-0.9933586995819507,-1.0158788269899783,0,2.7846804333076562,0.5410885098208724,3.1696746824593403,2.7846804333076562,5.9543551157669965
-1.388542553831211,-1.60027110450371,-1.2172826922204794,0.15946250680412918,-0.8927875154918841,1,10.274807445959908,0.7220578102390232,2.0261738462236165,8.248633599736293,10.274807445959908
0.5136144642310962,0.03471374875256186,-1.9685042134380537,0.6549755842216898,0.8107986455917099,1,5.145443980446521,0.7236130023844825,1.425196629249557,3.7202473511969636,5.145443980446521
-0.9938626748348534,0.4201915428949916,-0.856498237409199,0.0976703767483354,-1.2644984069549656,0,0.9602079822636121,0.18090607815502793,2.314801410072641,0.9602079822636121,3.275009392336253
-1.7931064525345768,-0.3828171896129687,-0.12372894627483615,-0.39767969361460404,-1.1840305582225594,0,4.751668250919389,0.6632339365155245,2.9010168429801313,4.751668250919389,7.65268509389952
-0.3998990621311371,0.269294752580734,-0.04489303012253698,0.1825010305992134,-0.6701152004542329,0,1.0794621671810658,0.36361060029510056,2.9640855759019704,1.0794621671810658,4.043547743083036
1.1717179147161596,-1.1761733365547806,0.4875602970867186,1.1818910929599615,0.4809080927488954,1,8.926636137879843,0.7872030268656829,3.390048237669375,5.536587900210467,8.926636137879843
-0.20252422706483003,-0.5282970466629792,1.036087651046256,-1.422974925261673,-0.9701242603796436,1,6.689106475383716,0.6603546832781741,3.8288701208370046,2.8602363545467115,6.689106475383716
-0.3975577654917214,1.2376537575119981,0.37976763604089603,-0.9680457585102453,-0.31030770538490365,1,5.385842869703041,0.1786378424568382,3.303814108832717,2.0820287608703243,5.385842869703041
-0.6143231440962944,-0.7097889922335351,0.9788895585567792,-1.3717431292635056,1.6087808557343735,1,6.82153168446236,0.6862079509370907,3.7831116468454233,3.0384200376169366,6.82153168446236
0.8282296901846228,1.090861670603698,-0.4629395120252583,-0.14994071907910936,-1.433151814524712,0,4.448212952055507,0.5070011457162995,2.6296483903797934,4.448212952055507,7.0778613424353
-0.524662407066803,0.4936548476431509,1.2960630617813962,-1.1071568168024517,-0.36550593698526584,1,6.2241066046465505,0.3673208649628087,4.036850449425117,2.1872561552214336,6.2241066046465505
-0.15129922023252232,-1.3957892021924851,0.5913492417584003,-0.7239903317426091,-0.19539035117702397,1,9.315787678032232,0.6574147316126564,3.4730793934067203,5.842708284625511,9.315787678032232
-0.4519493719118777,-0.7893385057196743,-0.0070449854805546995,-0.21560957856802238,-0.37185788227866556,1,5.497467316029763,0.5513719896568683,2.994364011615556,2.503103304414207,5.497467316029763
-0.7284616216803428,0.31952467078295543,1.653617268492285,0.13988723283912738,0.996118214911129,1,5.414662544489842,0.30749457263144586,4.322893814793828,1.0917687296960146,5.414662544489842
-1.3902219251534627,0.15776143929376948,-1.0973683189710666,-1.4769249275319014,-0.7393714074590363,1,3.1498549565121055,0.29092261337535935,2.122105344823147,1.0277496116889586,3.1498549565121055
1.1918993344135729,0.9500158286696456,0.24300472205439969,-1.5327005598899308,-0.1962806513879368,1,10.437339686314662,0.8588410018879885,3.1944037776435197,7.242935908671141,10.437339686314662
0.30170000890173554,0.1755362295785979,-1.8437935834807457,-0.8903178480198718,-0.06407776414871663,1,4.680974383458874,0.6266465222877969,1.5249651332154033,3.1560092502434713,4.680974383458874
0.5362909095171899,-2.1961278210999464,-0.16212397547985843,0.14304876987895235,0.8496119885162131,1,11.581170713746499,0.2584060727237179,2.870300819616113,8.710869894130386,11.581170713746499
0.6928575842374367,0.5825713188088052,-0.7999405067019342,-1.9080021371233076,-0.39305275706140097,0,2.4500633568259063,0.49795360716381243,2.3600475946384525,2.4500633568259063,4.810110951464359
1.00163182520856,1.3934545275244314,0.7105491022977853,0.42934082280173436,0.3796396483859655,1,11.467588983724509,0.7791085987495683,3.5684392818382284,7.899149701886281,11.467588983724509
-0.5561187467607805,-0.13006029355362003,1.669069525826331,-0.9425580057918763,1.6147787907098514,1,5.643135282970272,0.4290983462957461,4.335255620661065,1.3078796623092068,5.643135282970272
-0.3220281544920584,1.3254321090950785,-1.4068150094975382,0.5859042011646491,-0.736770135947622,0,0.6568988831212583,0.10012951887630231,1.8745479924019695,0.6568988831212583,2.531446875523228
-1.4152671919241875,0.21853404241094568,1.0094717885959688,-0.8449414385934964,-1.4990159604584012,0,2.4290422928922095,0.5108247091058082,3.807577430876775,2.4290422928922095,6.236619723768984
-0.09184476433495513,-0.08743532877718108,0.5483196275544987,0.9495945713644882,-0.059415181272494094,1,6.723521366118717,0.6270479656944176,3.438655702043599,3.284865664075118,6.723521366118717
1.855503314794263,0.22423474453529177,-0.3464265060068996,-1.611567359102828,-0.26265952031616774,1,11.453216310027369,0.9506966233507174,2.7228587951944805,8.730357514832887,11.453216310027369
-0.33638694541113623,0.9603047962814704,0.46248362406685406,-1.1793691216326172,0.1722543864110375,0,2.0928743746842398,0.28811603418457943,3.369986899253483,2.0928743746842398,5.4628612739377225
0.6715311717290534,1.5280313593878327,0.8875039674140593,0.7608466543114778,0.06008599461516361,1,10.173400903462099,0.5542230306607859,3.7100031739312476,6.463397729530851,10.173400903462099
0.3883120054234496,1.2495049007061587,-1.3327773974796497,-0.3494393272169559,-0.7725687487562407,1,3.5808518620551255,0.28424863981059173,1.9337780820162802,1.6470737800388453,3.5808518620551255
0.3791531187261241,1.2302221756507876,-0.5969742867210739,-2.390304367469438,-0.41222074502447015,0,1.6815299379523219,0.2315288281612632,2.522420570623141,1.6815299379523219,4.203950508575463
0.9134737320174066,0.5376299029498797,0.4281862478105761,-0.27999330187447974,-1.2790307362197864,1,8.938594013512299,0.8185953751101701,3.342548998248461,5.596045015263838,8.938594013512299
0.5152943216244674,-0.8342818100346248,2.184096733380456,0.570507208354516,-0.5806483025539511,1,6.1302644192280775,0.4753747887915655,4.747277386704365,1.3829870325237124,6.1302644192280775
-0.6113852473886282,-0.09294420661358828,-0.23950192202174977,1.1168337755299542,0.18641616974404632,0,1.3777517432532091,0.3806804469822031,2.8083984623826,1.3777517432532091,4.186150205635809
-0.7316317389085281,1.8904406851557827,0.04930833152022263,0.7688396759688968,-0.6082265074447593,0,2.004087905809885,0.022084785480764663,3.039446665216178,2.004087905809885,5.043534571026063
0.3631156277445234,0.3111099911431952,-1.889649292096153,2.01527511046064,1.2906444609225471,1,4.486239757399546,0.6381463346952342,1.4882805663230776,2.9979591910764682,4.486239757399546
-0.39719531614598763,-1.1022697404558555,0.347561613803552,0.08669769941439658,0.3556689485632294,1,7.914331222741619,0.6518651319959244,3.2780492910428416,4.636281931698777,7.914331222741619
0.19157739619408962,0.5062409893059261,1.4473056993918065,0.5681032051286461,-1.0496554989099411,1,7.305762607797558,0.49498319097977495,4.157844559513445,3.1479180482841125,7.305762607797558
1.362562852712452,1.6406145634882874,3.152056734512085,-1.123494033239598,0.242882013150275,1,17.524456485697915,0.8226912115947941,5.521645387609668,12.002811098088246,17.524456485697915
-2.0820987031889873,0.5531491563792091,-0.5482002981667726,1.9234457948249533,-0.7746149700185819,0,1.81208233425848,0.21545874682449306,2.561439761466582,1.81208233425848,4.373522095725062
-1.6891830379672617,-0.47126374070251964,-1.9754877712171375,0.7510994545073101,-2.0650830462563206,1,7.946978712960657,0.7791634660389958,1.41960978302629,6.527368929934368,7.946978712960657
0.02845758118315888,-2.077811819856197,-0.3202978045366419,1.643378155804534,0.36064789143579495,1,10.698945419482037,0.29795454711782143,2.7437617563706866,7.95518366311135,10.698945419482037
-0.863493604964934,-0.031203488939083975,0.018016872044446585,0.47263034584340563,-1.3668583632808264,0,2.347217718580806,0.43556645502018837,3.0144134976355574,2.347217718580806,5.361631216216363
0.5925672738473307,-2.704391631602775,-0.6298845523638104,-0.48827384245154465,0.6333268260712385,0,10.671012767060743,0.08736650016348586,2.496092358108952,10.671012767060743,13.167105125169694
0.02263085267686914,-1.4055630538562867,-0.9849931258170151,0.1986800095474069,-0.07906734186455629,0,5.937998667549591,0.3766864684479246,2.212005499346388,5.937998667549591,8.150004166895979
-0.5791241096357465,-0.48083378951197936,0.696167997159289,-0.5176925728692147,-0.08809124402907328,1,6.160430204212511,0.6650336388093351,3.5569343977274315,2.6034958064850793,6.160430204212511
2.169936588080543,-1.423682636883923,-1.8518427315746586,0.7835896647986067,-0.6786430612941032,1,14.532298902479301,0.9081277907776665,1.518525814740273,13.013773087739027,14.532298902479301
-0.31823752774262026,-0.7811563781311142,-0.2598001407675125,1.5985381120963413,0.8021284586181193,0,3.217317128101432,0.47421155762080763,2.79215988738599,3.217317128101432,6.0094770154874215
0.8622235118869771,-1.4162270557926455,-1.1511537365528692,-2.839078659485427,-0.809380821082754,0,6.73834547929978,0.4520670616754956,2.079077010757705,6.73834547929978,8.817422490057485
0.9567031863856584,0.5169465157483709,-0.2215132629521239,-0.02230028371805305,-0.6888855425754056,1,7.9706329149449235,0.7099067621807927,2.822789389638301,5.147843525306623,7.9706329149449235
0.20475888240178416,0.7658782794806148,-1.6158867874104728,0.29964768783734813,0.9324348709546673,0,2.1516284170457247,0.4144558650048198,1.7072905700716217,2.1516284170457247,3.858918987117346
-0.4151002889633696,0.7007006121205837,2.814654444472553,-0.10434279298689192,0.3933070500053236,0,2.078790045393624,0.19289583414015807,5.251723555578042,2.078790045393624,7.330513600971667
-0.7380570836613916,0.1812511626020504,0.46027162498230384,0.19484234027013805,-1.0196953197088567,0,2.695006363986049,0.4859896052522998,3.368217299985843,2.695006363986049,6.0632236639718915
0.2063617713254507,1.4621959387176369,0.4486357645145273,0.961987189071841,-0.23701197001262772,1,7.010162921423838,0.2960984234516662,3.358908611611622,3.6512543098122165,7.010162921423838
0.7499002394237105,0.27926783821652595,-0.950910729687232,0.31852100479887446,-0.9916966634403105,0,2.905737407080397,0.5650071472156312,2.2392714162502143,2.905737407080397,5.1450088233306115
-0.6328802748847919,0.18932830729237413,0.29724427338012405,-1.189232465077129,1.0539857711828762,0,1.885102753509878,0.4546760092061155,3.237795418704099,1.885102753509878,5.1228981722139775
0.5720062783004729,-0.7047284356108838,-1.5375847964491753,-0.1449045790814313,-0.44594371386116016,1,6.89276214138929,0.6279377616873532,1.7699321628406597,5.12282997854863,6.89276214138929
0.11314045705302281,-0.3631166611555665,-2.00745686074501,-0.3883469383011584,-0.30561911106831297,1,4.574356675859924,0.6666701307453836,1.394034511403992,3.1803221644559327,4.574356675859924
0.6336610247740587,-0.6981996746110497,1.6786746733725662,-1.911640550651757,1.3111674978026244,0,3.444099788303638,0.6209238472326288,4.342939738698053,3.444099788303638,7.787039527001691
-0.2243189708781048,0.8595848723435562,0.0798014840587331,1.1395555360254692,-0.38736196455281124,1,5.017569853355379,0.26791631505886204,3.0638411872469864,1.953728666108393,5.017569853355379
-1.0986204251778122,1.4205042872710631,-0.11348064588214118,0.2215584736242106,1.2347519140447951,0,0.5942681021571106,0.04061029881387337,2.909215483294287,0.5942681021571106,3.5034835854513977
-1.031955242094435,0.5954908976392573,-0.5898947564628909,-0.13216935564437185,0.07227896538428889,0,1.5318495538491321,0.1446595978038006,2.5280841948296873,1.5318495538491321,4.059933748678819
-1.500221861446936,-0.7788370428204348,1.3510728924131392,0.8861911885847956,-0.06263957732723487,1,8.559367138436233,0.7725885890470301,4.080858313930511,4.478508824505723,8.559367138436233
0.24312345851289308,-0.29424250563645765,1.356583385827982,-0.20035257779416388,0.23184209213484805,1,7.205487096778091,0.6376444479803414,4.0852667086623855,3.120220388115706,7.205487096778091
1.146030144142065,-0.7773714848459066,1.558789184496894,-1.5304614097433769,1.6296421311127987,0,4.807706553457414,0.7665622316016415,4.247031347597515,4.807706553457414,9.054737901054928
-0.3726755839519746,-0.24269874782528175,-1.890010171182943,-0.4547947173776929,-1.0398065310268843,1,4.596362279857981,0.5779186185968489,1.4879918630536455,3.1083704168043362,4.596362279857981
-0.6076463453734726,-0.1373109657888796,0.9577916144729056,0.20760335140062577,0.30767665340111383,1,6.5222302111005375,0.5978317623650017,3.7662332915783248,2.7559969195222127,6.5222302111005375
-1.0955193888455623,-0.8807540896027302,1.798725018351312,-0.7352010347632466,1.6562082520572956,1,6.987206414457086,0.5873705836856131,4.43898001468105,2.548226399776036,6.987206414457086
-0.2430611988808665,0.0022879361435040493,1.0703651602299298,1.2718924219386565,-0.1108125602790875,0,2.2043834927461887,0.5838232512144932,3.8562921281839437,2.2043834927461887,6.060675620930132
-0.3882430535215389,-0.05592044852221312,0.3379575282321183,0.8913036868697555,0.004229858994151577,1,5.615274165948399,0.546772275352351,3.2703660225856948,2.344908143362705,5.615274165948399
0.6188862980231536,1.638359732270941,0.38130961226478466,0.3116528560047783,-1.5189108250900678,1,10.211471832739342,0.4388515477525803,3.3050476898118277,6.906424142927514,10.211471832739342
-2.6307301368290634,0.38837572923016833,-0.09482423128087224,-0.514782674914742,0.24353020418634463,1,9.305332529032759,0.5582641796345843,2.924140614975302,6.381191914057457,9.305332529032759
-0.06040372919690829,1.1277802506338985,0.0861108682589779,-0.7469232850701676,0.990166238959289,0,2.8846902688512124,0.23563081618946602,3.0688886946071823,2.8846902688512124,5.953578963458394
-0.21713107494620248,0.5265366836723071,-0.47741070619280046,-0.6498268854974364,0.08416823018569615,0,0.4481013667312931,0.2410912877213789,2.6180714350457595,0.4481013667312931,3.0661728017770526
0.01282864354368512,0.479827035366833,-0.26864575330974255,-1.8363597837703973,-0.43277388358838864,0,0.9124171607220729,0.3379546489100837,2.785083397352206,0.9124171607220729,3.697500558074279
0.7938184671438157,-0.29737607924310644,-0.24638340251454802,0.9863765059059371,-0.7119732272589228,0,3.8537944089172393,0.655679288336078,2.8028932779883617,3.8537944089172393,6.656687686905601
-1.5428032182428997,-0.16063111952549436,-0.484173951248737,-0.966246319753254,-0.17537845589869072,0,3.4475251250824814,0.4307090562361415,2.6126608390010104,3.4475251250824814,6.060185964083492
0.49150564724678364,-0.009288561567815747,0.30698107268623775,1.813407698515423,-0.3428788615575641,1,6.6726503014000365,0.7030788828831473,3.24558485814899,3.4270654432510463,6.6726503014000365
0.2783486346446696,-0.5092133625991345,-0.8463597198869729,-0.5849076534177698,-0.47875857152168855,0,2.2413137847797104,0.44237308153576865,2.3229122240904214,2.2413137847797104,4.564226008870132
0.35947579754712555,2.3490757867007575,-0.7160434362758403,-0.4166253056154625,-0.06312301311124825,0,3.972364265845583,0.036697874415059624,2.4271652509793276,3.972364265845583,6.399529516824911
0.3957988487097471,0.26355081195478497,1.2840957939481172,-2.4263920705352082,-2.3869298701956727,1,7.722256143472016,0.6473858052884771,4.027276635158493,3.6949795083135224,7.722256143472016
-0.4958781720101493,1.0973001875437087,-1.5656480316055963,-3.007632339693757,0.5711794062192087,0,0.17908412228133086,0.14175017601758894,1.7474815747155228,0.17908412228133086,1.9265656969968536
0.24365722370271442,-1.0902084067994298,-0.9855396007209299,-0.9697437196346744,0.11053531747394013,0,4.215175602262497,0.4169751963034392,2.211568319423256,4.215175602262497,6.426743921685754
-0.626315276183007,0.49406391897551966,-2.854626662904391,-0.8568518651277993,-1.1260539609110503,0,1.0928105627153908,0.35667162544316877,0.7162986696764873,1.0928105627153908,1.809109232391878
-0.2563406783724922,-0.5380477584901385,0.7978437798957666,-1.8593367716600575,0.045491476330752,1,5.661543500935084,0.6750628096447842,3.6382750239166133,2.02326847701847,5.661543500935084
0.5583364232117055,1.8566474365619547,-0.4817659710934752,0.32445860435251705,-1.803862792562365,1,7.072179966274681,0.16011280968300245,2.61458722312522,4.457592743149461,7.072179966274681
-2.391956204313024,0.8447743757816999,-0.005560293648070566,1.1785126897984228,-1.3734028889697492,0,3.5265921897709247,0.21989191043004247,2.9955517650815437,3.5265921897709247,6.522143954852469
0.5199021395287525,1.8688178405438531,0.4197056083572659,0.27658150559104877,0.008556080824349832,1,9.449502281437631,0.3014210136726367,3.3357644866858127,6.1137377947518186,9.449502281437631
-1.5708814571259122,1.355572935710348,-0.6108576398050658,0.5044832563830169,-1.5630343065712535,0,-0.6891805914144655,0.025940438492856675,2.5113138881559474,-0.6891805914144655,1.8221332967414818
-1.1794596645077804,1.4350873992222355,-0.34730228895784293,1.4532754760425446,-0.07823065905851781,0,-1.2638114251809232,0.029262866400327554,2.7221581688337255,-1.2638114251809232,1.4583467436528024
-1.8418977729578574,0.8920675997317206,-0.5898923177556078,0.6986888135170435,0.025210867540082116,0,1.4561907982810924,0.08821224795837075,2.5280861457955135,1.4561907982810924,3.9842769440766057
-1.5431182279428703,0.16429476537056906,2.196223142152799,0.4929864585144592,-0.05751775300546313,1,6.392669828899734,0.28899253836585553,4.756978513722239,1.6356913151774948,6.392669828899734
1.0753434019568977,0.2106684652031108,0.20953423026279433,-1.0916251721591026,0.23384802578959837,1,8.844051333692143,0.8451460917712766,3.1676273842102356,5.676423949481908,8.844051333692143
1.0354434164169448,-0.8360621521000247,1.4244958212469476,-0.09170602414512598,-0.8877695115385407,1,9.822846359725201,0.7601575105926203,4.139596656997558,5.683249702727643,9.822846359725201
0.9976320769202445,-0.2867942357382693,0.7595148874861078,-0.29175863225853715,-0.059826143529903696,1,10.248330812096125,0.8622176380710007,3.6076119099888864,6.640718902107238,10.248330812096125
0.4935602043342916,0.2908970575900059,-1.9955317804517385,-1.1212437400943918,0.9294099847908155,1,4.674337789510176,0.7025193239469218,1.403574575638609,3.2707632138715668,4.674337789510176
-0.13213658890154725,-0.5237313027714218,-1.3585740152574743,-1.0797363212758484,-2.0217986399619474,0,2.618699966096401,0.47723967962653624,1.9131407877940205,2.618699966096401,4.531840753890421
-0.10128071870153288,-0.5984375805810469,-0.9665878909853152,-0.0681234251679531,0.3639706308527381,1,5.215907296663043,0.406442749481252,2.2267296872117477,2.9891776094512954,5.215907296663043
2.0931979322099448,-1.5118834195632136,1.159381043300522,0.973101561015072,-0.7790927393767005,1,14.871675835311354,0.8892088373327645,3.9275048346404176,10.944171000670936,14.871675835311354
0.20323595458603103,-0.45763324933761523,0.18568858041873892,1.5091310134045506,0.605606232631313,0,3.0921059712255827,0.6287093817893976,3.1485508643349913,3.0921059712255827,6.240656835560574
0.508608373233442,-0.4303093199546424,-1.4840566649243352,-0.2084682105404079,1.2066081548639151,0,3.6792898438452886,0.6138629998205181,1.8127546680605318,3.6792898438452886,5.492044511905821
-1.5271678565896476,-1.055089368176695,0.12626773623406817,-0.9846547848472624,-0.7925234471152126,1,8.705113665115007,0.8037627295208936,3.1010141889872544,5.604099476127753,8.705113665115007
-0.4235985817281771,-1.3656174041901494,-0.9741218462163683,0.7034279167873088,-1.307369782230964,0,4.764619076375612,0.4185841159222286,2.2207025230269055,4.764619076375612,6.985321599402518
-1.5978721344948377,-0.6300249795338944,0.7319555025098458,-0.19692180799688955,-0.46458107811561833,1,9.63878233219846,0.8203628619713995,3.5855644020078765,6.053217930190583,9.63878233219846
0.04435879751560705,-1.745707432859652,0.49470565377503245,0.38343503140364416,-0.40930847409572124,0,6.596885471937238,0.5774009436842814,3.395764523020026,6.596885471937238,9.992649994957265
1.0059245117964166,-1.1274960989530387,1.127908993253569,0.15449366559525113,-0.3365525898781734,1,9.67673618592282,0.7594013770984629,3.9023271946028553,5.774408991319966,9.67673618592282
-0.01987363536831157,-0.10726476581094174,1.220282896417717,-1.0766791274710135,-0.7625192391465982,1,6.301836051481995,0.6064821812604978,3.9762263171341736,2.3256097343478213,6.301836051481995
1.0363028920724797,-0.5955349351838592,0.9005330773315916,1.6994359830087096,-0.40179502694163366,1,9.35316796560524,0.8498742443910683,3.7204264618652734,5.6327415037399655,9.35316796560524
0.6813623265753054,-1.1536922813398585,0.7547332980678092,0.1994239859867671,0.4730382821602152,1,9.252185861368554,0.7282267560450449,3.603786638454247,5.648399222914307,9.252185861368554
-0.645572072035395,-1.6610834155671725,0.5032520647495048,-2.0634031524794545,-0.3173504922425348,1,9.920069979575635,0.6989955978405901,3.402601651799604,6.51746832777603,9.920069979575635
0.9411818664199697,0.19189773587303607,1.9483426447898131,1.0251091525817735,-0.6538983883255765,1,9.577134622198944,0.6859392004823471,4.558674115831851,5.018460506367093,9.577134622198944
0.02731337985143867,-0.04737070254443595,-1.5821767633461272,-0.9403989164843533,-0.5607609069798603,0,3.1284131292493496,0.5156194634990264,1.7342585893230982,3.1284131292493496,4.8626717185724475
-2.0362205028559366,0.047493468251642953,-0.24907184465304072,-1.6728939013115742,0.4042128652773321,0,2.614809324443445,0.5150828782077035,2.8007425242775676,2.614809324443445,5.415551848721012
0.7158727446909595,0.2270344788648889,-0.3240681752089702,0.5914421517518549,0.6802203604766911,1,6.39535552449852,0.6043551260214833,2.740745459832824,3.654610064665696,6.39535552449852
0.3074035697196884,-0.8246122504347609,0.2766007655111807,1.195480650825479,-0.5966290586117302,1,6.925694508885181,0.6578551918656736,3.2212806124089446,3.7044138964762365,6.925694508885181
2.0979393391324312,-0.5256309339853844,0.032407013340136216,-0.6724855960063362,0.22327083592026087,1,13.333944023469938,0.9661320551267507,3.025925610672109,10.308018412797828,13.333944023469938
-1.7422216926352752,-0.5460417988167212,-1.0921212003485672,0.1353383478922909,0.9944473755089074,1,7.240506602623755,0.6242385250370418,2.1263030397211464,5.114203562902609,7.240506602623755
0.6460061871145515,-2.3716593608588923,2.0420696529278803,0.2952799406208684,-0.7764991404930003,1,10.241610299706885,0.15984876065979314,4.633655722342304,5.6079545773645805,10.241610299706885
0.15712791899094083,0.17618982250269238,-0.6668487169515637,0.1979166673420755,-0.6074722876203072,0,1.8895568033571035,0.36727635710390005,2.466521026438749,1.8895568033571035,4.3560778297958525
-0.40436199269002276,-0.6862791357550845,-1.4326712897396527,0.1458364702153839,0.5852994365163381,0,4.127925772005866,0.5030610417151863,1.8538629682082777,4.127925772005866,5.981788740214143
0.5148835960763722,0.8199252526352343,0.3243402100148682,-0.5327254982169035,0.8396638644311888,1,7.656603933341279,0.6086380187221122,3.2594721680118948,4.397131765329385,7.656603933341279
-1.357517539841935,-0.9006713825124801,-0.9642000714232447,1.0800560591393102,0.9427885141400756,1,6.780075986383916,0.5854441896224671,2.2286399428614043,4.551436043522512,6.780075986383916
0.48730523704499484,1.0719298652117972,-0.8792827824119881,0.3485951198609804,-0.12517442838316423,1,4.458876731974779,0.3061888120994346,2.2965737740704095,2.162302957904369,4.458876731974779
0.8468821038849139,-0.11522423255219759,-0.3849428884100812,0.54090851856099,0.8761691671912328,1,5.974368821099008,0.6488516545827528,2.692045689271935,3.2823231318270727,5.974368821099008
-0.6683451948468017,-0.0610756713523761,-1.0584406336416528,-2.4980610174929394,0.200459631413729,0,0.5675340534779979,0.318571355235729,2.1532474930866776,0.5675340534779979,2.7207815465646754
0.6089053562546319,0.2620668090867255,-1.9495617177543672,-0.35084943007647457,-2.2183477600510813,1,6.417356097072718,0.7333673603978369,1.4403506257965062,4.977005471276212,6.417356097072718
1.3697011076541847,-1.086054582118086,1.2554036094598964,0.9458696436841456,-0.9005903525360617,1,10.314398807992227,0.8214491787372107,4.004322887567917,6.310075920424309,10.314398807992227
-1.132784951267745,0.35037021638633825,-0.844324037183071,0.10248464215820753,-0.48282759080691834,0,0.11774788854676399,0.19819454268643297,2.324540770253543,0.11774788854676399,2.442288658800307
-1.7811584144656334,-2.230468019124459,0.22668424849459717,-0.5615577463306254,-0.5530898169141323,1,17.071676626513586,0.9278010110429621,3.181347398795678,13.890329227717908,17.071676626513586
0.6958638390937854,1.1734422766324448,-0.2725447213618092,-0.3405987069098615,0.5001430331138838,0,4.152921674271175,0.4512663877659096,2.7819642229105526,4.152921674271175,6.9348858971817275
-1.3569355696995753,0.223153054747697,0.551885971822154,0.6802302084176292,-1.936752702502465,1,6.134727421847421,0.5012655018178175,3.4415087774577233,2.693218644389698,6.134727421847421
-0.7613552698089406,-0.8782632528234666,0.09988695440921298,0.48074457976798396,1.4967104074459814,0,4.925040900877013,0.6192353674288982,3.0799095635273703,4.925040900877013,8.004950464404384
-0.4949654803680731,-0.49757249830921385,1.149672018878747,0.2965769385303051,1.2676515111879738,1,7.399344446424758,0.6332343023192347,3.9197376151029975,3.47960683132176,7.399344446424758
0.2887280030098363,-1.1571166187132709,-1.3331283547778066,-1.551512249058929,0.6620518347584732,0,4.766767162844349,0.48073955308971766,1.9334973161777547,4.766767162844349,6.700264479022104
1.188596823087008,1.849362141386381,0.8431053323232401,1.1628385775349859,-0.5800163326536847,1,13.884890606256794,0.7882310965985292,3.674484265858592,10.210406340398203,13.884890606256794
-1.1564158167438567,0.8500793324175533,0.41768075223940065,0.10744437434089255,0.3873714806329899,0,1.6643528322837713,0.21436812170467745,3.3341446017915204,1.6643528322837713,4.998497434075292
0.3231854824582059,1.2838168598535613,1.2949855848169558,0.544220352340347,0.8458028725629282,0,5.285727413777051,0.3742767751488928,4.0359884678535645,5.285727413777051,9.321715881630617
0.5140625524247758,-0.4611697320346189,0.7565646749131401,-1.3944950688592617,1.0538915522958832,1,7.594474157479372,0.7627950042163447,3.605251739930512,3.9892224175488598,7.594474157479372
-1.194522939766035,0.28580328679473294,-0.8451539584261589,0.5533889830744267,-0.03392522592790888,0,-0.10907121991687085,0.21737487709296738,2.3238768332590727,-0.10907121991687085,2.214805613342202
-1.5947559581633324,0.42069963101847885,-0.5779207768327106,0.8811467208133691,0.0013256887344072295,0,1.0376186218781456,0.20650599573343179,2.5376633785338316,1.0376186218781456,3.575282000411977
0.39542098538803816,-0.9575689550152119,-0.5893322314273619,-0.4586386361010845,0.8567024802425557,0,3.3291936521551238,0.4459060065772068,2.5285342148581105,3.3291936521551238,5.857727867013234
1.6773770878054892,-0.8051717517428763,1.0768481446576803,-2.169677417725702,-1.1941894010922893,1,12.971389408447521,0.9260815149120133,3.8614785157261444,9.109910892721377,12.971389408447521
-0.9587784561867748,-1.3525086894407223,-1.58358838978758,0.41299891213779755,-0.21406769772786138,0,7.021942534577865,0.6671841469565671,1.7331292881699358,7.021942534577865,8.755071822747801
0.3794053976051097,0.690472686121513,0.26561699317253346,0.6577631761503737,-0.06953228624226938,0,3.4535241351629424,0.5641079113812012,3.2124935945380266,3.4535241351629424,6.666017729700969
-1.1869933883057446,1.0578141808207961,-0.589112132781127,-0.9355962987624259,-0.17791787580439816,0,-0.2835858400235759,0.05948604770257774,2.5287102937750983,-0.2835858400235759,2.2451244537515223
-0.912810919296513,-0.4174303819894322,0.3440539215634665,0.3483417392461269,-0.8978300664256293,1,6.564185851555896,0.6259527292431073,3.275243137250773,3.288942714305123,6.564185851555896
-0.4877053729487446,1.0743330047702437,0.4964001177339411,2.0750650393485417,1.1801281737415277,1,5.1278079616925,0.22413195676607103,3.397120094187153,1.730687867505347,5.1278079616925
1.144293068559939,-1.387868550455802,0.7638603516334226,-0.05310680169691065,-0.5509818035382495,1,11.112180034248414,0.7540148385481052,3.611088281306738,7.501091752941677,11.112180034248414
0.1680153405325285,0.9452115346114836,0.5008315910042116,-0.87847380134206,0.7424589135926203,0,4.166383745344701,0.46023865510219997,3.4006652728033693,4.166383745344701,7.5670490181480705
-0.6375875420759639,0.21668311896428621,-0.3033500674771342,-0.2188662517356257,0.7662429750405095,1,4.336285499151914,0.29020152656057696,2.7573199460182924,1.578965553133621,4.336285499151914
-1.040193719815898,1.945195074276933,-1.8210860692944963,-0.5976676832548571,0.370211889941741,0,0.14416281758830274,0.016299461147116452,1.543131144564403,0.14416281758830274,1.6872939621527057
0.5843141664353099,-0.10047572057170515,-0.057390703001542406,0.41055008532761655,-0.2310694774576803,1,6.10107954137354,0.6421242238143364,2.954087437598766,3.1469921037747746,6.10107954137354
1.3931812579349059,0.8393491142316022,0.8728243510056346,-0.966156723370417,-0.07938842440570287,0,8.895179995636955,0.9375566202725221,3.6982594808045075,8.895179995636955,12.593439476441462
-0.3004659487207037,-1.0056013756894657,0.36016418394576694,-0.5376457577798165,0.655403829850237,0,4.536876264190318,0.6481500659966283,3.2881313471566136,4.536876264190318,7.825007611346932
-1.0701915628943317,1.719040612841821,-0.8963326585920618,0.21930233720043607,0.7918593103880676,0,-0.4783999081013116,0.012492599813469762,2.2829338731263507,-0.4783999081013116,1.8045339650250392
-0.5706404302001128,0.8524686434329506,-1.2291835978004162,1.4521176991825604,0.014149264965758293,0,0.39231107653751035,0.14001622515930043,2.016653121759667,0.39231107653751035,2.4089641982971775
-0.5964114079688796,-0.2991817724274345,0.8089192693927194,-0.5844552918504382,-0.7493576894227776,1,6.627423693974036,0.6384563098570516,3.6471354155141755,2.9802882784598608,6.627423693974036
-0.22153659758373817,-1.176962112769968,1.8205439079418155,-0.5663945912147232,0.8316167861804036,1,7.220137322363941,0.4736544119529847,4.456435126353453,2.763702196010488,7.220137322363941
0.2094700836477726,-0.9845340504819681,-0.0059547092127293835,0.784002779310748,-0.18826133508630655,1,7.447237008065752,0.5599614618561258,2.9952362326298165,4.452000775435935,7.447237008065752
1.193112945851028,1.0215153927818639,0.9189148546583293,-0.45965677227299695,-1.079842447781487,1,11.115614623047382,0.8877364749772773,3.7351318837266634,7.380482739320719,11.115614623047382
-0.6135876053627944,0.19624094066672046,0.5457867135323555,-2.1715714047604475,-0.00811320161175029,0,1.9057596424569563,0.5030875655801801,3.4366293708258846,1.9057596424569563,5.34238901328284
0.15808922532318442,-0.2775442563155516,1.2912738390158789,0.4217800742508709,1.310191908080897,1,7.156120639916093,0.6369600522769795,4.033019071212703,3.12310156870339,7.156120639916093
-0.21596052035023222,0.9374774925069249,1.6350663945275195,1.311693449272661,-1.092141593428733,0,1.7416406310710604,0.21719065305511215,4.308053115622016,1.7416406310710604,6.049693746693077
-0.253676077542381,-0.34516470544979644,0.4892545350763276,0.6863535550145331,-0.8388926740257363,1,7.019248727560105,0.6336180286341592,3.391403628061062,3.6278450994990425,7.019248727560105
0.06783851391693768,-2.0199273321561364,1.44194500580189,-0.5123742406766936,0.05586393984449697,0,5.564009662281595,0.42396471199702335,4.153556004641512,5.564009662281595,9.717565666923107
-0.30964971398806124,1.146027575013415,-2.837506441397379,-0.016610342325908987,-0.10581875749769788,0,0.13829763562366398,0.21109587564335774,0.7299948468820969,0.13829763562366398,0.868292482505761
-0.4536363875916828,1.7262265456356325,-0.8873294588557712,0.7717961772356612,0.35625278870608357,0,0.16077218864715312,0.02599718724142906,2.290136432915383,0.16077218864715312,2.450908621562536
1.261519252535516,-0.6671890847775054,-0.732968899123759,1.0960699074773985,0.4253213083301104,0,6.308554326628707,0.6987416799143629,2.4136248807009926,6.308554326628707,8.722179207329699
-1.5449373466767586,-0.5393050144632704,0.386382653848061,0.8377642215465891,-0.6792306531929551,1,8.137098366306684,0.7625687003313427,3.3091061230784486,4.827992243228236,8.137098366306684
-2.914255989816941,0.5232231857370332,-1.2203206899439758,-2.0173387981224113,-2.832325924984141,1,7.592367952517954,0.5093161439258481,2.0237434480448195,5.568624504473134,7.592367952517954
0.8139808601977412,0.12861745040496653,-0.22565638071225164,1.3890243629627617,0.6373246830230725,1,6.881417029407429,0.6704621031266961,2.819474895430199,4.06194213397723,6.881417029407429
1.6163000427219165,-1.3927354721669964,-0.034550623953963515,-1.6167133749480143,-0.22938233185546722,1,11.297140203534488,0.7392023249547801,2.9723595008368293,8.324780702697659,11.297140203534488
-0.24861585376667736,0.6266136372630708,0.04556388114189831,0.6234071382799156,0.7034401331388942,0,1.1171295956574188,0.3196320967323484,3.0364511049135188,1.1171295956574188,4.153580700570938
2.154928677383142,-0.3152966552861244,-0.941022700666379,0.24608361531640882,-0.8022800271395435,1,11.937209333194176,0.9588469967582408,2.2471818394668968,9.690027493727278,11.937209333194176
1.481960768436536,-0.28321803894523256,-0.5655763678739903,-0.4713157211511179,0.718417423471641,1,9.159440349839624,0.8298795211986754,2.5475389057008075,6.611901444138817,9.159440349839624
-0.15774698323148525,-0.6416668201303823,1.665351917623531,-0.8561698406617501,0.03556607403299353,1,6.375127265101202,0.5161476682740076,4.332281534098825,2.042845731002377,6.375127265101202
0.6523061516102304,-1.6313351104170732,0.4802605014059249,-1.0551076754804494,0.8227827808340025,1,10.37886790274425,0.597653899029972,3.3842084011247398,6.99465950161951,10.37886790274425
-0.9626510119189763,0.6927690318488605,1.1058330662947127,0.8614365256328049,0.2513166482381024,0,2.404243328039207,0.28899171216473873,3.88466645303577,2.404243328039207,6.2889097810749774
-0.23130094292969944,-0.5764195763348439,1.471034690817104,-0.6994952201676432,-1.0370660735699961,1,6.7336559976971095,0.5663334129283095,4.176827752653683,2.5568282450434268,6.7336559976971095
0.66536893503283,-0.7961368031864954,-0.9500634974661272,-1.443604262169765,-0.4829098394605177,1,5.722921534063726,0.5098084699977583,2.2399492020270984,3.4829723320366273,5.722921534063726
-0.0827150238964932,0.24309172766069878,0.9513062442994834,0.5268979236657937,-0.1908722195531798,1,6.958532577516283,0.5795563957333055,3.761044995439587,3.197487582076696,6.958532577516283
-0.19819567637971988,0.5101574689151834,1.2725701629285695,0.1263141994832002,-0.46913085421040895,1,6.186846860886157,0.42975135781709844,4.018056130342856,2.168790730543301,6.186846860886157
-0.9928660010855455,-1.4452052644122255,0.6662696720435232,0.5779785236395572,0.5773635251066616,1,9.95608778947169,0.7888073905982529,3.533015737634819,6.423072051836871,9.95608778947169
-0.1286594463520559,1.4069347458917507,-0.4841184945848177,0.9552692372072055,-0.038742894989543024,0,0.46575654861403637,0.08693539178946186,2.612705204332146,0.46575654861403637,3.078461752946182
-0.6083507646793376,0.5925303073177614,0.4096361186839937,0.3569727592669261,0.08127842205619876,0,1.9605394036566537,0.3517108932800681,3.327708894947195,1.9605394036566537,5.288248298603849
-0.037893081716830875,2.3883719928704386,1.184256645196173,0.7228268949855121,0.11179915820338826,0,7.16682717781305,0.03265066745188833,3.9474053161569382,7.16682717781305,11.114232493969988
1.0071572005966691,0.5179947763914519,0.02620475277403566,-0.30356432526591504,-0.0809173376626882,1,8.470816530663235,0.7843852603240083,3.0209638022192284,5.449852728444007,8.470816530663235
-3.1704257358780557,0.21060083929764178,-0.4884760801103597,1.592669998282884,0.01934407081175429,1,10.165884279901853,0.7991024350985415,2.609219135911712,7.55666514399014,10.165884279901853
-1.1889634195349619,-0.0498801541281177,-1.0461210850625042,0.4734074157124664,0.29094736433948537,0,0.9985247733347472,0.33310679180901037,2.1631031319499967,0.9985247733347472,3.161627905284744
0.9578396311082676,-0.7908817916945654,0.0340080962281468,-1.3650217954266353,0.7014947819247145,0,5.463323184606769,0.7230884210679278,3.0272064769825175,5.463323184606769,8.490529661589287
0.518871180440122,0.49580502102757085,0.00161903135694112,0.4147728907887909,1.6043391083085963,1,6.094630744926102,0.5831997410440796,3.0012952250855527,3.0933355198405486,6.094630744926102
-0.28509425704201397,0.1386451837100845,-1.0861262991814098,-0.8682609615983323,0.09781329309330739,0,1.051165428376592,0.30987826446626626,2.1310989606548723,1.051165428376592,3.1822643890314644
1.1039335467019071,-0.25628082425157245,-0.23591652931212392,-0.4068852445043747,-0.5347566708443231,1,7.8747406777645015,0.759369191508566,2.8112667765503008,5.0634739012142,7.8747406777645015
0.29497145570882155,-1.4972576451786446,1.2809395766667275,-0.6654222981294605,0.7219034854381414,1,9.448352507310076,0.5745990660340097,4.024751661333382,5.4236008459766945,9.448352507310076
-1.2699985973938759,0.6688401305462182,0.6719446078144975,0.3842020720058965,-0.9944285217997922,0,2.2720019918527012,0.31007435712623926,3.537555686251598,2.2720019918527012,5.8095576781043
0.249548189598077,-1.183056184734389,-0.25276325509618536,1.029413100955326,0.796701927070742,0,4.392399203851286,0.47091763083111154,2.7977893959230515,4.392399203851286,7.190188599774338
0.015182942540433121,-0.9748065759228419,0.6455877121741934,0.019381237698025213,-2.3203155982304233,0,4.877275484479227,0.6864085961490873,3.516470169739355,4.877275484479227,8.393745654218582
0.7826298263165181,-0.024232833869692147,1.2024512479830722,-1.0952705188428047,-3.1767038131960006,1,9.600767887191983,0.7919124041093422,3.961960998386458,5.638806888805525,9.600767887191983
0.2790838583451852,0.29156367668197275,-1.690671627606452,-0.9784995458666064,2.7552177437199017,1,4.5477301592333035,0.5628421202137414,1.6474626979148383,2.900267461318465,4.5477301592333035
-0.30561061415380336,0.7309589763762161,-0.6506598273683837,-2.0903028988531567,-0.1702582467959055,0,0.03228942855152675,0.17011622935619813,2.479472138105293,0.03228942855152675,2.5117615666568196
-0.2656045602861052,-0.39987823866837147,-0.11464083550639245,0.26426827164563654,-0.15011695125380659,0,2.6338124552887425,0.4841890110589784,2.908287331594886,2.6338124552887425,5.542099786883629
-1.2640061679473638,0.4861847915619389,-1.9493717553224232,-2.0503574572842003,0.7391804947015679,0,0.8354880486346765,0.35053768777959554,1.4405025957420614,0.8354880486346765,2.275990644376738
0.5070202721353568,-0.05739536507403601,-1.395448504755072,-0.7079109406740753,-0.262746747686504,0,2.7010810094153794,0.5843774019660617,1.8836411961959423,2.7010810094153794,4.584722205611322
-1.5958939685741134,-0.7390286580232329,0.6523303381766798,1.4273053642892164,-0.4194347526585506,0,5.289185121949057,0.8356401828689377,3.521864270541344,5.289185121949057,8.8110493924904
0.7564883543160984,-1.9140600705874673,0.6594512411136115,-0.803948414727481,0.30734561670797006,1,10.639343220303365,0.5353917230630018,3.5275609928908893,7.111782227412475,10.639343220303365
-0.24775241823970925,1.3204140097838342,-0.8744356483399182,0.6276062975618311,-0.2795074632965335,0,0.6330526081176296,0.07751040495315378,2.300451481328065,0.6330526081176296,2.933504089445695
-0.15830547800966377,-0.18385389315920966,-0.8456731044941129,-0.014098965906671578,-0.0626482221218215,0,1.2960125466162848,0.3560397368749004,2.3234615164047097,1.2960125466162848,3.6194740630209945
0.2412402484067293,0.08450514569286258,0.7979945496122363,0.9235086160473687,-1.0506233218278012,1,7.731593640926412,0.6862425559576084,3.638395639689789,4.0931980012366225,7.731593640926412
0.868772500590771,-1.1863364271098544,0.587855888137735,0.6197387847028687,-1.911316891662504,1,9.997254784497017,0.7414586837919247,3.470284710510188,6.526970073986828,9.997254784497017
0.09297924652940966,-0.4684961133603157,-0.758765257935375,1.3508523306990055,-0.6536791406374189,1,4.648654838344121,0.4115326398773686,2.3929877936517,2.2556670446924207,4.648654838344121
-0.8063769291180498,0.07569494000509344,0.6855897462984164,-0.1416485860101269,1.1663705456692521,0,2.744055921826314,0.5443010249119519,3.548471797038733,2.744055921826314,6.292527718865047
0.5309756619640905,-2.1782113197314303,-0.5294669635070083,-0.561842099351699,0.4793609534294223,0,8.03262159655617,0.2045864978709634,2.5764264291943935,8.03262159655617,10.609048025750564
-2.624817056374112,2.549009708717722,0.53102609489421,0.1488768039176911,1.1815677164191463,0,4.4235603291327665,0.000964561295672007,3.424820875915368,4.4235603291327665,7.848381205048135
2.343654052812625,0.8707466445884032,0.94881309647162,0.13069002446438233,-0.14152575336694828,1,19.93126695057297,0.9969583281835555,3.759050477177296,16.17221647339567,19.93126695057297
-0.47579544400490115,-0.8261119917145421,-0.6870140996994973,-1.3505559643429832,-0.07587145068502332,0,2.6081841833117716,0.41143342861157806,2.450388720240402,2.6081841833117716,5.058572903552173
-1.6846675772263868,0.1909165241437107,-0.03633060804234174,0.14693529838668778,-0.5221315700199924,0,2.0557215000932474,0.4190897449950241,2.9709355135661264,2.0557215000932474,5.026657013659374
3.0768603701805035,1.360115900180313,-1.2445425000847228,0.23286808742689824,-0.6080061429373236,1,23.60868279429556,0.9997265449304569,2.004365999932222,21.60431679436334,23.60868279429556
-1.014479726707414,-1.340072071123935,0.43221669075925395,-0.6813802350695739,0.9678260240252041,1,9.932777480596467,0.7679544061591554,3.345773352607403,6.587004127989063,9.932777480596467
0.993782214530439,1.3739143852114495,-0.8523867660741036,0.4753656106920102,0.6324542166423008,0,4.520642907711,0.5176325560524712,2.318090587140717,4.520642907711,6.838733494851717
-0.47417817510396487,-0.7717719573928751,1.6095206657759729,0.22749587573205374,0.635967750711738,0,2.4736601906233298,0.5418115665869359,4.2876165326207785,2.4736601906233298,6.761276723244109
-0.8220760118279274,-1.2192844665221938,-0.5694497744921104,-0.12402138738999703,-1.0642200068173489,1,7.286119682485566,0.4934727775154875,2.5444401804063115,4.741679502079255,7.286119682485566
-0.009844808650383004,-1.6885051880685,-1.1200474224698722,0.6709112482768751,0.6037905202778941,0,6.435144048756737,0.35570331219140927,2.1039620620241024,6.435144048756737,8.539106110780839
-0.3918767653868664,-1.017764309076953,-1.027403551526011,-0.3732682459413141,0.6445184916452914,0,4.034157243998925,0.4274429643395822,2.178077158779191,4.034157243998925,6.212234402778115
0.9282456913443246,-0.49653173548196905,-1.1534924259847839,0.2678436378663333,-0.8235349706258495,0,4.742133378595332,0.6469057921383281,2.077206059212173,4.742133378595332,6.819339437807505
-0.5182526388612024,1.3252760904370375,0.827115428565768,0.1579743122514517,-1.2719190011127228,0,2.555095960303346,0.1596433366813979,3.6616923428526142,2.555095960303346,6.21678830315596
0.2113965674706589,1.0626572907875265,-0.3756336657655356,1.3511140899867151,1.292745289518207,0,1.352029842722073,0.2404673655160937,2.6994930673875714,1.352029842722073,4.051522910109645
1.6637328321434735,0.30524312653135294,0.5873916998060122,1.41418728833109,0.4473939370689756,1,12.363203422496408,0.9678177396639417,3.46991335984481,8.893290062651598,12.363203422496408
-0.5012341077902127,-0.44854283652786137,0.23855495377373917,-1.2905614219462187,-0.14325891536419263,1,6.056354835760908,0.5856923142237942,3.1908439630189913,2.8655108727419165,6.056354835760908
1.0965471182302537,-2.191253851165281,1.534482101794515,1.1223742187031596,-0.4597646158304763,0,6.741740598132913,0.3173731895177593,4.227585681435612,6.741740598132913,10.969326279568525
0.5433908278718096,0.003147726906326633,1.229990368438683,0.9826831427699412,-1.4000707231830092,0,4.44404292914961,0.7230580364659711,3.9839922947509465,4.44404292914961,8.428035223900556
0.5872624134641767,-0.20562785364324765,0.0828325705180999,-0.7281719009698155,1.7481370691208353,1,7.149693344006745,0.6820322264221231,3.06626605641448,4.083427287592265,7.149693344006745
1.040061819902576,-0.7397711639729673,-1.3346106069102326,-0.3856726309778482,0.43450264609130573,1,7.062507681086107,0.6870334988695047,1.932311514471814,5.130196166614293,7.062507681086107
0.240205843946223,1.2531328247682434,0.7899197221808523,0.9695690257529068,0.32685540061043733,0,4.584755057785658,0.4137898758111005,3.631935777744682,4.584755057785658,8.21669083553034
-1.3892987302109903,-0.19569853114690144,1.0600897399086655,-0.05152292852464606,0.5030903686237468,1,7.93777449948829,0.6587577256770981,3.8480717919269325,4.089702707561358,7.93777449948829
-0.3187483152461331,-1.029811848541845,-0.12334406404611045,0.3090474430326539,-0.6556877194614437,0,3.968215465728921,0.5181777503325162,2.9013247487631117,3.968215465728921,6.869540214492033
-0.2357112448566685,-0.9394632419859826,1.119244917564096,-0.294455757588034,1.452755545126183,1,7.183662236135685,0.662848245434801,3.895395934051277,3.288266302084408,7.183662236135685
1.5287478505409084,-0.08104596472174376,-1.0084487325473497,-2.0858978777333372,-1.4720370730267915,1,8.59105870754078,0.8593041673891553,2.1932410139621203,6.39781769357866,8.59105870754078
-1.37383482489866,1.3784696274615047,0.1158245872269461,0.3896045240919878,-2.220421008935126,0,1.157229984435448,0.05067045908711915,3.0926596697815567,1.157229984435448,4.249889654217005
-1.1979664292172616,0.887079776446287,0.2867741123825862,-0.14720527868559727,0.5648423586001226,0,1.1201418507957754,0.18151182398222346,3.229419289906069,1.1201418507957754,4.349561140701844
1.635797806135815,-0.22104246353705057,0.06936980265806943,0.19259691873130513,2.3921096352739926,1,10.476362533822146,0.9301832376263907,3.0554958421264558,7.420866691695689,10.476362533822146
-2.0993562644190256,0.683223014788808,-0.11480224875906367,0.5667717261841796,-0.6573725539947244,0,2.485321204526898,0.22915770970400534,2.908158200992749,2.485321204526898,5.393479405519647
-0.048965030858450255,0.7114105794654951,3.112910201043841,0.8080361894020714,-0.8480655980305086,0,3.0146588947571322,0.3260630862813208,5.490328160835073,3.0146588947571322,8.504987055592206
-0.42375968202270325,-0.45341410838385404,-1.795643172630015,-0.3300901917014373,0.732829081821745,0,3.4658718063907026,0.5831952050817956,1.563485461895988,3.4658718063907026,5.029357268286691
-1.2742321190767951,1.0484826510505925,0.4877748210843382,-0.7342333219710379,-0.14152963733784743,1,5.141426201133081,0.15254618320752683,3.3902198568674704,1.7512063442656107,5.141426201133081
1.598321807641033,0.7335478135058658,0.008783654898147817,-0.2376833169609843,0.07660907045165961,1,11.278507582703968,0.9388806450368121,3.0070269239185183,8.27148065878545,11.278507582703968
-0.5117635579423034,-2.1047495057190146,2.042177910534731,0.15532499919940146,0.3981472651225371,0,5.31685656638439,0.3730591251352755,4.633742328427784,5.31685656638439,9.950598894812174
-0.05790774987690872,-0.735116800724588,-0.18592448094877073,-1.5993947621943112,2.2770864980533045,0,3.22389008286813,0.4980142433195552,2.8512604152409833,3.22389008286813,6.075150498109114
-1.234511998422396,-1.0319662838471795,-0.4402592043864004,1.2880757248523775,0.014508999262654136,1,7.358663721990946,0.5979039730631625,2.6477926364908795,4.710871085500067,7.358663721990946
-1.2361357960304624,1.2543383607573395,0.7310006267854814,0.5384349572164524,0.7157342411708404,1,4.901657519282943,0.10950942672832002,3.584800501428385,1.316857017854558,4.901657519282943
2.394361900582451,2.185094895036112,-0.6867153430032953,1.6238849928111523,0.3831681897589003,1,19.902907562328807,0.9903876224592069,2.450627725597364,17.452279836731442,19.902907562328807
0.4990958161377494,-1.6922708316433286,-0.17038576538819597,-0.8128235903365649,0.8280588148933092,0,5.815051709890096,0.4017744303889488,2.8636913876894434,5.815051709890096,8.678743097579538
1.071080500402805,-2.0744863510163114,-0.02203486400427045,1.1218615047942522,-0.18667896231344497,1,11.52876825674486,0.34795801863955456,2.9823721087965835,8.546396147948276,11.52876825674486
0.7290636450023644,0.35116546762708406,0.34166023195262635,-0.27131497806829746,-1.2165808041357096,1,8.209294027791653,0.758968001005392,3.273328185562101,4.935965842229553,8.209294027791653
-1.1215301474250274,0.7093525144553172,0.019458255518883118,-0.13851224460722475,-0.42389004232235256,0,0.42525098343161305,0.19329489023018712,3.0155666044151066,0.42525098343161305,3.4408175878467198
-0.30518884548075176,1.0469117944881394,-0.33524408186802673,-1.3410647133015687,0.7436517755401733,1,3.650797922349417,0.13463162379072052,2.7318047345055785,0.9189931878438384,3.650797922349417
-0.20487666386471723,0.03139586553277644,1.6075783063995104,-0.020560557350507186,0.28918367311872534,1,5.907257612601852,0.44750737199702745,4.286062645119609,1.621194967482244,5.907257612601852
-1.1789234912983253,-0.21966945235096014,0.6095260452086012,-1.5553737338412423,0.20084509311570958,0,3.91146424090255,0.6476753824450047,3.4876208361668812,3.91146424090255,7.399085077069431
0.1007910726448063,0.04128745558743938,1.0371588986582432,0.3344385148485215,1.478071898356444,1,7.106447523106088,0.6430677813466069,3.8297271189265945,3.276720404179494,7.106447523106088
-0.9935895155940362,0.13592456721834797,0.08446678638994742,-1.06925449375508,0.9562950020913461,1,4.183234635934072,0.40519503965431036,3.067573429111958,1.1156612068221143,4.183234635934072
2.324673305852818,-0.017006074483830996,0.5050210882737669,0.08451847581532725,-0.7135846699071758,1,15.951436246364905,0.9936461401233224,3.4040168706190137,12.547419375745891,15.951436246364905
-1.8207602778020162,-0.7057734830953651,-1.3919583809517313,1.7041020780591178,-0.11510969392323915,1,8.033621520419812,0.7529978831436819,1.886433295238615,6.147188225181197,8.033621520419812
-0.3459193290471707,0.8891538247878059,-1.121751102855888,-0.7668640380045524,0.06807226924862103,1,2.0209485213094442,0.14789320822912178,2.1025991177152896,-0.0816505964058456,2.0209485213094442
1.0287689914234805,0.5016850451687882,0.2483251425158822,0.07811773523601635,0.40023585552677515,1,9.132201961126654,0.8316944943872531,3.198660114012706,5.933541847113949,9.132201961126654
0.20165290512925463,-1.0299722747769358,0.04607922163315134,-1.0736886589177526,0.08108254290082371,0,5.031636628926581,0.5708033325267285,3.036863377306521,5.031636628926581,8.068500006233101
-0.4806479414882414,2.5393816227828614,-0.03989438375171192,-1.4042395662615887,-0.13418021067692457,0,2.550519341502451,0.005095818244769175,2.9680844929986305,2.550519341502451,5.518603834501082
0.5193587456378881,1.6733639461525236,-0.5894523999387185,-1.58242797402364,0.8168370114309812,0,3.278233331416201,0.1794787492298203,2.528438080049025,3.278233331416201,5.806671411465226
-1.3805987058996512,-0.43615544150748503,-0.25762048551099404,-0.06963345330010817,0.6891644570743356,0,4.287587229136062,0.5399174388056533,2.7939036115912046,4.287587229136062,7.081490840727267
-0.6836342822863877,-0.2737292521667607,-0.014270352949388505,0.14959795751878804,0.09782717470792267,0,2.6598831989361376,0.4837323316442501,2.988583717640489,2.6598831989361376,5.648466916576627
0.4360057752225798,0.8438395096417373,0.392634115650968,0.45358552350921844,-1.5822231667464777,0,3.3439864705456284,0.5828484343214683,3.3141072925207746,3.3439864705456284,6.658093763066403
0.05022769916568044,0.4795075480016086,0.7289411945704503,-0.6923507742337942,-0.659039274888645,1,6.956953667572108,0.5682724947065096,3.5831529556563604,3.3738007119157483,6.956953667572108
-0.5741006752835983,0.5364138998913434,1.0338810549242086,-0.4074601072916016,0.9079623136270489,1,5.625277245332393,0.3966177298925126,3.8271048439393667,1.798172401393026,5.625277245332393
0.12347980916459421,-0.12428577716243629,-0.21138422981796898,0.7466113646021572,0.3255778167870701,0,3.00209049353896,0.4794828704040178,2.8308926161456247,3.00209049353896,5.8329831096845846
2.2758254276476375,-0.8522246429973241,0.5181017020299757,-0.5292010098115129,-0.8692869869886438,1,14.927111991730579,0.9778992819570086,3.414481361623981,11.512630630106598,14.927111991730579
-0.010867137034972144,0.13735247940703602,2.9181735550600925,-0.18414581568320207,-1.1301787294846835,0,3.7229705823118855,0.41122415964276055,5.334538844048074,3.7229705823118855,9.05750942635996
0.2730107174943857,-2.0746400375463683,-0.09195678260426586,0.016025282295160426,0.7946003829452114,1,11.578661689396363,0.3257657835841658,2.926434573916587,8.652227115479775,11.578661689396363
0.9736222494278469,-0.5035696189077175,-0.150614014629933,-0.7661208306106709,-1.128062554807694,1,7.3814781439203045,0.717553885713727,2.8795087882960537,4.501969355624251,7.3814781439203045
0.30989477938063453,-1.2735855485965992,-0.41462690057186313,-0.9951739598992374,0.5496831862902597,1,7.347528465482133,0.4237362309627385,2.6682984795425093,4.6792299859396245,7.347528465482133
1.801430099266488,-1.3015879828033312,-1.853018482897569,-0.1248868853500674,0.01569779595775838,1,13.170245432478758,0.8637372450680217,1.5175852136819445,11.652660218796814,13.170245432478758
0.21865930675729772,-0.4463205152343449,-0.20063929882543183,0.3675104105406022,1.040430892644839,1,6.302855161503892,0.5210557879825974,2.8394885609396545,3.4633666005642376,6.302855161503892
-1.9550487703182828,-0.3689394390314622,0.2138087939410634,-0.917976104610736,1.7311696317672995,1,8.74513921705588,0.7803512813704552,3.1710470351528506,5.574092181903031,8.74513921705588
-0.635409880228737,-0.041292687007282836,0.5560220968422908,-0.5912847888018945,-1.8465730478044171,1,6.727159385467881,0.5680668933430526,3.4448176774738326,3.2823417079940485,6.727159385467881
-0.4286545269165333,1.0294405559270405,-0.33689512678513855,-0.8464343014589786,0.9256722095027217,0,0.4301021286799137,0.12175890655145527,2.7304838985718893,0.4301021286799137,3.160586027251803
-0.3307748960230527,-0.5101608136502173,0.14945608966330953,0.7707502096187874,2.381713531732546,0,2.8047721368068674,0.5712344161003065,3.1195648717306477,2.8047721368068674,5.924337008537515
0.8272361076574231,1.1598399663883443,-0.5059661989878553,-1.0258681059694763,0.06233134961912296,1,6.503795432912437,0.48322165900944203,2.5952270408097156,3.908568392102721,6.503795432912437
0.10716991525959621,-1.0785127413645972,-0.17529452990401284,0.3993176017191309,0.36039339501808015,0,4.76218228138822,0.4965827629395054,2.85976437607679,4.76218228138822,7.62194665746501
0.5042878533842724,0.29096473013744295,-0.5070086592700558,-0.5139006266488432,-1.198951397993876,0,2.7839518381621224,0.47888116334763503,2.5943930725839555,2.7839518381621224,5.378344910746078
1.784775039185095,0.013450364619293007,-0.22485305579485193,-0.9287920814524587,2.9356579023277782,1,11.337573290420519,0.9409425840706418,2.8201175553641185,8.5174557350564,11.337573290420519
-1.0733280322228955,-0.4288479256060734,0.4158368362860605,0.6002129657442777,0.957932055215684,1,7.372003520995612,0.6607729658343742,3.3326694690288483,4.0393340519667635,7.372003520995612
1.8076085077692632,0.5061576554607123,-1.0560307999666676,-0.2569451251217815,0.30783237251388496,1,9.83743270059429,0.9426681598391009,2.155175360026666,7.682257340567624,9.83743270059429
2.068226041505824,-1.397805478424297,1.2025765052252275,0.1799143695464168,0.8378305352294807,1,14.435238616703101,0.902894510090607,3.962061204180182,10.473177412522919,14.435238616703101
-0.10199471663593199,-0.8424326301263264,0.750872779401332,0.6544310271056212,0.9720569657397219,1,7.8099567888178125,0.6908091592493978,3.6006982235210656,4.2092585652967465,7.8099567888178125
-0.01330463537863531,-0.5998220233198494,-1.5587869950238415,0.8193732681394064,0.42388948244398605,0,4.507578242444241,0.5489922757067138,1.7529704039809266,4.507578242444241,6.260548646425168
-0.9657826328639593,-0.5385736732966242,-0.46675881195144053,-1.4829844319824181,-0.8176823966051338,0,1.7603830297764125,0.4458957451819596,2.6265929504388477,1.7603830297764125,4.38697598021526
-1.1338303568063541,-0.4124790118879367,-0.7386974983295628,-1.6270049208667487,2.0225902305694814,0,3.0585366205234825,0.412205662417865,2.4090420013363496,3.0585366205234825,5.467578621859833
1.2525407310292307,-0.7790194215199856,0.27242139665360987,0.417465089821295,1.1910858547734768,1,10.01317161878625,0.8374080226627383,3.217937117322888,6.795234501463363,10.01317161878625
-0.8186050266600786,1.092106783982426,-0.5479053042069351,-1.3358624041686133,0.7241365593144973,0,-0.19775280473646514,0.06839862372535224,2.561675756634452,-0.19775280473646514,2.363922951897987
1.2907584241224281,2.5879089735306846,-1.1997252650902135,0.6989196850807888,-0.40980124379353305,0,10.786854419738589,0.39334232795240903,2.040219787927829,10.786854419738589,12.827074207666417
0.7833587105240313,-1.4704895512312506,-1.262769775698564,-0.7758748231664838,0.07896404566808451,0,7.165981844965941,0.4496301273849904,1.9897841794411486,7.165981844965941,9.15576602440709
-0.6410812665383554,0.6590543439134197,1.0268946182579144,0.5995775412453558,1.618787639660868,1,6.282750248724547,0.3450350045315427,3.8215156946063313,2.4612345541182155,6.282750248724547
0.415826629455343,-1.216896710340167,1.3633765135383398,-0.6051562356059974,0.91041849968557,0,4.521587090724572,0.609338726967242,4.090701210830672,4.521587090724572,8.612288301555244
1.5737342165551063,0.45668801073039916,-1.4961588131646497,-0.9182121665097915,1.3227444668851356,0,7.205938747411006,0.9278236873855186,1.8030729494682802,7.205938747411006,9.009011696879286
-0.16912268564281638,0.07957353494216583,0.7588244161636093,0.6963228620803235,0.2787998123854607,0,2.8214185280164266,0.6031143506233083,3.6070595329308874,2.8214185280164266,6.428478060947314
-0.20866837122046583,-0.3126684457323573,0.857898825291343,0.5535695310677933,-0.2573000006177896,1,6.522626275479409,0.6553651773820425,3.6863190602330747,2.8363072152463342,6.522626275479409
1.0821123129931407,-0.12903411512978377,-0.8516621743343933,-0.7589706989033448,-0.978740836309766,1,6.88145253895919,0.6962396249878579,2.3186702605324854,4.562782278426704,6.88145253895919
-0.2724100166036872,1.233724278336193,-0.8050951810305088,0.1884757610181029,-0.6566893456274132,0,-0.7524627593206575,0.0859060657181691,2.3559238551755928,-0.7524627593206575,1.6034610958549353
-0.26030904127143756,-1.5100412119852522,-0.2205382291565374,-0.19370537980496205,0.5402879440356954,0,5.972536634977895,0.4597310036121334,2.8235694166747702,5.972536634977895,8.796106051652664
0.22328091325537056,-1.1983921249520453,1.0841982440435427,0.21030304022199536,0.19839351717748668,0,4.773749015566869,0.6585497375003869,3.867358595234834,4.773749015566869,8.641107610801704
-0.009182353385138937,-0.5177574472222197,0.2178023397487261,0.4755884359285824,-1.746895691345555,0,3.223886884474002,0.6112631245215225,3.174241871798981,3.223886884474002,6.398128756272983
-0.5387608373460957,-0.2549469704035893,0.25617060569427813,1.193311005927126,-0.7717408145967823,0,2.567719461376007,0.5575863984248248,3.2049364845554225,2.567719461376007,5.7726559459314295
-0.497961846817842,-0.5125341106465501,-0.8015275901045416,-0.34718649511226246,0.7708022199879712,0,1.7018678356289474,0.37919307143417924,2.3587779279163668,1.7018678356289474,4.060645763545314
-1.0538354953643456,0.4278143951529032,-1.7019022300183355,-0.5613379964422059,-0.32948930021798606,1,3.758175578383405,0.3148062588778981,1.6384782159853315,2.1196973623980737,3.758175578383405
1.6748596729140648,-0.274802304752688,-2.2012434734509183,-1.9988889068612499,0.03402958634668099,1,10.075090388470194,0.9579678502395481,1.2390052212392653,8.836085167230928,10.075090388470194
0.6137708557899086,0.3754558576272528,0.1675701058009903,1.1622595975056669,-0.5395912207371316,1,6.831990148370084,0.6805640848806163,3.1340560846407923,3.6979340637292917,6.831990148370084
0.8949105560268252,-1.6320148850264173,-0.9049478329380662,-1.8070413949318163,-0.27484530066979224,1,8.527015471564349,0.36005962794565116,2.276041733649547,6.250973737914801,8.527015471564349
-0.04626121726634254,0.11410149222651991,0.06188335288713521,-0.927553330811728,-0.19024084441321568,0,2.1506881082236653,0.49019330012380735,3.0495066823097083,2.1506881082236653,5.200194790533374
-1.4974466686057486,1.3632289751322504,-0.303626072898001,-0.4888861190436912,1.5889403284440828,0,0.9091148102874387,0.03200296560225749,2.757099141681599,0.9091148102874387,3.6662139519690378
-1.2422465335492292,-1.125587114031969,-1.0962203248685651,-0.0678713816994819,0.4316316296375973,0,6.631500290042918,0.6076372404764456,2.1230237401051477,6.631500290042918,8.754524030148065
0.7396754681178337,2.571995317494969,-2.2494324542007638,0.6087355891244169,-0.5571305725722312,0,6.4715387708591265,0.19688510278965413,1.200454036639389,6.4715387708591265,7.6719928074985155
-0.5864151488887734,-0.6197721282538776,-0.9087696708079733,1.6845248346034518,0.8422973270139027,0,2.6881958481893147,0.3997776426326813,2.2729842633536212,2.6881958481893147,4.9611801115429355
0.023195978557374822,1.3510157524870003,-1.5125289652988756,-1.3307051313309262,-2.1779677321946878,0,0.7626988315434312,0.17225815698340355,1.7899768277608994,0.7626988315434312,2.5526756593043305
-0.6994145401232875,0.1616985267047529,0.10285857793233408,0.14934191105988046,-1.4110568310660818,1,4.3035911900141635,0.4063624563048324,3.0822868623458675,1.2213043276682964,4.3035911900141635
0.803154742614022,0.23962751823899794,0.7330542814659985,-1.8927621775900518,0.31149085879778987,1,8.378411288866012,0.8219687443729724,3.586443425172799,4.7919678636932135,8.378411288866012
-1.187765239917527,-0.39732325255136186,0.5343648986363834,0.09109360625591317,-0.8515399797793188,0,3.8586532785290992,0.6871290412221396,3.427491918909107,3.8586532785290992,7.286145197438206
0.006273156184418285,-1.531535315243643,1.150267395898296,-0.20528401949625125,1.118549944255326,1,9.87111717361714,0.6049666644762669,3.920213916718637,5.950903256898503,9.87111717361714
-0.526531687096043,-0.5235759884065829,-0.7641867866378464,0.8761739316930753,-0.7094311573284758,0,2.3889709771577583,0.3811666562907973,2.3886505706897228,2.3889709771577583,4.777621547847481
0.6445954324151765,-0.38245239766929023,-1.9759632998916197,-0.5703140677864661,-1.1791082143628482,1,7.3380348829134725,0.7607021669718633,1.419229360086704,5.918805522826768,7.3380348829134725
0.03390272368233751,-1.1904077356744902,0.9259751007146168,-0.09107586035302723,-0.17759599475873897,1,9.278549571232174,0.673334207483494,3.7407800805716933,5.537769490660481,9.278549571232174
0.6558921377875826,0.9639069340758625,-0.020098751769651646,-0.7712002995492906,-1.7739696161121294,1,6.899427028809941,0.5518779888058263,2.9839209985842787,3.9155060302256626,6.899427028809941
-0.68604975703518,-0.6172122466479616,0.10705745299229676,-0.34514688113802716,0.6879329720514281,1,5.64340278435975,0.5813543694640276,3.0856459623938375,2.557756821965912,5.64340278435975
-0.6129832712706895,-0.05704116685294176,1.1839874431968893,0.3418252139549665,-0.06003754168856451,0,3.2821427939171874,0.5434211719718571,3.9471899545575115,3.2821427939171874,7.2293327484746985
-0.601944441935177,-0.6332313967149771,-0.8506132529519478,-0.5410068657828994,0.7556658387443146,0,3.4498710900154608,0.3991697944205129,2.3195093976384418,3.4498710900154608,5.769380487653903
-0.2218882712922687,-1.349773069381231,1.7681692930597834,0.31996519114516303,-1.4069434005131694,1,7.276169216987656,0.4767967922301955,4.414535434447827,2.861633782539829,7.276169216987656
-0.44184892724082386,0.11088638282841785,1.704592093297377,-1.1081124582588693,0.9760407193559466,0,2.224412057564912,0.37279231730164025,4.3636736746379015,2.224412057564912,6.5880857322028135
1.399486426972343,-0.6286543050745702,-0.27751361886023346,-1.0363092473737703,-0.20346114108030489,1,9.337511485561894,0.7999441401290237,2.7779891049118133,6.5595223806500815,9.337511485561894
-0.03658997434293117,0.6596499980823705,1.0901834710204468,-0.7480960646216471,-1.9673250642259945,0,3.0644923152793777,0.4691873289400454,3.8721467768163573,3.0644923152793777,6.936639092095735
-0.021244779276242128,0.2935375299686405,0.24941768768504166,-0.326673247509044,0.1247520996639345,1,6.6207992811767085,0.513826027911504,3.1995341501480334,3.421265131028675,6.6207992811767085
1.5154448083522476,0.3817341689625093,-0.3733684250030844,-0.5001978170959958,-0.16985235767773066,1,10.476451138791374,0.8880238669458768,2.7013052599975325,7.7751458787938414,10.476451138791374
1.6367399618306397,-0.1833007095261973,-0.01979434452070797,-0.48231357093630295,1.0989833574419647,0,8.272380202916406,0.9249533691647923,2.984164524383434,8.272380202916406,11.25654472729984
1.959837254744675,0.4506130494313883,0.08277290378542575,0.03678283317423478,-2.3843067887857456,1,14.100229764982664,0.9792415784113934,3.0662183230283406,11.034011441954323,14.100229764982664
0.7451508642848174,0.13416641599584353,0.42834205066072495,-0.7114621940837048,-0.38445687897709163,1,8.35552401482698,0.7874181672595457,3.34267364052858,5.0128503742984005,8.35552401482698
-0.411024936503173,1.0216229840730389,-0.3787598366030933,2.0826603221097977,0.4308624190150374,0,0.0042666865629716055,0.12121014056603177,2.6969921307175255,0.0042666865629716055,2.701258817280497
-1.2756826599957316,-0.12854629325195685,-0.6516751221564157,-2.1943824698200243,1.5994709401137894,0,1.6002700935295517,0.35429215705689787,2.4786599022748677,1.6002700935295517,4.078929995804419
0.7031425422200039,0.5332073178993125,0.16540366029970424,-1.3820175686924376,-0.4836171395554367,0,3.652812259845994,0.6970731243757043,3.1323229282397635,3.652812259845994,6.785135188085757
0.8417807747840127,-1.0512200297825027,-2.5317693162508137,-0.22710600778092602,-0.1417575540275386,1,8.794339193955423,0.7614031390592372,0.974584546999349,7.819754646956075,8.794339193955423
0.13556341641470915,0.7285186435145362,0.6376058122312086,0.2587698052439216,1.1955313880867093,0,3.3485401534498718,0.5278072836158049,3.510084649784967,3.3485401534498718,6.858624803234839
-1.5189697808133147,0.5045818144773903,0.6265383633369425,-1.2395622860802396,-1.5028706086823893,1,5.663711218014656,0.3934883593229673,3.501230690669554,2.1624805273451027,5.663711218014656
-0.7459421264756013,-0.6615414425152919,0.7534194635024307,-0.6145387836910949,-0.856348518281204,0,3.964344278110947,0.7000497035400209,3.6027355708019444,3.964344278110947,7.567079848912892
-0.6116337366945591,1.1186323341542117,0.013043374376952133,-0.1792510253569118,-0.11000549870105147,0,1.0815303617142586,0.12594931370290713,3.0104346995015616,1.0815303617142586,4.09196506121582
1.2920603343265227,-0.7491717266032418,1.315508290940104,0.21049629892150362,-0.16041938197534772,0,6.700663298917867,0.846704374117841,4.052406632752083,6.700663298917867,10.75306993166995
2.5009004979342815,-1.0556394897985963,-0.35368575956700604,-1.2324312391640002,0.9524619705361694,1,14.283361741438732,0.955962132470778,2.717051392346395,11.566310349092337,14.283361741438732
1.689188933651679,1.669922781404639,1.2239487531460047,-0.19762046779596562,-0.3652409774898465,1,17.480797650225156,0.9534171659709206,3.9791590025168038,13.501638647708353,17.480797650225156
-1.671169772494065,2.0358735351817927,0.4689780781484677,-0.49195690486948307,1.3280568889869675,0,2.3985206752117048,0.008856033793259957,3.375182462518774,2.3985206752117048,5.773703137730479
-0.9727645167600009,0.40662203422267407,-0.17262913429083468,0.638677139880301,-0.06357353918612146,1,3.7327151341559417,0.2506529163892906,2.861896692567332,0.8708184415886095,3.7327151341559417
-1.4509278911112242,0.07557637267003782,1.0488641418753621,-0.029216405853985244,0.775115121589086,0,3.321597294058913,0.5710352802165927,3.8390913135002895,3.321597294058913,7.1606886075592024
-1.0455294856740531,-0.026260793269852138,-0.6245104550885774,0.7469808401047098,0.03149156226199577,1,3.04258328308356,0.3048383506275856,2.5003916359291383,0.542191647154422,3.04258328308356
0.6900736763366125,1.087710426157866,0.6916185751213884,0.2731184342936442,-0.9982122585114053,1,9.648865552626104,0.6855045520808168,3.5532948600971106,6.095570692528994,9.648865552626104
-0.002786110666901238,-0.5330904020158331,-0.34406395670422657,-0.37453415075025087,-0.9799255747822445,0,3.1180928622415633,0.456098199766512,2.724748834636619,3.1180928622415633,5.842841696878182
-1.9573385891339898,-0.6681430483277668,0.19337945192415906,-1.3481770454274902,0.015682236471624342,1,9.701367810547149,0.847328101411436,3.154703561539327,6.546664249007822,9.701367810547149
1.9002684243109647,1.0230565552522393,1.6435415091205292,0.3911278769327262,1.167509822986446,1,17.098117210289985,0.9725379442653638,4.314833207296424,12.783284002993561,17.098117210289985
-0.7239647304677874,-0.6443402670219842,-2.7391402061374728,1.186145474042299,1.540323979819886,1,5.653435254099703,0.659803722236226,0.8086878350900215,4.844747419009681,5.653435254099703
-0.55317724534727,-0.2539517063972351,-0.7538621136909615,0.3826535514774916,1.1249325453032408,1,4.368069547851259,0.3399682783666713,2.3969103090472306,1.9711592388040282,4.368069547851259
-1.742771973881041,0.4094385306422523,-0.2766717717191454,0.11339439196668935,0.45899400167429094,0,2.1249239525860917,0.2683282312642071,2.778662582624684,2.1249239525860917,4.903586535210776
-0.18820243877282114,-0.10358685340578061,-0.2138751675546389,0.9703162017882814,0.41875996012749656,1,4.940993514097564,0.423056140578573,2.8288998659562887,2.1120936481412755,4.940993514097564
0.22058353773736078,-1.2709517210922827,-0.3785797432131542,0.8986691603391742,0.037696573123922904,1,6.542808770832904,0.4277290886854311,2.6971362054294765,3.8456725654034276,6.542808770832904
0.6595314695891383,1.7665118003276337,1.0386060692088166,0.09315833769974234,-0.5109891701957271,0,7.2555906644218355,0.4445356085809273,3.8308848553670534,7.2555906644218355,11.08647551978889
-2.5535495960558983,-0.16838492247285253,-0.32601249581684916,0.3903661943953757,-0.1539052269746876,1,10.124929104148633,0.7762707577157733,2.7391900033465206,7.385739100802112,10.124929104148633
-0.32038505943679435,-1.7793989305072206,-0.9399678291500665,0.4766510408005575,1.7159076311326944,0,5.934732856879598,0.3597747104555404,2.2480257366799465,5.934732856879598,8.182758593559544
-0.09752538374562343,0.3278110735741233,0.9524781569528054,-0.8108939362002497,0.36681404328544226,0,2.7233720070922343,0.5576172571780943,3.761982525562244,2.7233720070922343,6.485354532654478
-0.7404901063321585,0.8648244384910113,0.15140304795173262,0.2984518139814398,-0.7825985974185891,1,5.122145396494531,0.1969213335156221,3.121122438361386,2.001022958133145,5.122145396494531
0.7070323596107849,2.084712921231016,-1.0079116954282061,-0.3397590076475238,0.23160747416809183,1,7.136217086870982,0.15663871865634077,2.193670643657435,4.942546443213547,7.136217086870982
0.7864062119958165,-0.5595462852894689,-2.83303029014274,1.359189494164025,0.7605061195841426,0,5.582119328175369,0.7663880804906775,0.7335757678858079,5.582119328175369,6.315695096061177
-1.742947530486665,-0.6075687917795559,1.5681824295273261,1.447796418457866,0.9386400226789446,1,8.806097560745803,0.747603103663757,4.254545943621861,4.551551617123942,8.806097560745803
-0.17611243395986265,0.08298741881250997,-0.1309258051261265,1.1282397832688376,-0.8758424064951101,1,4.326047302995596,0.4149639931562771,2.895259355899099,1.4307879470964964,4.326047302995596
-0.8057996548842047,1.0102745868360157,-0.044361455511561634,1.378467355453808,-0.6715122069805457,0,0.555067090666636,0.12374555782664107,2.9645108355907506,0.555067090666636,3.5195779262573863
-0.0547783603388251,-0.9224129848439533,0.007362681423567135,-1.478546936998799,-0.4876334209549628,0,3.2972425553080176,0.5535418863444731,3.0058901451388538,3.2972425553080176,6.303132700446872
-1.4362538649281178,0.6939232331912581,0.7165893397596517,-1.730262730484345,1.3338857455005728,0,2.6858364355580595,0.3036696400031585,3.5732714718077214,2.6858364355580595,6.259107907365781
2.497415126419854,0.04600638673634095,-0.6411142602246448,2.8243305910030463,-1.3189684983025107,1,15.715498953020408,0.9899815633965692,2.487108591820284,13.228390361200123,15.715498953020408
0.020106466869098387,0.17962227263192343,1.3451476204524146,0.35973897512678843,-0.4986338957884514,1,6.8230520980661655,0.5398692843333865,4.076118096361932,2.746934001704234,6.8230520980661655
-0.9511843703879561,-0.34182182024613555,-1.0069273609451441,0.04782531978468294,-0.5641961798604865,1,3.9031857398249485,0.3858744429745867,2.194458111243885,1.708727628581064,3.9031857398249485
-1.4940377932897506,1.2551457883749038,-0.4976725234290394,-1.2681368049753126,-0.16825913448754154,0,-0.6402894373304464,0.036318542727949765,2.6018619812567687,-0.6402894373304464,1.9615725439263223
0.06837156596765875,-1.7464667255790336,0.33164766712576277,-1.0471575686902646,1.7110288091907877,1,9.660724691197183,0.5425717350795399,3.2653181337006103,6.395406557496573,9.660724691197183
0.5239605120767348,-0.39989999010931654,-0.7451677703173505,-0.10496770756362395,0.6127907415832897,0,3.5623607947928737,0.4969191848250929,2.4038657837461197,3.5623607947928737,5.966226578538993
-0.02549412858519966,-0.21715880713685662,0.058370290817895645,-0.6038589312369547,-0.3432059268430377,1,5.198446269523185,0.5411870926839577,3.0466962326543165,2.1517500368688687,5.198446269523185
-2.085792438905004,0.9737262308523678,0.2987977803217619,-0.7734558440334302,1.8987349813552388,0,2.3607477809782673,0.1763955455613307,3.2390382242574094,2.3607477809782673,5.599786005235677
0.08701648039238655,-1.0361435719751968,0.8567374214704584,0.3980482165092625,0.39457998548421935,0,4.885791063651573,0.689212013131629,3.6853899371763665,4.885791063651573,8.57118100082794
-0.4257556046515905,0.4504957237780347,-0.26175829022109454,0.5559414516458422,-1.9049444540106388,0,1.4647714392468236,0.26198737730172084,2.7905933678231243,1.4647714392468236,4.255364807069948
-0.4338734629791891,1.7221550978081948,-0.7670674554003005,-0.6038382974931866,-0.4479613384499751,0,-0.07724765316573962,0.02672073979932349,2.3863460356797597,-0.07724765316573962,2.30909838251402
-1.2148061358886433,-2.208280776228252,-0.23058639852361285,0.13585942408165688,-0.05250506853865217,1,13.330111404632953,0.6794494493101482,2.8155308811811097,10.514580523451844,13.330111404632953
-0.14487856194788684,0.043040870850387644,1.022841471550764,-0.19044618592921678,-0.5740825770872696,1,8.44048774280978,0.5980311567471102,3.818273177240611,4.62221456556917,8.44048774280978
-0.2811254848880863,0.5793467597567757,1.4120268785432495,-0.6281437391691783,0.09893378702888371,0,2.668702172232977,0.3557358222672516,4.1296215028346,2.668702172232977,6.798323675067577
0.3383574419359596,-0.9925780067288229,0.02041716721291813,-1.465673857342095,-1.7690503037393988,1,7.051497685538141,0.5790299910386072,3.0163337337703346,4.035163951767807,7.051497685538141
0.366746407892257,-0.3838747413307828,0.20228040762121913,-0.017894977008350053,-0.9764000486637974,1,7.436982761773894,0.6614246205296297,3.1618243260969754,4.275158435676919,7.436982761773894
-0.045254301964336476,-1.2331013050148552,1.3909723580014006,-1.3559703448599638,-0.19578527096858134,0,3.709628700748862,0.5858158510232011,4.112777886401121,3.709628700748862,7.822406587149983
-1.0422715880472484,0.5704211733607956,-0.33143137128150285,-0.5186667196212101,0.8532015450515544,0,1.0454482804076661,0.17530934620204086,2.7348549029747975,1.0454482804076661,3.780303183382464
0.029430591677552183,0.5166444459359673,-0.9813259365174648,-1.404816943927507,0.10720796204013365,0,0.862904270643089,0.28157644960761474,2.214939250786028,0.862904270643089,3.0778435214291173
-0.3188463554947312,0.6264346724539442,-0.0799084526625497,0.2050753392346299,-1.6233825299412434,0,1.4991909279019477,0.274407864191094,2.93607323786996,1.4991909279019477,4.435264165771908
1.8884369396142566,-0.16424198503203188,0.697586970339199,-0.8360916702196265,0.3080099022173409,1,13.45650800663442,0.9771404172237544,3.5580695762713592,9.898438430363061,13.45650800663442
-1.3028447635247453,0.452067838259671,-0.3559740843858328,0.029190503935567446,0.6979740301300975,0,0.3617492893972575,0.2057349832842856,2.7152207324913338,0.3617492893972575,3.076970021888591
-1.2325403112202802,-0.684491730612797,0.4573242810867655,2.098221474546747,-0.13808233466148176,1,8.664242587583848,0.74322574676623,3.3658594248694125,5.298383162714435,8.664242587583848
0.5911361179239325,-0.10697146985848006,1.9422455947562995,-1.7472216669652556,0.094621044669358,1,6.799769349313168,0.5639271970368936,4.55379647580504,2.245972873508128,6.799769349313168
-1.625544033562061,-2.5065715705367166,0.29746205311781654,0.13949779614745886,-0.28483693774220137,1,17.389303758902763,0.9002487266047767,3.237969642494253,14.151334116408512,17.389303758902763
-0.10619409003975315,3.0982994340712575,-0.2581751380314344,0.5101243612500749,-0.6493648196138809,0,5.510586911069245,0.0018245046601762852,2.7934598895748524,5.510586911069245,8.304046800644098
0.29523257504060313,-0.23823367505561752,-0.41051848272973,1.8188985322003248,1.177184963184339,0,1.7714960115917204,0.47792923242139146,2.6715852138162157,1.7714960115917204,4.443081225407936
0.13674664739923068,-2.304211935943967,-0.3610092232525697,2.7030275644050836,-0.23066166663970813,0,8.409055985388795,0.22450761782370998,2.7111926213979443,8.409055985388795,11.120248606786738
1.1032175720536581,1.4419424019526008,0.21896391585597508,-0.8418216318681523,-2.4353123317828884,1,11.22142017130874,0.7617423194081187,3.1751711326847802,8.046249038623959,11.22142017130874
0.6841632086089545,-0.8147560028235481,0.17615045188769213,-1.2498203395893641,-0.2652375404702022,1,8.309691211690968,0.6945609362071486,3.1409203615101537,5.168770850180815,8.309691211690968
0.033719054901053244,0.26859358104429787,-1.1148221873524142,1.1969109487613523,-0.5968947847319713,1,3.672753134655077,0.34738617524750975,2.1081422501180684,1.5646108845370086,3.672753134655077
-1.6744694604532453,-0.1090234199634638,0.03437530902646009,0.16058943317175978,1.3621324036850793,0,3.5411649557472593,0.5724894599987512,3.0275002472211683,3.5411649557472593,6.568665202968427
-0.23644883673585937,-0.11961962436877134,-1.1031843812330935,0.820553502887897,0.18430906407810346,0,1.5869641527296223,0.36396467898020396,2.1174524950135254,1.5869641527296223,3.7044166477431477
-0.42002772729416255,-1.9046746934654637,1.4444121950550874,-1.2276799644560572,-0.5912780093697056,0,6.052677175688839,0.5384097912261302,4.15552975604407,6.052677175688839,10.208206931732908
0.35834451107600324,-1.1965579286166865,-1.4935097782531435,-2.123947582700665,0.7209969529056358,0,4.680463496015659,0.525875476608104,1.8051921773974853,4.680463496015659,6.485655673413144
-0.5451862447263219,2.92727009247333,-0.9943550656308734,-0.9214510234289213,-0.5653929702854015,0,1.8924455840795027,0.0007945348541283011,2.204515947495301,1.8924455840795027,4.096961531574804
0.2431346551384891,-0.47020333878531134,0.612332214002512,-0.9785883899886544,-1.381591718463581,1,6.501309968387136,0.7113890345077022,3.48986577120201,3.011444197185126,6.501309968387136
-1.7982147394091075,-2.2235741679371968,-0.5180690194750568,-0.3009803123932219,-0.6314370274831833,1,17.425672295101286,0.8602426760757552,2.5855447844199544,14.840127510681333,17.425672295101286
1.243405797187162,1.228030209608135,-0.3348029874445019,-1.793921113191963,-0.5667051080550528,1,9.03241844205805,0.7547602569310455,2.7321576100443985,6.300260832013652,9.03241844205805
-0.5998213939170615,-0.657134962278058,-0.6977189038982449,-0.6534628957248072,-0.38654161589775976,0,2.6499261605016162,0.4029236907661126,2.441824876881404,2.6499261605016162,5.09175103738302
-0.6355410988155566,0.20832250862559215,0.3603687159048611,-0.9106450871824898,1.2710653260070335,0,1.6317061278708747,0.46367800289998645,3.288294972723889,1.6317061278708747,4.920001100594764
-0.9800623018406142,-1.6178006138153371,0.3807780713650517,-0.8174081344143398,0.321291470757388,1,10.40809114818924,0.7583933083951452,3.3046224570920413,7.1034686910971985,10.40809114818924
-2.4036686011005304,1.3924559414830675,0.6722934080404022,-1.5004765491630017,-1.4787771238462857,0,4.670305966578438,0.08291697483882315,3.5378347264323216,4.670305966578438,8.208140693010758
1.6722659040975276,-0.7373799034979586,-0.8341848487326238,-2.2660520941492828,-0.35077820560155415,1,10.182087096092664,0.8176748090365886,2.332652121013901,7.849434975078763,10.182087096092664
-0.22771961483575284,0.7154930967694852,-1.3990784281844755,-1.5202867922406096,0.45096263477647686,0,-0.3432642093599752,0.24854220162922647,1.8807372574524195,-0.3432642093599752,1.5374730480924443
1.0067300712270648,-1.571152351117883,1.0815140862997412,0.03754184148682145,1.0918053390746456,1,11.45138043154422,0.6588177205721039,3.865211269039793,7.586169162504426,11.45138043154422
-0.07022036151761657,-2.5222779174879504,-0.15196738231603887,1.06014381867127,-0.8937460190837143,0,10.439174502047356,0.24219481469874227,2.878426094147169,10.439174502047356,13.317600596194525
-0.3879649689074522,-0.1761335035509783,-2.899513879868482,1.6713475754374763,-0.9013756798971745,1,3.1171384596641456,0.5461851214183594,0.6803888961052142,2.4367495635589314,3.1171384596641456
0.505735432472799,-0.08670113614820872,1.25761905635936,0.4060561224280809,-0.23492427152097461,1,8.101366862489522,0.7114650356119496,4.006095245087488,4.095271617402034,8.101366862489522
-0.8935150925192802,0.7978507013821389,-1.8734413039546167,0.6458904202758925,-1.0990447515548727,0,0.49662617901225026,0.23030532045587213,1.5012469568363065,0.49662617901225026,1.9978731358485566
1.25228366195664,0.1612995426626951,0.6441237678501087,0.08198881382471937,-1.7523770951409967,0,8.135346628413854,0.9165486320398307,3.515299014280087,8.135346628413854,11.650645642693942
-0.8607291633953384,0.6723893376113824,0.166655817359844,1.180989905305672,0.40327456303717174,0,0.7632612829722127,0.2476379944696012,3.1333246538878754,0.7632612829722127,3.896585936860088
-0.9667018907026598,-0.796064137720634,0.10291739052323721,-2.3140440660001054,1.6734418856229851,1,7.016009683193388,0.6409215852632562,3.08233391241859,3.933675770774798,7.016009683193388
0.44174673637755724,1.2270345970488723,-1.580603940809169,1.2445651603552557,2.2314989110277486,1,3.8959815781833997,0.3784097551847037,1.7355168473526648,2.1604647308307348,3.8959815781833997
-1.3208783553773176,0.7714017949037666,0.0011099446872931465,-1.5444338482482443,0.4928839718518698,0,0.12986609989153752,0.16838369906491854,3.0008879557498345,0.12986609989153752,3.130754055641372
0.8336032048373484,-0.6011265526688468,1.1659165202552229,-1.6667634067891977,-1.4947561464496442,0,5.759062473146681,0.7882095308513135,3.9327332162041784,5.759062473146681,9.69179568935086
0.13659739558875236,0.025385277972271716,-0.7165734884241052,0.8095944359718859,0.5308943142159493,0,1.0713599259150353,0.38018123128469233,2.4267412092607157,1.0713599259150353,3.4981011351757507
0.858139070934016,-0.1231364353522676,0.6025802679783409,-0.44565030302999453,2.0538186900865956,1,8.905153647926102,0.8332585631677756,3.4820642143826728,5.423089433543429,8.905153647926102
-0.8125457701219858,2.105297429458312,0.034887947089408566,-1.3755108895687427,1.368079350488601,0,0.6082094989620731,0.010861236550404385,3.027910357671527,0.6082094989620731,3.6361198566336
0.125901388394959,0.851124098380238,1.2238559185425932,0.33795555414502526,-0.5922408448128146,0,3.4265474480161604,0.4419955804856308,3.9790847348340748,3.4265474480161604,7.405632182850235
0.9757133776692501,0.000755507454595548,0.685857818608419,-2.1537305737914614,0.4469817170098519,1,9.154988528520658,0.8635143175474717,3.5486862548867353,5.606302273633923,9.154988528520658
-0.6385858251450302,1.6533096371785305,0.6230873478890951,0.23985774584929662,0.48630999335022157,0,2.4451179022577905,0.0715769238110336,3.498469878311276,2.4451179022577905,5.943587780569066
-0.9984408528767182,1.6232566905280539,1.9913704184169045,0.3929135105482163,1.5904035685736386,0,2.6276366856581266,0.019646712224464163,4.593096334733524,2.6276366856581266,7.22073302039165
-0.5691481986725339,-0.7971135662249808,0.04092474872892285,0.43494103836789866,-0.3939866812431204,0,3.6192289798769974,0.5738034546285967,3.032739798983138,3.6192289798769974,6.651968778860136
0.5377681903684838,0.30638948207341404,-0.9983067752910549,0.5187930174517212,0.8635282425215212,1,5.3384905015618855,0.48059576295134243,2.201354579767156,3.13713592179473,5.3384905015618855
0.17146931759039094,1.1526481032616924,-1.217403793496952,0.46795042213185173,-1.1702807063967748,0,2.1214534000141763,0.2104132339020523,2.0260769652024386,2.1214534000141763,4.147530365216615
-1.1140813582330875,-0.63093083373779,-0.9420601835742449,-0.5479958187411378,-0.21415031071118876,1,5.389439933901691,0.4675207466038149,2.246351853140604,3.1430880807610873,5.389439933901691
0.8371544863313845,-0.32115903870570245,-1.5856257067695927,1.1400678464951604,-0.8370901336150396,1,6.466970239283455,0.7312878477535576,1.7314994345843258,4.735470804699129,6.466970239283455
-0.05872042710462872,0.4465365069407115,0.1996104184027828,1.0941795475214755,0.4790031433927589,1,5.369686538153059,0.4556006615292895,3.1596883347222264,2.2099982034308323,5.369686538153059
-0.861309579697108,2.178562173991662,0.19433346333823323,-0.14734022662150623,0.9639254230555709,0,2.6963101878225815,0.009855418234444467,3.1554667706705866,2.6963101878225815,5.8517769584931685
0.24945094593007222,0.3992281929393271,2.492183998600687,-0.27512142825504665,-0.3177608940173958,1,7.567579824022591,0.35873709595064396,4.993747198880549,2.573832625142042,7.567579824022591
0.1165785120124638,1.0715159355810386,-1.506534030190399,-1.9655558914765052,-0.5871152706201476,1,2.99236777280567,0.27060175900828787,1.7947727758476806,1.1975949969579895,2.99236777280567
-1.6339229590592872,-0.42483134752563845,0.5024996961292902,-0.8907488635522636,-1.4268265767813424,1,8.069802869310909,0.7690253658891688,3.4019997569034324,4.667803112407476,8.069802869310909
0.06933716171534797,0.8625434846151703,-1.6949734385166126,0.8202323983059842,0.8173062037383262,0,1.534440619672589,0.36172263433554297,1.6440212491867099,1.534440619672589,3.1784618688592987
0.954085102156628,1.2184802148716865,2.202013924659616,-0.3560920486190552,0.10957158007785811,1,12.353906464566768,0.5338272122208342,4.761611139727693,7.592295324839075,12.353906464566768
-0.41643843324802554,0.0019768447558107757,1.5328733556363119,-1.3450144839306688,-0.8610496721655755,0,2.0480326253645647,0.4494878385756819,4.226298684509049,2.0480326253645647,6.274331309873614
1.3771809365045613,1.0200365069020898,-0.363131646817078,0.8544020011207198,0.34121584249203324,1,10.106409523661348,0.8329583989820624,2.7094946825463375,7.396914841115011,10.106409523661348
1.500274609000988,0.07450959382677262,1.0256321138725824,2.64201191049262,0.5980991550474662,0,8.11039207244908,0.9473010725509546,3.8205056910980657,8.11039207244908,11.930897763547147
0.04932816579484362,0.7224469852209794,-0.3652808582038849,2.387967705524732,0.18007103769598148,0,1.0402423693275578,0.27348986721285945,2.7077753134368923,1.0402423693275578,3.7480176827644502
-0.27293332022551287,-0.8356890050200362,1.0972201916064384,0.8671874128277388,-0.4973543714140932,1,7.674609837616173,0.6654500097699388,3.8777761532851507,3.7968336843310224,7.674609837616173
0.5764513451224227,-1.5085559682128564,0.18497057507315626,0.4527563520766945,1.7073298095592229,0,5.709539091299954,0.5573357468822996,3.147976460058525,5.709539091299954,8.857515551358478
-0.7708188027286894,-1.2783526288023244,-0.8954279609250417,-1.33656850031492,1.336657357758983,0,5.752124729588237,0.47452140620009936,2.283657631259967,5.752124729588237,8.035782360848204
1.5486392950240366,0.3202165779488289,1.221294945685148,0.13395838058023532,-0.09511164770076601,1,11.2846880492812,0.9496985457116766,3.9770359565481184,7.307652092733083,11.2846880492812
-0.33303761905376167,-0.3103909913775655,-1.5478015563090313,0.26425476360733907,-0.040333910214043756,1,4.5603133497227795,0.49537533576091297,1.761758754952775,2.7985545947700046,4.5603133497227795
0.7453607240778758,0.0935234964386097,-0.16270370156909178,-0.8711930300076307,0.07215323682176132,0,4.3075334040735695,0.6618247063940073,2.8698370387447265,4.3075334040735695,7.177370442818296
0.738237230816162,-1.1433389910838607,0.08747375368073924,0.23304295152948393,-0.7180647836182643,1,8.047264306988692,0.6317649014879965,3.0699790029445913,4.977285304044101,8.047264306988692
-0.5878563049080002,0.23061084876621443,-1.133421018292623,0.34992371524939253,-0.8953543736592,0,1.0808059067035334,0.26649811739364326,2.0932631853659016,1.0808059067035334,3.174069092069435
1.0628536930332164,2.3378277453883,-0.8607568017018197,0.5342078623746747,-0.7267419048820193,0,7.506332265057754,0.26354575414003073,2.3113945586385443,7.506332265057754,9.817726823696297
1.0409541737977894,-1.265258409085215,0.48058675842771265,-0.8729889668893527,-0.20698458909836875,0,6.430609575294106,0.7433254159934763,3.38446940674217,6.430609575294106,9.815078982036276
-1.031025275147307,0.8223504708957536,-0.836980354439587,0.5519642593318276,-0.34409802826233293,0,0.23280596804276965,0.09556161920420413,2.3304157164483303,0.23280596804276965,2.5632216844910998
-0.11447237179886294,0.14775590740012853,-0.7618246716588487,0.2103671135408869,1.530334564354411,0,1.4075460038153091,0.311399364813844,2.390540262672921,1.4075460038153091,3.7980862664882302
-0.7780947858327143,1.1718101432738448,1.4980976334877842,-0.816154989028044,-1.455054605090552,1,5.181649367976151,0.10684166074356234,4.198478106790228,0.9831712611859229,5.181649367976151
0.3019609001717647,-0.547407522766873,1.8686032191630024,0.0348075404998322,-0.8021994080351792,0,2.132829439697126,0.5108543663860787,4.4948825753304025,2.132829439697126,6.627712015027528
-1.1471595110117114,1.0899049590908303,-0.5711839740841865,0.04382879946042826,0.9558027451124809,0,0.3540358508826958,0.05679590288527225,2.5430528207326506,0.3540358508826958,2.8970886716153466
-0.4842583519308302,-0.04592882874016064,-0.016568409822520076,0.6833245115160919,0.5907443355103258,1,5.123507512816365,0.4383774884301172,2.986745272141984,2.136762240674382,5.123507512816365
-0.22011373125482853,0.06364906149651771,-0.3717790115234884,-1.4776124069194447,0.2576008573981294,0,2.028224581081931,0.35260011353680365,2.702576790781209,2.028224581081931,4.73080137186314
1.8921917608330678,-0.8837191406910628,-0.773029709602703,-0.8707277716437414,0.7245917787231225,0,9.656791410684749,0.8521372625399068,2.3815762323178378,9.656791410684749,12.038367643002587
0.4484854541964401,-0.1585376924164567,-0.918019061638965,0.0923767916399243,-1.5646221273358043,0,2.6615683393074994,0.4789220292576567,2.265584750688828,2.6615683393074994,4.927153089996327
0.14342656685749322,0.8715243860879341,-1.2511991366336779,-1.5325182768296637,1.5794378916948595,0,2.268804551855453,0.2744542991633801,1.9990406906930576,2.268804551855453,4.2678452425485105
-0.6117596395045849,1.135947845943822,-0.1539976651978317,-0.16195481694132746,0.43841269949664524,0,0.8847040212189898,0.10262974243807366,2.876801867841735,0.8847040212189898,3.7615058890607247
-0.8839988567464406,0.13249714349564554,-0.38148941482409277,-1.3204934434050315,0.3374820747263991,0,0.39907818737209405,0.28912690124374885,2.694808468140726,0.39907818737209405,3.09388665551282
-0.26330780687791616,-0.1570248284447078,-1.2101609434141578,1.5914003677628041,0.8767141863861161,1,3.2468543843747035,0.38724913992221166,2.0318712452686736,1.21498313910603,3.2468543843747035
0.9641558841719786,-0.305444702441682,-1.7291828895034203,1.9529173824895107,-0.061097508005868134,1,5.712760892341935,0.7962184393574105,1.6166536883972638,4.096107203944671,5.712760892341935
-0.7487997960200538,0.4168015744831139,1.1671207880032974,-0.023050556085466193,1.2785751679393744,0,3.132803146855915,0.39573803302795574,3.933696630402638,3.132803146855915,7.066499777258553
1.0829999385168685,-1.0763811874020583,-0.6737901056594764,0.9575371632797675,-2.712612563810438,0,6.5217683904964305,0.5582630380611537,2.460967915472419,6.5217683904964305,8.98273630596885
-0.14945569316498877,-1.4308312016246718,-0.47655380143352466,-0.29882008902920415,-0.35824437790750796,0,4.791600593976825,0.39933231073585074,2.6187569588531803,4.791600593976825,7.410357552830005
-0.5522612521126086,-1.097143649628814,2.291911266818686,1.8674620041613508,-1.162065820256283,1,6.636377920125009,0.4296137236760684,4.833529013454949,1.8028489066700595,6.636377920125009
1.5821167513035672,-0.3994654904728529,0.12918747333171046,-0.06327395989691587,-0.6597486412539658,1,11.094610028985224,0.917131470895306,3.1033499786653684,7.991260050319855,11.094610028985224
0.9838523436061467,0.1258865305766578,-0.4765514232192414,-1.3045894438004726,-0.8935950137191204,0,3.5708011511674984,0.6871355308307153,2.618758861424607,3.5708011511674984,6.189560012592105
-1.6413801156020968,0.012223548415169466,-1.1966655922843958,-0.26556051251854124,1.3701018536103708,0,1.7740501316151835,0.4023465020910303,2.042667526172483,1.7740501316151835,3.8167176577876667
1.1992995729215856,-0.03227689410261781,-0.08708472614314992,1.879874549421008,0.5207561203587112,1,8.22213613617226,0.8272809271828103,2.93033221908548,5.2918039170867806,8.22213613617226
-0.3278064598765229,-1.426018117120452,0.39387321816474324,0.8293237725828624,-0.6316515245136439,0,5.478353255819321,0.6424842585877859,3.3150985745317945,5.478353255819321,8.793451830351115
0.2912027551380325,-0.3635732949150291,-0.18403239919900272,-2.4878220575623313,-0.2217814037161355,1,5.31390245004882,0.5375873779651218,2.8527740806407977,2.4611283694080224,5.31390245004882
0.9693693024080543,-0.6314025555665582,0.05252636821531626,-0.7559507066919204,0.3604416762927729,1,8.419659236845972,0.7501064144668496,3.0420210945722532,5.377638142273718,8.419659236845972
-0.2165231975361736,-0.9392415406820068,1.3325514676651278,0.9289320135322151,-0.6049067639281748,0,4.121525465274944,0.6173824106855467,4.066041174132103,4.121525465274944,8.187566639407047
0.4977883094177774,0.5374120028203807,0.642301235011176,-1.6942558959950778,1.006606541032628,0,3.856546371108479,0.6999401244413959,3.513840988008941,3.856546371108479,7.370387359117419
-0.5696989629257314,-0.3578279334412669,2.6378817522602,0.3018733807210118,-0.3863224754471755,1,6.608301286295015,0.3788159329723818,5.11030540180816,1.4979958844868548,6.608301286295015
-2.205294372755906,1.3897641339463556,-1.3452096708086025,-1.0034389034995035,-0.3313522990878492,0,0.694178862947017,0.03402605052577753,1.923832263353118,0.694178862947017,2.618011126300135
1.4164117917002925,0.7732399866657592,-0.15783750984025996,0.308292063638821,-0.6003856928711058,1,10.616264422347815,0.8822093024965626,2.873729992127792,7.742534430220023,10.616264422347815
0.13965368956535082,0.07333674477813668,0.9687698956813533,0.9671781224389495,0.4939773822056448,1,6.627531820200984,0.6553387893038457,3.7750159165450827,2.8525159036559007,6.627531820200984
-0.36234755754610226,0.7418222943901266,-0.0919684662030466,-1.081914368713133,-0.40328779191093866,0,1.0596867292227259,0.23373450676623156,2.9264252270375626,1.0596867292227259,3.9861119562602885
0.08452698378432454,0.9102157836647453,-0.18352817215715306,-1.209198711239606,0.05674168329681941,0,1.9671921264682397,0.27531966860039836,2.8531774622742776,1.9671921264682397,4.820369588742517
0.11345604005655238,0.18583762890275304,0.9198715159544302,1.0189232400898984,-0.5942108723816666,1,6.271081623146243,0.6376257529410229,3.735897212763544,2.535184410382698,6.271081623146243
-0.6161434580489434,-1.0401987109554731,0.6988156702804763,1.4488201083377155,-0.3150819279089234,1,8.68206298567977,0.7166450387596511,3.5590525362243812,5.123010449455389,8.68206298567977
-0.2414305647249931,1.466782556898976,0.5055578532150077,0.43623570480105506,-1.1909165059737268,0,3.860067947112571,0.161910182530553,3.4044462825720063,3.860067947112571,7.264514229684577
0.678728069279419,-0.9291363405097582,-1.1340201859349581,-0.34677157676671216,-0.5857927234486902,1,6.753685856158883,0.5210056166583622,2.0927838512520336,4.66090200490685,6.753685856158883
-0.22159969438503932,-1.4409816345249187,0.9588163064676725,1.127686294516429,-1.9473424741408143,0,5.308369235488761,0.661298844555417,3.767053045174138,5.308369235488761,9.075422280662899
0.9784578056665502,-0.8105286298216263,0.8569755369827861,-0.06844649266641564,0.028775564080998586,1,10.039005542106345,0.8210834804329222,3.6855804295862287,6.353425112520116,10.039005542106345
-0.1850976494212187,1.2121292042334861,-1.2395880125250283,0.6078403387350085,1.1013301648895504,0,0.1815805709935518,0.1221746531199435,2.0083295899799776,0.1815805709935518,2.1899101609735294
0.7163400805404107,2.3246989143234176,-0.5289467627246989,0.9573048225935312,-0.10609063534142033,1,8.937014957481988,0.1106648899267611,2.5768425898202407,6.360172367661748,8.937014957481988
1.2334060763526695,-0.007688995721369474,-0.38787578186246957,1.306072203871629,-0.49156193901893,1,7.9776360551205485,0.7900405142076151,2.6896993745100244,5.287936680610525,7.9776360551205485
-1.4127257589005562,-0.5168468831738285,0.6190329465885325,1.3920387515870913,0.11112937529651211,0,3.638787836099884,0.7593608776165601,3.495226357270826,3.638787836099884,7.13401419337071
1.3181970672340253,-1.3581749214775936,-0.4432634648179029,-0.28857511715410117,-0.11455942747251965,0,7.5369539875447265,0.5701003359151442,2.6453892281456777,7.5369539875447265,10.182343215690404
0.08409438825019651,0.6909109573921928,-0.44480683817049027,0.1390286869531256,-0.04512289032405165,0,1.0182060895978184,0.27685732941111874,2.6441545294636075,1.0182060895978184,3.6623606190614257
-0.9258899038911499,-0.11366668908143539,-0.14365952989711814,-0.1650805650030461,0.03175945658145075,1,5.493461112717565,0.41449756670952675,2.8850723760823054,2.60838873663526,5.493461112717565
0.07567354061338613,-0.43229517910733023,1.2727147339712648,-1.1694806292030167,-0.7209701084698963,0,2.580273947655583,0.6369177695210066,4.018171787177012,2.580273947655583,6.598445734832595
2.779963624223556,-1.03799135498923,-1.3537546747097586,0.7344767450012178,-2.077119853773874,1,17.09267119046024,0.982148273823454,1.916996260232193,15.175674930228046,17.09267119046024
-0.2352739099724389,2.1458249250764885,-1.5449359221534005,-1.9819644857387133,-1.4991812019576982,0,1.4120075973975486,0.024740034473986358,1.7640512622772795,1.4120075973975486,3.176058859674828
0.8983595683469856,1.1247767199858125,-0.5125887969785088,0.6832124040010689,1.3902553275119895,1,7.335629784123201,0.5338808610387062,2.589928962417193,4.7457008217060075,7.335629784123201
1.7873464144298254,-0.24633528117984818,-2.301471717669987,-0.8208789224096867,-0.4268041949352576,1,10.37847437991934,0.9688989584918725,1.1588226258640104,9.219651754055329,10.37847437991934
-0.2589387965783906,-0.1878594010087195,1.1188945979306693,1.2744284266875814,-0.17167365392478334,1,5.9454140584227595,0.6059775271046551,3.8951156783445353,2.0502983800782237,5.9454140584227595
1.0984848760518187,0.3576613666310894,0.06450597286257172,0.9065441571099638,0.07225204823791581,1,8.321826241572301,0.8275795792640227,3.0516047782900575,5.270221463282244,8.321826241572301
2.0578111770977623,-1.4384111667945592,-0.5151708990920177,-0.1265188969539503,0.43945269045799057,1,13.337757057100369,0.7707424881309881,2.5878632807263857,10.749893776373982,13.337757057100369
1.267960487103089,-0.02439856723615665,-1.4222296495062072,0.8425138964550043,0.7549587661419644,0,6.036757459958121,0.8368954284057111,1.8622162803950342,6.036757459958121,7.8989737403531555
-1.941858659379406,-0.0038041336707993834,-1.590141830680298,-0.6646510975020625,-0.9028089269627998,1,5.2857544190572865,0.5896641257626435,1.7278865354557615,3.5578678836015247,5.2857544190572865
0.8092646982419858,0.11683017417218379,-1.2855910007560276,0.8800659629573423,-1.4338058239284144,1,5.08471022662967,0.6550934869895366,1.971527199395178,3.113183027234492,5.08471022662967
0.33011379047094364,-0.8140106692915557,-0.3656770825305199,0.504270748038384,0.521449399059529,1,6.581606450127907,0.4882800153257614,2.707458333975584,3.8741481161523237,6.581606450127907
1.3369690735559603,-0.08225369967145317,0.3064508629633407,-0.4377373224043246,0.18198988262279764,1,10.1402469011786,0.9070495874933189,3.2451606903706725,6.895086210807928,10.1402469011786
0.4394860480085117,-0.09830984745437601,-1.8037504840924963,0.3314708963308953,0.364561477355457,0,4.946207929229254,0.677559650533477,1.5569996127260028,4.946207929229254,6.503207541955256
-0.6801734763479509,-1.2843870360725143,1.4758791505039655,0.491445510894402,-0.2290810309217097,0,4.437231855371263,0.6277773405987254,4.180703320403173,4.437231855371263,8.617935175774436
-1.1370328831474874,-0.8218148284213459,1.3025903967862316,0.1376619408680461,-0.5505870670007066,0,5.306703663510149,0.715137258523,4.042072317428985,5.306703663510149,9.348775980939134
0.5096892312246561,-0.8143981874463238,1.5008430302803784,1.3528005348967251,-0.4665740712027766,0,2.8793769276864705,0.6350843219971839,4.200674424224303,2.8793769276864705,7.0800513519107735
-0.6286702470308604,-2.61813319869228,-1.481580771551368,-1.3394697749577562,0.1351903409873859,1,14.575696637951578,0.39397745708804083,1.8147353827589054,12.760961255192672,14.575696637951578
-0.3262337044413596,-1.3453354874152414,-0.2811640424645573,0.5053371476473485,0.5278393499155871,1,7.273307880264072,0.46575092111827165,2.775068766028354,4.498239114235718,7.273307880264072
-1.8996702808588812,-0.12826348048383082,-1.3833407769716104,0.9017286971402739,0.7841464163534985,1,6.389211219157083,0.5758748499266672,1.8933273784227116,4.495883840734372,6.389211219157083
-0.8980272263244584,-0.7660452024003999,-0.46126705049830724,-2.252793394731339,0.3359681734405766,0,3.9996170140464042,0.4782566565434702,2.630986359601354,3.9996170140464042,6.630603373647759
-0.2728445463401307,0.9701750825678591,-1.0984092179625526,-0.6191229482499316,-1.5065252580391153,0,-0.139795477400047,0.14049700065686674,2.121272625629958,-0.139795477400047,1.981477148229911
-1.0042905634942532,-1.181981996068219,0.9959736788464457,-0.6982618487513923,0.12417568474461345,1,9.087900019791814,0.7737717851696317,3.7967789430771566,5.291121076714658,9.087900019791814
-0.3807634038618044,-1.269465266012813,-0.1683004231716427,0.5991033318635947,-1.2077593925433523,1,7.138945731939506,0.5062821132852633,2.8653596614626857,4.27358607047682,7.138945731939506
0.8091127907313788,-0.8497209214776963,-0.48298392607284074,0.5306831230100478,-0.663436157219488,0,3.7987065117526795,0.5549818764872524,2.6136128591417274,3.7987065117526795,6.412319370894407
0.03757485933586561,-0.31469082878809246,0.1293680067038185,-2.380739105523497,-1.829681815208083,0,2.9813410448666247,0.5805925586919055,3.1034944053630547,2.9813410448666247,6.084835450229679
0.6159670060468382,1.0371814056490503,-0.9104867035315213,-0.24402835217113436,0.29471925290230155,0,3.082438901811518,0.37654520368541844,2.271610637174783,3.082438901811518,5.354049538986301
0.6932176016587042,-2.0276772716708487,-0.8860402469783771,-0.33257937984987496,0.7031401972360493,0,8.274724992387991,0.23059478582111737,2.291167802417298,8.274724992387991,10.56589279480529
2.498430483721495,-0.22800572680971787,-1.4069774621039888,0.40226807720129804,1.32099578954071,1,14.472890716481084,0.9904723769389132,1.874418030316809,12.598472686164275,14.472890716481084
0.10801412097950092,-0.9066485451542928,0.957993941480019,0.663545618498435,-1.0260808441956244,0,5.015921124527617,0.690719273240511,3.7663951531840154,5.015921124527617,8.782316277711633
0.38142561753434195,0.9972655676588726,1.1818900425588936,-0.06644897530945597,-0.35807944617931886,0,4.440160827460858,0.5172456318076166,3.945512034047115,4.440160827460858,8.385672861507972
1.2272738220812627,-1.210160502980885,0.4385792909210054,-1.3700266273644293,1.0653762722596027,1,10.53579740657262,0.7853190169265051,3.350863432736804,7.184933973835815,10.53579740657262
-0.2580455156111615,1.2685832356474693,0.491412756355527,-1.22322023006193,1.4246277320772434,0,1.8087386812160975,0.21283514936641898,3.3931302050844216,1.8087386812160975,5.201868886300519
1.5512452664277294,0.8822864925992157,-0.7615878650362199,-0.30601395435740886,0.1454272174057594,1,9.872115981088664,0.8767669110928556,2.390729707971024,7.481386273117639,9.872115981088664
-0.7037103993314333,1.6923465724632047,0.14432647172603683,-2.703348047107357,0.33935581275622034,0,1.46694692213317,0.0415175313541883,3.1154611773808294,1.46694692213317,4.582408099514
-0.34815739681731317,-0.07492655611844788,-0.3686193657856996,0.8070464166066873,1.1196877785533812,1,4.336818475395824,0.3634789347552255,2.7051045073714404,1.6317139680243835,4.336818475395824
0.28305316225865373,-0.33931118713815905,-0.041337204809170254,0.019599616577628293,-0.8024300398648369,0,3.375580135375676,0.5762157379830914,2.9669302361526637,3.375580135375676,6.3425103715283395
0.5789286485712348,0.4600423238604662,1.5404412397766734,1.255349780288475,-0.6856749175901302,0,4.070594341659658,0.620783956680592,4.2323529918213385,4.070594341659658,8.302947333480997
0.8202983745089647,-0.9509533830944716,0.6959321009408497,-0.5166141987601078,-1.0232532233755844,1,8.696764681326115,0.7765902328166124,3.55674568075268,5.140019000573435,8.696764681326115
0.28004534269740444,-2.6745671281541408,-1.750975574405228,-0.17749188377428318,0.08244176663484246,0,13.837521962407822,0.21314543749209622,1.5992195404758176,13.837521962407822,15.436741502883638
-0.36931877015818887,-1.5794362987175987,-0.8178918421385055,0.3912093272373939,0.5817817706283626,0,6.230842551231136,0.38512399612302634,2.3456865262891955,6.230842551231136,8.576529077520332
-0.01622311759594124,1.1568337810369889,0.3973970234592343,-0.7474556539582122,-0.2805020534116174,0,3.1196155831402113,0.304246220410763,3.3179176187673876,3.1196155831402113,6.437533201907598
-1.4028661572078547,-0.10813899039141675,1.1121006192213385,0.6852900847109679,1.402009325919122,1,7.3280698954719075,0.623524221319133,3.8896804953770707,3.4383894000948363,7.3280698954719075
-0.3028852437989931,1.3460997945142577,-0.19330422644796988,1.471585082569894,-0.02185674744212368,0,0.3145064157347892,0.09617020683980172,2.845356618841624,0.3145064157347892,3.1598630345764134
0.7072313738042767,1.4751123643098556,-0.1934276285812056,0.21838898754417418,1.2888634252063023,1,7.160009132146508,0.39277283439608107,2.8452578971350357,4.314751235011472,7.160009132146508
-0.1330031639300636,-1.320892282506161,2.14300705458491,-0.4697644643371368,0.15875605093754283,0,1.5811707447303458,0.3950270737973908,4.714405643667928,1.5811707447303458,6.295576388398274
1.156006669451127,-0.6084939037312018,-1.0078679132221302,0.25373729677483314,-1.7930763979123896,1,8.256069999335905,0.6848159417024974,2.193705669422296,6.062364329913609,8.256069999335905
-0.28790607686792025,0.2450386643154059,-0.26995189682516413,-1.543450943185747,1.5941779562040121,1,4.193164127184604,0.3278916262305424,2.7840384825398687,1.4091256446447353,4.193164127184604
0.10353815394917538,1.431152117761741,-0.26003625018044474,-0.8800119816907639,0.2691809202551599,0,2.555170375115136,0.14378284798376134,2.791970999855644,2.555170375115136,5.34714137497078
-0.21578712632821961,-1.177761457991358,1.4697842587874956,-0.622270222893996,-1.8402663847955685,1,8.064383254440928,0.5746268411200987,4.175827407029996,3.8885558474109323,8.064383254440928
1.3281660539573328,-0.5042980158126232,-0.6078238926156243,-1.765387587029974,1.7409414865969908,1,7.0502128185662505,0.7528715949368746,2.5137408859075006,4.53647193265875,7.0502128185662505
-1.2894805872096875,0.05844948070564989,0.9126203225404405,0.421716933003097,-0.0596543119921916,1,6.371530445013374,0.5723101439574172,3.7300962580323525,2.641434186981021,6.371530445013374
-1.7016658582874162,-0.8097248357672839,0.18780033804252202,-0.7871740699869963,0.20335945999876773,1,9.341172028025031,0.8167810904650309,3.1502402704340176,6.190931757591014,9.341172028025031
0.6817434088151417,0.9625028858001017,-1.2261793578126834,2.196646054978954,0.7674793445541306,0,2.8700441791917912,0.47688489014912466,2.0190565137498533,2.8700441791917912,4.8891006929416445
-0.0017141536690639572,1.0895365830766406,2.3654077719999735,-1.4387201010568695,-0.2252626424913536,0,2.5538789583235406,0.15044267890102944,4.892326217599979,2.5538789583235406,7.446205175923519
-2.3784316598733284,0.19265153264802468,0.36539424192514075,-0.03916211544275943,-0.6545335709983099,1,9.15171834824453,0.7057880856810287,3.292315393540113,5.859402954704418,9.15171834824453
-2.0495145161883253,0.3735336834117687,1.455434483915325,-0.591018455733432,0.440059929023145,0,3.8064190578610795,0.4457215986580956,4.16434758713226,3.8064190578610795,7.97076664499334
-1.5681443134200506,0.45721306369251385,-0.39338229774465705,-0.7624179506029144,-0.7603636412161305,1,3.9426179072306153,0.2125455589534598,2.6852941618042743,1.2573237454263408,3.9426179072306153
-0.39361158203300994,0.3824333156925354,-1.3121632011955178,-0.39711533156785284,-0.04147177799914767,0,0.5903658235404505,0.2834401122283786,1.9502694390435857,0.5903658235404505,2.5406352625840363
-1.0990392245318592,1.796665201675017,-0.8534954800613416,-0.6694369136334904,-0.9783079498224979,0,-0.29020820994327245,0.009745493592814762,2.317203615950927,-0.29020820994327245,2.0269954060076545
1.7984800871381175,0.5529052285994815,-0.9365920062436421,1.1062315588599687,0.2006986942888783,1,10.373196961508697,0.9385042896045704,2.250726395005086,8.12247056650361,10.373196961508697
0.2572534211115017,-0.3444772087524527,-0.7494159869569733,0.33776609905460137,-0.5450872299955903,0,1.9538170136493922,0.43478201907988107,2.4004672104344214,1.9538170136493922,4.3542842240838135
1.8167556295751046,-1.2692911052431042,1.5361567728549452,-0.11131884879780068,0.2990857340211059,1,12.160783023258903,0.8386448799556153,4.228925418283956,7.9318576049749465,12.160783023258903
0.8331577666294346,-0.6302492950044363,0.8642483846986365,-2.7075438553811773,-0.7199895332219391,1,8.486393230964156,0.811204032170702,3.691398707758909,4.794994523205247,8.486393230964156
-0.9240628073410654,-1.2535060123717616,-0.21495483807895113,0.3857499681816948,0.7026599984993058,1,8.891566718234373,0.5919513507297832,2.828036129536839,6.0635305886975335,8.891566718234373
0.2408767572004076,-0.6656934648935469,0.36901643782516713,0.12428569485085071,0.9360561679360162,1,7.448093773705038,0.6759726051348726,3.2952131502601336,4.152880623444904,7.448093773705038
0.7769367029315166,0.03047641392062887,-0.8972530061612568,-0.6529501558320808,-0.5497893596380333,1,5.602804102835254,0.583275275997018,2.2821975950709943,3.3206065077642593,5.602804102835254
-0.31526633391625575,0.2680504275897533,0.7151743901280584,-0.05111869301537766,0.016124787900472438,0,2.1328029243671107,0.5356518117077143,3.5721395121024466,2.1328029243671107,5.704942436469557
0.14330630500000371,-0.51590531313234,-0.9253922576429561,-1.7554378973107099,-0.6951493580768724,1,5.087476110284193,0.4254609991105493,2.259686193885635,2.8277899163985585,5.087476110284193
0.47314545326778695,-0.7029114380395675,-0.2378070374259397,0.46643128741231693,0.5206894964226687,1,6.3639633183295725,0.5515725620086286,2.809754370059248,3.554208948270325,6.3639633183295725
-1.079532852166039,0.9970593564536414,1.1273500893554853,-1.1298498572185598,-0.8238368696411541,0,1.8850486489062432,0.17290162786051239,3.9018800714843884,1.8850486489062432,5.786928720390632
1.1910906831461916,-0.14685352125530088,-2.219777947451851,-1.3996815047326863,-0.24936962517248124,1,8.479022498691176,0.8999863118141913,1.2241776420385193,7.254844856652657,8.479022498691176
-1.1630426502846019,-0.41342377063644137,0.03239621368357873,1.4622546040347288,-0.29045391622778904,0,3.266703903586049,0.5746907347120642,3.025916970946863,3.266703903586049,6.292620874532911
1.0725417995727589,1.4287601620367705,1.434309669352076,0.28475459338556824,-1.9632891478389742,0,7.818135042973649,0.7298475137377127,4.147447735481661,7.818135042973649,11.96558277845531
0.4608248654038653,1.048399887813541,-0.08106710543541713,1.7445838700752485,0.8598335614674577,1,5.154200534483065,0.4127709881862504,2.935146315651666,2.2190542188313986,5.154200534483065
0.5682733771527843,1.086380711205838,0.3333698512608781,-2.4928104993953535,-0.49913895147036563,1,7.6626734524625935,0.5733121348204454,3.2666958810087023,4.395977571453891,7.6626734524625935
1.1971680272478535,-0.807591340098296,-0.22347250523693915,-1.0448363139030712,1.783922595201769,0,5.202107228548026,0.7235040551747512,2.8212219958104487,5.202107228548026,8.023329224358474
1.6814924574180155,-0.8838688951407293,0.147298000389084,-0.6804940477640476,0.6149446390313781,1,11.848721077920622,0.8919284883804851,3.117838400311267,8.730882677609355,11.848721077920622
0.509683077242329,0.8117055716132655,0.3319184477078873,2.935406206388468,-1.027923765010739,1,7.146680211300566,0.6097710758568066,3.26553475816631,3.881145453134256,7.146680211300566
-1.7106033544365142,-0.3930902007014615,-1.5679882655602675,-1.4924622700059929,-1.001314654197967,0,4.6365369487429255,0.676114137772057,1.745609387551786,4.6365369487429255,6.382146336294712
-0.9221889054316275,-0.9546181019500601,0.5182189504454116,-0.5061890610853361,-0.17951457487248015,1,8.041070680769618,0.7365884575864661,3.4145751603563292,4.62649552041329,8.041070680769618
0.8942327745009349,-0.7663225247814263,-0.26454589870472217,0.36575998609291555,-1.9415678006202213,0,5.877703624585908,0.6358893018736044,2.788363281036222,5.877703624585908,8.666066905622131
-2.3849055089505824,0.3461173287977227,0.49201428056689855,2.0642201348524107,0.15809487586680993,1,9.762561040999755,0.6461581542128102,3.393611424453519,6.368949616546235,9.762561040999755
0.8197397172580948,-0.19547264358597383,0.29722722158508635,1.667256841749534,-2.1239928181256356,0,4.406701430093956,0.7887898921118821,3.237781777268069,4.406701430093956,7.6444832073620255
0.4136162575716805,2.135586730077366,0.2820342192093425,1.6505729632328479,-0.6292121495294424,0,6.220430529424143,0.1480326372338736,3.2256273753674742,6.220430529424143,9.446057904791617
-0.03204749416371351,0.03352470238858753,-2.2175910793587708,-1.1681778278502002,-1.096875079383986,1,4.046685873706855,0.629635455388009,1.2259271365129834,2.8207587371938723,4.046685873706855
0.8220660780325274,0.872153105684055,0.3240364427065333,0.8241028968557058,-0.16414941272177394,1,8.53278277647286,0.7373160088700724,3.2592291541652267,5.273553622307634,8.53278277647286
1.2019316695395432,0.00878844263207182,0.05786404742675647,-0.2655926332624114,0.6844504776364279,1,8.727184213621655,0.852612172458004,3.0462912379414053,5.680892975680249,8.727184213621655
-0.4211988166129132,0.9764313771980682,-1.1321491407160067,-1.0989162547281939,0.6874267551265042,0,-0.7153955416625072,0.12295083730461502,2.0942806874271946,-0.7153955416625072,1.3788851457646873
-0.0885442145830127,-0.45389141615312834,0.8900577324754597,-0.6072614140860845,-0.20020125430036984,1,6.565671956121076,0.6765690228757664,3.712046185980368,2.853625770140708,6.565671956121076
1.3992279500711593,1.5391423458106503,1.5723982102703271,-0.2821257769339113,1.2307029049844702,1,15.329692061843389,0.8497750911203051,4.257918568216262,11.071773493627127,15.329692061843389
-0.9489528277686782,-0.906902874722061,-2.350455852624361,1.67286820189853,-0.8639798490760783,1,7.051851230973762,0.7518740201237575,1.119635317900511,5.932215913073251,7.051851230973762
-0.12653257974705998,-0.9103243419282839,0.6951652483301405,-0.37563366071734017,-1.3048168904329494,1,6.626375446990901,0.6883429320997588,3.5561321986641126,3.070243248326788,6.626375446990901
0.44166256418606065,-1.4337300248102285,-0.8374057253154913,-2.106889114626081,-1.4239581121976068,0,5.494568489018988,0.3655984916681264,2.330075419747607,5.494568489018988,7.824643908766594
0.17852916972047786,-1.9645360381029247,-1.4811457246217157,-0.0023689161328080566,-0.5436068960930526,1,10.906506324406873,0.36382665419689314,1.8150834203026274,9.091422904104245,10.906506324406873
1.992036635959309,1.8338965460243755,-0.8679224627511536,0.5571376184034819,0.7492825568794513,1,15.861178892753571,0.9567899964314247,2.305662029799077,13.555516862954494,15.861178892753571
-0.5974788580244034,-1.4955415364982039,-0.012298449308057612,-0.17284567481411092,-0.4357644969706192,1,9.363936200050167,0.5778383832160207,2.990161240553554,6.373774959496614,9.363936200050167
0.44231686816448523,-0.7507296070055988,-1.151997547579143,0.10908297034983186,0.3859700925688759,1,5.525417676837272,0.49960266763940936,2.0784019619366854,3.4470157149005862,5.525417676837272
-1.176644943900053,0.9280906109910811,-1.770481137776078,-0.5781134587156433,-0.258008536197609,0,-0.8663359090537719,0.15688568548320697,1.5836150897791375,-0.8663359090537719,0.7172791807253656
-0.6362237126519298,-0.5650604735511925,1.871074482308114,-0.8508840890388987,2.441221722471914,0,1.5076252905642034,0.4544572744761854,4.496859585846491,1.5076252905642034,6.004484876410695
0.43712677973105185,0.09205513731199198,0.4762403533876659,2.5299277492519523,-0.993593003931448,1,6.58740782086144,0.7117092640510498,3.3809922827101326,3.2064155381513073,6.58740782086144
-1.1204179189363892,-0.754866196571921,0.032143146964560894,-1.7257711248125733,0.02233923931860801,1,7.441836342801476,0.6426548074417294,3.025714517571649,4.416121825229828,7.441836342801476
1.693547133413672,0.15140739062477757,-0.2926854589752769,-0.6181604486836274,0.8985117045515645,1,10.73941672796505,0.9266858017517196,2.7658516328197784,7.973565095145271,10.73941672796505
-0.8258327732380476,1.846395920599248,1.9333597477143571,0.25675079866178757,-0.0115150880766451,0,3.581993596334634,0.013974013878384163,4.546687798171486,3.581993596334634,8.12868139450612
1.0306598082415594,1.0947985022273252,-0.8059917310594155,-0.526555133136702,-1.3223474346832955,1,6.556092618205695,0.6010181660108579,2.3552066151524675,4.200886003053228,6.556092618205695
0.4090649383340571,0.6666278834568907,-1.349925637861273,-0.4551989048161591,-1.3472539175813492,1,4.703146202793328,0.4421508318469981,1.9200594897109815,2.7830867130823465,4.703146202793328
-0.8987998102438376,0.5510170602262995,-0.7334820666782794,-0.30082595603229867,-1.6273117279473155,0,0.5968797056735217,0.15308281796703133,2.4132143466573766,0.5968797056735217,3.0100940523308983
0.1869902097246643,-0.04427331984464883,-0.7289592500331622,-0.18901429768247416,0.1802948805034444,0,1.0577967543564042,0.39912268414126895,2.4168325999734703,1.0577967543564042,3.4746293543298745
-0.8148681489093441,-1.4762625440017794,1.8055744326868153,-0.6332727047102726,-0.09676010318688932,1,9.476501051286721,0.5657924827107873,4.444459546149452,5.0320415051372684,9.476501051286721
1.0108397350203135,3.529055187570484,-1.2444864498888657,0.4498272137265099,-0.7075522852941063,0,12.078257670213938,0.025411821515368187,2.0044108400889074,12.078257670213938,14.082668510302845
-0.5387903045767108,-0.7202120210067899,-1.125654967800585,-0.04129136178466144,-1.4745026870482356,0,3.6231849967402905,0.43635728532437495,2.099476025759532,3.6231849967402905,5.722661022499823
0.9468075665118705,0.055002936033374625,0.42243497290143983,-0.4661886119462229,-0.3672039342117483,0,5.077571679751547,0.8397866294838431,3.337947978321152,5.077571679751547,8.4155196580727
0.2875639051673281,-1.1640506324058255,-0.35799043441333583,-0.8596135138784541,-0.8905688105910143,0,5.04528000866011,0.4500894079594845,2.7136076524693316,5.04528000866011,7.7588876611294415
-2.1098382406256415,1.3393265894799997,-0.6865387531537689,1.1633760551635501,1.0687923213942923,0,-0.35297415763929074,0.027932884887029677,2.4507689974769846,-0.35297415763929074,2.097794839837694
-1.2859997065164936,-1.0884112356728457,2.560502959355684,1.7509259419271435,-0.03151851332810415,1,8.572866606224611,0.6002420650454577,5.048402367484547,3.524464238740064,8.572866606224611
0.2573731064173494,-0.6308464029471887,0.43235271420033994,-0.7171819007224715,-2.0323537642983847,1,7.752610939239213,0.690237181782785,3.345882171360272,4.406728767878941,7.752610939239213
-1.321555786511051,0.021092747850587245,-1.1310672355025877,-0.06727746491353453,-1.074661039432863,0,1.444894933594876,0.3365800497057113,2.09514621159793,1.444894933594876,3.5400411451928058
-0.7823539225019935,0.8531653064131918,0.24748054764010466,-0.009664421313347188,0.8789639730706512,0,2.620955734445646,0.21330198692702593,3.197984438112084,2.620955734445646,5.818940172557729
0.48060859334734735,1.4465632912513675,-0.4598592623151402,-0.4296349785275087,-1.3011092663913453,1,6.04892496408199,0.23226350445058444,2.6321125901478877,3.416812373934102,6.04892496408199
-0.4289807173724197,0.9647698943024456,1.299987372262134,0.960305168086668,-1.7941918665494363,0,2.6340477895250687,0.23455985309662725,4.039989897809708,2.6340477895250687,6.674037687334776
1.0831452126607344,-1.8385186232720707,0.8981173241223475,-0.3677845265710552,0.7025333139338557,0,7.046033968890983,0.5974902654477215,3.718493859297878,7.046033968890983,10.76452782818886
-1.332448347894566,1.1711676327061467,-1.464974746104889,-0.6684549108531777,-0.9980946277690352,0,0.6786474316721043,0.06611191129555999,1.8280202031160888,0.6786474316721043,2.506667634788193
-1.754284852822499,0.09452756758846836,1.8060891178369614,2.666905222320009,0.09715578708624777,1,6.381092446514421,0.4223617319706533,4.44487129426957,1.9362211522448516,6.381092446514421
1.1166812750675223,0.2320946379285372,0.49888319476821275,-0.34214865112723886,0.19507692542260213,1,10.33956549703403,0.8850970922510085,3.39910655581457,6.940458941219459,10.33956549703403
0.5374787046064285,-0.5784597288763313,-0.07749429989298792,-0.05843011899748824,0.8264033173305246,0,3.592431898608423,0.6171328052773531,2.9380045600856097,3.592431898608423,6.530436458694033
-1.0660321716276806,-0.05154220860765155,1.9120054690526975,1.1640601525859375,1.3491790488887052,0,1.1290823387620184,0.35555907573026246,4.529604375242158,1.1290823387620184,5.658686714004176
0.02443184017803416,0.32099756368602317,1.0022361667029254,1.5602555295309308,-1.9516029128828867,1,6.965602811993655,0.5832126484159665,3.8017889333623405,3.163813878631315,6.965602811993655
-1.3154413070498456,1.3094441014026479,-0.2768893557688036,-0.6717207892580773,-1.2541609869956039,0,0.6370138100432068,0.03992629628189681,2.7784885153849572,0.6370138100432068,3.415502325428164
-0.5550167015441094,-1.4023692834238248,2.091094272732477,-0.02243605198057349,-0.05795054176271757,1,7.378471798941653,0.4481835934900684,4.672875418185981,2.7055963807556713,7.378471798941653
0.5880766751678318,0.9623451692665695,0.9458881565546393,1.0736219439075716,-0.6308455507908564,0,5.65002733182735,0.6594932919445953,3.7567105252437116,5.65002733182735,9.406737857071061
-0.29786680495686124,0.7690316554422755,-0.52738906163962,-0.005106632027225022,0.39876376442481426,0,1.2179937074380378,0.1716274634201484,2.578088750688304,1.2179937074380378,3.796082458126342
0.7851850823103762,-1.7776809623702012,0.7147456498889451,-0.23372405785172545,0.707457710864381,0,6.861703480625847,0.5880496219157746,3.571796519911156,6.861703480625847,10.433500000537002
0.7769316923548287,1.6079150611191575,1.3534536476212031,1.3465716626102961,1.4436703191662383,1,12.205673732806986,0.5128957770582063,4.082762918096963,8.122910814710023,12.205673732806986
0.29137898481594593,0.0321850870368397,0.8728170831783344,0.7320809514330224,-0.30906623673826017,1,6.58401465635825,0.7012476499965112,3.6982536665426675,2.8857609898155827,6.58401465635825
0.40482340880826806,-0.03509646678459442,-0.853932908460056,1.2904607413763498,0.05519924253008922,0,1.8334346954710798,0.45562877694198545,2.316853673231955,1.8334346954710798,4.150288368703035
2.0487082576988507,-1.6254922701998327,-0.5567787728433663,0.03263883669087142,1.137381097628914,1,13.637571697601578,0.6870789162185822,2.554576981725307,11.082994715876271,13.637571697601578
0.39946937260218507,0.31047275418075143,-1.127263792554147,-1.1569413972294713,0.3225046602899047,1,3.65371698007334,0.4492272962121869,2.098188965956682,1.5555280141166579,3.65371698007334
-1.3641059938183584,-0.5318777502893286,0.5009173290858575,-0.9823242722767759,1.6053559623618066,1,7.907768775685868,0.7423903449085635,3.400733863268686,4.507034912417182,7.907768775685868
1.22393634423789,-1.5714199983383004,-0.9323712431819872,-2.28577724449495,-0.7825913625481332,1,9.747852835422531,0.44094675226944,2.25410300545441,7.49374982996812,9.747852835422531
0.7663884765723994,-0.4138949422748569,0.46079724361596747,-1.5223343182817441,0.7979752545819053,1,7.935322754248588,0.7929002253663798,3.368637794892774,4.566684959355815,7.935322754248588
-0.5551092279283498,0.012169682282905197,-0.09287450139305273,-1.2715485208922839,-1.1530843317397823,0,1.8853438707779075,0.39821365781350127,2.925700398885558,1.8853438707779075,4.811044269663466
0.967794469003426,0.3989921575016956,1.0500490415534267,0.3246582355025183,0.14299063480921648,1,9.807893512648695,0.8491142783543183,3.8400392332427415,5.9678542794059535,9.807893512648695
-1.7260106186667665,-0.27036669676116976,-0.027384320403744018,1.953107198272574,0.6869566320986773,1,6.846955577450219,0.6307749713743321,2.978092543677005,3.8688630337732137,6.846955577450219
1.5360611817095284,0.5975377058947282,-0.7113032269494793,0.11712421614985134,0.23622364626423303,1,10.192561215259929,0.8761343494404947,2.4309574184404164,7.761603796819512,10.192561215259929
-0.9391555697706817,-0.38438737659292116,-0.205766993677172,1.605619832565118,-2.0807405253909783,1,5.5094080763985245,0.46851754315893673,2.8353864050582622,2.6740216713402623,5.5094080763985245
1.2058184207160432,-0.9367952349593828,-1.372079187269614,1.179942130038464,0.731898069234381,0,7.041619820410777,0.7067685454799499,1.9023366501843086,7.041619820410777,8.943956470595086
1.25451870238119,0.8007019475455768,2.059845001737402,0.5587238369444854,-0.15647737612315848,1,11.252309374573503,0.7788777189995967,4.647876001389921,6.604433373183582,11.252309374573503
0.34292637732134257,1.2434691283459636,-0.779375325260117,-0.6518885825313808,-0.3089600145979074,0,2.2833045978606834,0.20868157341173518,2.3764997397919063,2.2833045978606834,4.65980433765259
-2.1045827987653323,0.13807840841754684,-1.8861287039510262,0.053059312932619035,0.8652897561352498,1,5.610752175837313,0.6435683373422995,1.491097036839179,4.119655138998135,5.610752175837313
-0.47687646064383565,1.677115870186871,-1.4605008994184878,1.1912606816318325,0.6751370564069208,0,-0.8335845428199329,0.043509987260346765,1.8315992804652097,-0.8335845428199329,0.9980147376452768
-1.716033248310689,2.7107942990405327,-0.06374528550396617,-0.8774840221556317,-1.407087194784017,0,1.4660532041009104,0.00041004361081382656,2.949003771596827,1.4660532041009104,4.415056975697738
-0.22001802765967404,-0.12740687238995974,0.10264552853966442,-0.29779615622396016,0.6332253101150935,1,5.139259059152243,0.5150140343112812,3.0821164228317315,2.057142636320512,5.139259059152243
-0.38762983266324635,-1.934964117240471,-0.1493614956496412,-2.367477653373278,0.3537706308913895,0,7.6142605050322105,0.44443630154036395,2.880510803480287,7.6142605050322105,10.494771308512497
-0.9793002302826354,0.16336035491580048,1.3140749815246042,-0.9487486952680001,1.061256258512118,1,6.5634256047169135,0.44277820199872014,4.051259985219684,2.5121656194972304,6.5634256047169135
-0.4333895666861532,1.7531948020655854,-0.36515261319821335,-0.8404929855066914,0.6872384503952884,0,-0.1011493813842187,0.030285820140070745,2.707877909441429,-0.1011493813842187,2.6067285280572103
-0.43578972962363594,-0.8414495141290085,-0.47783985070379115,-0.04460653218300141,1.342180131244854,0,3.021521821367962,0.43404710198538893,2.617728119436967,3.021521821367962,5.639249940804929
-1.934087745459577,0.023080658950420673,0.624903594654043,0.1934485749917961,1.3098651694335341,0,4.039942590462061,0.6999631297381765,3.4999228757232346,4.039942590462061,7.5398654661852955
-0.07434532975852426,-0.18455144218594516,0.5923295470133433,0.09931381495134962,-0.390408738280471,0,3.0599194577041784,0.6469870048308145,3.4738636376106746,3.0599194577041784,6.533783095314853
0.5161440395863797,-0.6525282932166452,-0.6111771520193271,-0.5279940217656136,1.3530691601664073,1,6.35462766494442,0.4919044027566653,2.5110582783845383,3.8435693865598823,6.35462766494442
-3.2210163559857135,0.39559883476294233,0.034271814200222225,-1.6808704592381203,0.3097267791360022,1,11.072625491756297,0.8115073119081107,3.027417451360178,8.045208040396119,11.072625491756297
0.475751991831532,0.5896392313574,-2.651828063044949,1.3663894118544384,-0.7377367046848409,0,2.462685379286353,0.6671725908196925,0.8785375495640406,2.462685379286353,3.3412229288503936
0.6865677467531761,0.741073780682286,-0.8766970856192929,0.6604599523515503,-0.3854932409123582,1,5.898031665974932,0.4717188191893141,2.2986423315045657,3.5993893344703665,5.898031665974932
-2.0713771793381572,1.167741925527779,-0.7750449630162398,-0.8544934627380543,-0.4030658680367221,0,-0.7083930251567871,0.04517652735664287,2.379964029587008,-0.7083930251567871,1.671571004430221
0.2722367253273881,-0.05727041082210227,0.5480669247071704,-1.339489366528659,-0.7423863704307346,0,3.9358820369597014,0.6922481104489107,3.4384535397657365,3.9358820369597014,7.3743355767254375
-0.11599707232153356,1.8978872926587056,-0.11381253841375806,1.0852222636616315,0.03855516878431771,0,2.1774092989439606,0.04949620747714131,2.9089499692689937,2.1774092989439606,5.086359268212954
-0.4836586374375685,-0.24672442411444054,-0.16841971202888115,0.6036457389607386,1.3746112675765545,0,2.0387596075660053,0.43510541968956307,2.865264230376895,2.0387596075660053,4.9040238379429
0.3596808476863211,1.1870776787417554,-0.9647897376296856,-0.4146305088140306,-0.7243025342076668,0,1.7830939983553293,0.23390437105650322,2.2281682098962516,1.7830939983553293,4.011262208251581
0.31444459087485255,-0.35895838517941375,0.7297729370341954,-0.9310017116324415,0.04303097332128144,0,4.558962446932902,0.7275262929713269,3.5838183496273563,4.558962446932902,8.14278079656026
0.6868579110122561,-2.0653027750406103,2.1216313073302033,-0.2831518848798757,-2.025039913676173,0,4.158859745800996,0.22973428523516393,4.697305045864162,4.158859745800996,8.856164791665158
0.15809389857678602,0.03344346797315094,-0.081894379572493,0.9911911129266663,0.7474449714270559,0,2.300845244018008,0.5060809715691879,2.9344844963420056,2.300845244018008,5.235329740360013
0.29787619102384516,0.45015563394664765,-0.10435844943808653,1.7754908492400483,-1.4791960183577666,0,2.4904819827231837,0.4752844621630847,2.9165132404495306,2.4904819827231837,5.406995223172714
0.13965167421589658,0.06502463118878012,0.813280406064593,-0.8438538774248993,-1.743672602396536,0,2.4506133937883074,0.6651189431757818,3.6506243248516745,2.4506133937883074,6.101237718639982
0.15682301609819319,0.28123049221860413,1.489599409447649,-1.2703620463250862,1.15469376671672,1,6.302882557627511,0.5163096129325759,4.19167952755812,2.1112030300693907,6.302882557627511
2.3674143640271215,-0.3777648875224771,-1.290942219493224,-0.40697436637337114,0.014004967371380734,1,14.058996402018145,0.9805685886080261,1.9672462244054207,12.091750177612724,14.058996402018145
0.5637878750069146,-0.5913947298380474,1.555198534147342,-1.1145323150080617,-1.7392051521728,1,7.183195361949359,0.6479900552758528,4.244158827317873,2.9390365346314855,7.183195361949359
1.1067104242873174,-2.2746210312061996,-0.20412976887271617,3.1176811292080475,-0.0120435529599315,0,8.579444947298198,0.23016749794391644,2.836696184901827,8.579444947298198,11.416141132200025
-1.1207676506962496,-0.057397463786793744,-0.05080078861953355,0.16064994035311653,0.6622629821596197,0,2.1834925082623564,0.43751363313904257,2.9593593691043734,2.1834925082623564,5.14285187736673
-1.0391111683677392,1.6875480552367936,0.24511428437261784,0.7267940464018038,-0.6281493997556425,0,1.8186543055644977,0.03267078526747957,3.1960914274980943,1.8186543055644977,5.0147457330625915
1.2863821369955335,-0.2570524088130647,0.2775525134935317,-0.9331060771871093,-0.9969316264021268,1,9.53338731216247,0.8878582570601021,3.2220420107948256,6.311345301367644,9.53338731216247
0.6882053064528827,-0.44360683020738595,-0.8538230875043771,-0.6431833420270304,0.6989530717174212,1,6.517899493650989,0.5415866059163054,2.316941529996498,4.200957963654491,6.517899493650989
-0.6290378612036109,-0.11765493160216407,0.015027750287097009,-1.917348886010299,-1.471126405373518,0,1.2707682491802605,0.4574797184138218,3.0120222002296777,1.2707682491802605,4.282790449409938
0.3362778892475625,-0.7370293611526971,1.0567249112804185,0.9668071042505444,0.7191686663554372,0,3.3520270380497372,0.7090570099412101,3.8453799290243347,3.3520270380497372,7.1974069670740715
1.8197717873125976,-0.08308932774318312,0.6488819259038391,-0.5844009765960311,2.4523699128687237,1,14.216587953769785,0.9741845146529102,3.5191055407230714,10.697482413046714,14.216587953769785
1.9836336524360194,0.01188043451779194,0.3865862299051922,1.3592975993648058,-0.14713950481410695,1,13.329585782060928,0.9817050439115194,3.309268983924154,10.020316798136774,13.329585782060928
-0.6566240707997048,0.8739897510068825,0.07843924608367009,0.1829944496452604,-0.8342713430679655,0,0.6898635566094828,0.19036578201017806,3.062751396866936,0.6898635566094828,3.752614953476419
-1.7176721483633963,0.23614240987910107,0.9049620414941998,-0.22580674907604184,1.4364295195588668,0,2.876395489981711,0.5587441081913904,3.72396963319536,2.876395489981711,6.60036512317707
-0.7039163254155445,-1.05470445496592,-0.06723030719613125,-0.08259257535129046,0.7699687313352226,1,8.141441206058682,0.5773102125794142,2.946215754243095,5.1952254518155865,8.141441206058682
-0.7749628240639848,1.368094236814898,1.9669169625082537,-0.03914402696834188,1.2497104201843185,0,2.0008613428546633,0.04485068717012809,4.573533570006603,2.0008613428546633,6.574394912861266
-1.05649707062526,1.075221541181916,1.0472764085594626,0.8634372801898786,-0.015563088870293978,0,1.947146477307859,0.15838577665225242,3.83782112684757,1.947146477307859,5.78496760415543
-2.954248941242031,-0.6417271436521294,-0.625916017684602,-0.9782549380604774,0.12224300454706621,1,13.00177372074252,0.9515723059979215,2.499267185852318,10.502506534890202,13.00177372074252
-0.41896344552123466,-0.8246120097650219,-1.0588001482478198,-0.7155129854852287,1.1214992118499283,0,3.942912257789745,0.4267045954299624,2.152959881401744,3.942912257789745,6.0958721391914885
-0.6610250546274942,-0.5149387064332724,-0.45669761502324635,0.33899351380941967,0.4562494885285328,1,5.098696561891668,0.41480826790356806,2.6346419079814027,2.4640546539102646,5.098696561891668
-3.044656539243162,1.0216352138276081,1.436368034243754,-1.0501865373616694,-0.9722982447348347,0,7.690714331894703,0.29959497129449464,4.149094427395003,7.690714331894703,11.839808759289706
-0.45025338777827145,-0.7560040194566048,0.22392687394660638,-1.9465252863588642,-1.1179276080367397,1,6.6237078294178415,0.6140198835987771,3.1791414991572853,3.4445663302605563,6.6237078294178415
1.5391972001749075,-0.9282199673480178,1.2434282781029249,0.35533819559013685,-1.809267714588258,1,12.101510166590879,0.8801115872110215,3.99474262248234,8.10676754410854,12.101510166590879
0.6353291952162062,-0.11766730219285336,-0.4554670562497405,0.24495709317200393,0.47463348556679213,1,6.400573384844659,0.5618739398059417,2.6356263550002077,3.7649470298444516,6.400573384844659
0.7075918219746196,1.1782528475480023,0.40813591277835637,-1.3756340887863618,-0.47364545765119104,1,8.68335666997198,0.6398969200875375,3.326508730222685,5.3568479397492945,8.68335666997198
2.9430483352686214,0.7244910603817276,2.369287300811497,1.3954340821991853,0.24180207155574857,1,23.539512692174718,0.9990261803152669,4.895429840649197,18.64408285152552,23.539512692174718
0.3014070697811174,-0.03658003987684579,-1.7378046158464995,0.01804725246822428,1.2106745525421971,1,5.163740136990999,0.6217418010818163,1.6097563073228003,3.5539838296681987,5.163740136990999
-0.5996399948212037,0.41195299906180954,0.8515910458931973,-0.9096804393124754,-0.4513028643436646,0,2.4859143172742217,0.4518624569606963,3.681272836714558,2.4859143172742217,6.167187153988779
-1.0179114904771591,-0.8221656066894069,-1.2876052836530612,-0.9004484613780268,1.4194556807978391,1,6.028108826924689,0.5474899846684822,1.969915773077551,4.0581930538471385,6.028108826924689
-0.9154770290902925,0.12645921906069005,-0.5028687536709558,1.178865937036939,1.3111622966036165,0,0.8970063351736908,0.2722219391857823,2.5977049970632353,0.8970063351736908,3.494711332236926
0.8640699821389469,0.30613455310275534,-0.23105953684089858,-1.1918747041912499,1.9435288811221971,1,7.380332763275442,0.6815825255986111,2.815152370527281,4.565180392748161,7.380332763275442
-0.7596730177525534,0.6636463470328414,1.0595655726233972,-0.5552804969053294,1.0380125273159622,0,3.2444837805509152,0.3242261974477363,3.8476524580987177,3.2444837805509152,7.092136238649633
0.7642132033388553,1.7279638353817652,-0.4693464664267112,-1.2858640172797149,-0.5054897554445111,0,5.219243954123453,0.29163852758925357,2.624522826858631,5.219243954123453,7.843766780982084
0.20885354253433172,0.05821272708505647,-0.39343789627455045,-1.909197458977243,0.4704829961291065,0,2.6864578166650666,0.4344371005436315,2.6852496829803596,2.6864578166650666,5.371707499645426
1.9723444790822,0.46425123812300356,0.6091355190535136,0.5724453061551018,0.3970466698823999,1,14.703914888742938,0.9874108535220878,3.487308415242811,11.216606473500127,14.703914888742938
0.9316659668680948,0.39537368118566585,-0.31267716965327597,-0.795988910008754,-0.24897365528067522,1,7.360796039144691,0.6870147611689255,2.7498582642773792,4.6109377748673115,7.360796039144691
0.31412949645066596,-0.31608296112297335,0.3143386831314305,0.43915013370041756,0.8331794312701818,1,7.630204295167626,0.6756101757742087,3.2514709465051443,4.378733348662482,7.630204295167626
1.2827949688389804,0.0780074184788575,-1.3077765651476607,-0.3451040968191901,0.044062567406599355,1,7.412369629596686,0.8275780623092609,1.9537787478818713,5.458590881714814,7.412369629596686
-1.8357687561770901,1.388664520102482,0.14237791251046628,0.3813528345802849,1.3655264625262657,0,1.4280807825336028,0.04724194187872936,3.113902330008373,1.4280807825336028,4.541983112541976
-0.6301428301423468,0.5740419308840301,-0.10986412310193568,-0.1840868670159194,-0.7721923878043793,0,1.9992114909182508,0.2376154246670583,2.9121087015184512,1.9992114909182508,4.911320192436702
1.6656032136865273,-0.3755000400755709,0.6994642468957021,-1.8750073874719364,1.1799885296897865,1,11.407862378878594,0.9544296169061359,3.559571397516562,7.848290981362032,11.407862378878594
1.0522111559570586,0.09743411029730303,-0.22694246613792435,0.4000000056135664,2.2887906608802893,1,7.129493992033689,0.7580051773049398,2.8184460270896605,4.311047964944028,7.129493992033689
-1.7632366989034851,0.7820273875741276,-0.9116173021539026,-0.019918396299731203,-0.24788011907866303,0,1.4756776247755643,0.10753757874347498,2.270706158276878,1.4756776247755643,3.7463837830524422
-0.4283182577977557,-0.010465129052729338,-1.1341711452777905,1.029180436127967,-1.7941435111986004,0,1.7584365056575824,0.3315006005334989,2.0926630837777678,1.7584365056575824,3.85109958943535
0.539764512828342,-0.3265358525345711,-1.1709248938074537,0.2023833705986952,-1.556951086706478,1,5.809767835947694,0.5441529039944076,2.0632600849540372,3.746507750993657,5.809767835947694
0.03971382171963468,-1.4228769078115544,0.4612720843178312,-0.9243573336303755,-0.4509940170293094,0,5.481313664774045,0.6260207056184711,3.369017667454265,5.481313664774045,8.85033133222831
0.2939493879431622,-0.7725421118422359,-0.05796399966830253,-1.5138305012448536,0.6308756035961556,0,3.3331412721267837,0.5682700505744904,2.953628800265358,3.3331412721267837,6.286770072392142
1.7649138055507714,2.7922088679099613,0.09116814666643917,0.7882041407971867,-1.7806256729074892,0,17.465623821712153,0.8499100976397285,3.0729345173331515,17.465623821712153,20.538558339045306
1.5027343263055881,0.7762285047241061,-0.483933444951233,1.2371808002890092,-0.2544760766453415,1,10.46284499782254,0.8751040898851299,2.6128532440390133,7.849991753783526,10.46284499782254
-0.4580251830145565,0.4753349254274913,-1.0633544998303186,1.021624764399948,-1.0559898119268434,1,2.514277102047677,0.21430690374331524,2.149316400135745,0.36496070191193164,2.514277102047677
-1.0500547898231862,-0.9096897884083344,0.7595000375161222,-0.6167753615197077,-1.3479957843671688,1,9.692249222524502,0.7674406302701078,3.6076000300128976,6.0846491925116055,9.692249222524502
-0.605679999935798,-0.03204237068048687,-1.1809724836643856,-1.1516811090343435,2.1112963340995843,0,0.7279992645984378,0.33391356280560763,2.0552220130684917,0.7279992645984378,2.7832212776669296
-0.8605654038138869,-0.3230423687730068,-0.36723700079928584,-0.4213568077704419,0.6213467399691023,0,2.2262109245289485,0.4076709873551705,2.7062103993605713,2.2262109245289485,4.932421323889519
0.9481429504720496,-0.3059544315315921,-1.236478286592349,1.2744402278489033,-0.09534109119668262,0,4.234792918761715,0.6854903194680388,2.0108173707261208,4.234792918761715,6.245610289487836
1.7303218148571686,-2.245585897565163,0.19540322128332027,1.9186063338762078,-0.3532641354381582,0,10.09392146092035,0.4305036658009856,3.156322577026656,10.09392146092035,13.250244037947006
-0.22549342333463607,0.29551169159033874,-0.5587958188849573,-0.31207193205273287,-0.33781509419140304,0,0.9892331399386863,0.278225010132242,2.552963344892034,0.9892331399386863,3.5421964848307206
-0.6274207344263732,1.2288565502005595,0.4610780322964351,0.25062823210330204,0.8085710068901167,0,2.3951686388516404,0.15342058020678637,3.3688624258371482,2.3951686388516404,5.764031064688789
-0.2643558332034669,-0.7742038183529005,-0.6026243046145574,0.001783041104608902,-1.059211708372902,0,3.4406128457897465,0.4088145436082266,2.517900556308354,3.4406128457897465,5.9585134020981005
-0.5002610165866755,-0.5161166418714347,2.1245562298290137,-2.7738149399339167,-0.17961972140563326,1,6.94884563907206,0.39460889539385074,4.699644983863211,2.249200655208849,6.94884563907206
1.7256937928147706,0.12184446413245396,0.7534174734210928,0.09982631509976791,-0.6673333812164803,1,13.44591599421976,0.9717080730389004,3.6027339787368744,9.843182015482887,13.44591599421976
-2.241915934508913,0.20545568703630285,-0.7756066046023912,-0.8003354061653037,-0.49898725597911187,0,3.979364991228162,0.4151021781807304,2.379514716318087,3.979364991228162,6.358879707546249
1.7448614066234935,2.404837542253973,0.2172079375284009,-0.4647672239117277,-1.1772264174512104,1,18.948399297487505,0.9130743325269239,3.1737663500227207,15.774632947464786,18.948399297487505
0.4685401615460691,1.782905600065144,-0.24734038702515676,-2.3789960407532242,0.6700496718155238,0,4.758083688146912,0.17411440768890615,2.8021276903798746,4.758083688146912,7.560211378526787
0.9853997114500495,-1.5858456403858474,0.17648418366295282,0.4512260161360988,-0.07310730200893852,0,8.394132297240175,0.5824641970481865,3.141187346930362,8.394132297240175,11.535319644170537
-0.7907709190853537,1.0159372235635562,-0.4033797459686826,-1.485186162699932,-2.049474485669681,0,0.06771853645352971,0.08802737868703074,2.677296203225054,0.06771853645352971,2.7450147396785836
1.2608495199993097,0.6166639764711183,0.08797354712916895,-0.44027463685080354,-0.528998414203127,0,6.352187404762148,0.8733303029412851,3.070378837703335,6.352187404762148,9.422566242465482
-1.0757366484416113,-0.43145564455988483,-2.1200872151201744,-0.7360636534685142,-0.31093751635109385,0,4.097293000255098,0.68171357343024,1.3039302279038605,4.097293000255098,5.401223228158958
0.6098800471904189,-0.03992646337336377,0.794923113875559,1.3491351051134295,1.0581700938241017,1,8.016732757941343,0.7824574344632007,3.6359384911004473,4.380794266840896,8.016732757941343
0.4705098473785568,0.011862679180784205,-0.9807880084135592,0.7399440513793163,1.6797473822215292,1,4.951391485435844,0.48227327897406136,2.215369593269153,2.7360218921666903,4.951391485435844
0.3421060396504182,1.917259148426123,-1.5255717080610838,-1.1541633847795414,0.8552015077482625,0,2.986919950243597,0.1319797130483056,1.7795426335511328,2.986919950243597,4.76646258379473
0.26429021015325105,1.3137821765718076,-0.015471640726739578,-0.8679754225283319,-0.21359324220504247,0,3.323049327009648,0.2674045239772043,2.9876226874186083,3.323049327009648,6.310672014428256
-1.532683970923734,-1.1285906730970345,0.9724439979180102,0.87278741446961,0.3630042848060769,1,10.498302657191903,0.8682330670340971,3.777955198334408,6.720347458857495,10.498302657191903
-1.7210775209604694,-0.35840357551288854,-1.2249998886600506,1.1765332537877653,-0.5837221335626013,1,5.631293352454168,0.5785885931467634,2.0200000890719596,3.6112932633822092,5.631293352454168
-1.0857477107815494,0.029796165121424436,-0.6401544568346118,1.4837439102037069,-0.7348108975341908,1,3.69039543900328,0.29009651214321885,2.4878764345323106,1.2025190044709695,3.69039543900328
-1.3992282592246312,-2.1529135157575157,-0.030786502413415195,-0.5619301138579263,-1.4289046065117268,1,15.381946341479297,0.7972254042546534,2.975370798069268,12.40657554341003,15.381946341479297
1.1892264612557852,0.6672451474292419,-0.028217878937229775,1.3643262441708666,0.662536033398613,1,9.472081401800207,0.8322541547941665,2.977425696850216,6.494655704949992,9.472081401800207
-0.8228559015184324,-1.039220163990766,0.8179815444538614,0.396366956467351,0.1697477679706617,1,8.973865583409816,0.744429190438533,3.654385235563089,5.319480347846728,8.973865583409816
-0.8464978028689073,0.6079475670057539,-0.7554988831339492,-0.10198665459367798,1.4469441463869799,0,0.6986873530597038,0.14298771080359238,2.3956008934928406,0.6986873530597038,3.0942882465525443
-0.6608342358101458,-1.572989257072861,-1.0525471918701104,0.9942988266876233,0.25473113738020947,1,8.588060954693447,0.46381906423963537,2.157962246503912,6.430098708189535,8.588060954693447
-0.12887737868875357,-0.5090938053115694,0.4853599075531901,-0.8491048509902235,0.3056655686425959,1,6.4979318848907415,0.6565802324345215,3.388287926042552,3.10964395884819,6.4979318848907415
-0.7312545688129569,-0.897659385275054,-0.6374874348250117,-0.3754074464839619,-0.048829835933703165,1,5.871998633514475,0.44625744125889283,2.490010052139991,3.3819885813744843,5.871998633514475
0.23545579511111434,-3.688365291428444,-0.8076505577467649,-0.39156997735603927,1.50506203860833,0,17.477279696516085,0.014488141598161437,2.353879553802588,17.477279696516085,19.831159250318674
-1.0800026083821321,0.16279661809991253,1.4950303097358375,-1.3129685299472729,0.39397522586440237,0,1.6072442492815808,0.3961384438706743,4.19602424778867,1.6072442492815808,5.803268497070251
-0.8022718339345204,-0.5046337422892345,-0.8031108339533145,-0.7318573084158859,2.721912147906493,0,3.022631682158115,0.3928601637923902,2.3575113328373485,3.022631682158115,5.380143014995463
0.8444558720716657,1.101737861786209,0.49199348683649613,-1.606256788401958,0.39495797032330715,0,5.713723846740415,0.7381605034277915,3.393594789469197,5.713723846740415,9.107318636209612
1.0729296145073466,-0.8533994740391114,0.9653266671611266,0.7043362098540789,1.85204004481367,1,9.44102864087592,0.8285347424392929,3.7722613337289013,5.66876730714702,9.44102864087592
-0.4177830125136188,-1.0976109822757267,-0.36162810937254564,1.4355709931636234,-1.828405880841963,0,4.846404106728664,0.463467289964165,2.7106975125019637,4.846404106728664,7.557101619230627
-2.0683757154310323,0.08939527893161327,-0.44258929277415615,0.0077278931756846435,0.9453117712358652,0,3.394665889147224,0.45852197744811785,2.6459285657806753,3.394665889147224,6.040594454927899
-0.5525693461188524,-1.8730058309306206,2.044481557199944,-0.9972282874387761,-1.0590371220120975,1,9.202245777984846,0.4178757360501473,4.635585245759955,4.5666605322248905,9.202245777984846
1.1037200137225964,-0.38448912104151794,-0.06338985203481078,0.48279012406031796,1.0835831031099956,1,8.68026723198324,0.7842679515564556,2.9492881183721513,5.730979113611088,8.68026723198324
-0.33346069318177196,1.5199520059142992,-2.1357998487348056,0.7597872369530771,-0.8395275580176573,0,-0.05723851331616436,0.13477472343345384,1.2913601210121555,-0.05723851331616436,1.234121607695991
1.3722713166079914,0.14204447883054525,-0.6729053320094016,0.6628410930216325,0.8931883472072516,1,8.951636840411666,0.8172240351388643,2.461675734392479,6.489961106019187,8.951636840411666
0.6418941228586382,-1.0296962396330605,-0.48401712362208477,-0.004072837121435025,-0.0412596526500604,1,7.745588203746998,0.4890778458236297,2.6127863011023322,5.132801902644665,7.745588203746998
0.7497454754383477,-2.0149012325066082,0.3343270545535034,-0.2899813544366399,-0.8385006163839522,1,12.149350949983571,0.4453095881200724,3.2674616436428026,8.881889306340769,12.149350949983571
-0.7424867777695996,-0.2145376645179636,-3.601085104459518,-0.70128957079155,-0.8758148246462933,1,1.8712970988919455,0.3604245717796719,0.11913191643238541,1.75216518245956,1.8712970988919455
0.5327832093226242,-0.8055266825105205,-0.2151138001704899,1.542276627661302,0.9943515198154235,0,3.9014665564963327,0.560023120178639,2.827908959863608,3.9014665564963327,6.729375516359941
0.9022713999434526,-0.4998724304108518,0.5430322792896524,-0.23389780045359396,-0.19609321067693788,1,9.051525557487945,0.824046035662005,3.434425823431722,5.617099734056224,9.051525557487945
0.4096853437465497,-0.5969935884209324,1.4930031044432035,-0.16013013959793715,0.618360566259665,1,7.856342151918632,0.633920947185781,4.194402483554563,3.6619396683640697,7.856342151918632
1.455600479257298,1.031653774575175,-1.4089191026905246,0.44489589500988425,0.8507193944606469,1,8.476555026236833,0.8848769243694251,1.8728647178475804,6.603690308389252,8.476555026236833
0.8918630221607488,-1.1132948341146311,-0.6570352370173239,0.9945582357416216,-0.7617603706826457,0,5.310695160783075,0.5020091221256407,2.474371810386141,5.310695160783075,7.785066971169216
-0.29969605666431426,1.5758758095019694,-0.04779925038478981,-0.726774137833843,-0.8776173568629051,0,1.0568280522340743,0.0743579023693168,2.9617605996921683,1.0568280522340743,4.018588651926242
0.33271932958518796,-1.333148008477209,-0.24733596389641815,0.33323053499002175,1.2991498205476675,0,5.387996639639823,0.4539214318338575,2.8021312288828657,5.387996639639823,8.190127868522689
0.6675480803699957,-0.7140651179821788,1.17841931756372,-0.29951503754747755,-1.235703022049409,0,3.6345841171807356,0.7449109330262939,3.9427354540509763,3.6345841171807356,7.577319571231712
-0.1720413592654725,1.438169201145702,0.1652400500649252,0.012521864329786338,1.6372116447028533,0,1.7228384015982983,0.14288075485346358,3.1321920400519403,1.7228384015982983,4.855030441650238
-1.431354847054427,-1.2855991140527723,-1.615846470966832,0.3726481864800551,0.1664931271151245,0,8.922287079756838,0.7911132566797217,1.7073228232265343,8.922287079756838,10.629609902983372
1.542736367279776,0.24347507713677022,-0.40415715947930275,0.0017948728781070852,0.1177074184609581,1,9.615427038603542,0.8892859344445341,2.676674272416558,6.938752766186984,9.615427038603542
-1.671761273328167,2.710331644334893,0.5198710181019115,0.21000830802258905,0.6151639842785803,0,3.0011910082342443,0.0007772823951578909,3.4158968144815294,3.0011910082342443,6.417087822715773
0.709410980586605,-0.14055348550243169,-0.6312411362407006,0.599450686321704,0.38571084053145244,1,6.49513536679043,0.563181870487987,2.4950070910074396,4.000128275782991,6.49513536679043
-0.8098900990894081,1.419035611367264,0.29335203632298334,0.7298193622676307,1.391920887679919,0,1.7649047339115969,0.07950074935422578,3.234681629058387,1.7649047339115969,4.999586362969984
0.021888821164834777,0.31695200698411535,0.8100272385061165,-0.7248610838000522,0.054051662846000936,1,7.1365535489713485,0.5966496653114066,3.648021790804893,3.4885317581664554,7.1365535489713485
0.1255485866511483,-0.9560585516833945,2.3176367886738785,-1.4072934434924025,-1.2981039036871578,0,1.6332833950924348,0.40953135499723997,4.854109430939102,1.6332833950924348,6.487392826031537
1.3142265757035791,0.7132662507965424,-1.0259648174807778,0.6072890151016929,1.4678504449973098,1,9.391671767730713,0.8034203838308587,2.1792281460153777,7.212443621715336,9.391671767730713
-0.030263057596985755,2.598822900074582,-1.7240618108680354,0.6938234538591022,1.1665283362210033,1,3.8618765556998023,0.015388898100223687,1.6207505513055716,2.2411260043942307,3.8618765556998023
0.8913439016052467,-0.20435572664564833,-0.2904414820111494,0.4441451710872574,0.8157544866520694,1,7.9930054362280725,0.6812381745952969,2.7676468143910804,5.225358621836992,7.9930054362280725
0.6024734362823633,1.0400578907933893,-1.0188699570667352,-0.22777097912363464,-0.9400159321237541,0,2.8850745887548417,0.3797991180032391,2.1849040343466117,2.8850745887548417,5.069978623101454
-0.38611277608614164,1.0152208918143053,0.10798392072522883,2.6068591631497697,0.19340636718971696,0,0.4275735557817343,0.19756745903279282,3.086387136580183,0.4275735557817343,3.513960692361917
0.05969188057973627,0.10618291944021628,-0.6378086928599359,-0.057836612377593744,1.1277880271116458,0,1.9367086696882876,0.3570254921100732,2.4897530457120514,1.9367086696882876,4.426461715400339
0.11397066812777235,-0.7934597298834714,-0.9250846204786352,-0.4502018916658434,0.07386343441088038,0,3.630312359265152,0.42113319859566156,2.259932303617092,3.630312359265152,5.890244662882244
1.193586535476262,-1.3404886413664368,-0.3198262778887562,0.14431001943507885,-1.8337057676294346,1,9.165859443891275,0.5682170475525817,2.744138977688995,6.42172046620228,9.165859443891275
-0.8335982829664064,-0.6798885397361863,-0.7959703738504983,0.1918895450216474,-0.1605596095017974,0,2.7456029995668416,0.42566994765459704,2.363223700919601,2.7456029995668416,5.108826700486443
-0.5552861026010363,0.427962626552635,1.7230747176462498,1.639256516741752,-1.9227717720623363,0,1.2422380682306802,0.27560515756654996,4.378459774117,1.2422380682306802,5.62069784234768
0.5770721838351396,-0.17802329006383844,0.1551553428653563,-0.39828303354254857,0.11758862988720224,1,7.319233178352914,0.6971158148863011,3.124124274292285,4.195108904060629,7.319233178352914
0.15140739607201872,-0.5789517573489231,-0.8963675478251808,-0.4486956826194842,0.23425926445676556,1,4.0014530438960385,0.42537199877892246,2.2829059617398553,1.7185470821561837,4.0014530438960385
0.5989963416842641,0.8533489773401466,-0.49419002306691273,0.28384456730273677,0.9625025919532985,0,3.6361361485672052,0.4285008260151557,2.60464798154647,3.6361361485672052,6.240784130113675
1.1655948951441282,-0.05883285413152221,-0.2209317249396126,0.19112423383639218,-1.1497074728974057,0,5.27226813101805,0.7926739552465726,2.82325462004831,5.27226813101805,8.09552275106636
-0.19360951103550808,0.7445863984731299,0.6419471294437011,-0.270267604363889,0.2177182010871666,1,5.67590384839921,0.4182170430293593,3.513557703554961,2.16234614484425,5.67590384839921
-0.8246503402906875,0.7034921482250248,-0.07782143613647309,-0.27595145169613816,-0.3617238360933866,1,4.406130929925611,0.19172262530745693,2.9377428510908214,1.4683880788347903,4.406130929925611
-0.0628938668998582,-0.44787764493195836,0.6581430360025633,-0.3952835480161807,1.5929640960273812,0,3.560160782302297,0.6771143036935512,3.5265144288020505,3.560160782302297,7.086675211104348
1.465210503481381,-0.8915434898545047,0.06970426942928022,-0.650656621336195,-0.3266475631886115,1,11.06029935786216,0.8363805924428861,3.0557634155434243,8.004535942318736,11.06029935786216
2.002427467644797,-0.3075714171157992,0.36022603707742873,0.5413212940082783,-1.0006293724832407,1,13.924121973463581,0.9762981450562416,3.288180829661943,10.635941143801638,13.924121973463581
-0.8550954744092049,-1.2060223714081189,-0.8859707338977769,-2.8500301093171823,0.5445824007936281,0,4.852282010845184,0.48933090124874473,2.2912234128817786,4.852282010845184,7.143505423726962
2.05419384125607,0.14782073903652695,-1.4162688593406074,-0.642776382899948,-0.4588768450249969,1,12.070716587735014,0.9755373274110997,1.866984912527514,10.2037316752075,12.070716587735014
-1.0175847772133757,0.8601826383951566,0.8102600443753338,-1.1554517938176596,0.725081044447508,1,5.810965950313687,0.24566617662677243,3.648208035500267,2.1627579148134193,5.810965950313687
1.5268126635772652,1.9025582052295598,2.8652120230859626,-0.9019926494431975,2.824220426395203,0,13.851255538994973,0.819944863409698,5.292169618468771,13.851255538994973,19.143425157463746
-0.3542063885087883,-0.5924654553805143,0.3270723748778453,-0.5820613340930124,0.3990441406465261,1,6.264580661850948,0.6239682989853383,3.2616578999022763,3.002922761948671,6.264580661850948
-1.3200771877373016,-0.23875260206343432,1.2855822343616794,-0.05706129143115594,0.14159578673988282,0,3.7616970078183263,0.6178202187199043,4.028465787489344,3.7616970078183263,7.79016279530767
0.4752586047173115,1.1706616293176602,-1.655224712189433,0.5845240518374347,-0.26813913924176325,0,2.7208646452665293,0.43360837748071923,1.6758202302484535,2.7208646452665293,4.396684875514983
0.16663789531183854,1.0599501697623763,-1.1941866514118442,-1.0126444414430895,-1.9354299597138063,0,1.1881937857718958,0.22707030634925895,2.0446506788705245,1.1881937857718958,3.2328444646424206
-0.5491589417637764,1.3304323443788164,-0.12058718847346953,-1.3401248956547858,-0.485678744575047,0,1.2334828920245022,0.07947088087795103,2.9035302492212245,1.2334828920245022,4.137013141245727
-1.487861703490623,-1.1251861017311617,0.3888189102637133,-1.1738733263060288,1.1126343052033019,1,9.915771778336449,0.8426547416335355,3.311055128210971,6.604716650125479,9.915771778336449
-0.071120290830336,0.08559470394452544,-0.27837296760789404,0.7728478385437232,0.7831598877770107,1,4.4364987867328125,0.3941330957899103,2.777301625913685,1.6591971608191276,4.4364987867328125
0.3350543519121714,0.5647891059076481,-0.21208966992042563,0.5422030069090485,-0.33787777547380676,0,2.1886200214813925,0.4361570853327008,2.8303282640636596,2.1886200214813925,5.0189482855450525
0.0022316221624020006,-0.27464374936629743,-0.4572185393191959,-0.6891117977217902,0.4676901038588855,1,4.939872091877896,0.4159653894695872,2.6342251685446434,2.3056469233332524,4.939872091877896
1.3106059128134633,1.1711019716695594,-1.2565653359454354,1.2892030514068733,-0.31815850161792886,1,8.399345638998936,0.7986264997748924,1.9947477312436517,6.404597907755284,8.399345638998936
0.6007330151455916,-0.906215332047211,0.14197991387400533,0.3137231828969071,-1.4846047919196528,0,5.403407847377458,0.6599979812677119,3.113583931099204,5.403407847377458,8.516991778476662
0.6082671663441893,1.3459350078383152,-0.17464794568162792,1.360168130828013,-0.18969349345240752,1,6.5128767738051,0.3792272727068865,2.8602816434546976,3.6525951303504027,6.5128767738051
0.8495845310466172,-2.2185699659510996,2.4187777793134635,1.495458245242957,-0.2846255042536789,1,9.157935903537336,0.18066854885170647,4.935022223450771,4.222913680086564,9.157935903537336
-1.972089026643818,0.28802836830548917,-1.4439255470737569,0.444853537557488,0.4115657191642819,0,3.2750908864949038,0.4043593464758998,1.8448595623409945,3.2750908864949038,5.1199504488358984
-0.9414031690020248,1.1209670236143776,0.8055747028061735,0.9758233372885634,0.008857703668895378,1,5.7850560381068945,0.1645995833096076,3.6444597622449386,2.1405962758619554,5.7850560381068945
-1.4155240669137066,0.9778722722111376,-0.27037139913579117,-1.389780143192669,1.352039365974326,0,-0.26701721806300005,0.08489783792687773,2.783702880691367,-0.26701721806300005,2.5166856626283667
2.0994075205025093,-0.041248128979203026,2.159121154603292,0.09131472861134962,-0.38045590416635117,1,15.478464828610363,0.964178835960177,4.727296923682633,10.75116790492773,15.478464828610363
-0.6304584541854775,1.6370824079927424,-0.7801438813877718,0.7352693099749874,-0.5591638350592083,0,-1.1181618059891143,0.024546376202473,2.3758848948897824,-1.1181618059891143,1.257723088900668
-0.4603067625743631,1.030249693969567,-0.38003684628935364,-0.4047953794202932,1.1328046971748071,0,0.9389230929817698,0.11401536512345392,2.695970522968517,0.9389230929817698,3.6348936159502867
1.5973972932216232,0.6446898032842333,-0.6547697756239492,-0.5106084992975795,0.07991526374003749,1,9.37844471068791,0.8949123842673997,2.476184179500841,6.9022605311870695,9.37844471068791
0.32093006192565754,-0.9878659101397719,0.7230379395798638,0.08551332963959903,-1.7157083186381294,0,5.8610023011502665,0.7076554824051283,3.578430351663891,5.8610023011502665,9.439432652814158
-0.9289264824607304,-0.5041286736516637,-0.07285768884105508,1.889278795503996,0.23817130613962828,0,1.965503746228284,0.532409174642761,2.941713848927156,1.965503746228284,4.907217595155441
-0.8407718898986251,0.22063080430716323,-0.35208774745388094,0.32475823953354177,0.5805676870356148,0,1.68147402107778,0.2710479902379144,2.7183298020368953,1.68147402107778,4.399803823114675
1.209230647223938,-0.024286495670025846,1.6389605275998331,0.9080226625361912,-0.7074395448121878,0,5.609723670568726,0.833513874740179,4.3111684220798665,5.609723670568726,9.920892092648593
2.209855665748464,0.32699451327009765,-0.8351245039722351,1.6529130512304218,2.0777775851984446,1,12.877338511605002,0.9797559179706822,2.3319003968222116,10.54543811478279,12.877338511605002
-0.03302526371956056,-0.5036502603755963,-0.17237495745366196,0.7147317275176998,1.277856655030514,1,5.71149979481952,0.49592916059924247,2.8621000340370704,2.8493997607824504,5.71149979481952
0.5704873308635735,0.10172320847176979,1.4980117703044276,-0.3128364730515222,1.030919338366907,1,8.386083096270827,0.664095792396728,4.198409416243543,4.1876736800272845,8.386083096270827
-0.2880627983512786,0.43102295801089313,-0.11356256479045149,-0.05585218265281086,-0.3773865174622099,0,1.0976536741494423,0.322150628744223,2.909149948167639,1.0976536741494423,4.006803622317081
1.3448540311806945,-0.7329260381085351,-0.7402322525487084,2.1209935658451093,0.9778475646543314,1,7.898897398873469,0.7145434769257855,2.4078141979610335,5.491083200912436,7.898897398873469
-2.3851136986930364,-0.5652587392104036,-1.8119893375620542,-0.9506906934152551,-3.1385146662340397,1,10.481312602311728,0.9144891228652771,1.5504085299503565,8.930904072361372,10.481312602311728
-0.13698957769394238,-1.1419418191613115,0.059905256796438384,-1.6251212588825248,0.08291185317203993,1,6.443107142060837,0.5608376709617071,3.047924205437151,3.3951829366236868,6.443107142060837
-0.4149162781203273,1.5019529651885957,1.411356861745625,0.785345603010283,-0.3266137806612126,0,2.764169883058937,0.09133021187919718,4.1290854893965,2.764169883058937,6.893255372455437
1.9853803952602933,-1.5530352778398206,-1.4035586295636626,-0.08378309988906465,2.254038108921119,1,15.046603066772153,0.7633086402533569,1.87715309634907,13.169449970423083,15.046603066772153
-0.20233890687008754,-0.18324524320928193,-1.4419103561118092,0.9459295852703784,0.9531762543293538,0,1.6677410556773749,0.4571338167253083,1.8464717151105525,1.6677410556773749,3.5142127707879274
0.7890752013999099,-0.6292206728473624,-0.7067067683730057,-1.2931222504049704,0.08387250176093364,1,6.959381528757578,0.5551765517610755,2.4346345853015956,4.524746943455982,6.959381528757578
-1.0804073292785017,-1.1774165052492886,-0.42369071691067595,-0.48915617518421617,-0.5379785288219551,0,5.138979488488541,0.5773667772393839,2.661047426471459,5.138979488488541,7.80002691496
0.4664445968402613,0.07904780215027922,-0.28815603051111766,0.18301292831148205,-0.9915270411046322,0,3.212011914899148,0.5326687961082321,2.769475175591106,3.212011914899148,5.981487090490254
0.10527862390967795,0.15060249284463378,-1.5030468593574806,0.995693754370362,-0.8814337052269955,1,4.120998206106704,0.4801051582738839,1.7975625125140153,2.323435693592689,4.120998206106704
0.09030979920643496,1.1644117405352703,0.9256767577138694,0.03433338856883548,-0.36249900288206854,1,8.390554648274783,0.37413642365479455,3.7405414061710953,4.650013242103689,8.390554648274783
0.9475119085755672,0.6746949778086199,-0.61836502004413,-0.7948936470016904,-2.072355181695998,0,3.9869367027827,0.6226152592919338,2.505307983964696,3.9869367027827,6.492244686747396
0.1540318416835874,-0.08269774501839869,1.1361913746425423,0.3590550934803667,1.3342291941726905,0,4.323592841729267,0.6527946761323985,3.908953099714034,4.323592841729267,8.232545941443302
-0.6973642279161708,1.1381503309676184,-0.5289163791046552,0.7775960617922721,-1.4587583925306935,0,-0.43777680323435436,0.06951601512628681,2.576866896716276,-0.43777680323435436,2.1390900934819213
0.23513529936618852,-1.98468794144591,-0.2671374859417547,0.4403539938779136,-0.5209685512310958,0,7.527968536765277,0.3097627647258893,2.7862900112465963,7.527968536765277,10.314258548011873
-1.0504376287559674,0.8461184692959337,-0.10346278984692345,-0.4895706470306716,0.04189592115427648,0,0.8854584411839355,0.13846409717756203,2.917229768122461,0.8854584411839355,3.8026882093063965
2.6366691419455885,1.1535028497815438,1.1625736681878402,0.435546318992364,0.16648527257714707,1,22.420060678345283,0.9990202487325512,3.930058934550272,18.490001743795013,22.420060678345283
-2.3960822883304163,-0.6789803464631321,-0.4805744132024745,-1.874892064047533,-1.1574157902154336,1,9.99738893864886,0.8610019452394688,2.61554046943802,7.381848469210841,9.99738893864886
-1.980836470922634,-0.038323835697372494,0.8187659708488161,1.1067745186243287,0.41478446207924113,1,8.514661100753084,0.7410432400595264,3.6550127766790528,4.859648324074032,8.514661100753084
-0.963396341198569,-1.9320651585199595,-1.756868699401502,-1.2689825772544985,-0.8888596980356747,0,10.659748659240307,0.7069356930827728,1.5945050404787984,10.659748659240307,12.254253699719106
-0.15974849799158664,-1.0141642181269683,0.3389758936682615,-0.23227350279947281,0.0105457117410256,1,9.05087432710956,0.6391726899442051,3.271180714934609,5.779693612174951,9.05087432710956
1.1402505526712048,-1.18023173420037,0.41870457829236835,-0.013973228476073308,-0.33348628096969524,1,9.93279303688422,0.7715283425963346,3.3349636626338945,6.597829374250327,9.93279303688422
0.8852563208659603,0.8790141545570074,-0.9464907959884281,-0.1821605838579241,0.28121168258406537,1,6.843747105673593,0.5595039546581987,2.2428073632092573,4.600939742464336,6.843747105673593
-0.2730067480225845,0.5850213322877983,0.2811920179102754,1.8325612403560125,-1.5302791359297876,1,5.404839654977319,0.38676535910814386,3.2249536143282205,2.179886040649099,5.404839654977319
-0.12243598974739747,-0.9085025115121911,0.6041074554390441,-1.6171718900455445,0.3463127102248866,0,3.9627035235022703,0.6820808865369511,3.4832859643512353,3.9627035235022703,7.445989487853506
-0.6300484313483411,-0.7341618661210141,-1.4464982035406873,-0.46507594620100606,1.0845005302909256,0,3.569682349163002,0.5238582530514014,1.8428014371674502,3.569682349163002,5.412483786330452
-0.02518868352947947,0.6276804178744745,1.664641821966275,0.2637555848225758,-0.5587995720623407,0,2.194589891133429,0.33691848431300947,4.33171345757302,2.194589891133429,6.526303348706449
0.4672522151827898,-0.5442961463142919,-0.5044226832971694,-1.5198927996189848,0.9262574910843923,1,5.36471168765763,0.5013204085685363,2.5964618533622645,2.7682498342953656,5.36471168765763
-0.3860025756494393,0.18209824581586204,-1.0359619286066395,0.43594762971547235,-0.7619412381350837,0,0.07969975568856102,0.2824676386521594,2.1712304571146883,0.07969975568856102,2.250930212803249
-0.14170872170182425,0.8778260312391258,0.7907593122325293,-0.022030072516940464,-1.7681310327067183,0,2.6402439110444,0.395233729146952,3.6326074497860237,2.6402439110444,6.2728513608304235
2.9928105700606413,1.745858970273136,0.7226748248882985,-0.7532037815909708,-0.11359216170196468,1,27.82624982266968,0.9998578924057756,3.578139859910639,24.24810996275904,27.82624982266968
-0.5434204297765169,1.2638559390963884,0.2625028908518338,-0.7841638583598328,-0.470755099124782,0,2.4097560512542904,0.13419537096596065,3.210002312681467,2.4097560512542904,5.619758363935757
1.1211881425699046,1.6000978468204783,1.5283315634862455,0.7570320650539775,-0.2526248688026368,1,13.78135566439714,0.7001478432161388,4.222665250788997,9.558690413608144,13.78135566439714
-3.2415138253291205,0.2971600238082216,-0.0018287588441003935,0.13998209632135372,0.05389734703320638,1,12.435428279881677,0.8545085143833041,2.99853699292472,9.436891286956957,12.435428279881677
-1.326262161949157,0.5574085568511856,0.6322163140318503,0.6823387820596591,0.9465770035733866,1,6.16152078650753,0.3576271574147617,3.5057730512254803,2.6557477352820493,6.16152078650753
0.6040516449216232,-0.4100294115389108,-0.07083684791609023,0.09112486725337687,0.10769944910661848,1,7.067927877382986,0.6425279427069183,2.9433305216671277,4.124597355715858,7.067927877382986
0.9982176559717297,0.6436687530224908,2.0773434395699533,2.206468979884672,0.07964958261392499,1,10.54290418993195,0.6649761162374206,4.661874751655962,5.881029438275988,10.54290418993195
-3.8366555484593694,1.2368324661272665,-0.5403763389870544,-0.8014839218310068,-0.3984452749893668,0,8.00137489045778,0.2860879837373866,2.5676989288103567,8.00137489045778,10.569073819268137
-0.4466430468146064,0.6122698101053926,-1.5594357791262254,-1.0777207457916016,0.3431585541974166,0,0.6023802506520503,0.27290393365287463,1.7524513766990195,0.6023802506520503,2.3548316273510697
0.6229440304133081,0.641541644936012,-0.787036278933299,-0.97826564926624,-0.5066348337879193,0,2.9500553183654703,0.4557619755523493,2.3703709768533607,2.9500553183654703,5.320426295218831
0.23987275228472507,1.4854773692725496,-2.0474371857707503,-0.22072875695836655,-1.3326784410252037,0,1.7080402198399496,0.3068992079727856,1.3620502513833996,1.7080402198399496,3.070090471223349
-1.6522426773534897,0.9669566453448166,0.5446245744993387,0.4494335159472622,0.9210258397309934,0,3.962769798823042,0.18278336878770685,3.435699659599471,3.962769798823042,7.398469458422513
-0.47971889676613605,-0.43263751633352826,2.1857306167225743,-0.24657105425957435,0.7351321130540912,0,1.509956540263681,0.3765580514873357,4.748584493378059,1.509956540263681,6.25854103364174
0.006381540963314977,-1.8482585300784151,-2.044629003801268,-0.5789842199399048,1.056101251669989,0,9.92456277327836,0.5564171571870489,1.3642967969589854,9.92456277327836,11.288859570237346
0.7882916566360036,0.9140771642240336,-0.9870461789363153,1.6158724901223136,-0.9648933001863843,0,3.791041991949285,0.5028005148082811,2.2103630568509476,3.791041991949285,6.001405048800232
0.21282439866996872,-0.010352289907736689,-0.17387382031458634,1.3385921382956067,-0.7051105201659605,0,2.6510847743415646,0.49826605760647547,2.860900943748331,2.6510847743415646,5.511985718089896
-1.349605255711928,0.01999548620641927,-0.3998267342865265,3.377382919082646,0.676507476439975,0,1.5552077263754265,0.3474463189280049,2.680138612570779,1.5552077263754265,4.235346338946205
-0.4093405752186243,-1.0561115691870866,-1.8802884105687847,-1.025219085737433,0.11494177175913174,0,5.863267819883889,0.6444123529425022,1.4957692715449722,5.863267819883889,7.359037091428862
1.4273286515947694,1.121689142387919,0.2290948316463794,-0.3231676657024847,0.26881235641215423,1,11.461253918125355,0.9145356275355682,3.1832758653171034,8.277978052808251,11.461253918125355
-0.518637997484576,1.7183639957638757,-0.18919018127507997,-0.08633785824672688,-2.215822425020668,0,1.0249350415297083,0.03428894182837331,2.848647854979936,1.0249350415297083,3.873582896509644
-0.19543484652276386,0.836484137964941,-1.0677225770385452,-0.7507203344928128,0.7927110177336647,0,0.6439714049426861,0.17648819374037536,2.145821938369164,0.6439714049426861,2.78979334331185
-1.4766572235180533,1.0578010075419184,-0.532143890173102,-0.38856822049120293,-1.1238784051255941,0,0.29155819542536354,0.0577907789900306,2.574284887861518,0.29155819542536354,2.8658430832868818
0.3780462604278832,2.45987198502938,0.781497239460632,-0.8642852619405358,1.135620585491476,0,8.850305646533647,0.09351342213816492,3.625197791568506,8.850305646533647,12.475503438102152
-0.31667954593424946,1.3744849814275593,0.8066764021643629,-2.9431415654717332,-1.0040796329550274,1,6.396646265015115,0.18410065134747747,3.6453411217314904,2.751305143283625,6.396646265015115
0.9443852228353897,0.15165727214501756,-1.0237559477078506,-0.6335895154938127,-1.9062366200893806,0,3.333853986411594,0.6611442394426267,2.1809952418337195,3.333853986411594,5.514849228245314
-0.08837328752639602,2.2106897260157643,0.8049333907323256,2.190417001188423,0.8823970897899802,0,5.780028374303563,0.05288598021304487,3.6439467125858607,5.780028374303563,9.423975086889424
1.0274793433526916,1.9740786877450238,0.3772632593422264,-0.18722732150688023,1.0326575166220122,1,13.477346610009215,0.6076374951605782,3.301810607473781,10.175536002535434,13.477346610009215
1.4538402371218848,-0.47996464271220896,-0.7215690823400293,0.13885603243088018,0.8314988669316621,1,9.46023290634996,0.7911974152799419,2.4227447341279764,7.037488172221984,9.46023290634996
0.7980910486615617,-1.4241676001875991,1.9116060670633217,-0.6411649293968504,-0.2650649968885794,0,3.9837669832024076,0.45672977142006416,4.529284853650657,3.9837669832024076,8.513051836853066
-0.9026543599878197,2.6983288359370876,0.24207067028796736,-0.8509750806815649,0.8639235499624459,0,3.843385772414115,0.001885243218529774,3.1936565362303737,3.843385772414115,7.037042308644489
0.7691357793100331,-0.1877270235798839,0.8406067127833832,-0.8252919608308644,-0.4929182749492523,1,10.27553440090707,0.8183053495214058,3.6724853702267066,6.6030490306803635,10.27553440090707
-2.010216654566063,-1.3239510842195628,1.8076308056706858,1.6414286277223145,0.06578864864896251,1,11.95812070270691,0.8904017722817658,4.446104644536549,7.512016058170361,11.95812070270691
1.6629314471898375,-0.16007448660830478,-0.24341030256790794,0.05651064846555637,-0.12492159532356542,1,10.024119946143124,0.9114754581181252,2.8052717579456736,7.218848188197449,10.024119946143124
-0.21519632356018042,1.1433981071495527,0.1501356539562031,0.7124817644338045,1.031380525277331,0,1.7366510914139126,0.20542019683288598,3.1201085231649626,1.7366510914139126,4.856759614578875
0.38818579565473343,-0.9702713259082388,-1.3528658889640388,0.1487806348073052,-0.17125630482493448,0,5.361498673415103,0.5186210110516977,1.917707288828769,5.361498673415103,7.279205962243872
0.08739142892012171,-0.01605403924858619,2.583573660166567,-1.330226255641338,-1.9899462698211248,0,0.6943360311574088,0.3877591606512457,5.066858928133254,0.6943360311574088,5.761194959290663
0.33237683351960967,-0.3764225545881953,0.3160678697299512,0.5838830222840011,1.2841046951788975,0,3.8373679797204643,0.6807577283175908,3.252854295783961,3.8373679797204643,7.090222275504425
-1.5072258203839384,-0.556717897857163,0.42876125888076383,0.7704635956872266,2.1934495502883857,1,8.380102920388321,0.7651715855334388,3.343009007104611,5.03709391328371,8.380102920388321
0.9557039711138672,-0.05678859588627712,-0.8904357529426616,-0.5642898527190192,-0.5927028229571065,1,7.201483076247268,0.652315094218566,2.2876513976458708,4.9138316786013965,7.201483076247268
0.6552336285137607,0.2569974455858305,-1.323649570842179,-0.435901469090433,0.8775475534514207,1,5.888302399733667,0.5966351657332637,1.941080343326257,3.94722205640741,5.888302399733667
0.351662354974059,0.5686446160127705,0.38292171005726305,1.6264307346088593,0.23604306382437004,1,7.025191450955409,0.6055155167754236,3.3063373680458104,3.7188540829095986,7.025191450955409
-0.386022797870698,-0.9157550411335605,0.2496094582097118,-2.440704014775084,-0.18428900183271194,1,5.905410440490774,0.6258360231736744,3.1996875665677695,2.7057228739230044,5.905410440490774
-0.20583985992134396,-1.364470853617281,-0.9282658386559959,0.8096575301482413,0.23071174907496259,1,7.846726805466943,0.3896970859341189,2.257387329075203,5.58933947639174,7.846726805466943
0.1017883337073275,0.30634753393202263,0.09262758794892355,1.2428625628583145,0.12342918170364875,1,5.662959194373139,0.49940232214559094,3.074102070359139,2.588857124014,5.662959194373139
-1.4582131138187504,1.6301299648744103,0.37034026732884573,-0.5892537307950677,-1.2534017182950186,0,1.8663460509996646,0.03218735497154503,3.2962722138630767,1.8663460509996646,5.162618264862742
0.3959142209580454,-0.11717200497437547,1.5741467860324088,-0.34590728066682785,-0.8373807896824669,1,6.585527128160859,0.6043021337533212,4.259317428825927,2.326209699334932,6.585527128160859
0.8957962182359285,0.9252818927168314,0.1686513676101955,0.6763570476749083,-0.0376871207422379,1,8.31649828333915,0.7308629573014547,3.1349210940881562,5.181577189250994,8.31649828333915
0.23386510100924698,1.164990882563923,0.625318334021503,-0.1692744383326247,1.3523625459261506,0,3.7085591994815825,0.43359194231825576,3.5002546672172024,3.7085591994815825,7.208813866698785
-2.3648553727915123,2.052073311421935,-1.7059590948907353,-0.627092824772296,-0.04091753519506904,0,-0.9292483560755367,0.005230353741050873,1.6352327240874116,-0.9292483560755367,0.7059843680118749
-0.14648067072816137,1.0064110400265547,-1.0578366186102344,0.2607668174830632,-0.578212098219754,0,0.6052356639466763,0.15036302509980726,2.1537307051118124,0.6052356639466763,2.7589663690584887
0.2951409793374166,-0.06477225979787651,0.09293565268297786,-0.5499248324643456,-0.5100639500960824,1,5.785435759254186,0.6021309311725563,3.074348522146382,2.711087237107804,5.785435759254186
0.28727251402742693,0.9437155057560443,-0.5982793341978477,-0.8687675445729097,0.613460165671837,0,3.034129200670386,0.2650103367733472,2.521376532641722,3.034129200670386,5.555505733312108
-0.0325038930576894,0.830498133985952,-0.9057972133711476,-1.7794389254234309,-0.5330040818263343,0,0.3552165377436961,0.1976179139107399,2.2753622293030817,0.3552165377436961,2.630578767046778
-0.766352609265016,-0.07878840008029991,-0.6368452142703895,0.7410169513364492,-0.28815026242251623,0,1.9001257247820875,0.3087241484508797,2.4905238285836884,1.9001257247820875,4.390649553365776
0.15047449877390098,0.15763455844094396,0.19495509241218734,-0.024129110454973405,0.5106006904103135,1,5.332493993285524,0.5675465009834975,3.15596407392975,2.176529919355774,5.332493993285524
-0.7956551338258075,1.399417926653883,-0.2365373833685352,-1.3115491378986817,0.18807335699177305,1,2.692157003431798,0.04761676195120683,2.810770093305172,-0.11861308987337393,2.692157003431798
-0.851180482447485,0.665334534508875,2.2096055760423776,-0.7865720915578501,0.3323723332239848,0,1.1491049538808615,0.13403064481063964,4.767684460833902,1.1491049538808615,5.9167894147147635
-1.7555055887046276,0.4539052294413472,-0.8857137997996899,-0.6248346184344824,-1.101286489839828,1,3.129555029105095,0.20358975804647084,2.291428960160248,0.8381260689448472,3.129555029105095
0.7321512260547355,1.0073043574732625,0.023385214658507663,-0.8644267053357196,1.5895230361038624,0,4.360679311910112,0.5957524185160021,3.0187081717268063,4.360679311910112,7.379387483636918
-0.7504101277546562,-2.162032299927439,0.4583890099570684,-1.1047746736415167,0.9886087934991747,0,9.152920588563862,0.6727326276998675,3.366711207965655,9.152920588563862,12.519631796529517
-0.38113769667341885,0.6037132405441962,1.401500346552158,-1.208858864620722,-0.5659371308924055,1,5.953976221221139,0.33135434679957676,4.121200277241726,1.832775943979413,5.953976221221139
-0.07567107265706344,1.5375513190343435,-0.6583827179404454,-0.5945036959490072,0.4781405755558084,0,2.02770756005501,0.06991353410584975,2.4732938256476436,2.02770756005501,4.501001385702653
-0.5772287257105709,0.15252588289761657,-1.5515374209681267,2.2143299425565965,-1.3477092303094034,1,3.0908296162832336,0.38207686549951403,1.7587700632254986,1.3320595530577353,3.0908296162832336
-0.32175270399020833,-0.032481035842094615,1.9126881343567956,-1.32484578093274,1.9837041354787512,0,1.4689067223561587,0.3639418527496157,4.530150507485437,1.4689067223561587,5.999057229841595
0.7571768211020226,0.41709532442324604,-0.9846336870179554,0.5711412420380737,-0.7234866224198,1,5.720853814508412,0.559869506699611,2.2122930503856355,3.5085607641227763,5.720853814508412
1.2666612531984123,-0.9710620291077331,-0.11315849445608397,-0.5552730880131715,-0.9875229624269947,0,6.880801958427322,0.7360150299906314,2.909473204435133,6.880801958427322,9.790275162862455
0.7413198169079143,0.5354587474096335,1.2090101989009971,-1.7798751082081674,1.0641707023410438,0,4.759985324181388,0.7515644851367891,3.9672081591207977,4.759985324181388,8.727193483302186
2.505448905356894,-0.4516410891769469,1.8951486121089698,-0.2631612720598266,-1.372409737561307,1,16.599574276126187,0.984899350084103,4.516118889687176,12.083455386439011,16.599574276126187
-0.3056324424067956,1.048203967675276,-0.8381764823315314,-0.6003386590064871,0.5935394322931908,0,0.27347011714779607,0.11035388701209929,2.329458814134775,0.27347011714779607,2.602928931282571
0.003060116738572855,0.5846229524867408,0.23782954075833587,0.47962531955157295,-0.4323011858095411,1,6.310874948213547,0.44793254057377446,3.1902636326066687,3.1206113156068778,6.310874948213547
0.23173094203039254,-0.9273730056959336,1.2884336225033886,-0.6342747168173137,1.1288474875493895,0,4.421263652027472,0.6445870458891576,4.030746898002711,4.421263652027472,8.452010550030183
-0.2336069609828654,0.20199901075732124,-0.4949645508907007,-1.015995431168029,-1.7447603876053015,1,3.431684642865304,0.30327634876291,2.6040283592874394,0.8276562835778642,3.431684642865304
-1.0553241585924595,-0.32390885321592183,0.21187917882888407,1.0103793132832635,-0.4457574597968489,1,6.524476130163718,0.5868521758037988,3.1695033430631074,3.354972787100611,6.524476130163718
-0.8819607642671741,-1.4427147860027125,0.4800636179041039,1.3831945153293432,1.2663302679562887,0,6.207121999036375,0.7500105354657234,3.384050894323283,6.207121999036375,9.591172893359659
0.7099327481472374,0.638543317267599,1.697623779709341,0.3320814614168105,0.6461296760241716,0,4.7250508007675895,0.6083751273214683,4.358099023767473,4.7250508007675895,9.083149824535063
-0.3207838618519991,-1.3620433708547575,-0.6838489004995763,-0.009159038534655271,0.06078537250130285,1,7.416820899001341,0.39847160889221145,2.452920879600339,4.963900019401002,7.416820899001341
1.9262858548553932,0.08127716759106869,1.1788434440256437,-0.43507724157631605,-0.31167588576523414,1,14.31104500477809,0.9797299621261787,3.9430747552205148,10.367970249557576,14.31104500477809
-1.3290076372234483,-0.7423280128765718,0.5269813913637531,0.007560180394133265,0.9429386198972337,1,9.348746699706572,0.7785309025456711,3.4215851130910027,5.927161586615569,9.348746699706572
0.18125394834505026,-0.3524537316377418,2.148296863786959,-0.09390356871304721,1.163000969705304,0,2.0549330755265136,0.43281298905377796,4.718637491029567,2.0549330755265136,6.7735705665560815
-0.4012092065446777,0.7095994793835665,0.9280156591516868,0.20849197057558072,-2.354482922696602,1,6.451449645010092,0.3796141303370103,3.7424125273213495,2.709037117688742,6.451449645010092
0.018252460856112946,1.2304600477599754,0.5274808330277304,0.4458388752292466,-1.722256933957519,0,2.8025937761611566,0.31185307253986355,3.4219846664221842,2.8025937761611566,6.224578442583341
-0.7204550706750589,0.41135763115143903,0.410383276786892,1.2146667801329025,-0.14486675514609437,0,1.6161771012939659,0.4013625408684613,3.3283066214295136,1.6161771012939659,4.944483722723479
0.40582408667381425,0.016374241931293703,-0.9869427365015568,-2.2557913310947475,0.43100969213007667,0,1.9336999900024332,0.4625237756508234,2.2104458107987544,1.9336999900024332,4.144145800801187
0.17394720841281136,-0.6181750421001689,-1.6191730565158649,0.6297395144087381,-0.265920074195552,0,3.7131682076343315,0.58783586781373,1.704661554787308,3.7131682076343315,5.41782976242164
0.5568747223681456,1.8640485304117584,-2.141430880319705,-0.6996008087023639,-0.20937561331191326,1,5.097641871784006,0.34623761217506777,1.286855295744236,3.8107865760397703,5.097641871784006
1.4548261741466506,-1.636403019206485,1.9358610256806046,0.1358559015662905,-0.09600066173385824,0,5.962018191006809,0.5165388192066218,4.548688820544484,5.962018191006809,10.510707011551293
-0.19805976321890642,-0.4362630321800288,1.0481167592691547,-1.0685207540824389,0.3454141816438536,1,6.880767507252024,0.6516592912549675,3.838493407415324,3.0422740998367006,6.880767507252024
-0.38418166570697554,-0.7621334485140979,2.585975175683896,0.41905073475346005,0.6132655446611438,0,1.7011653840472087,0.41547032927284117,5.068780140547117,1.7011653840472087,6.769945524594326
1.1377767806686623,-1.4213499453185472,1.7522919091220317,-2.5089571784950757,-0.7687664100385205,1,8.826917449429772,0.5639322762949708,4.401833527297626,4.4250839221321465,8.826917449429772
-0.45903167317890037,0.5817233649705059,0.21871826614148773,-0.16681474069839325,-0.011997344627723866,0,1.6884358897025749,0.3364812907496524,3.17497461291319,1.6884358897025749,4.863410502615765
-0.9780230235225682,-1.4972323944841732,0.7265116223360603,0.6937061125361853,1.5844943751570586,0,6.925227582201062,0.7889115021169484,3.581209297868848,6.925227582201062,10.50643688006991
-0.790017096815208,0.6928152103009226,-0.28370672836473176,1.1904749851934822,1.0219627766781416,0,0.8732160019849968,0.16338656702033283,2.7730346173082148,0.8732160019849968,3.6462506192932116
0.2112093992244567,-0.33953015666598657,0.9609321786082614,0.6469045232565658,-0.6844404020861826,1,7.511960336197156,0.7030957162197673,3.768745742886609,3.743214593310547,7.511960336197156
-1.327798673479431,-0.2885329006817962,1.515413815348209,1.1464871587330383,-1.1123274696705807,1,6.703968333902083,0.5728791246233997,4.212331052278567,2.491637281623516,6.703968333902083
-1.167757415899921,1.2746838496794863,-1.135635904757829,0.5092953236420079,-0.6160712153363237,0,-0.47350557052409736,0.04039554554926706,2.0914912761937368,-0.47350557052409736,1.6179857056696394
1.6170449245216825,-0.7704247991378789,1.1433615302058282,0.18485865406036467,0.2521948542342867,0,8.974865868399622,0.917322329656935,3.9146892241646625,8.974865868399622,12.889555092564285
-1.970308581351401,-2.2029133532057186,-0.22056594026731396,0.24690606341661173,-1.1251978277377233,1,17.830962123803506,0.9260503125683031,2.823547247786149,15.007414876017357,17.830962123803506
-1.0886934104763422,0.561472629826133,0.5628544804571306,-0.13774106038792705,0.780201721186075,1,5.995045771949481,0.34804165642237145,3.4502835843657045,2.5447621875837765,5.995045771949481
-1.1742022957201466,-0.3559349170869707,1.6478776057836733,0.06832212993981754,0.12631251458699935,1,7.4724282728103795,0.5283009423125304,4.318302084626938,3.154126188183441,7.4724282728103795
2.3059465859677397,-1.3993421658487708,0.7964303666421104,1.6639862798080995,-0.3248579264985461,1,16.09845461465776,0.9478900275035574,3.637144293313688,12.461310321344072,16.09845461465776
0.8596307868548461,-0.9820194972109048,-0.6867323955673516,0.3849664160476343,0.7985666731105902,1,8.125252777242673,0.5203328014132265,2.4506140835461188,5.674638693696555,8.125252777242673
1.1209365124062458,1.569628586939493,-0.06744655855518213,1.193611755172588,-0.34230484344914897,1,10.52862071827506,0.6788855566938934,2.9460427531558544,7.5825779651192065,10.52862071827506
0.902091311588268,0.20748879785218177,0.4456779070819239,0.42350787402203743,-1.6047050097978122,1,9.330375561361612,0.8298578032468537,3.356542325665539,5.973833235696072,9.330375561361612
-1.1241218588607733,0.10254143981752241,-1.6872790796411685,0.8312111031997558,0.8715559662881419,0,1.411413865611777,0.43158844446384603,1.6501767362870652,1.411413865611777,3.061590601898842
0.32717055287779023,-1.1211340127579221,1.3801389388685148,2.037210639718358,0.14707682744597397,1,7.1092690977588555,0.61103949822564,4.104111151094812,3.0051579466640437,7.1092690977588555
0.5105353784512363,0.20173865479604391,0.5303691889987993,-0.11955875662639608,-0.034564239843803336,1,7.770512489543459,0.7304988376599422,3.4242953511990395,4.34621713834442,7.770512489543459
0.9057176004973654,2.3456241618964406,-1.4000712344017388,-0.10381248440296688,-1.1804604852320821,0,6.814049833646065,0.2337599981828778,1.879943012478609,6.814049833646065,8.693992846124674
1.5920248985760834,-0.5877379693198984,-1.443200793785794,0.6381869988485734,1.7443111147431112,1,9.571084990901968,0.8753284337568563,1.8454393649713647,7.725645625930603,9.571084990901968
0.6635978685607627,0.20479787728191723,0.4091409227759939,1.4148406628255548,-0.8741992700141499,1,7.930530213432142,0.7585084990468135,3.327312738220795,4.603217475211347,7.930530213432142
-0.11184710408631295,-0.4526901485095334,-1.1678653072917102,-0.3283752594168024,1.1077210959824486,0,1.7720305512586507,0.4277604595087902,2.065707754166632,1.7720305512586507,3.8377383054252827
0.5666021483927255,0.6443105001082005,0.1464756116533182,0.5233237827285886,-0.8005903423481054,0,3.6884936625323044,0.6201004929404368,3.1171804893226547,3.6884936625323044,6.805674151854959
-0.3095098859272293,0.19200423696867674,0.27751585888189023,0.320187854921873,-0.1383352820163779,1,5.313113453014676,0.4862346269934459,3.2220126871055124,2.091100765909163,5.313113453014676
-0.3774234011303297,3.157771283044298,0.9067872729323987,0.4131474759526224,-0.23320849820639397,0,7.330415881756803,0.0017163242991768974,3.725429818345919,7.330415881756803,11.055845700102722
-0.45121882694387655,-0.13080059372695568,0.29282884358668343,-1.8804355440630813,-1.5693895953746837,0,2.9521437104873023,0.5462234700007232,3.2342630748693466,2.9521437104873023,6.186406785356649
-0.6368823889389575,0.20713943677856853,-0.23927314715185138,1.4781212260994843,-1.4823967869957688,0,0.2051998792831492,0.3064470384104351,2.8085814822785187,0.2051998792831492,3.013781361561668
-0.7513454696033703,1.5200917409911012,0.13111932467514684,0.8848425828011585,2.0512469432694633,0,0.9980844909652296,0.05737408347311478,3.1048954597401175,0.9980844909652296,4.102979950705347
-0.6938044179018226,-0.09931433779203207,-0.2724269009308716,-1.9545930044832756,-0.31039680375596906,0,1.7795887006703137,0.3725107802948492,2.7820584792553027,1.7795887006703137,4.561647179925616
0.8810621873806654,0.5405895418122408,0.6190831693880101,-0.3755089806394995,-0.6560972360056414,0,6.136826776352563,0.8252389980641773,3.495266535510408,6.136826776352563,9.63209331186297
1.2692556718986205,-0.49731714635766955,0.2940820387932141,0.16333468067753845,1.4617170162571183,1,9.425181417958775,0.8711780287055486,3.2352656310345713,6.189915786924204,9.425181417958775
0.9714123576723597,-1.2952586206671208,-1.18755316677504,0.5789098180691342,-0.06433764737916652,0,7.0355643416359515,0.514521380288085,2.049957466579968,7.0355643416359515,9.085521808215919
-0.4551717839537639,1.0156278839944708,0.18745938208891083,0.05245738688944395,0.7798286407550497,0,1.963856083914998,0.19998231000391856,3.1499675056711287,1.963856083914998,5.113823589586127
-0.3751089949435645,1.568518985472554,-0.788047623233008,0.6569290663420881,1.4338328386598447,0,1.3671388255650243,0.04043464677875244,2.3695619014135936,1.3671388255650243,3.7367007269786177
-1.3772954892720999,-0.3433351758524492,1.1422073928855578,1.1572445477310251,-0.17149560038823927,1,7.737165022383552,0.6878517910848222,3.9137659143084464,3.823399108075106,7.737165022383552
-0.7346710936768595,0.9559358223307622,1.1835491025816047,-1.1646633485123947,-1.2039136489663802,0,1.9149887916355945,0.20933328516774352,3.946839282065284,1.9149887916355945,5.861828073700878
0.22525668198359955,0.629360633428892,-0.2990690852300549,0.6792938199823493,-0.7101366068373821,1,4.3123206852827956,0.36144355031215153,2.760744731815956,1.5515759534668396,4.3123206852827956
-2.1146935990737354,-0.42390107233259605,0.06323214651310118,-0.27583995989645654,-1.1586032636594852,1,8.885001049476955,0.8068770897867025,3.050585717210481,5.834415332266475,8.885001049476955
-1.8156489758788175,-0.5140888043678978,0.8976557716497436,1.2561974394136823,1.187713384138455,1,8.802814783327708,0.8371037391161167,3.718124617319795,5.084690166007913,8.802814783327708
-0.815909535148553,-1.153706323630364,0.49663461497989536,0.6351000115979253,0.40016960520049744,1,9.47820816098958,0.731362866700991,3.3973076919839165,6.080900469005663,9.47820816098958
-2.0140632742377633,-0.8668845848834666,-0.02968879028597843,0.48721819463042715,0.7673073626024868,1,10.408229199923744,0.8609348949654674,2.9762489677712174,7.431980232152527,10.408229199923744
0.14425352228204003,0.33078380653823597,0.08486545836110417,0.685619374218483,0.312865651490911,0,2.7928970192526767,0.5045803459099444,3.0678923666888833,2.7928970192526767,5.86078938594156
0.06573766004728737,-0.26836879913738076,0.0812914250424811,0.48459137883927483,0.2674753888980612,0,3.681017808525528,0.5675186887798049,3.065033140033985,3.681017808525528,6.746050948559513
0.38082641834525377,1.3427218613511855,0.2651639227465874,-0.6489985204731576,0.883606785994169,0,3.123393265984376,0.3803205398562928,3.21213113819727,3.123393265984376,6.335524404181646
-1.3661983376689175,-1.0814133807392872,0.3358472647200691,0.5163966677865788,-1.245051223503995,0,6.9872407334395685,0.8067364047942811,3.268677811776055,6.9872407334395685,10.255918545215623
-0.38281748098675,-0.6060838322196587,-0.48667632288159673,0.9435977762729458,0.7065054635472527,1,5.092773115166253,0.4134027250852385,2.6106589416947226,2.4821141734715297,5.092773115166253
-0.019122179853707483,-0.5459619271149279,-1.3496496702201406,1.4201849387819487,0.5921139002849184,0,3.1503769655011005,0.4859368414675673,1.9202802638238874,3.1503769655011005,5.070657229324988
-0.7066691040731404,0.7195994976248915,-0.07022362057462567,-0.2871095048623429,0.43521152828960236,0,0.6293213062773311,0.1986921700338646,2.9438211035402997,0.6293213062773311,3.5731424098176308
-0.741498249912725,-0.34375651951011005,0.12146106419954589,-0.49945119288521345,0.669085210267524,1,5.517323280091426,0.5407712999711319,3.097168851359637,2.420154428731789,5.517323280091426
1.8690665036782608,-0.7542981326071427,-1.6651252963040444,-2.0017401674762616,-0.15046814149498222,1,11.620378737235791,0.9303832720379873,1.6678997629567645,9.952478974279027,11.620378737235791
-0.6631645901261828,0.20786050106708062,0.13259767202610107,-1.6032168466140961,-1.814883829481406,0,2.6786267615041175,0.40326720180866454,3.106078137620881,2.6786267615041175,5.784704899124998
0.29593324034609525,0.135428834719957,-0.42581799836655126,-1.6571435851323046,0.47139126276499077,0,2.3655700415507166,0.4424018753657028,2.659345601306759,2.3655700415507166,5.024915642857476
1.2718995454239435,0.27798244021892227,-0.8474738905650646,0.04455216557115131,-1.366114080933685,1,8.505124838287845,0.7825857294571382,2.322020887547948,6.183103950739896,8.505124838287845
1.0579607138387925,0.08184433452953882,-1.7681569117532319,-0.3006743604436826,0.46330151023423083,1,7.107247507626617,0.8382907680053701,1.5854744705974144,5.521773037029203,7.107247507626617
-0.33304762097552243,-0.2758957214401739,-1.2244022070472718,0.5665409870816561,-0.6484692000191374,1,3.8370457277249446,0.4025675607850699,2.0204782343621828,1.8165674933627618,3.8370457277249446
-2.1564453770050327,-0.3712573706703938,0.981149715570353,-0.3869294465999474,1.7379849851235203,1,9.973667187550348,0.8679109657854052,3.7849197724562824,6.188747415094064,9.973667187550348
0.42896794854851705,0.3387581622803661,-0.12839826591760886,-0.06828620776429063,-0.263423635119504,1,5.684166151634372,0.5337871283568786,2.897281387265913,2.7868847643684584,5.684166151634372
-0.30226939208252646,0.5308671620671488,-0.9358312297905655,-1.0758938287242596,-1.1231950508753776,1,1.5102863439920828,0.21202637780075878,2.2513350161675474,-0.7410486721754646,1.5102863439920828
2.045654547677154,0.53034290167058,0.3044922016801448,-1.0575146702934315,0.6233423006748285,1,14.468755619529453,0.9878813070299571,3.243593761344116,11.225161858185338,14.468755619529453
-0.11657134645332866,0.21416894113174983,-0.976620315863556,0.1602688574175767,-0.4238335382064832,0,0.9784520906407322,0.3084361474502765,2.218703747309155,0.9784520906407322,3.1971558379498872
-0.7656111570301878,0.7341063358072487,-1.5377078085300024,0.5647762643141505,0.6844861335529961,1,2.0053540612421084,0.19646402874993604,1.769833753175998,0.23552030806611024,2.0053540612421084
-0.8796436755512407,-0.8203284611324674,-0.2230256812664022,0.28203621046222055,-0.1528549918142255,0,3.981629161488088,0.5380430504641285,2.8215794549868782,3.981629161488088,6.803208616474967
0.4335624601918793,1.762979652537399,-0.5077167691497139,-1.7151799707034205,0.8259235830306532,0,3.3545609987915075,0.1376483612835563,2.5938265846802286,3.3545609987915075,5.948387583471736
1.6833145759275296,0.3927683630511244,-1.087748675353668,-0.12389236323520093,-1.1185234842116323,1,10.017272023935288,0.9194769474099366,2.1298010597170656,7.887470964218223,10.017272023935288
0.6428554939629476,-1.3512904026984345,-0.3001287868282,-1.0043378262939064,0.12682468513496187,1,7.846569089579054,0.46364024174606716,2.75989697053744,5.086672119041614,7.846569089579054
-0.36634167713775767,0.17676210325026384,0.02235055496636566,-0.9866590277241104,0.6268770635290218,0,0.6403335264082551,0.4102232816505493,3.0178804439730924,0.6403335264082551,3.6582139703813477
-0.0487656518431153,-0.9885290078659005,2.2409265562057925,0.4764301667171248,-0.15326055339930547,0,1.7510361464071318,0.40468926608125394,4.792741244964634,1.7510361464071318,6.543777391371766
1.4152045267018234,1.8418156093866072,-0.1453494223138852,0.347397486434762,-0.9880028180029409,1,12.455459515948506,0.7898748561208231,2.883720462148892,9.571739053799615,12.455459515948506
-0.1471927507680115,-0.19906255375986986,0.184827033621654,0.33276047863701036,0.5598284488280599,1,6.160718001356958,0.5582226691164889,3.147861626897323,3.0128563744596355,6.160718001356958
0.23764265629995912,-1.2107426266291645,-0.9384671057410849,-0.546407619463673,-0.2822405919232288,1,7.513723510500155,0.39769657330039077,2.249226315407132,5.264497195093022,7.513723510500155
1.0507742904721133,-1.162938986852913,-0.3574150481706999,0.9530094982140498,-0.29987747449661223,0,6.319912258911816,0.5746359584128504,2.71406796146344,6.319912258911816,9.033980220375255
0.46041564984282407,-0.13954204292790354,0.25678325732472285,-0.22847254380954055,0.667065472728354,0,4.260451063411157,0.6899871390719099,3.2054266058597785,4.260451063411157,7.465877669270935
-1.5450564074064352,-0.36331200838854505,0.29657267669430815,0.533695248006193,1.4929526227538277,0,4.269136998303185,0.7007900598675822,3.2372581413554467,4.269136998303185,7.506395139658631
-0.3910246668655764,1.4794817618608729,-0.6590238266596705,1.3286464115446437,0.8174671266983724,0,-0.24496064701134712,0.04808515406826715,2.4727809386722637,-0.24496064701134712,2.2278202916609167
-0.9134585796322228,0.30703923725182186,-0.05123583553219154,0.6255845936750005,-0.22327158843330958,0,0.9922571400883512,0.3114821625135854,2.9590113315742466,0.9922571400883512,3.9512684716625976
-0.3072462256617315,1.3690945827628513,-0.09872089445567296,0.8264223241917663,-0.22535148504419977,1,3.544009228430462,0.10138105141697283,2.9210232844354618,0.6229859439950005,3.544009228430462
1.6666632592275232,-0.6783346293354934,-0.6141435312471847,1.524517181115903,-0.44494639089525284,1,10.299174288866103,0.8304221016859088,2.508685175002252,7.790489113863851,10.299174288866103
1.6010743061643926,0.8918405795948128,-0.15464970656083346,-1.8132934720171585,-0.019318304271835673,1,11.131425818931376,0.9259596209666296,2.8762802347513334,8.255145584180044,11.131425818931376
0.10163005353342468,1.167217733304373,1.5884471762401118,-0.6849871791437476,0.8011817639881827,1,7.250703176195979,0.2503098011312228,4.27075774099209,2.9799454352038897,7.250703176195979
0.7654021560133495,1.0734127024104452,0.4986899121355445,-1.94249769096177,-0.1554224325277597,1,8.511479656652568,0.7067091727234793,3.398951929708436,5.112527726944133,8.511479656652568
-1.1557075749169152,-0.20260577291807386,0.980004236133894,0.30515083587497266,1.1480908663974327,1,6.76592274445227,0.6381722278820166,3.784003388907115,2.981919355545155,6.76592274445227
0.3417539207135393,-1.2983259396689026,-2.5208470065727346,0.14880876167959034,-0.21392646635116538,0,8.087228322940009,0.6667897875508483,0.9833223947418124,8.087228322940009,9.07055071768182
-0.9769457393818821,-1.700627249651378,-0.7347432134727092,-0.19449148486477605,0.6658778237063901,0,8.324633467570917,0.5312713525595585,2.4122054292218325,8.324633467570917,10.73683889679275
0.18863108156798006,1.6080672471727289,-1.0356040560453943,0.8810588920574334,0.04729874312872792,0,1.4445784038995786,0.10483730941275246,2.1715167551636845,1.4445784038995786,3.616095159063263
0.6946691241185846,-0.43651486326554356,1.0716803738905898,0.29522475834524275,-0.6794449849177494,0,3.6305279428070096,0.7815554618214543,3.857344299112472,3.6305279428070096,7.487872241919481
-0.012024028913188147,-0.23955585893709952,0.4891783506377937,-1.1797767493745086,-0.029351702115694548,1,6.284893836985349,0.6481681093817201,3.391342680510235,2.8935511564751137,6.284893836985349
0.39530725264933086,0.03302330719303323,1.3469412443889957,0.7740227740710525,-0.007480796740746615,1,7.408501882028357,0.6554333486321395,4.077552995511197,3.33094888651716,7.408501882028357
0.21668909749767315,0.2956655514819996,0.40329960416682403,-1.825657995664608,-0.30152629576934714,0,2.7741930328903748,0.613600420993028,3.3226396833334593,2.7741930328903748,6.096832716223834
-1.4844390681934263,1.2782809474594865,-0.06084952000292773,-0.19334094967962276,0.8967973320332352,1,3.5244589359687124,0.05178643766129502,2.9513203839976576,0.5731385519710548,3.5244589359687124
0.42232479744987467,-1.1286345143792071,-0.0709053625273688,-0.33516697322638483,-1.744532888606054,1,7.9523677742780805,0.5439454510747751,2.943275709978105,5.009092064299975,7.9523677742780805
-0.6902762332372047,-0.18354032201646558,-0.1149509314918426,-1.4822314236773086,1.1516655830474756,0,1.7925380064943104,0.43404295221931183,2.9080392548065257,1.7925380064943104,4.700577261300836
-0.10210305889143893,0.03755307666056291,0.4006416383398367,-0.7880762539036712,0.45635597313269627,1,5.979507418349867,0.5814430021976666,3.3205133106718696,2.6589941076779966,5.979507418349867
-0.367074646018183,-0.8965855406471915,0.5734474933553989,1.4916738588018077,0.7248293734858318,1,7.61968603321777,0.6829563824789558,3.458757994684319,4.16092803853345,7.61968603321777
0.9229775651404308,-0.520630606562299,-1.5976197291684564,1.4901375220998412,2.05451488940476,1,6.766900048625212,0.7434700583416369,1.7219042166652347,5.0449958319599775,6.766900048625212
1.542806773769682,-0.3357859389797497,-1.1546343387288442,-1.0656826978195666,-1.6837325676140487,1,8.713077663691108,0.8550048485509423,2.0762925290169245,6.6367851346741835,8.713077663691108
-0.10737861841004537,1.6056779580824545,-0.14166263187224326,0.3023229003482749,1.3755969643042085,0,2.9235058849211395,0.08601865018714028,2.8866698945022056,2.9235058849211395,5.810175779423345
-0.40409531183239966,2.035531456719595,1.9920944074974534,-0.13111133868048266,-0.5775342640192128,0,4.653478937367565,0.015613047665726219,4.593675525997963,4.653478937367565,9.247154463365527
0.697238046390313,-0.347524942518858,-1.1565552170673363,1.2812386535229803,1.21644738727708,1,6.067762927501274,0.5864496058596259,2.0747558263461308,3.993007101155143,6.067762927501274
0.15551160376356082,-1.2628647537281779,-1.2295262512173861,0.10722928841915275,-0.49987103450503223,1,8.15536203620322,0.4354513056585787,2.016378999026091,6.138983037177129,8.15536203620322
-0.3410929321416082,1.0219631550600035,0.7331793174225577,1.378142680497613,-0.9906232233772576,0,2.6759741465038718,0.2905072379904965,3.586543453938046,2.6759741465038718,6.262517600441917
-0.34319156868671197,0.7589816954601127,0.44807834101289173,1.5323803825876219,0.4205367059040693,0,2.408694896464977,0.3508631346744083,3.3584626728103135,2.408694896464977,5.767157569275291
1.8481091041055524,0.5400178017231407,1.0621674475886602,-0.32351494678445714,0.014287211883989065,1,14.09712691575353,0.9811939697009832,3.849733958070928,10.247392957682601,14.09712691575353
0.9109444038394753,1.6129781705930544,0.729236949310753,-0.08317177193461948,1.3773350295283417,0,8.399249224836442,0.6813432100105254,3.5833895594486025,8.399249224836442,11.982638784285044
-2.191978656279881,-1.4222345015068736,0.681634223668389,0.014108356253124855,0.6055136511241652,1,14.790716505741877,0.969599496581475,3.5453073789347114,11.245409126807166,14.790716505741877
0.06440752243194205,0.5709456946038727,-0.8144028209931906,0.5704860860796908,0.9944145282075845,0,1.9504993652000624,0.270397187776964,2.3484777432054473,1.9504993652000624,4.298977108405509
1.2205506039312326,2.0135542946486997,0.24409844350238658,0.2739110868471789,-1.5231724641738478,0,10.90394224897979,0.709548322030839,3.195278754801909,10.90394224897979,14.0992210037817
-0.531411401138425,-0.19308207400661265,1.050319552276355,-0.6110011240896291,0.7963400197488324,1,6.305158413548873,0.60026347052513,3.8402556418210843,2.4649027717277887,6.305158413548873
-0.0016217169633801235,-0.1771681151147619,0.24889396913325643,-0.39115637225284255,-0.4290372480926655,0,3.171126201104151,0.5936657553352384,3.199115175306605,3.171126201104151,6.370241376410757
-1.7047859057901145,-0.24795420732788961,-0.4799681461487265,-0.5159809893490795,0.41687306259004037,1,6.149300387049276,0.5044753668879632,2.616025483081019,3.5332749039682576,6.149300387049276
0.6586319527905097,0.2321945046423276,0.9954151904494745,0.5755619258303651,-0.29505618980564213,1,8.724011798765698,0.7751839258534134,3.7963321523595797,4.927679646406118,8.724011798765698
-0.46285628571437976,0.31282223676684645,0.5737671099019008,1.3978443070314983,1.1911730449400957,0,1.5820003729333123,0.4889254710065833,3.4590136879215208,1.5820003729333123,5.041014060854833
-0.541473006507169,-0.10200628012726169,0.67101780491777,1.067997778058972,0.9389694687047921,0,2.783094734846764,0.5971230961032411,3.536814243934216,2.783094734846764,6.31990897878098
-0.06387783283134668,-1.2540226524285165,-0.9989363762455913,0.2726335143194143,0.34222557942434556,1,7.075691983949594,0.39754304380424993,2.2008508990035267,4.874841084946067,7.075691983949594
-1.098679373434385,0.04456961088927163,0.6312243569717831,-1.1512266575071441,1.1049972018044145,1,6.266760496911885,0.558356029967652,3.504979485577427,2.761781011334458,6.266760496911885
-0.37753114855982517,1.257613112576651,-0.5334524457759005,-1.026625482884179,-0.4581369898417196,0,-0.15339912706304876,0.07757634640933614,2.5732380433792796,-0.15339912706304876,2.419838916316231
-0.09514812307732015,-0.3884799067714809,-0.21600142157311336,0.33396514967619034,-0.17117936979639942,0,2.2844123832607828,0.46898718225922675,2.8271988627415094,2.2844123832607828,5.111611246002292
-0.06611239395200703,-1.709226399202596,0.3916980160104727,-0.08920329769166797,1.610292980482871,1,10.624635740673833,0.5765835184261564,3.313358412808378,7.311277327865455,10.624635740673833
-0.9395651672539582,-1.8082953284995145,0.6180684939300419,0.3465270183130004,-1.0084330205311458,0,7.7759218331610995,0.7725497511139493,3.4944547951440335,7.7759218331610995,11.270376628305133
-1.5297489550040915,1.53739673068429,1.4141103906067818,-2.4874567587061294,-0.45822302925650094,0,1.5783719874274054,0.03283329901300177,4.131288312485426,1.5783719874274054,5.709660299912831
1.6641920547838993,-0.47606255777786693,-0.49061223402665266,-0.28275932762936834,-1.1208969737681593,0,7.595825334271116,0.8650421354228357,2.607510212778678,7.595825334271116,10.203335547049793
-1.7047757442280442,1.0525473107347487,-1.8429369062476757,0.2472714521087559,0.8865794927576496,0,0.3045037485964864,0.1266698925368633,1.5256504750018594,0.3045037485964864,1.8301542235983457
-1.4512262989011584,-0.9242684025950716,1.21317918839159,0.5328917202270399,-0.6172857068788872,0,5.085171029763008,0.8080365750188601,3.970543350713272,5.085171029763008,9.05571438047628
1.202249003361171,1.2065357234543024,0.2690526930157071,-0.9001602278736629,-0.4134487034717953,1,11.041386185161546,0.845689205301709,3.215242154412566,7.82614403074898,11.041386185161546
0.28638674395539016,-0.18859482914748824,0.9389571782348514,-1.5297740801093362,-1.4942635290662387,1,6.394143260789034,0.7115995384220972,3.7511657425878813,2.6429775182011523,6.394143260789034
0.18087111148243243,-0.49154441380690456,-0.6270486146977409,-1.7680567191743972,0.019545844798181757,0,1.8491781762932495,0.4321557456337618,2.498361108241807,1.8491781762932495,4.347539284535056
-0.05275510800076566,0.6534789819517407,0.0689061331209721,-0.13260407824049675,1.1770006367903372,0,3.233132653444158,0.36692765238029096,3.055124906496778,3.233132653444158,6.288257559940936
-1.31246730344855,0.5363892188475762,-1.6711471647953489,-0.8383618800008077,-1.2126571326233138,0,1.1871495160160062,0.2691796527172602,1.6630822681637207,1.1871495160160062,2.850231784179727
0.7819425354519183,-0.06541023359539401,-0.013503244592976752,-1.106732987729451,-0.2996934959328892,1,6.666063581794942,0.7143898349317331,2.9891974043256186,3.676866177469323,6.666063581794942
-0.7634653033091117,0.383455014854216,-0.9910911353316136,1.3297943652050759,-1.6755804496240945,0,0.3288148534494845,0.20373864758930213,2.207127091734709,0.3288148534494845,2.5359419451841934
-0.8065198324565613,1.6772005099660963,-0.4351387479620344,-1.314878664404412,0.21907156253766866,0,0.11420384207682857,0.020692158806745884,2.6518890016303724,0.11420384207682857,2.766092843707201
-0.47539224221454224,-0.8358702556183059,-1.0958708107987174,2.768373605625943,-0.25155190018413637,0,3.746671097690202,0.4365673064177483,2.123303351361026,3.746671097690202,5.869974449051227
-1.9255673603328771,1.4937097590055342,0.6110709051105707,-0.7664664310197877,-0.9331190886861417,0,2.489818754284426,0.05094550702177845,3.4888567240884565,2.489818754284426,5.978675478372883
0.6734727961582307,-0.24691832748945464,-1.9259778184451013,1.7872399646046684,-0.433990462215957,0,4.999659095982148,0.762092324684064,1.4592177452439188,4.999659095982148,6.458876841226067
1.4955717364824264,1.278434957965715,-1.0010095444828142,1.0331898643631479,-0.6514425498636812,0,6.5266262560950175,0.8438721894171701,2.1991923644137485,6.5266262560950175,8.725818620508766
-1.866700586803942,-0.4245981660221425,0.397637501776279,-0.4627366479963379,-0.30704834092510147,1,8.406379934748717,0.8045254764468242,3.318110001421023,5.088269933327693,8.406379934748717
1.143566044928613,0.10649398029009184,-0.8432983112849525,0.7020303236673265,0.19767556695424515,1,7.173216441170739,0.7290006416727793,2.325361350972038,4.847855090198701,7.173216441170739
-2.521604801462043,0.4283529137714487,0.3918287077161016,0.020121129580859987,0.8917005810695752,1,9.129562802080414,0.6222206470579983,3.313462966172881,5.816099835907534,9.129562802080414
-0.6723935843265022,0.33649978882090087,-1.5669593711673528,0.4070903833988318,1.9530596955398964,0,0.7070124965434548,0.326944463109234,1.7464325030661176,0.7070124965434548,2.453444999609572
-0.9948563524675411,-0.7598021319877752,-0.7100154428915523,0.12999822580159529,-1.0630362728537182,0,3.8270268501385756,0.4650267062588058,2.431987645686758,3.8270268501385756,6.259014495825333
0.42124737869098017,0.8468399454691652,0.5343472134537843,-1.7684154256380724,0.9951676651586061,0,3.6111700678519782,0.6002285719905633,3.4274777707630273,3.6111700678519782,7.038647838615006
0.9373674142536799,0.8301613723463044,0.372842248655825,0.2201893142051328,1.0323893981263967,1,9.324401748012251,0.7969371086110675,3.2982737989246598,6.026127949087591,9.324401748012251
1.9235134876034545,-0.9530404633648498,1.0781253957947718,-0.08621709800745275,-0.1296730520286007,1,14.093093235751043,0.9434340358369433,3.8625003166358174,10.230592919115226,14.093093235751043
-1.5365306903820384,-0.28478940951539505,-0.9972649579684154,-0.4638544295059457,-1.0981863837781498,1,5.816597694758483,0.4623329095267087,2.2021880336252675,3.6144096611332164,5.816597694758483
-0.44890838731300636,-0.40611035702340326,0.09675491843880031,-1.614749862291331,-1.4455181477453234,1,5.034820853397206,0.5404925521145969,3.0774039347510405,1.9574169186461658,5.034820853397206
0.36191427073052657,-0.7974381170700989,1.0745297902299311,0.2252697220150467,0.6067621502064073,1,7.679675506256928,0.7067283752118234,3.859623832183945,3.8200516740729835,7.679675506256928
1.4106923204208948,-0.30971081180657256,-0.5744867054162757,0.8717025855988134,0.5095135639296859,1,8.399210831578522,0.8049928717056847,2.5404106356669796,5.8588001959115426,8.399210831578522
-0.18733030982130086,1.3914579669559421,-0.21224430983993056,0.03277363755578143,0.021222650834258405,0,1.6373284973779378,0.10236383982319162,2.8302045521280554,1.6373284973779378,4.4675330495059935
-0.9345938948984711,0.07758538948639096,1.3967601773984912,0.4449683153761758,0.031063426398931438,1,6.037522547780846,0.4486796078143223,4.117408141918793,1.9201144058620527,6.037522547780846
-0.16176728116566902,0.33086702840635124,0.7497666284891851,0.609238830889753,-0.33186486182197916,1,6.903849862321147,0.5504209834662598,3.599813302791348,3.304036559529799,6.903849862321147
0.32478159411011454,0.47993974114827864,-1.0071949875269783,0.16823054118369438,-2.161303886302362,1,4.315340351290216,0.3774584063988658,2.1942440099784175,2.121096341311799,4.315340351290216
0.48253370982118504,0.6603430545626816,0.7475461257864594,-0.3950468521695675,0.3090468350240348,1,8.333067500912348,0.6798640893936709,3.5980369006291677,4.73503060028318,8.333067500912348
1.4239538455411669,1.4137696482912587,-0.029172699226560628,0.13931963072955983,1.110911144734433,1,11.529858106989893,0.8675465888855775,2.9766618406187515,8.553196266371142,11.529858106989893
-1.5008020152621748,-0.32307574267702455,1.3355704555367565,0.9752005416847661,0.36926377764990465,1,8.292148620909252,0.6657534051092261,4.068456364429405,4.223692256479846,8.292148620909252
-1.5058324053306205,-0.04991023304116202,-0.589915396249933,0.3310389028172135,-0.8093466847948803,0,0.9053986239991512,0.36724223629199676,2.5280676830000535,0.9053986239991512,3.433466306999205
-1.0257233949746074,-2.0648652776836416,1.2218046849767015,-0.3997705114430575,0.15714578370253451,1,13.138769340324375,0.7515914322975364,3.9774437479813614,9.161325592343013,13.138769340324375
-0.0022381164741810933,-1.0674339329604994,-1.2590649114481933,-1.0053151259972355,-0.723168438829393,0,4.966450620761213,0.4586617319281631,1.9927480708414453,4.966450620761213,6.9591986916026585
0.36660624701380495,-0.7957176635206115,1.7464906315946216,1.027151035893151,0.8083595496657083,1,6.967617122673127,0.5433725526140115,4.397192505275697,2.57042461739743,6.967617122673127
-0.11965890247315014,1.5142807357204837,-0.21800563112112403,-0.031261414154246076,0.1699745397492694,0,2.576684417968436,0.0915720672486327,2.8255954951031006,2.576684417968436,5.402279913071537
0.701823040543344,0.6369080790029854,-0.4751252784446032,-0.5329937194259537,0.6399029571520845,0,3.2907993762736183,0.5220086732022394,2.6198997772443176,3.2907993762736183,5.910699153517935
0.7152365838912327,-0.3933511248228728,-1.587188069678454,-0.20731609600824458,0.6235257988258587,1,6.56376912295303,0.6952586969974885,1.7302495442572368,4.833519578695793,6.56376912295303
1.8054168464197806,-1.197957962340662,-0.42657125283057357,-0.3894035615253766,1.3558053394315013,1,11.764874727574842,0.7777931795715571,2.658742997735541,9.106131729839301,11.764874727574842
-0.03494150045863278,-0.9073265593722656,0.5586952829218191,-0.40463852004094636,-1.2243872733579544,1,9.426421191670805,0.6790316541262542,3.4469562263374556,5.979464965333349,9.426421191670805
-0.8927733072761507,1.734041954422619,0.38420922164946225,0.10776005545254295,-0.24989373581204613,0,2.8628504551667904,0.03821519872567291,3.30736737731957,2.8628504551667904,6.17021783248636
0.2921488421187989,0.2802359460024943,0.2921688282073261,0.114845090277753,0.8687983383055493,0,3.7395623809376293,0.614232286685169,3.2337350625658607,3.7395623809376293,6.9732974435034905
0.02310434600073103,-0.9779388355526387,-0.6124228909008682,-1.9790186934897123,2.0268171160423925,1,5.426091840236837,0.41161320934255285,2.5100616872793053,2.9160301529575317,5.426091840236837
0.8627545919526867,-0.8300704951292369,-0.2818448493970999,-0.6368764742064333,1.542547211374117,1,7.745010684628362,0.6137075285510933,2.77452412048232,4.970486564146041,7.745010684628362
-1.419877164270929,0.11447605881877927,-0.10852784256484785,0.8268386307091143,-0.104009227724695,0,1.6889933913505641,0.3905987138169499,2.9131777259481217,1.6889933913505641,4.602171117298686
-1.7582088766554351,-0.25111783464244086,-0.972162217943325,0.07957954655656065,1.4341770365203266,1,6.347137387393251,0.503740842117363,2.2222702256453397,4.124867161747911,6.347137387393251
-1.7394252442322782,-0.8002227353999037,-0.552692953783497,-0.38163109541321133,0.7401256641052443,1,8.336786936251254,0.6864162677288587,2.5578456369732026,5.778941299278052,8.336786936251254
-0.1735444175613875,0.4158027257204452,-0.6257730437317763,0.22992434541793752,0.7777976308777149,0,0.4224725355875002,0.2568110212178405,2.4993815650145788,0.4224725355875002,2.921854100602079
-0.7322995497370884,0.7813581198065147,0.05237276872756848,1.0454602404822526,-0.20141990007697352,0,0.9963014676087213,0.20285734125439794,3.0418982149820546,0.9963014676087213,4.0381996825907756
0.3812446551620988,-0.04060623167853,-0.09621226204057896,0.25893042822568985,0.5368074692249037,0,2.6649489290191997,0.5685146406804109,2.9230301903675366,2.6649489290191997,5.587979119386736
-1.249564911924005,1.4336336088178778,-1.8596630405497985,-0.684812109738896,-0.09426907076490067,0,-0.35577193849653055,0.05585267535127357,1.5122695675601612,-0.35577193849653055,1.1564976290636306
0.4123559690859481,1.5761725277413785,-1.8582914882251074,-0.5076941283897106,-2.1268334877992654,0,2.518329178870707,0.3222892704220602,1.513366809419914,2.518329178870707,4.031695988290621
0.03162197391024777,0.27168358450003066,1.5907957421712526,0.12063476089345412,1.0440251294423797,1,6.851072111048294,0.4539517406509154,4.272636593737002,2.5784355173112927,6.851072111048294
0.583837081539059,-0.4352481970051683,-1.4089607467920393,0.2750022982918108,-1.4921020171453638,1,6.44263831572245,0.611629206917045,1.8728314025663686,4.569806913156081,6.44263831572245
1.295207072669644,-0.16206210203682392,1.1951774115114164,-0.48021443413239945,0.2688507864009919,1,10.685515143247642,0.9024080270323532,3.9561419292091333,6.729373214038509,10.685515143247642
0.20934885733468878,-0.04504411801092395,-0.4326595133965921,0.3924560184705202,-0.9261632634832083,1,4.693559466813989,0.4383712698611743,2.6538723892827263,2.039687077531263,4.693559466813989
-1.2094353289590587,1.2428268933268276,0.7271679888921005,0.06589160860223994,1.6651423825437814,1,5.948910526845685,0.11345029308865204,3.5817343911136805,2.367176135732005,5.948910526845685
-0.26776551872484483,1.3227032199889794,0.17557408492582183,-1.0247507500763902,1.8480401917708498,0,2.3452078614300005,0.1527311310396295,3.1404592679406576,2.3452078614300005,5.485667129370658
0.9907108466240852,-0.1210210310095643,0.7271712595339491,-0.4037034339979068,0.829149035059542,1,8.871447590972949,0.8655398107042221,3.5817370076271593,5.289710583345789,8.871447590972949
-2.3910785652839595,-1.0198013336945937,0.9792597442869628,-0.24965553821891934,0.2075422948887419,1,14.089263299055641,0.9678296025977302,3.78340779542957,10.305855503626072,14.089263299055641
-1.3467856621154346,1.847866995702103,1.1905296437176767,-0.20068521837532977,-0.4046958568633263,0,3.5620054996887727,0.018459037428034338,3.9524237149741412,3.5620054996887727,7.514429214662914
1.029604361419693,1.9824704501689276,0.9537602558113537,2.171802667396602,-0.922351329061918,1,13.963213193743218,0.6427420801952014,3.763008204649083,10.200204989094136,13.963213193743218
-0.8193868304987907,-1.1889411180533487,0.44176064964947936,0.1756035498043702,-0.15195112347198586,0,5.687541871442352,0.7258859615193203,3.3534085197195838,5.687541871442352,9.040950391161935
0.8092586281232986,1.232328605214664,-1.525662409286842,-0.5969720279011155,0.8201435941230599,1,6.228875275376563,0.5675861916194652,1.7794700725705264,4.4494052028060365,6.228875275376563
-0.467738683858582,-0.7982060763581541,1.0185374276503947,-1.28950006972398,-0.301579807791105,1,7.604868836155408,0.6806072919933184,3.8148299421203156,3.7900388940350926,7.604868836155408
0.32864402580480856,-0.5738199139101188,0.7831556560131748,-0.568876975197369,1.4086194934459193,0,4.540147695938794,0.7305646241691538,3.6265245248105398,4.540147695938794,8.166672220749334
-0.12574629749577262,0.6712701367053535,0.7460239529828163,-0.6275400027440727,-2.0534865486558886,0,1.858425521985685,0.46589286550972153,3.596819162386253,1.858425521985685,5.455244684371937
0.36075575466383486,0.0722883471248695,0.5558260275751273,-0.22652747238283805,-0.43042769880071585,1,6.539453954918118,0.7035640740745405,3.444660822060102,3.0947931328580163,6.539453954918118
2.0084730109816995,-1.4723540615107777,0.7339504783642384,-0.574601858183391,-0.33577861774042206,1,14.69926243627364,0.8972319917223004,3.587160382691391,11.11210205358225,14.69926243627364
-0.3171028325739657,-0.8034342741712571,0.5712242102362395,1.3906435959499572,0.47001366124666144,1,6.448611715657728,0.6779975627346778,3.4569793681889918,2.991632347468737,6.448611715657728
0.10338199621209512,-0.9864404990992466,0.5168252658244509,2.1563496317292987,-0.3806946237950925,1,7.831269359502509,0.6758588801970697,3.413460212659561,4.417809146842949,7.831269359502509
-0.37598357935186616,-0.5610891309809973,-0.4894142344944204,-2.7452995536723845,0.4050353858557128,0,1.9546966308405564,0.40863422522918585,2.608468612404464,1.9546966308405564,4.56316524324502
-0.8455521763546138,-1.6102631187918002,0.7531899497325488,-1.0820177850419361,-0.3386690538837576,1,9.965967280010348,0.7616714432671701,3.602551959786039,6.363415320224309,9.965967280010348
1.46644239118858,-1.4092157980245135,-1.532598234597762,0.26930618956233815,1.1494873640103684,0,9.586246091683224,0.6915098718761846,1.7739214123217903,9.586246091683224,11.360167504005014
-1.574341717731963,0.4076897368371771,0.5809995399616921,-2.0591604836923203,0.7985013379072202,0,2.6801054019645925,0.44274573495298114,3.4647996319693535,2.6801054019645925,6.144905033933946
0.8766058798421794,-0.31178557325602474,1.2523463622980082,1.1364555743248452,0.10311792571720485,0,5.7873577855105625,0.8020561718723733,4.001877089838406,5.7873577855105625,9.789234875348969
-0.45144539032493364,-0.9728278925829571,-0.03756350936619123,0.569758919704179,-0.32417686104064125,1,6.7173405777738715,0.5518814637718881,2.969949192507047,3.7473913852668246,6.7173405777738715
-2.19750100526203,1.2687138945765704,0.19022322184489376,-0.37962449667683384,0.8571583884232884,0,3.3243758804266244,0.07745944634075422,3.1521785774759152,3.3243758804266244,6.476554457902539
1.5246385964827562,-2.8019115694878916,0.43426364992207156,-1.4266492108103472,0.49911050679894126,0,12.009133159088483,0.16666237454926924,3.347410919937657,12.009133159088483,15.35654407902614
0.12792720237457925,0.6357265264405499,-0.4992476144946552,-1.873240111819152,-0.4503681912566681,1,3.402545391252854,0.2931702659353134,2.600601908404276,0.8019434828485783,3.402545391252854
0.40684763513978306,1.0153923286752233,-1.1718313004725252,1.0270604268730175,-0.6478722896465213,1,4.381065294629838,0.31999954564332456,2.06253495962198,2.3185303350078583,4.381065294629838
0.3624498815945265,-0.5098939528656328,0.18217062771210168,0.8918776345702746,-1.2270140772885358,0,3.972288874403421,0.6552092902023371,3.1457365021696813,3.972288874403421,7.118025376573103
-0.6799058967468314,0.18496258734208662,2.4015836610303523,-0.863189712166828,2.040133885996919,0,0.9765985688341302,0.24545334716616396,4.921266928824282,0.9765985688341302,5.897865497658412
2.004423303675171,-0.09731115070159116,-0.2981525261999003,-0.6920651986646917,-0.0682025303326691,1,12.510202240565466,0.9605890725925296,2.76147797904008,9.748724261525386,12.510202240565466
-1.406719432559558,-0.0762390173205976,1.4968802738508562,-0.6110850624767177,-0.24072430398905076,0,2.547743943729846,0.5177230878934985,4.197504219080685,2.547743943729846,6.7452481628105305
-1.7011404742672418,0.3740620881310435,0.2644816849513739,0.0637023597657709,-0.21682705022214338,1,5.782225065360656,0.4165314773635825,3.211585347961099,2.5706397173995565,5.782225065360656
-0.2927579187724547,0.5019002337006719,-0.02881660158862331,0.3149718715553322,0.21498281745454795,1,4.971085755293906,0.3250477434682021,2.9769467187291014,1.9941390365648048,4.971085755293906
1.1234272870957618,0.6769940973750542,0.19286184315019064,1.5184220306521798,0.4202685290565615,1,9.121356494119656,0.8453239245409524,3.1542894745201524,5.9670670195995035,9.121356494119656
1.3049626887904189,0.6069426083866378,-1.841919078931543,1.3048347633193296,0.1351762413426691,0,6.273904184909313,0.9044760905525655,1.5264647368547655,6.273904184909313,7.800368921764078
-0.05195477090077795,0.28134834748957704,-0.3449831619570674,0.2270288603889453,-0.5918760663430924,0,1.740014174594377,0.34687029216971726,2.724013470434346,1.740014174594377,4.464027645028723
1.27427225873437,-0.1135881136210503,-0.3825838427224335,-0.9249258157192739,0.2687757891486415,1,8.350162697400721,0.7985699460118137,2.693932925822053,5.656229771578668,8.350162697400721
0.1871071001250919,0.3884246136775064,-1.0272518875051289,-1.601181198811573,0.6255913025065598,0,0.5038387242160554,0.3528565900549009,2.178198489995897,0.5038387242160554,2.6820372142119524
1.4846418618765076,-1.0263536223898961,1.5894412835616984,0.2839110587363809,-0.007062904550829715,1,11.58459956890552,0.8014274043006493,4.271553026849359,7.313046542056163,11.58459956890552
-0.397548696545778,-1.3845180194249966,0.9877285159245996,-0.7756063614376031,-0.7798066757376003,0,5.311214176238858,0.6817377300082944,3.7901828127396797,5.311214176238858,9.101396988978538
0.9919263098869546,-1.8829834466717266,-1.5235978106681667,-0.01813424350808177,0.2932844290048521,1,11.345865656909574,0.40927546695364325,1.7811217514654665,9.564743905444107,11.345865656909574
0.48473464796892385,-0.3017984933962528,2.5303696686416894,-0.22789255876583409,-0.23078615210272213,1,7.741702647543301,0.4958878264854071,5.024295734913352,2.717406912629949,7.741702647543301
-0.7969866688138775,0.12390681652107108,0.6149612320467747,1.20357805453346,-1.489284264440218,0,2.3917782984339984,0.5239493003221865,3.4919689856374196,2.3917782984339984,5.8837472840714184
-0.2459953383557008,0.44670361080914417,0.5870575345945356,0.006548657804539276,0.5424239695321018,1,6.555047117777548,0.4905283443804971,3.4696460276756285,3.0854010901019198,6.555047117777548
-0.8089638929258004,1.5579054323183568,0.9926281029794295,-1.3449277870651724,-1.0751030481167556,0,2.706356281364359,0.07185532396072862,3.7941024823835434,2.706356281364359,6.500458763747902
-1.0469217501069061,0.6779699708965284,-1.2847277664174672,-0.3310243342080806,0.4547043964167744,0,0.5761161884703434,0.15422259738853916,1.9722177868660262,0.5761161884703434,2.5483339753363694
-0.06616593454643473,0.2588875157127058,-1.0658027113487583,0.5948543733972447,-0.6132118924759965,1,4.014436215899445,0.320174258829879,2.1473578309209933,1.8670783849784514,4.014436215899445
-0.32461967439794126,0.23773172790598612,0.10307822153084817,0.023980019015592963,-0.7506268219767557,1,5.572282776945947,0.42471346772168134,3.0824625772246783,2.4898201997212683,5.572282776945947
-0.29954941119919215,0.0021835908370359453,-1.3750852331670849,-0.4625329663133788,0.38767987903284645,1,3.5719019508663026,0.3952141674337008,1.899931813466332,1.6719701373999707,3.5719019508663026
-1.2774366038453426,1.1565816515942398,1.2696132625998429,-1.2451505759600856,1.3576196330501393,0,1.3571145388560857,0.10628011896208257,4.015690610079874,1.3571145388560857,5.37280514893596
-0.1435815887121344,0.4185145591570548,-0.4966510521282467,0.9230448272267618,0.4060940188486671,1,4.325760508424272,0.2747825300476291,2.6026791582974025,1.7230813501268698,4.325760508424272
-0.8141532565976035,-1.1652019999652885,-1.4603024352092226,0.18794177643275645,0.5724714117797358,1,7.815313488504221,0.5911409685335097,1.8317580518326217,5.983555436671599,7.815313488504221
0.6509656787794414,-0.11798109460737784,-1.156996455664364,-0.682074798023783,1.1523486389619257,1,5.181971607030219,0.5750107272599887,2.0744028354685087,3.1075687715617106,5.181971607030219
-0.48462856460008136,0.14341763068147614,-1.0756504835748875,0.33658304545903495,-0.45768456167907784,1,2.314481686828211,0.28599552961265096,2.13947961314009,0.17500207368812104,2.314481686828211
1.0467127137757637,0.7735577062068134,-0.4957059465748997,-0.12666402734766338,-0.5511162400406288,1,7.764846029664611,0.6783910812273719,2.60343524274008,5.161410786924531,7.764846029664611
-1.4194331965450098,-0.8574424295472166,0.19821732772082012,0.3252594982295819,0.1485479035926389,0,5.682467622673368,0.7642040371371549,3.158573862176656,5.682467622673368,8.841041484850024
-0.30173305395863576,0.9330666057209853,0.06354190456093739,0.7032538280959473,-1.7737751322025186,0,0.8228660267305774,0.2270610710528956,3.05083352364875,0.8228660267305774,3.8736995503793272
-3.9224002516183423,0.2837880278380801,-1.4247656537214894,-0.21245170271305602,-0.30209704102460566,1,15.337996354163757,0.9677125754593128,1.8601874770228084,13.477808877140948,15.337996354163757
1.587400602415537,0.3999965529436064,0.16585902679867273,0.8369911546336737,0.36849758683903877,1,11.199952213853201,0.9461252508425655,3.132687221438938,8.067264992414263,11.199952213853201
-0.45767699298843306,1.0714759302545598,-1.1097501278882742,0.32324718753356224,-1.5475697941363111,0,1.3660427556689902,0.10111371884216797,2.1121998976893805,1.3660427556689902,3.478242653358371
0.20394385751599503,0.1929896417729295,1.6764549619146627,-1.5649738934417794,-0.6008871758538126,1,6.357984687203118,0.48874249165735406,4.34116396953173,2.0168207176713877,6.357984687203118
0.8226824265741438,0.33531725639730775,0.18030505133750305,-0.9561357029585392,-0.5908183480914292,1,7.522302407480851,0.7604580764766962,3.1442440410700025,4.378058366410848,7.522302407480851
1.2450410082232566,-0.051509193753927957,0.3753596961444733,-0.115188328776479,-1.1830855152497652,1,9.607655306054946,0.8970942891284064,3.3002877569155786,6.307367549139368,9.607655306054946
0.9338104260749966,0.5032323845324963,2.305636837367189,-1.015581379650545,0.8225729212004805,0,5.333843398754884,0.6252339570365962,4.844509469893751,5.333843398754884,10.178352868648634
-1.3115439660370012,0.15734656767307767,0.9765065890631646,-2.072135116096487,-0.20493247424160788,1,6.189060254083986,0.5296588120709107,3.7812052712505317,2.4078549828334546,6.189060254083986
-0.5632097340426203,-0.7019572982951219,0.3852126522593542,1.1206857064225952,-0.1332787152291555,0,3.202191500002233,0.6517454302422386,3.3081701218074833,3.202191500002233,6.510361621809716
0.20548642756002017,0.11430875305924776,0.0018035063564141765,-1.0893426377121063,1.1084446017228928,0,2.787637791758824,0.5325280090446045,3.0014428050851314,2.787637791758824,5.789080596843956
0.295195368158836,0.39488149000257766,-0.8065096290255822,-0.4592203979892406,-0.17613419771077837,0,1.1181775873300195,0.36878255484555517,2.354792296779534,1.1181775873300195,3.4729698841095535
-1.5341246934488515,-1.6880343251976782,-0.6007479306385678,0.52252076644239,-0.6531373899299409,1,12.155195121660787,0.7456825580120361,2.519401655489146,9.635793466171641,12.155195121660787
-1.0188051975907135,-0.8146856532376702,-0.4553424231453126,-0.35385896282010376,2.1655214522065567,0,4.815501242448256,0.508577664039836,2.6357260614837497,4.815501242448256,7.451227303932006
1.0546206284873183,1.024774112281728,1.1685803642733814,-0.9988208693340495,-1.2223646149872391,1,11.510113873009917,0.8254424693709179,3.9348642914187053,7.575249581591212,11.510113873009917
-1.1068702915340567,1.3345061333378379,-0.547191788882491,-1.251356182239287,-0.430996200219813,0,-0.30267239756098235,0.03379194550176428,2.562246568894007,-0.30267239756098235,2.259574171333025
-0.23860553171462742,0.26841327369456214,0.250951020712043,-0.8281805638735081,0.6856563925137109,0,2.5477322049256546,0.47291168240526493,3.2007608165696344,2.5477322049256546,5.748493021495289
-0.6391935337501581,-0.15627633670504304,0.686774070503355,-0.6418214039443414,-0.5693514235811376,0,3.713326248601183,0.6071184062445164,3.5494192564026843,3.713326248601183,7.262745505003867
0.591668049693131,-0.8577331766050195,-0.38479202360407067,0.5557421780428925,2.054092441435975,0,4.859844940666351,0.5239766332413458,2.6921663811167433,4.859844940666351,7.552011321783095
0.6054045047627467,0.47263976299001165,0.5308015836727296,-1.0731902740670494,0.115596738679908,1,7.991690388957688,0.7347429485696011,3.424641266938184,4.567049122019504,7.991690388957688
-0.029766488336401747,0.32158454037275613,0.11650805247587083,0.37969967741711247,-0.31146719489920155,1,5.893222296842222,0.46858136263948097,3.093206441980697,2.8000158548615253,5.893222296842222
0.058608917371792725,-1.227828566056992,-0.3199072780029138,1.3908335481766434,0.3188083396282559,1,6.58535095427816,0.44365913400492457,2.744074177597669,3.8412767766804907,6.58535095427816
-0.020921037383076883,1.8961232762543467,-1.3608349783010791,-1.1094555554462198,1.7127114112762727,0,1.5694027260896874,0.053927050210161157,1.9113320173591366,1.5694027260896874,3.4807347434488243
0.04596093604893383,-0.24258303628979377,-1.1992043250956432,0.44769626639501187,0.5444598695274623,1,3.930269709524579,0.4368515479855073,2.0406365399234856,1.8896331696010935,3.930269709524579
-1.0944943608348963,-0.14027558555042832,-0.33551583203306606,0.25597714641877106,-1.1192502422206438,0,1.9208884656312457,0.38557596469757327,2.7315873343735473,1.9208884656312457,4.652475800004793
1.2519474545131573,0.9158237815976042,-0.36317555873281615,-0.2164187116383712,-0.13642215027761603,0,4.8654546674452215,0.7865683895447785,2.709459553013747,4.8654546674452215,7.574914220458968
-0.7783085530065034,-0.4434294182350357,-0.27027036767460905,1.612868370707128,0.9466183083304367,1,5.187125424618497,0.45028200677915,2.783783705860313,2.4033417187581843,5.187125424618497
0.9346547073366236,0.3699256130043903,-1.1173270089312346,-0.041491104577379236,0.9704884596133799,0,3.83469077406157,0.6631300870972558,2.106138392855012,3.83469077406157,5.940829166916583
-1.258264629367288,0.6365532068732643,2.322609225262766,1.0618166459897318,1.4140291355619874,0,1.7055168748689438,0.12804876880183366,4.858087380210213,1.7055168748689438,6.563604255079157
0.2183387504421607,0.9679319487649898,-0.7178532143540355,0.7958638123412264,0.6543881340607632,0,1.628510535777806,0.23083421420590752,2.4257174285167715,1.628510535777806,4.0542279642945775
0.2899111740376629,1.3160074197184983,-0.5387848378473886,-0.18705751647366262,0.09546204135829657,0,2.9015237575476807,0.18697003026186593,2.568972129722089,2.9015237575476807,5.47049588726977
-1.0296109710894006,0.22693194380024787,-1.718930412953847,1.0469545344282092,0.046637366565965746,0,0.933116571472923,0.3920311991834421,1.6248556696369223,0.933116571472923,2.5579722411098453
-0.5208929039037633,-0.8343736122951215,-0.23457902961918758,0.6882597107724135,0.5477389787375606,1,6.7687962267850175,0.49351412439637754,2.81233677630465,3.9564594504803674,6.7687962267850175
-0.705537947278461,-0.8460396726276345,0.6568987063196474,-0.7223474046150294,0.05990977407950356,1,8.87005824424024,0.7117514317192143,3.525518965055718,5.344539279184522,8.87005824424024
0.12375464252427706,0.3120621317267384,0.8582704301818718,-1.2629629368673227,-1.9111593252604877,0,3.4442178713653457,0.6227279401128311,3.6866163441454973,3.4442178713653457,7.130834215510843
-0.5674472812283516,1.801528407832186,2.0221741000873785,1.8311771355658875,-0.1929813677606896,0,3.2782611286147123,0.020659760149299284,4.617739280069903,3.2782611286147123,7.896000408684615
-1.7821150819848288,-2.343039101651841,-0.6140381615494112,-0.19807363014936016,1.3006254010559588,1,17.232504116697033,0.8494066455001013,2.508769470760471,14.723734645936561,17.232504116697033
0.8678054595424457,0.2274050789916206,-0.8898447709411417,-0.9607795582448903,0.2541276870714354,1,5.537131643058263,0.6141624365224997,2.2881241832470867,3.249007459811177,5.537131643058263
0.6970509788397266,0.39188126224558456,-1.0345979596066548,0.6506676287920862,0.4259109671014114,0,3.394841410883508,0.5419579227813089,2.1723216323146763,3.394841410883508,5.5671630431981844
-1.0706664061901783,-0.7843209703002557,0.6884959745615665,-0.23450753514589096,1.5891473016364572,0,4.067012721017314,0.7535708371798985,3.550796779649253,4.067012721017314,7.617809500666567
0.5011292760645764,-0.48663118818926915,-0.01020560039093268,0.06338339263771817,-0.72839031324171,0,3.761034290621817,0.6319919815500024,2.9918355196872537,3.761034290621817,6.75286981030907
-0.9125881981776266,0.7013898938094993,0.8452732970420956,0.6037814695529586,1.5153180943238018,0,1.2943024862458659,0.3135384972313389,3.6762186376336765,1.2943024862458659,4.970521123879543
-0.5417732360116019,1.6742707660711302,-0.9009211185541528,-1.0126855633684928,-1.7599588821492502,0,-0.6555365943736389,0.02579341930158432,2.279263105156678,-0.6555365943736389,1.623726510783039
-0.44579531382681703,-0.5037223368294537,0.5259372802546505,0.24389094162045094,-1.1929733710191368,1,7.249681504825942,0.6505987236998304,3.42074982420372,3.8289316806222216,7.249681504825942
-0.39272623842581755,-0.37146202108768545,-1.7759822469618927,-0.9809467270133695,-0.7708136306140894,1,4.961635506734299,0.567610285869373,1.5792142024304858,3.382421304303813,4.961635506734299
1.4336250198209464,0.19145071595735258,0.6621687539474996,-1.498635497149212,1.1942144830139918,1,11.189111988488097,0.9436942746284068,3.5297350031579997,7.659376985330097,11.189111988488097
1.3011020630240928,-1.998344967144626,-0.7053167239158482,0.49576557301551033,0.6443884535381822,0,9.108258161696025,0.28426818166688855,2.4357466208673215,9.108258161696025,11.544004782563347
