X1,X2,X3,X4,X5,X6,X7,X8,X9,X10,treatment,outcome,true_cate,true_propensity
-1.0856306033005612,0.9973454465835858,0.28297849805199204,-1.506294713918092,-0.5786002519685364,1.651436537097151,-2.426679243393074,-0.42891262885617726,1.265936258705534,-0.8667404022651017,0,-1.2318030890748042,0.35853734319954594,0.26086298056110946
-0.6788861516220543,-0.09470896893689112,1.4913896261242878,-0.638901996684651,-0.44398195964606546,-0.43435127561851733,2.2059300827254558,2.1867860889737867,1.004053897878877,0.386186399174856,1,0.580975419797159,-0.22573419847384135,0.42749262238930313
0.7373685758962422,1.490732028150799,-0.9358338684023914,1.1758290447821034,-1.2538806677490124,-0.6377515024534103,0.9071051958003012,-1.428680700225969,-0.1400687201886661,-0.8617548958596855,1,0.7632128435747917,-0.40851291460392414,0.4069274730177055
-0.2556193705305969,-2.7985891054607244,-1.771533104509847,-0.6998772345979173,0.9274624317585825,-0.1736356827902158,0.0028459158968110196,0.688222711102285,-0.8795363430090519,0.283627323807291,1,-1.0677617819979086,-0.7039768106645544,0.7809968267724687
-0.8053665180656158,-1.7276694941206072,-0.390899793755101,0.5738058624050577,0.3385890509998015,-0.01183049447881976,2.392365265937726,0.4129121603087788,0.9787360059373466,2.2381433384979528,1,2.8921755201973145,2.334255882711029,0.6132873055324809
-1.2940853231612488,-1.0387882102049535,1.7437122251229307,-0.7980627352410625,0.02968323030333022,1.0693159694243486,0.8907063912931708,1.7548861819811095,1.4956441370334692,1.0693926697057368,0,1.690652551408113,0.5780370156973508,0.4681311221669204
-0.7727087142471915,0.7948626677932181,0.31427199450686705,-1.326265459940456,1.4172990464768525,0.8072365345785665,0.045490080631097156,-0.2330920609844135,-1.198301144700787,0.19952407355863258,0,-0.6151889272860162,1.9636735624366901,0.31350455706335084
0.46843911944564426,-0.8311549842432792,1.1622040490995293,-1.0972030464830342,-2.1231003500424417,1.0397270908927005,-0.4033660381021075,-0.12602958531301514,-0.8375167228250533,-1.6059627607174027,0,-1.4404958948445448,0.33271154706761674,0.6569647273132642
1.2552373747242185,-0.6888689838469215,1.6609524881479396,0.8073081862107286,-0.31475814671745994,-1.0859024011268665,-0.732461986720457,-1.2125231310951696,2.0871133595881854,0.16444123022982496,0,3.0463489450110908,1.435989797239046,0.7255285507605366
1.1502055425466322,-1.2673520490102275,0.18103512959700388,1.1778619388085783,-0.3350107619330159,1.0311144589217422,-1.0845679120057665,-1.3634715446185843,0.37940061207813613,-0.3791764345725522,0,0.983923420910382,5.020301790487066,0.7700827997082145
0.6420546892718314,-1.977887931520449,0.7122646354705182,2.5983039272693147,-0.024625981431480627,0.03414212890984157,0.17954948463867915,-1.8619757107917871,0.4261466396903099,-1.6054097440159647,1,6.108297205542853,2.0739097001116393,0.787508355028996
-0.42767959812380435,1.242869549603737,-0.7352169561000764,0.5012489895674,1.0127390539563705,0.2787408560959998,-1.3709484700946077,-0.3324752753514139,1.959411342388286,-2.025045762997471,0,0.8067114147800449,-1.0757067621329066,0.3025309457378135
-0.27578601386617546,-0.5521080714881078,0.12074736309713868,0.7482156171872304,1.6086909680220534,-0.2702323920091581,0.8123413299768204,0.49974014486517293,0.4743472978718003,-0.5639239315264725,1,0.026458177283868303,-1.7076013497298677,0.5344854184907956
-0.9973214687759007,-1.100043112620697,-0.7564372093991233,0.3216865758662266,0.7609493931283295,0.32346884785689517,-0.5489550961957409,1.805970109932475,1.5188656236315399,-0.35400011275017335,1,1.6003943542837888,1.1417306506387865,0.5128373835904123
-0.8234314059856659,0.13021495415796958,1.2672986450543529,0.3327649772541171,0.5565487049100443,-0.21208012227562573,0.4562708952022307,1.5445444514561384,-0.23966878147771076,0.14330773250787254,0,3.232843587668893,1.4333418403337366,0.3830025650771448
0.25381647654962736,0.2837253557710373,-1.4118888760712274,-1.8768686558738945,-1.0196550709218393,0.16794229540166816,0.5538561660032112,-0.5306745597736241,1.3772574828673068,-0.1431759743261871,0,-1.865642849129236,3.233736300279013,0.49626145976951663
0.02031599823462459,-0.19396387055266243,0.13402679274666512,0.7044740740436035,0.6656534379123312,-0.8984229406095902,1.5236637764785275,-1.0950264574269175,0.07922701409061239,-0.2743965735223526,1,0.6746160028183197,-0.41032386235445784,0.5267593909837033
-1.0489916773184873,-0.07512058797383152,-0.7408137732923984,0.07290724327605223,0.403085961219367,1.4719293689732715,0.3073842186274145,-0.6112253403048249,-0.39161981071960156,0.13997810611456363,0,0.6377163141255737,-0.2342435179054581,0.38061574025794653
0.09346082946215117,1.4595892682284208,1.3953529297569547,-0.3589359262422613,-0.5486421281861983,-2.5570546040678583,-0.5489204133222201,-0.9780577060842837,-0.3548244580948187,0.3915842423501111,0,0.4974196497334747,-1.3819127840869727,0.33557774407534446
0.1771923291989879,-0.02996800704754226,0.1995821110885137,-0.12611777323099171,0.19701893254347608,-3.2310550079193123,-0.26929348975075423,-0.110850721053007,-0.3412617162065858,-0.21794626210294177,1,1.1616626225886961,0.9588400601154675,0.525871914838861
0.7033101178067301,-0.5981053313408254,2.200702099217128,0.6882969302220884,-0.006307250913872172,-0.2066623031975665,-0.08652228638213517,-0.9153070699439787,-0.09520253925800948,0.2786835167270544,1,2.198198183471008,-0.36176802067281555,0.6571699290621865
0.5795416155732297,0.5796897791443336,-0.27487754656593466,-1.4160822525219303,-0.6691026262334455,1.612193042812388,0.8960583134099478,0.3696195863041741,-0.7612942447601239,0.003645154973777971,0,-1.442177652527108,4.207282604083622,0.49998147955362043
-1.255668685662482,-0.5519368756960736,-0.24520334168519506,-0.361639931865213,0.956601931056012,-1.4187259140354525,-0.8654322715151541,-1.3746879710222193,-1.237353212687854,0.12405589644664888,1,-1.6769189515885032,-2.181910157988319,0.4129300172337288
-1.6004405330562717,0.7538687788376367,-0.24681577694107554,0.06878833252597749,0.32257673799720377,-0.4341665202515911,1.0324797157533776,-0.19434272672763503,0.59407025523907,-0.19911238275725224,0,0.10530124110776216,1.9479588449394327,0.23556418229354303
0.2908743874249234,0.2796626701579614,0.2499699394555311,-0.9743078496209195,0.43587577054744,-0.3189569890995958,0.630488030489918,-2.152493444412304,-1.465116222054951,0.36344556213502865,1,3.689866606598751,3.262189800133979,0.5014014609882202
1.8629275851052287,0.8350587468112366,-0.6824509341999805,-1.692052415377956,0.7426862211616183,-0.0805832220429508,0.5907042178943853,0.11529872221079104,0.029642925120495236,2.958625445893176,1,5.71380120041718,7.680816229094691,0.6257283402982101
-0.0061299610455789804,-0.15924520925326485,-0.12144867540402206,-0.5835367167076569,0.9901328947153126,-0.3537543337813492,0.6359427056445893,0.2846030298135564,1.2189858621324263,0.4201795969883613,1,0.22568246676279308,-0.20529717055640917,0.5191300633854752
-1.2133847809476472,-1.3264877850539407,1.4083691460769014,-0.6087108032644418,-1.3206025797896521,-0.6696185998697584,1.2646252869680072,-1.4202129989485122,-0.8664952037596095,-0.6668075087965194,1,2.985046552521156,2.4348721727995164,0.5141341088887714
-1.2511898734731952,-1.1843273385116637,-1.5181079752636586,-0.46118741313672207,-0.35490883174008503,-0.6825381542033059,-1.653697838967641,1.2533359468559955,-1.3290788291721605,0.27803371202287097,0,-0.2849925064021107,1.6543024490723492,0.49164296146873937
-1.0747665931188752,0.6683168667415277,0.9558323551671646,-0.8776135866276552,-1.923715729697126,0.6957873191396077,1.8758005467136352,0.415694539892434,0.16054442147971804,0.8197606096101892,0,-1.62392847399696,2.4999315491765026,0.29493360136943475
0.7650548459970179,-0.8289888337610103,-0.6591513106966477,0.6111235500559109,-0.14401334748029268,1.3166055958635523,-0.7043421471287583,0.7506099168684812,0.3426379813692278,-0.12643756370963435,1,1.7593562365737472,0.8696793961588793,0.6893370636365577
1.1759107718346071,0.6800715328674297,-1.004967153382104,0.6402186804198472,1.374990631494199,-0.13044468898462372,-0.24865585038497331,-0.6696471476435246,-0.013603885675351006,0.68620068605291,1,6.671190730683604,5.351612220075236,0.5616643822774074
-0.8176682995787476,-1.34635756073724,-0.37574991098192634,-1.37972497865875,0.5232184412826316,-0.4266897699938011,-1.7554018445508066,-0.3486075147385099,-0.19261498579409048,0.4491356133597169,0,-0.84990685066426,2.6558429615430366,0.5657039967187859
-0.14536354315421035,1.8687264568398085,-0.5187038515389994,-0.06239854858230655,-0.10291061426267058,-0.28262838440702354,0.14242558501294,0.5412312971976727,1.3400987035364347,-1.5692561273944634,0,-0.13467203001232783,-0.1373336127525865,0.2675585470738708
-0.5103428738061208,-0.4477714253522432,0.937850297361706,-0.3566630610733439,-1.8951755930793188,0.0877304638665764,-0.03368923154093914,0.17975156577131524,-1.040162880979482,1.7190346810845034,1,-2.5220076098687123,-1.8661325349931281,0.4921792068466325
-0.32385978378534624,-0.18829685849366687,-0.9000085698091608,-0.9310020038747236,-1.2227369597487854,-0.3933108517811569,-0.957581838756634,2.0564673412252215,-1.8884923803868152,-1.1283305481817938,0,-1.4993978144295546,-0.6707733265164799,0.48306111907138605
-0.40141442845701475,0.6734912780983248,-0.41375688138006245,0.6759633930029775,-0.9868038892903219,0.05929113389470675,1.7440410870108336,-0.9677443956994779,0.4195676758953945,0.2069275192832601,0,-0.8592173566521847,2.8071403736090104,0.3687803121954254
-2.25153498598787,-0.5889705464706788,1.1311519053059893,0.1350776724846987,-1.2122689628960637,0.6907772729156428,-0.4791229453143527,0.36005072808083677,0.3769201144376306,-1.1186956011455729,0,1.3089027564019644,-2.297739821960821,0.30337401983024775
0.7898280347342986,-1.007508801235176,-1.30578586634164,-0.882828987722037,-0.3460900338631944,0.10940315644126239,-0.77258373237244,0.7448193123951158,0.2514641840435942,-0.6947982151055028,1,1.9408907122116195,2.2619860687956517,0.7106757852657947
0.8889929175948555,1.1610683576464835,-0.09868469680951346,-0.21498304496389087,-1.7737713532563517,-0.4075125923914689,-0.2915067125653651,0.24537940725969198,-0.16842643163047274,0.24402693814049461,1,-0.09241332272946753,1.2209481539513498,0.4660429220613541
1.5340902893038646,-0.5299140986336766,-0.49097228256584685,-1.3091653143025817,-0.008660466741585568,0.9768129824696102,-1.7510703491923696,-0.6658569670193876,0.03594050250391853,0.8501028835244372,1,1.5215698107231026,2.148136873692041,0.7373038787267227
0.38287023902686523,0.3254636281821306,-0.2243127859709009,0.4818742570187152,1.014303883533461,-1.7089917765492033,0.7285354008351337,-0.09875980586671322,-0.5299888642145143,-2.443075785879315,0,1.0269683920935444,3.599988462234015,0.5071753337280144
-1.3803513236542992,1.6980589922472507,-0.6885485324635544,-1.084768771253082,-0.45642595614359244,-0.7451472218585933,0.1243586326189154,1.5169736782466114,-0.5866159508522137,0.15429005055187112,1,-3.645340275493428,-1.7799752186056996,0.17665085113107898
-1.1472371412402353,1.520166442206532,0.18904344241411,-1.0818191232906198,0.9043062201346425,1.1999876485826133,0.16145636340763547,-1.639396967540776,1.7851688135164747,0.3101225206265262,0,-0.48914258825823226,-2.1774715964020976,0.20854770468936545
1.1704542973614533,-0.5508932051171423,-0.39862392473390046,0.11045310929056538,1.11340167803588,0.14299002816716133,-1.2568338125336815,0.26198919678334104,1.6295341945107669,0.06580628246283132,1,0.9928778107234025,0.7553430040130076,0.7028014010644944
0.12938552377648257,-1.2625437427838198,-1.4029890877228395,-0.6376921388132418,-0.32651764661872357,0.10406073501027997,0.16595697447417668,1.6019076510169283,0.05868743844990988,1.0644226884109076,1,1.841144972775852,2.9741682769746323,0.667292472993894
-0.03932933464491537,1.448903611625761,-1.8703974787472009,-0.5987317666784293,0.9830333962592408,-0.17159600525671556,0.9315296133879658,0.38506610277727105,0.9458769837130342,0.6130677280288434,0,-0.4078779972947208,-1.5064251239722704,0.3221046410728273
0.6736489338137502,1.49245538715155,0.9864740187009399,0.9938067071364096,0.020418758785576606,-0.5818502098168723,-0.6595600882722964,0.7509445971896803,-2.4384605640450236,-1.3071781883042857,0,1.5830208360248954,-0.5379165667535235,0.399055224830112
-0.96325368587879,-0.24762137869361706,-2.631438036808334,1.2587213025893325,0.6001752363295938,1.9845823984585664,1.062214468922782,1.030379331152028,2.2506760310308676,-0.5709580868574299,0,1.3679904437034776,-1.3728587021540426,0.41148831618018483
-1.5034583992493944,-0.23235739649273984,-0.8249920538471605,-0.25684536102444716,-1.0502189902580903,0.567880067453997,0.5129828495987242,-0.026922590568272415,0.31158150338288004,-0.14205072712918293,1,-2.3608077200376933,-1.4447626447835147,0.34625304603208934
0.7520336682672812,0.06964074948535595,-0.2654456248957732,0.9295844699427109,1.2608212692267615,1.3374538256412125,-0.9902746893194819,-0.5344472080416974,-1.701496094747692,-0.23856501820360618,0,1.265552087931171,2.663913834874277,0.5844811279186941
0.4161238144776257,-0.13280117451197487,1.930850867048302,-0.4058433751113569,-1.088508555488929,0.5685042066678756,0.14993382849816042,0.5496425958003854,0.3037879307861897,0.24376576053087365,0,1.3064262531078437,0.503051603853806,0.5681881111339813
-2.1222988830425917,-0.726114027517346,-0.5903249179528643,-0.3479643379349264,-0.4483916384609412,0.41281876168769105,0.6008825086920193,-1.1316409267511525,0.6868044067946779,0.585768138667071,0,-0.01387881355467846,-1.7755648970705855,0.33223529675864844
0.4657700660382165,-1.4178944880296693,0.4405823002889993,0.08259541953627011,0.960880075213844,1.7843567953013033,1.5880678855942618,0.11264417223992805,-0.0018746917257705736,0.6319482840093328,1,5.844094520511392,4.010533077980547,0.7194696202135099
-1.1150399534194404,-1.4506831416048005,-0.4725305920249986,1.2205689137145275,-0.3311282982824718,1.502580905809435,-2.7881128830850024,-1.5872064267876305,-0.12368873285569916,0.8881945413408756,0,0.6241128842083581,2.7979566726933593,0.5418572054396972
-0.06962309872009259,-0.09565274449329955,-0.12174149525709202,-1.7628977344010746,1.1580688744398528,-0.6827647198373713,1.089532657214453,-0.07052341796234977,1.0681603873290815,0.34325798097756616,0,-1.8263871776658125,0.19274603271876012,0.5032536597948501
-0.10667449055824228,0.22626164706870253,-1.472977609111576,0.006029327171035006,1.7160403221121312,1.3081935639887152,-0.9850235826980721,0.5056858513379232,0.24797988474753857,0.8171882801174081,1,3.7623362190471794,2.5299603736878935,0.45847882345544516
0.09415288552221196,-0.2335039931301,1.3306307763606484,0.21639656827201,1.255464321946314,0.974386203344494,-0.3244872415189078,-0.1670002743571596,1.9298324339990223,0.19148232543991203,1,0.6006190919635974,-0.575094643573234,0.5408657484606528
-0.7586284233600243,-1.2000432779850234,0.9741324352577567,0.1602937210962731,-0.7920919505289836,0.6745848312366249,0.15974869505592115,-1.660475070762957,0.5886855547108121,1.3331907028432335,1,2.7903862038886276,1.9380464131149355,0.5549539623341304
2.559850230632471,0.03490256406200444,0.2326496582105465,1.6065968052348043,0.16872226693647913,0.2753418630799228,-0.630618391430576,-1.3943751127131896,0.9126879358198553,-1.273570236812244,1,15.00846542325368,13.207455197697822,0.7794516704358821
1.1406562429474632,-0.7881655588876596,0.2652339583982989,-0.3722717313582859,1.1746002379573404,0.300846402206581,1.9590953525071417,-1.0836776793595817,0.4138630815357569,0.047341880907133,1,2.7396473108328045,1.5851945425274665,0.7240040712453505
0.27994357125692276,1.5959211716104487,0.5853180300922858,-1.147525408677207,0.5335108183398289,-0.4156193761557507,-0.4733549700707904,1.0458573280333687,-0.6023399830262286,-0.3797303275801356,0,-0.8413538963640865,-1.0642900401828523,0.3411915442946293
0.03240725440387064,0.9461858967453881,0.5815898028611892,-0.23441491191787137,-0.27217646568739323,-1.1601296615335286,-0.7598350885926631,-0.6543810858204931,-0.14929094174744556,1.9867630371691618,1,2.1902948745516357,1.4535825578184416,0.3877240222623517
-0.6754694337864318,-0.2958290679056386,-2.0523984049766058,0.6005710943105073,-1.5774487938270054,-0.9065895221643572,1.042335368440993,-2.1049284295789623,0.09592041239523996,0.8009296466651268,1,-1.0238957728231948,-1.4941970258469388,0.4526869332174471
1.5254442364402778,-0.9200931084896136,-0.624024850239865,1.8044363234026013,-0.025060144581597745,-0.7362639342696717,-0.7174858373072273,-0.9725563235674656,-0.4396722054259928,1.0882204764493446,1,5.475940222368927,3.976168959789128,0.7725504173061217
0.8877660685734637,-1.1742703028253445,0.21458607470423502,-0.40215973507251773,0.7824404041044422,-0.15635972722929936,0.37152468179976716,-0.15860520695849933,-2.1870859306382227,0.04700244536864444,0,0.020840081227327695,3.731052289285909,0.737113244746456
-1.2717469495300868,0.7471284116768413,-0.6798278923997879,-0.6050126560729895,-0.008902825012302579,0.5777939542243806,-0.1697438177991287,1.6421827720450202,1.648817861485808,1.7154685921699906,0,-0.34307148996440573,2.063983917168435,0.26708991199102156
-0.23431872455876748,-1.4819584561028547,1.220078514238279,-0.416345285299776,0.03816631200200775,0.62832010285517,-1.6044364005126521,1.6291212053324975,0.8749623291033075,0.35227158207147286,1,3.711696152281709,3.2870950425049257,0.6510868181250564
0.8909167504786911,0.5569525393273475,0.11682811556907778,-0.3077743221445603,-0.7391422743557824,0.2872142809033677,0.36120305977167483,1.0831988026881991,0.20066000871919681,-0.8532015157805608,0,-0.3250955097262802,4.897453511348359,0.5416487968049004
-1.576232847396656,-0.12756216200993092,-0.027458376689570886,-0.09809158279359968,-1.5305128973556241,1.0744651405355077,1.0726297462337824,-0.823285164614491,0.8059821116221542,0.9528308618116563,1,-1.5599120900533203,-0.7685162741896057,0.3264390262642811
0.03844707664769293,-0.9484986261940769,1.613381535261024,0.38092143377222654,-0.2510374552120426,0.7728453956729086,1.6222084878501515,-0.4971601466888655,0.6914225452567888,1.9431601707247084,1,2.119931731590396,0.6364673739268035,0.6209242054640963
-1.1165648342354797,-0.5492535887280628,-0.5978550805922049,-0.15832713704922016,-0.20997373588419468,0.3007954393670502,-0.8203755201347369,-0.6226634888808933,0.3012904839825757,0.15491185973371044,1,-2.5634299624603143,-2.1427285806698784,0.4295577802308958
0.8740798091601995,0.40935502492564035,0.7718466355607634,-1.1429520395415,-0.3834163111157828,1.8483799508834453,0.39207804655166945,0.7473929615463166,0.27273473716279445,0.42533585692878567,0,-0.37816892216996817,4.795984909448736,0.557830631233526
-0.23090405152817356,3.571579218026311,-0.39615592240969827,-0.03832121774315163,-2.424836325455249,1.1062666575947218,-0.5522529496849271,-0.06079410601164124,-0.5280405508818312,-0.13868294527484562,0,-0.2677915570715488,-1.643240598383226,0.1299680103459812
-0.28424709842062984,-0.04304177578064844,-0.052801482653846724,-0.15420531148588265,-0.16787722654627948,1.308518452326017,0.8814169197592583,0.8874423184465896,-0.7324488811117759,1.2568208318483642,1,0.4273073353452168,0.41556057241867167,0.469885826716985
1.1316445091958878,-0.553404328801565,1.5238520171998033,-0.6832259429997894,-1.842031838405077,1.1015259861531725,-0.11951878043007562,0.9769215645749826,-0.7542021627241914,-1.2617700117470425,1,1.0489612182839183,0.6358544823702057,0.6989966212997633
1.23187178862397,-1.4072685633957673,-1.5610305114373637,-1.9255868907643525,-2.7944722983075785,-1.03910438326439,-2.1694079584120365,-0.035605484609829575,-2.2364173503246474,-1.0942734191759897,1,2.0804798406030316,5.822300152108882,0.7891101861225579
2.332061996209657,0.34512424061207164,0.05280567540772656,-1.6207519803198573,-0.24559766594877117,0.048108563136617044,-1.605180795787059,0.12618068088061885,1.1912324570650992,-0.34825811883938024,0,-2.5176298716592056,12.50902697967445,0.7297725459234484
-0.19723636840428496,-2.0420964154954233,-1.3992338686095869,1.0576951014282159,-0.6615506465805062,-0.9297116344424167,-0.6925831159713568,-0.05746612700083015,-1.1584159108657917,0.12651650597023537,1,1.253781744000487,0.4913350068275666,0.7155369809037968
-1.3600076771230591,0.7740000020757852,-1.0570557773396025,1.3202683189321007,-0.010032652757383347,-0.8456444283952297,0.9114606095823158,-1.3744968791031125,-0.5470656450174095,-7.552661061545873e-05,1,3.2281486878673813,1.886243107433237,0.25597328848176404
-0.12116680328820885,-2.008585468370626,-0.9206465426133663,0.1682343424234322,-1.3198915593599103,1.2664292986658463,0.4951808887859862,-0.5142403907110707,-0.2202924653000638,1.8615641238318181,1,0.721123445343229,0.8184642431429168,0.7198483160013245
0.9359884508763173,0.38021914486617187,-1.4155187704342762,1.6296113186459584,1.052401068873978,-0.14840538755987095,-0.5496980692087847,-0.18790393877677286,-1.2019366808669738,-0.47078555770734065,1,6.82624656670536,4.8748067628449885,0.5690275423290935
0.7631605141545158,-1.807621277242572,-0.3140743742422747,0.11375597287983731,0.10356803732332855,-1.1789369540334256,-1.1821528913270605,1.0891653824583838,-1.224529092816291,1.0086509563084367,1,3.109857617427214,3.565665914472853,0.783366028780777
-0.48236531510849157,1.0797963503009356,-0.42107850540501407,-1.166471320616305,0.856554856393462,-0.01739122223019718,1.4485765853244514,0.892200085137838,-0.22942662894379623,-0.4496676016629738,0,-0.37079791244378035,-0.0028538760913568995,0.3140869886305621
0.02337234328724855,0.19021001785918956,-0.8817485267318087,0.8419395730245767,-0.39736349181039743,-0.4230277451533124,-0.5406883373725029,0.23101726734337139,-0.6920526017208553,0.13497010999029418,0,0.36489323416484654,2.430220005482356,0.4791573757452805
2.766603071101871,-0.053609460071342124,-0.4340047382986483,-1.667689228147901,0.05022192476406931,-1.1092309432496061,-0.37555811897157276,0.15160759364714313,-1.7309894498221519,0.1574627523984585,1,13.610500550344936,15.485455601261597,0.8037827039658214
0.3045151754260446,-1.2971000196666516,-0.39230919212908744,-1.8306663621778045,1.5755009358424055,0.33056327654884465,-0.17958850097910234,-0.16343583065616263,1.1314436080657682,-0.09416555192061088,1,2.9117545027996243,3.365038543733154,0.6901472075640793
0.3308167712757532,1.518629560365495,-0.3461671480021981,-1.0926353245067322,-0.824500574753621,1.4286638344392986,0.09142830851405706,-0.5023312882696742,0.9736443797991589,0.9979573856771604,1,-2.9127222081724327,-1.1036148391420384,0.3557390488303693
-0.4756477679064388,-0.9719368370854505,-1.57052860106121,-1.793888920926237,-0.2649864518459969,-0.893195947036793,1.8584744098061854,0.0585377546950242,-1.9421495432511602,1.4187292755100624,0,-3.225228971342509,0.4013602003484156,0.5617197550468745
0.1617103094175957,0.7049794803731054,0.6820347768334102,0.29655656728653923,0.5233426304345435,0.23876067172970541,-1.106385905965437,0.36673219814247404,1.0239055049925403,-0.21005641264581787,0,1.4524631460147261,3.174828061268718,0.43250585077624487
0.5513022180697554,0.41958914519806184,1.8156520639191072,-0.25275030069976034,-0.2920041627702413,-0.11693174014674963,-0.10239107510368999,-2.272617710954302,-0.6426098414665713,0.29988506654577324,0,1.4617809647926663,4.1561649634843745,0.5164581861617397
-0.008256514667853591,-0.7993391541971328,-0.6647792521753807,-0.355613128296959,-0.8015717808024205,-0.5130506104434005,-0.5393901194785343,0.8953708466071769,1.0163912685410768,0.9335850943946729,1,-0.6516739052491127,-0.4818815014035621,0.5976159444767427
0.4267017991752182,-0.7083224844135482,0.9598304499937307,-0.31425058651942994,0.02305220825947024,1.3382205319305884,0.08399285613164036,0.2472840302376188,-1.4127794859965894,0.4870092937668535,0,0.6392871470634114,-0.451239528869098,0.6381889169004537
-0.9800066473024811,1.011939656367902,-0.18459917717285057,-2.2361688420171104,-0.35802010256334205,-0.22803453828591722,0.48547522607809224,0.6705123906471673,-0.32776424472118837,1.0128681948538745,0,-2.2110007875970648,0.2815567501012583,0.26973388403893256
-3.167055328652906,-0.7139889980252292,-1.1123642708371866,-1.2541835105849213,0.9597063713475107,0.8291703990248491,-0.7757700204102219,1.17805700395996,0.10146689245241805,-0.4216841007751528,0,-1.207203724204585,-1.9139033729520918,0.22678877882639006
-0.6929227963724369,-0.7782717264630926,0.4727748574495346,0.6501549009670022,0.23850121218790918,-2.050217677383097,0.2963586560529044,0.5653965640388058,-0.6692056054644492,0.04325054289835325,0,1.4432914996078203,-1.103883044141254,0.5106669974958424
-1.8638842993007476,-1.229969061679773,-0.3242353482405271,-0.3097511440161062,0.3516793717496016,-1.18692538652941,-0.34120606462067304,-0.48977978041340897,0.5280104739792081,1.4210427683683313,1,2.1649680443433073,1.8081665108992542,0.4214173778699101
1.720920319810075,-1.5684400468313575,-0.0480141917504573,-1.1125293102447653,-0.0647449514862398,0.422919279615949,0.08149089870341171,-0.04901169879446085,1.4830391747653016,0.7209893917039087,1,7.739847945838537,8.032105634744259,0.8381707651469595
-0.27265446153778367,0.024211360895293473,0.8708978067893992,0.6097905060392789,-0.4250761037008216,-1.7752428411035694,-1.1846574927726896,0.14597922501351515,-1.7865268526790055,-0.15239449801642782,1,1.6950461072610614,0.9513281003788422,0.46295975414376905
-0.45356917618752884,0.9992528030472034,-1.3180438234754557,-1.9317689789009886,-0.41964074161010806,0.6347631315935225,1.0699185989273519,-0.9093270165599429,0.47026374759618605,-1.1114304477623544,0,-2.3572379747005763,0.6412248667121377,0.3259828046181537
-0.748827465569452,0.567594726027765,0.7181505425518439,-0.9993807492735187,0.47489832293698464,-1.86849981325055,-0.20265890716555396,-1.1342480262783414,-0.8076993401971515,-1.2760773521443496,0,0.29146796712404016,2.916763893782676,0.3411415784767922
0.5536263953389848,0.5538744704318675,-0.6912004453327776,0.37558230644359847,0.26127255313537523,-0.12845175433344264,2.158170199583578,-0.8408786171398601,0.01430509071313689,-0.3823870292955589,0,0.8416120478326536,4.203827639422544,0.4999689906134294
-0.37178001463042154,0.15941200409147932,-0.29439570018964456,-0.8604267600922381,0.12422749795973094,1.1823316467539853,0.9427663799784999,0.2030444884087107,-0.735396813798929,0.18642960039946957,1,0.785456478655383,1.889841159920277,0.43398858612312663
1.084643023345939,1.191189262326987,0.35968705956639585,-0.3643572001662182,-0.20275274943287133,0.7720459273385046,0.6863462148712504,-1.7576996121379838,0.6586175647922772,0.7112883400295278,1,2.1848451245175937,1.5454596371779097,0.48668486903492925
-0.8871914250052731,-0.7649811162236813,-0.7571640981176355,-0.6802628025228472,-1.4167495871942342,0.31309192955194687,-0.7857193987675104,-0.07038383609128987,-0.49756878304899554,0.25517752139669,0,-1.091992412234998,-1.2708302462023593,0.4847284628961593
-1.0106170360719506,0.24526537489646627,0.3897810159436931,0.8275945851986286,1.9677690893906574,-2.092101770254218,0.3203143343731366,-0.7091628416067399,-1.9250586729111605,0.8416306233066554,0,2.042376345875001,2.1052724537512324,0.34797750965133056
1.3321998838949054,-0.3916277104992575,0.21091629622201072,-0.06407674016315698,0.43419766809319615,0.8805357489235972,0.3449373356933971,0.34576992946015894,1.2597365428716338,-0.16466222217661836,0,0.01091601647146967,1.4328688217010739,0.7030603462839928
0.9230645712989498,-0.8220004221915188,1.6070849467167019,0.7378253923729058,-0.40375953389145974,-2.1145481470896668,-0.00031071713115009796,-1.1818094087707498,0.2996346031797468,1.4511688228004755,1,4.082552830292865,1.1907169344507578,0.7052723845148577
0.16005979279648896,-0.17801261432452362,0.3422054039958589,0.28565019610987497,-2.3628641084522477,0.24093686407051298,0.6202773561176965,-0.25934163429270696,0.9785590781405097,-0.1276745745829966,0,-0.8753913697580035,-0.15278090085816753,0.5421587144138835
0.7669987624804099,2.2731051070621544,-0.09639112902647187,-1.942132165918247,-0.3365917240756086,-1.7258900047900703,0.6112378264403967,1.3093509740330906,0.6958796617175403,0.3203082127462699,1,1.7217420238628947,4.044609905705686,0.32015639412999086
-0.6449254575247576,1.5756497459664778,0.7532762119993187,0.2844695567295501,0.20486031904657026,0.11162735865000575,0.45221642395941064,-0.6133271790616038,1.5252499340034205,0.15233975287394327,0,1.0585931109256386,-1.9050267908331344,0.2478172745930087
0.6000544504725007,-0.43356727766942654,0.3749185335734271,-2.28175242630648,-1.118298878458158,-0.03141315318646248,-1.3224731100566671,2.439414063865167,-1.6680813139093884,0.34590074903593754,1,-2.549523403435341,-0.6235323388310541,0.6264017377947377
1.655773153474168,0.4812870594120847,-0.31022755338137453,-0.5521440838327852,0.6732554887726439,-0.8002706810425464,-0.11948610980875449,0.6911986057180803,-0.30787902657630095,0.08751001018871311,1,8.269525065869122,7.732808604298731,0.6427323229412376
-0.30408629254901026,-0.969797603506867,1.1891504847221441,1.3930662405829926,-0.31669995390335576,-0.26557615867858203,-0.177899338979872,0.5388032736257815,-0.9053002652415295,-0.08852530555259044,1,3.6532701001686427,0.5009438981159045,0.5824540391497588
0.2629590551691457,0.6420421493872466,-2.78083727488142,0.40340320956851217,0.34584676191908337,1.0077282366996336,-0.5262640152206957,-0.5183532052690668,1.2025165866697032,-1.563156706149209,0,-0.0468752065006216,3.5559655071296445,0.45275596935131485
1.6290902913813994,2.5558944592278263,0.47745168470488547,0.8140984735766132,-1.489581707099344,-0.6945597866975727,1.0578625471721022,0.3618153469822339,-0.18142746302677085,0.2328691323395445,0,0.9608978221570161,7.560789571293424,0.3861790659531867
0.5069764843202665,-0.2930957010870337,-0.028945944976738743,-0.036307374798934554,-1.0522789814109392,0.32359462795910116,1.8035859146130904,1.7319621301861923,-1.4763992958517587,0.5706312198767373,0,-0.3458686060509399,-0.32993207608243313,0.5986963317414583
0.6755037809057729,-0.4105104628236417,-0.9642000347123947,-1.3208143141716482,-0.44470377885003143,0.35000913660721295,-0.1580581757672565,-0.6109330882631577,-1.2491566313508997,0.35071625838829684,0,-1.8074400004858113,-0.436826980677228,0.6325116732279041
1.0665424469694555,-0.9269219720344919,0.448428964148724,-1.8794752439104008,-0.6574661089412417,0.7296041195157613,-1.1177672093896212,-0.6044367248124309,1.417966828436699,-0.7328439802525423,0,-1.7913169640951327,2.336392020074373,0.7304156071186211
-0.8539448192292642,0.5758483619306721,1.954733563155294,-0.2396699472941186,0.7687358603185999,1.3457691801150062,0.3255521628805719,-0.26991790118506015,-0.8763267386254864,-1.4252109609210646,1,5.939078775019172,2.8550928966756706,0.3285177768518635
1.1117017451038067,0.18095714574188698,1.332800942422933,0.988925316349704,-0.6169705200276151,-1.1868866999003547,0.4126695829369163,-0.632506884341217,0.3766891410007215,-0.7311519376614082,0,2.082031600001245,4.385434571983784,0.6142878585774546
-0.8612252531972743,-0.14099080954071416,0.9341006204079838,0.3065398953135771,1.1783751486717822,-1.2335617030552273,-1.0570771415322984,-0.08916369916031532,2.1657013832930687,0.6742861135623731,0,1.5422631436144636,-0.6488403247831447,0.41093119013843904
-1.066612742044729,-0.07614045295770798,0.22071479080125825,-0.5686857455610084,0.6132749910565054,-0.15644613816480613,-0.2993307182096708,1.2602567871924792,-1.709660902160285,-0.9618053417846936,1,-0.24465358285933655,-0.24814691072927358,0.3786608438824655
-0.8173089814407803,-0.847681069998698,-0.7287530452913753,0.48847595789082054,1.0965328284103468,0.9160412606558886,-1.019562126529009,-0.10741789856987378,0.4522652134748237,0.24000295228544274,1,1.8436879958454375,-0.7095552807393084,0.5037964381100912
1.3057473995092346,-0.6753342355440102,0.156319421100823,-0.39323071490608835,0.2510750190895232,-1.0788969126896963,-0.928937720957575,-0.7301108597884869,-0.5636693111550467,1.5479232656327633,1,1.7524660781957964,1.5602186653823393,0.729194730701393
1.1754019142954315,-0.21264967071394325,0.1729332942095047,-1.594436018110398,-0.17929234655146434,0.15961471331172736,1.1456842134012242,0.3268047196749653,0.4328900587755523,0.2977628897504623,1,-0.033708660408925395,1.6907868104841968,0.6668618851660555
0.26900118967212827,-1.3967591759349756,-0.41675766834030037,1.4348867985415426,0.823896442609245,0.49423449906514094,0.06671530922405998,0.6594413957456623,-0.9448894089528124,-1.5800595620137574,1,6.333902785164725,3.6783093678931653,0.6969635846940317
-0.3820865522349683,0.5379230577237781,0.10782988226861115,1.01395867884495,0.35145051656046883,0.044842196214342094,1.327484954015637,1.1323757784574673,-0.09809130121944236,-1.1030498610160777,1,4.2713512070443835,3.1647143939945295,0.386984683986617
-0.9073614922555138,-0.16145113828415342,-0.36681138365245114,1.6577623298806503,-1.6801341489446313,-0.06425778688921284,-1.0662264873982346,0.1168018689130513,0.38226483289201113,-0.4048969744139054,0,1.7008020636904275,-0.8107713996438075,0.407827140087545
0.5304814136815165,-0.19862694050629412,-0.1793956127561702,-0.41788872541891064,0.6508242887315826,0.13850146370624752,1.573239629782792,1.2700248768243845,0.5537746075705778,-2.1594416461000474,1,0.42955132306217036,0.23902533454714847,0.5901424231425938
-1.4843283120406374,0.9862505727898264,-0.4756385595250576,0.23484375767829108,-0.6304753999997247,0.5178866305162447,0.9579899440945053,-1.2096277395856172,-0.8135714254875379,-1.6637284133317123,0,0.012155188632500646,0.3346087017074207,0.2252569906550049
0.23340731182876998,-1.6652804208298235,-0.3660816948986407,0.5196111465328022,2.0580929346749612,0.3684183422874519,1.2528847419749227,0.2591588425597657,0.30924340938501466,-0.210922897773194,1,5.591343057138571,3.433382502413381,0.7209832050993614
-0.38327013290363465,1.174378151542696,0.37467435282496664,0.3362963448845564,-0.6081752604310665,-0.3450417314284374,2.0674904829790592,-0.06750183042827537,1.3261680595919987,-0.5202517113340795,0,-0.07835645870853714,-0.6204508947769851,0.31457336564811184
0.8015441715482821,0.28979559884561235,-0.40371310534313537,0.6485628985444821,-1.5434439088924747,0.5746214289211681,0.786903221911645,0.27307318811269254,1.310923696503857,-0.06810045469356894,1,4.694306162210473,4.203383385681312,0.5636218309163729
-0.14913918465115597,0.3550395291080001,0.8677062527201732,0.5698405144524853,-0.22661307466260003,-0.9952278451786465,0.6634792559463168,-0.7895712742731404,-0.8182753679602661,-0.6546431760426943,0,1.5416329207421324,3.106654712042366,0.4373093041606923
0.057708806756984116,-0.7962964642905049,-1.1356880367850306,-0.6588419444577848,-0.1833318104609036,0.45428446814507467,0.06726691076374067,-1.0804620952488755,0.2286621315710562,0.32275552139599994,0,0.31665305306056657,-0.43348896212849586,0.6051576988003156
-0.45496319041455213,-0.7962460588279633,-0.7966301540623809,-0.5318123168455532,2.214242036435874,-0.8890724087905467,0.2659991671788799,-0.7141025963729193,-0.5059831157853202,-0.7061364393964027,1,0.9309593555214281,-0.8587416275763269,0.5425571419582614
0.8012023859065722,0.37910782854330577,-0.12934380114080415,0.5029349466497697,0.7434656952738399,-0.8507150464015061,0.5472524131830305,-0.7176316844216134,0.837935227193522,0.7401984793865525,1,5.040691734501671,4.5500710998543035,0.5525668495586584
0.40370305069677687,-0.20992634122403558,-0.5261092631211002,-0.26362869867309485,0.7691547640535308,-0.6823310456676803,0.04967123997034232,-1.7476291693217696,0.26037465852430103,-1.0355284174209507,0,0.18633175049090156,-0.034451235691454585,0.5761075747479615
-1.3181367318350532,0.5187148819406414,0.21033753013380974,-0.4433774896480074,-0.3020956757693075,2.271033767456694,-0.1941442930229669,-0.2012160282775899,0.6523052791547445,0.08721233726835421,0,-0.7159240024431858,2.763313758491501,0.28527875554715565
0.9874284497575734,0.2774488018821426,0.7610891425383822,0.44333041298483306,0.6453037648236415,-0.042652969846177974,0.22252777726910358,-0.27103549320058984,0.6041695073863402,-1.3460386845653458,1,5.7727973355273825,4.597771987994835,0.5878270729631644
0.7261362898880562,0.9980253502222085,0.74176177791472,-0.10409771951661516,0.505229211106964,-0.7765786679437585,0.8371022139010417,-1.0992152905917023,0.5937311212495301,0.5326573946133885,0,0.887478939356276,2.0825873301003073,0.4660661121437507
0.40672783626369546,-0.4470836442472603,0.7601662329675437,-1.8372648625636412,0.777221812367959,0.19143790953291445,1.0509586725418538,0.20004898491654666,1.8381901467597117,-0.941819333448146,1,-2.3045384617344613,-0.9636388456040021,0.6051345462289575
0.6094073185015682,-0.8860044891557212,-0.126386180454225,0.7423725876426749,0.625430326210501,2.079538680357677,-0.35140673336349937,1.286001344146182,-0.25430018713019203,-0.7009000882846989,0,1.3698474040047635,0.963038152571588,0.6786786217653634
-1.622953561417024,0.16267062590215062,-0.5213056056161282,0.8475173698289039,-0.5284007549344323,-0.4766015575819446,0.3546552764309387,1.7212157981393923,-1.0886498809361485,1.0176128047319954,0,0.9535957890911257,1.4200372091793139,0.29052985108998997
0.8741052997953694,-0.22094597036843394,0.6754162850183403,-0.284276426327477,2.37138845402525,-0.11209529175507846,0.08041409355266435,-0.3257916091508248,-1.693454047511539,-0.2631533798781893,1,2.2776162830244546,0.7974524194331718,0.6335613291329211
0.23203697153890715,1.500922621656731,0.4919571277965661,-0.189382187732697,0.05994319274761793,0.3273403664082984,-0.3789660585789339,0.6822370168028621,1.6250881580866812,-0.36314873849553675,0,0.14992614269777627,-1.2388231431418886,0.3465038244020808
1.2075302658503617,0.876326304231321,0.5372448610538645,0.1119256185568647,0.33778387098271057,-0.21739317387180876,1.8368685037265968,-0.7184031557554633,1.1349446942859343,1.5497217212656154,0,0.5033930909070432,4.29228912010767,0.5413061399668153
-0.3231343328226999,1.1658469592921084,0.14398134623101064,0.06235978863550315,-0.07456369283612095,-1.613731100542421,0.5479239582517051,1.4435517643517461,-0.7047204226246058,0.8473386580790396,0,0.5320678363512881,-0.5205438112941587,0.32202294464146186
-0.0852053922937219,-1.0926892749774142,0.9978899657197836,1.6860368312962442,-0.7942523588696101,0.21580169553287368,-1.4397357076793509,-0.04200731857123523,0.4860664028432633,1.7529096058434601,1,4.649760705826797,1.6360591384824517,0.6233382975087299
1.5575737161261245,1.6424983415632208,-0.5270919418720428,-0.24516506849901573,-1.6643054249219367,-0.7151555084189788,-1.4518292018451076,0.36553689663724154,-0.6969900047912437,-1.101422269814973,0,-2.2526014791291313,2.493645558752958,0.4893860165659083
-0.3554144359006804,-1.1848769559294434,0.3090168197876328,0.2844474940234366,-0.3157125900577396,-0.7306754804134263,-1.3394413748455674,0.55535660524804,0.22872073993543648,0.46431546412244346,0,0.8017526537063544,2.0726321420129956,0.602221801804929
-0.30643538095264716,-0.21792350558140203,1.4419991487763029,-0.6005848654989371,-0.31264402255808427,0.7438920828651489,0.3029112965556297,-2.0466222070664988,-1.6878867300316678,-0.6608312666100944,1,0.2669974437029736,-0.8448939681826383,0.4889378210405917
0.9102996644453665,0.6716730776826834,0.5195233607499855,0.6277440963358235,-0.9689447546225224,0.6010470932505538,-0.9212836967225428,0.9472992017721052,-0.5105651342140736,0.28162607810668,1,5.062405405236534,4.630203514118445,0.5297929881524276
-1.8744984037190169,-1.3488889122053853,1.090677437887579,0.6917438701869101,-1.2179367733207993,1.2855917224139994,-1.090784428818142,0.019961103904332523,-0.48010062186615227,-0.9234151966211207,0,1.4856538150303105,2.3769729253565215,0.4346743649872409
1.1679405615385783,1.6849814956242684,0.17827421709765698,1.5259989168626682,-0.2812150531893959,0.1083085983823543,0.1314892563946184,-1.1567088886237218,0.4994568924625311,0.7096931401623692,1,2.7226661296221284,1.1257657799375798,0.4357274448875138
-0.1734736346413268,-1.691751168112843,0.3677054943710771,-1.515013514150283,-0.8112698336357715,0.13142129245031492,-0.7696624643237536,0.25367665054517463,-0.2262102548964797,-1.6304965107410547,1,1.5564188997456307,2.9006788078068166,0.6811667215285366
0.16797156107851,0.5865796802865407,1.0124002428118812,-0.3665680747669453,-0.06148367873520642,-1.4951086693398008,1.9648894053392907,1.505008189349684,-0.03183401761355125,-0.1248417726449547,1,3.3575513839763005,3.590993019945306,0.44786417760761754
-2.9302228443679765,1.035262562912749,0.5628611811572876,0.812811870496868,-0.40524815529942676,-0.46942882506336664,-1.2354186458203336,0.7780097301850001,1.2521538786984636,1.1238828767630464,0,1.419737728636615,-0.2230002547164156,0.12102676763010368
0.18725757600835297,-0.3266517021675272,-1.0519704233661038,-0.7017505196308544,0.4675504736350222,-0.2845533754008734,1.641404184735519,1.1523560308243272,-0.6018091321161564,-1.2156620643350033,1,-1.3832611515455555,-0.9324118981458935,0.5638875278281211
-0.5484183427711675,1.0653829464364948,-0.5239224081217192,0.5459879851665007,-0.5658801192271726,0.3431641570234438,0.5281419733529799,0.9858332455845462,1.4332401305797497,1.310228934807935,1,0.14955460932088946,0.06795003478439088,0.3085513424954526
-0.5301715091727704,-0.14701873614404276,-1.1735250952083474,-0.23568528753446685,0.024317144864591727,-0.40395993492943094,-0.5035845684495059,1.0320801777524604,0.9074829450907496,0.39912204785204475,0,-0.9009009231700147,-0.525560015208418,0.45225184989532113
-1.2775106035629524,0.20093089950023382,-0.38423157094000376,1.315727460797091,-1.8022907466733604,-0.5588236912996468,-0.5866503082535667,-0.46657403195990266,0.9575787484971386,-2.3523584111768514,0,-0.29832724837497515,1.7541020858014331,0.32317456744322104
-0.20805217622988054,0.8507206741174647,0.9801175060083599,-0.549077860540066,-0.679778149342087,0.34621357347270776,0.15103669025071986,0.0694031150272569,-3.801378196860991,-1.1271722049031339,0,0.7860626000045632,1.9420947640069457,0.37066000598544196
-0.863223062848507,0.6430098619590356,-1.4407597046690717,-1.04662756086045,-0.15438400593240165,-1.2875951767798524,0.6428539051809659,-0.3914036798086067,1.832905932294317,-0.6297187170588883,0,-1.274109761991294,2.67370188727576,0.32014261879641914
-0.5762832031665642,0.8044382892693089,-0.6553369266664799,1.5115683204421728,0.48291494227225784,-0.30387993944381264,-0.16079799707707773,2.850707737117589,0.4886543589979511,0.15047701594142976,0,2.086707120293087,2.003103560307749,0.33395282826105666
-0.13257675518338724,1.0371620326802644,-1.518326313799268,-0.18118802296682254,-2.8336574560135026,-0.533407625911667,0.847926812910694,1.3822308388552174,0.605970238180039,0.6399685914977417,0,-2.9188929732032447,0.5846283681942461,0.35781291751763744
-1.7159014899546312,-0.678373811394933,1.474405015912123,-0.5238600104841304,-0.1359824020931157,-0.8055619863576818,-0.933751485490244,-0.47026922647970437,-0.661055965927149,0.9575017958168417,1,-0.6318633696021726,-1.9378342889779399,0.3731413348098918
0.215369597889294,1.0188838264435174,-1.387237503327094,1.2254531482040572,0.021456224044905343,1.8393483841259441,-0.052776138360648865,-1.4934018146629204,1.2842206278738375,-0.1364882381235323,0,0.7927105159267773,1.0920939884475631,0.40089024760269737
-2.1521150796668893,0.14519468136970404,0.23122812585811972,1.0761127433286186,-3.5874938312144575,1.1488694751112953,-0.4745967547419668,1.9262479079208592,-1.7182810008406593,0.5453389019207187,0,0.26695258273426614,1.217458869340133,0.24073486037488534
0.411718830755267,-0.422114730260586,-0.7738059051086779,-0.37374502771110296,-0.3467202905624426,-1.2534380064376893,0.9929921700512451,-1.0922003464320973,1.0231909777800074,-1.7889345652509228,1,-2.106886398353558,-0.9161249602689718,0.6027452276303141
-0.17718978019187487,-0.1623065330357974,-0.01579437194355793,0.9562958796793082,-0.20234721995776053,-0.4579294102836994,-0.19932758486072275,0.9810068555697485,-1.2056069481346936,-1.0206684998064623,1,0.0907904143519554,-0.3826063271403355,0.4981396026908689
-1.9566982524232808,2.0272486958864038,-1.1597447282824545,-1.885431655871733,-0.8088991386454156,-0.6124552480518545,1.465456001240402,-0.4648992255753021,0.29176928070937597,-1.7907798047252304,0,-1.986026394248582,0.3550737393807954,0.1200482348904949
0.2079834917816728,-1.6487962447192448,-0.31359504883286077,-0.7598709809829328,0.05827149716642897,0.6344087061386305,-1.335895950798125,-1.1364184282224241,0.193589005944582,0.6872857108024943,1,2.512421606974513,3.462985366236725,0.7167485105242305
1.417375195094796,-0.47189173035268167,-1.4914786749108953,0.186625719560586,-0.794643717887957,-0.9244201975664809,1.4081770743652862,0.6187168100871239,-0.7280778642763331,-0.018711535341657138,1,1.757133397741233,1.6360163705928912,0.7200346444328732
-0.08567698812090879,0.16509561783379112,-0.40593961335790624,-1.9000625276370466,-0.9763501750055934,-0.5319965852547925,0.02811176626622418,-1.08229436218015,0.18628493789408118,-0.38127146118407806,1,0.38863923692394187,2.1571896136296376,0.468694428311648
-0.7594751018898269,-1.2702761239644262,0.44649141639144774,0.4242433858229793,0.8002208817889809,0.5492882256302678,0.6241344547945086,0.3820786196601318,-1.7584096786004588,-0.2791188794463528,1,3.1003960124848406,2.3446231058771456,0.5635053012955983
-1.4323824617568983,1.3692120754930326,-0.014013724706417307,1.2697558454851914,-1.0303222917839858,-0.09186921589268413,0.26337424970889284,-0.33090214560351394,0.1877893997499208,1.482163456708382,0,0.5369868588381151,-2.0531823929989144,0.19768962743083604
-1.031913422999302,-2.6379224872883786,1.6006241393333227,-0.7916622366385611,1.1224996962225864,0.6519133002708244,-0.21668679803272145,0.38034478964435503,-1.1405342643634924,0.08589715439278962,1,-0.5944341085119941,-1.9126422269501062,0.6906168125708408
0.5940402047853834,-0.7743327263365275,-0.38029109711168085,0.31259351975132244,1.3232737096546197,-0.0031548398727755888,-0.4306598446089692,-0.14641577453445143,1.160175947005379,-0.6415123358314557,0,0.8690846391361011,0.18368998949268422,0.6646724317155274
-0.300232397105865,-0.6322607782348555,-0.20431653477724301,0.21369560233776932,1.0338782015211176,-2.1245752847438957,0.5554889157620354,-0.8915898824001487,0.5930700051303133,1.2396349893012046,1,-0.6277476778437976,-1.5466308753034346,0.5414084873503326
0.9955950119998253,0.1579587801589276,0.8344989339590665,-0.9433839363906805,-0.06783008579806996,1.5194710966809868,-0.7892555297763586,0.19726916503940956,-0.3691753722778006,-0.19510847021258867,1,3.631308319222561,3.896644993038897,0.6032004008239953
0.4060711951465114,-0.26951890521340593,-0.003409146538131313,-0.5045832696124614,-1.8250283251709292,0.19309412822875205,0.43947003665123624,1.3821734642040504,-0.13186546313703731,-1.3947085314093688,1,-1.9306946910641316,-0.37186735377749813,0.5836548150325098
-0.7540081940732426,0.5403923453392317,-0.08452951063307515,0.27929088415876474,-0.3530801384877145,1.8698089140811711,1.7279880112814927,-0.9315956254532881,0.9090309931108516,0.30406238981478706,1,3.5771243186035058,2.9503756635676535,0.3436207272002608
0.013559525289671644,-0.8596879893441806,1.6215306334476487,1.1652583411657258,-1.4571000526191356,1.3834913082593199,-0.03837827035238455,-0.5977905740428394,-0.976577764577765,0.9448203118607358,1,2.525333582423616,-0.05301314679610991,0.6074542463085966
0.3998955214355069,-0.8741463202683905,-0.8110977883309515,-0.38752310361359904,-0.5125060456403828,0.5277803121526269,0.3787369930838098,-0.6356499028604752,-1.6575094247749238,-1.3339992668497576,1,-0.31854376662573336,0.5287692956624173,0.6540797255852653
0.8700555088304502,-0.9948104735409704,0.11113519887059527,-1.7631575338020977,0.39705983566300446,1.9195264055710193,-1.3280672310020856,0.5496972691147225,0.2724619331146089,0.9178839461541413,1,0.29814031911068917,2.346286711909375,0.7175686258610923
-0.13124031933566202,0.27282494206526486,0.18197412814946928,0.5728428189707594,-0.8391127050236458,0.1924487613844936,0.8103255974845255,1.1679905914246114,0.4957289155236749,-1.131956533961282,1,2.9402111334979257,2.76688317347102,0.4496629440330372
-1.55357817552007,0.40862556084060986,-1.011643753172907,0.8443346060858782,-0.2877843635611198,1.0116159433929806,2.12581662460879,-0.06232267519153661,-0.11600038646897386,1.013492949202779,1,3.926825146880633,2.6091900550361737,0.27267320364748104
1.0639050277896922,1.701608168112745,0.1965696193161701,-0.6328669583423246,0.00771365725419405,-0.6236291931197636,0.23980970342870894,-0.8682396878669727,0.9020064563182728,0.6974901545879407,0,-0.021230410719175308,0.8825717143337557,0.42095565447159267
0.1390333039176673,0.02557654675594081,-0.1964429181811256,1.3122552035216337,1.1874174826896131,0.14571685457777803,-0.8566498771059953,-1.176848319189612,0.28762071303773584,-0.6380619374163954,0,2.715576172925979,1.3498240148150669,0.5141782925749658
0.4759338723761218,-0.3866955373697608,0.7737543592386107,0.20741524447887036,0.9980530619517543,-2.233905252294292,-0.227050245824866,2.216788133266835,-2.5031610117369376,0.8426522172851623,1,0.20444451890497906,-0.7337674238610641,0.606187564078699
0.41800374076894203,1.2857010543492353,-0.17359179552562834,1.1903544390528793,1.2169058041387777,0.19678009270144395,-1.1640118783694828,0.9130045340818803,-0.9734369952851704,-0.13737657056441324,1,1.1409128891244136,-0.435587555764136,0.39320768332079775
0.9469082441625268,1.0920677064906987,-0.3479589732049755,0.6269829363737798,-1.542536613885471,-0.4723809012694099,1.4689188959237782,1.3433880478461098,0.6692138364157875,-0.14183448580853825,1,1.6611221542076067,1.8646697730929374,0.48186302836456674
0.8472603166461764,-0.023228192037787348,0.16822860749339733,0.08838290840610988,-0.7755203060617992,0.7259248113193764,-1.069947260575109,0.7758448541897583,-0.960602470571919,-0.7220757158974855,1,2.150544586865542,2.150973810228762,0.6071252501627111
-2.8408473558032754,-0.15608345174169724,0.18918897492935852,0.827072508053467,1.3108760096986793,-1.4902134278294323,0.9848274870798956,-0.46403425360015677,-0.07206009820763162,-0.10526835557242196,0,1.4374766929075584,-1.1189618891264808,0.207118620318522
-0.44951467081969376,-0.8899110568829337,0.2792167152139877,0.8111450446561498,-1.2597717127599937,-0.01945875637332236,-0.6290122546867031,1.0959217778185861,0.4935795469446793,1.5087051144253556,1,1.1123736193568785,-0.20956434068734708,0.5548281881028505
-1.5487650014491352,1.034196600361161,0.1626654104885733,-0.7251734497952682,0.4892034935587032,1.5660332728275252,1.6046141246729158,0.8222182042566056,-0.991604685820878,0.30986345342253446,0,-0.2039523360512635,-0.05555286855850464,0.21560227536861765
0.34242257607998683,1.2420166226436282,-0.1648751790198756,0.015571783015878514,-0.6535086929310902,0.6680873206370499,-0.21541048915385103,0.18597858875558868,-0.4695500128838926,0.04723961373241767,0,-0.17819167039973968,-0.3145238158867356,0.38940902666781063
-1.0804130049769942,0.16088916682544768,-0.6025752242276486,0.6993285544282427,1.8474534185045268,0.8457012421214739,-1.1199225138336157,-0.35929671589850365,-1.6096950841174666,0.013570061891976485,0,1.7355269514501857,1.5499544659321378,0.34963338658965026
-1.7742235493872753,-1.2013773057044526,1.096256790339018,0.8610368544463314,-1.5203671239665197,-0.44744016384508256,0.4634872549244044,0.39249325801069357,-1.6271671972083832,0.26000968216384135,0,0.7222572802128517,1.6478158504733729,0.4288797706935742
-0.6078526308245681,1.1986679049459128,-0.20017977265103762,0.3592874704222705,-0.10912060748110732,0.6664444603181788,-0.7680694210097152,0.6682532946789748,1.2089628200073759,1.8355606479067832,0,0.7958592510114366,-0.9164672520672595,0.28838097238269006
1.5837896109571394,-0.5361218336838077,0.5771497234685808,0.8074972376516372,0.5900448553493571,0.7534784673878884,0.4239436135929929,-0.5452554077679013,0.2071105534304293,0.8467867012998639,0,2.2347788697038813,2.389469006046077,0.7426820836896766
0.46160539323076794,-1.0963535051766442,-0.8776182767499237,-0.4092416167420198,-0.20481350154436742,0.15727322840385663,-0.9770945033042303,0.7949558341062909,-1.8575643242699849,0.5287016862705646,0,-1.8958101225532507,2.3318736925353134,0.6854601202070129
0.5065334276200213,0.644098654133265,-3.0669876329246666,-1.349275484416141,-0.3526960174070213,0.16828203780485995,-0.08139140208529341,-0.813746599970635,1.2830439867695729,0.32402949958940275,0,-1.873615896274233,3.9077026684401566,0.4828111229349257
-0.3947549188231793,-0.9875715303389617,0.06821328991726196,1.258700440768004,0.03517982742396543,-0.032047433171445455,0.06628239464487327,0.12061586768592264,-0.23318657463445638,-0.9728550052681931,0,0.9091127689446461,0.576256993697983,0.5735642634224771
1.5290143091171458,0.6374926022597396,2.117133396499012,0.49755594196754055,-0.23129194350345134,-0.945836680830284,-0.32999577217436477,-1.152942951749021,2.0978406761011907,-0.017031709497609814,1,9.645835784692213,6.884009229051639,0.609630867439623
0.7860566080994885,0.9619686558171991,1.0809151324642843,2.547869783635755,-0.09541189653632087,-0.18186206419679415,0.16448029197680414,0.7485415287601163,0.17887710931673828,-0.26885126734807674,0,3.712799951366503,2.492712003212374,0.4780251591364092
-0.7159373954349632,-0.7743494839237722,0.26947268336039604,-0.9988782499350921,-1.8140325985648686,0.11523952975326392,1.1626299176367487,0.6618109506348047,-0.017887840581994642,0.40300183238618303,1,-3.199686119159664,-1.1387679889010531,0.5073009920938708
-1.6471157029611447,-0.6896401644574376,1.6780687092918196,1.184118747595956,-0.7115726710364101,1.7543122584142423,-0.7178908918135632,-0.8231920384715771,1.5359175681673771,1.307740053379758,0,2.237305020739782,-1.8766840042339137,0.3825502269070851
-0.5885595026031588,-0.04908882458397935,-0.34169998149172376,0.5041385551044657,1.5673919184672251,0.5321545423629521,-0.11390441158897109,-1.346300009243742,0.7779631319183593,-1.2229471489491086,1,1.884876283243171,0.17111004557665732,0.43297207007521743
-0.18713306849562902,0.9582356438322627,0.8112254601483228,0.8387132753247712,0.6989212351823921,0.1458594613837427,0.3021546244217711,0.0920702647204346,0.4825774322224879,0.5352364410049112,1,3.777680117551251,1.1564095236730232,0.36061765468174745
0.13332849219530085,0.5138141224640587,-0.684821028359514,-0.30695667774888535,0.23049856102367294,1.92351298256754,0.5289908441296284,-0.13473594673016337,-0.220223861801263,0.7441655087469387,0,-0.49902018802314846,3.6402713791520855,0.45258222333756803
-0.09726131934254258,0.6373809855455995,0.5116040560932082,-1.2460779672000444,0.4727850227216749,0.4656238140107664,0.7966678681054704,-0.8370833878319596,1.0941101001320168,-0.16679749129024285,1,2.668835401819101,3.178067987926753,0.40918848382428646
1.9882743333680895,1.7524329545580741,-0.6080601917118509,-1.36921859489701,0.6972424445758336,-0.8199690336079428,1.1475075230778675,0.5298618776070972,-1.453608991147572,0.7820642441934978,0,-1.3484504690470493,5.548716693894804,0.5294460589265021
0.13725091856077007,0.41211162392746375,1.5240465997988104,-0.12992216206212254,0.7580217313831278,-0.5983886703421485,-0.5738049282801106,-0.21814751367315194,-0.6203814024150773,0.5678614983385143,1,5.05575669844111,3.5524242710272294,0.4656963861618093
-1.3234362658012644,0.8295471443189064,-0.7615285872916671,0.377704563816253,-1.1874332614721435,0.4777323737584165,1.0840074959436148,0.00977117294194641,1.548682238777974,-0.13990735194170767,0,-1.0248353867084419,1.5418825984135103,0.2541705028578993
0.4113677518798839,-0.9254669730976067,0.4384309028244546,-0.5681392927117446,-0.7203913135896711,1.580103607920915,-1.2702208551738379,-0.11476845717851916,0.7127902640786932,0.234070906216228,1,-0.022105570254523088,0.9288336272622953,0.6611486896585743
-1.847326992907105,0.6039092696727824,-1.3789989584072906,-0.44325194864561407,-0.24424265253432287,-2.9200293203145584,-0.10590056483626414,0.6658773971612504,-0.17008442603377225,0.18492981340062184,0,-0.050157904199901626,2.5256323934952376,0.22694927530539347
2.2617868537858277,1.1254402330183642,0.059385817711858885,2.5870088285630093,-0.6363710243991318,0.5196771080607744,-1.576623902906904,0.39832800502420895,-0.11141030941231621,0.06079326681873964,1,9.86495707755416,8.640325999516623,0.6383415693027179
0.370481394978644,0.28000391499230254,-1.0726272421496699,-0.3833451365939972,0.0060607139816623344,-1.42917561103508,0.8025694505032944,1.8828823097500855,0.30354353457744826,-0.5277131651201175,0,-1.453820083272626,3.3747344210975654,0.5113077565793337
-2.301924461118349,-1.520908256311917,0.3392288640154119,1.2624365367975052,-0.2200843690272319,-1.4872412677395503,-0.871025244123121,-0.5722287475770127,-1.9325473636492654,-0.3105662354800219,1,3.5304908223405835,2.5946748379468345,0.40359499137986343
0.892386758354133,-1.6817819157169585,-0.5596400528006676,-2.024304275464286,-0.8191493432863268,-0.1480440290312527,1.021206212509489,0.4557086335819363,-1.183447701412052,0.09398130952015568,1,1.9078556356365293,4.544236469780327,0.7836532741235146
-0.3339334113361991,-0.01287012804787971,-0.19949482764965581,0.3133720677491042,0.1811126366207718,0.8664334817905881,0.11659188666982555,1.6899307106005974,0.5192261838833757,1.47831033460733,1,1.7045675195737493,0.6150472547745451,0.4599530548492945
0.7202500230967406,-0.6727857361619115,1.2429178970824466,1.1841771283478413,-2.8720586092656153,-0.5484453451715633,1.442759106990805,1.0543880391754223,-1.4604175091188767,0.8587618152385667,1,0.7042827074558767,-0.08568849429906722,0.6674152896317214
1.7272349012495698,0.6066984230387682,-1.4758561756145618,-0.7838153341442157,0.40050437497472957,-0.21553496319514956,1.2776626762061136,0.7312487356497058,1.9631776765405726,1.020616912064627,1,7.127218202950488,7.985937376978098,0.6365146033626823
0.5525373473003229,-0.3143343188329431,1.4044617629579554,0.005498343638950076,-1.0259000683061799,0.04817082349761754,-0.09185557833082025,-0.9935401897080857,0.8278384794786713,-0.140428230753746,1,0.7407782058972048,-0.34898694205319547,0.6066938144960997
0.3955886228087357,-0.7809086062331254,-0.16467119519059042,0.774326162387659,-0.2468283019794483,-0.36534156990267297,2.1843137024425365,0.3161949255681937,0.733306527885516,0.7462379320539455,1,0.04680576195949959,-0.10279678053705088,0.6429631957179932
0.09696363666589082,0.5276246273505988,-0.9730118015152337,1.4482085518948633,1.2469497611775788,0.1902145688716806,0.006355875683718263,-1.2396230704465656,1.0293109716896143,-0.2550368025363731,0,1.3290087074726378,3.5924115984634954,0.44637442197283406
0.6097669082927474,-1.4406739940324536,0.6314546163624389,-0.1752510546351389,0.011907871884688417,-1.4178117660192724,0.6790642968533058,-0.6125253521171887,-0.04701125448669934,0.8041810014107622,1,4.775604846527986,4.2967069903972925,0.7359882319227442
-0.08566885395223853,1.9862429622331355,-0.8988030652307947,0.24048574815363108,0.41332316347934167,-1.0189727803168667,0.08740900761719037,-0.19488175708764266,0.22581442594610343,0.4536479794206087,0,0.28018078725232975,0.8098842508224888,0.26193105756676954
1.3982508319605313,0.2881738292313937,0.5470691314231367,1.4993159669024918,-1.5842637368577241,-0.2611968208687585,0.03817186354147254,-1.555560340617808,0.07668047048190747,-2.35580591273408,1,7.049207631481301,6.014677261680624,0.635303769861697
0.7055377246507755,-1.4782854357591637,-1.2511849401768542,0.5243443532260578,-1.667573347580706,2.05378027456382,0.11660276571258488,-0.09709308123886763,1.2031928520633173,-0.07970883908825462,0,0.15941601050299797,4.519120332227894,0.7487415136844646
0.24063119083066994,-0.15590018072386008,-0.5018171029556542,0.3711875050895233,0.5250280541270725,-1.2731382452757172,-0.8811729748262421,-0.6594150524960222,-0.029588215095096577,0.34566061748224475,0,1.3631310524363536,0.0959837294352841,0.5494046888034746
2.1560856448453367,0.27504015123207315,-0.17434368140023182,-0.7148807746108157,0.9852825657091614,-0.011902471223663313,0.34175456815201544,-0.0006791646074836991,0.550577342548478,0.47870000569200166,0,-0.8312287894086146,10.538481790225761,0.7192052377404824
0.3738427050729849,0.0038330862925094996,0.0934287921470135,0.38231955899271425,-1.924196184922243,-0.03407262881877017,0.980789473063955,-0.48031451134104586,-2.0901189987529927,-1.3850350563906724,0,-0.5856136834284894,1.4834127961797667,0.5461197331638872
0.07519753699144696,-0.7207595682202254,0.13392494438603106,-0.018462167452254916,-0.4691541008985778,-0.9149978222901417,0.19548695478159886,0.06893169543474216,-0.12388949696262287,0.8724144370570032,1,-0.879077561349266,-0.8443778935460389,0.5982018889120418
0.20133443822482613,-0.5960315359727529,-0.3585939500735985,-0.061930948579204066,0.12319077317334337,1.336415170755952,1.6880772408916276,-0.46894531205884443,-1.0194071318725955,-0.5428815131608528,1,-0.9288887020185759,-1.164054045351803,0.5983711925241822
0.4201262627178364,0.8327863481892153,-0.4081148568930912,-0.9141765813849487,0.38236116983222657,0.623592922268594,1.0346437051466095,-0.6377172101134722,0.3288624752168001,-1.6316995704565695,0,-0.25228702128396746,2.775872342251425,0.4485997115231306
-0.10569705815276509,0.7185145063969224,1.4837206916656178,0.30216295387200043,-0.2417501426579484,-1.4059609340395078,0.22837110026455848,0.631758919064663,1.013665760007033,0.243211710654849,1,4.80024653382817,2.833396117127114,0.39840730171200456
-0.955471366841166,0.5535038411914245,1.6898795293565858,-0.2623985740206567,-0.8024460675959331,-0.32967681048755815,-0.013178644122305348,-0.5234815281318063,0.7063328404846041,0.4307301819014316,1,3.163430011042819,2.849397207681807,0.31984426163580393
-0.3343253115633758,-0.019825242851109096,-1.5390658498782006,0.3212542755093889,-1.3938066433750593,-0.2773315560899788,-0.46134446373035987,0.4665790006493482,-0.4441420598829812,-0.0469579475499448,1,0.01086684675970817,0.5602144353472822,0.46076830017454634
1.4951920337999378,-1.5694320397731794,0.11310162671401226,0.864209270891057,-0.6277501961007957,0.020922464263224836,-1.361328858800937,-1.6087791363698718,0.7221090222044116,-0.32714360015432026,1,8.42539879207276,6.900954081225304,0.822344340978291
-1.3126848467029635,-0.4733789495330511,0.6044343995551278,0.5512317172135621,1.0477341721595803,-0.5039968517257415,-0.6274365750811618,0.33088139622160656,1.0000955616677676,-0.3745585616861393,0,0.5575670917608349,-2.2221654991906066,0.3965997994725413
0.958191140298206,-0.3334698202423759,2.0374519423753807,-1.7196739038220863,1.5348348768792863,-1.4974802016921753,1.2231733603288117,0.08580064278962317,-0.45334290519831816,-0.9087702389250821,0,1.4427485049262563,0.44137725779330994,0.6560702567799793
-0.9281221437605338,0.6817559566212483,0.4603092139816421,-0.18844453237818976,-0.026584242413399836,-0.8712811974290425,-0.13256744698926726,0.8858411117177848,-0.9075919954733179,0.5211375144393836,0,0.1526616638140208,2.4986933330874925,0.30897000067652575
-0.461446863154594,-1.527569266253622,1.0616788318809716,-1.3739471578514193,-0.4648277333134064,1.0692534354743424,-0.7872107937761171,0.9425534238204085,-0.4485015716563621,-0.09358917826887828,1,2.0363385480085134,3.120999866019547,0.6301968051816145
1.884547476805244,1.1357906611668267,0.08618543293472397,-0.6539905475698093,0.02688626945725665,1.649609729994417,2.172050913582808,-0.6198320340365894,1.4442450624913878,-1.5778277877826399,1,4.574996402275921,5.548932254245176,0.5925165309430406
0.5882064080297049,0.3743664207436114,1.0410969219158048,-0.8324088256872509,0.14601715372487883,-1.8617597537365473,-0.6300652183072499,-0.01700358267398227,0.19451308258922834,2.791971166364041,1,3.5343956873782068,4.108545674755088,0.5267045629654608
-0.5093949936499329,0.020851016457012695,-1.1520024614842568,-1.886396597996423,0.8983549069080704,0.905452835968431,-1.3754405398140352,-1.6897908946886235,-0.6358816097257353,1.6670257868439342,1,-0.3800224680692458,0.7645054007658847,0.4341047797063529
-1.4881413492156073,0.681796857695334,0.1314266306188423,-0.3018174541542164,-0.6046016019551887,0.24498204614018904,-0.3107950666543592,-0.39932039869894714,-0.20753975082220685,1.1116224872159368,1,0.2908676890098647,2.3290163076155546,0.25256681228656275
0.21284143528388993,0.06895192451824346,1.382578791774409,-0.2681484528973282,1.432837566672641,-0.6758122959072727,0.5311489133594557,-0.32310328942580074,-0.06849627644987176,-0.6432392357586125,1,2.6735920824800914,1.7745103002114788,0.5179784347447665
-0.29538671129326194,-0.7005908760038099,0.40285179956609257,-0.8247681482118305,0.5365577151566516,2.34706586550955,-1.55504129321614,-2.3721213776386474,-0.988195529631995,0.7432967991827534,1,-1.5938190091120457,-1.2755675262591792,0.5504779719500301
-0.711160001708371,0.5774810876838673,0.9492212498170659,-0.2510781173963972,0.8847682509983086,-2.26950177333614,0.8345327309752071,0.7993033732591057,-0.09943286179014288,1.0035365626469492,0,0.8312309109056665,2.9173762079545065,0.3442705284593666
1.4409628845796751,1.9328205818714956,1.9412492955640848,0.05552552931562209,-0.14121719967410357,-0.07810128600356411,-2.6744902903031136,0.698156780970632,2.3493556945678784,0.5658335488614014,0,2.2717282128276137,3.701044128299576,0.43882580054656617
-1.4214788449588278,-0.9946916974424368,-0.9384257354165478,1.6570519813450593,0.5023938192500375,0.6381286339251548,0.3535297139151791,-1.1114787296686919,-0.9439107085347871,0.6807384847965919,1,2.17957595084994,0.19966744513919135,0.4468531319316428
0.08621154721492759,-1.858098419358453,0.7860269970493,1.416729692327733,0.006391881202623415,-0.3159645126292849,1.3657923587191065,-0.1957317622915745,-0.6138219323350175,-1.5385035698994083,1,4.472106450112181,2.1679796258737674,0.7255488232254901
-0.49119880233355484,1.8670006315136745,1.1638047132536464,0.11936481908700643,-0.005873957527278068,0.9896393202180513,0.10230140229512603,-1.2639047390050024,0.14429202577258377,0.17551025490535685,0,0.9228084787113144,-0.40255244469361817,0.23521410813886565
0.012904455906803555,0.25744993760617924,-0.6929007863837637,0.1550720823556625,-1.6032786392621192,-0.9206314242118562,-0.2438551034837904,0.6025375644251278,-0.2973313876549095,0.44019839240629904,0,-0.8513014588423229,2.821641104029694,0.4694698423864298
1.0226774579480344,2.420233270553744,-0.29314377587767965,-0.6437313807083694,0.03858913554031246,0.1984260053639068,0.5461233825734567,0.8125535077021971,-0.2823927688956929,0.7269345750363732,1,4.226559929845426,5.202542703368598,0.3320832374067693
0.08196617969550951,1.2273716413780353,-0.27881263372055526,0.14025560234680312,0.2702561703607004,1.1325252625551097,-0.0041035069687258546,-1.0366038826469541,-1.6956217987868467,1.0340098559800537,0,0.8897677575651486,-0.5523197746484623,0.36061341799617674
0.6402745098468943,1.6619475270132997,0.09246646266124099,0.08659775617997661,0.17936649093014653,-0.5360381765489386,-0.703797519459388,0.4383964047972862,1.1808441735718458,0.60380835807897,1,-0.12169707678435648,-0.2863553603523854,0.374997448874437
-0.4809985247585037,0.4246485750677678,0.17646383041871241,-0.5633522837287307,-1.2225089287340039,-0.8306087875861492,1.195481805972572,0.2536184377034516,-0.6091232794091517,0.07656552397327501,0,-0.8600105243366283,3.0484448202165715,0.3886896518590274
0.6108484515486529,-0.5401467818003458,-0.7650150070807687,-1.7764015233277912,1.0885490415587082,0.5879224609068647,0.6693890693838255,0.5619206231441555,-2.027591566800901,0.10960812680044303,1,-3.376698570199337,-0.6381484244581486,0.6400307513213577
0.4499680776104737,0.07073267535659693,-2.3513286071110295,-0.12480641571603167,-0.2572864588748798,1.0375086353506053,-0.10393075991216191,-0.5201820557431327,-0.520768035793778,0.7228468113859593,0,-0.13531595235936172,2.119234609616425,0.547262899109614
0.6725057161998321,-0.21397279340619518,-0.3988833192954064,-2.3019652000071864,-2.041648909124674,-0.8354500367697351,-0.1438785463298867,-0.7909622362057771,-1.5141358478842608,-0.03683066905868326,1,-2.6437795930372707,0.4023379606305326,0.609030609072856
-0.021804189852989847,1.3092334897452922,-0.35871731060260004,-0.23466349182479998,-0.7170842594599725,2.6038556784393108,0.6447293214888808,-0.8283529636790821,-1.969989866140369,-1.2888258522547205,0,0.4755962522075362,-1.085879810287687,0.33950097256535755
-0.9192312907888351,-1.361811161963595,-0.1186981901568568,-1.016887816814955,-1.6050069811054286,0.6375837157616531,-1.5410553252187438,-2.5533033126211384,0.9370293528150879,1.7904081846139248,1,1.0925782183488617,2.6669131243289157,0.5550978256546932
0.040340372583330605,0.6864759200326856,0.6713841517042706,2.35523554140343,-0.9903049467564798,-0.45410576565382627,-0.4390643967558564,0.05417323650818141,-0.2072965323464338,-0.08225517570292921,1,5.37623438181526,3.124296873049401,0.41992829036526463
0.1426915902933518,1.9780043811837977,0.27403194483813775,0.8294156110922379,0.6679063960123212,0.35644473214724803,-0.26637565192875245,0.8047531789135072,-1.7506399118514364,1.5398905751052692,0,1.1588276257620367,0.9807582983744754,0.2854356604438616
0.6675318688198605,0.10045810704515155,-0.012609534457079038,0.21990670068412085,0.8136230019713435,0.46294959711648187,1.3653683448320082,1.7149810236646972,1.093969867665633,-1.491541060142215,0,0.9474006326143217,2.725383506064199,0.5704131232689402
-0.5211979292156053,0.977237035944849,2.1303248660007967,-0.5869135257917711,0.6000525401720866,1.2279289994986615,0.10597300094231368,-1.2180659551955204,1.9552649773995154,-0.8682007988022243,0,2.0357031141759188,0.7724363425341623,0.32099183135436804
-0.7400775841326328,0.2683730755095696,0.055177823944244045,-0.9173434284822864,1.676287891168612,0.5206679848840725,0.9054379339820372,-0.04320387815171042,-0.006796637550724943,1.3228451967455948,0,-0.36722265337323584,2.343879982877803,0.3765482156075768
-0.520165882064571,-0.35623737108818065,0.4662369310922188,0.9043483091819423,0.9072658672788888,-0.942288491151671,-1.0833629328018655,-0.8483261989557925,0.8838995651173138,0.8825936819558614,1,0.11832921556111045,-1.654905486277975,0.47952040024450904
0.32063120599509093,0.2968824466652803,-1.6513927294478723,0.3190286685392816,-1.5733383768314881,0.825677690540978,-0.3152504179395398,0.2422968133686014,-0.21341039263913958,-0.08020001395459285,0,-0.3459857697213018,3.386050958238025,0.502968560035507
-1.1138427882153292,-0.16879758805784265,-0.06307128280046882,0.20665459152405047,0.5446477154117998,0.48033765092179165,0.26963435496943244,-0.6523110386802412,-1.2995028899867915,-1.0024159710020464,1,-0.5171864188023723,-0.9361709052670608,0.38401935205337673
-0.8175109403989484,0.8463467718509441,1.0755338488207435,-0.7965111960903608,-1.1600097665784537,-1.6225487822874247,-0.623700657591065,0.4157107543398722,-1.0876416789410301,1.1861365955010412,0,-0.2334344025580003,1.6019953235462214,0.3032373782271871
0.36667860303049105,1.0661042664241873,-0.7965284141498844,0.7121158252687982,-1.1093289278497418,0.6918098770528872,1.4407430514624302,1.426170276836913,-0.531305233692426,-0.8822874066874408,0,-0.4777792287004883,0.9274762292968578,0.41345206037983423
-0.16575947096313604,1.5710702779648078,-1.362288161879607,-1.513273001258948,-2.0455203260796075,0.09425929456099541,-1.6992412072962284,1.1909001009233136,1.6407971132343124,-0.13684290876556912,0,-1.7159794507561452,-1.5906944190153265,0.2955842406657284
2.3930793085599738,0.23350081229625275,-0.5049027901208726,-0.5213258929857335,1.4329526607584033,0.7928090598665757,-2.030271053184635,-1.8802175725287482,-1.4694702873847378,-0.5926075275723277,1,12.840007765060712,12.620955552847002,0.7464540984313635
-1.298880621783074,-0.7645780100521028,-0.8227859336195682,-1.1205077016626495,2.1195187100513055,1.4192239460189604,1.7799685657465616,1.6784014352544314,-0.07084835857881062,0.11064934402315901,1,-1.5003671618031373,-1.4121441348103663,0.4336065785087314
-0.9276391278013848,0.1483766909603271,-1.000259278972185,-1.6023935952933606,-0.7670276139435719,0.8721457750309503,0.09699138283220839,0.6028525993584475,0.017095653779809244,-0.918714268817523,1,-0.7154791493686021,1.5190880075710191,0.3686511148755489
0.5194774237194556,0.09483236743240883,1.3159114410618205,1.3549777719079361,-0.29631806753763196,0.12129732537833084,-0.8953309048882414,-0.8597750696760593,-0.5765605513623797,0.49208566575096496,0,2.7463136697138855,2.414991221839378,0.5528821168839293
-0.5202031702569895,1.5453903199425532,0.47347390905689335,-0.26854654852732796,1.015787715984614,-0.7349222949495545,-0.6443529656043715,1.347259480921411,-1.306612247675978,-0.14964236569858064,0,0.31111793224046375,-1.8802255702869233,0.26254225617171084
-0.37960500379001677,-0.7335952993672727,0.9858149188095456,0.862553522129234,0.6772141661015563,0.023017602641806634,0.6416604579846625,-2.0021991143415847,-0.40472337195382346,0.03746478953583978,0,1.5806410860243738,-1.1723531289945353,0.5441336314976085
-0.5895397506221342,0.18577507761740789,2.382441386002872,0.11267519820178724,0.41134160259603253,0.20273818513729727,-1.1980438477854456,-1.4880510172343409,-1.6201813260955014,0.2810738993212392,0,2.425443050724382,1.9322233748395221,0.4042813575284293
-2.0393628100683245,0.6428646746271166,-0.20213555333894795,0.45192515812996376,-1.3267311067393341,1.55266042498475,-0.059070025454399544,-1.8933652703493453,1.2335202926112527,-1.273286210204081,1,3.3689478388732583,2.3825080932665856,0.20732696370162912
-1.221939656877403,-1.1976739705802946,-0.3103325134849673,0.5872344792636836,0.5581414948031939,2.521371112507753,-0.6633951364444287,-0.4566748169333112,-1.363638648928467,-1.096840620436514,1,3.631005920736626,1.7493025038188244,0.49696682642118634
1.1206659044957474,-0.5031040659169606,0.4517365702529574,0.03202404238219983,-1.0502348080149684,-0.824199212431439,-1.875171928237595,-0.2029703722561392,0.07914531608478181,-0.3040009162074755,1,0.5417405441613372,0.5670146520434569,0.6925110376995528
0.9933763604926804,-1.3245554497378837,0.046498543186305266,-1.0038165556784084,0.38072054611883105,-0.8967183376512194,0.8125705810012488,0.6373611846835914,0.33271193983299213,0.2582368018123233,0,-0.9674391796669961,4.830110441513188,0.7611447636367809
0.285743880026545,0.33327939962756703,0.5318067066581046,-0.3547656871123188,-1.1208145706668544,-0.043793072348728534,0.5130082847571391,0.5115982244633848,1.7300552797979127,-0.49930408017278904,0,-0.05231300702495145,3.4956032607586667,0.4940583397540667
-1.4107836287909954,-0.5448286553491468,-0.4225941134609342,-0.8049570806978902,-1.0392060131627,-0.13637155114405125,-0.0691114632878744,-1.0382715126813042,-1.1444359494862273,0.3699631431303978,0,-1.1858396375167395,-2.2312963614101538,0.39341555981937987
0.4715869436079163,-0.8186616290442069,-0.17200516089383291,0.49662285941428497,0.13076169490886125,1.562581220529143,-1.342197431638,-1.5567691755913655,0.7228290777564583,0.3501182678667711,1,0.09093428157756844,0.25410500167173367,0.6559108921551995
-0.5480439830433814,1.0872587621303165,-0.6449784968605025,0.5118784149237874,-0.17944219675243178,-0.7750313627240806,-0.42388996748476676,1.1715250849261594,-0.3862466102623512,1.5082574043902803,0,0.7415545563793856,-0.09869794896732009,0.3062624356103254
0.15542867683943998,-0.2535947166623714,-1.004259798815154,0.6765012617974479,0.20614360268507467,-0.0782750496961803,0.09990781015135967,-0.12143394279314447,-1.1966138888173476,0.654491789693032,0,1.173371640934327,-0.6194588191525423,0.5509504641137333
1.857149160671793,1.6980265666932324,0.10553826870755047,-0.2535196032031303,0.08464625041194504,-0.6213938224099832,0.2810306845345979,0.3744882718762506,-1.2029091034837753,-0.3288517716796667,1,4.138065442608274,4.3738359858679745,0.5198798387385921
0.874201691618976,0.9004687407023031,-1.258305550726655,1.0958548872414167,-0.28569741535230253,-0.026705335050283878,-0.16298399394298313,-2.1137053960645154,0.42107345272278596,-1.608646747211595,1,3.4783631169951836,3.166001369103375,0.49671666605949183
0.8300762989038334,-1.3020978603226816,1.0601736833107365,0.2310781022841777,0.6083893332653497,-0.7170061432984153,-1.8089795651479912,-0.980991711772835,0.32083358049860583,0.45677539559674624,1,6.123262997781982,4.325676891630902,0.7438520746385836
-0.8605925515394257,1.325387940020455,-0.01903799659610104,-1.6403731200710867,0.2692678460923612,-0.7727542547514082,0.8221549258473461,0.22495349726876748,0.1504898831866963,-0.2888539103350698,1,-4.077905340516361,-1.7102794033401671,0.2510556139378098
1.123232884378467,-0.9089096423224156,0.3362858070546892,0.041948144704752645,-1.0334376993670076,-0.07533486248853045,-0.9461990728471885,2.0404319945407607,1.015916973220083,-1.633788168517571,1,2.0457795698656676,2.369081280843031,0.7342066230708956
-0.450598687558915,0.6095903240798268,1.173744380694597,0.8718145892735517,1.904723422336784,0.13349124926720393,1.2818438390463365,-1.1591867737575836,0.8705018910001273,-0.20963534323670233,1,6.3299374129001675,2.9905364185315007,0.37049484632037694
-0.14667131142154874,1.3805912323207576,0.9686388766936103,-0.16812921232772424,2.552230163402878,1.2588296987806202,-0.44176929374726487,-2.422844228634589,0.27781193997315035,-0.391055165246062,1,1.3123694433845396,-1.4625688217705513,0.31785839749813716
-0.6265386546434986,-0.49561215892249166,0.15313140039421974,1.3149125131124988,-0.9803182258680312,-0.07038034710521154,-0.20175111859881575,-0.8237735516222738,0.2812957850446802,1.7721113393458572,0,0.19503524256287474,-1.9653239982359474,0.4836400300857456
0.6161786119218626,0.07111397233639062,-0.43878218129254104,0.046787349514288604,-1.7175429474558825,-0.06017799288669453,-0.19329976289668024,0.4773528096692293,0.9485047002786537,0.7453294224006959,1,1.8005586239034954,2.405731069678993,0.5677144798445473
-0.13193723039482486,-0.5174092690295107,-0.6273930730040508,-0.781705901344195,-0.6150648379593945,-0.1231274307897173,-1.2202520489853848,0.4432285913628484,-0.1085072049969023,-0.8348857370974414,1,-1.7187201383069164,-1.619865795299525,0.5480353985377906
-0.6401296739088516,0.838910112381142,0.9041532851715774,2.388721279606085,0.5671228420018795,-0.6756051276429487,-0.7211457814217895,0.38915220654654403,0.8056366531220363,1.4077465362403794,0,3.5800379060141587,1.7391023109153008,0.3231091388319652
-0.8742259308984948,0.10097960163864564,-1.1615925156293805,0.3798746961711634,-1.013397892749295,1.4552743580163356,-0.778015669115904,0.6091336616424187,0.15112910594841883,0.04908460831001962,0,0.5995728167338679,1.1970408538099913,0.38045845703674114
-1.8042733050866564,-0.09110291269290938,-0.9795508784326294,-0.5850000773012138,0.4887209789439489,2.7174287328682976,1.8982059641802707,0.5166361990743612,0.38539276475250644,-0.3508339108966636,0,-0.34992152170798524,-0.5411978486625307,0.29805328942364806
-1.0010351157032857,0.44297474376752755,-0.4444482168888316,1.7562057987803437,2.146384551911089,2.1404207771662067,-0.635496564518045,-0.5072673813486833,-1.210918886763466,0.6483980751881049,0,2.7399860614204865,2.8274875654833864,0.32695163661790366
-0.8548356658163554,-0.6037733672032106,-0.8875696170572964,-0.5568334395724496,1.6537258920055278,-2.4666670681049836,0.5258928211564377,-0.8063986460634309,2.344212722750776,0.8279855268731817,0,-0.324436002723968,-1.9429633468511094,0.4686583588479878
-1.018750997072883,-0.6107493242365146,-0.569930871395783,1.1506579954361567,1.6944674024465378,0.1536175098706156,-0.14322107559133732,1.04374501057934,0.027361259258408762,0.4679559164605835,0,1.9939663682737676,-1.9891562677711008,0.4491759280887316
0.22130404674730697,-0.7882588168110902,1.3632630533652292,-0.591859474907577,1.9377992486854427,1.1801838355576113,0.1937008508265507,-1.2437856794752757,1.6758270969793119,0.3153781421219002,1,1.580916276823637,-0.2953474675435286,0.6235823257320651
0.8935689453268618,1.4769353847613327,-1.1200027152748215,0.36363044399641237,-0.37692615614045516,0.3194887530040092,0.4571267746988636,-1.6635738913517661,-0.22807947633752781,0.08964910311420293,1,-0.08055039522133145,-0.04960385139358037,0.42759183704216563
-1.2523250693317478,-0.7353475428889652,0.12463486560991782,0.6862426243888206,-0.14670394375406343,-0.6987855544950595,-1.0041712385324686,-0.35727125323695724,-0.7990228463379194,0.5953157747638944,0,1.0485726856246291,-1.5614001565942401,0.43573523989149954
0.2529991518497392,-0.6502558782754203,0.2280250861827944,2.3304635078602445,0.7523667826458134,0.254654298606135,0.717125946961152,1.2642476921902,-1.52135067197716,-0.426119479032895,1,1.6303576923070107,-0.9387210383079352,0.6110261204868359
-0.6170953062275772,-0.6456835185272906,2.1142782251991656,0.5102830033615648,1.1157997481078155,0.29893226863566097,2.7528642825740155,-2.0100387475151806,-0.4843848029198007,-0.44062129534732625,0,2.968089494806618,-1.7031927482086637,0.5035734656930242
-0.34879354756156666,0.9145018400488154,0.09020442742175916,0.6505337571611308,1.0423080349227836,0.22540802384624264,0.7285279300579416,-0.4402442794764151,-0.6448778916640461,-0.8862005080977896,0,-0.05443373992618006,1.3689944595579895,0.3471370221719859
0.08440803310980834,-0.9541410925618901,-1.0699506201605071,0.6514087423401941,-0.9304122492273423,0.5674287928700561,-0.3221559727873218,-0.5786848671082763,0.9086255721129254,0.9923110927289581,1,1.2475360925532568,0.7291424391995136,0.6269781192011706
0.2141977944806523,1.4100295920320967,-1.6815536670926081,1.0808376836661575,-0.8038526788497165,-0.23086034401902272,0.35855119335071156,-0.6936366166449239,-0.04264204075563267,-0.4267433697918433,1,-0.27523082036697694,-1.16193137386405,0.3548206479025801
-0.22768915420673522,2.1044992876141975,-1.8566616839540602,-0.21471306012397265,0.3928276006074621,-1.1316541913132412,-0.16824970634376762,0.30287691487344376,0.35918522945034015,0.8230091885119816,0,0.8179315689260364,1.6024437533924085,0.2375616976553828
1.0969006071545395,-0.33056975445797127,0.08756791890323759,-1.419321389389172,-0.052504221997478104,-1.4510728280006948,0.010873766305515172,0.8234224968637073,0.41322264436747413,0.09121578524181384,1,-0.6229365062448905,0.8407398491506246,0.6712259722916363
0.807012583797134,1.0711998720624445,-0.8286138840650823,1.186114471039557,-0.7564221415827346,-0.44552572111887595,0.7257505883674397,0.17759445945822372,-0.023155516967006306,0.17273087935997514,1,2.1830978365923386,1.6866515455209998,0.4670245233799298
1.313343363116114,0.06801694537354379,0.7454720980570375,0.7200706960442296,2.0876987644579965,1.383315803099284,0.7044850091340877,0.7195409507183848,0.16893415390276795,-0.16224376219272132,0,2.607191639905982,4.248733371104824,0.6508240112713793
-0.012469143706682962,0.024400105741811045,-0.449223816103371,-0.4136332436322708,-0.06349576283307354,-0.32426002501166284,-0.19361578070187405,-0.16672710884099282,0.9058529941968444,0.7923431693229718,0,0.006210352041114309,1.1790586333914934,0.495391474329875
1.024638297410866,1.2450648059512353,-0.7204692460745271,0.028871254171212172,0.3013382968790941,0.44223567985455897,0.5127227047125088,1.4202251400828514,-0.548931176091851,0.23078252683161082,1,1.6522765945899647,1.045940072460192,0.47247454334832245
-1.2169150996884546,0.41701814094054357,-1.5923761946155315,0.3604978613191832,1.2408388529702599,0.6218661009204091,-1.0637986892919662,-0.7748534494495534,0.6170264040582419,-0.11237303744424566,0,2.1285506187973438,2.7116698851195644,0.30640794131706894
-2.1783100877038826,1.4169476087056636,0.18561805758433164,-1.4295455673925854,0.23440471766465049,2.2144971012922268,-0.14654820913533873,-0.16155871249801187,-0.6416965471900282,0.6470183636849386,0,-1.6584204727229572,-2.302151990418014,0.14213994883649272
0.25135727816346776,0.8118429078915278,-0.7257519226406838,0.7289075698198314,-1.1780055668351772,0.49646940071864604,-0.7918801386189818,0.038394743667330186,-1.5586533457680827,0.09793527801719785,1,2.6213551590318587,2.678983039241346,0.430394247767434
-0.019777213953693255,-1.528463153697945,1.731205703551006,0.6223483332258916,-1.0896670300689226,-1.0075126873698899,-0.24900151924128155,-0.5676006118841719,-0.09290364533650644,-2.1678078431995247,1,4.490195350377976,3.4704288914280244,0.6801242732671426
1.6923503001944868,-0.717418962702375,1.2120870029510504,-0.16802293682101352,2.4478128871405582,0.8589456866015477,1.0624078153219716,1.1957465878984759,0.08349625615780698,0.1507141107756324,0,2.056670701392625,3.4930919624479504,0.7693925922961123
-0.12544975477563505,0.361545638077741,0.07577200632435743,0.36210246506851246,-0.793665285867645,-0.4165938649536938,0.5543661007966227,0.02099295029588685,0.48464562673983896,0.670970938588443,1,2.8319808059277496,3.1493097382042343,0.43942457930025486
0.887991402127766,0.49394901046565326,-0.23227120263890658,-0.8652272192080868,1.157857230197104,-0.6926752183782207,0.00011663406126858025,1.6177186677153244,-0.7929825381206748,-0.27246289094351256,0,0.12644792476164501,4.929791664621002,0.549096584993371
0.11849311299174815,-1.7865088298699328,-1.0689756238735804,1.251364850526638,0.4520963110200961,0.8255222688598278,0.25580834831873667,-1.9528387804084633,-1.0185480828843383,-2.226197737689079,1,3.1590443366344685,2.679639883917231,0.721617865331092
0.6417216007037091,2.7102595848728472,-1.5673746857118844,1.071138705949364,1.0894757291156876,0.18672965692571933,-1.370511668696358,-0.8666863608859721,-2.0200162374908057,-0.12556283129198353,0,1.5690663393570146,3.873885968968585,0.26225730847732437
0.2175175660118201,0.8220485373348787,-0.20418287637676602,-0.8477850344444678,-0.6901162211325997,-0.1316282165708697,0.30138997142977303,1.3909701652196744,2.0464872867824235,-0.0079454905475652,1,2.004271301784613,2.568942064554911,0.42500376000975076
-1.0778451552701243,1.2284236260246229,2.5569697023142837,-0.7537498055669044,-0.49745487416190265,-0.12034080682510534,0.022185775142184085,-0.676415191384908,-1.3867026782272522,0.6123370808222076,0,1.1645804109033269,-1.3036443529464434,0.2399170395717566
-0.1351764448225716,1.1290837187407559,0.544329816940449,1.0201166859834945,0.06299974629271324,0.7014287659481864,-0.7273541200441627,0.5025503610269159,1.0114098227508985,1.3280186400830893,0,1.5842613384272166,-0.11269927854594841,0.34702770524419374
-0.29361060069538736,0.6003547513116033,1.3067324218894758,-1.5556229163978021,-0.35642352113852005,0.5850923499000242,-0.28248023103604897,-0.6536650437766742,0.44273970760221165,-0.4644269443759477,1,2.6667331509164622,3.1223455860857436,0.3900784008926497
0.08096607564378586,-1.5411080128968933,-0.459044388549764,0.2914884613890789,-0.08891726740854496,-0.033398003553795345,0.328929299525648,1.1058225089866012,-0.2324100005540434,-0.011310658679547489,1,3.944773366811416,3.5635151504706135,0.692330448112039
0.08615171434750124,-0.4665573166275894,-0.774631212246685,0.8555923852329705,-1.1510527712550989,0.6055898371433311,-0.19900926930086596,-0.32909817645333345,0.33535714548215867,0.48645173876835063,1,-1.0826848768764945,-1.3962431390932972,0.5686522591866069
-1.0271821304324915,-0.024973756471969467,-0.43210397581967214,-0.7310088520117098,-2.0811696396418697,0.8594475691348158,0.89887401063812,-1.1567948043042922,-0.09848329019026422,-1.2163055534335292,1,-0.867642660585596,0.16207212048460246,0.37728121586788654
-0.34861709207222447,-0.6312343057103383,1.356809994610881,-1.3644793276955576,-1.781988827559687,-0.347457012463986,-0.2869483860302233,1.9679846388600162,-0.7570252983837296,1.477832522159583,1,-3.1635809188667032,-1.5848560047668638,0.5352684841094928
0.5072460938775308,1.6552904964260458,0.2801932209082876,-1.6101093195896548,-0.9242918608428999,0.5483952845001672,-0.8829474775054426,2.393570170889887,-1.8265161674719017,-0.6268398593898983,0,-2.4326615312052247,-0.547634100015076,0.36030924186370533
0.4727113798108409,0.022131301323773948,-0.46986465530730054,1.450006408054447,0.07747068613839689,1.0785207137840946,-0.418055118944176,1.0431459302082968,0.23433881122554,-1.6192832692373071,1,2.301867152541428,1.7780170974116458,0.5560854891774442
-1.211030155896037,1.1298420664950024,0.002871917273824556,1.1457317166470344,0.7284967942868517,-1.1180837827963213,-1.1896943632521466,-0.10183600092275157,0.1696914456722519,-0.6956355092200975,0,0.559894220325741,-0.6938409673838192,0.23677616417120986
0.5110429145965435,-0.21425635670706122,-0.7567693214406188,0.2550360671185059,-0.6430439973742427,-1.450739454366229,1.5722014309790753,-1.9677082105370909,-1.6575660939088723,0.8293534938502135,1,0.5575197169790327,0.10848462930345293,0.5896816844711842
0.26344714240216105,-0.567433758116047,1.9407830335454386,-0.3943675231409005,-0.11244234339591393,0.015557181200328615,0.6124180327000489,0.6905210460280535,1.3623579676495012,-0.467553705226738,1,0.6056645812859411,-1.1427007882652647,0.6023916765046442
-0.04586790594472202,-0.2995987587733574,-1.32888833551476,-0.3292349532251783,0.3327390391693472,0.11459394405258284,1.428078163698785,0.19868735826215714,-0.9906029398084975,-0.515554158731026,1,-0.9444862007605641,-1.0655204417804915,0.5316738858273437
-0.8164093278498717,-0.6007949486107363,-0.08838047729908165,0.7623564505871918,0.8639418603207202,-0.9130083516258418,0.4204363279276708,-0.06828320753921147,-0.35122407122438004,-0.6679228220773333,0,1.472004583385433,-1.9336885839799862,0.4730742759840377
-0.7356792898094604,-0.5318295119463385,1.0435105784734027,0.9404581385638228,0.8298010169454388,-2.274712092601075,1.2436058527883829,0.3037199552078254,0.8659122213555431,-0.17126365993673123,0,2.8055342826453,-2.008331724603611,0.47454081456904257
0.18475220011077823,1.334531340973518,1.013471037295286,-0.927115132876956,-0.7948392180037915,0.44887929524614456,0.1978992245706631,-0.8891628057717216,-0.05808642639609575,-0.6814720180067562,1,-1.1186890259090339,-0.9668324095589842,0.3601093492215496
0.5838747046950579,2.274703378703392,-0.9076668722975513,0.44305266895127493,0.42088148473299347,-0.20065745476922558,-0.3767400065759829,-0.3451244242806939,-1.4638430055886906,-1.9752989026932481,0,1.0901319487789591,3.6924733236205025,0.30039568885129764
-0.8621266081811992,-0.6036356196140189,0.7464880416309605,-1.1011958414445358,-0.5236036697941725,1.0725108548069282,0.7957676771167663,0.4782028253825329,1.1043782051962148,2.6549472950478687,1,-2.667190010665812,-1.9463995606099467,0.46773352992512074
-0.10022658262579595,0.6102816865885027,-0.1290170273224312,-0.18308656960409295,-0.8983183783774624,1.6917084755276692,0.19305220590589575,1.5339691106689914,0.38364318949702636,-0.8656226717108877,1,2.446424442682134,3.2560840116073013,0.4121088896417814
0.017867595435701423,0.6479994990562532,0.21814168510662144,-1.8162870510023064,0.01701640912532161,-0.38755517559738945,-0.41365307408992763,-1.3691103991530722,1.888867121196887,0.9834726033388939,0,-1.7762995545742357,3.2526335003844746,0.421878681580218
-0.827084891071715,-0.22330479397056371,1.2918367437539318,-1.6253219257209177,1.57643805616815,0.3630679668852856,0.47512907467542814,-0.1604847312861494,0.4408547474623587,1.9579672069180938,0,1.4527191081129476,-1.1761507377200529,0.425095510247758
0.11017819277098724,-0.6867227411187872,-0.522894131832905,1.0443149591861545,0.2781743830943227,0.23628414225781583,-0.5489540245694996,1.413055233368764,0.13056310113731845,-0.8068638252954703,1,-0.36581239656892584,-0.9655823506922512,0.5983153112800761
-1.7498244993298495,-1.224522143662872,0.4075934612897799,-0.8807278984964255,-2.030958872167198,-0.840856330543168,-0.14773608232527696,0.5921831772319897,-2.532554525015195,-0.0508674061621912,0,-0.7552256203517526,1.7945688753588391,0.4347121020048912
0.9000358998312006,-0.867728174471383,-0.5769596775818446,0.20087222443176114,-0.992314214458306,-0.9146227111995376,-0.11620028179917181,0.17697230934977645,0.5748607748380147,0.01620874270202407,1,0.8659646825209693,1.4504717302977608,0.7076260281891665
0.0026865298396103487,0.24938708149169656,-0.8739890438363892,-2.097559270470829,-0.9017329609707531,-0.48662802696899804,-0.8184302545765396,-1.138029087764694,1.0625923385176665,-0.8310401340004008,1,-0.24343311627487357,2.7670499132072446,0.4692014718571174
-0.36741897462950646,0.5752725948181923,0.43935084060039076,-0.7281521811956139,-0.8885296256035006,-0.0671057029336976,-0.6928405537119304,-0.1309018654077442,-0.8616496250627671,0.41580397333386077,1,3.347406922845473,3.122943549878911,0.38429776391545784
-1.4131277490747862,-0.21351884587610712,0.29143061762653,0.29282013180491046,2.4178322581645255,-0.22936071914771522,0.14414637926736323,-0.09306696379241686,1.9052015556957185,1.0073538727733313,0,1.5136319261457771,-1.3106301805736262,0.35438843344069315
1.931466346252737,-0.5754119903273227,0.16538960497331773,0.05124002149459683,-1.1515639574038279,0.343912908286274,-0.9884026530003664,1.0539363940671456,-0.20909415678311435,-1.5207682149838735,1,4.415570991401997,4.469452668725893,0.7778946298631987
-0.5597372423151535,0.047011006041319366,1.7461203450092941,0.8675538865015116,0.09265442106918824,0.8761307885204279,0.1718085995279643,-0.889852085607553,0.41303333663068964,0.8603122449471805,0,2.3175037202284634,0.9392419531800346,0.4247328583984868
3.050754934723057,0.2965516118219931,-0.4818428068723259,0.9307865165274098,0.6898466626180649,1.5812662673867979,0.7503671284052955,-1.7094677802048346,-0.060824995984473024,1.2885744403287442,1,24.543187589628733,23.137795932891457,0.798525110975715
1.7097917584630795,-0.8313339137580706,-0.2160241689343224,0.6551686671684903,-0.4089103812367254,-0.2572695558712832,0.9101686211047159,1.0141309534268013,1.1421191028202309,0.5047788915200341,1,5.76179054404944,4.264235439771178,0.780839080948473
-1.0093370733256384,-0.13717057961254536,-0.9852846615274187,-0.5080335287764192,0.5752253202281924,0.1658850875049767,2.2100382029022114,0.2635736942600158,0.4090722304004329,-0.027584597014016658,1,-0.8786893482746745,-0.6798386696426035,0.3926746478314362
0.7712822189047751,1.6663188014929666,0.1697052759360759,1.524133445140112,-0.0982305277715194,1.0767925657914668,-0.07867599973211453,-0.10310574677687236,-2.022289571446341,-1.80088871393394,1,2.0541057182341094,-0.0038909565553617576,0.3899509762851684
-0.12115340640657478,0.7534894714182002,-0.04280592182454845,-0.8437990142811792,-0.9597276783011759,0.7528137769991214,-1.0220311159667002,0.8354116347836182,0.6964516411293501,1.4977485865330407,0,-0.7560457978293094,2.6341800257320287,0.39237940149179273
2.4612947849134,-0.25113243159354337,-0.11429504949254253,1.4454969196914993,-0.04575934842792617,-1.5618663118736906,-0.767819335533195,0.3872232361178979,-1.2129175448515261,2.018713959588159,1,11.845626683616576,9.945931740145962,0.7951436206637811
1.300920945323237,-0.9306520330323701,-0.8513132724391551,0.13658422468019737,-0.4242544234273908,-0.10272104096908569,0.680641512972457,-0.1954167980759943,1.427281637272738,0.8668436384806536,1,3.295256012105425,3.13231820678856,0.7532063173024399
1.022122385475986,-1.1535087902184533,-1.4326011746333362,-0.018545182211462813,1.7908555813760734,1.215760888224329,0.7448381910548936,1.2465298665027482,-1.1086420645641217,-1.4405725614824285,1,4.570682089279705,3.93854793409523,0.7479701594186752
1.3003361792124104,-0.6074226578866879,-0.8015510113032392,0.6087950158195542,-0.2476146235970436,-0.1218978111108337,0.34171592405726325,0.17473180872783628,-1.6266817088155345,-0.46894291784766456,1,2.3221293916486854,1.3115488067530592,0.7218946907889312
0.7244574126650826,-0.686606739783387,-0.32193313016012426,-0.2903439600965613,-2.5517737819307236,0.10159930959214931,-0.6110253518627314,0.5857534389664856,0.2595855009771647,-0.7947700273644687,1,-1.1420396140770794,-0.018952419809629806,0.6694131614220291
0.4671751996563098,-0.48548025024048613,-0.6874393870023698,-1.4613924377910017,0.4387687191817556,-0.15145220346287422,-0.5154540354798474,-1.565753517705001,1.0993988211756134,-0.2824133682697197,0,-1.4931808738984165,-0.9019186181655598,0.6168803463449262
0.34048613777685605,0.30545113721577893,-1.3729046231804403,0.6874615049974057,-0.2549268114372224,-0.20253819490820205,-1.9407314131872768,1.2267218734078904,0.10290037985427986,-0.21583141260720826,0,0.13003307911207052,3.4530403653724298,0.5043792630846238
-0.6946358070639764,-0.05842633845140876,0.6383570587548862,-0.08204228986653561,0.47152752144916493,-1.094015741247235,-1.832323894488196,-0.7795192472975702,-0.35947243935155915,-1.0386453678099217,0,1.5486934041637208,0.04294921734161067,0.42113770793731475
-0.07252360390377292,-0.26875430589134386,-1.8855500631930378,0.7389302036261036,-0.2266840696844165,-1.1541089383661558,-1.5195952284238334,2.27914752091873,-0.49167112368108307,-2.131139717082245,1,-0.9362268424966024,-0.9387494871975502,0.5245091791851545
-1.4573505413880912,0.07986249838106642,-0.7397793042016025,-0.2469195291832666,-0.04447648514582007,-0.033888776672434374,-0.03922360792667036,-0.1780847558598935,1.6141906281385088,-0.3583645244142332,1,0.7599768074547187,0.8535310438520055,0.3167806210543142
1.1064844844236503,0.2071693830097103,0.9543392307769522,0.5588924751726789,1.1380097895296437,2.540514262092679,-0.0827064179269598,0.4446213379749242,1.8964039068403478,0.23758056090870416,0,2.4398014092698297,4.538350648598537,0.6105578104772854
-2.643424963649414,-0.4489909346763357,-0.35890716735216516,0.1331940106882053,-0.6442418462212993,2.3173697658476766,2.1837204419283545,-1.6289714216012923,-0.92483100348523,1.0580881398499107,1,-2.3832534792177977,-2.396851397285867,0.2502617051541986
-0.8143352346431149,-0.4115585619722715,-0.7882128895591243,1.408547559684074,-0.07204290816401379,1.255251472924187,-0.5784963228456211,0.7974902492313063,-0.26368707660120866,0.19249368549538745,0,0.6466886964920076,-1.961186853037678,0.4498223902644884
-0.42885704102448446,-0.2596590621669076,-0.09128305053566811,0.25019795844035797,0.7835514266294463,-0.9523538731805649,-1.3216550856107556,1.2611309221644549,2.040316692122185,0.9618404054928104,1,-1.1522277711382227,-1.169334473424799,0.4788628576639341
1.3086882607455315,-0.3717392975534392,0.6159754135469703,0.4338666115887293,0.1748488349717822,-0.8495056039615826,-1.6194959363546872,1.2434330939582705,0.7813188282417818,-0.6587588614889104,1,3.247726332906323,1.4015378769342912,0.6985102384519162
0.35318629520252165,-0.4563040611108977,0.9304118455611394,0.5302604253722791,1.5502086771286876,0.13025670870206876,-0.08143372749047748,0.042532870851657814,2.7995239467496775,0.689504994012276,1,1.1174052038238687,-1.0528851622461601,0.5998272043790399
0.11245984220853249,0.9053425169086108,-0.23335567332422907,0.3582550516744215,1.0175609783689143,-2.5847444565031195,-1.3208782026430181,-1.2429549232843797,-0.33728940152210524,-0.34902139875602856,1,2.3338664421598656,1.8515565069944886,0.4021676463073017
0.4565150330592349,0.6720997703096862,1.4744170911094723,-0.3172917182312323,-0.39206572193581274,-0.4726700294822494,-0.893321859281974,0.20070395953707482,-1.2188532286696954,1.1548885136746236,1,5.136250577510996,3.7219765710039407,0.4730779704889565
0.2670586215319569,0.8194827712343867,1.6210356859074482,-2.2669391440424183,-0.13316789221533604,-0.5976836016558756,0.4632771623936812,0.8425394274921589,0.4315779114806838,0.13670684306070888,0,-0.21810589754701148,2.6491121458715727,0.4313826799724626
-0.16781560968707177,0.9282006927338127,0.029244217654498972,1.6978650286839552,-0.5079373256085458,1.8283161659407035,-1.1813490020740327,0.2740081267463048,0.08043318485249762,-0.702152473416773,0,1.1705436282357458,1.4046504297899656,0.3663266564819694
-1.353819621211911,0.9313315693596264,0.0009773892398678991,0.9560485664830681,1.7850182503716663,0.6771561756280498,0.9634041650636885,-0.37852361718104466,1.4295587519173887,1.53227307592052,0,2.454631763166331,0.793399055365684,0.24184779249650626
0.5719228321597202,-0.217232618149579,0.05431798422491919,0.15599758609289247,0.4678095443614187,-0.0056001393661616015,-0.2863853805672126,-0.1665615448685068,0.005905979926915734,1.2284177949731911,0,0.25076166181392734,0.19491752169739907,0.5973842060146394
-0.9277937113835848,-1.93486560893721,-1.515705860165893,0.22780855626010518,0.2809105005027834,1.1747785435866376,2.486085020750724,-0.16033881392541802,1.0626969729133022,-0.5773168035919877,1,0.311689619301842,0.9034269384131904,0.6232899317668622
1.105920516504518,0.2877423952157234,-1.191776131993568,0.3298426269114848,0.5260697073537158,0.3904734087148275,-0.2716372409774815,1.4787594988053208,1.1453573071871106,0.6940119626496983,1,5.870329642884424,4.986475363147708,0.6008694325789323
-0.6907834489348241,-0.3872077366758404,0.8275402706560829,1.7116609032146606,1.0380375161710553,-0.17532418558561705,0.1655624028669294,1.24305298192177,-1.2906545948871746,-1.3964066555439378,0,3.203097488504237,-1.8434995997844692,0.46212572525760887
1.057770464726677,0.14480539428355801,-0.9326474800235675,-0.18161843552734758,-0.3425562088338269,0.5118394036800131,-0.1169712746724452,0.443515218427292,1.5920204890662568,0.20000450731823863,0,-0.3472619221472542,3.9784180389716814,0.6121794047420054
-0.09788445349925454,-0.5048492508800447,-0.46777529562405074,-0.10015917937291328,1.0283306884703831,0.7959715261946323,-1.4722364678292141,1.8802631060530215,-0.5437152464211841,-0.540788857164891,0,0.29313101288728666,-1.592956228123636,0.5506957982716818
-0.16647178784796213,2.0620633871003924,0.6431945337132562,0.23365844536727295,-0.5797810386034279,0.18247735156870099,2.281682859867609,0.8743269247635026,-0.4408599787703132,-0.3417171131037666,0,0.09429622039396107,1.3310087900581289,0.24707613468702216
0.6069276754381422,0.9646459921940493,-1.146995951710264,0.39114464429766943,0.7232818431864552,1.2611001766527659,-1.2043836956166452,2.307086530081442,-0.40541001742640403,-0.4380921870219071,1,3.138530187832537,2.1118848609036904,0.45540403470082746
-0.49989677767906826,0.5876468396536647,-0.9265415942366741,1.7369822244029969,-0.4595495475067286,0.125821968132261,-1.119946569666631,-0.5218869544795318,-2.0134300523074233,-0.028708399552321785,0,2.214253293626066,3.0124180598290033,0.36731060048758507
-0.10314245756045763,-1.761313157311081,-0.18516672021871816,0.5040768212246709,1.354566764584036,-0.9079522034831508,-1.8180445887604737,-0.12273289695541043,1.7944860170295622,-0.32050951349092266,1,4.1690310449180465,2.60583346342731,0.6961614971383623
-0.4712755193759503,1.0840724274617004,-0.3792232757502017,-0.362273884318325,-0.6810706676028542,0.11520778357099616,-0.017574698980016377,0.16263515578167492,0.10286154020527016,-1.5574807195447447,0,-1.2518235126253565,-0.028447326360735103,0.31482141442745176
0.6488469453773529,-1.3922764362215363,-0.3006567496913249,1.2514152999637402,0.5953895565301633,1.5321194494089974,-0.47974277914062624,-0.5550701713386531,1.1756248405802818,0.1504690426078281,1,6.904346630051012,4.271531422172684,0.735081995583965
2.0770090791481937,-0.9205180351443191,0.7333016955003864,0.636084384463523,1.1913156415503037,0.6239281257844168,0.710681174935173,0.17594856160659927,0.987199201908642,-0.4631470123155622,0,2.6082189252610406,7.362780866514622,0.8173899927125429
0.9341173271268801,1.8870011310665191,-0.6898066078289437,0.7169172133434307,0.4424761194720129,-0.9315108631513743,0.11266588034477104,0.9070422622058512,0.7727500390314809,-0.860429082464025,0,1.3398583887209083,1.6759985805514392,0.38309266953389587
0.2826220572917287,0.4798943614079208,0.9247609223669715,0.057411345133772995,-0.5565917431877235,1.1223456942738619,-1.0715329662258768,-0.6342603165793064,0.7721295152857826,0.33299833748136404,1,4.92885781434132,3.8216182742749476,0.47536093505474697
0.15186976913679096,-0.8000355990878764,0.9167467010435738,0.5784624302421033,1.9545905197344937,0.700357717878425,-1.3837410115960227,0.10524326105808149,-0.0886615273698155,-0.15683869431845943,1,1.9675673488448422,-0.30522828806187796,0.6167917056900173
-0.19888683683172326,0.16476731075355697,-0.7391113784814569,-1.589668599472204,0.4083740814830096,1.0947519148794684,0.4603239226298264,0.29521594428855863,-0.7685010027289887,0.8624625806951269,0,-1.6048144619020708,2.0567015254188505,0.45466805638985175
-1.9681491622836809,2.0358269365383714,-0.5539141750490377,0.7135117146557048,-0.4576180172565694,0.1078503640567191,-0.34239374699051756,-2.002653896595501,0.6282770243849352,-1.0691363214459066,0,0.5443053479845747,0.42050557427828217,0.11899434755511606
-1.1496944782379561,-0.4860137393798618,-0.2856683456485974,0.3517154057098288,-0.5110036230950351,2.682787940292685,-1.5398378144932878,-0.32604441662116135,0.4855517405521651,1.0881990805676394,1,-2.498251616172423,-2.1808535553349495,0.41779290042054695
0.6289603142787802,0.8466387831664968,-0.6931988866936714,0.5952499146229366,1.3028045418085767,0.4924821669743467,2.3946809225908092,-0.05939134613500154,-0.33043827775836704,-1.720798089653387,0,1.1136422915782385,3.0340936276377555,0.4728170201765048
-0.44018688038573034,0.5133014056010745,0.8965547239451146,1.3971301644324212,0.2203102210926203,-0.569023143979162,-1.3185042818966368,-0.18218311797345813,-1.0267599352093006,-0.19992671407870502,0,2.1617703122431506,3.1417336379674676,0.383021242628326
-1.387912809007684,-0.354351970493869,-0.6319027944549395,1.0193081329782692,-1.1696097911484176,-1.6857357218488684,0.7843742585875035,1.505890184197978,0.7732501154784233,-0.14216649334984452,1,-1.6321351817724132,-1.9932294535412045,0.3736053870072428
-0.8586556466535579,-0.20955783203154624,-0.3948989040321151,-1.200887944471744,0.013218271020361595,1.2879669272789571,0.8544931502416273,0.35312621548992607,-0.05712070886399012,-0.979311909412939,0,-1.3198346719388334,-1.1057907786060457,0.41956754607420205
1.090262908164739,-1.4370520646669036,-2.1431518079395637,-0.06251267607223276,-0.423203901284293,-0.35449301510636894,0.7251287760292471,0.5392515767507919,0.6641968457969074,1.0906690619764983,1,5.5864308488661205,5.426330567172697,0.7796550811084515
-1.268311845633341,1.7490722376434742,-0.8534813761520919,0.30959150021116155,1.8739080787231819,1.628865159116666,1.4133772534344862,-0.02163331487861539,-1.4585243788912094,-1.0692713683566133,0,0.7814738568657766,-1.4916057520482071,0.18113271340999104
-0.31669551380755145,-0.6841537073963396,-0.7176642697620765,-0.235847506888119,-0.6395052389418693,-0.5160835504733431,0.09250473042397364,-0.99077848519432,0.7181741659230169,0.9464727291521627,1,-1.391187929338106,-1.364607684975231,0.5458034999307569
-0.4578313822840669,0.009846404502042282,1.5183656317729903,0.8010172717583802,1.6168165154998853,0.7709584205150708,1.0314195607783336,-0.56579144690132,-0.029671411625188687,-0.7633080798701835,0,2.578537816709554,0.7099752915449109,0.4418052125920456
0.08387603852267062,0.5436091569432769,0.2350616684455662,-1.49736176944648,-0.7898182289261692,-1.1779776687072545,0.3122110325270725,-0.39255867067741357,0.2697530513671036,-2.072002754509709,1,2.687315702478032,3.5640687469112207,0.44278506852257665
0.09878646811873146,-1.0207165987381428,0.7133492388724929,0.7715476246924788,0.5557244678503329,0.941994389321688,0.8102673284076543,-0.5173126791403467,-1.445273827787141,0.7144915545379406,0,1.4828801859195329,1.2664235151137424,0.6363950479623376
0.32185471121069686,-2.2768771190121924,-1.714426280390934,-1.2940803989992369,-0.07891559523088236,-1.399616628141922,0.6550819248370613,-0.5098842031055082,1.5462260072383187,0.42670669701519126,1,-2.2083479732213345,-0.530872215251887,0.7857282482527225
-0.13047151806063548,0.4218486839114646,-0.9332315796356578,1.44600134100554,1.0504320880946942,0.24656742478632931,1.9332332120105817,-1.465328836015674,0.8094854939066328,1.2041352438850543,1,5.148309316534011,3.3027093947424433,0.4313954287737651
0.49667022977302494,-0.1555769604580132,-2.0599019088806134,1.0852010608191114,-0.42664447660925076,-0.07137095229917986,0.9864059854618903,0.9890603368097399,-1.155704929020448,-0.9875241179750905,1,1.024880168302656,0.4694131976480904,0.5808158899799868
-0.7077561425985495,0.6889901614530497,1.0795108333049965,0.5023965354119908,-0.4405872142358492,-0.14372389323964882,1.386266436537204,-1.123781344264862,0.7798217865586777,-0.10707143521518031,1,3.7317801952287897,2.564897664002106,0.33217301960941137
0.48964633146321396,0.025048705709673113,1.0315142071519954,0.5306986623196168,0.0704543980031066,2.264794296344822,1.250852047704302,0.2715763096427194,0.7754927464429628,0.11714786294246662,1,2.56211879182348,1.8282681146877535,0.557814948999005
-0.6912452244029104,-1.7231656421749533,2.0646626434668462,-0.4393005609164685,0.5890913674677499,1.2647960650206245,-0.43905345202071167,-0.27780717038883607,0.5191532795683534,0.5281293715720198,1,4.061984272372354,2.411291785291074,0.6262026438606444
0.03321863503721873,-1.055792995820486,1.2890916785482698,0.7627356697395726,0.18191598479184903,0.8047846591610929,-3.2438780417145208,0.06345245067724163,-0.42284072499079706,-1.9602121989501975,1,4.222364596346099,1.4697333777206578,0.6328599613105338
0.544841562672303,-0.9840126591423966,1.4161978768709411,-0.14176879838124332,0.6665774635399759,-0.5786376267941368,0.8224303629397134,1.417210238528878,-1.5740515535329402,0.6180252017741492,0,1.82908658578642,1.5988236654218528,0.6823141348339417
-1.647693259864503,-0.11459238711808484,0.2595712329097514,-1.0921703583727176,-0.33095209094322336,1.4968183852604173,0.8953340899307808,1.034392917277701,1.6303646903988722,-0.315632422454114,0,-1.5123256682525223,-0.6881982408883562,0.31722578810799323
1.0017368781525555,-0.6025540872865884,1.2482320541391096,-1.1283534281500969,-0.8302304421891434,1.7480753730076135,0.6089156904115343,0.32922480217294153,-0.18030477957943608,-0.3809681075019584,1,-0.0311675131739637,0.3516412425998654,0.6904332335275731
-0.07465455945163525,-0.08849814121080388,0.6822064694931605,1.7013407816988324,-0.8399611354874934,0.17939463251273363,0.8114007356552774,-0.27624844629483314,0.8227272679281181,-1.3770957423000543,1,2.958592838029224,0.241921190964693,0.5017304408109452
2.3011116012511175,0.33905924605095034,-0.04431667146832991,-0.713250820935838,-0.2651070503807724,0.7405986541993124,2.390075056017597,-1.2985165475343485,-0.09772971653143263,-1.1223615890718095,1,11.521874711951797,12.172473554355657,0.727311784947036
-1.210452479783272,0.08987509414735145,-0.5008535965972998,0.3342224582323795,0.6940760496121327,-1.2507138707111594,-0.5312112963470581,-0.27642931162922435,-2.169283370939404,-0.25765138294398965,0,0.30957320750369977,0.994598037084529,0.3429526292574054
-1.2750931128106138,-0.22196615627500835,-0.04650111352504659,-1.8764434240988483,-1.1135505702127515,0.39462292154676887,0.889791685743677,1.8957374832732548,0.3507901863733459,-0.6564249883756242,0,-3.023279032299274,-1.3260229330674904,0.3713187581876784
-0.9197082881740427,-1.2749795520997793,1.0274661973459756,-1.3606213962094926,-0.7764033948876191,-0.1278262329567681,1.2752871535163104,0.6105243547074932,-0.1371024475640856,0.6332249019953063,0,-1.190618453151608,2.299545921147914,0.5442925005243856
1.9230465563039787,-0.3362218685786753,1.1433115082905145,0.6152929408224083,1.2458589939757827,0.1467659701894747,-0.689459013746934,-1.0446015201818797,-0.19446241846187742,-1.01152545161428,1,7.3473466257389095,4.665453128834363,0.7557713879794508
-1.4329493979876633,2.3425369799350486,-0.9291827762337505,-0.4848466501421188,0.1305419862673035,1.803167661522677,0.665636213506207,1.3928987801759105,0.17160212057480104,0.03216932310685884,0,-0.7148285725312749,2.4389002928774195,0.13150200379957644
0.21255130734972708,1.2289565121830874,-0.8918870889396954,-0.5900014124419849,0.9318659647838652,1.4005074524354657,-1.4529357724014034,-0.4847789835202228,0.4975538059052047,0.6048712355375967,1,-0.2957832995095153,-0.4102936594187292,0.3756149719117051
1.1892279139023718,1.449005287920579,-0.4129453097757618,1.111467201729155,-0.868501098995242,1.0597273967692302,-0.17666249181559723,0.44843173690269683,0.787487770033641,0.8867356008233572,1,1.5758549075758521,0.8165576167734199,0.46757340471651543
0.3780790809616349,0.3291405518004243,-1.2571800528776174,0.4526730295245464,-0.6450666301060639,-0.49087866864336355,0.4086419098949283,1.5893606865808476,0.9898885654156363,-0.07038740701985396,0,0.3753864412970194,3.607889507671066,0.5061170109374339
-0.18787433237351905,-0.7139257323529286,0.055912202670212977,-2.32168058715495,-0.1232082627935578,-0.6440216665686157,-0.1676658290734399,-1.5107496802368154,-0.41472254897512684,1.49575151099107,0,-2.2638014649784637,-1.1276213994590871,0.5653799298784496
0.19091871865047305,-1.1183901838938564,-0.45528474751905934,0.13054879007638806,-2.2858454587112993,2.3602080708251902,0.2592583123452771,0.25692271161556374,0.7807882945380626,0.561676047467248,0,-0.290656580862126,2.1189051331670106,0.658058564787829
1.437853817325308,1.7008775698310312,-0.8160259323428158,-1.94148645973249,-1.6960137427618633,2.2024729678824104,-1.077162909334321,1.5051126382213043,-1.0666371371795274,1.296894950755277,1,-0.08775893844381788,2.1931636030082786,0.46716933551992595
1.286711889211717,0.23366992646294035,-0.6370269150371201,1.1503142286433135,-0.5524882881865362,1.5618379904780686,-0.5850252127427769,1.3870723601476367,-0.6924002590523327,-0.7421508873783693,0,0.1380331693233976,5.295651322983644,0.6286713212349115
0.7043683007237501,0.01972831869406312,0.6413409050889562,2.7894867412834743,-0.9217307391794055,-0.3493789722027377,0.13711402747336082,-1.0521519939818988,-1.6538374836210556,-0.9197942540204698,1,5.0454787328327235,2.177415298597993,0.5847539661852077
0.7399981214731461,-0.7078248352720896,-0.7001481179262949,0.4857377762849824,-1.0086671844896815,0.9181772223048182,1.9309868994097699,0.2850277136634458,0.4460626571476591,-0.7105246628928931,1,-0.24939660959969023,0.11011952683491777,0.6734677690396011
0.28447946558189513,0.4825484074545349,-1.267514004440533,-0.9585475107989712,-0.8077747194822448,0.21188479326695098,-0.5268127626300986,0.19338346100714385,-0.4885260826508863,1.097430996186316,0,-1.5972661559948955,3.8253136276791873,0.4752615981242446
-0.1797435333581432,-1.0129724881725433,1.6308443095162706,2.068925792934494,0.771442008581233,0.4634643274934726,-0.02563058784028305,0.4447176652206228,-1.071911759010689,-1.152219996025367,0,4.153378951888488,0.9373419401870252,0.6026728408947487
0.5841617366420977,-1.1867882694976202,1.8204766888432373,-0.7850306536443992,0.5475422802138425,-1.2389716006256533,-0.018724875932474166,0.4178126403174684,-0.4288842553649695,-0.6311460873484799,1,4.965822152538109,3.1777612081749487,0.707955490153543
-0.2697168051712133,1.3054244424488255,1.0118089850285905,1.1061423763781273,1.0388220860273611,1.5197867921220434,0.8118449129759054,-2.281516355559531,0.6429825771966916,0.45087014822939553,1,1.1426863561403313,-1.2836935809040915,0.31269054147410896
-0.2213265884364384,-1.472612954543157,-0.6807165035126217,-0.33320491506753386,0.8749058701296897,0.7199914135268224,-1.1595308371011916,0.609591300812769,-1.9195818917737453,-0.42663516220316083,0,0.4857891904901004,3.292207224394738,0.6515009119796537
-0.016102190476040962,0.7470098396826175,-0.25784178244593486,0.56162186832919,0.29535298315718767,0.4875384689746032,0.6626589328178157,-0.2825197658635658,0.8811263326688489,1.5543477036613995,0,1.4250800765377152,2.768321633338277,0.4057516600348365
-0.15948326394005183,-2.2624169420927256,0.6577977366230582,0.02209308665970119,0.482015915387739,-0.796564191366739,-0.46267178398400854,0.05673717272164838,-0.174749340378522,-0.054580732236385154,1,0.9364602575700699,-0.9827791692461757,0.741056473050307
-0.49283752789274193,-0.1305798218980758,0.6837718768474543,0.5376584323128425,-1.263990098227497,0.21363959247131195,-0.7290185603605197,0.37357655977659737,1.191946819272083,0.8211487896868627,0,0.10544903015924018,-0.38615693584665844,0.4548411822280343
-0.6583192721736838,0.09297336557733213,0.3838876172400239,0.45537261702322385,-0.8556522287395905,0.5292615901595079,0.3192548827644887,-0.9559896051312572,0.36138696883242855,-0.44607188633110284,0,-0.42430570198142525,1.2375932675531087,0.4071773796808891
-0.8977123198232796,-0.40010348594694123,-0.9505275089637282,-0.7182893829475626,1.480793076535305,-1.2956014523863622,0.7805028947461435,0.4670081817431341,1.5231395083820287,2.0013069173972844,1,-1.290972944808959,-1.970391501109301,0.4381177946965074
-0.14503973662222458,0.316658953757979,0.0649490565353061,-1.1028264046286942,-0.4374681935357531,2.7683980554043894,0.423670518423466,-1.5562073503144334,0.6327048265928272,1.0540039594541533,0,-0.9105954139430499,2.961631347355299,0.4425426028784498
0.7083899834157703,-1.459792953709625,0.2648070101432558,-1.631477663557547,-0.24528931802665827,-2.787052655787298,-1.8408897246116709,0.332406497894992,1.1012672652769868,-0.11581128827501216,1,3.5972216224823486,4.510801553284727,0.7472674746163925
0.6834001091525962,1.884163077812859,-1.0140507382391117,0.6322327851117977,1.2527416382258079,0.18170598181901534,0.4034272862940259,0.49527891470658686,-0.44009596254453376,1.26200796873041,1,3.2563992619474034,1.0907676727538962,0.3542564210219104
-1.2775645199390544,-0.4033381955301366,0.13396693090656586,0.9409655979188428,-1.1063143660048007,0.9339452805747286,-0.12141952414319936,1.0111641887303198,2.16583173643093,0.9483485449344232,1,-1.9884949808112626,-2.1068969606414667,0.39242905948059725
0.33485544976916126,0.3508205135494158,0.6438484540137762,0.6077838601150525,-0.846686487281377,0.2477554672409519,0.5588931241585989,-0.9486542688560583,-0.10781377883105416,-1.3890243685437076,1,4.138798123816805,3.628172884164872,0.49800437762434735
-2.639568056012392,-0.19981036813449848,-0.32269746873526445,1.5262281973788268,-1.4280469615114237,0.5952412330461065,0.18807599327006075,1.0690372665322274,-0.4251960483894341,0.6053376895190268,0,0.016418702544410357,-1.3968658480019598,0.22795777249228685
-0.9880483294619753,0.4492765051230532,0.14275184925284237,-0.4924334708122,1.1421965092480986,0.13551064443636515,0.7029082211737702,1.5598035434943671,1.317651769368496,1.0753919522836703,0,-0.25479614157123764,2.8406281584722723,0.3276875957387595
-0.20387692234416097,0.34939731789389056,0.5543644419342864,0.8531768803688977,0.5790867357624171,-0.5503254337112035,-0.2392556715609835,-0.1950121106891925,-0.3750737266608033,0.769089634784946,0,1.0093164614566894,3.040926118377567,0.43127842295397845
-1.7787826080356668,-0.6121254456097568,-0.30771871525424715,1.2608336147570227,-0.9829428423141718,0.521074863936526,0.11864398682872167,-0.6586110560005461,2.0757133146114772,0.712729430663577,0,0.12477616771960454,-2.177651332302461,0.3581670473441868
-0.4981331609762197,1.180842801240094,0.04129382651569771,-1.1844275785761318,-2.9603221104782085,0.6521314240980599,0.41432220825481053,-0.8794334614162675,-1.4857280803631063,-0.7457601568041047,1,-3.5201456137961005,-0.7374871712306029,0.3016426320509576
-0.5160654807877422,0.46000256357845054,0.27785001948310356,-0.4109601983141785,-1.74358575763919,-1.232601205335006,1.5956159998104524,-0.4445505809568079,1.2405096678172187,0.9072743767515026,0,-0.7397319646032708,3.0771535849520912,0.38035681102469926
-1.655287675421182,0.7744594836365959,-1.0438336547468403,-0.9355813875071416,0.7957055992757679,-0.5381618058793796,-1.5459949080489477,-1.158970220256706,-0.403708655083434,0.6674692735887934,0,-1.2154822739450455,1.8178829492147701,0.2288398633755713
-1.4908280417830369,0.03451172405078706,1.6372941305201325,-1.325917017641397,-0.5295531336869833,-0.4831683013189289,-0.9566750104366198,0.8122589890703329,-0.11183763820204372,-0.08987017103181047,0,0.0859583795385471,0.49570982012344,0.31806688660877624
1.4746734742937964,0.27409482108704314,-0.07364381744980245,-0.06976102330652316,-0.783682616331381,1.2091421966770552,-0.45465236504291695,0.024700580550870356,-2.0501100286713916,0.6397611679999051,1,4.884845266914149,6.26599889009189,0.6457224968031117
1.4207864481478194,1.2466307765109803,-1.0437934485460816,0.5984839863724138,0.05162858035696138,-0.6198403796162315,0.5245232533542624,0.6660869687660294,0.44814260875274553,0.4943823764475601,0,0.9276212271413087,2.391418406539544,0.5217557137102511
-0.09343623406618652,1.650653419845844,-0.8450041272457349,0.39583903044377955,-1.34209180919881,-0.10239555555522016,0.25437683900592656,0.1739469931937047,0.6833800139348066,-0.7966737748968444,0,-1.3001535857920015,-1.3143856701077956,0.2948289942580839
-0.8137846423427059,-1.2698923002192812,-0.8328348686333187,-0.6869827733911681,-0.8516199034402809,-1.3758412624807381,0.32373677248641847,-0.27832390760904957,0.14926082526711326,-0.3971103735806544,0,-1.4323813143428281,2.3178958009896338,0.5567676367008715
2.155846557541223,-1.9780000985906578,-0.5966682908379235,-1.521015863805084,0.700604687637449,-0.6347579317900353,0.26665362087225813,-1.2418497404705129,0.029476900630659626,-0.15485797582709648,1,7.59860988880494,8.807846568773163,0.8876464900978425
-0.5476939031180441,3.037878471552919,0.28150110259646177,-1.8788196900917287,2.1765911156212714,-0.1724808904023956,-1.134830521092933,-0.7180808745067481,0.9399265734820884,1.0750743752063896,0,-0.5069790342704079,0.28148665805701734,0.1427314683665554
0.47708509361970897,-0.7355512271688321,0.6893115338753901,0.2691588744649528,0.17631964731515365,0.08244853124798932,-0.25004399630703655,0.1509795957754981,-0.5256450021095134,0.6599566110429794,1,0.757925105362894,-0.2347907187770133,0.64710046791556
0.23646267614704436,1.9393347922947892,-1.1938131901832938,1.248530015723781,-0.9026168211971621,-0.5776587962830496,-0.1006602734753939,1.5616081010959866,-0.8754438751305442,1.0448156406763807,0,1.1411617286214686,0.7931760262498726,0.2991316983656777
0.9932886990950321,1.220721083080104,-0.6160988576113999,0.8339976079018142,0.026735373747835595,0.48282404723520034,-0.4202977293134963,-1.9379048486563348,0.20108301939555215,0.7941824591117983,1,2.375126213993807,1.102180116448375,0.4716015479880331
0.92531795256059,0.3696082492833304,-0.35485498753667877,-0.7475156417526588,0.8227944248417202,0.9088628869369345,-0.03888465933546536,0.25910004337763637,0.18758804997396106,-0.4934837872779286,0,-1.059129299332516,4.815833103414221,0.5690202339700476
0.8858635227934917,1.464994401181869,-1.666634429391948,0.5269635784820959,0.4163261505587232,-0.16189559732475267,-0.9783028452474178,1.7459405408300674,-0.17713836373724542,1.7432117045959954,0,0.9843249217817668,-0.059819965533777886,0.428110258075648
0.8827284368781454,0.05907440772542088,-0.17144118426829946,0.1864297081539847,0.5302946399938813,0.18266094771323832,-0.4062516124318207,1.0997659932915054,1.6640582004905071,-0.02132687350205597,1,3.2728158753375016,2.878797171697294,0.6015258816542085
0.15774938923241028,0.7513756946500728,-0.33873204979154886,-2.0952380654491045,0.1545960535029565,1.0779192549243266,-1.2961342320594944,-2.160763416720832,0.5960409344494073,-1.0048988671529198,0,-1.674178891003611,2.9309831288510324,0.42633671870070683
-1.4037046625681597,-1.1814373344020124,0.3299129392917001,1.3058775434382666,-1.3675466366328504,0.21055925009905277,0.2957876407046974,0.20982893290789154,0.6304287153225703,-0.024558445173787132,0,0.6909905070139728,1.594769841170192,0.4722451440722546
-1.4305252039333942,0.2366641544935165,1.0441058832182968,-0.26060177526400236,-0.8267598736180959,0.8069800937302603,-0.5347931384541571,-0.25596589533419034,0.8338284944320542,0.5744842316728124,1,2.258484345829168,1.9313586698010012,0.30288553108460264
2.371879046146901,-0.3935108646298141,1.1363769382004454,-0.8687960480332129,2.11869262818795,1.4568519919339915,0.7709876332793575,-1.3381489761543617,0.5431201658029478,-0.6883150211794117,0,1.3133068271986017,8.356112968760783,0.7994234731591935
0.737626044856922,0.17259248376904823,-0.16926623998040022,1.959287149590993,-0.8266891820620051,-0.5106883799649824,0.7417946318117464,-0.5738547531289939,-0.537203338943635,0.9406020304272746,1,4.233528266387955,3.3810527405260773,0.5701631379142934
0.9260633865276456,1.9601647774257809,0.6326922409590531,1.0940597517770074,0.051867184851589164,-0.21852001108812893,0.19411576877928782,-0.5314801690700084,1.1661993826631514,-0.7867812923078943,0,1.6255825688585293,2.2125023195102957,0.37354213794411495
0.8066101187590494,2.081628366235521,-0.0646902670776662,1.2943577374799207,0.3868481087002728,0.10040212284661892,0.8561911434104752,0.688060022276023,0.5252364814141351,0.0436516765866355,1,4.292298950735127,2.8744046388696476,0.3458098222146212
-0.6681857048442192,1.6881172040179204,0.3082953160948407,0.8618838059642038,2.151836788322589,1.0211355273727192,-1.0217544704155286,-1.0877186873012088,2.035140040336023,-1.6489888606038658,0,2.204379324181902,-1.5633391822199205,0.23538473241994576
-0.707637820819131,0.696759160032942,0.3184341297318193,-1.4501760404942292,0.1262187802628467,2.0281214755638266,-0.8674034482174825,-1.5498642163790635,-0.642633530810504,0.12736123229053153,0,-1.3205142260674765,2.5302055114756756,0.3313249745652072
-0.4020851658802509,1.0308080867593241,1.1748061825459064,1.3774557213927774,0.9606586918145303,-0.22998181959219818,-0.5335138691795923,0.06092399550309569,1.0413666675073534,-0.8628297774513611,0,3.4060939539950748,0.42733522372672494,0.32817593943485507
0.32846248197885064,1.0382302141589077,1.1470637231347804,0.6382544591849654,-1.0757656354998693,-0.22854318694535758,-0.08197071511220286,-1.8804833758319999,-0.8873760277800038,1.4267808510168725,1,2.9994674270161004,1.089293082115944,0.41219859942174253
-0.4428442628603964,-1.4812875291688896,0.49047079409650507,1.1857087466385372,-1.7564409394534706,-0.17857026946004192,-0.8763871783082654,-0.8080924875043753,-0.9750457121438952,0.24224455487163488,0,0.8737314264615383,3.1378885753005,0.6269657401062656
-0.08987694355751003,1.3902107571469904,-1.0462864876030702,1.50728454357729,0.029388040095972453,0.10883985239564511,-0.8156112738473692,0.426454685259848,1.3852600832609563,-0.8844633051124811,1,0.6021878295397054,-1.4387184564777695,0.32299455497120044
1.1282212257530473,-0.6878540308081769,-0.45828098759418,0.26307009006911497,-0.0377491284185731,-0.10217779836382478,-0.014133506437333562,2.0271223299718955,0.15831409678541689,-1.0895451429424976,1,1.1757491144983745,1.0130269667958944,0.7125984330127418
-1.2200617176338127,-0.29239965325315687,1.89685521587262,2.571272522315669,0.9511683035490273,-1.222935376039123,-0.925145435978676,-1.1869854627348209,-0.9120402210915998,-2.394462262097154,0,4.979508918792624,-1.6916706987355354,0.38607739096482135
0.5669486372544671,-0.6180792717266799,1.8630869531670529,0.41219213933643,0.7265965659648516,-1.8049240476835569,-0.5013669368779937,-1.2169314006005303,-1.6429624450724354,0.5804977218907443,1,2.105391228692726,-0.5670725058555801,0.6439417554684177
0.06414718033663805,-1.5477284305531511,1.310206654516409,0.6168556794907424,-0.6406610397322873,0.556422904742091,0.1604239231202477,-0.6120655722468324,-0.7284965237406283,0.7070554297802553,1,5.037545175850963,3.5381981968011336,0.6912432004053485
0.32346784364704356,-1.5020183739840243,0.7644035541091931,-1.2596150472143974,-0.537974665920527,0.8428274381113584,-0.15808733042885378,0.8948033315172907,1.9126323281747284,-0.7239388018089143,0,-1.0890316552414796,3.8818614595741954,0.7135611595296822
0.6154265214810264,0.8743587250921365,1.250426368531325,0.13445931928050817,-0.896068346104565,-1.5334613049272314,0.7379526927477236,1.020213809169737,0.9911905476104035,0.6622877476660229,1,3.143821383995892,2.8118054983074847,0.46767860811582446
-1.0406563794437624,0.9538485428959957,-1.9101836217885972,0.7784478356071574,-1.057939197437278,-1.122270457744035,-1.4186378636901926,-1.8597151484812302,0.9138221929390911,-1.3538397697092517,1,0.7400748870645666,0.7144268149512623,0.26948196310982137
0.3187635029981339,1.5111038738118099,-1.1366267768237144,0.6424599063856559,-1.127881745015926,-0.5535659830281892,-0.9695221873704588,-0.7339599479364305,0.629162047067303,0.10347181433334544,1,-0.5030486923721965,-1.1230530483329109,0.3552203829747871
-1.3872594993012082,-1.2973972953741948,1.3579159009305193,-1.5945728834046464,1.4800853097265647,-0.7892505888578611,0.05038494273167048,0.22177709553156366,-0.48139519896791644,0.5655385479209651,1,2.136928040778526,2.2602185734012172,0.48876911385863786
-0.242366818649258,-0.876481546768068,-0.7945401075077837,-0.3262202600927829,1.591401480095662,0.017485880804547414,-0.6123732012230224,-1.2277568296518435,-0.04142655519480032,-0.5410842013258759,1,-0.7779456044024755,-0.1611796995407686,0.5786069423019677
-2.203914168406371,0.5160873272624542,0.7763136241104766,0.5331405708573217,1.8324421436585971,0.41181852813124226,-0.3037870678609073,0.5573225132576444,0.8346677570815705,-0.08478494370409577,0,2.168881216732858,2.607178140472154,0.20424018074143244
0.27374454256486686,-0.10692587693820615,1.384150011334012,1.2857877431689673,-0.22026288332274663,-0.7746828482712819,-0.08740857048707915,-1.6468458816708758,0.7816859393773902,0.8978172774105079,1,2.332233509684511,0.49078992741367133,0.5474406674721519
-1.0175443079150586,0.8580682152626083,-0.2128967790651669,1.8944923698998886,2.3645252999101922,-0.21389905774482912,-1.5119635698139944,1.2867248384586003,1.7826323596316662,0.7890875996644147,0,2.6751803636456617,1.4396382993404275,0.28134368043147234
0.04124255299774514,1.1309628709696216,-1.1302346155102159,1.10499196924326,-0.7048815190180111,-0.18802394936697447,1.3015424462530103,1.2692175266088146,-0.1460751584871866,-0.6382134299523878,0,0.8811284932635983,0.04229926618972679,0.36705771146759264
0.14025475773966822,-0.8865007684607091,1.2127271471665524,-0.6697142061666809,-1.0096104776024244,0.8767205440063932,0.3580573096457955,-0.6038872751636332,-0.5382927534892342,-0.21604026521687442,1,0.01587105851347209,0.2779156351341525,0.6255979665701351
-0.9035547545875995,0.1760351306494985,-0.2013709281407635,-1.6402164639869536,-0.4162211745837313,1.4277007016907146,-0.9291721283668737,-0.5914879216970453,-0.4010741521035119,-0.10771798323020222,0,-2.6276721241597962,1.7182983395544493,0.3682352851262238
-1.381102818652112,-0.7849476904517785,-0.19197204902306025,0.6200974075983363,0.5043051230094371,0.24424764142831923,0.2492740254192063,-0.9709573250942085,-1.918482097505127,-1.4137830392210058,0,1.1933647627920614,-1.3121259899103064,0.42602750574337267
0.3541815663527943,0.4740743527320202,-0.9789469854985379,1.6728352638987058,1.6388894385218575,-0.8640039343737169,0.0921998180827735,1.0758234658230676,1.4912699338577846,0.2269787812296207,1,6.0055307910766205,3.916726295738448,0.48501788803964774
-0.483486748032852,0.584294792763969,0.5106105412209134,1.7234316272759826,0.769609351124247,0.49932439637971937,-0.036262782897805754,0.537685818579052,-2.158262749821243,0.2657557673059738,0,3.2894716903074217,3.0294787436860173,0.3696098856902017
0.6458421557353594,-1.6021448822428073,-1.051898003828802,-1.882445067252927,0.534989211616365,0.8203420752536621,-1.4210396388442774,-0.3039721850644434,-1.0006832841562354,0.5512465941256914,1,2.082969526825163,4.279974536023939,0.7547287216384106
-0.9680974218663632,-0.8916225384581163,0.41643500965413127,2.3260979518263705,-0.8148491453533555,-0.6776194780380167,-0.3011424654038993,0.5857035600351898,0.18741236367050843,-0.644915462030691,1,2.123462549993933,-0.4550388830278992,0.4904418041336574
-0.457809536855469,-0.5526742256077827,-1.0995483890515523,0.9984758741149139,-0.370366232788455,0.5148056015002305,-0.6202054440920152,0.10679339711516021,1.070293877779133,1.481576775969997,0,1.0829984827727184,-1.833180141398467,0.5118558633736334
0.9664451668822399,-0.9046653526358851,-1.4636153833770533,-0.027059831342167176,0.49971685331273885,1.713601052470547,-0.08322030938814796,0.7991663740910444,0.2846633181161682,-1.2166328648192966,1,2.2499314167606967,1.8909711241613905,0.7182009668974617
0.6474376516389457,-0.12855943010596876,0.8684421763057941,-1.3687824749632596,0.8206368618198128,-0.12039860446465657,-0.5088272868478876,1.575350721616667,0.8245317706362981,0.8047021406723436,1,0.9333433019406671,0.9281629030395951,0.5958007960531815
-0.1350923117343272,-1.160557654868494,-1.2848168429316364,-0.3268619549941121,-1.3908269441153953,-0.4728467594821962,-0.04423486774065328,-0.34989830861212545,0.19771027615732606,-2.292948634987921,1,0.8019691095273154,2.0818556539194075,0.6254468576705849
0.7921211231140994,-0.11936143785987349,0.5725084579228136,-0.3693339793839124,-0.14255071399959768,-1.1114868316627942,0.24053682978338833,-0.7140618242909139,0.25284463848851313,0.8610776230239654,1,1.1069383093774485,1.2924285950712924,0.6120034045431878
0.16312634075136656,1.962036528325299,0.4211267826854898,-0.05142114493716185,0.20198739279826422,0.17397815115469573,0.6380738468388124,-0.5867249005621561,0.3485690263185423,-0.9257048611336206,1,0.5848123543681928,0.8797273593718054,0.2891624886396138
0.1451944983411004,0.6610592664023984,0.8804208893027823,-0.367921473915577,1.2076501795632213,-0.2146105291584267,-1.1963673165576025,0.11886588274203062,0.7330349602656973,-0.6986099135277793,0,0.5631556427926391,3.3430110871232537,0.4358720417536212
-1.3639237828530126,0.0011682453923247823,-0.10320668190900313,-0.7870369773258549,1.333620701577554,0.8173708534824407,1.0068898442381276,-1.2881757963968403,-0.28336105428453623,-0.48320407305568014,1,-0.09483537732437353,0.2648310262567107,0.3356932957209121
-0.375577195087261,1.02197703101744,-0.5675051895927907,-0.6416917690803176,1.032045797882131,1.7986250689297272,1.3037133933030263,-0.9021566099515859,-2.037076475867834,-0.7727191436345365,0,0.021841449312791944,0.514422596691844,0.33208341335289654
-0.1294612385165615,0.3223187788508232,-0.5052429629669591,1.1459457317086201,0.5763181975279178,0.012229687829607965,-1.4135705352570964,1.1590853910864267,-0.04407202416885961,-1.774985815502913,0,1.1113094807638282,2.999090651609587,0.4437664107035946
1.2274330414020254,1.8951265185957267,-0.22402993850047176,-1.0202122485523162,1.1135325098185376,1.4312263681437598,0.7086637949037904,-2.0683365751577134,-0.6412214302804069,-0.9052937848634223,0,-0.20165398288912234,2.603605263348195,0.4173049478314308
0.5653693423636523,1.4721257178831877,0.011320789503874058,-0.15478894537776144,-1.4791459765281263,-1.3306957939429962,0.004358516753836927,1.432518846046168,-0.49261371719812186,-0.581063848439245,1,-0.5797506764506546,-0.7303228303143032,0.38855787249577306
-1.0915367794178128,-1.2731705937063502,0.9550860312380267,-0.2530308046031108,0.821210581700737,-1.8411858108217025,-0.358702745016351,1.504128674406048,-1.1620049612248806,-1.0248682084708556,0,0.980575486762348,2.2273524195785366,0.5226886348213708
-0.12681265214143905,-0.0086645304997955,0.2881984540275208,-0.11890493257014213,0.05770636234051932,0.007953616771307693,-0.9184026605029072,-0.44524143645310815,-1.341504814151054,0.18707650472173723,0,0.04352282542646402,0.8128560316553385,0.4852357781587848
-0.8860692281333522,0.5390311813268673,0.5235050594395207,-2.1046084036794013,0.8346429480881198,0.6797229520187236,0.10769954730121754,-2.193048141966816,-1.8751548323857463,0.794940943370307,1,1.4344018726777403,2.8935020581171984,0.32903558324217386
-0.5141042752784043,0.29140315332919425,-2.827964684614357,0.4780106347832081,-0.7365363982138777,-0.7671627501436251,0.9752675687034985,-0.3627723904996948,0.3543601013830844,-0.8551323317363702,1,2.5484199907564444,2.5801587914111086,0.4006509106017723
1.945883918184774,-0.811357130120892,0.7894588512896824,-0.5283557567984315,0.14822287401349657,-0.20091149314304152,-0.25972725619049164,-0.3119306720794666,-0.9078235672038374,0.3879134687309927,1,6.306210693873268,5.603436435289343,0.7987693590028943
0.22285790685696663,-0.06438065963343237,1.3171114628644671,0.8292180219162482,-0.703416275677344,0.12394067486088065,1.0511258513010877,-0.12761052634645928,0.015521886901439175,-0.40218563279189906,1,1.6753719810914023,0.7474389352981577,0.5358432319499935
-0.47741222001221545,0.8684628307311705,0.21968077216194348,0.6322972143189866,0.1608227453662823,-0.46474250917598164,-1.0574743770048503,-0.3443436449428457,0.5573180246801256,0.43874476147723174,1,2.9510073676504387,1.6243248061321856,0.3378393921021251
-1.6019626914600424,1.8042741199500119,-0.6394029914990893,-0.09047594122973888,0.21182279727354067,1.6675076999145262,-0.8377591768292044,-0.8129491170153088,-0.9868098464803914,0.22382426734144917,0,-0.307876234775725,-1.2406730535565376,0.15405842208722337
0.5602460115136424,0.17263043350324359,1.8478903354287306,-0.3387108993380692,0.21224739354230326,-1.7799045632030446,-2.3740229042316887,0.5209860941265507,0.5235971514412393,-1.1563394727235532,1,4.723538258884314,3.0414455168640933,0.5483008542670622
-0.06447408891955271,0.6034345114684573,-0.30994724085327513,-0.8197119590009722,-0.0731582189107033,1.9938287847592373,0.8091847091406456,-0.4393169870261412,0.8950444900240445,0.27043260806662833,0,-0.9670262445081762,3.306727851078443,0.4172787932217409
0.07660291451808911,0.3370687739574124,0.34185608074180396,-1.3139713168066938,0.25970812226150236,-0.34887588645429374,-0.04803270580441344,-0.9305181466263452,0.3896718128392968,0.20063175023748536,1,2.136598409333538,3.2591964264044995,0.46748770696206404
-0.028801674030263468,0.266608540000595,0.35523313858389827,0.9226388138471534,-1.4424306051377858,1.6770837873823976,0.06693261726354482,-0.38155616871361214,0.8934584173620532,-0.05950849682255365,0,0.6882200085888259,2.8291656980394104,0.46314071153164443
1.661330951133437,0.20686034662144415,0.9788310417362095,0.03881756536441104,-0.33324501359578784,0.6966304096419513,1.5011601076720535,1.2175876042646225,0.6568243276378843,0.8493386216126287,1,7.155523700227344,6.779024546278938,0.6741982857324498
1.0289804336970092,1.0344004545034577,1.1277968169081696,-1.9642740865120103,-0.679946305964528,0.7873354084722544,0.7328004658959513,-1.9950785843913952,-0.25457159202804464,-1.592876345426318,1,0.829709314526591,2.5285565064236097,0.49932249781383403
-1.2764343398068785,0.05450798839554697,-0.6350393284835321,-0.49017617822169235,-0.4338956139400154,0.24401057963127376,0.8217098993459161,-0.9492099223458313,-0.17398579242030374,0.29315927569212513,0,-0.9741417260395737,0.7050459864975174,0.3395116634486296
-0.29972187607946416,0.7353766519564194,0.04095788632842475,1.1978509268941508,-1.0671201765601426,2.492505084885169,-0.6048018265962188,1.4016358043414108,1.1410268413449651,1.6875776374990088,0,-0.680131911205982,2.588109814578354,0.37342547606417825
0.7959335853230937,-0.7003035560536292,-2.9610642953346127,-0.7432722246562131,1.0794531585705465,0.23582480461662716,-1.0256147124324493,-1.2162882064424114,-1.1654119651532142,-0.4775670764563269,0,0.293524056703139,0.1953691180318744,0.6787686070212302
-0.1517072514031206,1.5305293821660402,0.2858283264469915,-0.5903154606073278,0.3782101257519229,-0.7961837636920793,1.5011303511706624,-1.5050324082069153,0.5886698651536876,-1.3498748224363628,0,-0.40088739205819407,-1.6292704049012197,0.3012993058452884
-0.4216608149409383,0.6442992308921398,0.44494062410939433,-0.21224717100705406,0.09788144245600122,-1.5507518908526825,-1.5063553040907687,0.5454851258530672,1.7810449559042878,0.8322271241762895,1,2.4064997461213085,2.9034413385132263,0.3698221136006761
0.2529601647015016,0.9988840195560054,0.1427783307369233,0.9048009207733482,0.3994422746936329,0.12112601804800369,-1.5771561039774453,0.3692243045894853,0.35969353896730766,0.7689788586332097,1,3.2510660382756944,1.2965968465967725,0.4078255098288117
-0.1252258546400204,0.32829516853631074,-0.5069235542112438,1.5708951105257105,-0.5093560598721335,-0.5689616728000407,0.047977193542331625,-1.6727650083507417,-0.8770793020876886,-1.611124627316228,0,1.4637422037563088,3.027305926223003,0.4435515482275901
1.6544495794264582,0.40961352368544945,-0.5374086336324038,-0.975982218054671,2.0781455628909393,-1.6192329150030813,0.015005479988633332,1.3240089248239557,-0.6268072843740353,-0.9927197296719524,1,8.261404280931881,7.630085921327631,0.6507682913095513
-1.3168898814028762,0.8345853729176047,-0.7114931111081686,-0.9578889578144112,-1.747857111322898,-0.6583426159045171,0.7943339701252085,0.6178090665789887,-0.05115059379749389,-0.5785711785565252,0,-1.646873242559926,1.5094417127056186,0.25431347828762735
-0.7188985087005758,-1.4886608539458415,0.3619902797497276,0.10812149853259798,-0.0944577782875447,0.30031095314575024,0.7771389420157795,0.5898593787315338,-1.9867135882908848,-0.33985902349513664,0,0.4337358799802223,2.9857026267686093,0.5950498408878654
0.3012246036433559,-0.06494860393940063,-0.6064029667183434,-0.2286613429694055,1.776112154319623,1.3302468745909526,0.08038056844877747,-0.3941052835785225,0.5187081647121972,0.9372085331929764,0,0.5623342355840608,0.84493990709785,0.5456442199231318
0.352979105816708,-1.0641592352010503,0.05297102502800583,0.16078536973446675,-1.0950014214379984,0.15115599683252337,0.6191395102418557,0.5586084611207605,1.338158248143312,-1.340014069150889,1,1.4288358505122218,1.9238017296268266,0.6700849217460483
0.25037537470065496,-0.4956143408217786,0.8626929450151863,1.0204657757501217,-1.337084634047363,-0.3583629975960682,-0.973820836518626,-0.09675141251955262,-0.05394183233305137,1.3060790341834396,1,0.6843897993533067,-1.2152552158916043,0.5921824429499225
0.4946300474960398,1.0541527892899192,0.9592756570496521,-1.054684356246414,0.05139526425025841,0.9513922835170552,1.3881029686642326,0.7518308508981735,-1.7143327866698046,0.4452515794941243,0,-0.15037635269059563,1.2166251040334832,0.43051228013522025
-0.0644511337550922,0.7057843240628519,-0.7022639977346874,0.0891430188250709,-0.3152546158869596,1.276792170612795,0.6157033248918783,-0.24860976484031366,-0.6219801596977176,-0.4240579783169099,0,0.40267647881644536,2.933088881492933,0.40489315848365914
1.6773095911841125,-0.19624447628126068,2.026776529150967,0.1814020152147882,-1.1522926729894398,1.1310573650629385,-2.0517523430098343,0.10517061503993053,2.33315465040471,1.6885897263166372,1,6.015651334321948,3.905641037890468,0.7184481737672602
1.4259927350097341,0.9607011795172196,1.2081093473918498,-0.8299834422955685,0.8059695382685974,0.3830039999621296,1.370917160913659,1.6638241182745597,-0.4510191385885238,-1.4497902774744786,1,5.942265981997026,4.46985624512224,0.5579005287450256
0.043701389864746955,1.507181483993361,-1.4294437965132825,-0.22214429998499804,-1.9525410754187054,-0.6665426483576744,0.3708830596469809,-0.03699041275008956,-0.840725101342268,1.4893317585236765,0,-1.640835610390524,-1.4546934026645078,0.324813002272153
-0.4170388288471303,-1.9058012618564382,1.946527875816672,1.0685915221543234,0.3125480461895042,-0.964677288806644,-1.0602731565962773,0.12548950970815317,0.15116066288276517,-1.4364328112658156,1,3.937869327342395,1.3880789247665184,0.6779531637772176
-0.9978225395586793,0.4848469009054902,-1.260396335955619,1.103121770789417,-0.38612056284812357,1.1408497124217831,-0.5713775796028941,0.675584717671042,0.24492488917166733,1.6916449596594565,0,0.8803031112989413,2.8658491128499985,0.3227123461733068
-0.6508842564718861,2.0795732983792976,1.4452969941210072,-0.6680535828685293,-0.5812009480174676,0.3620104383310894,0.7631431098345905,-0.9707064582253291,-1.2243754672109217,-1.7350982277646296,0,0.24916307187775352,1.1400624994750193,0.20339180305682344
1.529335395811804,-0.020210667238493595,-1.7654773485423465,-0.27969466908979307,0.8181507729911002,0.4027093980587704,1.893465003103487,0.20277584140464203,-0.2982235123924085,0.29179058347524184,1,4.933154899600845,4.456481006320986,0.6845524907182438
1.5251998038921553,0.6590448351244069,-0.12604548731855647,-1.0517385559334298,-0.14883298548566176,-1.3061944552208542,0.41964125200659874,0.4101965539191197,-0.9911805943569869,-0.7951181613047498,1,5.523686096890387,6.7904326625344655,0.60660830334426
0.8330160434695101,-0.04252685343961143,0.5444743594061531,-0.5935817731219613,-0.8007173365841942,-0.2969122076972026,-1.1779693752194311,-0.576543765766884,0.9495002703889006,-0.6367714081473268,0,-0.7507244402796072,1.9672335559434746,0.6077278835986216
1.5718239491038044,0.947236328202389,0.8885377450411603,0.34387928381518534,-0.7113162882417731,-1.0929982017264148,-1.140145410125294,0.20384915221955416,2.4012614124073375,0.47503223762071534,1,6.279668967014841,5.227933021188835,0.5774450552726372
1.5019815448907663,-0.1497705295201709,-0.5784318375814617,0.7979648385487166,-0.4927396497549544,-0.2907795757332394,0.0973135314209713,-1.0743642346190905,0.2554478836998034,-0.138840749634282,1,4.05806105196293,3.3572084110758214,0.6954822341390531
-1.3030654933769206,0.04389993319239529,0.7139222440843536,-0.8082197848350207,2.3125068044699706,-1.2681428070199556,-0.8706618175430678,0.5860682432859474,0.06164564707900076,-0.9649023279056552,0,1.4849011208498386,0.6153949112617222,0.3377174422038234
0.7107211818859847,-1.161990590708673,0.756526834615458,1.2264296725887083,0.6510294184939767,0.19311463346399313,-0.6553896234370846,-0.9378540010220087,0.754250156535905,0.7702315722756339,1,5.299292004922462,3.2535194447040245,0.7183629760606888
-0.5781774532413221,0.2003956152395345,2.049064053831242,-0.39664655180643715,0.430802642142734,0.38060928052889537,0.6745738926269557,1.74850839770926,1.2520482816465135,-0.8426299946455987,0,2.2177922911444408,2.0328954741824297,0.4038890648519125
0.22382569353130097,-2.19257149434128,-0.357595678275797,-1.9149687568804445,-1.3620273413885269,0.3178739762711845,2.2030884998351516,0.47748130092281393,1.7674926109227849,-2.2057394033288156,1,-3.009648198806958,-0.17101354750774433,0.7699800558104953
-1.178457088342434,-0.8010161733689584,-0.7305789556637221,0.9844172821485264,-1.055938394431879,-0.9386827159303761,-0.7011837045063827,-2.2460027329875234,-0.44691719062852087,0.3998041453932744,1,-0.8800190618393715,-1.1552456749715379,0.4529594169667686
-0.2622824303760509,0.01751933275776536,0.1809968715268144,-0.5164734439038674,-0.43226879748733843,-0.2413921329757051,0.10667972372495627,-0.5303600809405632,-1.2187212027688799,0.32558600105224456,1,0.4399831345000512,0.9068207803455943,0.46508171351090316
-1.6230284737275844,-0.7164409675611658,-0.47905048168826164,-0.9635740480607976,-0.8348129511932874,0.556793525312684,1.7321506618858262,-1.5791719064668697,-0.43239808296199383,0.07960367888073563,1,-3.122420909074764,-1.7466796968434812,0.38857793273004604
0.09636032755459564,-1.66196257436388,0.09530755876246648,0.00072475084580779,0.5048533523873338,-1.1713525391582664,-0.05480349282456941,-0.8772852158532781,0.281271208475881,1.676160826712,1,3.623016642974385,3.2844551136457003,0.7066484229984065
0.8068198092385035,-0.4723271036223007,0.25725855530295766,0.18367932696204817,-1.318762651434719,2.1422459407878707,0.5828510292685993,0.9847633822349684,-0.7932829592990707,-1.235614150804163,1,-1.345780885817002,-0.24978783775024738,0.6546570334859648
-0.5183579687129102,0.09844521804970702,-0.17489591045442934,-1.035259377500433,0.7478449867756068,-0.5919762720169925,1.415412591655475,-0.19356801773288143,-0.3582549685517377,-0.1747828668325812,1,1.0639134231456913,1.356417318818718,0.42350493966246794
-0.10456987813089098,0.2899801611075576,-1.1562085209910142,1.860163367484129,0.769152932189602,1.333513841789074,-1.2134051225010705,0.40684425963404103,0.9445519638073744,1.4825182234591863,0,2.4247910004498903,2.876003882567834,0.4508405716788795
-1.7450545411560985,-0.8918773170881076,-0.3480530672880842,0.3587459345339118,-1.1321659299041544,1.2257366407510166,-1.0069356784978722,-1.9556886930091317,0.15376461143737002,-0.44962045474360723,0,0.6780978710914517,-0.6583219535037313,0.3949412330475968
0.06099388915212039,-0.14270602805707525,1.3951383005909885,0.6666123781158404,-0.1012094741139103,-1.3470340020655078,-0.45426051976890847,-0.4666333056900287,-1.5262939234525192,0.7814075094805741,0,2.64711326643265,-0.020747489123598806,0.5254405013811817
-1.3879896820757254,-1.393080224952067,-0.747972765318633,-1.150258494936139,-0.3999786656435588,-1.4331891718586902,-0.37011037887210235,-0.2843515748030514,0.3738878646798299,0.2630295694885706,1,2.93168972769453,2.6098629512632283,0.5006363175160158
-0.2240789545124897,0.3388397721396383,-0.27152756708391185,1.3655309144915346,-0.7373738072877476,-0.5668153443400846,0.0007365866624636629,-0.7630643491165816,1.285175328524914,0.6253339871463351,0,1.561064629726271,2.985614247991033,0.43009603007095504
0.6930612915311469,0.5282399141577604,0.7194388661990821,-0.7058763625852434,0.5006184691909255,-1.07696841807425,-0.9423429632514149,0.37710916360554636,-0.04788126905742275,0.25336544138964817,1,4.420061445383281,4.489996008460379,0.5205910197942405
-0.5730322746207765,-0.7430841455442292,-0.3579566185618261,0.060272186884323495,-0.3393700131069855,0.8288172465344351,-0.31945079250156266,-1.6003036964761763,0.42960760461446224,1.1632693045991065,1,-0.8559962735862525,-1.2419414143421623,0.5212436871307466
0.4590409919421393,0.8516356723741152,-0.8417919807631261,0.332520383647968,0.5802088347148487,-0.05007625303264939,-1.2463796838950771,0.11086790947159646,1.3706107523605338,-0.4949764697664918,1,2.9441424880449443,2.7060705368440545,0.45108264043641777
2.1371868937453327,-0.18069822750915052,0.36792954484252427,-1.0139132663702677,-2.16764246110644,0.9098647173663688,0.6070224078622846,-2.8756744231329834,-0.22810727751243898,-0.4109212003354899,1,5.970926625206827,7.131367464445486,0.7611405195033204
0.8868036535868221,0.7012553496247458,-0.9648619255341817,0.9732873480541646,-0.03807892498586865,0.10337361090766989,0.4569236653987278,0.8610272477574598,-1.7591379950828423,-0.9075729532439828,1,5.538478826419683,4.444090067147102,0.5231769166524044
-1.3697817631255595,0.5501470419064535,2.2516422733429167,-1.1091945311148448,-0.8319645010269203,0.7229390343627896,1.1622653617410814,0.5239932667870597,0.3147761123641279,-1.4525096962211579,0,0.06789045425651508,2.723202348549304,0.2768853221415706
-0.33039733453447895,-0.07705602200786603,1.7405593964860069,-0.11619851506526753,-0.1103113928237542,-0.2167304357554558,-1.070843353151711,2.027467631456583,-0.8332642005121487,-0.9331971512469163,1,2.5773134508871363,0.11933522123690177,0.46837461160920174
0.3305820534090383,-0.8965133515189166,0.4135288416991288,1.421296072965912,-1.1989292936403277,-0.35928533022315523,-0.5001566929827465,0.28390666510069834,0.7844383321996435,-1.0155774930487826,1,2.3191261895794524,0.5932385606614795,0.6487496555992633
0.04132280522984246,-0.5585560184590074,0.32234169125619344,-0.9789391410296686,-0.12974115347963885,0.7206904285326265,-0.05092152138298504,0.7097838226408255,-0.18231117623860396,0.8389101016433544,0,-0.9789782617482468,-1.4156294687273432,0.574427705466639
-1.0974469021576219,-0.9417589879570281,1.6709393028525235,0.0677912998298014,1.630785367719934,1.3833733896317215,0.2849299763926742,-1.074822406075598,0.6612886514000552,-0.6547554823287909,0,2.56519198634161,-0.1211538246078196,0.48054883205686566
-0.6021463045399916,-0.928709663734117,-0.2664282999650104,-0.1755425554343064,-0.6618304633873255,-1.4760750358024595,-0.12380490021480856,-1.3557180913760871,0.5185808339956307,-0.7449499755963712,1,-0.7515112462134055,-0.0076088243444296655,0.5407299685918169
-1.8262562676023604,-1.256076281503165,0.014385068520447962,0.3778096413337252,0.2867431139877793,-1.2095242099985595,0.9176355310778724,1.0630591003130894,0.8563401455147414,0.8013297715602846,0,1.0736202673527617,1.9622033263745406,0.429206340724625
0.130741317268093,0.6324808493662949,1.417581496301577,0.15859251919271297,-0.22609122116618724,-0.7046893494758094,-1.3111997826473385,1.7487100854392206,0.329207170888687,1.718247008401115,0,2.019839253012779,3.4262516416333506,0.4376094316355624
0.8305441044038913,0.701342246199201,1.715576761421126,0.05392752628536881,-0.4264620637249003,-1.101596173661776,-0.8114318482126125,-1.1877161818711022,-0.2268936267193743,-1.5241993340039093,1,6.123353976025809,4.310894988596339,0.5161446179984022
-1.6309368118864402,-1.9435194499344455,-0.6656356140160209,-0.24323052859619293,-1.9619222816375854,-0.5769839772532117,1.5041853407596382,1.3266900419649847,0.1484168648036396,-0.49273746517439077,1,-0.18935624650721228,0.6370192319298187,0.5389934876349765
-1.0175950462581638,-0.15142777320884984,-0.09099034626627588,0.8885414052544469,0.5079235905419572,0.10946953699255209,-0.05397600996325274,-0.8853827381459101,-2.393572273018523,0.6504522620963662,0,1.4422131000678262,-0.7834930842178457,0.39339022854261946
-0.666052858096285,0.9079507563843443,-0.3196431345872777,-0.18323839457645957,-0.7652011278386092,1.2647295200371778,0.11136721992532499,-1.1772995349689117,-0.5182479371087523,-1.5236281243747483,0,-1.2298435007150925,1.2266512196489352,0.3128128018049321
-0.02489989969304302,-1.3901431499971517,-1.522151212194154,2.02724858847945,2.1096644554836286,-0.03686352759232783,1.1850449342182205,-0.5361692873033026,-0.6072255892863032,0.557982066859608,1,6.346341589055595,3.3279900724255094,0.6643235655791986
0.7267258821165664,-0.1068583071958981,1.289169701460663,1.4577727808671705,0.9772184527069571,-0.021511096442577184,1.7097930713875837,1.324917030394154,-0.4507627933522983,0.240772789202562,0,3.831810535321434,1.2447097717579834,0.6027153720413458
0.22690672544666102,-2.3985535774990803,-0.4478580059815911,0.19738442515816018,0.6273651250506445,1.1054289574236176,0.4255460136173993,-1.0605602269537888,-0.15057093831837728,1.828937272264195,1,-1.0540254010294923,-1.119393438337726,0.7879696503989798
1.4672252655879088,-0.32131231974851565,-0.10007770326953126,0.700971923718247,-0.9432406762197231,0.10113886626685625,1.0260023649321426,-1.0076449434368455,1.3637584311548172,-0.06743134416018537,1,3.2209624449381056,2.2208593047770164,0.7097703153526694
-0.5367555552925195,-1.659354724130106,0.3728135196170572,0.3334114063944668,-1.2677740897698315,-2.3314954554573153,-0.42333494088492346,-1.4951090211250577,-1.9480589696636617,-0.02614404770563158,1,2.833078411621921,2.777845734560796,0.6367531856833774
-0.32172225794796927,-0.8824000761037708,-1.0411423843993965,0.3055056243467629,0.15372621508998338,1.2014338233856923,-0.17293614453007497,-1.994163887522633,-0.7059616456563217,-0.9838828231840988,0,0.17807916728214118,-0.17785945983585283,0.5696293100557502
-0.17644953393215,-1.3680479452282917,-1.3892152356465146,-1.2673848071304394,-0.32711179532223195,0.6292941843005041,-0.44864503947848655,-0.38816900869075416,1.3877051222775012,1.2961868513281969,1,2.629999161444377,3.126495705242003,0.6446946436802867
-0.1420606217080585,-0.8506685869483536,0.6790576565220471,0.003437738187446366,1.3397909080037684,0.30313521639927715,-0.677798661800398,-0.6590852457555046,0.8662605692346846,-0.4183966877503163,1,1.3003743854318974,-0.2627263504657378,0.5876608929323431
-0.8422578213488954,1.8007025605002396,-1.1334985886355322,-1.302173920485329,0.43808849498514973,-0.47971543803078465,0.33258909358647987,-0.32829998071089794,0.1429379931719953,-0.05456275643256981,0,-2.4093299323389124,-1.0342585846713566,0.21057213369296413
-0.5832489327316395,0.7543195493668592,-0.2935230984167824,0.10477757468130315,0.4724278800013257,-0.6772013661586544,-0.04202744146531275,1.0141136801123063,-0.0811316325937415,0.4661739057501376,0,0.08816603293407066,2.301698103780873,0.33876912299401735
-0.18061185002733038,0.43581542549708285,-0.532854959691132,0.024625009419558228,0.9173908345730227,1.3393085013943478,-0.17037668933457134,-0.06832912382499723,-0.08508947606028551,0.7615377200837649,0,1.4015084668494024,3.2841070182474716,0.4235508294056707
-1.89844024699769,1.2521903211219028,-1.2265955933191148,-0.4631684136577301,0.960362484066467,-0.011600304876539883,0.044422677971884095,0.1695153386115914,0.28582007806734,-0.24132728587279345,0,-0.5021767709820104,-1.6300870897725421,0.17145997562437132
-0.14329290550347593,1.1579031136408269,1.0951782147289946,2.290400648071027,1.4964569512170725,0.6833116538493447,0.8495070545596717,0.5809123158371082,0.17572546998893288,-1.2399081627152748,1,3.25007679298568,-0.3234261147987021,0.34285478989206025
0.3259851967124644,-0.67024220090121,0.4795637465073256,0.934206110657246,-1.540872277393775,0.8749904381595299,-0.1990800322333295,0.9198726569833479,0.8290233772834656,-0.9272849136113323,0,0.9574472686948425,-0.7654912646873926,0.6220159411296304
-0.417055972560412,0.4529321187127273,-1.427776219878081,-0.1556426367733712,1.4148365140217607,0.935569640810976,1.5805472792311686,-0.5524480624954687,-0.7210259044806027,0.4824290935473474,0,0.20815282344417801,3.1317025748510936,0.3929344322631674
-0.5688999451175764,-1.1909939572577772,1.3165157419177576,0.9911714358846095,-0.1893309956679703,0.5076917338637856,1.6269784216705716,-0.7592951959129952,1.4224775388247506,-1.06782164194289,0,2.514067616938413,1.977806096030325,0.5771408028428888
-1.1318805709727064,0.18326103860339402,-0.4779734697193579,-0.08979923478123761,-0.24155295225487158,0.9560858861887714,-0.42379420843573573,-1.2495567424551328,-0.1076349031215477,2.4025896115851535,0,0.22935272676655344,1.683547694343083,0.3412855074816236
-1.143438778877937,0.1589154538275035,-1.2718040075048267,-1.5488988399402412,-0.619423017636989,0.8410044711639679,1.3741082098621233,0.10004036610637448,-0.15446305062195378,0.515806807273499,1,-0.40380404274011217,1.5156339472414457,0.34272432589347407
-0.5975635799963346,-0.11688063339294152,0.7162681290366002,-1.5897266668302197,-0.5817796262098377,-0.1810848558979291,0.45550829679099175,-1.6178270218511206,-1.8164642558100152,-2.0668751172360063,1,-1.1176286249908713,-0.3473381426175107,0.44020220172220104
-0.8082541519876134,0.7264939102885871,0.4509563736754078,0.8874016639338459,-0.16895614409000842,-0.1628733026950975,-0.1370279688158636,-0.4804667957805221,2.5352904213345884,0.38532126432210295,1,4.2915758130295805,2.3390093371986564,0.31704742962196697
-0.8603023942858615,-0.21281195088705473,0.9080618134659295,-1.9300546892930797,-0.26517232558539056,1.1115010206027893,0.6054212010988963,-0.454346123577981,0.866107796004531,-0.10568305242972206,0,-1.4046300625312949,-1.1266240607231073,0.41976328077199254
-0.9795041922140383,-0.20072757772744004,1.324337831620748,0.45082239584876727,-0.023036582141423394,-1.5127217852895143,-0.34705097285206626,0.7864763679518224,0.9042051701031326,-1.6650754259935994,1,0.5542033097355465,-1.0985850930638745,0.40386456194985704
-1.0600116208699544,-0.2560185327896536,-0.3702811246680399,0.6295783143100946,-1.5620299603823478,-0.7098096465079488,0.8282594020606524,0.9194273483760964,-1.4532952626767714,0.6081583014327474,0,0.544122137049227,-1.4544217404640691,0.40083274338381114
-1.4170208736773713,0.6055462114365985,0.6942156731004598,0.1695664634386678,-0.9759365495512428,-1.9860602505865037,1.4335565660580518,-1.4689067291756728,-0.6696229835985441,-0.26890822402105813,1,3.1974547983319233,2.60625551813353,0.2667287345573166
0.03243929512770847,0.532059526582084,0.42860300830191644,0.21245932979759952,-0.2053697134792139,-0.9090826044729279,0.9927688074685316,0.38445632274563757,0.7114156679284848,-0.21932023138422804,1,4.649043375989278,3.520301762638492,0.4378702366571757
0.7268309464379861,-2.443507547372181,1.0781288062025038,-0.19982900547744406,-0.4574322259868616,-0.5337330765554047,-0.6385456765729569,0.01669031387791899,0.22070497521000676,1.607196003424853,1,-0.0789140847585163,-0.39221597681695775,0.8299353640562337
0.035572384963073474,-1.163328727099196,2.2610877907558034,-0.04227995059361727,-0.15811493722203307,-0.5363728680501492,-1.3999721731674766,1.2226738235105505,-1.1930109778856777,1.008155354028733,0,2.2113938785167795,2.263440517392831,0.6455305920469647
-0.2858580645682579,0.580820177570301,-0.3050604741861708,0.3230207497627417,-0.00967558623416893,0.03380565873219462,1.2532848804296175,0.014433384830163454,-1.0932652239214673,-1.595624699503164,0,0.8570930874389937,3.1712171450370437,0.3933292628135488
-0.5692048854806578,0.644122684241675,0.603648585190496,0.7967854069962707,0.4120415198010346,0.3872889734494247,-0.7504708017770201,0.5703369838520296,1.4983223690930605,-0.12567090397035618,0,1.5980367197957432,2.8140670497428077,0.3528206087925817
0.658726930445715,-0.5736498101108687,1.0500736344640302,0.6668346968178799,0.13121225018649732,-0.942472795823988,0.3524832956318003,1.6568603404355606,0.12788248995860574,2.2934131376396545,0,1.7801561885226864,-0.5010476883306054,0.6493511573035144
-1.2735882952892372,-0.7437640775766392,-0.6919866411352207,0.0167830269569851,0.93267978472213,-0.5275659163436108,0.02111598515065302,0.5766660521753377,0.1434461111023342,0.0774403498065035,1,-0.9597691956952454,-1.522231637963921,0.4341565887261854
-0.06366124415795194,1.4371998056961408,-0.7839528191894567,1.5535431097300478,-0.5817453875328681,0.6715782413007713,0.5718212026833991,0.0025210517857122256,0.057766202749274326,0.4612883512940357,0,1.7943657489062828,-1.5131793341773885,0.3207274988357323
-0.1971879504239576,-0.6204642333591901,1.1340661749656842,-0.3008817653809744,0.06159919901084497,-0.19635097090898412,0.290288635405937,0.7362830552729351,-0.7028990642920822,-2.2883566709741956,0,1.463394588878793,-1.5020602267659997,0.5527129279981572
2.1924280098894604,-1.1746173593080367,0.25136371708534366,-0.9361892708934465,-0.04636431321871459,-1.8205077490214834,2.02525431474489,-0.1999476592809691,-0.1330508863665237,0.8204970243992189,0,-1.3832838451863487,10.260617328641258,0.8433704293572011
-0.6967531394613409,-1.7079787447483545,1.346855978524502,-2.045883565548119,0.23402847915736416,-1.4765241320000542,0.3913668901990778,0.6040096442748003,-0.16267381597075392,-0.5630237353454516,1,1.5088755243333776,2.483277746458935,0.6237774512018031
-0.7825593046076406,-0.023670031997263346,-0.42182485414959403,-0.9458541323424112,-0.2911058609256062,-0.4370324096615044,2.7711873368866846,-0.34380768878426504,-0.5133513342896299,0.6890594604915181,1,-0.7073441785459467,0.2715015973418942,0.4062608510162001
1.9045684173360868,-0.829443643043373,-0.162373621280919,-0.6943641314541845,1.2220705165056425,0.7306685272920315,0.6531112025606093,-0.8273577784857822,0.11484083344296263,1.1070286139939183,1,5.165020721995827,5.440145566643658,0.7968960020026132
1.592787840280833,-0.2823273783878179,0.5692683706208882,1.03224023068704,0.28637423318601857,1.1333461526151603,-1.9351363861083548,0.6273737614305839,0.07364172564406025,0.81896588148261,1,5.08352881900204,2.979555765319641,0.718606041981618
2.1778452906454118,0.777367806258088,-1.6040882465595219,-0.9986494309590092,0.7287826781761669,0.777554234319017,1.7385794577706113,0.9152946449020288,-0.9334317213868943,2.2701254885477233,1,10.372120025634745,10.43669984473063,0.6682407022603184
-0.3213648415444857,0.29057110076463316,-0.665290526901587,0.7441270922060915,1.5485472661677238,1.4574653050521311,0.06458524829039869,0.001315126803750478,0.7764634633187889,-0.2311148969290795,0,1.9285309085429656,2.703292127214004,0.42409921522976
1.0359783984199533,1.3688456344536366,0.3925061842405993,-0.5214092728064162,-0.03635568321149801,1.3931589739103105,2.9961976955992045,0.8198807065499227,-0.5743203547206457,-0.6827685296471588,1,-0.6204605249926535,0.527091082590271,0.45848737677338447
0.06114583535244777,0.9469023802376761,-1.2761663883397854,0.15640290057957315,0.6570360784759735,0.8116111729396587,0.10184443233507905,-1.4220245584726663,1.5187286935058777,1.4501842108250267,0,1.0789447315220677,1.4781503217127248,0.3910553486589286
0.18893400939537122,-0.4019506391535518,-0.15823326070857735,-0.2751596318763068,0.2162550035754537,0.4210572694304726,-1.2693023856881036,-1.5255430934471823,-0.23987666541195224,0.15863668920706295,1,-1.9119921327328404,-1.1743696089222673,0.573327978882026
-1.3469823041638378,0.30890807380293084,1.0872969632260376,-0.47878153975116844,0.9825567465339654,-0.8445706399751707,0.468981832146901,-1.0868137366038224,-0.19672045703355157,-1.2263946780893975,0,0.9980601018475097,2.322892620499445,0.30407972437845926
-0.0669134208818339,0.5579306432047549,1.3468978755324024,-0.7792500855595365,-0.4171152325803304,-1.7716499859193453,0.58469807573357,-0.8950019142432928,-0.8747279522449946,-0.1286716313181337,1,4.7312639439401805,3.393987835013591,0.4225236586792704
1.215389314139142,-0.9194547198003292,1.1499312190228692,0.7396241085352907,0.043981463251407345,0.8987985590396543,-0.03566059668051031,-1.1341311911999299,0.011235709735545166,-0.14621545463372093,1,5.2061756095715745,2.7457345449799724,0.7441063456740193
-1.1529877964664343,1.0338034250840071,-0.7825562014244318,-1.5919038137043626,-0.899156592121224,0.38761111391405834,1.1206078593040525,0.26748630101278753,0.16249560401847893,2.278389830409155,0,-1.4841567871807768,0.05069939688113889,0.25097940219025744
-0.8946822072061213,-0.5479922929091118,-0.27477128101032533,-1.1418511909777778,-0.6125852264194003,1.7818203853289518,-0.14047142018585634,0.3474068860808409,-1.013725018482207,-0.1710148084590037,1,-2.4752735747525927,-2.0629009826515396,0.4567719512839074
1.1927398252494867,-0.5492526581921373,1.8446189431809286,0.40445673392148035,1.451269337821307,0.9784755558028729,0.7769324170567736,0.5045227849506478,0.40266422970725513,1.274000368222892,0,3.744747918078584,0.8259673300823684,0.7049529528853113
-0.6654981304884253,0.4672870933604541,-1.3459565806954956,1.6312710385341078,0.8153979025561046,0.5344260181718594,-0.5315844679054703,-0.004800318912970894,0.46773754288499564,-2.238077379511793,0,1.5471679585578717,3.0008267797882553,0.36206962679817234
0.5088921810737367,-0.3875353284145436,1.3687875958623006,0.7784793786815123,0.672820137522688,1.1863700095164877,0.8871092909744493,2.3012773198824785,0.5467186056045423,1.4453357326829472,0,1.7667153176942847,-0.682126986676312,0.6102144542992916
1.635976808279326,-0.022853776503027244,1.0339019173954003,0.6582808307633993,-0.20740356540247767,1.0210881257003448,0.7206081373324711,2.699145773320628,0.8372987170024289,0.9994897181098842,1,6.508047904037668,4.955131971265571,0.6962312822821346
1.3751881545706666,0.5246832420395986,0.23081939383402106,0.12747538783040457,-1.441302512566679,-0.32672887178478055,1.7354206111466566,0.7467065725864906,-0.15473029978431346,1.339630613559945,1,6.892857147142202,6.448308250389818,0.6047394308425703
1.548166322104633,0.25279674862711454,2.4660128677781636,0.2803673912120102,-0.20378717776136884,0.33157375718793397,0.3213307705251484,0.5684886475158883,0.07809593573374879,1.0688127216244974,1,9.042555188360582,6.486069332774446,0.6564885451657281
-1.1083302447606902,0.2085492150547644,-0.1322337335149633,0.4996372014538752,-1.9812973276847454,0.4666036123679282,0.13148236562678442,-1.5835903376481066,0.39726799224603465,0.011803981112976624,0,-0.673110266054806,1.8533580811959172,0.3410901916260709
1.4203011103597836,0.22347066283813855,0.5678173395771176,1.1445566627301043,0.6645329990986781,-0.4117114520523813,0.842957900255895,0.15765946216654478,-0.41475531691603534,0.3029853859255185,1,7.741045203421653,5.752834244476217,0.6452936507607995
-1.333797300275439,-0.5440062536007324,-1.3271797133851078,-0.036387851280249614,-1.3150645943537984,0.3419934536084574,1.0349048322172214,0.8341413915324233,-1.30303746251497,-1.3879886012397886,1,-2.74234621787602,-2.2126719299770805,0.40253936070323276
-0.6144275324121662,-0.0948467385617469,-1.5054821833925707,-0.6720193681294725,-0.6673409839643725,-0.4310630397825316,-2.138521730275742,-1.4567339079996418,-0.5399555773681384,-0.8160633444801326,0,-0.27093677633177293,-0.1929997445925541,0.43541523397329746
-0.18035711148493458,-0.4742669277625466,0.10464706815966127,-1.5539198572331105,-0.21850758636106288,-1.5825913953717523,0.5480518822430265,0.9734265538196136,-0.8655153903812423,-0.11911477986364996,1,-2.2357587638014556,-1.6568630141894176,0.5366727528254575
0.4512344568732903,-0.34714533845854606,0.10460944337707233,-0.8156600093383666,1.557434003222461,-0.09791693292046515,-0.3040813854704563,0.7505247881846695,0.5852165797657866,-1.6359131872509156,0,-0.2444700916646339,-0.6469987995847497,0.5984930087703728
1.0789484670432434,-0.22614107304836714,-1.820995655649507,-0.26033103740338687,-0.995461575839593,0.4255252386852183,0.8182862336079109,0.003541991007085753,-0.6054033579948375,-0.96846113584182,1,-0.1684015079262975,1.311160343989415,0.6575836914414664
0.42122705849378667,-0.14441677445285536,-1.3298013831415736,0.7455218414516576,-0.7766528411825807,0.580448037503505,-0.5301089450401718,-0.706474443958789,0.17126885869299,2.0525619510287556,0,0.5209171269545319,0.4280977004648492,0.5702379181517988
0.43512295389139277,-0.7734928486456334,0.8130673846158423,-0.27920536615071473,1.4728475510624501,-1.4978929750460501,1.670271846171049,0.6867713841875482,-0.9097755969620034,-1.1666028629557328,0,1.4815989608732416,-0.08744988867743353,0.6466412665862139
0.9627104474353839,-0.4828736017408769,-1.1664008801102221,0.18069806241244948,0.5300189278937473,0.5111383743701264,-1.1625929766274343,-0.622806410444138,0.1152408504660698,-1.1502780943688926,1,-0.22259270753642757,0.1224026791570445,0.6732215433635538
-0.21520822458150668,-0.005668090066144653,0.00814872193285691,-1.955034392324044,-0.47310730532868206,-0.7308055688260409,-0.6886779708624203,1.432168772492874,0.4655615977232703,-0.519187501684114,0,-2.773614194072128,0.7618587931933243,0.47383141601158724
1.354107620188648,1.455286609483508,-0.16595229306838918,-0.7706558581016417,0.5440456620832457,-1.4483349651895652,0.1583785982499163,-0.3985343500009191,-1.7391754820053318,1.354293231119754,0,-0.657560098603028,1.3979276433577223,0.48735532301340817
-1.0531353541489843,-2.344201741012441,-0.2725727727469243,-1.5262262041914392,1.6470133928155943,-0.6475570064420632,2.121601890126592,-1.9034286577257034,2.197164713876886,-0.23613887451688367,0,-1.0535454716167738,-1.8576311508241825,0.6560031732488483
-0.43980820743635174,-0.1907893730078261,0.8015402084513249,-0.9299707720443859,0.8026547318750501,-0.6981484968752456,-0.6882464148598038,-0.2972817236169402,0.6830439470991555,-0.958417862223385,1,-0.6400534698221678,-0.7661718330356857,0.46891279635085054
1.8917005110720453,-0.5849625396952847,2.1776261703805395,-0.937509772901822,2.338744783487664,1.043991837395918,1.6497734102919226,-1.3679810000337442,-0.8929761913483086,-0.980917409899065,1,7.660070291485111,4.219163402734811,0.7752734585906981
-0.05450596914450141,0.7060284410069989,1.0071006628468209,0.4959584573390871,0.6158741815870897,1.4321339136972495,0.004434400984539597,-0.43088632646411745,0.6427590428839676,0.5059445035115216,1,5.105985569093475,2.941304267752926,0.40606245206753544
-1.3873370573877133,0.16739605860732634,2.5411565377985035,0.06091551465642421,1.0503776000090252,-0.1934650429282668,1.650694722733669,0.6243260275855043,-0.585586458843275,0.9924705007195709,0,3.6348702016697128,1.5046973156197934,0.31488773044182794
1.875248684392823,0.6255296388875613,0.09781149202419241,0.7123328949626246,0.30364590192244684,0.8926504185888863,-0.31848078018625536,-0.9563363232276436,1.1036683531874327,2.24399400932068,0,1.2067090485585514,8.830544706001113,0.6513229627702007
0.4568545993746291,0.04891705370055922,2.9220483869928855,1.134409228766492,1.0374187686745024,0.32681150139339193,-0.498777834321343,-0.3637954370318649,-0.19450839566438366,-1.3971045950566496,0,4.267055551854977,1.9617824567103357,0.5508161388260508
-0.21959962095309563,0.15089806022929061,-0.2801657224015777,0.3125679940024542,-0.07681857698206732,0.16295970675712962,-0.62118653502203,-0.3165276626429282,-0.0036897670563075693,-0.7404826684988014,1,1.8072235575170743,1.9440964774123521,0.4538197787785797
-0.09248760074008477,-0.6166908824258007,1.0863751345912052,-0.24371046281498876,0.5121192121857692,-0.5644519394945889,-0.21215140996775983,-0.09288043086710525,-1.2534007168308987,-1.6516535898565103,0,1.3081695120762464,-1.4222223866330506,0.5651528513123409
-1.3546029072081418,0.6862735985971122,0.5145664969963769,-0.28382296816617963,-1.7157103938929184,0.738717009045565,-0.5922949664128054,0.24893251237905745,0.3185610862572316,1.2171269249938077,0,-0.10424090288427967,2.3420596599030143,0.2649420429720382
0.022515441145200314,-3.6854992064512015,0.6247695878759618,-0.8585100791711854,-1.5306596787722606,-0.9487201744051592,-2.275703804041721,0.7336123901832177,-1.1446289039736193,0.7878386563012864,0,-0.690949528039462,3.1101340756648708,0.8645969225224295
-0.12822358678854792,-0.1753969937969759,0.6106208910803355,-2.844820408703034,0.6558658100534521,0.18748425539758973,1.0219535639300175,-0.4361891859677427,0.36725931444285237,-0.8009384203586959,1,-2.026420512587984,-0.42924723430691025,0.5058964025151851
0.6221135337468632,0.7722970072045903,-2.662020540358195,0.3297455718300389,-0.9757430841658008,-0.2087696485962105,-0.24763264998243928,0.20603188921549734,0.4600120395585675,-0.2692033397379376,1,2.9298522623247063,3.502565344947728,0.48123588219962155
-0.6021494949330702,-0.6500981334888756,-1.4482083631762133,-1.8767746934446823,1.2516874607974846,-1.4295214436873325,1.5948908837464324,-1.1032040026098802,0.6739141706103112,1.181212600271591,1,-2.606457370706541,-1.6795330614070414,0.505993292759492
-0.4068897330034471,-0.08414336961712642,0.20430600072289873,0.16734480032983864,-0.752669583538357,-1.5777098610081053,0.25665038454223865,0.39597283311674863,-0.6818186698277682,1.2008490650742811,0,-0.2064700664597577,0.012526852099860486,0.4597440265202976
-0.5554800264059386,0.7676553883977615,0.7415212795810842,-1.6504730874414022,0.8173680101617661,-2.385322917105759,0.2553829316861028,-0.781336574982637,0.1109293187084081,1.1905514029006674,1,3.1444962287152043,2.240844394203313,0.3403875358031339
0.5616232749772755,0.5712059918672222,0.9835073542541266,-0.48022742172386546,0.537996000445648,0.13512380660254258,-0.4770080779796825,0.32227297541695205,-0.7602788591378151,0.5882338167145896,1,4.858792473869464,4.1912248122968405,0.4988021626803299
-1.3532377706591237,1.367577554787857,-0.362653809703414,0.4542912185653406,-0.43806639678163645,-0.7626320517363712,-0.09429979727740867,1.5542492478925283,0.030296950537418516,-0.8374441218131471,0,0.6412208605279834,-2.0283618654233595,0.20417405439870775
-1.773144756040286,0.06370120215704382,0.11604924592311858,-0.8362855992952734,0.5778982872547157,0.20111072390603138,0.06884068621860447,0.3192441470889647,-1.2071861488728541,0.23870449570317454,0,0.12513428818896605,0.6667734285950035,0.28527933211897927
-0.03150616591170502,1.1143479907437688,-0.5810345105682193,0.6531092716566073,-0.012957832419112336,0.9571857281524793,2.4804517290779455,0.30839345386145817,-0.5678159168006982,0.17673249330834395,1,0.803079869960822,0.09009000889620022,0.36056169150420864
0.49999000690972284,-0.5187711440468057,-0.2460560783037976,-0.35623852884921997,1.4770112425895392,0.061432083773245355,0.46877808597380083,-1.0522264431749961,-1.2766132144764206,-1.2639453597178323,1,-0.5903006716731836,-0.8469494486165234,0.6246612556787725
0.22400354958736277,-0.7998292563562397,-0.8744844053940205,0.589997370085439,0.9777030067201123,-0.6611501563948998,-3.570242767576571,-1.3690377193770356,-1.7228097540475062,1.5734325125552595,0,0.3249382395392856,-0.2194723649514292,0.6252556164983724
-0.3069562798043058,-1.1141652686888301,1.7038638053101212,-1.3430309728635887,0.15858917345648024,-0.8349515539567742,-1.4827214093698098,-1.0081484986528957,1.1601383589231051,-0.1988916870038047,1,1.472395401398071,1.6132341046080816,0.599553369748397
0.8349698738103475,-0.612779444103769,-0.7305749581585261,-0.41972893242182197,1.0392969279915483,-0.6074051273410939,-0.9396983924352983,-1.379486388466959,-0.5565949730001052,-1.4399033812152724,1,-0.1029518808376364,-0.03997318198105848,0.6734596720694938
2.1138927574939386,0.26738110133506365,-1.500102005725531,0.548318287282911,-0.66582225297387,0.02607526238457848,-1.1820617137698728,-0.21624078256743684,0.2954645738316589,-0.2989773234358665,0,-0.009731683973407429,10.142024241660536,0.7157050383824832
0.8995215537370919,1.030233547584607,1.5247630009479591,-1.379939142713818,0.23584536782843063,1.5582204982575212,-0.534893912659223,1.1782894586442796,0.16803044067069972,-0.8878757543672626,0,1.2032790591427744,2.2213297470571587,0.4836668141613376
-0.5259234917609243,0.22957897800601942,-0.5600870751599482,1.1153888162761019,0.6987654558281747,-0.3859596579615022,-1.3452041695049934,0.09307752010607245,1.8663095841848725,1.0885943619661163,0,0.7440983752112033,2.241807146345835,0.4066693861582612
1.008362844625478,0.7845689860607243,1.7703985353410099,0.2614156105581516,1.9260066569450016,0.21986191761010657,-0.29577343315761406,1.5397396178822835,0.08513363021062939,0.3574098017048176,1,7.81746274564809,4.306856818031272,0.5279450802209361
0.2971996972446391,0.6940892433783906,0.09579896388414921,-1.1425065192058863,0.7370798268284176,0.2986691218613904,-0.31718340709435794,-0.8052941705595111,0.6904770327546782,-0.9226526752741078,0,0.37994635654548314,3.395563047892384,0.4505509768869252
-0.5889822134424375,-1.949201814807591,-0.2967138571212266,0.938196148116969,0.010389386028327036,-1.051148299981231,1.665816719517062,0.5324008624001337,-0.7374070013726053,0.32069216279916596,1,0.942452769618765,0.9521684362426521,0.6637632033384484
-0.25707060573875273,-1.8496246889166237,0.5206151628653898,-0.6074115243734322,1.7078191753967666,1.2496282801546097,-0.989304566722181,-1.455624708749471,-0.4098782477665254,0.800616677844244,0,0.7538102235129898,1.9109154790422678,0.6891775414950602
0.6612370676142613,1.66170391921309,0.1463082599463294,-1.440363396308776,-0.3376059235875509,-1.264824132300065,1.032684643903098,0.5207559371739547,-0.5881254669033542,-0.1018670334388868,0,-1.699233116598634,-0.24710096583586183,0.3774858144370296
1.362658132069611,1.3582184642179809,-0.20248238127079365,-0.4268898418420235,0.9937130411158871,-0.6454310309041641,-0.8925521656627774,0.23936882401990264,-0.1257452852701927,-0.45876599343294977,1,1.8356705380741016,1.6504890094775129,0.5005549582535666
1.7125903731765546,-0.12380158609948726,-0.24459916023971756,-0.3333059597167786,0.13242086476814108,-0.2747716416659285,0.03245935695520994,-1.6687102385415904,-1.1582664777448572,1.5200358333365718,1,4.021289649761624,4.595296146479699,0.714674381562232
1.0565212703690152,1.1568889229950128,-0.12484182886755416,-1.214386864684249,0.9649543803663044,0.8778125605301663,-0.8151750276115173,2.770650413858067,0.5867376773051846,0.8288284574397325,1,1.5876761719073498,1.6934325047096337,0.48745667575407925
-1.1765361300101589,2.0778784734944633,0.1539765912490184,0.5737169081854521,-0.09555256004434502,0.4610527511210409,-1.4174361939735165,0.8751130863313018,0.45349998567254657,-1.5631050057568079,0,-0.350657525346314,0.9139170368011531,0.1642132921380626
1.1178489421301228,-0.005726553068569647,1.5183937256228004,-0.7335334748923189,-1.7408124995008702,0.2680429837441516,0.4609809427126651,1.953340854994779,-0.6260982101967875,0.46100972909194265,0,-0.1105913044308964,3.0132947935619137,0.6368660895876472
1.0635000872272007,0.24028395566059818,0.22368693734856565,-1.3465335947315922,0.9611919549890707,-0.023651548260339748,2.305166335177653,1.2402393342358915,-0.4900409062157994,-0.6010953344332304,0,0.13527655282523587,4.609484056814333,0.6014734001052439
-1.281285733926678,-0.0187686173664853,1.0372639451393217,0.4960953596748388,1.2659088077512821,-0.5952164261427371,1.1374121333849432,-0.05732279731227551,1.27269634425031,-1.5071351348959496,0,1.5190269121234843,0.1303570724506852,0.34722521833361036
-0.6902468318498546,-0.6888721245412005,0.7934366652358247,-1.5882588409323632,-0.11497799284538032,1.1542357718685223,0.7250141490325712,0.03491577541462695,1.513333180220638,0.43078362985927293,0,-0.006306431045910221,-1.5712152763020484,0.4998281615931838
0.2752953244639534,-0.2737577545092867,1.8108876601049244,1.6116262376382091,0.36724750708162057,0.3755028231864693,0.2086330315712863,0.06261415182840632,-0.1378977421975902,0.5261399150362351,0,3.2679605684967807,-0.5777445299156367,0.5682038245285299
-0.7315634765863988,-0.7808069754941162,-0.8420898738132927,0.8946164646592094,-1.9497944937088538,1.7499698254793865,-0.5985557134486384,-1.2140232086215723,-0.04539884741713022,-1.0621869367904584,1,-1.020788680295141,-1.1075152428292987,0.506155126414469
-0.6275289768361801,-0.47026806207607685,-0.0895115484232501,-2.077574429766259,0.4171860820145636,-0.6132192810965921,-1.9447226854556097,0.09735131660359497,1.8434234826343465,-1.744945740897292,1,-3.7316640708745186,-1.9551926852724173,0.48035250757124404
-0.2036800048531314,0.0971965876295619,1.329421205205758,-1.074957160780075,1.0060621648601347,-0.7410145332582574,0.8098382698615083,1.0762189115844067,-0.40554524231986255,-1.2435922871376832,1,2.052530040309671,1.5672958379803417,0.4624611964352644
0.3070968383632416,0.1276011299050779,-1.1808082042599897,0.36323603563444085,-0.0703844509693601,-0.05426660884093182,0.09467969841780366,-0.02407297498462823,-0.5574985906320514,0.6042612496532112,1,3.2137764856316036,2.335023183225193,0.5224219154694106
-1.04776015656747,1.948520557817264,-2.7412196595819784,0.8055726469719708,0.8684198988976977,-0.3076232306867069,-1.1937597059336968,0.06953744875166164,-0.9616848176968126,-0.3213372003433166,1,1.1955082812597184,-0.051835920073747654,0.18270304675139215
-0.8893451790012477,0.98194109946547,-0.07235458411093545,1.1574755385949118,-0.04916653538941217,-1.7689209395430137,0.16801232575668595,1.393398281175813,-0.12673210762912762,-1.2297054045107676,1,1.3039245293094186,0.5526829448753545,0.28178124766284135
-0.3375595378162565,-1.1274538664752012,0.944682835541608,-1.1445729122890198,-0.9950998346946196,-0.0662222432036711,1.2604696636078543,-0.9594279402256995,-0.22397658208087706,-0.4580883839669535,0,-1.0639897915496013,1.6879950502258048,0.5974730589663871
-0.36641042328051426,-2.1829801520937617,-1.3765738509807943,-0.8181402410399536,0.28970680139016225,-0.5728146378984611,-1.5592620464682547,-0.34714862969050436,0.31358315570186923,1.5625908848796115,1,-1.5193803365006666,-0.666052149313609,0.712649064781085
0.3285564841955228,-0.98813738039501,0.0037671170147674923,-0.29121090499604124,-1.4371653023892539,0.03558391598378712,1.4075059334840654,1.3014417442230182,-2.7230512123226,-0.17416881704472187,0,-1.4050706223064804,1.295814461016011,0.6588889520189447
-0.4369393998094291,-0.27302387899263014,0.09218488240973201,-1.3286291369459649,-0.280113470172979,-0.26395560844627947,1.7918018768656743,-1.286206657582003,0.07622712370744067,-1.8168895491583412,1,-2.395923333876011,-1.2448880612017565,0.4795220212905462
1.3264927954695254,-0.39638305606065444,0.20390652744977197,-0.3257583742046623,-1.3909841599263852,0.22828033473481704,0.300930372018081,-0.953040365415344,0.11488912199188604,-0.14740144890749388,0,-0.7460727242741407,1.3990961107040838,0.7029609906737813
1.5780843679544272,0.910316051098868,0.8057618858122031,0.23164771284365296,0.0841324413749987,-0.5460753754055956,-0.9545638620652884,0.9901294612964189,-1.1299161456279618,-0.1041785846495527,1,6.39580168139989,5.540758128138898,0.582704151203691
-1.2515355352071658,-0.3000568884808539,-0.4847021403246162,0.6120467614402338,-1.1850494841979633,-2.591967693410633,0.37417463871115864,0.9845074940212296,-0.591298667820565,0.073651360656532,1,-1.4204818293538384,-1.7367398804676655,0.38325872544860334
-0.2564720100493148,-0.3719559990474221,0.5947882689764992,0.5086925641142346,0.693653350588249,-0.006418673149579706,0.1665112529938395,0.03399762586016582,0.3370178955700687,-0.15993448893918238,0,1.4801111069185864,-1.5266676922501268,0.5144314891329542
-1.360900144059958,0.12926218617297155,0.2861607410661814,0.19781193447668616,1.1427343475138176,0.6521486875240878,0.8496051688999477,-1.1337798912909725,0.6503183788113647,-0.1602618357286018,1,2.4387245822429096,1.2439787306744003,0.3218940336114887
-0.9416906866483438,1.0386446318151736,-1.4324791029747934,-1.62050274890365,-0.2795268633210962,2.7179687896432014,0.17165266173025281,0.9634281921147781,0.13126986936722512,-0.8343285137270007,0,-1.457132864639882,0.0871987862478193,0.27087896308516274
0.8355305022255838,-1.1624237411515328,0.5164637440915103,-2.131985850580204,-1.1299644435122564,1.6395318208192353,1.6334544889905884,-0.9265217997405771,0.7344923408567381,0.9689390154566417,1,1.5134668428129736,3.5270675814274473,0.7308574210227042
0.5608926097187118,-0.06340637477925774,-1.9406901252959041,1.655023987828919,-0.6770224716787435,0.9493917525411051,1.0774421220419799,-0.34015011084891306,0.30313644000230705,0.17015043371220517,0,1.999825580432372,1.2575301788693303,0.5774098409112447
-0.9042028428578651,-0.04516136012305049,0.39252343469939877,1.450199650468431,1.529390679125557,-1.1377191544950613,1.0349261315889535,-2.0667968734270072,-0.2637358688263067,-1.1908325782161024,0,2.4348499982827114,0.05135678636485935,0.3942407799094056
0.9444658512292873,0.483842752979919,-1.6062445485643881,-0.8019894404865998,0.16376855610874588,-0.09537774514539465,-0.3386186375664827,-0.2817224770549505,-1.5714578812886735,1.4373501305278298,1,4.793226257016893,5.068219514803849,0.5573247194629823
1.103647604237574,0.7788233311597091,-0.0038668324795323953,0.33201107304355365,1.3987214830908856,-0.5533343905271486,-0.1441326492782931,-1.98830885069415,0.15397440598096448,0.03908124832672444,0,0.0026178767288669302,4.615813837886009,0.5405140177040373
-0.4876498666064531,0.5601181581149076,0.3301017576324054,1.3359044919805718,-1.0424756346052597,-0.560665755600289,0.8037111372603122,-0.14877340308675646,-0.03769133237912231,2.2997878677016206,1,4.663206053265494,3.0696119066537664,0.37194447112786844
-1.2436948753456574,-0.09020993076679648,-0.7619051241599908,0.9789494873634652,-0.59346735896703,0.3439651263171348,0.7408716445501452,0.7402940571887672,0.24789935353285408,-0.03855179522189155,0,1.326894411704572,-0.41074398596517075,0.35968249468823915
-0.7850241202946554,-0.018391030981022852,0.1766979571521059,0.5133517447056294,-0.14691324646130197,1.814622645005906,-0.16021687079325414,1.1702977683500069,2.5542305959730847,1.80666395041024,0,0.6114784375847505,0.31174623029534954,0.4053272365167812
0.7347256077335219,-0.2829973617640995,1.3274343227260401,-1.053404349751613,-0.830249575510957,0.3948393658358077,0.3058625493398016,0.21548050758671483,0.9696388426946545,-0.4515236764623434,1,-0.012130036471770564,0.143706606012711,0.6245395420154429
1.4233309599086685,0.695077405263461,-0.5068516690750575,1.2256834786361677,1.0629458286295934,0.33892260365560906,-1.1306280873229815,-1.4417493946802282,0.038091237818590584,-1.329871139330941,0,1.544937206381484,6.195948664037722,0.5900390421221053
1.5555014967584355,2.164918243760529,-0.7517056667124621,1.7496614986694112,0.28828026798227196,-0.07357320105420702,1.3302491845568554,0.846215887936541,-0.43430363259031773,0.5471318676146019,0,2.243219555629196,5.975550622746028,0.42440688756449096
0.8302825191741249,2.3751427219699908,0.5828026153197725,0.40723142655543426,0.8950951443512642,-0.620880884692897,0.7391259345022304,-0.9923469554403453,2.384405443674819,0.2677281282328204,1,5.641477036734925,4.604094300938833,0.31595366112472933
-0.04093773575992904,1.896390738077086,-0.755164088932039,-0.634463878799498,-0.18191617155587164,-0.4472888948123363,1.6693421741488148,-1.0452852520395337,0.43323179976745524,-0.8961000481142262,1,-0.8687680459259783,0.16043697644200283,0.27514682817244285
-1.4373661098633614,-2.1829845407519475,1.077449520105502,-0.9969053064836157,-0.6064470509185035,0.3617147187000762,0.749315904359267,-0.9093726188298484,0.5563678307115357,1.6392260173785076,1,-1.990744540388042,-1.1217466846598143,0.5921376091182505
0.2596368488297837,-0.6619831052038309,-1.2645677447232415,0.15490362978919295,-0.007816429140665805,0.9019877209607764,0.5017135448333941,-0.5646291503437657,-1.4520218944788883,-1.4000467310047422,1,-1.1867830936038375,-0.8867615973646319,0.6132063076038322
0.11668355428087494,-0.04707500077625977,0.02597000046894436,-0.5883910836469481,0.6426092174136828,0.4964120813335705,1.544831005368683,0.23745050685355093,0.04859734032816257,0.43707854089509524,1,0.23837627499130631,0.7553838487005975,0.5204583908696331
-0.3746571045300473,0.9126792365524483,0.29109103922112556,0.38440572770771586,0.9931931988008381,1.666191085337538,0.19830236877924065,-0.32456293996292146,0.48640749510815723,-0.5792628282805955,0,0.9760020333098984,1.3647711366791229,0.3444178157947374
-0.4432135938397838,1.6894968852322927,-0.14857392404760916,-1.026564541142677,-0.33887517732966305,-0.6567144455512416,-0.36771133866589406,-1.6616601803540045,-0.19007537325232038,-0.6249186932719343,0,-1.3584956939378776,-1.4279498270600164,0.25609683453914106
1.2316372885293434,1.0216682195392564,-0.5274880413441704,-1.4914686772379413,-0.6730837831762091,0.9215904822598585,-0.15242799877186217,-1.2642996410875726,0.010649177103085428,1.0289547455984531,1,1.7095622862009001,3.2567852696870743,0.5262220536314142
-0.3520190119012723,-0.5447791738178354,-0.6550722836132986,-0.3125788066573274,0.1946856599574389,1.309578569153361,0.2368377420144488,0.813973468655184,0.2565926889892263,-0.929040021950362,1,-2.119008574501824,-1.772036171392186,0.5240763857546306
1.3492291349568994,-0.8756020141460558,-0.610460400259535,0.6827083599640356,0.4273362218858294,-1.035990203722827,-1.3221884527827477,0.9274343416257987,1.019269691094365,0.11217082739623233,1,3.516708911019519,2.902114544181801,0.752579174880208
-0.98207623708927,0.009303758782516864,1.307601206106843,0.318049855100291,-0.6389084379373492,0.7920243406440928,1.951107150757237,2.125076050015774,0.5268216881455584,-0.051676019442969026,0,0.6918673289249814,0.4475938191357178,0.3785540685864328
-1.4922869318996295,-0.7397506887638905,1.2822121779109765,0.7834191630476641,0.17842258342774106,-0.8288876737488102,0.7580346702087879,0.6114230654201268,0.5142354168877645,-0.7553870882568875,0,1.7143484336926829,-1.5989035789127661,0.4070272951512666
-0.676186427659631,-1.3000924148145676,-2.200896280427632,-0.5344706437665101,0.22143575918564684,-0.4689263309669714,1.121529773723788,-1.290278995774548,1.3177794463935644,0.8350217006867736,1,2.0466855951197807,2.5315217310359635,0.5773618929899286
-1.2482303347505386,2.581187722389844,-0.22839797269024334,-1.0068953775720328,-0.9639428780932281,-0.47818041220045293,-0.36173447433912204,-0.5824446588701933,0.29215691014615447,1.2435970965283378,1,1.6176353334344147,2.706133448434282,0.1284527409712828
-0.6690059942468779,0.2698092515569876,1.0838864128413825,-0.5116501164693443,-0.7011790730645674,0.17055847572693345,-3.2014039604012625,-0.06607721617552761,2.032062037672565,-0.4433404096017568,1,1.7438533327033414,2.3865040750631534,0.38475646090326876
1.6592073788235375,0.4091952535039607,-0.22750114628481927,0.2305667393603595,0.4455108951467761,-0.6343894149477297,-1.4603870597458217,-0.27220882465256413,-0.699538953046717,0.6141396775830588,1,7.218179506716693,7.654107045301478,0.6513562414445387
0.6801492008745067,-0.44311705865776563,0.523759591485834,0.42136682549570786,-2.2388329406100587,0.9672648686869144,-1.3685241534860126,-0.23258087439104402,1.6047477292564907,0.8351586833909154,1,-0.09294780460857588,-0.48601539431193186,0.6368303307244203
-1.3291520486793018,0.06882839023059366,0.04375658875196527,0.2730833561186063,-1.36801986513238,2.1868972808861256,0.43809863362118695,0.12856782696976243,0.9475909522363302,-0.1860352376396954,0,0.3249337210897021,0.8010758574169589,0.3320361471876839
0.6211717968832645,-0.7442822222033135,-0.6568522063621265,0.5541069947670894,0.006833247656622476,-0.04521252291551652,0.36867970179856185,-1.1690303771607826,-2.6107931937462525,-0.2659061574242492,1,0.19672029853462308,0.06187327978629442,0.6643470656560176
-1.3655573425948035,0.35746553216735794,1.1071591655381248,-0.1922250377806935,-1.4151482965499753,-0.12807861575679352,-0.8540175993612596,1.1444751867278984,0.006276407746373341,1.2042070418624953,0,0.07390913649008604,2.508758977867778,0.2970236598272763
-0.8175427974338904,-0.021593243447846012,-0.7597730781029184,0.48779681203796216,-0.29643667140738245,-0.7210845681439982,-1.4143520129421556,0.8391169882228098,0.6198299317585807,-0.5577682059053855,1,0.5530463275710663,0.2720523220893276,0.40179901858095685
-0.7500413945290484,0.485021877001455,1.2558452499071584,-3.5814739447659694,1.1318757207374994,0.31669639199713356,0.4962350880473373,-0.4351780880879985,-0.9990532577583952,0.31019978983810254,0,-1.864500162471579,2.969579775165872,0.3503430502868321
-1.6477311842432159,1.3061296954695576,0.4915977769844669,-1.0246183978647505,0.5905991634191603,-1.497472622693803,0.6239132044514656,0.7804859168185538,0.05067240209764557,0.5815817770924526,0,0.08106469537140643,-1.857977068149307,0.18589150597353188
-0.978059470603993,-2.521361406151055,0.7227541020301694,1.009590901704605,1.2606755635605909,-0.164355122132595,-1.0243760784297857,-2.4324244577389504,3.3117345914046408,0.6798137964341282,1,0.14764602950165584,-2.118332509312756,0.683877922963403
0.41232348060949336,-0.6577067572734892,0.20455193465679042,0.19505181739218805,-0.4131881339483479,0.341001830440302,0.006704988752876481,1.5986540555854394,-1.657628398941076,-0.41577288654842487,0,-0.19510538357993182,-0.6890637601360354,0.6306520473137154
0.08078646089192161,0.06390986841772148,-2.738581760582644,-0.1998385891872724,0.5314889277456796,-2.7722535440827394,1.3083204169675113,0.6931938601406122,2.2457363103391037,-0.9225169148793281,1,1.0759730943300494,1.5827206656251385,0.5021095615417066
-0.8855038042330674,-1.1936470534300632,-0.3449028434328899,-0.359252475684713,-2.0357663763975236,-1.016750885845927,0.7808354542205371,-0.7864359527264295,1.5857263370002415,-1.4899732990995813,0,-1.586630526843448,1.8413127965523453,0.5384418915402251
0.6269423198056944,-0.8367025867713974,0.2626066148433774,0.0545768816876741,0.5422550268257305,-2.052874336606083,0.6584818878304736,0.09670237455531122,-0.035402303024590374,1.3693471105370434,1,1.5143290074937736,0.6448646219125467,0.6752050699360763
1.5667255656488965,1.5551011693710923,-1.3759196384705321,1.0082124505749215,-0.404086797132314,-1.220724647744149,-0.15205989573506087,-1.3244697510750645,-0.22549973270095722,0.7293755182193673,1,3.5397890015427733,2.3282983007996436,0.5014530454442054
-0.4687365735636279,0.3275843513456437,1.3469791682399164,0.35449751647179856,1.846091073095568,0.4034736969106556,-1.2730237364022556,-0.6067125938870142,-0.033317996979113494,0.24663686195934198,1,5.48117000561509,2.767927838687825,0.4017543886747476
0.9759121811907195,-1.012567461503014,-0.2577350502750464,0.3377369722211926,0.33806410025824774,1.8392908086858888,-1.735843692349376,0.6190909160009876,0.301578208278593,0.291636890677045,1,3.349826260150788,2.7522656292722782,0.7299245525856035
1.5987849296675885,-0.6096853856051335,-1.3777954977799352,-1.5216858642775062,-0.5429283794830784,0.2826086498951979,0.04370135741897974,1.6608853938815895,-1.2503924142710257,0.05705898143654386,1,0.14330035730584756,2.5939800100179067,0.7510528052112623
-0.898084679884988,-0.804424868475376,0.5100223339116414,0.9670588310179935,-0.044927255343006414,-0.7613405338242503,-1.1282596995982028,-0.29036016228016276,-0.18649021383368672,0.810140092499833,1,0.9532809831419323,-1.033857306151675,0.48829466268509253
-1.276903563406811,1.867454674119352,2.8357204489470362,0.1755776232685219,0.21851462759561255,0.23662155853739075,0.582086876977542,-0.8607665861945065,0.16029894530704622,-0.15002197566962786,0,3.270805205756462,-0.7322850087250032,0.17190596298146343
-0.4246591953835325,0.993339907212061,-0.8026864152338598,0.9576154106436326,0.41213343136239133,1.0344836282557655,-0.10543423908576476,-0.42081699102666886,-0.06210144048949448,0.976653999781913,0,1.347274002779631,0.7062970607599945,0.32981994045685703
1.46265466654491,0.8559626814666772,-2.0980406415911865,1.1194044875975464,0.036167604502843724,0.036771503394089564,-2.4159587947335686,-0.698281471524012,0.6776592817605933,-1.0940731963747272,1,5.756549663579349,5.410458625044111,0.575260268046927
-2.5530859243005337,-0.08508748059771203,-1.0525449485170808,0.5158028966091578,0.9335714279166009,0.13046966361349754,-0.2629716494670155,-0.5961452177749341,0.0853483031278357,-0.7662962932205779,0,1.7630837278747835,-0.5825042361379523,0.22548223495980246
0.14726646136780325,1.0458709230669911,-0.18635727584311337,0.1882554188681363,0.4838738387635837,-0.5448201465933514,0.054834687367035694,-0.7112966693836476,-0.8666514549458444,0.6558575334127036,0,0.2788014210361186,0.7996389343952761,0.3895266797201471
-1.1427704155122096,-0.026356038546693432,-0.29256098767708255,-0.8190472827982167,0.3481710876896944,-1.5176526357670643,-1.1142851847512465,-0.9181477553829744,-1.243642327509305,-0.5984234682056228,0,-0.9257520548428433,0.11217081862720985,0.3639623831029824
0.031804800161997396,-0.04096162110742106,0.13460146900893827,-0.35770114180622975,0.0035113650059724983,1.2937749526476277,-1.884539365861064,0.26775370074808347,-0.2515343042404571,-0.40240858959962755,1,0.8049784205501234,0.711491334671047,0.5090947994198324
-0.858321646450146,-2.0162439980606517,-0.023755732918245887,-1.2533502965896983,0.6866046404082015,-0.842483039839527,-0.6610620575790166,-0.4158539754713836,0.5324771377926795,0.709261598030571,1,-1.682750982654466,0.29634820002650103,0.6408283378886425
0.6325520661017091,-0.6140860992406344,0.66864395812119,-1.4406394830470428,0.5843518586117078,0.3639536371120216,0.5238906336120932,-0.8044748069242436,-0.2242067532903354,1.2632560318682722,1,-1.2795589333573558,-0.45872910699446257,0.6509730452332896
-1.5623340580691756,0.2064607086275499,-0.4328558134089007,-0.15549674781075826,0.28985988822079967,-1.0943316960872633,0.536810555170467,-1.0826760274928535,-0.2505978958298685,-1.664905532550154,0,0.20848031768691597,1.7198551848495767,0.29226736250740865
-0.01544352818860293,-1.3375898590924495,0.358417744876085,1.9580694789351878,-0.40819825752146627,-0.9718925947919672,-0.34849587130540405,0.23570641663609115,-1.210124586855785,-0.18612758081752936,0,2.4777817249527674,3.166259887583911,0.6595014189656083
1.919534925144428,0.6074836511640329,-0.9808201923345478,0.1457483365994029,-0.3301723843437412,-0.5910012610358938,-0.9423816792405721,1.8653565076561063,-2.4160537914647864,0.8886938865168942,1,9.467860348257052,9.17660990245945,0.6583670386534115
-0.5215155965955971,1.4139064292087975,-1.2773411781957642,0.5347352899761054,1.0547124277478832,0.0962719725782921,0.2881808457377792,-0.8500005099318967,-0.6431047271183872,-0.38329669362303537,0,1.1610571847021292,-1.8154927673599963,0.27533698091428166
0.2607281596355242,-1.3912392369026498,-1.9304135428271567,-0.8821385264467445,0.5085234408034933,-0.7080120217959064,-0.6068959419362634,0.3464104497051304,0.004720052325374053,0.21056891809272724,1,1.997382906102363,3.6533558079964767,0.6955050348401377
0.4268413569806273,-0.40139663063632064,-1.19586812843292,-1.5391983638580031,-1.6623485423467272,0.674079957799862,-1.652091388866517,0.706091257684772,-0.5423753331201235,0.4094205280754432,0,-2.9026439524435297,-0.8485984988695394,0.6020751238291907
0.49080985219319706,-0.15313075245501298,0.380914543550103,0.2946721653875482,1.0708481201157989,-1.384557846896822,0.17426894407295282,-0.515209831167426,-0.6101571065377178,-0.5283018235547621,1,2.091429012288059,0.47680884575288496,0.5798043547317282
1.2742889011134253,-1.4022058307045941,-0.17140893997274476,-0.6735196333936562,0.8508404095749232,-1.0067607598998929,-0.2784679082358307,0.9309030223009878,0.9467724529110824,-0.17421890370596946,1,6.658615080815472,5.959095243727721,0.7922015736537507
-0.003203151292021889,0.6150135801711502,-0.09830697838893224,-0.7876810835489598,-1.4529481515698612,0.18214503844219682,-1.125066766469587,0.2364529807872859,-1.0693731128619823,0.21129200763949138,0,-2.040586929464451,3.335374347203823,0.42333239158517094
-0.6062761477433282,-0.7385090640049952,2.043196419223595,-0.3035807774941675,1.324854926453383,-1.785547461099928,-0.7534178706474471,1.2007939723685426,-0.5503021381192833,0.6257097435624431,1,1.0278045561523215,-1.2850394474203366,0.5165230959019662
-1.716381959083276,-0.0862074340651499,-0.5262847635755152,0.4844223841614962,-1.0132568450668047,-0.9518241805116,0.5011641030573825,-0.04423989157211557,1.1105834988039187,-1.2239387656563656,0,0.5927170440665773,-0.48910972408075504,0.306807491662675
0.4902704791502692,-0.27953553960768907,-1.6236813493233155,0.005024608174503817,-0.8742928753408464,-0.3405203922223681,-1.8922810942220172,-1.36009744350419,0.9679565911569656,0.5890751164083836,1,0.00612456196299227,-0.29119803432439473,0.595055102782461
-0.8020380432216502,0.4341385403601554,-1.2010625016290315,-1.1999545704124401,-0.5136771808118755,-0.3175727771613905,-1.3338898156809726,-0.3484767098686808,0.8062267663139402,1.0189710086768848,1,1.7428443283382054,2.8950901716488846,0.35021636437535353
-0.8954065875415804,-0.4635831697790122,-1.3268699054363953,-0.2275340321343282,-2.1560246031987873,0.4568680870338019,0.24144309472237233,0.042332097718859284,0.5347369273665582,-1.3184114339235922,1,-3.2033524841029095,-2.075215182299924,0.4462307944660101
0.958400899082923,0.46015910759153117,-0.4527822038245145,1.1069340847902716,0.27886456130520276,0.10872897732974454,-0.09884934741975793,0.31196527382798267,0.7329019483345903,-2.1267670771422935,0,0.466619392916667,5.087966507992698,0.5619601115527101
-1.3570756685252257,-0.012268395340858593,-0.07257227959162371,-1.0711536191184576,0.4269196482581862,-1.877166601593989,0.8628135628101227,0.733224755642719,-0.6574331373597208,-0.1576141378284971,0,-0.25874877270060925,0.16108053942180942,0.3379588354622118
-0.5937572344549139,-0.3705841603356067,0.6749312961761629,0.527088529155431,-0.008183128349055728,-1.8949603326269968,1.7234557644075357,0.3771137178539186,-0.34390939035369855,1.4997317206444387,0,0.8472992907184494,-1.7439563529674342,0.4721322761112822
-0.9915795000479307,-0.9436752696303982,1.6089888826747756,0.3182866108840401,0.05893848773208638,0.3806942518732359,0.5486971136752185,-0.5013016660826334,-1.416095208156051,1.255774973298196,1,1.9732209954573214,-0.06907822925442048,0.49401225746097016
0.254172277795633,0.8339256052254368,-0.9192030647018832,0.342033274303255,-1.9378225282572696,-0.8060203626619339,-0.1672139423720015,-0.09519762922791927,1.3094298122755699,-1.4419969931524124,0,-0.6082001949484438,2.5353632736473144,0.4280340621012185
-0.11725418350336883,0.26042864043310304,1.022412028637221,-1.7789187239283513,0.5275700383223068,0.5100566505318345,-2.228815717154028,1.0523502538366982,1.6614267878165128,-0.5321289391807359,0,-1.1847130843179423,2.714083570682045,0.4529294461670242
1.6997478394990233,0.1942254296503348,-2.0843137120008697,-0.307090521287943,0.6545827346012358,0.32226241404120637,1.1728560161078847,-0.11610971859585821,-1.7731790925650075,1.239670491605539,1,6.873891507992038,6.905098949287948,0.6797800540033209
-0.3321326600722787,2.1757060916801696,0.09791643264643893,0.6059236248271516,-1.1502360310425608,-2.432387975662877,0.16500746697133917,0.14136608823553096,-0.1910166302643021,0.041300125741714926,0,-0.7708598799932731,2.028363769176431,0.22202241354724334
0.5128592241476895,0.06296748360172781,1.4064550663103474,0.2585615457654434,1.2809105830573582,1.061966891443671,1.5844442448440135,0.25113692681457256,1.4111349080211315,-0.005020992910619069,1,3.7776919850632904,2.1613857857150887,0.5560005279073988
-0.3689383507898634,-1.0467287164653072,-0.9113410774184593,-1.8596417720551277,1.9801356410350262,0.5844881705716317,1.7652304431749475,-0.5236753383752161,-1.282614029830369,0.08490346466453372,1,0.4305165091168136,1.0571577120381057,0.5839221246998672
-0.31099970628987167,1.1240205783297896,-0.21565919308014858,-0.31921659868211316,2.3253711556496963,-1.8181399486595695,-0.28623119722522683,0.6860956343019642,-0.5193095927664811,-0.5000975191645529,0,0.16321399846709372,-0.2168831584111771,0.3279415020225957
1.2885638777170751,2.1547231024522553,1.0180771175846408,-0.6605783236456733,1.7634548834288724,0.7585448704691484,0.5824647933217769,-1.60703466765208,-0.3907609210957845,1.1443202927671343,0,1.6824206603586014,4.795475299968376,0.39339118884516405
-0.3229200074423199,0.5011601939454942,0.1359318529481673,0.39701365165898317,-0.26698677118982383,0.9830338457248573,1.7402300369481576,-1.5642496861515411,-0.2797497699308937,0.7429570900450269,1,2.95050644024112,3.224015162996805,0.3984230443076684
1.280293343166765,-0.7483944649337465,0.1744864940649012,-2.344412360754799,-0.46606102456058834,2.029874815942498,-0.007948951400459396,-1.953852554647446,0.902891491128293,-0.09488623200988038,1,0.10919574248182728,1.8210339965168736,0.7338693972965171
0.5458106742209916,0.39402785421255226,0.22672460759075144,-0.8109350888995326,-1.6222560636422423,0.08843401102534836,0.9066155687056043,-0.8175043643000267,-0.7704851195521997,0.4780318999316794,0,-0.1440949060753678,4.088736235831604,0.5189637515543857
1.8970403765802126,1.741456613278997,-1.0592627796953096,0.629529960865034,0.1787235453271681,0.44470883126545024,-0.08656250532863974,-0.495634911706822,1.165948103461423,-0.9274162019627216,0,1.0387483626045266,4.851564816442185,0.5194381687701866
0.3077004105861201,1.6719422021973203,-0.005634419241789076,0.6032958926372455,1.2405030779795134,-0.8463441723303254,-1.048497091322235,-0.8920037318731213,2.0495770996154845,-0.3805045623505157,0,0.9508767642883414,-0.7837567329223114,0.33578810513244406
0.08224920682913023,-0.5974096256875395,-0.7846490611357924,-0.41676734720633346,1.1686692659630125,0.3227062763130717,0.5200869763675934,-0.42218799363626186,0.7339974537673938,0.3930319571415457,1,-1.8404293720263805,-1.2981230192818016,0.5841490855100792
-1.3382727367702236,0.4680878237857742,-1.0369898082400297,0.9471502037502944,-0.007852964353213244,-0.9042041548491856,0.5050905393644679,-0.9420742287940977,0.3752263687978427,-1.5432997528102288,1,3.0714612166285793,2.7497450097167957,0.288397387508301
0.2617744194514826,0.46110897817197843,-0.9799697533621287,-0.9929024987639232,-0.8970769303249568,-1.171230415167232,0.09401506270420593,-0.5329098293695325,-0.8847003651658577,0.16752744107618656,0,-1.7626186113174396,3.7805967650653374,0.4751037857655246
-1.3847336320952206,0.26157023352836234,1.2753438160517794,2.3209564699239125,-0.8765880726434685,-0.8828736224406897,-1.343803445180431,1.6797682897524038,1.8051748809306956,1.668022036086841,0,3.21924714880085,2.0812320826727935,0.3050950019597647
-0.6431305557976486,1.7328091418925378,-0.2436886559107836,-1.7658716147511593,-1.7932285557930927,0.5153227714123647,-1.4653126009151392,0.8554996362034138,1.0281665673979734,1.814466291881073,0,-2.33882663007339,-1.3349700604005288,0.23362222329522556
-0.4605302513221137,-0.9102693200829461,-0.7809900143562014,-0.10711762305049247,-0.6578851464706811,-0.16451436541051015,1.1379480390764711,-0.19205550423108148,-0.8841246339538159,0.03389614787610607,0,-0.7822288953236527,-0.06449727363556645,0.5559816832475813
-1.2038746080265077,-0.027718023401471902,1.3080098531174522,-0.697397476948999,-0.8534058755721666,-0.1833780529194115,2.1205677464078265,-0.032469503277257505,-1.242326691657605,0.5899693696101097,1,0.39808421872220395,0.0826076312122781,0.35707590465984734
0.6038684474185401,1.459697146722185,0.30479559045375115,-1.2199403538776714,-1.3327400740069237,-0.3537522036561207,1.2662299100720142,-0.8539848106465058,0.3980329584207737,-0.5823084853359991,0,-2.06996825570995,-0.6508062899040814,0.3946244754304713
0.41218812005639816,1.4645930408914183,0.23919160123627511,-0.6235489934045669,0.44263837686861957,2.2099015144542187,-0.4077896793791651,0.3673266296923321,0.9687324179596136,0.9961391491604371,1,-1.038291473639904,-0.9744311264630499,0.3714030385199218
0.7621854199314589,0.379098499875313,1.477032933714188,1.1878133960059944,-0.45266616167793594,0.45193115472245243,0.35234844937741006,-0.38994841544781783,-1.9844061759746647,0.8858800034972145,0,1.6272899335083069,4.464779801583436,0.5477399935389131
-0.4819834833252406,-0.3077727673485534,0.32728830226905353,-0.9027640360669008,0.4549070814231941,1.3899129366932728,0.22232147707679892,1.2017173724746708,-0.6625159684056526,0.5387848618615825,1,-1.8776162767914206,-1.4402613137239517,0.47823741877792836
-0.060528028831442336,-2.0732148942394,1.1492510396095699,-0.041179977303795884,0.4433170128049081,-0.20418046861139633,-0.25295345220926835,-0.2808783296500174,-0.44202458560330227,-0.29785417102716577,0,0.9998794156136082,0.3712958913209099,0.7323039436840706
-0.5880962911944706,-0.6453336659099662,-1.1698101887335752,2.7231112785081693,-0.6553312741948755,0.26705732517328545,-1.2408989360383038,-0.09280554422787264,-0.9387348834442789,-0.6979144223735019,1,-0.08337593193261894,-1.6885312313854812,0.5071541835556267
-0.6981705903762352,0.23978040218301322,-0.6910850548333292,1.582237399636049,0.12730618112561112,-1.891235046528835,0.37489506197570355,1.8724007716209143,0.2924161950954149,0.4999046058047116,0,1.5945538407121607,2.2076046861212895,0.384858758546309
-0.29277328863932156,0.6184662867163385,0.9741943859221802,0.2389808770489536,1.3303491957695774,1.3057593273832517,0.4490134280989483,-0.8326100401203756,-0.5051146451247018,0.2776758373932235,1,4.922224899166993,3.0750398455477113,0.3880254449531864
-0.12485164093082662,-0.8374410759741668,0.861361518932,-0.45700723058324133,-1.0342182044156911,0.5039619040278003,-0.6238687920165069,-0.9546584237479112,0.09561555640069108,2.8130809635768657,1,-0.8378070238125369,-0.33932902496522566,0.5881431946648819
-0.5035597193428354,-0.02292978239356853,-0.3816987042661728,0.03321046622412193,-1.4131464130150033,-0.2723314535240514,1.0324642012056542,-1.3209374992469725,1.4942975617296201,-1.7090943984813043,1,-0.6415764246951237,0.4244410425256946,0.4402087331639758
0.8972923480515681,0.9753252397499313,1.0881037619506946,0.11849538593912917,0.322153046542385,0.7370220981939131,-1.3660459054721226,0.566869992534053,-0.820173376213956,0.007063004891356386,0,1.4647100640888602,2.646553454805521,0.4902471257259127
1.4024557370404762,0.5711871756725998,-0.8306496058839845,1.5833799899764969,-1.2766797990707335,-0.8433598005158897,0.9764737813149614,-0.7257203408498615,0.7105519268323466,0.669001709180303,1,7.287177016335723,6.502911670304539,0.6024381010604212
0.12119617858672475,0.6565118763428498,-0.48608013488065555,-0.6959477861024246,-0.1309271601332008,-0.015672769611756378,-0.9228185923605788,-1.9410037156125817,1.1598972284189473,0.9196405822517866,0,-0.6457953848776385,3.3326792053441014,0.43348217982728804
0.10705729404569526,-0.8083118513819694,2.7019964195056096,1.077722731465537,-1.478217370584511,0.5939038421486519,-0.2823882596496941,1.6898086647736414,0.5642876672546087,-1.1277603664792668,0,3.5264168864009227,-0.30315661389926607,0.6124647489009443
-1.2103182492558144,-1.33616979229833,0.17582842768691803,-1.6567718994755842,-2.7235753369265643,-0.48453432851847456,-1.2167238540416807,-0.36963579225718135,-2.1508119850576892,-0.11799568878509033,0,-2.1944849176230115,2.474218544987305,0.515726254014031
0.011888955772325212,-1.1487054686827587,-1.916374191160121,-0.07959654389041662,1.148555964120956,-2.485625433493825,-0.002016982421801338,-2.612980023547284,0.6136873398065229,-0.6330120746414163,1,3.7042314082655734,2.1378677346529456,0.6411357919967658
-0.040743695229868385,-1.3755538597134223,1.1734081476819653,0.8463967612263569,1.5135060852278137,-1.0720815963149182,0.7813436131032843,4.068096914834083,-1.4769144226537494,-0.12842550229434616,1,5.811279837335259,3.27143517874021,0.6609218704204013
-0.5904746485662473,-1.1555809236298653,0.6176278245501673,0.42087913444899955,-1.7489979776469575,-0.3143952309470041,-1.7986729808592885,-2.3926691637042055,0.6091399899837898,0.8392372887586731,0,0.39112731633010345,1.7279190585759894,0.5701720481579545
-0.6609890432809317,-1.0007820925388344,0.07262924284770143,0.6028526687870919,2.5675018979593784,0.37808523037604985,1.827170919473225,1.4203098811196535,-1.5171198377013566,-1.5728518670575062,0,2.5029150416189263,0.5224829331181844,0.5423722578247513
0.20371042151018381,0.3312229734641748,-1.323716030515221,-0.7205420892294963,-0.422144542769439,-0.5811050137669549,0.8649157506315942,0.26978897514533334,1.114232364976512,-0.33726366160594096,1,2.5292190284895195,3.382671718644604,0.4840663279892495
-0.8948855983579638,0.2946799100178082,1.9316868906627391,1.5196983793668914,0.55805985751242,-1.7236681420310034,-0.7729064585507561,-0.6066027113249183,0.9873893891892803,2.7935522231901477,0,3.7301095441935326,2.406355537406685,0.355538222436951
-0.7857454091784951,-0.4576286314523624,0.7203685352067034,0.6299361927926047,-0.7357073116229665,0.46883826416214897,1.872858223065485,-1.4758249554914682,-0.22805230400755835,-0.08271681935825637,0,1.1769912596789391,-2.02210382180953,0.4590771487098574
1.7194629176573917,0.4276418193352196,-0.4290917128529657,-1.6162261912637743,-0.688868382144338,-0.777853074739381,-1.196270098793702,-0.9517532385331144,0.43548138167214934,-0.06887688742308289,1,5.584226416686169,8.017214651585665,0.6560883234648595
-0.9457973176843638,-0.21734779269268933,0.26180477022375426,-0.8968179762221654,-0.8411045306796062,0.3338497138420742,0.42996347938264545,-0.7369780426467558,-0.06998142586181992,0.7008024390127978,0,-1.0085952900584354,-1.189084961382159,0.40993725616236487
0.47631032882637536,-1.3250948897333887,-0.22304517510339575,-0.5985927745231493,-0.7060200163623972,-0.8064450585626751,-1.5650213148352172,2.2340455042474185,-0.05395655506215612,1.3012767553820053,1,3.7569821243198884,3.742112320501964,0.7110938676449496
0.16534910973062575,-2.643519670336845,0.3983223030177215,2.0553335632410175,-0.009193183019334856,-0.5069948972678612,-0.4574291488904064,-0.24695224806398153,1.4180950084768174,-0.5128242258530865,1,1.4859568806719698,-1.070354659446164,0.802886616478742
-1.2244204668127048,0.5044134180750253,1.584540995139621,-1.2472984468503745,2.3955383966803883,-0.4338650567217336,1.4824886627853724,0.2751283892553692,0.8768064339321907,0.3810978180974887,0,1.5901868736725902,2.7936876924599217,0.29641734661039887
-0.12406419480138613,-2.2146123511532356,-2.90777175401474,0.18268581474117584,-0.2246197858097887,0.6098638369227717,-1.7404505951204388,-0.7105283178459816,-0.20877825409619924,1.1295526221724104,1,-1.2114589441001409,-0.6774062597662908,0.7398663603549513
0.9524275782175714,-1.4407413289803945,-0.9659900516327079,0.41811981633201145,0.27653926938419465,0.2689481147970061,1.4810156533637973,0.4717120474799674,0.7868998899227543,0.8919107537537213,1,4.924454231402803,5.048796768804786,0.7679166195908245
-0.40989375003562656,-1.386354496732378,1.9872218006455644,0.22298438265053835,-0.7577390448335788,-0.8568852034566062,0.7626310956709242,-1.6166954159998277,-1.9931454913504278,-1.0209701879223418,0,1.4023410838336898,3.006069992820626,0.6196894650120358
2.269044549485786,0.9064280596676833,1.078312952085164,-0.2949427134400629,0.441685370331507,0.3065566789419209,-0.1571074604779451,-0.050986334163147295,-0.1844851053151734,-0.45628183722277965,1,11.88660197640246,10.394530362541824,0.664030621538494
0.015100872614924607,-0.5602370911419801,-0.24637937715436264,-0.5184611243910737,-0.3649578235844341,0.5518670860779195,0.9854004802930804,-0.25981862975829256,0.4511481715073526,0.26423263753576404,1,-2.2732271336876173,-1.4401530542363314,0.5714253655708811
0.4712217938570664,0.01905713761267661,-0.24255424068866677,-0.37320907077373244,-0.11293965135984431,-0.0015898105459468575,-1.2578342971229048,-0.7373600597102692,-1.5822737095093122,-0.8992784665695754,1,1.785349726748934,1.7515352606229517,0.5562810604867784
0.10698478091525405,0.44763759913270335,-1.833654304520233,0.8101615012511233,0.5351952493747603,2.593322466064393,1.290023844645028,-1.5132030260038734,-0.5294641433309464,2.4503326235635825,0,0.35930123100849676,3.5791676661894387,0.45752104481859385
-2.357675465278208,0.5639970175682536,1.5974819260820567,0.8666691004126365,-0.20727777385728682,0.8356877804020963,0.5237739120822608,-0.2502926515128494,0.6105174907743224,-0.2508631049689867,0,2.066997471521389,2.5442822704318835,0.18833945758768328
1.2141759061527073,0.5029891979816382,-0.5255769478090521,0.8459732543321951,-1.538311881863586,-0.37463502164211243,2.338208553681176,0.16772716696534298,0.5323945642835992,0.31108360373320304,1,5.338796055127093,5.867407535748789,0.5879732923581569
-0.30808647867465744,-0.44651215450488096,-0.6774114001439475,0.7574936230005149,-0.437527198292246,0.692031150292417,1.5001812298018211,0.11861496388492028,-0.1146262928083835,-0.1271343033664072,0,0.20575352951347142,-1.729935656196131,0.5172963053204996
-0.4714753742625792,-0.42201608554707376,0.62731775322609,-1.0053305593724795,0.5714276297798938,-0.8804428379168325,0.07241749214091589,-2.1783645712648108,0.8125425120563994,1.7746846539882861,0,-0.9585213501395722,-1.801266301127781,0.49381790396515535
-0.5746125023946552,-0.29668944346609244,0.45177173074591054,1.62231977363467,0.786543819136095,-1.4107499298489237,-0.014574660365516866,1.2976020755532316,1.6143708971000068,0.25251897431934517,1,0.32999727365690157,-1.4442273828035126,0.4653154138453238
-0.12515176032613595,0.07025432509510034,0.23323413315168692,0.25646059878674965,-0.6371639930966921,-0.6332877488929645,1.5480102231921256,-1.1923568584243238,-0.7001089398998801,1.1637731350035236,1,1.2884931459044655,1.4296702731502284,0.47559365124978714
-0.9120143097809558,-0.5464325272529384,0.018166028344895863,-1.4137165805493026,3.558981300037497,-1.6702512211758076,1.0564818735690529,1.5636725947289911,-0.5973886169837574,-0.259850351196536,1,-1.9869876217800928,-2.0717345676697754,0.45442909311177854
-0.8117782974129286,-0.8522921951630195,0.8629771202437225,-0.7002013073791664,-1.7511845997198734,0.14659764614382512,0.1849387624648327,0.34766078455678096,-1.9143675481378075,2.437229894403705,0,-0.7860303297619318,-0.6748386163607695,0.5050640640525967
0.8697769859058652,-0.9643657753847089,-1.1401287968280112,-0.2993357579046683,1.291993385358581,0.8147003557465458,-0.6860797596216972,0.20941595218182305,1.526852070328777,0.0640903634264278,1,2.8613147517200788,2.107092261352678,0.7144450037071323
-1.537651509212605,-0.6333275636723669,-1.0527491675495864,-0.7497258395087586,0.2797996130768511,1.071834122281199,-0.5692499539852998,0.44881575248323546,0.9998563963287016,-0.14516793318754487,0,-1.288950564877108,-2.068996909794058,0.3888468607794025
-1.7656337975694032,-1.1378393901841926,0.32061779296465204,-0.9496310442866728,-1.5437639646568508,-2.028738702993487,2.0803678760119673,-1.6416542709477526,0.5383279645378339,1.62673804534661,1,0.623867646145489,1.2201477855405596,0.4221637618060956
0.7129229256944336,0.6546402400114811,-0.7283620108173932,-1.1659802255189908,1.0175373369925695,0.10501689921960648,0.4152170365562129,-0.3453362738922646,0.11241310264591413,1.6148036272984652,0,0.012016778755627011,4.250679983230643,0.50728482018438
-1.6644957817022665,1.2479301861112544,0.04628717400494432,1.5326846355848978,0.850090511723933,-0.5492238867152549,1.3731652295438925,1.0949765359270105,-0.20631119612138293,-1.2016242380850006,0,2.0772522212603595,-1.5669486597146831,0.18904722290900963
-0.544341927443214,0.15716233567376686,-0.5165781556055926,1.232624021895641,-0.2967368278475793,2.050429189570349,1.487502271278725,1.4944763526885354,0.43012072620287045,0.8236413476224056,0,1.4359325436766446,1.7650298578975958,0.4132000430291511
0.7149662223874684,-0.6940394478965647,1.1407215238114132,1.1185877736222847,2.319717739992064,0.5077826969425648,0.5050738351554441,0.7715150408997278,-1.9961645884862358,0.4800841775380006,1,3.6751933996233195,-0.005585269223609579,0.6691853515113366
0.3653759341213393,-0.48742448831362567,-0.26206014976296316,-1.5883959135386578,-2.0413181084201297,-0.13694702587312496,1.504010922428376,-0.9963804255300336,0.9522216310705405,-0.1856623890397666,0,-2.6210493153509016,-1.0569935882724169,0.6050137453020059
0.03440736713725685,0.7687787409984067,-0.33221086604981137,-0.20976598298121982,-1.0065899274248602,0.8666034434856806,0.371847650017493,1.640483659828278,-0.3638071275396418,1.1702076453393384,0,-0.5991203261896733,2.695468500355302,0.40922123345777756
-0.7137533763088356,2.0755815695030586,-0.11635069891633376,-0.0820875706694585,0.3626158075300039,1.9344648224307783,0.966612800044077,1.3439724684966599,0.9826822584614922,0.8665224126615844,1,1.5089212989795355,1.0778561956750636,0.198663666702064
0.1699541173021186,-0.6380311039184359,1.403628219265967,0.7660809429715135,-0.16117542564837686,-0.8767323236238587,-1.8392424209630598,-1.0536845422280754,-0.9152354782524288,0.05296001407019461,0,2.063000043169314,-1.083357960361772,0.5996465486187438
-1.2929127968960443,-0.9722462378189937,0.11686601235976338,0.7042608109668106,-2.1043764372992246,-0.7501190629911165,-0.9203033689397428,-0.01889402376457077,1.3286028688717535,-0.13470671459784264,1,0.2655516739610206,0.056768685884113546,0.46000232764217724
-1.225175770614922,-0.08880475104131025,-0.6672731297268605,1.510636265633319,-0.3416804233573377,0.3019313399371065,-1.3341435729325808,-1.624542272979123,-1.873657694450128,-0.13818106217812245,0,2.945260421026183,-0.39475207641187793,0.36165561432819815
-1.0798008660395646,1.8370409113938515,-0.5361534130636064,0.4407654437497534,-0.47060236608902273,0.45706513766414786,-0.21216664550353376,-1.24598559356728,-0.8730151384232581,-0.09562833843420283,0,0.3807758648732694,-0.8850346104850558,0.1887089649903401
-1.1611476980650548,-0.5124958662133177,0.8338195007214203,-0.39036811678359634,0.07013694211333196,-0.24029691653185795,-1.0806641727590711,-1.3598076147911116,0.8433744760998563,0.9866593156395066,0,0.16041984594692033,-2.184947265243091,0.41962185227835563
-1.2366404198939815,0.8780840136117939,0.07372811885843043,0.4734040921967962,2.031251715440485,-2.071729856170208,-0.466239004980148,0.2994865770400949,0.8510785427823813,-1.0850541209686184,1,2.899826880932755,1.2246440774517044,0.2578138611137937
0.6575628780520529,0.16344933073491355,1.504734487088587,-0.5567318423046824,0.688279280620888,-0.024186078738321223,-0.8643830317599724,-0.6803090945334321,-0.6836529228378172,-0.12108995213475242,1,4.590246520895759,3.1581357652194626,0.5614519404988083
0.1965944902602391,-0.5555449514354577,0.8966671850755676,-0.31050266299307916,1.2157203676272945,0.22245263776521362,0.14619883465873598,-0.406274715157855,0.926682893311154,-1.9017429094837437,1,0.12439852197427406,-1.244783509632059,0.5929248187463003
0.5182395802998072,0.7330162833463585,0.8660971813818366,0.18639834567276634,3.010970820524621,0.16360985611507625,-1.9638873349203394,0.001009125132345695,0.20971351115235745,-0.7933620270538398,0,2.9577131981926175,3.5385965270702493,0.473178683028673
1.6298085378108578,-0.2714995211848009,-1.0366534635848228,0.17350807652626138,0.1587891780607298,0.4842796890856797,-2.6403021489381304,-0.822303657431672,0.38701712642733355,1.1625494200745161,1,2.3521515236784483,3.2198523663003127,0.7212466896148098
0.29786549055471734,-0.8005931444330777,-0.14474912157364053,0.961206292328551,0.7678327665146888,0.736122178640267,1.3259796445101444,1.5430112433980803,-1.1331928316685307,-0.6640743010939819,1,1.1121766115534693,-0.11871114513796699,0.6339567683017686
1.2810157894931418,-1.5473744873906121,0.9891470497567033,-1.4951767578609994,1.1337607660355653,0.11957891788605142,0.16507593780402102,0.37927726277115564,-0.9275358048133412,1.3316697224697465,1,5.1091661917780336,6.072657622645855,0.8044267839905204
1.191094948149481,-1.9828161230139063,1.8936390562804983,-0.9272860998256587,-1.3745251731504005,-1.2409374424737427,0.7042455797125868,-3.316010416623291,-0.5262484007033333,-0.5908942688847966,1,4.039528388072237,3.425578671449181,0.8301873370138872
-0.4330611848124613,-1.455422812254624,-0.03928146698206812,0.06992220054153872,-0.48383199207158173,1.0973796169553627,-0.9926656616212023,-0.23207067046824104,0.3854670904204737,-1.6033879083739124,1,2.935170775014907,3.124045670764945,0.6250832439489225
-2.1451942953155974,0.20556968100238737,0.8727983519230039,1.782801249774778,-0.07866632653592574,0.035595049803200975,-0.721176983353537,0.34569264684307194,-1.264183567699709,0.5740307610796449,0,1.7049293987942398,1.621671451303264,0.23588354275678142
-0.11642182231235348,-0.8253868246123702,0.46648952884405087,0.6874857587844413,2.2603048181641934,0.16743045796792125,-0.256742439610012,0.3067836248236617,0.3178858127279121,0.038884653359434,0,1.9026271993257364,-0.4135553501801871,0.5877041500742283
2.5198101091767513,1.3276082749483085,0.9794035013782281,0.17693134301694735,0.17648433531247792,-0.5089399288290712,-1.567114604111541,-0.04956560382014495,0.0016104875204589438,-0.4168364474755136,1,11.35685800219276,10.284004519055339,0.6447637517351642
1.10361506002589,0.3938982043083534,0.18517944173444817,0.46487922272096766,-1.1979843524066378,-0.29451746499062637,-1.0088498319548624,1.0008122247352351,-0.6350884025169857,-1.31236177378189,1,5.34269706818327,5.377442138006569,0.5877952371121876
0.295092788484285,1.2461179022840303,-1.3319138993756119,1.0643452643338114,-0.17530902675306692,-0.6740771599796749,1.463047614088335,1.2067056936840819,-1.187819338465671,1.216812875105273,0,1.383962894552764,-0.4028253954909171,0.38331232799075915
0.2643905360946927,0.3083953173814414,-0.8060589811145747,-0.3759489322020668,1.6102610183547807,-0.6439641277032282,1.4336317130888054,2.7710772935914476,-0.7027100990195628,0.5677993756592064,0,0.9037926055289697,3.363227994940774,0.4944996242340725
1.0727742217106202,0.1825925872892604,-1.6107196995815227,0.11876775468071497,0.6817962492743699,0.8968134574747428,-0.9803700130868691,0.393351112417591,0.3762055377202566,1.6349935400672417,1,5.116437065998438,4.280193320851202,0.6094713997935798
1.110933412565006,0.3965688423145973,1.538979004557286,0.7121698200157003,-0.44332636516079243,0.5085941171379503,0.03903299168306263,0.5599393561057999,2.16238167109692,-0.5031171048165761,1,7.699633813830582,5.406367878250368,0.5883581740227314
0.8000148109316011,1.5819082745196975,2.2829134224212733,1.0914590765025836,-0.31671860119258616,-0.9161419115567146,-0.8543143105676416,-2.412669150330632,0.42859187630451256,-0.24229915880339217,1,2.9313328504234697,-0.19211326739855306,0.40348941508721714
-0.0712650495290644,-0.38338540164301876,0.060088585478999576,-0.4411048337220133,-0.07819305889413386,-0.16200450851659218,0.3335764066085174,1.6081381280331424,0.6053285960623107,0.20538604112061837,0,-1.0408749880139265,-1.4028825459706544,0.5389360528268621
-1.1820498411140687,-0.16402709631870346,1.4358801068907154,-0.1395126397153151,1.9688296565006578,1.0539667816727099,-1.109171001197573,-0.24056522754786278,0.5432543782499089,0.9840801489357964,0,2.5660577349025706,-0.9253540255460269,0.375425311500534
-0.19197352262288278,-0.45280899478888204,1.1863143124042057,0.7935065292371946,1.6950730289115108,-0.5186014490992884,-1.3339759886650717,1.1375119708067367,0.6216941433006071,-0.24289196392686957,0,3.2720501332497323,-1.647247165363138,0.5325582990027954
-0.9935268324764248,-0.8605074388806699,-0.5626111943331751,-1.858874090842407,1.1011982364473403,0.7174579303190404,-0.5174315183155376,-0.8216398108036393,-0.04392534440444528,2.6946718973929875,1,-1.893917579003338,-0.6905722554659803,0.4833787024297552
0.3690995805720476,0.24382882274263276,-0.9266352335670383,-0.8530333664484188,1.616340333255759,-0.4695320184836197,0.36270701273906564,-0.13136054539868794,-0.2794585808186061,-0.45785520073458835,1,3.063118937683703,3.17959624677378,0.5156537273501557
0.737662683378433,-1.1875387618110906,0.9870498974321747,0.0033860271377201055,-1.4736980120671879,-0.9231561636027825,-0.4409305810526447,-0.9667761382128335,-1.2074510448128335,0.3889276726845159,0,-0.3114537966536943,3.480221070549496,0.7236422108428299
1.6884523472655375,0.18427631263521924,-0.6585851261158517,-0.3890249642538091,-0.17396466595547933,0.2863429240572804,1.953816019149876,0.4007914504737655,1.1686589635051499,0.3371870005891581,1,6.9994160521605515,6.778902635180717,0.6796334973771733
0.19552850397556157,-0.43349186461538075,-0.35212553573456745,1.1871946125920074,0.8950888222188967,1.1602282391107848,0.2144989441388093,-0.4210242650668946,1.3175997475739356,-0.9601983118262187,1,-0.07188182197209142,-1.2296741168236998,0.5779857624751126
-0.7067441970387136,0.21845070673829234,0.24618588078447842,-1.062634615471787,-0.2163727683000203,-0.7957516545224418,2.8165178316668813,0.024199338493233136,1.4847283585716922,0.19395523552188412,0,-0.44508592789812085,2.0774129400926578,0.3863698172483524
0.5612824797544841,-0.4003448584207054,0.8648848005069691,1.8594206195245235,0.7600364066988835,-0.3987468940366894,-0.7312827033634032,1.167196405428385,-0.9599311304524322,-0.5744133305754741,0,4.032187142795586,-0.6255577286597256,0.6179399924586512
0.8087052903484953,0.5146383691743098,-1.26396884069641,-0.16989327105137203,0.1292988304291188,1.0233916251077766,-0.03909512409149728,-1.1313382274638446,1.9653332957297776,1.2442185631786729,1,4.93078042143359,4.742356351237365,0.5366922852367865
-0.7146364379257589,0.2507270534475003,1.226173926750594,-1.411515100109269,0.53976682394638,-0.5514214847950392,-0.8149482435978155,-0.20237198140375104,-0.18209355668958715,-0.48193573445868015,0,-0.16271647429728883,2.261170100639808,0.3816190703175246
-1.600009389650633,-0.6063101734701697,-0.2628901814423361,-0.7277669491068027,-0.2983586495892996,0.5062491750502955,1.1344791572876052,-0.653977958287685,0.01589646672421812,-0.1101655589648915,0,-0.6565710833028348,-2.159965613238996,0.3782813077139691
1.1315384634682433,-0.321510239180931,0.3921476305487663,-0.5419977567575833,-1.5133857652073393,0.2621501150623204,-1.6421909652044933,0.8100531501738613,-0.06972585200264597,-0.9014956356978716,1,-0.37088758938334015,0.9832710371191631,0.674042102499848
-0.32388434964520235,-1.4220846428980338,-1.1004624854581564,-0.0779198554419521,2.2128467245166936,-0.6487492379842964,0.8841428202554952,-1.7004348616330212,0.42084232881166717,-1.027637369874561,1,4.512086506764827,3.148811572870637,0.6339267929620193
1.182830251865468,-1.4673232179284157,1.3956846744901852,0.5979664735296173,-2.47548724711973,-0.7536458840445301,-0.5145993229053917,-1.1742658229835752,0.7023918611925368,1.7707235095463456,1,7.418596111439808,5.750436402705196,0.7900251029118046
1.5010808934112803,2.6005583633450797,-2.0265263809836838,-1.627467102747055,-0.16167082052154466,1.0644836699102438,0.8241352793235224,-0.04332992015045741,0.2677003209662037,0.3303456000810329,0,-1.3475326892449093,6.862818395354981,0.3659250265977814
2.7027610025404667,1.5302735600177817,0.1474969691361803,-0.853517597771913,-2.1192610543572115,0.7340069618113472,-0.09274536354525464,1.2857305454026358,0.9167250921559612,-0.4482425784213636,1,10.906285890556415,12.432169671950849,0.6425028175624076
1.416908129275575,2.7184269016896985,-1.327598750393392,0.09839922544377498,0.14327261237599112,0.7902364296584938,1.9092324056394936,-0.6360631798330432,0.4893730148727686,-2.4666758356033456,1,6.491689613458674,6.058483732230073,0.3428184317896387
0.5242668324789296,0.3086254902262168,0.5867024524855857,-0.464104390584265,1.5104762356612673,0.15364988928826703,-1.4280660023127167,-0.6305534473747489,0.6984954058006485,0.8325633986737953,0,-0.0696129749027049,3.7508341894713753,0.5269290846174197
-0.49230063320411893,-0.07103642354276027,-0.4565519707592797,-1.9491924490388934,-0.02852985233708918,-1.0074513132108454,-0.8756819688836682,-0.39234776399188304,-0.9029437700184029,-1.0650036182853535,0,-1.6795631095141683,0.05791937433034444,0.447535798903873
0.819534170957763,-1.5162717615779553,-0.8286476414850125,-0.7728713452931038,0.8260995132610108,0.8282393968860898,1.8795064687040277,-0.3516320108542651,-0.10113910985259289,-0.8200334832829367,1,4.416246574051254,4.7661766586148975,0.7627657578776585
-0.7396565828648572,1.7950482323074175,-1.0028809645493777,0.20486880796834794,0.19918824873015067,0.08024250197795582,-0.5423711946848196,1.4565318865606198,1.046854089821121,-0.40916636383671195,0,0.5044738458061443,-1.0234698202621053,0.21971081311249155
1.9662152813609215,0.9385036497516572,0.16136959343459353,-1.5180047391180733,0.5410512872290235,0.6911869206254938,0.22118135419089852,-0.09058448823012272,0.039628281335020415,0.30197072399087616,1,7.001280856410877,7.623580996935006,0.6257099318121211
0.30662433796734756,0.7248561057772702,-1.1787225343151895,0.14047755182233243,-0.3909962682123512,0.5187908153610227,-1.78205950692599,0.3079582729689019,0.21784101518019497,0.5666678480720821,1,3.733640297845679,3.2605790998134427,0.44791071050012093
2.2073373990751506,-1.805232884964254,0.3345050488386632,-0.7514549212717022,1.4705397771743045,0.10331471588482169,0.42624689244060165,-0.5233030743205498,-0.9849974682835654,0.3629358377001142,1,10.887077308582954,10.527493451099167,0.8814553998025929
0.5730297536559318,-1.34579341923154,0.23981982148629585,-0.01919829904170186,0.15057849674298152,-0.2415973965042415,-0.42161102815348594,-1.1552126825777247,-0.4898248601485416,0.4756465591680806,1,4.291117624932843,3.9859557022935515,0.7230039794617263
1.9326595848325394,0.5017035971049526,-1.817325410506995,1.1159214355356497,0.3648965917761496,1.2779067832145001,1.9354188504265937,1.2552634059399503,0.32673984798983635,0.004370777846589107,0,1.3621908981854665,9.407822061336987,0.6716104643459558
1.0389930748665768,-0.35812932909202877,-0.1111580463754777,1.024790396283746,0.9728907359121984,-0.532497619774614,0.8178989695545668,-0.8952158719042868,-0.5216536737585488,0.628313326198999,1,2.103346152882911,0.5705966754148335,0.6678686949670252
2.188399364651154,1.1236675724319993,0.24993685650884945,-1.6580402819471303,-0.4755609153097378,0.18344953522032303,0.4006463850330116,-0.252126118055841,-1.7063830000175977,-0.5852971475199387,1,5.711103095145071,7.973890580905521,0.6300347504250927
-0.1331119648183499,-0.7967799757938391,0.5254147313319268,-1.0029182429735901,-0.19849053961770233,-0.4448321995333165,-1.9625648121175678,-0.4104107058950818,-0.10020831860364854,1.0274479351554837,1,-0.6142098391222209,-0.6144805670919554,0.5822055516008788
0.6234464671058866,0.13156911730384083,-0.2925037614872583,0.44263490782147524,0.2840684759503114,-1.8875269794735519,-1.3459397229340235,-2.2406271124960484,1.0514159581757145,-2.74919406452673,0,0.40853215940277454,2.869513687928207,0.5611766192431331
2.1451512767512804,0.663666100241126,-0.1142337567783957,0.7272095718997876,-0.958864440926555,-0.7991287838647676,0.3715586969765553,-0.45653916424722146,-0.1395543859653505,-0.6925081339171172,0,0.36496473834864834,10.720083885995813,0.6771582184965811
-0.5016282519259717,0.04796939753128055,1.3953059446404967,0.1306210790547118,-0.578814755473309,0.5511599337993963,-0.7603898755001086,-0.3029584333288669,2.3056803979259577,-0.9000247868153723,0,1.5232608016905074,0.9808702259863423,0.4317293720080363
0.3788108173039671,-0.3231935710196543,-0.5673372213044706,-0.3148474487600474,-2.0085783745710497,-1.0966703520700662,0.6935610336564387,-0.2599015574896899,-1.3148279227228745,-1.8307441056662155,1,-2.2892578187356585,-0.6636063937845329,0.5868605872755561
-0.5048333876479462,-0.2990273485382861,-0.10109422547933332,1.265298495746747,-0.6855719060949353,-0.07969280132135836,0.14080250642658182,-1.8760934447118744,0.7596242013119662,-0.5388475272404376,1,-0.31878802360567204,-1.4144367139643057,0.474296922001229
0.2627029389572071,-0.3021044958569326,0.9651062167181025,0.11735088084038353,0.6940736735059163,0.4439985206098489,-0.350085670345921,-1.015735009509846,-1.4331391951757446,-2.689843980405819,1,0.3391506741148867,-0.7317731692472926,0.5701354285049547
0.396397883244841,-0.9280682091549983,1.2651230667937359,0.12433159112063845,1.2399656911731864,0.8257938088859692,0.05548902301272728,-0.46826948405352475,0.4858826722832953,-0.2586829076267145,1,2.970556993832337,0.9263058153361956,0.6597618327649544
-1.3850844815316792,-0.7350823043068163,-0.09111574788898326,0.32248970230165147,-1.2299389519860104,-0.7384213306432766,1.0140846496508946,-0.9439811061115264,-1.0005358877486743,1.3568767339610281,0,-0.6394685823451923,-1.5983399762898682,0.41945743008815306
0.3012106735331497,-1.0997800530417594,0.5902047508756096,-0.2898953644926946,-0.060527085996016645,-0.5707970451064661,-0.3735559334529317,1.0878557335274246,1.1687813765956745,2.5641256872161327,1,2.911760239598766,2.1223934257204067,0.6682975914342184
-1.1008857517999615,1.1131312632507169,0.13510839555777665,0.4322759637813346,-0.5417534602786828,0.726135540703701,-0.8318860209019967,1.3124710616291793,-1.1278682183468727,-0.41936138192550804,0,-0.52487588355538,-0.5373660519325707,0.2484290157751748
-0.06472978313692705,-1.243617081262545,0.8178033899149485,1.5013894928605465,0.4558675712753197,-0.8267467850507036,-1.440125679844143,2.4035582342557835,2.9943768114747105,0.9928008965426035,0,2.26643819235171,2.6692864354834223,0.6432374827759827
1.0390782142839379,0.7866951068627824,-0.7129962221425186,0.3047561449116983,-0.321277426901914,0.12589452966243242,2.160415958020263,-0.4962912373446818,-0.6453321611519752,-1.2678126948012494,0,-0.119583529827233,4.3793046759759,0.5315060901290102
0.18771680822474632,-0.6455769930804809,-1.6817547916615128,-0.45298733152790854,-0.05732972968566882,0.06083456419534827,-0.1662029231015216,-0.7552052500004097,0.10672759218005172,0.09152605012703519,1,-1.4072779357724259,-1.036579784378526,0.6026806048837317
-0.9715898046743032,0.0915224184028877,0.7541217543746837,-0.6645396953834128,-0.6188968184228403,-0.5941032534535329,0.7457118937643227,-1.6813348076089492,-0.08860819231454181,-1.4883410905297827,1,0.5292217596689783,1.087432868679181,0.3701540229084738
0.4746439290587432,-0.1267582255045639,1.0411609088655878,-0.755477242530433,0.8884197133785222,-0.6458759755873227,-0.626173350210569,-0.7957958318445767,-0.3502489414771801,-0.08377126333606068,1,1.6241029586642202,0.637989893126623,0.5746138920292121
-1.000905678221034,-0.4900496985020566,0.9150417032619333,0.051356399292328006,1.3592801267577101,0.5622331416684093,0.31957087842342685,0.046293418005028696,0.6894451837824448,0.04718651296169362,0,2.0869767385758804,-2.1312322194493003,0.4364879398306315
0.4295708905398679,0.6601772704343873,-0.7123089957462132,1.9450138180956942,0.6894217543094945,-1.3431283932743117,1.3822991599842174,-1.1510812602843161,0.9272860232306992,-1.2142480242183604,1,5.980393740656112,3.7266936383277636,0.47120609627421645
-1.2812214563956652,0.08337722310267122,1.3685760932837086,0.07878189065600791,-0.4760731496747848,-1.1446330692696909,1.1410607907568309,0.5031098203382334,-0.5412853938608044,-0.15539740976270644,1,2.0631429096752845,0.9250784676968873,0.3357483071512856
1.202436446175891,1.425988068088611,0.5335731458223543,-0.06704391403803456,-0.615342591334062,-0.6428202957775784,1.6753067353918887,0.16220649978699064,0.3224064831975393,1.7416764034169203,0,-0.22825249828439903,0.8954913862210603,0.47208510487806493
-1.9765927944092192,1.9235981755145015,-0.9391680484036065,-1.4131001664858165,-1.2415942634615127,-1.4838091878294823,0.8460441878973803,0.5991168446179496,1.02745072974601,-1.0474942238451692,0,-1.3070560731893734,-0.4557729448081393,0.124542946897691
0.5737050235263557,0.3561209208225264,-0.21009618259391066,1.099802516166042,-0.7296752675570495,-2.268955249336391,1.0554219987154727,0.7568046966120769,-0.4867368344584447,0.009632279790820243,1,5.399751942329313,4.023758773981993,0.5271712188996929
-0.06450686097324242,-0.3609870573154297,0.35479861729565143,0.10098533922370798,-0.2913236565621501,-0.09541513360995878,-1.4380674279781653,-0.6904366566244542,-0.6580676317960108,-0.11301802821198015,0,0.9445318100848028,-1.3278278498252232,0.536992306788251
0.09784763260798796,0.7344045973597587,-0.185760666741814,-0.647480273938082,0.9285756620890999,0.6637824284310203,-0.10447001975983886,-0.932717549373172,1.3224068537777174,-0.5976358585251328,0,-0.02320588536524143,2.9550164390673412,0.4210953520850001
0.4485208084702121,-0.8828253090965322,0.5934905768293438,-0.32921361987910036,0.5945971003555042,-0.38730713200283823,1.6879294504752809,-0.03563640752981659,0.19707525536804665,0.5847955319939585,1,0.5690688759505591,0.6663503369972013,0.660533608653235
1.6246218899427327,-0.2217159510217883,-0.8570132582581595,-0.02992962397213045,-1.635547526444142,-1.3855949353942631,1.9176008276208962,0.12927611762728733,0.032636339362887234,-0.732209682088763,1,2.214039256968801,3.472578186070185,0.7156873548460492
-1.7051426253292197,1.1649524599489638,0.21361930526103273,-1.0630386806744798,-0.5361130495812272,-0.6867632656852954,0.39176235342669097,1.4031037651925264,-1.3427722025413593,0.29437639733468757,0,-0.4892906970662595,-1.0565758660950488,0.19231343671961842
-0.44561488473710376,-1.1167282082390582,-0.8858794705786738,1.7128328862739277,-1.599335770362046,-0.20216905849023392,-0.11655998306365532,-0.5212282011502244,0.8103443328434303,0.6276771567750129,0,0.8624693644853696,1.5368014639181644,0.5831107808098507
1.067516396343968,1.6830828745265436,1.122577395042361,0.4751485444328104,-1.7302327468564849,-0.5440815508322596,0.5803746782064017,0.529398297125088,-1.214923965155961,-0.5067364499091929,1,1.5836319847674352,0.8104007072627715,0.4236559170749762
0.7207721541576633,-0.2947665014565607,0.3089721682224001,0.299127536121335,-0.1400320826108862,0.731351646430421,-0.4870477751542862,-0.075587967981026,-0.12617581554545618,-1.269188038050478,0,1.0071346444683333,0.057910160585127546,0.6242834074275692
-1.8110374144789392,-0.49254253835315087,-2.048850448503495,1.5273061898740445,0.784947077109854,0.21183323820108002,0.2811047565747195,-1.4315415993296299,2.5043128124103116,0.9930439994233022,1,-0.6675630952110242,-2.335829476771474,0.340908684404712
-0.07235108763590144,0.5356782574456506,-1.279120114638652,-0.4465116017392152,0.19804267414662619,-1.2576155002125022,-1.1606521754006889,-0.8590731829255775,-0.3691976829754681,1.3202344998253495,0,-0.7881818138652126,3.4145164461501043,0.4245763576562741
0.39670851058708756,0.3850510815306469,-1.6004972492837484,-0.4932595945338626,-1.3553488824753728,0.2813679623967962,-0.4535288155336196,1.2216716455301622,-0.14626976183570767,-0.7868736324324935,1,2.811030666918271,3.8256743034623315,0.5014571745065641
1.1769597029270817,-0.03255151970668562,-1.1329724690688676,-1.6680678802334223,-0.12532132940642493,0.4492757549307985,0.11736575826481344,-0.6806770487627779,-0.01327252919685344,-0.976235085789844,0,-1.937643214599227,2.9892813003492043,0.6467435599756176
-0.8845858159538141,-1.8907646725022875,-0.3106412585047116,0.6381451545223353,-0.15431818799164576,-0.09494983934395387,1.6511449498217703,1.7881214297769745,-0.5945437839373441,0.15775279448874308,1,1.552618748468535,1.2540768407745642,0.6231850831643851
2.20242990090308,-1.2429116628640748,-1.6260041340726608,-0.7335142783348617,-0.4523898901541967,1.4697868352317087,-0.9359687640234825,-1.085416437170436,3.1362247208574567,-0.48474791367045156,1,10.396542112038489,10.774936150466118,0.8484725301487932
0.3619319335740423,0.3432457138717067,0.8762539760136147,0.11725169819941018,-0.8846699319877523,0.15972819073417902,0.5212619190912199,-0.08522484188675906,-0.19182144756292585,1.143184644660831,0,0.4504735804143335,3.6390345437432874,0.5023357604713852
-1.0533872882114492,0.7625504018297111,0.29045413316218344,0.7453554449309757,-0.3947262075767298,0.760904863726903,0.36273954854844936,-0.5353308661350568,-1.5774388062002975,-2.1753742473656543,0,1.5483601230841786,2.0454655716680508,0.2874156541360266
-0.13431788027125202,-0.8358957232093952,-0.47372246402402896,-0.7826809529165953,-0.15873852861468782,-0.10752414113752878,0.9448658879189942,-0.8896610901696801,0.47867831574614583,-1.1383477173350582,1,-0.6350226252311465,-0.3582188639514061,0.5868088772362665
-2.712810636073249,0.4220310436313602,-1.0285967347472122,1.1838755103179006,-0.7116315482870198,-0.37902375354566314,-1.507148292456904,0.6534622991061148,0.6190989713340933,0.32876692178582284,0,0.4543755482092892,2.4917256878213565,0.17258438230176096
0.6472659050139502,-1.2884391178967647,0.1840030356911425,-0.8578307179955198,1.2824555994934357,-0.4911983291208546,0.709830662399627,0.5865394377221625,-1.3355637219847667,-1.0935645680036878,1,3.551481192815156,3.878160809695281,0.7246912509032047
-0.0025453871682707824,1.1573275946903947,0.039383235363402234,0.9387982798763861,-0.2664799532597304,-0.3875264243975555,0.9111815122410323,0.7359466051702097,-0.9857487666139588,0.8831038621013142,1,0.5669563951639611,-0.18849128535285398,0.3589472072324285
0.8929867879966588,-1.3598227490720267,0.6477454299035147,-0.07992839595209521,1.277541569483652,2.2254884838915854,1.2718311690782453,-1.1581119297158382,-2.3399230221298493,-0.6964308194526324,1,6.484616284477918,4.70388828216093,0.7551748017417035
1.5863502292331435,0.798712799083241,-0.9832133369718116,0.08581198045446496,0.5367514323328237,-0.42233834555521366,0.2289805678955686,-1.6185165631324323,-2.079500581258648,-0.24855669233782346,0,0.2793917868944005,6.363513964231549,0.5972016382203031
0.4848106533629548,-0.9025804836927246,-0.6175979280244875,1.0384874952221652,-0.9768746402470312,0.9099134340395696,1.1237516603417057,-0.23653762725238722,-0.2788291806299926,-1.3949150239474934,1,1.529007310959593,0.870625325126016,0.6667885195193719
0.6237430503621968,-0.6462791011070679,-0.6139772636093739,-1.493012807843884,1.2125210354870635,0.49647468659466737,-0.18275411235092032,0.3577814159735867,-0.6686213228968549,0.9363981502764648,0,-1.2653747232021648,-0.374732038439906,0.6536248384435457
-0.21091914241262957,-0.3263478963863828,-0.7556661719614299,0.681551807035674,0.8386305459575651,-0.8786974647568757,0.6654044853720298,0.03253718004150391,-1.6136548563406348,1.77381658204211,1,-0.5513695682303048,-1.3272730917406181,0.5144245905040016
0.3442810298991252,-0.6164207548659202,-1.7305367372945484,-0.6126566819672424,-0.05830796914008202,-0.1565507495632323,0.534179164751281,-0.13422755776193895,-1.3191637184835066,-0.19486271188612186,1,-2.180829778008608,-0.9236674108042042,0.6178307294715384
0.09378804102338609,1.0013786757679435,0.02969952957119662,-0.6507647364524192,-0.03700629971906545,-1.2517833570334898,-0.03383773146838579,0.0282643020920002,0.9499364053688107,1.7956685034356514,1,0.7929733160203412,1.087498860687707,0.3884587751784297
0.431100183300013,0.14901202647290215,0.11806136284268309,0.09864983008767704,-0.5577723659553663,0.5349263191465238,-0.11686587603059596,-0.4444719095887205,0.6391679845427092,-0.767552547008817,1,2.785102526500954,2.667006724539816,0.5352026804324669
0.5772151932035836,-1.0920493024956528,-1.0220004267306593,-0.8740296831378614,-0.9968986483986102,0.2757664064185434,0.9703001417328101,-0.5644516930917516,0.6252037607587764,-3.1142633086980056,1,1.0444334974452292,2.493990885153858,0.6973335024481732
-1.6919336878149,-0.33002508831300176,-0.19094997218592183,1.7545890769891812,0.35693820800842796,0.9831539922106177,0.5216534808188944,1.1485786522467871,0.16840804054965924,-0.5564467376430379,0,1.6699372401749761,-1.9677922983611877,0.3360483460706148
0.04497262227909866,-0.18950810149362532,-0.2910589505425584,-0.014774898380303832,1.0605509228238683,1.641779296255768,1.4288863763095236,2.253897888845737,0.15133614863305547,0.22181722453961006,1,0.17665831392381673,-0.3560122340531571,0.5292765635497277
0.6414720825037549,-0.7654957611444856,-1.4049748234128672,-0.8664053768632877,-1.6849579810937811,0.22146654406571167,-0.47754576673345445,0.6459315438036465,1.2122242066273532,-0.9614742326548785,1,-1.195684455141437,0.2196253680504512,0.6689597493628925
0.36804830982496645,-0.1393714384436342,-0.3340352347160637,-0.8341479202472741,0.603193933932112,-0.3070900764643804,0.35203320146666844,0.13321929908622152,-0.3132272414552567,1.625958231728039,0,-1.9084400954034177,0.384932553842946,0.5630894157265458
0.8360638658902984,-1.6296464403465305,0.7205815666670364,-1.234817256521296,0.6127193551893648,0.5729687867101887,-0.3657701383883735,0.06259818982263315,1.2650092490159093,0.08346928075829974,1,4.624187615445383,4.6027553352729855,0.7743179021318859
0.49740359466751566,1.6089056852889496,-0.9096469726884515,-0.9589079490795784,0.854029454821116,-0.999195836656043,0.16428507135032772,0.5625359195546941,0.774685590176338,0.643355120962321,1,-1.5867931580149335,-0.7106533019081294,0.3645311546941553
-1.602478249772623,0.2424163589071041,-1.174767232984383,-1.388939879499804,0.8680700737741112,0.5955322523896294,1.7229291643082703,-1.274194134612335,-0.365768937909978,-0.018435974016322087,0,-0.9594758423121703,1.9265495042157184,0.2844595017105962
-1.7070708251688367,-2.1883120360824595,-0.8173324802594119,1.1959026052678667,-0.5060535698616853,-0.14797999370606987,-0.42556616987826834,-0.36122150337838715,-0.6518839560882472,-0.5623107047321789,1,0.00877237215055543,-1.2128275778301623,0.5598665820537769
-1.38338163673495,-0.6919253874261803,2.263837334735216,0.3986087386672684,0.8762780856115111,-0.21399098272025888,-0.4916742272964074,0.2396553887522784,-1.1174658725054398,2.121399591207719,0,3.2291766911778708,-1.8084346177708253,0.4144187216012955
-0.7200209356178648,0.9609189178123099,-0.8681929505488408,0.6203516890534728,0.31656592501794556,-0.5196468347609493,0.911277985939372,-0.6640262839791841,-1.9332632833366574,0.6998932556570834,0,1.2126565508531169,0.792913599676739,0.3014358212313286
-0.1713265583509692,-0.3006395713028569,0.13676329542839313,-0.41395432773566576,-0.6742287166501398,-0.5429864490772466,-0.03519775931633688,-2.156306177996012,0.2664011598654445,0.6552710174417629,0,-1.6324865692025476,-1.1829445651570487,0.5161584978431746
-0.5715795064373641,0.8893953711423997,0.6704860230954336,-0.8036006209147515,1.792768587533561,-0.5761106511811359,0.1503226069760573,-1.734622814923903,-0.4167685109613235,0.3069703831765601,1,2.1269562095596233,1.4159441647381663,0.32508777144594664
0.27787039467684355,0.18831223998793184,3.386114518663523,1.4628824899670403,0.7110083900363727,0.40278190033988004,-0.7777674254004431,0.0014608243435295688,0.9796345390767953,0.16443092692849504,0,4.498423779016051,2.7145403302110145,0.5111928990971061
0.46831576037310874,0.7051829344216103,1.6676453152810675,-0.8355119175248911,0.32068717554065573,0.9140521217782283,-1.30109637550931,-1.148478473504084,-0.5521135314809215,-1.041590472559087,1,4.549209979002454,3.595650341835219,0.4704261633196287
0.8363491513088492,0.9385505025932732,-0.4045809036078636,-0.36419918215032693,0.9705974064216835,1.7531078549290513,1.8580372162960979,0.6571510518460062,1.4395583596180568,0.8582986792984425,1,3.3818915958419984,2.787556758834161,0.48722761032462586
0.5745080494260668,0.8658280991136124,1.651478518014525,1.4969170013300048,1.4841658712693169,0.8782177746700348,-1.9144820406624217,-0.35739556840135545,-0.8545658960607202,-1.3784766931959855,0,4.398501012179443,2.799111250105004,0.46364924176721556
0.015626604316500408,-0.3181616546540291,-1.0980482945724002,0.8534529568308071,-0.5764625390608329,0.08283501550573731,2.0343914092139355,-0.5443248864604964,-1.4926731950491798,1.4022129848576035,1,-1.1513571276428967,-1.0872988716596794,0.5416269553075694
-1.0434140459757009,0.31473133442649165,-1.257393600961866,0.5262870386867687,-1.5482241279623743,0.8428734328005,-1.2565778425146656,0.9508869334844857,-1.1466789440311485,0.7366228212236169,0,-0.3889094166892289,2.44060919821906,0.3364682999498005
-0.17451125770123183,-0.8035959330550873,0.6217101490929143,-0.6270527947372391,0.08308454297567007,0.5128656634282186,-1.9187829699022272,1.771316508392023,1.2215868049195335,-1.6283851640055609,1,-0.22320751263655858,-0.6066538759413994,0.5779936052510454
0.19085196440758875,0.29805675133676657,1.245247648777183,-0.36830689271847195,1.1807971820591139,2.361128342213503,-0.1771978768968783,-0.17597753353055748,-0.12009332280483155,-0.7810633960424866,0,1.645583731752843,3.2238142070278415,0.4866026092806859
-1.64005893536941,0.045850911156654676,1.078211839385559,1.6121094833324539,1.0642533011174238,-0.1138406115961585,-0.8325017344761305,1.228487434639466,0.7997923080743274,-0.6319236839336951,0,3.1786321905084476,0.5528367919876278,0.3009128082150992
0.3727992301262438,-0.5541569720044217,-0.6872032583176958,-0.8263955947905911,0.4028938398669826,0.7674159895022767,-0.3905854339262977,-0.026744547463790205,-0.44547326817535277,-0.8219077225568979,0,-0.4348417595129112,-1.012110206754487,0.6138389533587635
-0.6684531149521151,-2.157761542786195,-0.8818658752606948,1.2172585832171607,-0.44840890146078205,1.7342333153208664,0.0999353179925649,-0.2638590308844267,-0.062427701114083245,-0.9760431327325177,0,1.1017138100889072,-0.6764476130607516,0.6780127651357278
0.4292139433161039,-2.405365023733529,1.8401496627311011,-0.05589595010484183,-1.0811921159492601,0.22692390796417844,-0.03369941981925279,0.10614527420412699,-0.4138612587488691,0.41801818025806925,0,1.2674193850760798,-0.8542743200505198,0.8049131412300199
0.17657238888573565,-0.3078279847641783,1.3759083648228718,-0.9708031814889786,-0.42421024427002985,3.569279660172133,1.4232137898648605,-0.5344572990127002,-1.0065849267090308,-0.17299848735497605,0,-0.5782901585262452,-0.8649440182609289,0.560255779279088
-0.026907784966976222,0.8335686034907788,-0.7311801699524678,-0.7417807520299657,-1.0069190560713626,-1.204072737568764,0.3962680708862394,-1.4637796610030622,-0.10741812136240218,-1.5866508141369475,0,-1.084992142540755,2.2218504146760116,0.39406945442041474
1.0594947666346806,-2.3078925074811503,-0.14940695381756816,-0.4166979594353172,-1.0125972081283918,1.363527841144034,-1.2877117244503373,0.07880878402993027,-0.5524905258429016,1.5667536716785717,1,-0.08935426703046916,0.8265606035393964,0.8433930102956048
-0.4621251411196062,0.3574911830689734,0.49582244058985997,1.2862036178693825,-0.6955505951293928,-0.06575944223929944,0.2899655101745595,-0.760412299731693,1.437451449500384,-0.3356681361167648,0,0.4721113496174081,2.883551319523212,0.3989581211745981
0.7976110208107245,-0.3548653063349782,-1.2933205650706299,-0.10181128931315267,-0.5957838137021987,0.11727600466937481,-0.11469895727341471,0.7451630473479433,-0.635987973341883,0.8481326228416683,0,-1.6226438109160282,-0.024372831573510112,0.640201349250966
-0.5855418527497946,0.0860909811942708,-0.10115847714889387,-0.41840146486266505,0.4900918449684312,0.7034299622270705,1.3973615284093148,-1.4193995503223211,2.8261978917402306,0.7934118857884646,1,0.09577428361200413,1.224747663126495,0.416826075982109
0.29347039850143153,0.6523079358472761,0.567849898797649,1.4789095535850247,-0.4000707406580329,-1.6675578086487062,-1.3507799795437971,-0.11262381240366778,0.5390855805131232,-0.5377060640677255,1,4.417072381105861,3.5603020600302098,0.4552652485473269
-1.0607396031858074,-1.285078714129314,1.0712549502395161,1.910932748524423,0.6491714971949915,-0.5979175738549622,-1.3979317578357904,-0.47226641310517975,0.5819643652684718,0.970612862753198,1,5.099815708728838,2.297662161023643,0.5280130233489397
-1.2409696722099497,-0.3129467850342241,-0.8489467917485002,2.3779525946261284,0.6575006240419146,0.2130868919290393,-0.49097031251106216,-1.0815103951097325,0.004801107188553842,-0.36079657416981525,0,3.170493348510839,-1.7915177553456751,0.3860346304386265
0.012019427230198389,0.9297868313059084,-0.17704755697934557,-1.7289083805809342,-0.26518273117136326,0.7126843433786171,-1.7420233196299169,-1.8979516540287258,1.2894204582909488,0.19205715636451476,0,-2.3105629248700446,1.559083834192596,0.38725067415124015
1.1052424733273414,-0.6512991038782208,-1.4138237395313895,-0.18249428443448665,1.3972148891819696,-1.3497067993879839,-0.2650505643433643,1.9239918694552116,-0.3254745307940457,-0.5926710982372608,1,1.438707177941179,0.7970909948085607,0.706463757896088
0.19619339462442156,0.500282615095,2.3081327163011323,0.6801961366855611,0.4911674372392849,-0.28508710533890036,-0.3182598213423248,-0.17214651915487664,1.1725282187124793,0.5655038686196043,1,7.212814219860024,3.7167612124771896,0.46206190565578703
-0.9974641853590707,1.2991946866202233,2.018072350721853,1.4798183518061807,0.597388132903375,-0.5343317548498108,1.5519731485230215,-1.2467061237074364,0.5865457615245343,-0.3737031461034308,0,4.038744111225392,-1.6500048253515178,0.24079435066148686
-1.83084777762726,0.32351356512285057,1.4425607939340839,0.049681312635844285,0.4913962616073675,-1.0985291122548608,-0.26181449597107015,-1.6487420457171849,0.17280506844313928,0.36859889525103007,0,1.8292807608621646,2.2857549477180696,0.25403991911101076
-1.1210862828949772,-0.32236066683991393,0.9303348777543144,1.5166635805613036,-1.1888254282826303,1.605320045101152,0.4588106785298318,1.4069985886699399,-0.8061251485710947,-1.325630067655806,0,1.2083630337704183,-1.7947706881407521,0.4014654417283544
0.6968259448057695,0.1170995763050325,-1.0948474998866204,0.8902014735737515,0.19309870838722762,-0.23503612277653554,-1.7498170416568157,0.5306891438211845,0.5579283601973287,-0.2981559988848735,1,4.472265826675591,2.9064643562403085,0.5719626378408906
-0.8949476989212357,0.09286220771791075,2.184280230618319,1.2590404121733516,-0.5933251955352534,0.3999477931033293,-0.319284953906059,0.5495623945807251,0.8891178941177529,1.9469013298048137,1,4.653729348842197,1.127665386986455,0.3789740928575353
0.24883809638980744,-2.0149331642066888,-0.02129472837435424,-1.0879660128162822,-0.06447746478652472,0.39343805781276275,1.0836714183945784,1.5913113066586526,1.279631238318325,-0.526050923837551,1,-0.4411889589312243,1.1652925894914328,0.7561867175900739
-0.818614316289005,0.10164374733876982,0.5810453103761591,1.252152316865801,-0.42828357798357125,-0.10186237783073297,-0.39269515536272254,-0.987403059742078,0.6802525513551168,0.31232145416349977,1,2.5234851626017534,1.2258526102325717,0.38695521437424624
0.7803229130519889,0.18663084096733826,0.17486419875189144,1.0051028611188801,-1.869808554059651,-0.8549883610915503,0.4760172387393952,0.4076289659897319,-0.41648926345442094,-0.9171671682200664,1,3.005444466858166,3.5654213067564777,0.5736713236790426
1.4153604746386654,-0.9244460973111085,0.6311697197201039,-1.738366632904005,-0.44176693275157886,0.59618154616826,-1.7031314159481103,0.33847275528625886,1.058578946503949,0.683984760216704,1,2.0938506453495696,3.530127957274197,0.7631275337672938
-0.9111995566374927,-0.6913179776061867,0.7366563723091765,0.3330757802538989,1.2490931347217882,-1.3738153756883382,-1.363938299996778,-0.6515578090307694,-0.9928072249689202,-0.376586552960774,1,0.5559236313769582,-1.6598237308443555,0.4725424536127135
-0.0051171303595165755,-1.4918885750695152,-0.3561225941155777,0.19870998535179962,-0.7235177628324877,-0.2142237658085015,0.4055194461790074,0.2987709859057662,0.7779474813717823,1.026309416146062,1,3.807103125272177,3.4940842678510653,0.677735776387546
0.33605042829823234,-0.3639354778522324,0.14483867603647418,0.5439906001121756,1.0748385758667756,2.0521640786070234,0.27569442392496635,0.03508942994219289,-1.0213608429716627,-1.9480041383212694,0,1.8184529056742336,-0.8756452998807853,0.586615870055388
1.922506697499783,1.8384006279275045,1.4823457336323507,0.3912556909880454,1.0903319738680268,0.805960076940208,-0.10954258557739528,-0.7696616721923526,-0.23044372154617618,0.13892520905031075,0,2.5935881495852824,5.622701387990372,0.510511709616011
-1.7860998859659227,0.7720778275704256,0.07147166808443949,-1.5873826494779038,0.42157857294447004,0.1032195943236333,1.6326272155484804,-0.7111134434194506,-2.7496552331356376,-0.834486636993902,0,-1.3706018272063507,1.8086159042341887,0.21770536022691944
0.39970943419176047,0.13710886028769537,-0.6755756483714442,0.42294737532476323,-0.34639007902457847,-1.8729895241809242,-0.459576657791092,1.996219672830062,0.5419935914051441,-0.28222341088115344,1,2.194375740050002,2.5352500221436443,0.5327779948512508
-0.8195121954033778,-0.07315591108777364,0.4317503738425549,0.5646820656522553,-0.12832407422114717,1.0718333643132114,-1.107480050405308,-0.8317242469527323,0.298053840168576,-1.5703092901455258,1,-0.24206879365137746,-0.12887388114120968,0.40777329417690245
-1.3776916500167369,0.8821261701167815,0.24079810936270316,-0.4233796608641289,-0.6288512655763311,-0.9580401916109603,-1.0947164836551124,-1.6432880609480933,-0.7102530897778828,1.2524219897736293,0,-0.004988465775525253,1.1569246763489265,0.24417791162146674
0.13544298484731557,-0.8017215567230236,-0.5469174888162556,0.26977514592932406,-0.056001857925813005,0.055458695995376256,-2.6110527428624475,1.1557512090104645,0.20149737583960595,0.07830721640595283,0,0.6297311790478382,-0.3134590039111482,0.6150481440553043
1.2111033986666604,-1.2231205385509145,-0.897609091677311,1.3778970527703744,-0.4698843235655515,-0.6507822384738435,-0.8040951551801471,-0.9566013301093943,0.1974158324886889,1.2117018568972113,0,1.0517257969831197,4.96955426218728,0.7715549102483561
-0.46122244076979557,0.3316881075418996,0.2843677388366281,0.055087890779659046,0.817026724179989,0.9822647174205826,1.3062600960832127,0.8622322141883881,1.804409257293651,-1.4429382176811605,0,0.6780231652457016,2.789086242307306,0.402164295501948
-0.23557029010538605,-0.6742681168689755,-0.8282112684683826,0.4112044983329245,0.042387608114256806,2.631544429167027,-1.0846842168716349,-2.061553877374765,1.3995701161053826,0.8402458827685648,1,-1.103796119816908,-1.3444780747734335,0.5546184114800796
-0.41238099618983426,-0.5316544014550034,-0.7801220673820703,0.7823765835192189,2.3583722991234395,-0.03224326403998378,-1.3933637277661801,-0.7088696733081616,-1.2868522755709253,-0.37400285900123403,0,1.6570055152948415,-1.825576509510743,0.5149047584770889
-1.2405630329616206,0.22782498362618098,1.1856758151829885,-0.4327022200778158,-0.7233119615763627,0.6128437521435345,-0.919988573807626,-1.1271159123346852,-0.4349631903368867,0.10827116623217486,0,-0.4176377120467833,1.929648696879386,0.32427505675689483
0.423620164290363,0.7492807563265704,0.6313370954717925,1.5034287607418162,1.3039755987100388,0.7896187245058962,1.4624800789231789,-2.6818519970429873,-0.16654943392255314,0.016470055411518733,1,6.401406220836265,3.2992381227084877,0.45938213054802934
-0.22883295541249868,-0.1286193016721116,0.10894303235640528,0.8809981888160335,0.8312331049820251,0.9500051131191781,1.5192981555736287,1.1264455152811945,-0.7331910189592653,-0.6051720004415149,1,2.1664632891466327,-0.18744690543441378,0.48747591351864544
-0.824553028868735,-0.3282115936883027,1.149822563220473,-0.5576946509425451,0.5312063668899736,-1.0544724612126306,-0.2335452387919679,-0.049306704033457834,1.847571507677552,-2.1258051910457385,0,1.9454238733460438,-1.7062401749802285,0.438273798953007
0.6140837973804726,1.3168713830399024,-0.9093869470863758,-0.7950664169132576,-1.1751384452758522,1.284315306095359,-0.5603606360429653,1.5286586609194348,1.1706872559371295,0.5965542852787983,0,-0.37718768054237684,-0.2495889624435077,0.4130444708066828
0.023069564462544354,-0.762512002790096,0.646819443207245,-0.4262165098855634,1.0419466042884502,-0.7326609330316178,-0.995868192078606,0.5057859231927223,-0.7996098109209381,-1.6864802306765856,0,0.14122700091969043,-0.6735949132583543,0.5969543427302166
-0.17207079110710644,1.5018072380302632,0.5386735387011189,0.6917238421069116,-0.04767954671970389,-1.2032290589483445,2.1843794166136523,1.2475325991568242,-0.5821850275478305,1.6567869158512334,0,1.4547848143137,-1.6580401354595025,0.3021798542842479
0.25101067245984926,0.3104947677675335,0.049315221779917685,-0.521793948501443,0.18925774520211,-0.7493926117330947,-1.977546435085186,0.052537754081585536,-0.5042122449699522,0.42179273712131954,0,-0.22684082810878148,3.355206936905299,0.4925650361526425
-0.43021186955014157,-0.11445122468232609,2.567235527930286,0.8686064183293536,1.5395547719144185,-0.354934591329735,0.028071815839727864,-0.7728888463686815,0.620040696215559,-0.641071428976354,1,4.550143100750345,-0.22928268147382602,0.4606117021254686
1.3329666186604756,2.488096470176834,-0.49685201702723,0.11245057621285467,-0.11849481540369325,1.0154255798277292,0.11447404792849919,1.9959354272922472,0.16734586582151756,-1.317889715066655,0,0.18517148216835372,6.290529079834018,0.3594930964773918
0.2606881969384484,-0.60423227286645,-1.0542082496339589,0.135149100773361,0.5670827712760091,0.2556778245761001,-1.3732365442648293,-0.5899663062832906,0.39531925060129647,-0.47147075589735493,1,-0.6109588787527398,-1.069336708204976,0.6064609965294747
1.633269281352138,0.37887075565406125,-1.820799773374598,0.016564675057441865,-0.6916934095395083,0.09495739688988795,0.8384342739952861,-1.8877623110324517,-1.117182463868484,-0.4091576238957973,1,7.223068059829798,7.441749700280978,0.6518541326239301
0.5043253087972182,1.4293778600744158,1.232111283919465,-1.3276605486661637,0.45882463920474736,0.3364720166457324,-0.1601954885451056,0.6283127542666337,-0.7093246287007974,-0.3153204336827135,0,-0.2895403394563549,-0.7828533934443787,0.3863866924324884
1.2803311837588702,0.6273833612553458,-2.56381692583462,0.07220397072012118,-1.0295408332031193,1.672246350788214,0.974950804277003,-0.2705877486259819,0.9974471985055057,-0.5781732185002375,0,0.0639354748723614,5.900301821683182,0.5809011786109823
0.9199491074551324,0.3264489837525373,0.7441589107442242,-1.482877328080337,0.3318753799971266,-0.7914988389611975,-0.4606276493430313,-0.3078451802304005,-0.2863524015604315,-0.46524027300988574,0,-0.7298187279286519,4.646687180257784,0.5736478508617983
0.06585775629919571,0.22762917020864082,-0.7831827343362654,-0.35280511961868605,0.16229938822145581,1.355855164945162,-0.48641222149590796,1.1407442036000879,-1.1126140392492634,-0.800502799321786,0,-0.7115303526104767,2.707341305535879,0.4797895909393703
0.34129257239369054,0.5488713632411684,-0.9364903010792618,-1.1086309681384254,1.9206007911508496,0.16332867428597916,-0.7868504537651722,0.5502075456549692,1.3653532102153716,1.2377819553635452,0,-0.3129283249400381,3.877356768970782,0.4740759186661381
-1.331032566510903,-0.6830967532657161,-0.781659576452719,0.28751468782280015,-0.043940723349074375,-1.1776717433813766,-0.6800538333446149,-0.623893822892707,-1.3742334795625073,1.2761037816756138,1,-1.2633920037547521,-1.8334835201282103,0.4197090441406879
-0.18677294449328044,-0.42428456212187654,1.3905168050763432,-1.3864913181156295,0.5491441504238117,1.4678872071640594,0.7438636196425369,2.183005419804298,-0.483645653491452,-0.34028408626928464,0,0.03776839594383369,-1.5999748364356399,0.5296541095432566
0.06017557394184444,0.21068786171988443,-0.8037379712780643,0.7636700325816705,-0.5321727430721799,-0.5725376335234139,-1.4456589323645836,1.496019028366395,0.4104360397840168,-0.3251095266485076,1,2.4063180152081953,2.5985558223951624,0.4811948384227582
-1.4337956873845505,1.4621335894350567,-0.42733900993039703,-0.33235377498969587,0.041938900704298884,1.1047392241571847,0.9428576867783229,-0.17872091044540733,0.9108793663776609,0.3183899909414298,1,-2.4534201577125265,-2.243928948530205,0.19031500780090999
-1.1745086732233734,-0.7288691639306033,-0.0877419832245342,-0.47046425583598406,0.07578078253421373,-0.013560772711301267,3.0121967059377006,-0.3396217332391161,0.8823701317141535,-0.7238918390737182,1,-2.3733354683199566,-1.5721685644404508,0.44452439567648955
0.2977965691249831,-1.0710310208428333,0.6795385880189396,-0.4773844217257589,-0.4811158496161059,-0.1797081593930962,-0.8278243309080637,2.1864800639181974,1.4295061182497129,1.1758027205528734,1,1.8330906819640662,1.9001455922181167,0.66472309768019
1.612771408617482,-0.11507359457187857,1.4479503953470256,-0.24881782757829524,-1.268784761657925,-2.7212589683659876,2.7077847442557346,-0.3658823942264719,-0.5144322497689502,-1.4200781994847715,0,0.15848176148350124,4.132467510085661,0.7034795253429699
1.4986094433300765,-0.17250608104658063,0.5587182952575469,0.14518836197013293,0.392015702758495,0.6279052844114612,0.2407085508534859,0.19785929850930284,-0.1931937873527189,0.12119827410548056,1,3.2790142742986337,3.1859556960324533,0.6975288053483056
0.38253030963727097,0.09976488635768085,-1.2280146196139101,0.14414795131333377,0.9555020951100092,-0.6961375695509945,-1.1713210492794002,1.0379165191632722,-0.3793210755952844,-1.3503100747586834,0,1.218395150415306,2.2367753823877874,0.5352869180900257
-0.41605598393102927,-0.27509407280124604,-0.04349258800737981,-0.8820246987770496,0.7668435239257461,-0.31975571000506,-0.667985455555277,0.5122770646818522,-1.2873910404152584,1.2472528140497676,1,-1.8031811912627274,-1.2418513330768637,0.4823870516274961
-0.7246078264506195,0.1952727530041178,0.8540045623757199,0.9599912527646085,-0.4514587033824403,0.5043848899513428,0.21823210308190194,-0.04279188994325429,0.7145105911660548,1.7146759225654804,0,0.5391037820173776,1.9237797855827672,0.3869999888926219
-0.9838100463342382,-1.0480924065702462,0.189387782319789,0.7653234761586517,1.5904553247973052,1.5699843167264587,0.06536863226338097,0.5498385102058503,0.4573215597730168,-1.3227043659464928,0,1.869847350187884,0.7501653471793382,0.5080346033588378
2.557038522690264,-0.16517697047553884,1.2916224087914212,1.3456479425695145,0.031059756936612934,0.23582809308546318,-1.4367461551534504,2.2505299466970423,-0.4144119444268999,1.362747061906925,0,3.1916930005569557,11.657711045545271,0.7959396765756259
-1.538032398026749,-0.06650436653663253,0.16350656448380765,-1.8501884824922163,-0.8938977743041324,-2.3662492755564433,-0.07717443005719671,0.28256718555314875,-0.9032238950893392,-0.26201896397101965,0,-2.4328741641097444,-0.30372897923338504,0.3239311305118813
-0.04266374805893309,0.8865116893135069,0.3729859196362794,1.2024364976846884,0.054696516779699056,-0.28663644083223894,1.1757147954504865,0.8514112010540542,-1.6404413406647538,-0.7287736659530357,0,1.4540882604222183,1.830804408359791,0.38589805535919147
-1.6371979236234104,0.4572135289121896,-0.43211269071954395,1.9254994080627983,0.29602944863712044,1.2777339129743173,0.5670590967893182,-1.1988750374308947,1.1356518720444062,1.3148470316498124,0,1.497589093643287,2.6719732016019906,0.25976203896921773
0.23116829048749704,0.2106228601827631,0.7267244973869528,-0.9760511689869308,1.1164300582264965,1.3994057092655,-0.13760880122668592,0.7772152965305625,0.13484404431227223,-0.35237446317050175,1,2.759976519155437,2.7962013627215008,0.502568156203621
0.06836339181531711,0.050702237477180036,-0.5852832964404902,-1.289721142463216,0.3745923925880453,1.5102713969040995,-1.0113527182442803,-0.2559899235951083,1.282274352850293,0.053660720378871256,1,0.21991796204551528,1.4672870046241144,0.5022076299465373
1.163512342609999,0.7823219487830912,0.4394503026746194,-0.7802380096321926,0.006746562322775207,-0.5893454043326989,-0.5952184143322279,0.21956889880047328,0.025712258082060666,-1.2307151742769156,1,4.485871087886612,4.780623317534681,0.5475050783363188
2.3294877607366997,-0.1256455549331139,-0.522027751221434,-0.7999169278325707,0.9983070142683647,0.20890669366684267,2.02456259593967,0.7823874731868293,-2.0803040291921824,0.6634713774820505,1,9.810257411906171,9.311287273450214,0.7733923987305817
-1.7584619609719183,-1.1665960609903212,-0.9711743089494044,0.683695737760494,0.47497663489259356,-1.4086317961013506,-0.3169201893421473,1.3611473661769675,0.29411907872148313,-0.7873039336088388,0,1.1377498884701551,1.4218294063963355,0.42655200709978314
-0.5427103476697864,0.46902291501365245,0.27397322482235265,1.2700656961252346,0.22956531425347995,-0.9104859333729133,1.0526121552319778,0.7976500522528785,1.9478532104384865,1.0649983426447984,0,1.8511733253593416,3.0693419394419195,0.3761629823687337
-0.11412482028735745,0.8424301135932228,-0.898608044171725,-0.19976592462937642,0.8540581391163834,-0.2289706130104969,-0.23566315068978688,-0.5478179561634169,-0.5245566125654308,0.764876987282099,0,0.0012633066389215186,2.0797705919106395,0.3826589587445071
-0.927213102016993,-1.087729582775471,-0.9656780265835022,1.3871289567293783,-0.4308526789765206,0.37422414720357666,0.9247762075931252,-0.36501486537166833,1.481515056649132,-0.5733673380890725,1,1.8596979454766251,1.0759912134286687,0.520053796731236
0.40467540243051325,1.161683489413707,2.2344994648261576,0.7360974535685587,0.5533923500225064,-0.6185034021104379,0.9355368624791479,-0.09998656476157375,-0.12544615815763904,-0.9013164256949155,0,3.367723123048463,0.2828620120937544,0.40648775419356775
0.11951752459281106,0.2678114076324454,0.12439358063012035,-1.7872024290249875,-0.8719775228056751,0.4450870026389172,-0.8769545099905683,0.660184761869521,-2.2099159252999185,1.5402733788109422,1,1.1871954220968957,2.9908190321540795,0.48147175251096
0.16147283695217718,1.107417038038963,1.3685310005833449,0.6375245154385848,-2.9457698992121926,0.7555731826452187,0.011898900870978385,0.150198709750997,0.34524251416594876,-1.7045305941157187,0,0.8307236117835398,0.3475106168581308,0.3839130289422941
-1.034679649751375,-2.9797826817738415,-0.02524022631428376,1.6924820513214311,-0.5893353021064609,0.4698077617600497,0.9025585303520249,-1.3582178150693833,0.2637102183328127,0.797574757071585,1,1.862984889446234,0.19666048855653384,0.7256277768236953
0.015354461202217628,-0.6101072698577631,0.5277650271552755,-0.9658715024321025,1.4946059188437533,-0.08249092150577396,1.977024327381483,0.8620536052634494,-0.811953547701506,0.7402146608741423,1,-1.2027439102486324,-1.336443457061435,0.5775516940900368
-0.4241913211237935,-0.6867818637305924,-0.37359342585150807,0.28783131400125644,-1.7744704292767668,0.5635740468001775,-0.6980999168990406,1.6649789244286324,1.737309900264975,1.4436581228212062,1,-2.375746555587233,-1.427503592533776,0.5327767463276848
1.2293608544724093,-1.9922757974008205,2.246321162007175,0.37652656679141067,1.7913962183667433,2.6167823215416193,0.3180627052196395,-1.6264460765364204,-0.08732990412725145,0.8584036022539586,1,6.915940511753124,3.4797033630383343,0.8335249692215514
-0.1670039126738928,-0.8356574216057691,1.396400940864145,0.1814636085148529,-0.21389398648046803,0.07425749092055223,0.028733699966818252,0.9556223901460387,1.2679188484554382,0.9896292168879186,1,1.1773720738509628,-0.38796265982639233,0.5828117689256218
-0.42970665429269966,1.109056733670151,-0.2930312824671565,0.49474964733754856,0.29346369869968647,-0.9751043932991442,0.31201347775010324,0.30318898263940947,1.0705604212295767,1.9644028971315386,1,0.19229206333294563,-0.18917072804086443,0.3166128734466308
2.414557080994934,-0.1877412794424697,-1.1763724439908692,0.40740137305232943,-0.14531829995662948,-0.13113922946705414,0.15977760570968205,0.030020664313998836,-0.9126137007944465,-0.5691088399294093,1,10.502192713431517,9.794314471144355,0.7860283246622063
1.66951783313451,-0.18699543575446537,-0.12355609943100175,2.1543477584357293,-0.13442289457997228,0.04269245687077168,-1.0610074328972712,1.6317647566142355,1.6681129974907463,-1.2256104257749312,0,1.7314761023131977,3.9239782039406013,0.7167214606047454
0.059845763135278555,0.3187021743247772,-0.194453860710637,1.080208039361547,-0.05546285592460603,0.40379870507733573,0.49376283332999216,0.16430141143844024,-1.8118429916906051,-0.6535290765238859,1,4.265636568709148,3.167013333158863,0.4676880425909562
-0.9178640687658963,0.26407917778737333,-0.10227163218736265,-0.2389735516900828,0.21483479606723424,0.004008145013440339,-1.2036135463342623,-1.1706695622985788,1.177984343183623,0.15249805727627297,0,0.4248533679323987,2.243573859471433,0.3564119498760463
-0.02315775094901589,0.8171580156599377,-0.11468419363951911,0.15110062134781457,0.3642859702935828,1.0620494988365754,1.399159128154564,-0.7144524728786636,1.2399047324013308,-0.3187651968402227,0,1.2637687949189949,2.3354678302181724,0.39647897066453186
0.7359380143656435,-0.5819531158492551,-1.193830930252404,1.0600568886686708,1.8964004225407909,-0.23046564813356915,1.2847015280972192,-0.4478155573012299,0.3964481355237096,0.09588345114762889,0,2.048692265318207,-0.3301583843705722,0.6590234845179287
-0.08364850934545369,-0.10168655360576632,-1.0278348716937233,1.27955979644295,-0.6361731741132073,1.3354089254770252,-0.5583290932276981,-0.4867816572234879,0.743362462724047,1.1208564956214024,1,0.4253770067583077,0.13462505366915556,0.5022547402486602
1.4517808389674722,-1.3892331573644106,-0.6837765768680166,1.6583096341756407,-0.9534582252786449,0.2290806580716087,-0.5483902035648494,-0.5904275978620095,-2.4910393422908412,0.8265253677712138,1,7.155313478436832,6.620868158240915,0.8054178854218087
-1.4645273134814838,0.07464688380199623,-1.110815630866803,0.5265540367202294,0.11394879729437041,-1.888345112961965,-0.9576322322074423,-1.1093440180946499,0.1873610995566556,-1.360674389635663,1,1.059641877948882,0.8121035560770051,0.316568431886652
0.018855817834511592,0.49079245856844317,-0.16581487241406198,0.8104571222139235,-2.0941298223688927,-1.002009623212997,0.7719370148747294,1.4546188497894577,-1.1094060653127755,1.9713990866219921,0,0.5200470503559755,3.517988867561786,0.44128013270395444
1.4174578167828253,0.9735530171700261,0.7490138913911047,-0.3794852761666201,-0.48819592596358213,1.7255741757379357,0.5597058719080281,0.9380205086627258,1.421595503805102,-0.3769381035024958,0,0.5630010876608162,4.334091696277049,0.5552614246427849
-0.45682381583210063,-0.12582505559571575,0.5484213206624183,-0.38113590328604174,-0.5716924952209141,1.1333906200361776,-1.1586528462355936,-0.660938702973579,0.09155996887591285,2.2975751434951666,0,0.12196629624464325,-0.3294001672274689,0.45871933525694714
0.14370354422901468,-0.943803615340929,-1.8156665917358585,-1.7242612919416695,0.5380424522221,-0.5006219791742199,-0.8775962107266781,-0.4116080959153648,-0.6383607316205824,-1.674021309956658,1,-0.5133669921738092,0.7154656296325193,0.6326851632281961
0.5519858158688794,0.20733036237120314,1.365681646644802,0.6727575818655835,-1.38081558094006,-1.0218603795181713,1.0397931061273045,0.3319664125529672,0.25817530539500766,-1.9911980702713288,1,4.179384885387395,3.2523448922964957,0.5429756309004289
-0.192017679135354,1.014096814141867,-1.49756202912273,0.8504528192226708,0.2441320323409538,-1.822671108223056,0.16246696710431613,-0.7719185275835196,-0.5499376231281989,0.39002084840382806,0,1.392104993206592,0.714612346051707,0.35364455579986787
-1.0681194655326542,0.20005877327221472,-0.36706197830630094,-1.0971269915624715,-1.2786313378511627,0.6198708759736149,-0.07949969699072948,0.46709811810618707,1.4757683421691397,0.5221938999244182,0,-2.0058978840695048,1.8134907149711297,0.34658392147820605
1.0023223616876848,0.42062887804394605,-1.3001066649562485,-0.18936856043908418,-1.6969478860036498,-0.7991901657540412,1.0145918464295443,0.5429948046085232,0.02205265722413325,1.114717010691723,0,-0.7745196246315214,5.147283502478314,0.5722034167000375
0.9324852386568236,-0.6704438516298793,0.7074920511860584,-1.7617527498436751,-0.46823565071048834,0.3141395276551321,-0.37449733715817224,0.7349372779326884,0.4137491043384547,0.2769281436466866,1,-0.10584239404795814,0.39073741494761727,0.690287674340228
0.9598624705973148,-0.12629159970142217,1.528137115581885,0.8868674903049902,1.333174112618877,0.7625893947228389,-1.845339643038831,0.4697885742870039,0.2585987823671454,0.19311317559875132,1,5.249862706430655,1.6452646147904288,0.6325279237671291
-0.4439903887805802,2.2511280272591194,1.4942506446411703,-0.5066920247007589,-1.5140511961349024,-1.397641367562067,1.1277158007821404,-0.8814106631285523,0.6535594962532925,-0.15851241677404035,0,0.44987955948082115,2.415492042036192,0.20626969790048735
0.6356445869295467,0.019863346074521736,-0.3566281753406896,1.0169834808206266,0.8084135250285015,0.3627325209759821,0.5542046923390855,-0.17510808625988022,-0.9404193789093962,0.4761672502681738,1,3.0379406212668134,2.044144008209833,0.5763703021806912
0.27847479469837827,-1.136084533816622,0.5401856550625421,0.5868573381336527,-0.582851443021037,1.2242498774489834,0.24133645623945005,-1.2754981414105864,0.15000701716958703,1.044582188277776,1,3.5059886557690407,2.357656465827921,0.6697997866576847
0.32203704805460004,-0.7078141905331534,-0.014234005156692788,0.16623993573021661,-0.937220974752779,-2.8519818932211027,2.4797839226312313,0.1424083612667716,0.3663990023736494,-0.5134063952551681,1,0.2724799575825415,-0.6059269389459974,0.6259604428799921
0.005943335892955016,1.3446433935856672,0.4856742870187153,-1.2890630936845842,1.9547437656237596,-0.05742436817673813,-0.3947314501529119,-0.3700757644486737,-0.4914473631732994,-0.2214920142165386,0,-0.6941692910178442,-1.2021410878514927,0.33864239548618474
1.1374903406698302,0.33715700551229016,0.7016201870647931,0.5021771724298829,2.0596465141568445,-1.0022595424765972,0.3797829578974061,1.0535114418092393,0.15687333390622252,-0.8064641415023219,1,7.691603954493151,5.298853548681366,0.5987277031304966
-0.5601106303349123,-0.773408760190776,0.4828128861921538,-1.533478951302247,1.1910909423627896,0.7903080902138481,-1.468376847278759,-1.5456161113583131,2.4928251292524672,0.3794209379181198,0,-0.40606368964906836,-1.0619571450792766,0.5266370235068373
0.47069759787456705,2.3661325367119117,-1.1974155529500212,-1.069458373046277,-0.3720047079449011,-0.34937785434025326,0.568722167138886,0.901309970640594,2.4076700080890077,0.8195887172106487,1,2.1511675279387723,3.8832648854109797,0.27934408890904766
0.18288759828742412,-0.7159923026355971,2.3943091441875985,0.728782549692786,-1.591831869872955,-0.1808917896711355,0.9438313355860838,-0.6911924515053969,1.7452791329303612,-0.36103369330795976,1,1.8192629261704525,-0.7455142583335976,0.6105060689055669
-0.6556714037200698,0.3354161727491833,-1.2296143320532507,1.0710115362253187,0.2717677199166426,0.7941395997373182,0.40429573857996637,0.1329884034283399,1.5155588026798816,-0.28109923172902146,0,1.4155528690628696,2.69228981658558,0.3785884651588641
0.9024759028659209,0.3975938692072674,0.2546437539967025,-0.14545613746193672,-0.9633212257363706,0.3821064167223468,-1.1077322519303605,-1.7668026535278984,0.38593553847589546,-1.4662606772225013,0,-0.6331879737253567,4.837434099720214,0.5627772268512292
1.5094499678859508,-0.6063792201482812,0.1370314035962032,-0.5792003929811239,0.20524252268743226,0.7894466907376904,1.0008535142745414,-0.4968430704181408,-0.605669558166298,-2.7900520662218518,1,2.5361152721054774,2.162559219551396,0.7422918198561921
1.4781647228921129,-0.4949854831068751,0.21540418536582284,0.9981398192689162,2.077178589786499,-1.295809649353061,-0.5670042245995927,-0.49441440038933815,-1.5693577260302418,0.027756819182598234,1,4.10850370863685,1.885201014274398,0.7284109105410961
-0.3132956368125483,-0.25807125561961175,-0.7968351643379007,0.08213111463934814,0.2830388238549556,0.19058760850253023,-0.49058811320674767,0.6820625915895924,0.4637876513845247,-0.5473498858953838,0,0.2844479512548898,-1.08098467582166,0.4930973909100965
-0.26827831203715075,-0.40817117348351895,-1.150656234594907,-0.3465621504033664,-0.9562517867314339,0.06952038022952721,0.011804591117403743,-1.0881890010111646,0.5121182581291818,-1.0411672923172772,0,-0.5671647189522123,-1.6319923763726036,0.517479481726857
-0.18805224517003843,-1.4152728524845757,-0.5499103732758217,-0.5547179644099437,2.2101785520984683,-1.3585225393465223,-0.11815958332353212,-1.136072574016882,1.3232269276009536,1.9303453039699099,1,3.4961689262933717,3.240529551651383,0.6487639206219451
-0.33791388857891785,1.6599706780258159,0.33448176052226625,-0.24049122804855533,-0.36264885358027205,-1.3823073221600344,-0.27539611484195003,-0.3364163475352332,0.018866595417958883,0.10842313510870046,0,0.22616218159599713,-1.4776209311115762,0.26914943191198154
0.8172798991681529,1.280734293273299,1.9528491317168342,0.6306461774634062,-0.8298686468652435,-1.256912514948465,-0.19395502704811377,0.474134167893795,-0.8776669296362534,-0.34914381116007187,0,2.233491482416897,0.3343781584240433,0.4423260489479473
0.021295582277364982,-0.8664193805480929,1.1348087508342726,-2.074458200999467,1.0577012092705353,2.3436776285114647,0.17144045151655177,-0.398092922477333,0.03724862623287775,-0.12136183141571931,1,-0.3185160988847831,0.002908380433812585,0.6091778065224425
0.4587036780638902,0.21099162417245151,-0.7400839486755312,0.8317797497192712,-0.9277726110564349,-0.05836562007410717,0.66770778347316,1.2267047455415234,0.020625039654990886,0.9094936974521745,1,3.2412376098018654,3.120435918143695,0.5309244842282871
-0.17009948408988268,0.771505901617171,0.34106237821963054,0.7039887032679991,0.7950045156104982,0.5560963858054683,-0.6742253427036562,-0.732428886777407,-0.11808711998727259,-0.8240336288826802,1,3.157917443328409,2.4879702779939383,0.38442627458019135
1.9995584047231363,-0.5845717612498459,-0.2685547432962468,0.30905460129758133,-0.6393418110041512,-1.055183861067348,0.40093922048362907,0.03933728797886762,0.6940095682583239,0.47097612111371323,0,0.24035745673636028,4.973514978258333,0.7844965207903638
2.2490562590537593,0.48992032760715204,-1.5373193283648785,-0.20645234617945837,0.7293185131107405,0.3225698467582753,-0.13294462225069537,-1.9392695771685446,-0.004739118282986211,0.8485277670481935,1,12.574975028282047,11.977532762845644,0.7067326849778023
1.0392784393213708,-0.5785740850952863,1.4102071668225726,0.08808247038069682,0.25231411558612793,0.23307742321269012,-0.06019088742863822,-1.217346279139974,-0.8601480452545229,-1.0738794019005944,0,1.4034226001621712,0.4029575960729339,0.6918806501020318
-0.43897644444080114,0.39323769667081354,0.8886037834344916,-1.777312820638372,-1.6972778622938598,0.26869480511525895,0.7703015570567995,-0.21845710511804273,-1.175922312152235,-0.9921710277183192,0,-2.375633072151224,3.0053897635190396,0.3974486682087156
-0.8848208727241852,-0.6797758500313028,1.711361737515591,0.06987072133916776,0.2718702857543331,-1.1539802572058455,0.9298137176896983,-0.2584513285765724,0.22329112536243642,-0.02156334294432151,1,0.38180619008551525,-1.6989744889105716,0.47439179859802666
-0.7413257049234268,-0.0864785624004739,0.26562739244051925,-2.008285907358431,-0.5080963677591849,-0.6974460937136906,-0.7021484353606804,0.2499912053418478,-1.120819152943094,-0.2452775911304345,0,-2.742509684949124,-0.1943946668729044,0.41886763969076196
-0.34365903627089,0.20411297900078737,2.521816497224916,0.13896721064845866,1.0754412989079782,1.7019766828420062,-1.562465544968737,0.19300099546763957,-0.056757388038817906,-1.2465191768322874,1,5.008121419927987,2.2046443102273385,0.43195333569308847
0.37142598823215583,-0.08276960219242024,-1.8611047846309945,1.4447736102179143,0.4808738495363335,0.38850235801215594,0.526293672711557,-0.7890929416091123,1.336039750881052,-0.2827913373718868,0,1.4968929023380397,0.8070306090299442,0.5565316963628608
0.7862536336661583,-1.211718881767049,1.2121889200118907,-0.7259471474495439,0.02418224235406017,0.09958154804589671,1.8358617578550198,-0.8125314780042532,0.46573604684540304,-0.6063588797112391,1,2.972261236277654,3.738069525741148,0.7308592181199508
2.2943159426144026,0.19160702102731686,1.7303667865920247,2.0921530969949695,-1.469431071426192,1.0167735294557831,0.09414094507338869,-0.5448921372533246,-1.0201444211887123,-1.897735762071518,1,14.852140902359842,11.333278950794876,0.7410349079977839
1.0189437458156947,0.8897683486796837,0.3846893276028982,-0.6822321116198574,-1.2496068472042905,-0.4826567053076808,-0.18086849020531554,-0.09881822049867132,0.3815045815298681,2.1093887444568007,0,-1.2933667319908126,3.6188235126025305,0.516141313812633
0.3523779996644031,-0.12079825364279777,0.4460011398295113,0.9125625099542352,1.2361955595355372,-0.22750622060507392,-1.6405318673288685,-0.1426901982378132,-1.8657519811307846,-1.4618101779436572,1,3.2790475959909626,0.49630841930225444,0.5588726761951238
-0.57772640178306,0.24064893198873327,0.0367191056734061,-0.6915956268494348,-0.08429617090322387,0.41197127798163286,0.49463242613740027,-0.4132342850631535,-1.297099436061584,-1.1163207430666686,0,-0.020132592506476255,2.2762523389058593,0.3991069193791723
-2.5806782829057386,2.622891936389792,-1.6121620900703726,-0.5236431517688316,0.8239585926514204,-1.0113124309736476,0.5777129879484197,0.7534699806178616,1.695666089470951,0.9251882933879693,1,1.7598290140054647,2.3917067309194118,0.06902362204846445
-1.755725468954163,0.19747402059240535,1.1628627006219945,-0.24649309995370144,0.8511053256652475,0.09326593667850447,0.6444542133200811,1.8850959676087162,0.31059753932663864,1.1613269299069153,0,0.6451211416850573,1.6261487947795483,0.2735669893796683
0.4479990789897829,0.19221667468203443,-0.47190703914803045,-1.46064698921293,1.9811609139532091,1.2545086437315465,-0.8582545090601077,-2.076893162704472,-0.1127331707754042,-0.20510391755688973,0,-0.6580590282421019,2.9847507522447496,0.5319292923474336
-0.20960383893131462,0.8801735368150411,-0.3431965139557102,-0.058365212393633605,0.871998992408171,0.3463462384461292,0.07532866850795819,-0.10579966358585342,-0.41283559926131147,1.0893766458234897,1,2.6167478234973163,1.729949433041756,0.36705108348054843
-0.7195478816521269,-1.677715646075055,-0.9934016096463961,-0.44266492782365163,0.6763729583901927,-0.36146339987663434,-1.1795428782737,-0.897630306998569,-0.3197402387168269,0.21260235171536704,0,0.07778313682303203,2.6073511660090865,0.6175315235711332
3.3859520541453176,1.4638344596736566,0.8753154948266659,-0.24058098187614316,1.022307029639591,1.3781301804093042,0.41549109582551497,-0.07438914870147102,-1.6582691936100156,-0.46153389569238706,1,28.07169258225331,27.062227615301502,0.723333743882277
-0.6869116617880278,-0.31370046182284483,0.7249021104053366,0.33421621405393026,-0.9801901740861164,-3.5194252991416866,1.4200320665955457,0.9239588585230146,0.4924210393186608,1.391699336097922,1,-0.4813971819704146,-1.5807698768662606,0.4534835034942817
-0.3619647529392854,0.3104765077401086,-0.6996373569400511,0.6347014385914378,-0.5566714984992198,0.11943717894334858,0.5998854475210625,-0.30308200472226027,-0.5354375461597537,-1.01337923789072,1,3.331779236815993,2.766109615742834,0.41672782225314003
-0.7124708719857408,1.5456377988710908,-0.9314600806237707,-0.3437066683681746,0.5042518250607154,0.2348129819154264,-1.283665403245456,-0.4334911796328129,0.48308586616637245,-1.0111441320808383,1,-1.5381316580891968,-1.9839174581548786,0.24433566217202762
0.6671937394838291,-0.9153958502445344,2.0780961821950186,0.26175614208264064,0.43463792227377385,-1.1003848224411026,0.30223304699702414,1.5984815505047558,0.6728467049875423,-0.45232259159625726,1,4.47229375884377,1.2920776032878538,0.6881092805107731
-0.0038465231794126064,-0.16383354186241583,0.30734350413774164,-0.36482861241743114,-1.6224021552551762,1.3244762252763174,0.33443436303595325,1.9365271729396105,0.5717089681464361,1.5926255745324287,0,-0.9888718566377938,-0.23451967757667214,0.5199877200842435
0.1821343228389117,0.006410729386485726,0.6142978119015537,0.7877112398196777,0.8007782685718797,1.1840797098460487,1.1481087303221291,-1.643743379460336,-0.871992924302487,-0.14349188238714428,1,2.5621135332407103,1.2501216874434886,0.5219513295334466
0.6705806117171257,0.708902227367976,-1.1318650714901366,1.8295031674621816,0.747029386415282,-0.5291364996470863,-2.531995749069546,-1.510737088572925,-0.7201857300175825,-0.6912104883304065,0,2.89322833860086,3.9360324909205535,0.4952099445931177
1.1516609122424801,1.2930227393601348,1.000310861219454,-0.36907752120923976,1.580727081453728,-2.0467690122975735,-2.300086605618986,-1.3763592575880912,0.20560596019642438,-0.13846024797347845,1,2.760043573599286,1.1735937608894833,0.4823371243351741
0.17212063513445278,-0.7333133723623657,-0.5549414163445875,0.22644830153982243,-0.2765910938485071,1.3433178239863195,0.39086959440557567,-1.3533287051610845,-0.46295370505497685,0.1826777497572819,0,0.8101774384776721,-0.6701458441880996,0.6112850314058657
-0.5490217359301108,1.046378780544293,-0.9782238864911978,-0.8944667399870857,-0.29551338057214793,0.5978694910369027,1.115200509300116,1.4454108205326146,-0.134530879100769,-1.078080567326545,1,0.6255566899245875,0.21454386996694663,0.31051767073536835
0.08709467655125266,-1.417646190604549,0.9456559198319795,0.5257476726278792,0.09789984012920507,-1.8280048724850848,-0.8481464277358641,0.6492263780378548,0.3331185734515815,0.7293696228293977,0,2.1850311785270478,3.507794233021285,0.6796949852605024
-1.1141959197343583,1.1088302777827006,0.33096040798281967,-0.07423562214554724,-0.7449837603300009,-0.5689386778377806,1.1375525622919156,1.0444493649208568,0.9164963342497146,-1.4598850331925146,0,-0.3523723539553239,-0.5100161971959584,0.24758890780859202
0.022058814810867373,0.9612608727836306,-0.1414116067352796,-0.11708638248890926,1.9607886440521034,1.7972191708897036,-0.5932444484948592,0.2848947699980777,-0.2822437104371214,0.43739730954986633,0,0.796589562510055,1.3258097761284378,0.38471067904310696
-1.3147412236871938,2.6319621051712483,0.8995054000840277,-0.45493161265426446,0.031078546597314686,0.565434595252416,0.01578488083382306,0.700490577056617,0.8702747319024693,1.7148879222940305,0,-0.49120561186831696,2.5567666375065135,0.12202934044655524
1.2317729962727235,0.13539955755021676,-0.41043800537278397,0.5116827372167506,0.4493349804133822,-0.31912066986323473,1.4410032447131946,-0.9086358998041479,2.6440960874536468,-0.6870470331919062,1,5.4416977842559975,4.458945920009414,0.633714793810002
-0.1455625426371686,1.2290813025210887,-0.012693925060517433,-0.8541760218433821,1.2739105756017046,0.09557893806959686,-0.07526463383801268,0.2905988499782521,-0.026262169655394116,-0.168584947935679,0,-0.4014528027304779,-0.7833245906280848,0.33462908946166237
-0.26825431282196893,0.5422362427131029,-0.27224778129586763,-0.04444671854178042,0.7896433776973388,-0.7940779248835984,-0.14263015189786016,0.30935730411369305,0.3735351794758287,-1.4491157914514001,1,2.9319742505287074,3.242737564570322,0.400052760441373
0.053430864082938415,-0.687158594375422,-0.339790137402351,-0.3846097338891913,-0.24093817945135845,-0.717139353793741,0.031303712945488,0.2101178262041018,1.481196192926286,-1.3045971588983927,0,-0.003339104422878658,-1.0252784783837954,0.5915301934851445
0.26721765961381333,-1.4899647480147027,-0.6992245845900997,-1.520656417241366,0.538455448955401,-0.4920528228331188,-0.3191714728817741,-0.2844447930893928,-1.164927605987462,0.4057827579060806,0,-1.0469876937697118,3.8050824384720268,0.7065301988730427
0.2574950927004688,-0.7630482503096027,0.4905578289819463,0.9805080861241726,0.1595202474782006,0.1448839381438726,-1.049728186161765,0.7037571785115828,-0.4169569656257088,-1.1053037500266516,0,1.8828591786807385,-0.4001519313395143,0.6248701584514065
-0.22062263100371565,-0.060890176472637655,1.0666816969155277,0.47621009188331176,-1.413681290069964,-0.028336501328067372,1.792619602222061,0.6170589961373943,0.21921254003188895,0.2518987999238412,0,1.3553505091137341,0.3267002425043926,0.4800440496651998
-0.5475658258097145,1.7832039644147717,0.4990954539585789,0.3676099122062589,0.11807007043355928,0.5397358841720459,-0.7569356600975183,0.31382154104702253,-0.2638530924215564,-2.107844234064402,0,0.1753281675599988,-0.995734558073414,0.23769019901310448
-0.35320692966625916,-0.9588994520602577,-0.544406290364091,0.5417743523349359,-0.6368146404743462,0.06024016688091489,-1.2792176846888155,1.0114733747320062,1.6722358835445814,0.8896946792607037,1,0.37075285558767856,0.3805251050565255,0.575138161153775
1.507746987212011,-0.20627283669439023,1.2630817126151501,1.6013418396744765,0.04501903219816256,-0.472059831001174,-0.7461436674751428,0.16916538567690576,-2.428191975264945,1.780122657766954,1,6.008026908202458,3.0075106346985754,0.7020355609341546
0.7716134904903127,0.46297808878743246,1.718009245565407,0.9469104852938356,-1.1213081761181318,-0.5371542328326306,0.4867129875990092,1.006644772803107,0.3239065737194359,-0.207907294639435,1,7.492386616995397,4.6463635120760145,0.5385030463783242
-1.2904420356399209,-1.3405140115424568,-0.7663914846945404,-0.30874681193853054,-0.08174476903555604,-1.8964439052462343,0.6166490750636278,2.0514949612047917,1.2425316007971803,1.0623959554112854,0,-0.7164408612363531,2.467857830906465,0.5062586700796703
0.06425038410818822,0.42150626874668967,1.1094728351952776,-1.9194798388665517,0.8389319853267315,-0.15390698201007252,-0.08295273416921312,-1.3367174202734027,-0.8309077505599982,0.4034323800609042,1,2.8592325750664513,3.4907321981520596,0.4554613794640214
-0.1358995212769673,-0.8362275861677446,0.36343861912434017,-0.44527641971641574,-1.218728027849278,2.2827373283824524,-0.5872264294738432,1.277415733816081,-1.2191412606090892,0.3481555937338319,0,-0.08536395187438939,-0.357332283592273,0.5866573557927932
0.45367450051824043,1.2444271298120824,-0.29147014721892384,0.13129100745581532,-0.42725167984713003,1.0727365530973676,-1.5285649049893677,-0.18433095644327105,0.23714917349470419,1.2170547329204702,1,0.4237662288324601,-0.1624625513706841,0.40242373512897384
-1.548540531780172,-0.9521587855143648,0.5703490909999898,-0.4969971070412778,1.8161232247019587,-0.1354832301751817,-1.528425586191261,1.1244244081222727,1.1310304058485254,-1.2470884520160224,0,1.3733896335843343,-0.16177301084551565,0.42599979873653626
-0.6279689599590816,-0.7862762175354131,-0.11524791364029059,0.13701653708844255,1.6247651495513902,-1.6817094564216213,0.006983643506564335,-1.193625868379897,0.8728955961185029,-0.39592715595164574,1,-0.6827870513503045,-1.0215969252433674,0.5197780819787771
-0.15589296417483015,0.87207314520887,-0.7703917274810482,1.1263340361279586,0.6300113962515052,0.39492720134079373,-1.65531663722221,0.052251622298766814,-1.728824381743991,-0.5861723616719597,0,1.1903134042034027,1.833556256191958,0.3742602696972222
0.23276882579475444,-1.2253528527045503,-1.2083396298957214,-0.7208964901485745,0.5012460439600891,0.8315196365490702,0.3902258788369547,0.9419324811676462,1.5088852369191166,-1.8155726074364182,1,3.0191113150515125,2.8878161178848334,0.6745991463955591
-0.2855281419522707,0.6549785638057735,0.7483182580892533,0.6092082582915751,0.6708594428606678,0.020181604185031,-0.4771640762150991,0.4314136876816276,-1.489941003862724,1.0929185685347071,1,5.2200916019527615,2.961110039535494,0.38455628013335075
0.6888415659681051,0.5955174342062225,0.995838423466271,-0.1997615126382457,0.9045603881571423,-0.2558583262004519,-1.1413792952920605,-0.2584446586212489,-0.20326440051469508,-1.2658865274447149,0,0.8960852683118461,4.379691707019164,0.5116634002732097
1.0551633513226004,-1.2486773593199547,1.8854308642955617,-0.26486130450705303,-0.23866138906940418,-0.43215493660998794,1.029676307141232,1.010236744925274,1.9853532664675906,-1.1780200184058491,0,1.4059562092011113,4.632850624305334,0.7598615028678993
0.12773663864731505,0.481136747651698,0.19541611009500112,-0.9928192834811546,-0.14963588254531637,-0.5256977939708676,0.0400107273152682,-0.527352277958909,-0.36457744924831104,1.0504299419451197,0,-0.7432274446963311,3.631865220962216,0.4559395680007431
-1.690211939351595,-0.6432462829088194,0.8700917643554742,-0.6509622763576697,-0.49090658212752036,0.4066367715157902,0.3370684718331005,0.2574466525175837,0.15167075809780095,-0.1375583508347166,0,0.14143234397064672,-2.066613987355312,0.37203819327113685
0.6261919770411906,-0.659434328522079,0.3095408316736253,0.1224113311553944,1.4942968571502588,-1.1823186121586975,-0.7642058684281308,-1.2182669276135614,0.9959161740996436,0.6538795534264681,1,1.5517472546032263,-0.32242937058353727,0.655389100494661
-1.2392770977237346,-0.5416088705043312,1.475907636406726,1.4972123383178024,-0.5236691552748107,-0.5646332160946791,1.2018862928605143,0.09767693130825711,-0.2237710204710584,0.004859233108172876,0,1.9621209438154006,-2.1890778722489266,0.4136651740173412
0.05341864622965992,-1.2114548964749077,-1.230754177288594,-0.7303660975441982,-0.6972400263492249,-0.35387422799028534,0.15360630548441404,0.34157146889455503,1.5232160581508312,0.07359302521401724,1,2.56508745875166,2.5961516559151656,0.6530417871913388
-1.3597443015408341,-0.18077523886071295,-0.045408962361687316,-0.25657432924348933,-0.006363956952362519,0.23249752829816342,0.20038235427117185,0.019156230698121276,1.820462932840248,-1.028707913616882,0,-1.286364664595129,-1.0879774657601458,0.3567531354903644
-0.2653821985740866,-0.7184904407684722,0.5463809242405517,-1.4378687330301134,0.32360001476798833,-1.2297568196249784,-0.3885526842005646,1.0923369001219323,0.13326275255457928,0.8453183346433196,0,-0.878671151180634,-1.1669059670852548,0.5563975112047472
-0.11552927517493872,0.929260436490178,2.1368739268204084,-0.17853554496047996,1.2857624272772212,-0.667981797815003,-2.0506313195009858,0.18765385633552553,0.3094370539739601,1.049360885626468,1,3.3553717355168686,1.4419197474694179,0.37229240703105154
0.7092630113084979,-0.37350013260451553,-0.6722319360512986,1.5418567269059018,1.2538236660318884,0.4402336367632658,0.3041090207347949,-0.4314966922169065,-0.6946296413734335,-1.439167752415033,0,1.6291430196991348,-0.27267244049287864,0.6321337480166257
-0.5798338789707896,-1.0729520327178432,0.8770163594547234,0.36560166898522367,0.2219335667958847,0.004921020372916323,0.7765728856722993,-0.06840935204940207,-0.8901079306990348,-0.4991903157627196,0,1.5600012451932672,1.127952547539135,0.5613293920297722
0.760410700842069,2.578544684745336,0.33153053714264574,0.7789804876932971,-0.4991699629986588,-1.3190079538403356,-0.6621246582050451,1.0751664640492424,0.8791350314588523,-0.17545015062928787,1,5.617869233306526,4.5634297076956045,0.2871907974888173
-0.2416570307720249,-1.2542219888225874,-0.3006761291996239,-1.025079959448117,-0.9187581929514956,0.2615243272526812,0.8146345858755465,0.1883504127582721,0.49860754619541053,1.4654955167024886,1,1.326655115814948,2.5763834947487,0.6239345972490399
0.5966815966416937,0.6795885304879803,-0.07623880068266796,-1.363961617027861,-1.7809125395444838,1.5745565660817578,1.0658772968132704,0.5159735678156413,1.3435045332806956,0.4546357611144372,1,1.7525007637129937,3.9286319637660956,0.4896381170396556
0.5238120866548175,-1.6623608917839194,-1.1992114923008417,-0.700720396898568,0.34204699854176795,-0.565250189900177,-0.18690970470057786,1.252454411393124,0.5227003784628852,0.25756523448608076,0,-0.877000923617571,3.870225576173086,0.7489624819642166
-1.347476158141471,1.6155909196511629,-0.8464644114995594,0.9217129252530715,1.3930542891896052,-1.2156625524048013,-0.348076006914982,0.23691904617942916,-0.5879245696104077,0.48085053760478846,1,0.24012262596530864,-2.0770701775647478,0.18519589903655337
-1.1028068268697682,0.7687599421018432,-1.276660463139311,-0.9398428382412543,-0.7342633202199392,-1.485570280615237,-0.9703757843268062,0.5922841058774562,-0.045805943816981866,0.2137703821715867,0,-2.0352754946493787,1.992510806912304,0.2817528656165066
-1.2330455795516173,1.0990423264708882,1.7154991683493248,-1.0198109167598806,-0.629502924801187,0.6783204837248874,0.038881399930274146,-0.4705691765563402,0.7591273549411365,-1.4377142809062948,1,-0.3412671109507278,-0.47398184925379283,0.2375708026059183
0.9314901540583723,-1.7410765962128716,0.7162261146880093,0.8411037930677744,-0.5794731383480157,-0.042952939624829094,-1.3158467795938935,2.3088063554762304,-0.2473311997838854,-1.167103947632553,0,1.4479406969289939,4.354911724169922,0.7918780794052811
-0.5653555151132645,-0.14153273127819724,0.47256646021901566,0.4503708477534131,0.28742431080950176,0.4457417682321411,0.07366360545436564,0.10588119745033464,-1.9254587942602124,0.9166788824016703,1,0.5896395819664794,-0.5071700717222433,0.4472195196309185
-0.9398841059971272,0.08933806164968351,0.6668143600377264,-0.9499341112040699,-0.8115394476556695,-1.390770830306304,-1.1016113567599253,2.3070778711347573,1.638841559701165,1.5718346805630903,1,0.4351296334618088,1.0831569455761263,0.3741132034746077
-0.4137005192001193,0.7276737878158912,-0.21263410469228483,0.24505370140237373,-0.09909062984329024,-0.39125393559405974,-0.3941434299969957,1.8503696957101516,-0.016751417437162214,-0.156907833782986,0,0.6397590218102804,2.548508614400837,0.36107828288875565
-0.13712971438220073,0.8667387895389186,-0.02716061758038197,-1.736402903475559,-0.3485146986625001,1.4264594891735238,0.6186237933267439,-1.2847664880575134,-0.77228621264051,1.9003494116161093,0,-1.5502909253516568,1.8881812285902804,0.3770862201927369
-0.4013727877552229,-0.7501767164273588,0.06917042609864374,1.2425417636239906,-0.7381633584548821,0.4013580943870111,0.3210032950274117,-0.7614366895420003,0.3545174008306589,0.6492056029350599,0,0.6542280894142227,-1.0973847973707653,0.5434903133135911
-1.7431729000045904,-0.18524688914785095,-0.08390752299445214,-0.32958693996971783,-0.06081197785207851,-1.0584744547195546,0.32894538390496986,0.05890067477183132,0.4390203421248811,-1.2401970858803126,1,-1.7280550575650269,-1.1992129404502587,0.3145434251564792
-0.6016899420703441,-0.30297887870942153,-1.270318019129142,0.341927160569741,-1.0082956715107712,-2.0423452774363744,-0.6880132172674908,-0.9948909436084209,1.9620391133580035,1.3070549173395425,1,-1.8309455002441453,-1.488320617420013,0.4627303726996131
0.22947859924719527,-0.041074996982899,0.4180772597961113,-0.4965872105890286,0.843411767198024,-0.352647486924693,-0.12190417072790027,0.5026978647517243,-1.0698225898720835,-0.3742555597091267,1,0.6368179873895299,0.9362362339263534,0.533767719983558
-0.4047744734470249,-0.39663693103442693,0.9322793664864847,0.173052784139463,2.0785114618048555,3.053383205449235,1.491604539653116,0.1386332657400329,-1.0657020687243846,-0.7924347247899101,1,1.142513362305075,-1.7022192751336904,0.4989828086017166
0.2891144696000566,-0.5792230815167039,0.9037150718934036,0.16312369605038538,0.16127522415652387,0.7726534816123505,-1.7554964195858291,-0.9643682471469982,0.503746813224662,-0.38634112283055955,1,-0.0114763510391203,-1.087723605623806,0.6068686929334399
-0.7560798571905623,-1.5580118660091247,0.43395894526957896,0.4666700859616277,-0.570637017065194,-0.8788510014783598,1.399144204539879,-2.3877955871503103,-0.3608409222324309,-1.4732616647644958,1,3.7637772954112183,2.928099467560841,0.5989197309102297
-1.3638516567128236,-0.5947628162155548,1.143790523295571,-1.0975330931046436,-0.46209522138457215,-0.28124248207318364,-0.7276597100343204,-0.5510022262936495,0.6098596829817328,-0.2986733424376705,0,0.06304973487644783,-2.1343555136949734,0.4050313074223045
-0.1241948353810854,1.876000487915489,1.9026802399642653,-0.9747895020492545,0.8167861914025464,-0.5247913526618271,2.086934242529113,1.5689141988697828,-1.6908688571005135,1.0984031592533483,1,1.3328355421153193,-0.06623644983354737,0.2689222203578187
-0.3958009395073231,1.6721126990266448,0.8023688845033211,1.792472620519723,-0.3181728471353659,-0.008807376245927654,0.6651326372556137,-1.2710440285830535,0.4092686159399665,0.5714153144290061,0,2.222406740001612,-1.4702204788132325,0.26231771166097706
-0.6939070042837949,-2.7021906773517106,0.2061950244256064,1.084843908619282,0.32894250767140887,0.008110735981709834,0.08887769096581992,0.6421275306948498,-0.7331440578520478,-0.8524979431864893,1,-0.8072936285266463,-1.5127612722845787,0.731872133377609
0.06620400606867369,1.5055310444755206,-0.6207172892551385,-0.7973285013880138,1.7583721492291455,0.47159125213300135,-1.5828827643948664,1.0857057266353798,0.17595978023107908,0.8617756637149128,0,0.3359499700283598,-1.4311779261059077,0.3274670826005886
-1.2758765643201675,-0.47504782748988794,1.731999525112626,0.2740194331050024,-0.6233262610044269,1.5436784444898353,0.34543642395197727,-2.4527782333318893,0.3938856776811286,-0.3482843255764035,0,1.38779657588245,-2.2131366419520524,0.40121278749554007
1.1131015215120992,1.1403085317641584,1.2672038711484224,1.093961080460659,0.7168237214688701,0.7279742155741241,-0.8248447727408437,0.40817790437464563,-0.588906401971509,2.486229059629871,0,2.2050871285522167,1.9771438237820738,0.4965991761633851
-0.3984397526219077,-1.2733747173000887,-1.9091416554954335,-1.129956111128333,-0.971000384782554,-0.3679379683185649,-0.417745648787977,-0.4254379338701361,0.38391459327676886,-0.23597178632318244,1,0.9720744175107772,2.564066731182862,0.6076554173143771
-0.029275313816869732,1.1496091480115038,-0.6153955118013996,-0.18021964684330657,-0.654852680014852,1.319381603600497,0.33340646671176727,0.32648823413804645,-1.157320440060639,0.3226730133847959,0,-1.0605760595300306,-0.16109117527774952,0.356762842665117
1.0925900362243761,-0.9888037729242423,-0.5603759024222051,-1.0665534435716095,-1.267530094544727,-0.4664960257268703,0.638945217682637,-0.44909972037362017,2.1100006767626738,-0.5398241867420001,1,1.1846030628520148,2.8940707042932052,0.7389844519072795
0.2998710519862186,-0.342808608538256,-0.4586467133485747,-1.5943916286555522,0.000797386645623308,0.7647031704207171,0.6194567077022702,0.3067672637956817,0.9965971797455898,-0.19367008054172874,1,-2.0841587490722184,-0.8516234139844254,0.579650744302039
0.4134885706884912,-0.4945756669684441,0.4472941864331973,0.6836649649438501,0.34786520781088365,1.3513801436968134,1.6552403667799769,-1.054712188940913,0.8956443482664437,-0.6461404556227217,1,-0.29962148649689146,-0.987553407051126,0.6115974775472905
-0.45348611929910904,-1.3654643174331516,0.08183567280215626,-1.3492642822712348,1.6294309999783623,0.6265287337894541,0.45376450742360214,-0.5909628215376848,1.6198776640254455,-0.986359983362397,0,-0.10095290298472959,2.915415626948451,0.6120622487293236
-0.5520065845520711,-0.855747539134914,-0.4567573659736215,-0.9069859979236174,-0.2647203648195876,-0.23663712358729871,0.7774041902614811,1.500317849560319,-0.14626849884284288,1.6194921122380865,0,-1.4698678746853164,-0.5187791616084879,0.5378948114517893
0.7676496665168805,0.39638390793545175,0.9477210654816668,1.6441678660336043,-0.7976731371077272,1.3512998002001084,0.656637173236124,0.600256595367256,0.5046778792035554,0.3921035521168443,1,7.9039152632496315,4.523407794726957,0.5462754102010963
0.8670427054229621,0.7911831546492034,1.7528383959852438,-0.6243790898019795,-1.2305908451356027,-1.5785812874373102,-0.8784540334952491,0.1524351729928701,-0.23913669116161634,-0.6308596690089732,0,-0.36793064202933834,3.9047770527216947,0.5094813071696492
1.0068420921024377,-1.8665252369574146,-2.369380222022692,0.4959257555967251,1.356568484856682,0.6188247178546203,-0.11860716866184948,0.3369081277154055,0.7022088489765745,0.1277630726147772,1,5.284861277770169,3.7548005966805817,0.8079405724947062
-0.769583195356122,0.8989078011435586,-1.6950947282414401,0.3225686771073016,0.2850407113132642,-0.40413853555276014,0.8309015088597819,0.4257237067589163,-0.8836789348107184,-1.97683549949331,1,0.8833478288666251,1.243902283910622,0.30274813095378783
-0.49217027628917825,0.18054988367026722,-0.2053835834120087,0.6738169022244426,1.0104720458749399,0.8602480950911521,-0.7602648900417006,-0.4530156564036977,1.2363686362399473,1.254529812277977,1,3.3778921687276946,1.9545097175632142,0.4166939272162324
0.6377181106866132,1.1067525697668745,0.5383122538468059,1.8709393938036027,2.808549795350866,-0.3643721456503452,0.8197380706461506,-2.4035683689597755,-0.07587808299200972,0.6162074455118335,1,4.771949331143526,1.0693545135622193,0.4416379324409517
-1.8670623463747746,1.7179343689418116,-0.18680971096623256,0.9925002683902103,-2.461047432233185,-1.0811409894819661,1.196930786264404,0.01684029365052802,0.6245834118438316,0.4851091414322148,1,-2.4638843707945246,-1.7820065877651965,0.14276669059627503
0.1215428080079704,2.3698183973605964,0.661816337623128,0.7196870582140237,-1.216928558242384,1.3989953928735985,1.298787091902097,-2.962764843300616,0.42892627600103395,0.15180043382207004,0,0.8274923226193376,3.423057442599012,0.24524457199767294
-0.6814843408008436,1.750567427185229,-0.6004314461945409,0.5502142030346836,-1.2513143380740834,-0.24049199131518056,-0.9198040626859768,1.0718446263830206,0.3823785592249846,-1.4114187151771582,0,1.0271534966433076,-1.2587473222498082,0.22863657723549216
0.1518286662475008,0.9763111923774055,-0.9751156399941987,-0.5769608309420597,-0.14931987405547292,0.3595751261129822,0.2585342088702605,1.5949402324646569,-0.6667835728044507,1.1697619440711575,1,1.4780828165965407,1.349840562502613,0.3983748302690374
0.431877042613024,1.4612832193395844,0.7882828058395446,-0.0573396516460734,-0.2764927873057482,0.9145062133350597,0.8925321388597813,1.1061290128591987,-0.36377310830649645,-1.3237228028454624,0,0.3236128759663091,-0.9413840201986725,0.374091660629782
0.07586185315365492,0.9524843522627896,-0.8044526898736778,-0.059442688790299576,1.616062551670208,-1.0726290402799987,0.2620949683800707,-0.6035737448196088,-0.4948191812130303,-0.09465370957226275,0,0.8922415358501812,1.4506161446930308,0.3921434381643855
0.7891386739497334,-1.338804609934956,0.14605184246603187,1.748598821479488,1.6861049982067904,0.5117158939761821,0.18397676439370206,-3.388116110498651,-2.759658504047556,0.01965747601399711,1,5.8538063171601875,4.387727684040551,0.7434487993752897
-0.5894850048878792,-2.869038954516322,0.5878118533949057,0.5294667858909863,0.1680264866185462,-0.36737974953759556,-0.7721518173367499,1.2997710290153817,0.6827774658242884,-0.22153508985493311,1,0.7139522474802548,-0.44517959937229123,0.7576386889579627
-0.8446584850324045,-1.147238833882393,0.4156933939140253,0.7869102729449119,0.09093467459820818,-0.8951902536267922,-1.09014783025624,-0.18717703947902042,-0.0719283218425688,0.7849901678958024,1,2.543006415875708,1.5453153747909214,0.5377505658918306
-0.7772074112400388,0.3126181255934782,2.44303373074719,0.6368540708636234,-0.8507230474456067,-0.7731458905224957,-0.7898337177808084,-0.6819101795871961,0.35866908240465817,0.7298820706981145,0,2.5757600706181827,2.5388772612579498,0.36704548899615097
-0.826579585660437,1.6644730449903855,-0.14358707005073149,1.815517151016668,2.1780323419455097,-1.3108632903345914,1.8138321471910148,-0.9110457914542656,-0.017735902473933633,-0.8940909821404952,1,1.109032735796753,-1.7360830525494777,0.22347551566017682
0.8096200504745633,-0.6554062529804928,0.19841668463703693,-0.21945225020427833,-0.8023380656901462,-0.597042177207851,1.9947684468334677,-0.5166116639779118,1.0760828417988613,-1.1665133205366742,0,-0.2529554075201267,0.039134806434104163,0.6753565239685025
0.11445266344754393,0.2725339418838689,0.4768334629365387,-0.29568100826765736,0.5226933742065774,0.9264087444280372,-0.6517423035636165,1.0584661831358697,-0.6263563306744012,-2.432171482393786,1,4.05010984792958,3.00963879910143,0.48025012127830435
1.6428301348982863,-1.5038164218854229,0.6559915670406777,-0.6770344587732744,-0.4145486532299868,1.1332591726772576,1.0814192229597364,0.4699563706102297,-0.49893332411639174,2.197990288249808,1,7.956358714381226,7.669600315184583,0.8282568519276976
1.674509274591394,-1.615327964840916,1.389055607413726,-2.3040772523618003,0.27940983108311174,0.9184842057954612,-1.3948758295946153,-0.5182397969890584,-1.819509219861386,-0.23149517361403316,1,7.0783214523526015,7.673874254229673,0.8382031041791452
1.7782184991373369,0.08096089321632652,-0.37274973007606615,-1.9484723712911731,0.9029929127032176,0.4332318992580316,-2.314702212565701,0.6749898698446305,0.4446628346702031,-1.2435392810172776,1,5.257836668134228,6.548333392495421,0.7002794235198139
-0.9499481558473896,-1.7194525048169107,-0.8500399325483563,-0.046521521814679084,0.9293971536338501,-0.49158749153127446,-0.89329071577654,1.2323492942283787,-0.5198131675181086,-1.248571818602603,1,1.9905846585578222,2.315782264506894,0.5950187564024031
0.6550611380946352,1.1248343196088424,0.8364071107263733,1.0036747737990108,1.462790443058977,-0.5166101887420316,0.49404818092485797,-0.160495965015276,0.20704437911303528,1.1859496490581471,0,2.489259347555417,0.969753968082723,0.4415468521937974
-0.1471551378869818,0.811428615309651,0.8899021691664268,0.6639041931061876,0.9772311571305721,0.5508379880867016,-0.6102132381911372,-0.5554766230128626,0.00575794332825345,0.39576611825568786,0,1.5563626414989538,2.2590742738626397,0.38241935219675754
1.6393232346402011,-0.3617438709259217,0.02216777957792613,-0.6870781193270618,-0.3070321113261018,1.1169715583646105,-0.20062868947728973,0.003670967711413155,1.755309313998907,-1.2305394895132382,1,1.9769872232649175,2.8838165837277114,0.7311634685406482
0.87423333101044,0.5958661069809622,1.0227593707790947,-0.44847665925197194,-1.316101977382538,1.6755331892771812,-1.9641199274608507,-0.1281942200196977,-0.47582177031534967,0.5266685076438121,1,5.532324845613225,4.784510373107322,0.5347398391965933
-1.7052612707579653,-1.251622278048973,-1.2495336543241076,0.3732117204355942,-1.5957271176418555,-1.7220293150896278,1.2217190196201209,0.8568437520748358,0.5150890284598744,-2.369517356507795,0,-1.2764997292056,1.9584783453167758,0.4435369900351784
-1.7994766516675758,-1.1629786946385705,-1.402937042975704,0.3929184505416489,-0.40721748405893227,0.358344373538216,-0.7557912370583404,-2.254378005412482,-1.3809773499614462,0.20151732598123767,0,0.4692699767833157,1.3902174283085729,0.421102544377716
1.4038099679818472,0.6814603215722792,-0.32206223841265325,0.37275455872253704,0.19358947258988637,0.05851311397172332,-0.7546264418381606,-0.23868643655305272,-0.4286419789756313,-0.2532944634911907,1,6.147540359181618,6.175331661392798,0.5893247958489499
-1.4963647839184118,-0.08811117757815538,-0.9836984936646884,-0.819219656595379,-0.45789041423668436,1.5159776862028442,2.172704765702458,0.8946402061803919,0.6110897520243868,0.5960968591802578,1,-1.7784637254916342,-0.4592770642872006,0.33089789835691275
0.8161538633228121,0.022958181921587308,0.92911654246012,1.4218845737289247,-0.13450737135622506,0.9904017703644988,1.1770235693871938,1.4782432180709069,1.6166113508640771,0.8345568285573416,1,5.333169561127257,2.4419408035599766,0.5978699810340646
-0.7890795765867822,-0.21175009134867573,1.5293278116545668,-1.6600931344419874,-0.028481119820362385,0.900264800127098,0.16410872473879679,-1.2751299641263518,-0.5599007685743693,1.2834908303760002,0,-0.6878944261130422,-1.0888425302600944,0.4283307915627634
1.432777000959106,-1.673665838175503,-0.24479893091355784,-1.4756653943344642,0.12742886555227032,-1.0000601022120459,0.10489600565496135,-0.9325329143934429,0.8616599770402174,-0.6103426532082747,1,4.90999295047004,6.3273762342139825,0.8253785180149362
-0.7710701976732178,-0.9838003887691128,-1.3783717811460787,-1.3885092941665949,-1.0687926037411708,-0.2386661053993335,-1.280439220635115,-0.7970112473695589,1.0405435276477293,1.216159419997715,0,-2.025333492354105,0.3353412843955794,0.526566232111928
-1.5250732708873198,1.3754103732750576,0.17776759336333744,0.6080792691719641,1.941188595396625,0.41821531931674844,-2.4804013007482806,-0.1983691198688863,0.4916443530736482,0.16862242251895096,1,-0.0021567038860804133,-2.093325212554431,0.18996435215212523
-0.09627352295132266,-1.624052006660759,1.4908347526112788,-0.9296175597214799,-0.6260005259490508,-0.15113649798883938,-0.18042214063832301,0.01170192351462729,-1.3918347730663874,-0.5639589237776428,1,3.501121285274358,3.220753426183369,0.6821975340698484
-0.4676815108177794,-0.49589738134799227,0.34092362561979067,-0.019193210384470877,0.7750062396246322,0.8001507674933305,-0.6234833620965956,-0.10279782561330204,-1.1733977985646473,0.2269581303822496,1,-0.593686429209378,-1.873339342419952,0.5035269253183473
-0.7633697976843151,0.6019005430231493,-1.7277656323124582,-1.5900618491087568,-0.08949201965176314,0.6275719213786992,1.3189834728927565,-0.37875502819229256,-0.8505543591312333,-0.16018312948372204,0,-2.1791588894824256,2.83907943118847,0.33567341387781324
-0.4064724332006323,-0.98713508405614,-0.29969754994792946,0.020892023164088603,-1.7227494451913234,1.5134270275154402,-0.13192251566430588,-0.04614331721230641,-0.603777587621574,-0.228247033223156,0,-0.6690255464340319,0.5649821469477024,0.5720772449463357
-1.2193679218337008,-0.12404726739711772,0.5128037259894901,-0.5840180766666477,0.0010571838981981096,-0.4885962302335538,-1.2977669704733916,0.2558557041646672,1.601650513065862,-0.36596377368182714,1,-0.6949160652662313,-0.6543743170163882,0.36640740111856274
0.5581951022976048,-0.2768043993064634,0.8321488042401317,-0.6095258632514274,0.21896653485414647,1.4946316843434637,0.36743559197425185,-1.1056454013104424,0.23206480809241792,-0.31548412766527434,1,0.0842832565287209,-0.16267255106730016,0.6028848076658074
0.05414741586546355,0.6121636845761129,0.3539688888835368,0.08362029590177732,-0.5312110423469598,0.8086387167549461,0.0014535498426349958,0.14809852212007796,-0.1632548073937193,0.035468275133562883,1,3.160539998822713,3.40203147811304,0.43069696189307277
-0.48608221162517046,-2.2242788969153677,0.5005272607816472,1.3340519826699024,0.8680430079835028,0.1499791502114532,0.44045520720782605,0.4329245422742858,1.2751852577817633,-0.9619831931139882,0,2.019176572836465,-1.0042781334201822,0.7045580472281916
0.9359599867661207,0.8820475809005092,-0.6997388425083648,-0.2675461558736872,-2.724650314768469,-1.5118055949143199,-0.6033931585884166,-0.536585646722952,-0.35411845801898884,0.7012548184577515,1,1.637094457318689,3.4550000151662674,0.5067386426926198
0.44108706500681377,-1.4469135900299903,0.16739689314226952,-0.47119128698631624,0.13220694828235321,0.2763699402831006,0.4983616710692019,0.5835654661277933,0.4404566303174847,0.9509291994816783,1,3.524052395536656,4.0197088008221105,0.7199069962488468
0.6329711798443394,-0.5930023327596303,1.130823965783165,0.1880425906961061,0.9405220634224424,0.3366138131529261,0.4415362869888225,0.43511003815584315,-1.1421029628069623,-0.5170037625729076,1,1.1096191538903888,-0.5108512438425439,0.6486218201482956
-0.4508761593111913,1.3714573964375072,2.856714071747444,-1.2821513730570109,0.2537378933966926,-1.199393643544959,-2.4131851092437557,0.7021651385901256,-1.5820115940388093,0.5716270011387948,1,0.6711107423344268,-1.6618386668709726,0.2867611377550113
-0.8849653975408186,-0.4016453933596037,-0.3981956081876681,1.3459394259378072,-0.7743081369330188,-1.5908857822331304,-0.25609811101291785,-0.4747609719500522,0.014061038170178463,-0.016390603781033054,0,1.1171312269448541,-1.9688744454703144,0.4398773099526664
3.268254541019576,-1.140417238144957,-0.9014461609208158,-0.17005453732434833,1.6803271429681819,2.73610161711904,-0.08672690918270416,1.6838284948912994,-1.591033443064915,-0.1618786556237462,0,0.7426337911738716,27.332866451253345,0.90063820003673
-1.1159518764321232,1.4578456684651668,0.3857903231079725,1.3679591774158275,-2.084432907458091,1.5209182153315506,1.2264523856089198,0.4836918378480099,-0.48522331134348995,-0.533013683286458,0,-0.1481880174768786,-2.150506022403523,0.21637818830469233
1.1484705072177048,-1.259376368786457,0.8216176585143755,0.2794709028091627,-0.34197513711866223,-0.16289175113528942,2.073179058721952,-1.0939710268144662,0.6143579265360155,-0.8865004773189086,1,5.631840451974073,4.9724313380922975,0.7692220058615423
0.281588121457869,0.0662977108009767,-0.8090105882877521,-0.4351926113990174,0.25824257847567156,0.23168082019811084,-0.5617485100629608,-0.770877056417996,-0.699500406424719,0.2966627103298587,1,1.1420348943368224,1.8421772018196063,0.5268853452048947
-0.5899741005460658,0.2471999365962862,-0.3519994113252838,1.7735051904679264,0.44325587736139405,0.41232525082476146,0.9586640552629012,-0.018741270587173835,0.09468517210747227,-0.04785363213555997,0,2.1350832528510493,2.3064899572837834,0.3968549135709366
-0.898075687381485,0.27120006387665635,-0.0745214099395031,0.7727501956265485,0.9942645436623606,1.52249304041708,-0.028104378893632303,1.4011053563704678,-0.7950319142199568,0.6586755162030296,0,1.6435140363350718,2.2888501613424106,0.35786611820034
0.2746255850223061,-1.689055664176327,2.8882742466236873,0.38680324256254783,-0.07742258404443456,-0.08839940431626031,0.4519646435572888,2.0197886163014567,0.36588050656673066,1.2172925969280113,1,6.760512517651427,3.3878990264272737,0.7274732837852214
-0.060080310359067794,2.253229985464438,-1.3022112076183316,2.9594933927676275,0.22902860029385827,-0.5508917223575338,-0.27069544646581645,0.44859181501640033,1.0560851915527119,-0.06274885376728644,1,5.538536138760319,2.7273025967990763,0.2392755933822025
-0.053288671990362156,1.2310948566658664,-0.23268098822712405,1.6959797248693729,-0.5796926957769516,1.09470022407981,0.3743437371642998,0.7209410820889548,2.858643405700569,-1.1402636388984226,1,-0.22560300809662048,-0.7116137827335217,0.34475125626236364
-0.08679678674381679,-0.6213885579655225,0.7648715578946709,0.48473996967624805,-0.9237263671379045,-1.1182187693489427,0.6413621035314773,0.48533885766043405,-1.6652833418486157,0.7406214127398854,1,-0.7472587135036258,-1.4035410563334234,0.5664289287666974
0.463151905316182,0.1919294681332791,-0.06297722005670858,-0.30157396604769404,-0.8570969565623007,0.2791260826033727,0.5351431263954058,-2.541260329926654,-0.7370478891557546,0.8842380228141171,1,2.4892528359037396,3.0067908501729788,0.5338509428361509
0.9046631437980321,-0.8145625595475906,-0.6240236795025977,-0.5268360963227233,0.5387968235139952,-0.619379985542874,-0.4299452973098895,1.2462630775916714,-0.4639227785279117,-0.7080262672557486,0,-0.09877281128452264,1.0956720887385503,0.7025797616180166
-0.37234047988535063,1.1692817401436122,-0.689357698347682,-0.2899374237948533,1.0948277919561569,-0.6865255200613648,0.34770098611577155,-0.36902236173229913,-0.6269086652316852,-1.1135489413643176,0,0.5999643835933548,-0.5786251147335877,0.3163036730030433
-1.4587598142594975,0.3806308306677135,0.8765775035509595,-2.7067200767848547,1.9158586319935123,-0.20795706885135223,0.47970932124003485,-0.10000219238147172,0.5615984403969992,-1.2849036254913415,0,-0.26617923344893224,2.5587850033796857,0.2850199785143089
-0.5748140502841481,-0.7309248740029849,-0.8217188940799673,-0.0763400370609896,1.2554775891672438,1.2456965565082962,0.053562195814633326,-0.7684916688549255,0.27082168581580024,0.048333488611508636,1,-1.1054852665925101,-1.3076565196097922,0.519503951412146
-0.674913307344424,-0.27201749204038683,0.08527409629653303,0.45631111285993603,-1.4494304511136782,-0.5214633163998432,2.7964406033367335,-0.22063361669079196,0.06557285599066454,-0.08100201813748344,0,0.09103211488866586,-1.3765180895219014,0.4498076474676272
1.02017609509202,-0.8107502006806132,-1.0922699450324265,0.5366122249254285,0.036922582095594715,0.3585205093548377,-0.7796534655780001,1.3701231663086821,0.547330672658565,0.27862209926913273,1,1.9626270079277761,1.373351816836621,0.7141167896469615
1.0516958113312973,2.085351381185454,2.1532120773968852,-0.9585908280680594,-0.0662098233216381,0.10083728177405951,0.17186412059903142,0.32373266996615735,1.1472260153610636,-0.5802698581567204,1,4.882109080315534,3.5248454179666893,0.3735943023509781
0.3707185261747028,0.7226402857453531,-0.08663810175117369,-0.996302773707069,-0.2579129800594144,2.7076024319975214,2.4230709757885096,-1.153569984473307,0.06240101739117463,-0.09693216481195616,0,-1.8382402855662479,3.3617741108423047,0.4561229326676025
1.8839465295645788,-0.3219417975138554,0.3960109642247973,-0.7788615826783598,0.35203227052216896,0.06431334748343627,1.2849744565385939,-0.3760413483021966,0.8807964414075502,-1.1823263552314942,0,-0.3076201794185351,4.460467268969699,0.7508113466065861
-0.700067354736283,0.6845469360928537,1.305086096189796,0.737385713630837,-0.28920198759703203,1.3838153671174687,0.8279818814881212,0.23833123507527684,2.627735199650786,-0.6704718673059379,0,2.6628254804516693,2.5880217621481774,0.3335200339382831
1.4617972799641383,-1.4365323767582545,-1.9548440100154927,0.1411146423791495,-0.5074417562171597,2.130561873775704,0.08253739016490745,-1.024436465408552,-0.8685785088342162,1.3113668619638668,1,6.9345900055917244,6.764174749088081,0.8098698669798157
2.1401056072983966,0.855032723121467,-0.5424112015906662,1.3656297663450547,-1.1014493319942222,-1.5849876399552971,0.002867239149400401,-0.5573138151826034,0.19667704394722318,-1.216945430311754,1,10.154641454538721,9.599952398569668,0.6553266015279078
-0.8109391460358101,0.40670300067032134,-0.12043956455224356,-1.7685475998803177,0.7191563450559519,1.1369965610046917,0.5577989406446009,2.3088038355720055,2.4848016687663734,0.531838787896592,0,-2.126799846067015,2.8378216839122383,0.3523281739068315
0.5010124167568786,-0.9165241616462713,0.40868632863653276,-0.03544730592995699,-1.3238897398479375,-1.5849060483961894,0.4616542614540899,-0.875022876115496,-0.489253453699202,-2.1963388377727227,1,0.047997390599111234,1.0022626661963066,0.6701289396474314
-0.8180380450118216,1.020690836139549,-0.511456992978491,0.9019761903745794,-0.24590549681962404,-1.8618847495326767,0.22876902933315155,1.4347975533846533,0.9921914618318962,1.1605666722173924,0,0.5821195628217708,0.27890557719638287,0.28508741160951784
-0.36074629868448305,-2.2211185106839744,0.7596926952864007,-1.7071269902736337,-0.7894908815164831,-0.5286947192722853,-0.5276522899342658,1.5004781097285549,1.1119378127465736,-1.4309804424394037,1,-2.120451543068841,-0.9031630525414039,0.7171130408402348
1.3374042245207345,-1.6866727134064083,1.2586797501245608,-0.3025340741533165,0.881215204623761,1.0896090483307788,0.8994449222978497,0.6112939086611079,1.0682282572778548,0.5556042422603417,0,1.1863315696590542,5.891419801499911,0.8193631113766103
-1.7051522228031752,1.2858906345709396,1.7027352918842191,0.3536948799907324,-0.934159504380856,0.954331140828469,0.38487193640580253,-1.163657778839923,1.0022697972757306,-1.0987075243037285,1,-0.6224057037095233,-1.7736972465234238,0.18309443709190656
-1.351342741709084,-0.153738488927239,1.1582745609721063,0.8490120335318063,0.419653062336773,0.24230078532082577,0.8086875874554449,1.5039206581293008,-0.18847595252443558,0.6778646023972461,1,1.7836953190276725,-0.9021667220286287,0.35461779617004
0.13110399810287124,-0.8031381200271309,-0.21051344069533656,0.9854302063585689,-0.19692737781193284,-0.04741973461780507,0.3872598444584956,0.8375872942725059,0.16256338520785824,-0.8927535753622006,0,0.14892072846925541,-0.30936607181047937,0.6147021237260338
-1.9596292578476016,0.738926978018826,-0.012716938020387255,-0.6066929694359076,-0.4145477796463531,1.0065591434869605,-0.27627874036540834,0.06932129673558352,-0.1759845948742612,0.35451483213090595,0,-0.5297416634084396,1.969090873000886,0.20598841574311952
-3.0808408538522536,1.4558275929432964,-0.635066646042923,0.39387558342316276,0.19786662603586266,-1.3903295842786483,-0.45847529549751714,1.3748273622629257,0.40347279094709176,1.1242472198650122,1,-2.54495687506572,-2.4300459938345185,0.09377968258998536
3.1809271692857424,0.3683615040960508,-0.3634787510410893,-0.6583198697183488,0.08281900763521674,0.46047873697661945,-0.6069803504220319,1.9121170186299474,-0.5681626758543308,-0.6999514719526526,1,25.308635709533185,26.358304708781066,0.803178986667308
0.1644976563865618,0.20865260788211876,-1.3247116063466495,-0.02031060813463917,-0.6735629637053469,0.2001279781527061,-0.40103142338015474,1.6516126546034666,0.6917688651077478,0.3807326982730515,0,-0.44371949929230325,2.702693007658803,0.4944808552373667
-0.47483939783194606,-1.3866389608774135,0.7626611284703122,-0.9926128811819955,-0.9877383646783393,0.04197220020801537,0.8342481784489796,-1.227160520930118,-1.485301459542655,1.2729268826961428,1,2.787186994895209,2.965114055885309,0.6120410407760328
-0.7940874706976451,-0.41088557142662985,0.9992100361912964,1.1450953975107239,-2.251369952837604,-0.897436304718868,0.22972827384324057,0.6782274389068521,1.5758316452910808,0.5430508300000838,0,1.1554514110652512,-1.9506718727789312,0.45224576512328407
-0.14784416235086137,-1.1357096049488387,3.033925055171517,0.6112570966892936,0.9915677970831145,1.498762303815575,-0.019368947537733675,-0.6307032586857566,-1.057572439601924,-0.007813941850295646,1,5.526017283100187,1.896428315393229,0.621032442390258
1.834336042218179,-0.14944098017623478,-0.8330942761500704,-0.6641665969026636,1.384275816178728,0.7241632958564038,-0.8030157377488748,-1.7452755654340515,-0.5823911271807656,-1.077167284578362,1,4.975113511502517,5.1299132326020525,0.72946077724999
0.27577042594481405,2.12357385793103,0.9054429237502438,-1.6820905592758841,-0.6918486020419302,0.13251266864612768,1.2230306613257231,1.0333022763240296,2.2723142760062713,-0.9607128458848099,1,0.5010810353481882,2.263896091971673,0.2841635602521212
0.7305954912502072,-0.9517311185849672,1.111210579368786,-1.4980600664015333,-0.19262692939748874,-0.5882143267052122,0.6109669604017195,-1.3346874805542503,-0.4907517331702986,-0.000907194756190931,1,1.3624698445508807,1.6986650048849108,0.6987101648833699
-0.6713633726163678,0.6617251263877069,-0.6191616301036658,-1.1354932148757102,0.7683631302358426,-1.0458602818916614,-0.941906605956585,0.7953004990166344,-1.7831756264957836,0.2643989798806361,1,2.5528628695638527,2.69521862764309,0.33927107248627664
0.6611429275246585,-1.1321632012718714,1.7310609885506183,0.19399522897839025,0.044417728827476535,-2.063873567429846,-0.9371417980012827,0.8671056234673884,0.13815491672418292,-0.026486449613664604,1,5.474597831953957,2.9454440204713492,0.7102612210222133
-2.219362129230036,0.014363741397257485,0.5587786640329966,-1.433600185705114,-0.8980206665206419,0.10131218037823536,1.6161042417675702,-1.47788540104154,-0.43034855404066275,0.1522914757369364,0,-0.7426236893841891,0.22145268842977733,0.24659364037084294
-1.0808331014890806,0.7485501930640357,-0.8962126050102357,-0.11226592420092442,0.12072342982979312,0.5027857352546433,0.1881830736946635,-0.2873303149313325,-0.5215339342738904,-0.10004991732018569,0,-1.017179298758949,2.1151129677633924,0.28604074130374335
-1.51075023586508,-0.5421171791915903,-0.2988644608888087,-0.004396307175474611,-1.2832034944637147,0.1763889855477468,2.1264417884605966,-1.7292793640547823,-0.45760031369472237,-0.3836986683670591,1,-3.436638104269794,-2.257403522490168,0.38123335930325447
1.3648264055718646,0.4101261339430229,0.8940365721700999,0.09229647778053474,1.262172404335705,0.8323278742096416,-0.3372446246263662,0.7581633499385503,-1.0258203294866022,1.1759031832998141,1,7.502781656954744,6.3160537725489,0.6171219529979074
-0.6181873294580095,-0.6728369309500792,0.1672576600374815,1.9403180288246014,0.9673955189647995,1.89990774044605,-0.37752922338647066,0.3119946348982679,-1.1050793117447861,-0.9103057354535795,1,0.5179769051416128,-1.6015072614428632,0.5068307751782701
-0.5352593154328618,-1.9596884078371901,1.6384406765317023,-1.061481400790267,0.08386397742516753,0.8857590334304315,0.7099074767499619,0.3592534048348223,-0.3249750934268435,0.3258138788240951,1,1.3843662400322385,0.9012783120610607,0.6708903087804546
-0.36709082417953276,-0.18284016259118183,-0.1571942396010288,0.2811924777190467,0.3832761055517874,-0.14488537399366458,0.14714193943110723,-1.4095337354356057,-2.287559273322071,0.9914789975641541,1,-0.7409462803477747,-0.6656007626153191,0.476984942545689
-0.5380506576316625,-1.3865997951815323,-0.2839985110640006,-0.10967177095402164,-1.0890437263302695,-0.6966115257401458,-0.3507546156203983,2.8293425986586787,0.04824380755744057,0.003009371944209842,0,-1.10503482890515,2.9269071855534214,0.6045056628116793
0.11032148078101083,-1.6945833592160062,0.037168161318720014,-1.1084183755507164,-1.370514457400362,-0.21868877052433297,-0.5219198671861114,0.3264541713560204,-1.6425631426308884,0.10187936254182704,1,1.3055214226788263,3.163891114389853,0.7114532148471123
-1.569231441763117,-2.6133065129350896,-1.3245673020412572,-1.6482467704051051,0.4490828865142607,-0.08367761719716799,0.514043243758771,-0.037072679666342416,-2.3377929074711292,-1.5658458831294424,1,-3.5672396140345897,-2.1350732523827487,0.6276240867154296
0.0805030485611542,0.8698411535996551,1.1404456291224347,-0.39859803837978003,0.16731786810724117,-0.6124037159252129,1.9490498216271297,-0.45060171402904114,-0.2573926322496207,0.35524118907566293,0,1.419260942336018,2.077846722974612,0.40259382845941194
0.25784029261729535,2.385846495926105,-1.0315241289758084,-1.6557605559194517,-0.3722367425268969,0.5012903327780194,0.33871010073612706,1.6708746304551447,0.47853223885192836,-2.1998562943610502,1,1.881083672988992,3.6350839537461423,0.25654520027540767
0.02907436117140852,0.046364975059128656,0.12282497582305132,-1.1454458353562726,-1.8002966063388228,1.907732870167081,-0.35495338992132813,-0.1701197922875442,-0.3276249758536401,0.4026549137002749,0,-2.3415311046422813,1.3923644929137244,0.4978386867256376
-0.32649973502639784,1.186451195472392,2.2773505781926526,1.1229088069858055,-0.6327616691558423,-0.5037929795872637,-1.5696118215280024,0.23982102803107885,0.9526693513443448,0.8688587172532637,0,3.783462385895253,-0.660624431750213,0.319411969487558
1.0025544491843212,-0.07576503702861644,1.1277137733297933,0.2973106157533739,0.3629217742269544,-0.914131799387923,0.1123425409930314,-0.5116275645748934,0.25771162420505206,0.7380904216829438,0,1.950979127033168,2.1357801300596773,0.6316169309275408
-1.328088758881577,0.3082786528174266,0.634501868880307,0.6188175683296715,1.6633887421899274,-0.3679317597385158,1.019802292990733,0.9748762552225114,0.44632062000489126,-0.05810648607808118,0,1.7726834838872425,2.325055416936963,0.3061493446872262
-0.4727549350560467,1.8626012784983061,-1.0937597889228936,0.043216255208788905,0.5132280433499585,1.4149588522387235,-0.05971555863873919,0.8398945865568909,0.9057685617242032,-2.796361234552405,1,-0.07432961996176343,-0.422644120728901,0.23727493378591674
-0.27046748324799175,0.7455334263960057,0.43373316222953034,0.5102289676944405,-0.12254743467165811,0.569033161665102,0.24127362233272573,0.9246227295075125,-0.10780326327519901,-0.5638937937945127,0,0.45281646101404815,2.555420394106087,0.37566238244846695
1.1544660889828169,0.9586805813439936,1.1186432309323902,2.9314941264478587,-0.4504310872983554,-1.7361924215018938,1.8442900236360318,1.0347577729900388,0.2713116116331447,-0.7610292608435766,1,6.600599999949393,3.4959405634411183,0.5244536633030061
0.48618774792367986,0.04292232506592634,1.6492210020882871,-1.298145633865204,3.1236065132475574,-1.398991781659494,-0.8366118079652511,0.6884677127832063,-1.0130863616493715,-1.8901732129856952,1,3.158348292816259,1.9621957296382988,0.5551824774267373
0.6197821523498142,0.16032151510022752,-0.10695650262184957,-1.0029760966220087,-1.3654856939039783,-0.4994541424303019,0.4460489326709841,0.19503221341725635,0.6816493260179192,0.4005021355021813,1,1.2979405950893896,3.065119519919664,0.5571813170592221
-0.9824175501406002,-0.07159505283737908,-1.5290580446663138,0.3796793208591178,0.19290212731879547,0.747431431420189,-0.8003650984842443,0.9379403695019752,-1.3968938363554735,1.0854854652097334,0,0.7943545222681582,-0.18317215653622448,0.38807496614085785
-0.09382524329044824,-0.04772932400919925,-0.2558980803725296,1.8145973413741807,1.3628881229415415,2.100793309450858,0.5010479634195355,1.398235695396027,-0.0983085658082472,0.6472533416498775,0,2.4302713545425028,0.5369797760753274,0.49423826514443625
0.917391053155464,-0.4288527746261417,1.512248809828317,-0.6009494443683023,0.954342989247413,-1.6122665451906482,0.2111923541897615,-0.09258761789424289,0.6668250436428862,0.24084549190690047,1,0.9057483771696547,0.06494178725209343,0.6622018551021516
0.2119376711119261,-1.3053826054115785,-0.20342635383363325,0.02143088965016556,-1.8004185450316819,-0.01182989955419826,0.776970228574551,0.26124033897043675,-0.7457912399150494,1.0673707274103175,1,2.7888396841218115,3.283171532255075,0.6810627646452548
3.5259454911141446,1.0205590818859747,0.6516042568496991,-1.24738495135302,0.6942836029411303,-1.0317590897897493,0.6963919533171696,-0.1911189296470772,0.15393358113853434,-0.9082260122889244,1,32.96949739067791,33.82453338019573,0.7777657195893192
0.19588890748832355,-0.39660248931538206,1.9480705526706101,-0.4905765090697907,2.3072454631175763,-0.14504646241231334,1.649823542590772,-0.7967539863307007,1.7492322907348308,1.6148919101136014,0,2.625115053362868,-1.152868440336286,0.5735244910901623
0.9904907070064545,0.16863622820006172,-0.5398971767302675,-0.45299072891181014,-1.0878593812085702,-2.349521366507919,-0.1610112132332323,1.0787459815178764,-0.8553986388753559,-0.2822191695544179,0,-1.0263937428661452,3.955927850400517,0.601310192608951
-0.10322629284513042,1.5537084469238496,-0.7187590321085042,-2.7836670921292592,-1.0342027648838148,-1.0186592571480955,0.8416499094650833,-1.694180268531131,0.6644361891832915,1.6841599801557947,0,-2.3893168296558334,-1.562574206175742,0.30396923424511896
0.4321812638536744,-0.04449756896920823,0.30490120816098937,0.2969758178688523,1.3032135655030066,-0.2079087413535778,-0.8009910242536089,0.6316288977858714,0.4813831996670114,-0.2762223147750874,0,0.7002850311627264,1.19226842149396,0.5593043840575262
-1.7819581370158715,-0.23423176427555237,1.475431679735836,-0.06298302342581803,0.32434495548269926,-0.5125550889533941,0.6171340289866382,-0.0028868010590069665,-0.5683903320405517,2.0025828325365467,0,1.183158393341008,-1.5097554150597,0.315644014571071
0.5256953883132166,0.407947785801776,1.4412911443561205,0.4147107936017265,0.3504199375946117,-0.6439185803819986,-2.3503427433890103,1.12807010242786,0.5603636785040677,-0.3700598410452997,1,5.351038584731603,4.087822339463495,0.5147142004552399
1.0819579120275618,-0.08163938084379128,0.6727797949376207,0.3584210443153145,0.675094162799979,-0.11054855803541304,-0.23875902530963702,-0.584576465016403,-0.6564874715020724,0.5513737021590046,0,1.283492374568082,2.316263050979937,0.6414811697601476
-0.14210247666714937,0.4863855086678173,-1.323432979987974,0.45051168501904715,0.24612884836318563,0.1783781854577029,1.0975402936250582,-0.11657597461789564,-0.2590105954528037,0.08934196978693587,0,-0.19912537907376704,3.365245980756071,0.42207916786070726
0.722689174134217,-0.5881159572679175,-0.38931256346424525,0.7547516795959213,0.6254135290506756,0.08466156771229448,-1.8360131324689763,-0.40866222443545847,0.021390931460801413,-0.23968357284974523,0,0.21314093938939793,-0.34485506045548897,0.6582268837080548
-1.3283324961270222,-0.8098813467527634,-1.1195010912724226,1.208831861647374,0.9000973721692153,0.5777527410787809,0.42962331468529474,-0.5131559436228942,-2.242371770775294,0.2523526042807556,1,0.5279210111924528,-1.1410604576633923,0.4355540886123898
0.4026609386649494,-0.650336763724266,-2.359929010925708,-1.1436378339555935,-1.5027688890505593,0.4703149922616345,2.5077091120669466,-1.93873070818977,-0.7152555077216405,-0.5906631278432797,1,-2.1405710987778215,-0.7305146503390463,0.6286661550693484
0.13886749396316383,0.7902931343934252,0.32646602772978617,-0.575168864112627,-0.17059869524089194,-0.018133775013359384,-0.5738105519268778,-0.9799105297561148,-0.7307099690746213,-0.4748887700701688,0,-0.2721807168969518,2.679419676989977,0.4192841242075432
-0.17681366760543632,0.26701280125028337,1.7930832393691503,1.6451398892628053,-0.5271292815301035,-0.7578693214535184,-0.44733977030207767,-1.0006845030235334,1.069285781043242,-0.008893348932340221,1,5.812961451324731,2.69761592423125,0.4447482471185675
-0.7547533851289671,-1.0538198723981373,1.612262939778074,2.0072032572275775,0.6551883244922001,-1.4164532557241942,-0.6190554727711579,0.3499105901473966,-0.07334104182201374,0.6404279014368548,0,4.3257358638326915,0.8908156748916485,0.5373138081498121
-0.5956892976206322,0.0464968159983242,0.3629682602567973,-1.6633466594809263,0.4226282524976926,1.0761008712158822,0.7072806717745127,0.07650112459074633,-1.028795002267038,-0.16156795718945954,1,-0.26315999990627204,0.9150703323028732,0.4204093846524482
-1.7333385223937428,0.70913993963617,1.7340670591254819,-1.2802603025302735,-0.6709027020710318,-0.3626894727278103,1.5196418893354382,0.38933835258979377,1.3341998431126463,-0.2386444115271588,0,-0.1524393798088341,2.1562139688611905,0.22771844246245354
0.9472159482708674,0.42670786248146864,0.22772389209512098,-0.2322066540410589,-0.5951311285082157,-1.1627019437895274,1.0312794068270756,-0.9517490061292148,-1.3173792980434706,0.6030218163949066,1,5.2722134164440995,5.012542041410818,0.5646987401477789
-0.17909608342004563,-2.507570217320617,0.8140826347687093,-0.9324550377940096,-0.49770295862258795,0.9240849233871962,-1.2300840944582532,-0.4550660223263939,-1.0453124515888603,2.0346268238135794,1,-2.477795395782624,-1.663267454522892,0.7621017592907074
-0.1620702270167828,1.0325701522671513,1.047682420064105,2.083659908471045,-1.5379378279368583,0.6423065797790725,0.1930441124850943,2.2159558388699883,-0.8537780273353018,1.555873913425972,0,2.1638897214425357,0.5950222441735864,0.35495703118926125
-0.6153121703884282,-0.37893369043204217,0.37981220713743863,0.0078848600283332,-0.006593306567563376,0.1521007439571413,0.44400201111583126,0.0024050127164767015,-0.05298190990748919,0.19221622271732894,0,1.0060178062406784,-1.7808730680239504,0.47048703681191545
0.7109429560358299,0.30705874418247675,0.7341969239958251,-0.6560847377403223,-0.24947361383145186,-1.7559219873987708,0.02817702659502472,1.7494862924718597,1.1718172323773395,-0.6188395932668364,0,0.47829995066918635,4.090539030636353,0.5503146540448617
-0.15917089056005934,1.2834343793420768,-1.0387327494900374,0.6324345343460182,-0.8171860874143027,0.7072760871555895,0.02065381858698664,0.9734772350198729,1.1421721940371266,0.06492030740087222,1,-1.1000098226410109,-1.0905136404992564,0.327106198357418
0.010370631727038651,-0.7358805999226985,-0.7613047416795499,0.18035726606660868,-0.07198028353126,-0.4746001592227154,-0.4224431202196302,0.997159882568101,0.5809759210248543,0.3325009274326408,0,-0.40880250012862906,-0.8339913747169856,0.5922140209550756
-0.40200446607935664,0.40716238654043346,-0.8548162477298218,0.477758342682993,0.734490065048145,1.374911183294014,0.09821720707125618,0.537120092771389,-2.405549176226036,-0.7792706993801878,1,3.6205503533016223,3.063398908181747,0.4002116222762266
1.0257875510323935,-0.13628679548729217,-0.9726077518288558,-0.062483214953624334,-0.2328885432665397,1.034440682100362,-1.4516390111915956,1.6247006008253189,-1.840390087832854,1.383511941537589,1,1.2716983993246955,1.751302771903364,0.6413060249542877
0.03643052962896074,-0.6144021549537283,-0.2509597557522213,1.2246985190746715,0.4940001849989848,-0.5391460209542354,1.3831804955195317,0.6081778410657923,-0.20119989971807775,-0.48289783737977426,1,-0.3227982551884069,-1.303163426053514,0.5806436861537764
1.8572964319112761,1.9441425444379492,0.3892436946470749,-0.40831474304224574,-0.8401703171204399,1.97003124467239,-1.2897527019739465,0.21670897841345285,-0.2673486016189671,0.7020422488036869,1,5.428990599416203,5.969937873917761,0.48914594138044404
0.9405803529003399,-0.4166487814496016,-0.14952865538397125,1.1980054189146563,-0.3912335865971604,-0.15819255334380442,0.5659872523606024,1.4501447704400154,-0.8618582336169783,0.23188971796976932,0,-0.0986623622105054,0.1466893366101769,0.6634294130409465
0.05633223619502865,-0.7900551767667415,0.2379154811539155,0.5660443497069431,-0.07177234492104188,0.5852588198676624,-0.22080958469576037,-0.9515812276127379,0.608308708354447,0.25447003274550195,1,1.0433625950208933,-0.4739760773181576,0.604247222636631
-1.199896465820602,0.35310003346500884,0.7447194863972875,0.7111390161978519,1.590166527867885,1.4545988606342657,-0.8825411029852245,1.3856170246258543,-0.3119405399965834,0.8643251739213299,0,1.9027003119448649,2.53968947697437,0.31507508369918796
-0.04790122770940645,0.06607505382427267,1.2471868231075978,0.30010119944104274,-0.33675895722965254,0.7347319321753186,-0.23605566927896166,-0.3469787640666677,1.9312236325111145,0.3891867949551422,0,1.7604204011569466,1.4684612879612906,0.48575681933631537
0.129049225874142,-1.2119543646490412,-0.5304892917821677,-0.24669291007179173,2.469584176334604,0.5593127635832007,-1.1442934040568147,1.5016230946401143,0.995766411289808,0.3302367032624508,1,3.1257795173983283,2.682113325309919,0.6616155104493672
-1.666655160334792,0.8318648135789071,-1.6994362909929288,-0.7591994264086779,0.07685689024794452,0.09463615567443867,0.45371509833467183,-1.0214315872485074,-0.766852565094903,0.41136101164332944,1,0.9889171804135528,1.4488529387583011,0.22282826491184754
-1.8192905818427707,0.19831707265212015,-0.8303497687707337,0.29711831465380195,-0.622701967568532,1.347604339552066,-0.41512844701390395,-0.18334305824679334,-0.8566523475023681,-0.3473050491113487,0,0.2121220538567191,1.6208900501379788,0.2672140089342524
1.6208297603618806,-0.5360341492912503,1.7650932586391486,1.406423469080388,0.4401470911801127,1.1650046381222254,0.04133895276780582,-0.15597580091848387,-0.06636201312387713,0.048021116385720694,1,6.148944690592909,2.5732869175966337,0.7461971306692422
0.40791286148042866,0.35884851996252437,1.8218031339963576,-0.19933006576789666,-0.12139821929675175,0.6331149608190819,-0.1500594970628972,-0.9161688991534199,-0.22859621896696944,-0.24219189181454645,0,2.331155852052034,3.761878344543068,0.5061327351221525
-0.38206975780785446,0.854928212461545,-0.030076364555782262,0.6578784097970538,-1.005516404288723,-1.0000677396637618,1.3941889735071407,1.1156522504097264,0.031472251819918876,1.8369694078473628,1,1.0653451658534796,1.782801666291518,0.35012291075116964
0.5351324362177765,-0.5940464733061562,1.167302476289666,-1.0497511508941242,-0.9755844924246582,0.28768843914110104,0.34622949972050915,-1.6362850425453268,-0.6569855916565315,-1.1702059582655817,0,-0.26803835155225697,-0.6839994898455191,0.6375137850968763
-0.29537087881669943,-0.8912065787685927,0.8010067633622752,1.1392477947252113,0.6271363280590551,0.47727108258601203,-0.31492769020821954,1.342730434340365,-1.1170434434857142,0.1789866657411082,1,1.9435900277119704,-0.09366702316151754,0.5739334392087342
1.9904894564899918,-0.3423503222736775,-0.5319599166336747,0.2254048164926088,-0.07462196659253094,0.5565408605026207,-0.6658794537385772,-0.4109724357645866,0.017723026288979447,-1.0323521070037436,1,5.931555805778333,5.11951549678693,0.762497284375339
0.11105448527336048,0.5626945114537432,-1.3241591339410153,-0.17914759589596663,0.025807113465939634,-0.06493973859488862,-0.7265719787098043,0.8760570413198855,-0.39897150314532437,-0.3032978609098196,1,3.231388017709225,3.56912049589436,0.44378368832874415
0.3010235501320948,0.9052779355376672,0.00027526356245158545,0.4499637417962114,-0.4555552015769914,-0.804142287404319,-0.8243003149687762,0.2184198106467243,1.8142697196765354,-0.6098985180314813,0,-0.06794422124789415,2.0842552950400397,0.4250375557799964
0.4282846710454599,0.8137433992416564,0.4162540323042437,1.2096088601367878,-1.11869152525548,-0.904654535277909,-1.0812745921274807,0.3677935908252752,-0.404296583677223,-1.2633974409505042,1,4.2612081191492805,2.91541805943481,0.45196624991129786
0.7909064222753807,1.8110756622542221,1.1330146118641244,-0.04996533464764126,0.9648274977090401,0.08093866671094972,0.23736219951139545,1.6242253731795209,1.1172856981248016,1.3703023076370875,0,1.1038022972804917,0.8071814730582425,0.3751736888401969
0.48113422318030463,0.5676741486725703,-1.772405064684607,-1.6710378960996086,-1.2112626622538136,-1.0608800031817083,-0.5014193477282384,0.08832759706668943,-1.257533065858164,0.46570974907655205,0,-2.645070184329764,4.061620034842699,0.4891841967872013
1.5042211497467692,-0.470036057723204,0.6988047352083722,-1.068136531785954,0.5551529599001134,-0.1275096081395491,-0.4740041698271531,-1.4063007335037603,-0.4174309433722984,-0.7090862249244605,1,2.1767851816341297,2.0117153881633825,0.7285203948925426
-0.1360242048215969,-1.1057019455965613,-0.9718069349035712,0.2407023417326496,0.3896518859479082,0.07709137794219074,-0.4737871416921958,-0.5566681300904797,-0.33826756078019743,-0.9394041821733781,1,1.9030820402343704,1.6878289107390876,0.6188898506594736
1.7185089905808575,-0.04476259968286773,-1.3564929280713907,-0.47040660424188796,-0.22954517586550577,-1.333634149899762,-1.2771686991065887,-0.8480448478626678,-0.3503528853803501,-1.1243403607913163,1,4.654296159936351,5.2258010385759555,0.7071610833154985
-1.08746550382469,2.126381723332607,1.7074473537148012,1.831519877848451,0.928093370049981,0.5000704735091629,-1.5506062265550995,-1.3740917244144568,-0.020639778513253618,0.33317041330544916,0,4.29996629765224,1.3037952179938914,0.16701616757349172
-0.8013925258472855,-1.0702126603479267,0.2795854069793871,-0.19166347094119085,0.40959190439415744,1.3614693817821348,-0.540048736245941,0.8964514655541106,0.28661592420353554,-0.605369478330471,1,1.4542658217376632,0.9956916849413656,0.533552019265447
-0.11578587541997483,-1.612617549554085,0.2061658988766504,-0.22801781298927098,1.499700845329421,-0.3266855679254448,0.843397502707584,-0.1611334868563651,-1.1223811304511473,-0.1644591652220494,1,4.284387517278205,3.2358245498683087,0.6788334200683384
0.8261664680387613,1.2577348065807668,-0.02747074882973135,1.116075602424798,-1.3272712159953737,0.23802867084785165,0.5878852638423325,0.7535251265607683,-0.5802329632121291,-0.8069534766533759,1,0.9456386958699557,0.47434716537715715,0.4462623108513977
1.6538529813264302,0.5977804175787798,1.2799184250814173,-0.8053093571554121,-0.31405864171876957,-0.6474327880480485,-0.37450867744238986,0.44408646722406353,0.8643712250698296,0.07321756088406844,0,0.1325657596892516,7.610051323307867,0.6290249895522066
-0.6489846158885321,1.0236658313694953,-1.7375435931377052,-1.2835569890389902,0.7296311982488526,0.0013641953077952284,-0.10378889486150433,0.22468964974571748,-0.7576255074480732,-1.0842664665144526,1,-1.827131994167908,0.33687631009525054,0.3023092983679768
0.06119451622980151,0.01584374330971375,-0.23236571664269828,0.0018406175689039855,-1.0906004560216092,0.4202334369704947,0.349178526062056,2.2107783652129376,0.3947757505068712,-0.8426120039963697,1,-0.44746039224354217,1.1874907786282285,0.5056686037301056
-0.001826025857446513,0.04881968312667279,0.6708317200070903,0.5695877757586855,3.153396062367702,-0.8577267749978754,-2.212730575560629,-1.3167339402049099,0.12667468056048714,-1.3394395527015404,0,2.6035695033716326,1.380103079557646,0.49366962465119857
0.09748247900590801,1.664864193173923,-0.3163921678617432,1.495433287502777,0.440335030865418,0.5723302980351224,0.572543446318842,-1.1655285902153352,-0.10280997131385614,1.6704849962323767,0,2.9001481463352397,-1.069714930309237,0.31352496753188436
0.2131245470830922,0.7678089956141227,0.6443247200413366,-0.9493789198720699,-0.0071921337074037995,-1.0513526419960058,-0.04430734473583891,0.4152308428691243,0.5761712893243073,1.1598319671763908,0,-0.37591642932794866,2.9036871620792053,0.43110548526809683
0.4781371107237784,-0.4666005650967008,-0.34481999618945314,-1.122306469904886,0.6917828613536002,-1.320520843753053,0.44783487917076853,0.901627309120277,-0.6327984267807789,-1.5337249365095176,1,-1.7667161642827247,-0.8731837808037579,0.6159442750893706
-0.37431633663334013,-0.022006354278422766,-0.534670001767668,-0.9790839105942799,1.3197876310781447,0.9192325312476507,0.6678063522605578,0.40647226842740014,0.7329065371293607,-1.1622714641021685,1,-0.09885595490546484,0.5150594624613202,0.4560747789325247
0.7864301354610823,0.1679562584681149,-0.7382931625940069,-1.1525824831892502,0.7312830405735044,-1.0862059313504604,-0.6963449872640837,0.7153580009966244,1.0172206086617945,-0.27043955733034164,1,3.3231848267097908,3.4543058182343094,0.5766989955559091
-0.030921043006349846,-0.9776128532932278,-1.5369161714811517,-1.8131180289977824,0.5177119030297449,0.6599626979019817,-0.7177347245888103,1.7848533989902886,1.0818230721880875,1.0116681651637747,1,-1.0087142534755058,0.7938688035270849,0.6161753809103568
0.5433920036384691,-0.9202798649125069,-0.17608296592275186,-0.14364220984220952,-2.610188644536368,0.5940801853444103,0.4724858259282148,2.64189768678337,-0.1453548875782843,-1.5429463496625764,1,-0.3296760664985855,1.1022419668945327,0.6752080263524461
1.64482335198275,0.942419553203486,-0.2653756217777069,-0.40730560236375635,0.41873352579375206,-0.548391365406299,0.03832044365522384,-0.1869044922607836,-0.012752890333792488,1.5392006336454076,1,6.092228868206955,5.629868176743827,0.5869090060141157
-0.042093901586959824,0.27123995583436183,0.6881001426217788,-2.0832355230291717,0.5212212808527663,-2.1859976218142543,-0.8502320979110631,1.7589370149036068,0.7443264858355831,-1.107496093872307,1,1.3890176632821434,2.840483420433929,0.4609131824229506
-0.6238398369693007,0.6237228997415197,1.4770523405828144,0.8828762384280505,-0.3092008596594925,-2.000616301238682,-0.4549011609215564,-0.48225813177508153,1.2686049279687222,-0.5784987664376424,0,3.0848950210906323,2.849401448634863,0.34892192749071577
-0.9936215870569889,1.3323193487122418,-0.8819446785239871,1.2404351602631345,0.5849114052280634,-1.101262434774138,0.3800861463592361,-1.2185859937298034,-1.4753216790187995,0.7962473431031909,0,1.995806925451333,-1.7908371953035354,0.2381279547281564
0.09727171288737786,-0.20832499241943983,0.23969332938299032,0.1647472652015222,0.3080037834009222,-0.04814394115487505,1.1573101852700098,0.7219480015136639,-0.258017142490134,-0.030057673193206003,1,-0.5557670796052059,-0.4196917959479589,0.5381254397219185
0.10116009176962296,0.6227728290039946,-0.7960279208754085,-0.38467310487530765,-0.6830659489970125,-0.2695966898860996,-0.5087611244663558,-0.9408063052444471,1.2075680027485207,0.6381471066401624,0,-0.04556651664057787,3.4227899615517403,0.43516549527170983
0.12393376751843792,-0.8839246454755086,0.317284088336124,1.4926815917679672,1.0904671340675904,-0.193964277304423,0.19482762534431175,0.8175878748701554,0.5555602062383935,-0.22492086138829584,1,3.0484274795548307,0.2403582587025852,0.6233822640414977
-0.10404414007483556,0.7427258660565192,-1.0533408307284495,-0.22035879189519889,0.7450595561324015,-2.149591601412979,0.5440224830270113,-0.282556724281893,-0.01882753285005532,-0.7500229270289661,0,-0.2625956543037079,2.7088850411116914,0.3957070330420149
-0.6965838717023047,-0.658908170318009,-0.05832099776860573,-1.6488746919131794,-1.2355684886395952,-0.3169378780186628,1.0768142671049878,-0.4858807548134567,-0.12715554145635133,-0.24522572665912024,0,-2.543542478013399,-1.6966003396068554,0.49529067659049403
-1.696391758815628,0.5563104895940283,0.2889757929400631,-0.5566669543641379,-0.23521046168690984,0.1397836649210369,0.37750298704792495,-0.6629332431029037,-0.6075941251937548,-0.9589551053711197,0,7.456425803903377e-05,2.6443267386740477,0.24483511646994185
-1.1777198017374488,-0.3062207795307592,-0.3804039479325953,0.5568212353517856,-0.7732508016149607,-0.41111584470392126,0.6879052109627258,1.1944126406524143,-0.35366182889633624,1.361557391782635,0,0.2990587372481025,-1.7428921820617784,0.39275424040743023
-0.3771922233384787,0.5592971514484331,0.6812972786605731,-1.2048138661225625,1.37072780641933,-0.691956601602226,-0.19241184518474708,-1.0413519948052226,0.9422783768834416,-0.04342043039301473,1,3.573271895899061,3.142530751755621,0.3850317866169964
-0.31268689969369806,1.0411804567509237,-1.7876953989574742,0.9441123822837548,0.474757558787244,0.04298428353332482,0.032229247871844974,-0.3130682906126121,-1.2585716666362237,-0.042636298022922674,1,0.9347920650175942,0.4089498160199348,0.33694601708808447
-0.6511334172840919,1.0046372368629246,-0.45360298479705846,0.8555591498815505,-0.9509326194307194,-0.9620922886089951,-1.554841466582771,-0.7357675771850258,-0.47969416758977124,-0.0982146648824457,0,0.21797858750323834,0.48503493137715015,0.3040923922197865
-1.2822933958697087,0.9819063190769242,-1.6814644794022249,-0.5177380472252562,0.2549670759880007,0.05308955628140135,-1.8707623314457484,0.695539373088456,1.8802760142973447,0.2160335842644784,1,-0.17374527211012064,0.4194313037252884,0.2437737878634605
-0.592735195332854,0.04608848831436303,-1.010687446221518,-1.0390174062202346,0.6532104805072863,1.2321436062118536,-0.6055889490127156,0.39565640167885674,-0.16962786665206192,0.7807965158012599,0,-0.6728442000170763,0.9135278465943556,0.42081909318957983
-0.8049124234272553,-1.7839821699501575,0.09129751054038115,1.2755721404109985,-1.6380636842501655,-0.9738531722437861,-0.2613674174879934,0.4929409263713083,-0.03200541533178388,0.5894009276826878,1,2.490027687720549,2.0164644969021035,0.6199968542502705
-0.9564595596462399,0.016242647772083802,-1.1711089167532498,-0.981378235244945,-1.7646486288236893,1.4520753927821353,0.8257996326923506,-0.8209298485942347,-1.2104717268544554,1.3767887803131875,0,-2.70832001452959,0.5117650008293011,0.38075353030471487
-0.6710858562753099,-0.1152554452303224,2.1325643579327966,2.444379945191464,0.8184200313247068,-1.2295588044116337,-1.5410518093988606,-1.0947922966588253,-0.5472461750038927,0.08986814771576941,0,5.325554928979726,-0.3744103332626395,0.4309649651340372
1.3520255112970139,-0.9613710605067144,-0.022115230982282054,-0.006507367844022832,-0.4928716215221247,0.5724466635098685,-0.6344748847476924,-1.7415430400820218,-0.5745300534619345,-0.17727659547601224,1,3.611880986199227,3.5625998705337754,0.7607322586265309
1.143849319578341,0.5963668485532877,0.573087143672303,0.4242593375952359,-0.7506302515913293,-0.061981223920845485,-0.098870031416981,-2.030771573509473,-0.17451288164770679,0.40403499693512435,1,7.009537788477559,5.525131424720838,0.5680111412715863
0.1876885475962219,1.4147627308762805,0.6256390410170805,1.5346112395612763,-1.4795258606169248,0.7139406830989643,0.05584080664965122,-0.06048257120960742,-0.23868566667311378,-0.15415408190394628,0,0.4547010355522043,-1.2044434442314988,0.3512527623305679
-0.5489248088821005,0.3249155177551476,0.2919984133732275,-1.9474957684579395,-2.254416184593407,0.538532148460251,-0.6820126245773879,-0.25829916734170166,-0.2886651217819429,0.8564952610091847,0,-3.508994331910283,2.7088241218189966,0.3924750768692779
1.2984419496358979,-1.1066090723177202,0.7024973326771984,-0.9923080881642196,1.7025842451327426,0.6319328502580113,-1.2501824879336052,-1.0240235123448347,-1.2156818327576304,-0.7241576845750156,1,4.517818316655195,4.485323589445587,0.7689737531486643
0.051662910004559866,0.6615401287906039,0.8941868905122543,-0.14126005488466425,-0.29688486872962994,-1.2441573964470538,-0.05243047382182923,-0.9414296824352301,0.8362667947625863,1.2147762111698266,0,-0.013816921677961558,3.237934437723382,0.4243506452118524
0.910441710323063,-0.1131137164628259,1.0574390647416425,-0.773072549140973,1.8063447599531355,0.4259034591319342,-0.04000749470784999,-0.22539722995315672,0.5785845676749924,0.8274716098363717,0,1.4126626978732917,1.6156069023131974,0.6252231194357504
-1.4335525808674205,1.4093136587824282,-1.795853252756655,0.3192871779696683,-1.3481613314781515,0.7339189351854782,0.02772375018190393,1.9370038498951014,0.990879162299959,-1.328413306599521,0,0.3473409934179311,-2.1607644635797723,0.19443701392295995
0.8810369190943275,-0.18079550635132893,-0.3537011019961255,-0.09491953848880101,-0.35463462674101504,-1.4777408519018334,0.12434631367250132,-1.3915922280635464,1.141439816348504,1.0311001716868096,1,0.6566568011275989,1.0685628423504459,0.6296967786758415
-0.9223342511728271,-2.143543053345945,-0.35051769063288385,-0.6245811436041463,-1.7939781677359214,0.41492161133915734,-0.6844494911513433,0.6013449722013143,-1.0720488611656291,0.3223939032159538,0,-1.7591117267226022,-0.6919705782244441,0.6480786618084363
0.7439590205520618,-0.1339305758195107,-0.07135793582070515,-0.27592505974160186,-0.6264875272792106,1.6914847546450738,0.6945687746540479,0.24282012193420704,1.8546787387905843,-0.7804692633534728,1,0.4615994196904598,1.0831248018886028,0.6080075685744606
0.17381399901363298,-0.9375412265012746,0.42507851210941655,0.036402595612320975,-0.08015056784050238,-1.2236791948232164,-0.7878222064140668,-0.648716715377438,-2.315958319529148,-0.2719911392542587,1,0.6726206417790491,0.7024260045531338,0.6354518346184391
-0.068183799598512,-0.705587746543739,0.2806040808778298,1.7166321681920185,-0.9139536146343732,0.1808291707665622,-1.047040183861827,-1.752935828711358,-0.4348179727544661,0.31618876279459934,1,1.0994877288495761,-1.062347836905812,0.5790078806064506
2.502942546121269,-0.8186386653802777,-0.260452037613802,-0.729921744703358,2.124441514528272,0.8553837089518939,0.09321615138663229,-0.53403384467719,1.8795647777782416,-1.0889195122064674,1,11.474368965180297,10.869812127900467,0.8403441039251363
-1.1327717157148738,-1.1343366320298134,-2.8469061226313683,0.029039635385799026,-0.5656552802162043,-1.0040241767276064,1.468439297187316,-0.5333406125074658,0.49811693218219233,0.19121692192472775,0,0.41092796199943493,1.346174321754149,0.5001956145293872
-0.10670603843816404,1.684107151407622,-0.13025800794193143,-1.148869941087038,0.41182589942853987,0.5591190007977636,1.1760127242882898,1.385894594949387,0.1966888756426326,-0.9109805005310264,0,-1.304998395227519,-1.1945703111937251,0.2899953574159513
1.0652538530989657,-1.3486817362838317,0.9081499164929174,0.11664679179288545,1.1452982511971679,-0.8874784723694428,0.49718620563078114,-0.49187413193853324,-0.07754774253595217,2.3660875256329965,0,2.0342504870927094,5.124372241042911,0.7697619955771965
1.4103554670023586,0.023635312854241818,0.7973054650137891,-0.5901952658864441,0.18175865081334136,-2.0826244175590296,-0.9563847473224382,-0.22738995851981497,-1.0866126391427544,-1.2899123634887875,1,4.651409228043189,4.282872422180925,0.6667139753243162
2.3675380856760992,0.3211930270531195,-0.2581722693301498,-0.1279915502203149,0.8954513764690191,-0.015900963599404058,-0.1454204557588447,-0.8863331529248186,-0.35210495823549276,-0.21375404936470446,1,12.6039510047254,12.786914292700693,0.7355901088724845
1.6850870929315767,1.387394177505276,1.6079612854033776,-0.3357619288848766,0.19558049495554208,-2.132374748470522,0.35832781024051924,0.843644169913971,-0.11745186856508806,-0.8298541343363426,1,4.25606819210926,3.0477300545187873,0.5371430635265264
-0.269727888360263,1.7228005177076149,-0.045818035716315285,-0.1790136975041555,-0.7056803954073182,-1.862490459832271,0.8179395670679702,-0.10829529397364987,-1.2280248573701522,0.07999868989655201,1,-1.7173725392149186,-1.1486012105383172,0.26967655733921686
-1.5508163134496074,-1.9537762453748406,-0.7147152338616974,-0.3525233866829675,-0.9526991699496934,-0.8032575680798624,-0.28767982395748837,-0.6578948765367709,-0.30690556274352404,-0.10805369921770747,1,-0.2407416195477619,0.5738406970913805,0.5502002863336433
-1.0965243254851886,-0.7860008471712272,0.47216375549953965,-1.2318550045025651,0.2900363900493228,-1.0136386408081959,-0.8998330469738834,0.5920577575440308,-1.0005371956163334,0.6721396820112733,0,-0.7542626201835014,-1.22293419728133,0.4612623521123229
1.2872304405272663,-0.502358673119541,2.206698412057761,-0.031548529996765336,0.9479582011817176,-0.5197145142132448,-0.24583172708215953,1.1827109038452577,0.5068775677237943,-1.8746764838117866,1,2.93647123571681,1.12280789168121,0.7098786089375047
0.26134231109527856,2.1313550664688057,-1.3732057453966164,1.6027461425299434,0.4204037233556303,-0.7923456644402781,0.4545393894273584,1.3237362465401443,0.28563935113402045,2.125458300241761,1,3.8181372160811495,2.301300196651555,0.28191013373628937
0.9132843971722886,-2.2361899616534453,1.4799672907000807,1.2411228485442314,-0.5354825266103601,1.8099630219325935,-0.290109545587107,0.5311553352712117,0.2965297877274914,-1.109755962033494,1,2.724012505889713,0.8030633932726159,0.8284578823908746
-1.2170299968886138,-0.8330480138787006,-1.5999239156461134,-0.7213590971316356,-0.45753392399099346,-1.195857628752588,-1.649997361563753,1.5508751562308583,0.2887948321982917,1.217859456398926,1,-1.55422272220717,-0.9558318636709784,0.45214914593438227
0.5441845694621619,-0.07308284535349069,0.5442503136095735,0.3675434927473681,1.4720835771313805,0.4333646542397543,-0.534237028392709,-1.0710375746411227,0.14592947548364357,1.8518767683133421,0,2.1377177193590366,1.1542410075649212,0.5765517296238183
-1.324046944102813,-1.4487887172026135,-0.8712586788830304,0.5392819178126058,0.6583130998831876,0.15185976768032347,0.769945033245535,0.79800461536999,0.7961752936040098,-0.10428525047867693,1,2.5773819917402663,2.733771159426075,0.5155876687968295
1.1478956532426172,0.706747549792279,1.6334195090812993,-3.033116992404484,0.0974572635638755,-0.6596507554478789,-1.185978807504131,-0.6958056397228358,0.14763000757566536,-0.0900261146110649,0,-1.4184368125218958,5.142494620870759,0.5549210209819038
-1.9004220215169134,-0.5776511483994005,0.18667561540902824,0.7287100930698731,0.512448174426948,0.33038242632818066,0.597858885685089,0.03626885933393319,1.3367551519719347,0.2672139566422068,1,-1.1745807583636145,-2.276474214537745,0.34042846114713815
-0.46143938610071394,1.4081437066050753,-0.5126578642471586,0.6451379268356223,-0.030093817659861584,-0.8375427326840726,-1.4334534403021983,0.5514587451249529,-0.5751572767831683,-0.01875828161697149,1,-1.513761905502631,-1.7662502824927446,0.2819536255437901
0.3339676415586901,0.07243719794657374,-1.9029741125686057,0.2414287174958327,0.2287315337770788,-0.15025571390058284,0.2788571709411918,-0.4515372673158415,0.020203005555228994,1.189376757439824,1,2.7893750651399225,1.9605206032389293,0.5326448011042937
0.5714543787856359,-0.45224104808092086,-1.0264860090989467,-0.22579254400709173,-0.7107510210109179,0.3642004685040697,-0.6298949841981331,-0.1478339375902193,-1.281369267126842,-1.115214221855052,1,-0.9283588834416057,-0.7010724057208955,0.6252395216433443
-0.6518495309215054,-0.19140927387894272,-1.4578452364988983,-0.8302305729598128,1.6529674935241832,1.1967470241352816,1.0930142600510373,-0.41634416346750713,0.330217671483026,0.9937233511460828,0,-0.7572722707733482,-0.893267981168257,0.44269783538666535
1.3343101685673215,0.6299734943577223,0.22686836745928785,-2.3363893979425523,-0.4449368706109223,-1.57082749933697,0.7216922112490243,1.3314846638265143,0.9310484187256608,-1.100068328339222,0,-2.429841327779291,6.091844726159656,0.5871432960726436
-2.388657421410966,-0.18664985383638089,-0.6493149458927254,0.9744877842277381,-1.734806900927528,0.14371503429446802,1.9919492671039727,-0.8757742230851715,-1.4228517007899433,-0.31691605671135004,0,0.29786446975724085,-1.291616099329314,0.24955186280821393
1.1687113342972852,-0.5239971178155545,-0.06431364327444017,-0.7880102167427443,-1.2257790890236655,-1.405773319500208,0.6483930830465335,-1.106534649174198,-0.4601438062489863,-0.8706742094875712,1,-1.566486583123992,0.7249442855941179,0.6998017993994645
-0.4550335580348812,0.41837543909058794,-0.8981039498190909,-0.4627744342041075,0.8540742319393413,0.49452841764677313,0.6996281403990698,0.43018276289379964,0.602187830241805,-0.1522273174395494,1,2.4364253923442405,3.0526799554667994,0.39252650081893514
-1.2042656365855224,-0.5598361480023151,0.4701277216431386,0.21836203876234564,-0.1634372286566631,0.1635091023209545,1.2597067673538274,0.20946792675250636,1.3445503407882766,-0.9363245006438482,0,0.25039285313023785,-2.156046777525604,0.42013609272453917
-1.1175109233950922,1.2506350359147693,0.4313653159659057,0.8918861829260873,0.5425426983171595,-1.7189021244299327,-0.8207814532923531,-0.11086538464130127,-1.5792667513145073,-0.37503576371420705,0,1.8137436751955165,-1.4441972288538385,0.2343206540931308
0.37675797874187245,-0.3142173489314776,0.7055732871316325,-1.1007363604875782,0.22785598764751067,-0.896943473141678,-1.2843800597353126,0.6829314423338283,0.6420864283039373,1.6216918263984992,1,-1.208037774611724,-0.6285857791972314,0.5855229231660205
1.218949227866376,-1.7818944944608601,1.109979009044414,-0.3713665442751167,-0.3334187751608957,-1.1210570865469458,-1.7553028157562038,-1.7399585710931516,-0.8927956156382286,1.2455870996585932,1,5.3921262241634915,4.96569754142601,0.8176373868602415
-1.4727757659583858,1.0451615893054222,0.4520581635971808,-0.3792379959259795,-0.36972953877468584,-1.0209552293909254,-1.3200254096774833,0.18637119554735443,0.7901407712725793,1.6764490104725,0,-0.09235268834811378,-0.12422134186147887,0.22115147971048146
-0.07263596965634853,-1.4495902124745619,0.04257465830831157,-0.4597730893068822,0.30976916514678765,-0.1272588493814195,-0.8992338255156695,-0.2615358364749874,-1.629403849938613,-1.6811563827284048,1,3.1417376949154256,3.3986546213219704,0.6656280692466299
0.9245941665044174,-0.8675663111447696,-0.2113257255871298,1.2247098812125936,-0.8781244352669595,1.465937059634735,-0.628347653305422,-1.1153889311288723,1.4623077615728195,0.032911820416500384,0,0.7494706036672394,1.5104623758707216,0.71014332492546
-1.7105434383692384,-1.132195611223365,0.5179404892713744,0.7467658253994353,0.4672720450400788,-0.46748850255818036,-0.14270247600063665,-0.05817841523901572,-0.7043507350384319,-1.1379668147656312,1,2.2072258071054613,1.1894395385920913,0.42820611872063075
0.6597779155834272,0.3585705673608979,-0.5318275915652422,0.4675230979736686,2.098160780198375,-0.26870168138363104,-0.9160629358696359,-2.090697904009044,-1.259904405284141,-0.7551959235391092,1,5.2198110985997825,4.1916274209175235,0.5375799147327273
1.5599844293781824,-1.4011439797602603,-0.5122967798248974,-0.44573266899677433,-0.9272937884171173,-0.9490256668197109,-0.9191549947101305,0.7431800832012088,-0.6595756790953129,1.6885118533179926,1,7.101448105302873,7.1391495322454706,0.8146577853489173
-0.08907600109439523,-0.8822215824937774,0.9563981711654131,-0.4919909983594816,-1.4416955534138443,-0.8614356630958955,1.0558350458458663,0.004712988986842893,-0.15767757288610557,-1.2071673918443917,0,-0.101340808383479,0.010709937366217726,0.5978639584613347
-0.9779742928374041,-0.3603474253630264,-0.2879469567837617,-0.4181074017947633,-0.7080535555236835,-2.341370800581224,1.8484278631672024,-0.778843803959522,0.8507804766503323,0.1431898970525017,0,-0.12986241530397757,-1.887155955943539,0.4234043926240049
-0.44862800105634654,-1.5213781541340408,-0.2361185482306224,1.7448659220035696,1.196889075885292,-0.03192437046577188,2.166046549859313,0.7591542575516665,-0.02618203846153862,0.3255541908430333,1,5.300619794235539,3.132867370449726,0.6309687659709312
0.28268338324556486,1.226274446544715,0.21092672830993994,-0.021123859516202697,-0.1828139822858986,-0.8741403171105548,0.603695985112187,-0.6355170557151423,-1.4889314222571084,-0.42636620351103416,0,0.3434782025830505,-0.30453331042772525,0.38419135348850875
0.9849203688240475,-0.6232609847222071,-0.8447543585121562,0.10526674397009698,-0.3864401992385215,0.2672850170157624,0.8405960241554943,0.8062755202782381,-0.3838860446217869,0.11945138866977219,1,0.9339796767977444,0.36270755491363316,0.6908488358532395
1.3084847530638835,0.2630855823386458,-1.655172636680192,0.6452859165238951,-0.9654340902624077,0.2585672602120177,-1.4167850397936574,-0.09171544371488845,-0.06691129702144369,-0.9382060981620443,1,5.2433946833569305,5.539487270098208,0.6277788026759151
1.3091238600041462,-0.4339276605450533,1.832658673630133,-0.30380199804358826,-1.2651671538019709,-1.226394530786821,-0.31919317608426245,0.2039568753563066,-2.175133592653771,1.031454893796153,0,0.5410065070026164,1.2565927710123668,0.7050630777653856
0.726208031804206,-0.27831568802146056,1.012322494408486,-1.2846298227332114,0.762473246294166,-1.3448900747602626,-0.7517076776266706,0.20617380583828662,-0.38484481209140803,0.22969744408159118,0,0.4299251734503539,0.1494028873010005,0.6229907292615527
-0.16874971309666226,0.47549248817068224,-0.7574768028292408,-0.44428408009708514,0.6732713301617599,-0.7079679452170228,-1.787141044043716,-0.6288129373240802,0.1350333405574662,0.7292067499276755,1,2.6185043064193474,3.3373141297572846,0.42015890652755417
-1.081164344022715,0.9133362973203875,1.1269395439879755,-0.09860484836837688,0.15465331476020033,-0.5947573576315908,0.2928423019344613,-2.400507089694435,0.3930809621951056,0.36631880282590024,1,2.324999465574625,1.011477479680935,0.269482384491601
-1.0149758716737893,-0.960194702194258,-0.2202226132171954,0.22649863382192711,0.45553563087036203,0.8339745134675434,0.11770129773194393,0.7227567651735349,0.39235790614722604,-1.1043042569528856,1,0.9918820732283562,0.05059527807081177,0.49315278190013934
-1.1723535035470058,-0.932908237281762,-0.31585560610014857,1.2137665981602628,0.5712611166976752,2.085989675785864,-0.26459927429383445,-1.5305014541943232,0.18765520813924605,-0.8775961743040472,1,1.1427147425037387,-0.2134071501583658,0.47010504149377824
0.21343947386016318,-0.04552488349890161,-0.868714613362975,0.03095386113965762,-1.4712928108904044,-0.2422426746830744,-0.6051666079972423,-1.0779150048700066,-0.4466672790775036,-0.2693358756594311,0,-0.6270047926514847,0.8815946712405625,0.532325394305524
0.5242006643420354,0.7429869947895277,0.14781451851901528,0.5673796066009588,-0.04802250447086541,-0.6664301938257848,1.6606474723808387,0.8041581707974561,-1.4987791376578987,0.6424372279972419,1,4.616990324810137,3.4953903699947926,0.4726789488714959
0.614528659407864,-0.22230150124093176,-0.40278824672058483,0.5611156683877343,1.186904217276521,0.4439638277126463,0.4625696950722819,1.7226322998407944,0.7473063130360932,1.8109877874801912,0,1.0970618855529186,0.24133903024545744,0.6031039303729208
-2.2624922824842617,0.472620461989972,-1.0655026100872906,-0.3141882236859597,0.6291786407917467,0.518896791757537,-0.2009971245694693,0.22266184422102542,0.842729676357186,-0.6301503308938765,0,0.42416711271974306,2.5948481366306204,0.20301493816999547
1.7685650879915873,1.2716838704024562,-0.31764432217554167,-0.3260522769929018,-0.8567211612118115,1.335129372656391,-0.3008091990305971,1.1532451340317436,1.9133089148143612,-0.577552033413353,1,4.116511236826569,3.9784379433517483,0.561792644421846
-0.10697030803796029,-1.1019635111604438,0.4738535803837874,-0.12615527249695171,-0.2572783032821386,-0.2863788956118275,-0.8720872560944032,1.8074929248128697,1.4509737176491038,-0.26318795677571366,1,1.279793871549567,1.6857466518287256,0.6218708431734273
2.0256901578729773,1.058391729622483,0.7830216870511029,-1.9800926405673938,0.48563673164008775,0.6869601575081266,-1.090420652072448,1.5569535479376302,0.8886147295390036,0.6844724424713631,0,-0.7844824209372464,7.125301692567893,0.618609212483374
0.8786056640133815,0.2001781104765773,0.07534595366381584,0.23552473420378586,1.4908689279915888,-0.8244914040728798,-0.18832946714799778,0.24371042240954152,0.3457571504236738,0.6837594511161215,0,1.191802512352852,3.878135060130644,0.583999527279837
-0.6815240945186487,0.05895373408041258,0.4264088853548272,-0.3842853604657844,0.4092670421193277,-1.460729306719913,-1.0227815023320517,0.568995634995056,-0.9812209486617908,0.12112499629734917,0,0.7606534481819014,0.9662244173095951,0.4084832927111662
-0.9944825753553483,-0.5769210309601328,-0.8218144266254088,-0.18027528372844698,-0.6555075753711149,1.5022543378540452,-0.5276091819289451,-1.296505166301876,1.5482675108426582,-0.4900636663082541,1,-2.64240793389036,-2.0574435910005047,0.4479935806161303
1.698965077958181,1.3488310123034206,-0.13141743459833624,0.2793871724663967,0.30610740551055776,1.2771524151617861,-0.5049325700724907,0.332158587913453,0.329895333544879,0.3975592331899033,1,3.411565526241367,3.24495209608673,0.5436553177423088
0.1653170780987744,-0.2106510685443898,-0.42036337157565495,0.23151667288022498,0.04387708948692302,-0.8240094040637412,0.2751636577436005,1.5263595244108017,-1.1757791608752015,-2.224942630979949,1,0.17539886072095578,-0.3565377305248174,0.5468581101623345
-0.37622900314335056,0.2852412854598384,1.9215328556062024,-1.8451380034810094,0.3075184555116149,1.2644187906405298,2.7652107611746892,0.7726284654503452,0.26692056177925333,1.4206033896710197,0,0.08062465524990259,2.6387054417224243,0.41806176198369904
1.71022808821593,0.03164424640119023,-0.1168826352623156,0.3395913791951574,1.5010791609682954,0.9865632206322605,1.1039989591044075,-0.2485082038202052,0.19465915583014495,0.8529233380995929,1,6.331001471983195,5.778346868460892,0.6983160654078638
0.5429304705146258,0.036359847558851084,-1.4269252853479457,0.29491693397174074,0.786198113358184,0.9176542942956355,1.2013538278402913,-1.3772291530322431,0.2059424554216867,1.449179567788149,1,1.9767418457962305,2.0059919066079703,0.5629849621420421
0.549836656790979,0.23832500826497,-0.17922437874018093,-0.1419469465919968,0.9185563772024733,0.5972010634823649,0.06211351781075373,1.1219693771554289,1.0289421240149574,0.3961041355588176,0,0.7386262512896933,3.4347242004247662,0.5388604253850011
0.2080286078645708,-1.9132665144202043,0.40969336151520935,0.12854804955201576,0.2268120456617409,-0.046361377609318334,0.40903992085442603,0.14991490374093897,0.2425133097130501,0.3525982735328237,0,0.5614635990030109,1.904053391587722,0.7428142756289144
-0.4389117884011771,-0.012321311408413891,0.051636413369168535,-1.2448027347793378,0.5742771135528071,-0.45441245984280376,0.7722219101912464,1.1009909330608907,-0.44577692199313385,-0.8119178215596518,0,-0.710728018702645,0.5479904613870723,0.4468774381173495
1.9078732582777245,0.2264353149778069,0.07216488356004436,0.9563686754478513,-0.9323626876882127,0.0052704795228055755,-0.4672203978580449,-0.08661795496463746,0.554705786058785,-0.33126740475326855,0,1.122401611034482,8.370917578674296,0.6986166181316986
-0.2502884291057164,0.11236973030013028,1.343022720083109,0.9169200652447961,0.8824442368640814,0.7134455530502511,0.45675678192879754,-1.7741413356934161,0.574869284056312,1.004632589130676,1,4.175154018850111,1.642908859735221,0.4547915343268086
0.5799532964977411,-0.5070759646124996,0.9856784400074706,-1.2469971614217803,0.3793737567925879,1.054868331558793,0.2303890106037749,-0.08406072439896166,-0.7492475625675581,0.40942334177269735,1,-0.6172807599498964,-0.7134273020652866,0.6326296309457764
1.6670390895392038,-0.7409091869057751,1.0503428578317526,-1.3475326779264443,1.863654994548348,1.218202721933502,0.03384723560693407,-0.5464770461457901,0.7281933156610839,-0.6148742171951569,1,4.101503127682017,3.478936236739534,0.7692310060170547
-2.0926399861039244,-0.2076433879906501,-1.271175296626552,-1.67685163782095,-1.432977803668761,0.25776305340260114,0.5666708149472895,-1.3604654016391866,-0.356887261585729,1.0309844308621976,0,-2.758940512806758,-1.3942399292660712,0.2803959741576909
0.6843031277043146,-0.4785525184015849,-1.758943661105583,1.3235023392079495,-1.339059112067864,-0.36705965579303446,-2.155200540869077,-1.1372522621873755,-0.18668747895054771,0.2889672088138851,1,-0.12473039552434961,-0.5119373109305736,0.641395882183375
2.032514094961345,1.0777798797469689,0.42543166580266834,-1.2260782697672459,-1.8207954460154325,1.3809509617930538,2.6026206666240173,-1.82934641741823,0.9741790960229131,-0.6933265046621778,1,5.406848380154602,7.028432220754295,0.6171259631266801
0.9075641759891705,1.6852171847937039,-1.1163093003166968,0.15357372693120927,0.05575302041893075,-0.5085466251985457,-0.40882094392126495,-0.06639170746677683,0.8144510414548205,0.07029604659342278,1,1.0795193120067625,0.38969711196802814,0.4039998277676821
-0.0009939369052085782,1.0907596540705817,2.5899655639323074,-1.0017256746259444,-0.18027083017279807,-0.5046027230895641,-0.4422694302533402,0.7548777538204032,-2.7631710934053313,-0.011853485931900259,1,1.9513229227759,0.2958013744933734,0.3668215519601693
-0.2722006142802754,-0.8831452230663309,0.5505543645941913,-1.157087777715132,-0.5394236781635321,-1.1555296581983616,-0.894533081575367,0.5067353672364721,0.6818956638282953,1.8649981950433898,0,-1.2563099081560671,-0.13559756509755372,0.575779719028746
0.44064460359760604,-2.079899662658286,-1.8986292714370117,-1.1104881308017944,0.24664399520926453,1.229830094083529,1.3445279312598335,-0.10982770501819628,-0.027134804869850492,1.5898221145504785,1,-0.435142719385836,0.9327470244621575,0.7790729504251706
-0.5056089742333094,0.9640532064996064,1.0467362816889287,-0.44757670133096944,-0.417512122615378,1.3990901089993286,-0.3142429376298439,-0.36425014800787625,-0.512853451911093,-0.0051772663600252134,0,0.9210953894854466,0.8848639130614278,0.3241354744900867
-0.484275059750725,1.5697092084475834,0.23667514432684753,0.5130664855712599,-1.7069949766989152,0.3086337608738571,-1.7538751309949185,0.8397321220970716,-0.18699180866218382,-1.0280507324696617,0,-0.04177186691873699,-1.824145395553414,0.2636676571168638
1.2186968910872946,0.21524316846960345,-0.273039459656661,0.5616173540519279,-0.6599723435482525,-1.75486064408871,-1.0984272672254332,-0.07141358126954914,0.28851878523587676,-1.1279786012978594,0,0.4241790422362939,4.947373416059279,0.6228650641186104
-0.49478246477154897,-0.4098236891203938,-0.5044823664147332,-1.0107575873324783,-0.21176125150099182,1.9620909001456988,-0.12438743791390386,0.06228579842567103,-0.6699441768920888,-0.8636609196506614,1,-2.6803563541594198,-1.790643990253789,0.48938174971354864
-0.23394410130501075,0.42014287648531873,1.064634490816955,-0.027308980539805076,1.213329318959761,-0.7499573139938457,0.8002373460812929,-0.7568877512672694,0.3142853554550863,-0.13659496952488687,0,2.1417554149414832,3.2131427792860054,0.4189601612573807
0.48743904845818475,0.12095132175190931,-1.2064298794574704,-0.966148343154149,0.8823452593216863,-0.15073258648940607,-0.06989616167886743,0.43848432740392795,0.3584597935644281,-0.13960282249596748,0,0.427481797743389,2.55539552370155,0.545683206899888
-0.3859784088595343,0.43541060034711626,-0.43105506329134463,-1.0666015331500578,-2.605805291483463,-0.5487164796483909,-0.002468335327054155,-1.7262692156488761,2.4136962283323147,1.8311757433880647,0,-3.0130585742870104,3.128494150639419,0.3987456036733571
0.06922528630468697,0.1784083534892206,-1.5618133181633684,1.827088649378252,-0.546955729394363,1.4113533376823741,1.2268139461827952,-1.0518061464266433,0.06379761178167442,-0.2806908623763058,1,3.3054587817334338,2.4006731582421406,0.48635550508435166
-1.1701209963973564,-0.22851427816140304,0.007244385455986223,0.18313338800326615,0.5867762418241511,-0.9449098530695507,-0.09548190135283238,-0.380024791401724,-0.43827134578764904,-1.3612130382948542,1,-0.4336778214806554,-1.334179375728119,0.38442611691357587
-1.1841060314072382,-0.9819574789239996,0.09446387000566481,-0.09160538566733199,-0.12832671893829176,-0.21523670248432825,-0.29071508275577457,-1.9541143076137992,0.31593688338487136,1.1192861815187833,1,0.14022741075645734,0.16438986831463243,0.47475292098036387
-0.6200338136884921,-0.8884591098128997,0.4855445554694229,1.3335022149070905,0.14252636222455176,1.490829803895665,1.5784029083680164,0.7034253680824942,-0.4149168027488563,-1.3621888043189023,1,1.7781723500738549,-0.3202952407489591,0.5335028863854118
-1.0834361406131543,-0.5925834966188166,0.48120731970426467,0.49519454576623045,-1.0274143199723336,0.6755069616491366,-0.8164608419536279,-0.9356579621060169,-1.4780172911843021,-1.2686114205131565,1,-1.2791232285188583,-2.05656363873656,0.4389495554138047
0.6991282842053579,-0.7500076573503515,-1.9676975656404585,-0.9764846692961797,0.33110791779652665,-1.6882452320488348,-1.0006144690786707,-0.5380381532037128,0.38239353530245135,-0.6992947376525882,0,-1.0475533112417699,0.24427362575445666,0.673612121139987
-0.8316052566334798,0.008321157414071894,2.261726164782884,0.5792088850806381,-0.7326217843074616,-0.06523136274377968,0.42756671776739325,-0.7549334320335619,-0.15922543008594864,0.7323500530702098,1,3.099199364754555,0.5006966508735928,0.39652555440485227
-1.7299269786678997,0.08014459807856002,-1.7611578131889822,-0.026895981207953445,-1.3324354281792565,-0.6619323188258812,0.553280648662959,0.30437751730160695,-0.9511148191782095,-1.7677222963360886,1,0.7580822285046498,0.8001220011825656,0.2880167416568368
0.08020653121886116,-0.9271636901552994,0.27947520438490653,-0.40657658238284494,1.7735734299173582,-0.3479997167885108,-0.44362930913588927,1.0481741026269242,0.14290895042737678,-0.2543070909242597,0,0.6483162155652571,0.5164348180927748,0.6233249542785085
-1.516766696186091,-0.16586557922121553,-0.3540477272930157,-0.36506402948388833,-0.23598799907031884,0.7036486332365336,0.35386254416622764,-1.568502796776055,-0.8296442600535312,0.2510415864594219,0,-0.7223310095986197,-1.0251270591516919,0.33727744599801496
-0.16861814847813208,0.09204406298521221,-1.0347334003415662,1.247943536028843,0.34932183314104875,1.574545255401831,1.6028613942774603,-0.3872004520611301,-1.1568565318333401,0.4161769129818104,0,1.4149938931321722,1.5577113068371191,0.467463266813967
0.9871099249086659,1.2018256622194565,0.7566030354411953,0.9936619690018604,-0.5255834716813566,0.7622038949342816,-0.24362657939573876,-0.009230701288818179,1.18601767003589,0.60379647523767,0,1.7130014682689594,1.2024286673547293,0.4731862818229969
-1.063127053346349,1.296588505116906,0.2706800870607689,-0.171816505640637,-1.5056398142145206,-0.4453073983634472,0.6171482511774241,0.03261005322248137,-0.5412949450194009,0.1976496285261087,0,-0.33420884070393636,-1.6613035006517316,0.23507776887243953
-0.11732866305293874,1.9125837246217645,-0.5220124723461121,-0.05592264141367104,-0.0798664756867883,0.24769633009224748,-0.2089892921907061,0.24626638456429792,0.36526231676316795,1.1188393427666166,0,0.14666308557805133,0.2113246494930049,0.2660110365074364
-2.7059610020655254,-1.8253581218713655,-1.2868757913253495,0.6204416361307323,0.09140087418762136,0.4797742198630272,0.5017496348620698,-0.6337710092321861,0.9759311145417227,0.4585242198691431,1,1.7560593416690327,1.3706534716203687,0.39166914445694684
0.8338634733154072,-0.796844709058511,-1.2566624654543135,-0.935774028426569,0.09145281595833102,-1.6737774451673677,0.2829584897732061,1.674588274572221,0.20942575079384512,0.24935205391477921,1,0.0563670955936342,0.8127567124379955,0.6932492536424064
-0.210268655939784,-0.1644133898631671,0.04611525964667174,-0.8670419732325385,-0.8151085368117055,-0.5353621920870757,0.09772140204842399,-1.4637996478272481,-1.327358991021327,-1.5403586088495065,1,-1.955070258712834,-0.4242760819877923,0.4942683428212784
-1.139014695064384,0.07988686801615572,-0.9888939090576843,0.24768799802759747,3.363617293530133,0.8804207107912512,1.4377288886302935,-1.1499238653198351,2.12146784565505,1.7231736147265275,0,1.8612126718231865,0.9409983535200064,0.35218449225218534
-1.243041683281952,-1.2338513979857573,0.6481558907780587,-0.6060316786007064,0.5934754713619181,0.00644603545564338,0.9598221750500913,1.4363530160259306,0.06960894239851045,0.6674698481947883,0,0.8405609045834521,1.9643533989729878,0.4988512163593877
-0.573843452359418,0.03189909184231211,0.5877457805795768,-1.4542397317890812,-0.558484039834402,0.9918321183643196,-0.1118409523455449,-2.895807046390834,0.32198239552354435,-0.014594561802756197,1,-0.9708887950603832,0.8134717854692914,0.42485572733688604
-0.2690220587181194,0.6848125477205087,2.4243933578973307,0.28155901944086736,-0.7092466236932088,-0.3616545289238524,0.4719352870726021,-1.3485506363430126,1.0537953328918346,-0.9238530640321124,1,4.665160105066025,2.8544527379283133,0.38298032293049267
-1.1914813253013603,-0.7368292045242092,0.1986194664572238,-0.32228821982746425,-0.5159267890893746,0.571267131726247,0.5895665191257292,-0.5206829225102806,-0.6373089371574902,0.4616140931796919,0,-1.02671671569008,-1.5356074517821565,0.44341196756759793
0.6349524170965605,1.0230903096866901,1.4480969076587642,-0.5227727876658705,0.18906995668137094,-0.5085860843622623,-0.015920248952899205,-0.3039897036897915,1.8371074509391756,0.6796667096243103,0,1.3251141435125813,1.7057404913533858,0.4516344664994921
1.1067383616334254,1.4854300587672327,-0.8914951131143868,0.5129076967830044,0.286078732679666,-0.0420887342669291,0.42297880468358895,0.35658462388496454,-2.788290317865174,1.8033089493782233,0,1.3582423043404699,0.5270960189576197,0.4528044576361604
0.5818420070343175,-1.4826670759305451,0.9475779799890008,0.5200509364033014,0.3084772124247517,1.306893620251626,-0.07777469900726043,-0.46044136334610364,-0.6468300351296787,-0.728704178175659,0,0.8378691531358626,4.2856258639796945,0.7373527521996275
0.4214756166598595,1.117008812844175,1.223130112200818,-0.5769689879397417,0.03839160063925491,0.4611906530778962,-0.6126787541495822,-1.4149452950729826,0.9774425073952252,0.5058149480929715,0,0.7225118623632134,0.625780962970387,0.4139241197948168
0.18845795915669797,-0.16448071040677303,1.4312692996563314,0.50287614484778,0.7492005794648037,-0.6192212899356494,-0.0013870451464082561,1.2435578871577604,0.45841483420789336,-0.05336788742403404,0,1.800770528937524,-0.027715996220430084,0.5440031993887848
-1.228913405282482,1.7304425064579094,-1.2695951264051466,0.7151240822997104,0.41031757968318966,1.7427579214680864,0.25216041345267204,0.4646650343912489,1.1334304336569707,-0.11297303953629886,1,-0.5007499400780273,-1.580367160763351,0.18547606708388592
-2.1655321803861804,1.2907300061913793,0.6863128330841325,0.9253697588106753,-0.42054514386013053,0.27374719595024566,-2.224418783304814,1.758286579466676,0.8819097372617466,0.6465747964849234,0,1.0502058409075787,-1.8642075249521637,0.15082678953746043
0.6162048816015905,0.6328424608522002,1.3333159033948219,1.116000783556329,0.08792209792341944,-0.7803918380707129,0.42931566286569284,-0.4773904073976215,0.7937926600205917,-0.12220875271609771,1,6.888602806112077,4.137315580911254,0.4979203145869043
-0.13176422138954016,-1.6363883664689034,0.44026416455478856,1.0137734737035602,0.6660953391262363,0.2504389840671999,0.45902390464038045,0.502466958287775,0.18282278944250913,0.25134992203719,1,4.024646288953893,3.150546937453333,0.6796822793624183
0.8216034043611784,-1.2023162444487543,1.182622240317186,1.7129521588843457,1.388734212194168,-3.1345403770446483,-0.3082561184030274,-2.2046187912265367,1.2647672832708674,1.6573080753318263,1,7.67064061971499,3.758284811727637,0.7334035148327629
-1.4508426217724315,0.30395511171580214,1.179609455458904,-1.1528991310667283,-2.0975178494733644,-0.4523554546872936,-1.2781492128157403,-0.5902496388684421,-1.4739213654558894,-0.5190301934083225,1,1.3562370888570037,2.2750171995399913,0.2937170874528421
-1.668751801638459,1.9143663682795136,-1.0173341491578936,-0.17060161961540843,0.24195822918799886,-1.082800067489447,0.4358476044267349,-0.6078062509023798,1.155464995963492,-0.775373187012131,0,0.9621290194201464,-0.4759992834694651,0.1428816814624596
-0.904700145159992,2.7019135960000917,1.03342437988439,0.3178098526687638,-0.7347506168621031,-1.3901490796267633,1.0174939275108497,-0.60177985492175,-1.813618479188567,1.1070174133212427,1,3.7087905806863315,2.41833516901979,0.14144899828123653
-0.19900493830579,-1.0951565974104145,-0.5391438938819157,-1.0816421161460261,-0.29762546596149114,0.47469267026855566,-1.7408476018498056,0.5370043197107756,1.0909191885334877,-0.45678372439201,0,-0.22856279956905712,1.555822112661455,0.6101816479111527
0.5909127653654718,0.34477929629888515,1.0776771533592788,-1.1906722620054637,0.4063763622157679,1.5436990482984503,-1.0031042940527695,-2.123581899247007,-0.8038056672624795,2.1111728163788888,0,0.1728012302453345,4.014238218601758,0.5307279111563994
-0.04568937911353738,-0.31757039719486163,-1.3854955817039356,0.06565663015269603,0.2955007522792748,0.2391222289843561,0.6388077035830952,-0.5823949258428637,0.38246650347581224,0.2704378610483326,1,-2.2218442329595103,-1.1451950841222105,0.5339328872048714
1.2096717991345145,0.4674253323128708,0.9909340158345816,1.2570686580360553,1.232260947418949,-1.4632517743441227,1.5544602239084204,-0.18629597170520676,-0.5046073184189247,0.6101893788244027,1,7.937021135249631,5.839304730116996,0.5917303633168828
-0.8341788632937143,0.12307748291462198,-0.1894482923953857,0.47664967325922786,0.7259996591374274,-0.2328145354452392,0.8503096219357972,-1.2582005767377495,0.67090366178087,-0.4185267633339603,1,2.1699675715373803,1.3769720745765577,0.3825761144587145
0.4962817937027161,0.27269703595766964,-0.3157610324205515,-0.4379279276923832,3.010777711759432,0.4349362486527847,-1.9773644906038261,-0.869352097863148,1.7926302782080679,-0.011902412041333089,1,4.911677841119582,3.5318207792781102,0.5279190241886605
-0.6160073662508345,-2.2808080137440268,0.18466597099026724,0.39589339922738986,-0.2760805595754619,-0.4482095684653519,-0.839185099220302,0.37143136918091035,-1.0670923875712406,0.5322168406208744,0,0.10289879924377315,-1.3902255226168476,0.6968622263178124
-1.2876769801603563,-0.07652987616002765,-0.8120742487764676,2.5978643113198974,0.5605244112333541,-0.27324569499793844,-0.961193760460231,-1.2691971214073572,0.014487685346736612,0.9344341056024026,1,3.4083313146925303,-0.31937926478320183,0.3530695905577708
0.6048470960327326,-0.07669900202488238,-0.2249758584509071,1.1273395531288686,-0.8467818155071068,2.3948503501298575,-1.0699097116010605,-1.4332569346460573,2.3831485696343373,0.20369407011531693,1,2.4633199993644137,1.23439195316127,0.5843782935568593
-0.04586749801716026,0.9716166897505449,-1.1417301361966052,1.2149228662048823,-0.8655465096753412,-0.16036709494962012,-0.23336456242246195,-1.4419522552680697,0.74569472444717,1.335963864123791,0,1.2515809947872063,1.177795218782926,0.37548845435307887
-0.4585206716611664,-0.9371676356301089,0.2569044555040095,-1.3352076804159572,-1.855277281994878,-0.1133754389333905,1.0422722755421785,1.6662866451159652,0.3339106169568488,0.13080934847831036,1,-1.6236723652900298,0.14193244781983805,0.5595469253082185
0.4208234573872421,-0.26041429468197963,-1.3249309352957819,-0.7996982138156745,-0.687887787018865,0.12749842180250656,1.1474299123774991,2.6913038447833446,-1.9034630464033506,-1.1331458424554761,1,-1.5330935813504811,-0.30143210444082413,0.5843408474861693
1.014879465278921,2.2197485304628604,1.2137205585278,-0.5643694536381058,0.9157141524480459,0.049279341948025454,-1.5497311595011032,-0.9317167118883406,0.7231187317058243,0.23488494176906666,0,1.2074906266236227,4.351068503303139,0.353786908798037
-0.5417392787065896,-0.32549500316105046,-0.7849864149671638,-0.4723601598586928,-1.1564077803217527,-0.2936567723211845,0.057741530295860655,-0.35734989871801853,-0.5847963020641519,-0.7392956444863962,1,-3.1139330185971534,-1.5518936025068895,0.47299576794786535
0.7230870096580094,-1.119715333502615,-1.6830189688035964,-0.9240033472432122,-1.2597616061018797,0.7185140971006795,0.35208459364354083,-1.7356521059603174,0.9129262340180084,-0.9104044699060089,1,1.1459556283649834,2.979017316708017,0.7153275180239042
-1.2572145524392266,-1.3083511274037127,-1.6251655158427698,0.06767727720077787,2.378614081189874,-0.8977369959284314,0.0648660638411129,-0.03826705097165055,-0.06819729439270336,1.1226320450490275,0,0.8507225816105299,2.3448398573782305,0.5063917236653271
1.0023607584465082,-1.2504337980714364,0.31192745889508433,-1.2538105381831255,0.3342749007258863,-2.1366802624640977,0.14220308486771027,-0.45030007316683446,1.3408139326097155,-0.6002218139208992,1,3.148927187492238,4.494881069120963,0.7551734168933485
-0.13004060425660452,1.791230522344017,0.6786066169836744,0.33436853021022805,-0.3603312805354927,-0.14265775953811127,-1.5395274036656772,-1.0933797766463484,-0.3497779787335824,0.7744741868230098,0,1.1412833337096466,-0.6465599734872423,0.2767509625612006
0.9503956025426095,-1.364728980582383,-1.2433754111272035,-0.13100148395249772,0.13083433120009455,-0.022921310880796814,-0.21729800762337073,-0.6012706183307077,0.2139487259854268,-1.456738691192109,0,0.3260748238907136,4.864364198935846,0.7608894883748584
2.137300428400054,0.9454782918175563,-0.8649708500672374,-2.147263317493517,-0.6089820641706204,0.4678056978984718,1.1568392019122333,0.3198134599723662,0.482939738233098,-0.12323201188751293,1,6.872933540052424,8.902645439674496,0.6447202669096255
0.14133666549008325,0.5516719771958031,0.044217363566907336,-0.6156285113397595,0.11265348878166369,-0.17922504859329044,-0.5566391890801462,-1.0871790307857476,0.2224361562720823,0.19584605760595006,0,-1.070550362133828,3.6189449085613,0.4488872543771709
-0.16295763062899948,0.31095103033268623,-1.3270666602387047,-0.029552957704650756,0.0004647719075496076,0.7349154517692087,0.8120960788547865,-0.6201977115269078,-0.988588195742899,0.2521508533186701,0,0.04080390983448798,2.921517797844492,0.44103704405498817
-1.2196057324387088,0.05252069590110561,0.4121655455725161,0.48332595246040566,0.9264754115261441,0.18383684809320613,0.33526691300619377,0.45757047259177397,-2.1204751469560996,0.9377098136284848,1,1.727373907109466,0.7059740444734282,0.3461369965541828
-0.5378782651894704,-0.4117735326140679,0.3637590568522017,0.8825266785900288,-0.05787545921274854,0.032239799127017355,-0.837154778409542,-0.7117457977308286,-1.642057772933065,0.5267823598032483,1,-0.12648453611594618,-1.8205970764402732,0.484242128666139
-0.810130662971522,1.310619344200384,1.8195010393301463,-1.1721318642605338,0.1750080195974359,1.0802739432753148,2.6393210281873385,2.1691494322649914,-0.12457833382936653,-0.9822559017878582,0,0.9661428594343965,-1.6256317286891377,0.25723779754717063
-2.4038540728156206,-1.0248462633736215,0.7243627276152611,-0.25289941512886205,1.4315318066558191,0.5776038405496402,0.6987115928058754,-0.7482110692624943,-0.41444556571554475,0.48594952379409406,0,0.38853124616273615,0.2853129865814564,0.3341434411980899
-0.6171491874735227,-0.16056741646174885,1.4814641588937838,-1.1868711746899054,-1.1976635988585602,0.20066489661057282,1.7727191632605839,0.1855745063140579,0.30727779599722177,0.3768766866820159,1,-0.5182692786496075,-0.6688073071064508,0.443173863874835
-0.15494145305785267,-1.0518628957314304,-0.9608006527580157,-0.9733033929007404,0.1642707843831421,-0.8071065102164161,1.874477202348085,-0.2520741404718778,0.8717747965898599,-0.081436464884669,1,0.07851322374193592,1.2619957171046416,0.6102731943892921
-1.8660401061052683,0.010333483285011155,-0.15628947115088113,-0.8414253199538659,0.37390862963031024,-0.11570561198392984,0.9876025531919459,-0.7705019599111745,-0.8781233282796854,-0.8338887908700838,1,-1.0354434257775569,0.23587991846037243,0.2812667470679773
-0.6799392064414429,-0.08550697023370014,0.8092276895919737,0.7010854594935072,2.9152554205081374,0.8081492140769071,1.4912948137199595,0.7099552055621411,-0.7746424153503176,0.1786936154788461,0,2.9198998517748658,-0.15687460617880966,0.42623816688133387
-0.3024121847208076,-0.6263889146594808,0.3669257648870786,0.5197539807375426,0.5328445195284662,0.8152812747275735,0.23441879248827058,0.5443943576290338,0.5725989074657512,0.07289914386731007,1,-0.17645105532015584,-1.5664689670727199,0.5404087685787888
0.11714346137063716,-0.09741985798713469,0.7276395231075524,1.081066887574596,-0.9084035705137812,0.47620640390997077,-2.1233121060768885,0.5690684874618124,1.1382031947473383,0.2425272906412339,1,1.8766805137905318,0.37103596937402317,0.5267947206864502
1.418166790868706,0.26393729516644693,-1.8660905288602645,-0.9991239985996566,-0.17061224473138656,1.7314466919854277,-0.9003102980035055,-1.0040977812219227,2.3172470004273413,0.08476594006504132,0,-0.909093565762505,5.972993348713489,0.6404032399883027
0.22065309273227776,0.9067789628123117,-0.2138984913031599,0.5502557305816266,-0.7258144396157837,0.8593884737709361,0.4187698976762129,-0.41916846252078566,0.6410261307475341,0.9590652071699642,1,1.9919837633031992,1.968625918596002,0.41506564591672696
1.6011911293580587,2.247144072230336,-0.45002221647401663,-0.3335235700304923,-0.8317253084548711,-0.8299047913249661,-0.03623379589648038,0.5962212343002108,-0.4182663364262198,2.209897592974113,0,-1.1450707552549513,6.7107709647241265,0.4199505307173004
1.101851571028223,-1.0149412956278607,-0.48527584446990313,-0.8427390107289102,0.21802202336805884,0.4914117596979418,2.618425516325245,0.07671936191222374,-0.8095626086513312,-0.06954352783349779,1,1.375807443020742,3.127039177065218,0.7423839823887463
0.05941602723425102,0.7429813774216247,1.6351220191348816,0.716493966616325,-0.11872286411641375,0.44501081760948946,1.1565102727645935,0.35840886459732724,0.1623693070227377,0.2589556882002161,1,5.384832327515959,2.8675293712015133,0.41537650906732543
0.42642122366666374,-1.263507512443786,-0.06968352874091739,-0.5087901634632765,-0.08372577393518608,-1.6650174683505372,1.1744620308759337,-0.28394199162329037,-0.31112731668752097,0.819964313933368,1,2.176858831495216,3.3729342635470516,0.699509738028238
0.9062637571439519,0.8307288374829341,2.3169582899811387,1.5866660543791966,0.47458040204454066,-0.22947303037369987,0.6346686170316124,1.1592188261778125,1.369437720742084,1.47925138237479,1,7.529799926986109,3.742730902047855,0.5094407428096056
-0.2563998364729817,-0.5251457889215505,1.9365604036917416,-0.36441697679680674,0.905787339436815,1.6994083619557747,0.20562776755077722,0.2721738195469109,-0.019630583312635074,0.3290654935483477,1,0.6139925526045783,-1.7183707349488153,0.5335427882522286
-0.5857215469282195,1.11380961155315,-1.618065784821362,1.2514793743937935,0.11601966000048745,1.899751362437111,-2.3260621505577532,1.1924766899683763,-0.7164509808422359,0.1455099950874291,1,0.5423995302131808,-0.31823118508636883,0.2994820349420483
0.6158044891486572,-0.2529471424872203,0.6351623710704323,0.5164672729314707,-0.10182616082720963,0.689174863918991,-0.806847764690599,-0.18064837582260018,-0.32824377471006755,-1.1317251733238336,0,1.272442434639579,0.06708701588274635,0.6069180873155174
-0.15239844001130678,1.3913282968854064,-0.8505363914821708,-1.851711691991108,-1.4003696566367545,-1.4159664506454432,0.5468347451166211,-0.5293137877875104,1.5600543479410283,1.863548502634186,0,-3.5183813462321103,-1.4970691943524206,0.31607616015983353
-0.36648880187192395,-0.05113956531257665,1.0624248070648148,0.23841114978326827,0.3402000137727476,0.8109803647717067,-1.8454686090024592,-1.5101613754969883,-1.185851549325307,0.3682077062780582,1,2.236647956497165,0.29324032694090957,0.46066280944069193
0.1226183674384632,-0.2507248466479655,1.0198770008195686,-0.9100620819026587,-0.6514276410278316,-0.33975263299263986,0.6653018576579601,2.114152350578107,-0.4447776217186352,0.9009189346366178,1,-0.5132954429273385,-0.6413349561317021,0.5465328553955884
-0.21332975810301277,0.8794159959719479,0.7075553876741627,1.8267169529251315,-1.3410579853357558,-0.02629279903491375,-0.5363172042897613,0.7916428684991854,-0.7629746716227821,0.881735525538848,1,3.650208171772597,1.7324641742121214,0.3667063379369427
-0.2378650022953382,2.027954192651717,1.6335976370128555,0.09625857443019716,0.011120343286336406,0.2577084966591723,0.5290734243790981,0.761263485514211,-0.543951641390865,2.0924315084087257,0,1.5438421232924073,1.0075787138739527,0.24362454478268497
-0.39075184454062933,-0.3256228867698179,-0.7795781809952483,0.7870434173004036,-0.807106251883916,-0.2931049263411149,0.5217859244438701,-1.2468377948926122,0.6891194489260473,-0.6306752054138118,0,-0.5756504628633605,-1.4576044404860564,0.49185959963670006
2.4374892411712468,0.011890224887013445,-0.7025913659797727,-0.9569134189126921,-0.375347028774623,-0.5981594139908873,-0.9210606424892,-0.08477480687540817,0.2473075271741996,-1.3593813696662096,0,-1.4041388257158218,11.537634728682553,0.7707939148908686
0.03749296442023067,-0.5612238761306986,0.47713544048662,-0.26991401450207686,-1.6011329284492823,-0.20083945821971808,1.3737077297403508,1.6703300684136813,-0.2228482355137162,-0.13843992495007218,1,-1.8175522706784428,-1.4156941211190857,0.5742856698296255
0.9795582352791455,-1.912924368765043,-0.3697229923016384,-0.4397530454520141,0.5028586891808221,-1.289258307757235,-0.8156649165339465,-0.5194791932244176,-0.6024205999983668,-1.235963453109881,1,2.632742709125935,3.338672113281669,0.8094192925882533
0.46516433083226544,1.2263550962509728,1.287502868995293,0.4301153512375714,1.9208015448607212,1.6246382435622397,-2.2236676304900778,-0.6404087487799005,-0.4828064653890348,0.9900787505076348,0,2.481277990064477,-0.039422481694074696,0.40598330602549576
-0.23716880997363468,0.3253694313466984,0.25576412580010355,-1.4177861820962914,-1.6786438825570538,0.8365220905695749,-1.0065939038402738,0.1434162913471537,-0.2711417626199596,-1.0623328595550854,1,1.8115956773282025,2.9219731178229598,0.43014266172427496
0.17055835683395212,1.3096715088808342,-0.8335158360910061,-2.4346580803419178,1.021230688741425,0.21743803254924035,1.0331993801094712,0.7840065298360301,-0.36309052387139024,-0.27246639649049914,0,-2.006455622267201,-0.8802833212742844,0.36133914891403507
0.29171230394468933,0.2600952551077316,0.002036450475535042,0.7678754576123783,-2.0136371478011563,-1.6222150938633422,-0.9631906039690611,0.8241938953936138,-0.4661982491401768,0.7279877952437469,1,2.5996147054632304,3.1616514368454016,0.503952048800436
-0.9700814231880961,0.48016069288574187,1.6728689683518772,-0.6811415366965939,0.9863896337138398,1.7027959013115914,-0.3480815616963842,-1.8305794806265625,0.2279361436777505,1.2268305485043747,1,3.8786397273593365,2.8741979229321566,0.32626628942001673
-1.3191464478815966,-0.4284861194626388,-0.5530849388953932,1.9386209506308676,-0.5671116283652556,-1.0655596374018332,0.012417471377115906,-0.5105145891983872,0.418728178806986,-0.1473226813594156,0,1.5550218757823449,-2.169807187091054,0.39047163328103124
-2.506712688176945,2.5952572509423106,1.22871152941475,0.21583138809752028,0.9289280784961366,-0.8785015271332973,0.46735120779870243,-0.33710915421504734,-0.105172372750529,1.513998754873103,0,2.0641781787292626,2.4704234975266868,0.0723603420916733
-0.4408980845262033,1.3744221435510886,1.6522770720154427,-1.6353657216480193,-1.1339038584444732,1.363654682213848,-2.2218959849493634,-1.107380244990893,1.2378794524287138,0.026920529558636476,0,0.06895293667361657,-1.6644999458952845,0.28747888882851114
0.8599973501442085,-2.0108160816036604,-1.6014653796378129,-0.9303372926633752,0.5870807879409584,0.8395936790112702,-0.23265544550613088,0.42318345910406724,-0.025041490030395273,1.615871398514451,0,-1.2131861368523946,2.278221471851759,0.807742347126726
-0.8566128218994625,-1.1625241310474532,1.560005976837555,-0.25882049625085185,-0.6165495961174459,1.5866430453339828,0.543571495972844,0.8840665901818695,-1.1908514902327143,0.5198748413370745,1,3.15289420563453,1.6463162977294332,0.5381645363214406
0.10648208667325616,-0.5602197535297307,0.5907314112363403,0.4982350812089686,0.13591927088352926,1.447803515944336,0.3220147858063045,1.9234165570136452,-0.0535037997035854,-1.364471298350712,1,-0.5329976981574663,-1.3430361324503814,0.5825744832443903
1.6085936262115716,0.9583549468589799,1.400867239520487,2.1573686668829555,0.3474355024996304,0.49175316102748634,1.8312214926807897,1.3069553755892178,-0.6340967328847408,0.10855973964229679,1,8.446572280918899,5.321927530252437,0.5805713652963904
0.6426675508733803,-0.4758919492953395,-1.5855578208939183,-0.2604583968431503,0.3169458089652062,0.9354126589132441,1.2504596148064364,-0.11094576611720988,-0.9279563832968705,-0.7167382642815548,0,-0.4626018622171527,-0.5912865905226237,0.6362858719759045
0.3278153815157447,1.423248389111624,-1.4249342176026603,-0.07985788141356641,0.7191342586313689,0.9241732939571781,-0.05976845514205797,0.7125209224790292,-0.5712954097701014,0.12440126699579966,0,0.2140174461834498,-1.0397437650446555,0.3663943596539599
-0.23449433156682756,-1.2012705281572196,-1.087486896792079,2.4155806914308955,1.6321718341955704,-0.8066372612024642,0.6557461082392791,0.9804667734590521,-0.26244138403887657,0.2479306705266765,0,2.8387560061963475,2.268495062838405,0.6185476050336164
1.2495587702615454,0.48731870787616505,-0.08804298321517649,-1.245210286541941,1.535504792077002,-0.11816623640879106,1.0585932787669152,1.4154491223144148,-1.1583491721325236,-0.11546117709313128,0,-0.32477675470111356,5.986819538819187,0.5941432124110868
-2.3730459483526154,0.5268928961204652,-2.116940111899484,-0.663139268362772,-1.0079191449635494,0.4339890243871985,-0.5751910663004393,0.27672125293945726,-1.768885952952051,0.4431124316241899,0,-0.9696092383531765,2.5842792620100665,0.19000627200740622
0.8663661505244541,-0.1553058360779994,-0.47060957461428854,-0.7255125988931046,0.7387559747102292,-0.8403560566309276,-0.20442711450611398,-0.7690111031255539,0.8723127824829993,-0.4315783485497453,0,0.07465472667143436,1.2063060913696246,0.6250024303566707
-1.2831575689944479,0.34632704010533294,-0.15623740344455178,-0.6772385375042476,-0.33497787217672187,-0.04178970568750571,0.004139819114171955,1.1167800847866087,-0.26457032915318923,0.925305659875918,0,-0.8176880101706844,2.4914326448380155,0.30688086105630213
-1.697011536287943,1.8129963887753697,0.9444467118857051,-0.3975483628967773,-0.38376052849815223,0.8821518332170492,-1.7190750070743543,-1.2194611300669003,-1.5445061407361738,-0.7296523054170013,0,-0.4498472874837067,-1.2024520203112787,0.14741716302096108
-0.3056960083298723,-0.5397080148057791,0.3464712801407947,-1.5129201994446597,0.6000157977020847,-0.9230727652239087,0.48204365921229825,0.8388335913876529,0.14063530883467357,0.7239855770276019,0,-0.7556603614484874,-1.743962620841729,0.5292181743600942
0.7832333639466986,-1.4643036541991081,-0.6405931533589388,0.5019275956098875,1.3596883009216663,1.6202941894019771,1.0518373597625443,0.990386656073581,0.02339082586970204,0.8343430887572416,0,1.2215324891243475,4.672833471382896,0.7546870669278344
-0.5562681095300683,0.14011473377473088,-0.46885189953408857,1.8080214245689077,0.6216793890583,1.657290228153297,0.12096654683095431,0.5342757729269051,-1.3759404932001342,1.2165434638454216,1,4.112253607066469,1.6386082508292152,0.4138210652167471
-0.22238143276151148,-1.2953097283997912,-0.34035450995269195,0.4213948411875346,-0.14548357718702434,1.2491770768606996,1.3326735798551177,0.9005637858506504,0.9417469454034542,1.038324543733592,0,0.3007343442715771,2.8012812097225526,0.6309895057256203
1.1425743517993123,-1.0793840483789294,0.7279995339947453,0.9994025535238622,-0.13426500854331916,-1.1928605243758614,-0.30639016285345694,-0.5155450816761796,0.042235138397072415,-1.946351908329648,1,5.643325385278997,3.751866005325792,0.752311619531332
-0.2646877392466913,-0.9106973920321499,1.4233904314013648,-1.5587178885787967,-0.0730337724693141,-0.9141089318524371,-0.2196482447325704,1.1016942601212893,0.8552748420730928,-0.6764753897064673,1,0.5352629180325681,0.0752292810289984,0.5800563763099458
-0.258440514099312,-0.2667825923790356,0.1330791684777888,0.6496518053536634,-0.20638740058155616,0.9683747259214962,0.5707926722035318,0.1012866465937184,-1.5697815648592666,-0.17187128879629535,0,0.8031468454772256,-1.0862162014801986,0.5010427582731778
-0.23882271098089597,-0.2159042229858303,-0.9074593569330598,-1.3727398308346863,-0.9940945120632196,-0.9579573069992507,0.05520175075096435,-0.7739736453650731,0.6791520593930384,-0.18432554332200668,0,-1.7191216666039268,-0.7810882540335704,0.49713522034941954
0.36099374507920445,1.026121347313673,-1.2260474707781717,-0.32826455571525703,0.3578459393077905,1.2331876407716642,-0.02535733785166554,-0.433411141285872,1.0400184091258704,-0.61773338967907,0,-0.1106146963411451,1.2298280904958316,0.4176169419272135
0.15146556941480302,-0.5441479552200554,0.3990556410321993,0.8055968077568836,-0.8197371157240334,1.3635234501739693,0.28689222390346125,1.2732478940485406,0.26946742679626995,0.4022452800448778,1,0.027813399796673965,-1.3124549394436054,0.5860856236487746
0.7953662311264041,0.28253671072424974,0.05938582334237482,-0.2533835943894295,-0.13885366630620652,0.5502106839213888,-2.504995913906626,-0.7837229062018978,0.011433089728015914,-0.7298017547051582,0,0.40265420830161813,4.154173522603854,0.5637547571085825
-1.270967459821178,-0.44522069068262027,-0.9998568846152208,-1.572212266240444,1.0044905694309472,1.132880166195116,-0.44780604044086775,0.3972472280860472,-0.8117150845320259,-1.2146429159323315,1,-2.680963786424727,-2.1825106683997983,0.3982233379753175
1.168880392565063,0.41550171163361654,-0.3415607502323939,-0.5076963252739642,-0.20388304067168164,-1.0459789290862371,-0.3189069214885611,0.9528701553013447,1.2271544349857164,-0.28782098083555335,1,4.512952063155129,5.6308176149793825,0.5930743646064326
1.16544173063394,-0.13806265647324728,0.03850755833374073,-0.7647837081463941,-0.6561869259427355,-1.055071902977555,-0.02239180579788989,-0.48283527050615666,0.23673218674881294,1.1680007315904997,0,-1.9873942380703618,2.1566784740778866,0.6574052067862358
-0.8752839783791895,1.2944311436691596,1.1042739868964917,0.7552524710071913,-0.4731134220939456,-0.1158875836598446,0.8799152154984528,-1.072898111387441,0.4523103729994325,-0.9399947577697275,0,1.6432482422341776,-1.5797822486587718,0.25258786949291445
0.9390252479526338,-0.7175266861003273,0.12573121856444588,-0.015204121655645705,-0.9688132683636784,-0.27209802925567417,0.5008662792243027,-2.0256976069511676,-0.2640941300433995,-0.7195577061826078,0,-0.9927872574946512,0.6188802624450895,0.6959902687617473
1.568426074690792,-0.22535479496011918,1.0884470095935546,-0.7068396291471017,-0.6776821141964839,0.4841059746827848,-0.6077602447089038,0.42865037892279834,-0.7313974769573403,1.9019089489543244,1,3.692500910148817,3.173350815609972,0.7103100670962664
-0.6368749252274192,-0.31619560716817474,-0.876214742311481,-0.4786651526785252,0.15047507991273143,-0.24808013463812062,-0.5749389916927217,0.6391513612464987,0.5442131541055332,-0.7282432905961087,0,-0.7779825504631088,-1.565716297893676,0.4600007429758053
0.5922789606845602,0.6664223434851079,2.555665223989927,1.460417386300705,0.983248653722293,-1.0282475206669275,0.6721168903437655,-1.9231419732067516,0.10755223033391507,-1.51622362613797,1,9.041839483562438,3.9741266487645275,0.49073313842090216
-0.25028261211442787,-0.6826176795131105,0.1356635107986799,1.1180350988087973,-1.901773275853063,0.4434963240907306,0.6738588876189434,-0.43924311174200376,-0.8368063759435872,0.015485805543076351,0,0.4844566065598505,-1.3211516725225836,0.5538324212464385
-0.0018399991042809447,-0.11697345090172939,-0.44136160386775986,-0.1846538635598681,0.29918428401662406,2.1837984201871934,0.9359655982820834,-0.18403137694687116,-1.5120101759153355,1.2421671933437177,1,0.3388492135226459,0.09999279398483729,0.5143877083750651
0.6274731993623341,1.2995391133658958,1.3579829817539886,-0.5473255221542979,-1.7072269279506835,0.5579562063048095,0.44446010863719587,0.6238123475217848,1.1809365255178903,1.042522334862679,0,0.5014654007742576,-0.1475404837532468,0.41677343992550475
0.920229181054645,0.5108754863734039,0.8656890933356017,0.9014191833429277,-0.02855363805311595,-0.13565848358929108,-0.7556470074134815,-1.5375867426357481,-0.3725690708197061,0.8963299556077252,1,7.720411063562371,5.0084065054209885,0.5509913226946254
1.9141780899913292,-0.4837740736011994,1.0954749744859813,-0.006840408622409665,0.05033438511877976,0.570838064274803,-0.8266867815859894,1.2634509735759052,-0.4564430974260847,-0.448409029115292,1,5.357977148291912,4.28461022786632,0.7683425840635506
-1.554203750260624,0.18115225370926416,-0.03914055101435419,0.6640098520041504,0.30132569624471356,0.5164741712313824,0.45213983643328315,-0.763561305427544,0.21251747926634856,0.20110920208280184,0,0.488798645500563,1.5585567847108905,0.29573769108452763
-1.5054748418276516,0.11160888700333887,0.6558133059025467,-0.10209121201521527,-0.3157702019002022,-0.6081528479083975,0.48872843241133207,-1.2027868987414505,-0.24128380983693182,1.65730657023118,0,0.32760010809607765,1.080634956711201,0.3082013025612518
0.7557379330782404,-0.5430853620895616,0.635835320935964,-1.1180208836222834,0.9808411122760624,0.24553518332083493,-0.06152806782505387,-0.9702852051223583,0.20022868162653615,-0.6765732225479625,0,-0.036175067448672465,-0.34795102629909014,0.656877866556074
-0.8708922122456728,-0.9706424763528907,1.4553978193794515,-2.3160825495653836,0.7174354404114311,0.2580768561510003,-1.227345089083101,-0.7965034625028526,-0.9797458856939701,0.4808662093477306,0,-0.48535745044706646,0.18833121793904936,0.5124661989514587
1.2766750304105328,1.6879378304473736,0.2167634698213692,-0.1329206221206394,0.19725027363145262,0.05905682227601567,0.5581077773929612,0.19235646955059385,1.4265037751635545,2.350947511919534,0,0.3875494758284053,1.507939248240671,0.4487725325946666
-0.24646496880263818,0.5921722662583804,-1.269420274117836,-0.8619260429741126,1.1100609174331362,-0.3366057650426982,0.5223673241287364,-0.6268090342133137,0.3788115162599569,-0.6080470367747152,0,-0.14934845417343198,3.177477237404847,0.39667981046698675
0.6561982141602893,0.7321131838613127,1.3042525314192572,-0.6920120556454838,-0.19285229415057473,0.7339307798347935,0.6304774767927077,1.3246063846532359,0.34717497648531354,-1.7476403899160087,0,0.18763710762018093,3.791711331382504,0.4905117679572099
0.5888297054145948,-1.2541444978466292,-1.4721672113730053,-0.910553209258923,1.3666756978370134,0.613984120892324,0.2099098629162371,-0.4774091137379633,1.583996516094192,0.0897424419913891,1,3.02530959082496,3.5925118118788415,0.7153450159851438
-1.061389448053597,0.16917852732809222,-0.02308443151340157,-1.2850825756905906,0.2761166779016054,-1.1411881497306204,-1.4740313967866499,0.21003444189318857,0.4553865055537016,1.1120628677507016,0,-0.8868047089612787,1.6130207075778635,0.3508547931988162
0.8258929121018771,0.5100451164416734,-0.9502825499989289,-0.7933152700162143,0.22939011483380983,0.4303241976688801,-0.49374907762947245,-0.8788090542885227,2.1910320341179523,0.8856034955218103,0,-0.09441018920331434,4.78267443982332,0.5393991241004706
-1.2748062625224483,0.6188906673317738,0.19107426151455392,0.45216582528457994,0.699595359663272,-1.0370442420290167,0.8717641848985428,-0.03033517612393466,0.6218455366182972,0.15326466068790506,0,1.0924516280777252,2.607119552789759,0.2795190625855852
-0.8374806441966561,0.7573497656428536,-0.7840074015913936,0.0841126291445652,0.3307495933835753,1.3748826186845151,-0.7648621887902849,-0.24565257527576065,0.6606701911843296,0.005701757958806252,0,-0.20940192226255588,2.1592812028055226,0.3105787029339023
0.2087912087814839,-1.5921365445287277,-2.0642515325354487,-0.20156973719211893,-0.7168845575933123,-1.3259347966779265,1.1451972903709906,1.4724496296412108,0.31985735636153156,0.527252035851793,1,2.9145821062338193,3.628186293925795,0.7110448200912401
0.11525149893197024,-0.9844713473004317,0.06046834440872361,0.5672447207388202,0.8738082162980743,0.7809251004008348,0.014394698421246483,1.9699220217584763,0.34827620843578677,1.4477518138274184,1,2.588176703701211,1.0002422412535432,0.6341034395170017
2.163406994365262,-1.5155665795910218,-0.76827329975326,1.3751910837266028,-0.6710423293358964,1.065407287244506,-0.4536534752455706,-0.9494358787467831,-1.931244018620268,-0.926972802479126,1,11.915957569423854,11.197741670720042,0.8628879993190999
1.538141843691817,0.3053679425260489,0.1286831195217016,0.6055567500441693,0.42558743344502076,1.2348492086101988,0.7710028354288609,-1.9737397332176583,0.11246013259419234,-0.7893716408209207,1,7.076942388476223,6.702965365837196,0.6493963715522999
-0.6941878247522238,-0.09991042511083902,0.8827210278162713,0.4751273519952612,-1.3672270099568884,-0.7369955147298216,0.2790375864148522,0.43847805453083843,0.9708820501905076,-1.515501550656999,1,0.7605202833448965,-0.272393419974715,0.42625710034222253
-0.8751280961434965,0.06385692405139339,-0.3677408582217373,0.3858113293232525,-1.3137804852874293,-0.1531095946104508,0.16968503570723084,0.7563179561637898,-2.635223876498499,-0.1632635672827451,0,-0.025149502823666486,0.9149824468929504,0.3847363666940445
1.4748794644862497,0.04923016397581072,-0.229366318178906,1.2352590554502447,1.4711320217505663,-0.22826571492208464,0.14255426334892118,0.14677858331200247,-0.8371196000228617,1.2770697028954994,0,1.4167574675044656,4.75562212601212,0.6710250035738734
-0.806582269479078,0.545907924102738,-0.22191491754875792,0.02362261926334613,0.6729194301519147,-1.0291517707250126,-0.1464033833113565,-0.44381587246384624,-0.5189053243789069,2.1194618290465073,0,0.5346053312847032,2.9204254085297654,0.33709987267412816
-0.7126905811244078,-0.61424140949705,0.4096669912018709,0.09308491609282629,-0.8271637673040075,0.5485341922101187,-0.23645371556079164,0.2869176614263616,-0.1503499368192132,-0.0727457150995105,0,-0.2290760074901852,-1.8503862546412218,0.48769633782207394
0.42411250573090703,0.503999201116397,1.2825112501234963,-0.5396701494701551,-1.8768221966427252,-0.15273776438419084,-1.3690304546945269,0.83563251888743,-0.6396592994296908,0.7076876633208512,0,-0.28832451593618036,4.028036208487892,0.4900154905411437
-0.795480122135092,-0.19135851982257335,0.7918104279538025,2.4807678487558134,1.2732723866297744,0.7663555382852035,-0.10795071634222043,-1.6559573986727756,-1.162518510971234,0.8457631500037104,1,3.0727732665140133,-0.9626559228545515,0.42505378066883653
-0.7283510970105056,-0.6656247828113403,0.5679991196299902,0.4811417226367984,-0.9171228523652443,-1.1517956649060526,0.11323278218667163,-1.205234783454995,0.3889768483611226,0.21593666442144618,0,-0.18498772858593626,-1.686439105855869,0.49215985337636803
-0.6891674007236226,0.5632544724011483,0.4017337716299722,1.3059665083821823,1.455627358898812,-0.8871781228517097,-1.346873155224576,-0.1988218012921866,-0.5702521217050848,-1.4663243549376261,1,4.818107797631743,2.9527941396645576,0.3483701921109217
-0.8662429303022312,-0.26312762896026826,-1.5349875430999727,0.8126401379541298,-0.019450578226120122,1.6012024008948826,0.10197880616447487,0.7281279633071981,0.17545778268591447,-0.6485789446015927,1,-0.044358945286038676,-1.4186202339022835,0.42517674676054845
0.13224086872213694,1.3301051297811473,-0.17826568026267017,0.7685998886732328,0.7373390373755372,0.8619347131594972,-0.9054415454297811,-1.3866611190036302,-0.7021631275782073,1.7974260621324063,0,0.6089973003200301,-1.0108920495314988,0.35458804346331874
1.6031375099976486,-0.615822889845076,-1.6766275594780229,-0.5823770873670754,-0.12838826780907137,-0.00791252622718171,0.9240690393298623,-2.179865255516281,-1.9535737203275458,0.31122834557049844,1,3.114851363018464,2.632279246850471,0.7520321919375152
0.7544790080488761,-0.2632764265988638,-2.120391123143984,-1.495132263886953,-1.747659767856986,-0.254678580160523,-1.0200186826098303,-1.0426300177853687,-0.44219203943087915,0.8220454132852371,0,-3.2016028749475565,0.28656318114166623,0.6245433483826904
0.9576615472374482,0.7173775846889249,-0.8988816971280859,0.41706303489426394,-0.6120975753782585,-1.1255761260875137,1.0652199806699534,-1.7368475568115092,1.1864527667380675,-0.021207929943326764,1,3.707060412469202,4.544942507054833,0.5299994194555201
-0.9607933302093493,1.2223675658596354,-2.3454208933036016,-0.8117956502635597,-0.5573184993225697,-1.635422309735163,1.6031668623484188,0.6722194541658264,0.15419145382786945,0.003006202799120935,1,-1.3765766149789882,-1.2252540705711645,0.25132078656658235
-0.5815763410406297,1.3187709072232192,1.0806120635901013,-1.4743588756081,0.41772219201104277,1.6372792901063986,-0.31563784116847954,0.23442037911945918,1.296611866924848,-0.7216720048248487,0,0.3158772594253765,-1.5466151378704445,0.2788499061022035
-1.5470988642923458,0.12942190074149265,-0.02137432373061239,-0.9338970695942725,-1.8946485272014209,1.0960271302846425,1.6790896571192757,-0.43015409994395065,1.5494465613505373,-0.8368052714654551,0,-2.013148620098952,1.2015657638740356,0.30190129399241195
0.5209141490620883,0.6681794508391656,0.08661960476079948,-0.14283347388403403,-2.4580270495946865,1.922590479524939,-0.02209055167448276,0.011585083014903465,0.3646261309540851,-1.2090071180126118,0,-1.5904559203841702,3.842664368166331,0.48160014983554195
1.337151062369074,-0.6840920422376263,0.004867201557929115,-0.595071373517607,-0.8826626401771347,0.27764256802795845,-0.38962736283007254,0.9813021116486935,-0.16715091128164183,0.1202556049462247,1,1.4730004052466366,1.714753747260512,0.7331417704065315
-0.4156400185537874,-0.29208173845276597,1.7227624068486647,1.671400931085783,-0.8619771668909917,0.8147271416925155,-0.06094834849590911,1.1749690217507323,0.9931958443520187,-1.403779762131373,1,1.6368828112993588,-1.325448419695486,0.48456012540709803
-0.4018326328891158,0.7464959824918276,-0.11492270697534492,0.7457059297836006,-0.8207826131728445,-0.5077152896583683,0.8035884508677205,0.47511180621715987,0.3716245897831509,0.4336892486974811,0,1.6031214752635825,2.456212096633075,0.3602764889045611
-0.7872164911795636,-0.7122663570445326,1.6531092490737531,0.06310812349735648,1.0866181673532977,-0.37149437548513137,-0.442183163490223,-0.18515511432874926,1.4718912632113195,0.5025935007050665,0,2.013382106189067,-1.509318016544209,0.4906323295220588
-2.140653909365152,-1.5779683010874612,1.7178298213211005,-1.1161287499711843,0.00975293703216242,0.9033927091289938,-1.7781227988593857,-1.4376931943906355,-0.290148662098423,0.031532702201977805,1,2.627536293229406,2.542954809919965,0.4301246005264719
0.9596934763419281,-0.3172645237359265,-0.8683800032300265,-0.6517776054450025,-0.40161255971862264,0.6004260446336983,-0.07318204687293933,0.7943819449469286,1.469739992561799,1.3663617126015422,1,0.23690385104994016,0.5116659448143337,0.6544095556047167
0.09496814509084232,-2.1210515265457253,-0.7092161862768033,0.4078234905053145,1.963685440394354,-0.9303727547130888,-0.2268399358704432,0.5625171128974753,0.34812476059799063,0.4519881098852769,1,2.486956939636576,0.17163876269865141,0.751757897173056
-0.48012847006170767,0.34523428161682157,0.509762148385927,-0.9484155657619703,-0.09306413645796761,-1.7524158970942314,-0.6638908961339609,0.7311315282163449,0.34035736155942026,0.836748835757232,1,2.037789553190732,2.8289783896926304,0.3982693521365839
-0.3112423858170224,-1.2079603567115158,-0.10167941857789184,1.0756624049243684,-0.4578833534113383,-0.10490635340793367,-0.044434535098519384,-1.0335630758637093,-0.8806252667351565,1.2597823398345223,1,3.3963258407885677,2.2521148153977846,0.610248997271931
0.4954477359595193,-1.3449165484276304,-0.8446299341188767,-0.45123050805082904,0.49771391313609437,-0.7258684633657961,0.33969926892380864,0.16851690132216554,-1.4302658464609366,-0.6123965408714855,0,-0.27819300197799346,3.8503402189738436,0.71507921697471
-0.5268112104467609,-1.0182931376266928,0.14889959223890586,0.5891592769833126,-0.7600553636466596,-0.1183134407324709,-0.04476964029485542,-0.897698408883637,0.31549889155266353,0.30355525636243574,1,0.966059574089683,0.7340797962122918,0.5611279307767753
0.7451709896630692,-0.8767248322124509,0.4346601509247433,0.6426118731176949,0.7620160355953377,1.6183581935317808,-0.5945773308997501,0.00850965275944836,-0.7778470198914494,1.2445538695239116,0,1.2366502553276428,1.1626226607133154,0.6923114615846383
-0.7609681997066957,-0.307750686662718,-1.1907840421415292,0.2706430017656367,-0.642267338866928,0.6755473843482711,0.9261929709951416,3.1869330759185903,-0.5892353146188448,-0.3356416962650147,0,0.15100699170249215,-1.5905062403583299,0.44358900375837157
-0.12179522338938993,0.6569793278818901,2.0342987342696444,-1.0457964972210125,0.45104845407203165,0.09737026370228247,-0.5261791919644937,1.698633198872604,-0.28904759743884995,-0.854718923312753,0,1.0504735016755111,3.087426799810553,0.40386481031765525
-0.11216024954592704,0.9387210587931308,-0.3566824682453205,-0.5030037987751187,-0.9221936790067726,-0.05861810697421389,0.3589664163797601,0.14467839468719554,0.330920192642062,-0.6060102541879753,1,0.4526179441657479,1.3722173375155797,0.3715809093726985
-2.246120580245889,-1.4690958879752478,1.6110469928704523,0.7940368967966133,2.4556158296226935,0.8528460853557615,-0.5882607597274077,-0.4104486588142744,-0.9051540866733057,0.19688132864340116,0,3.8742246841707657,2.5940355274491145,0.40407547432226265
0.9988211506719905,0.5309075550193668,0.14644484085909193,0.8497550914892101,-0.9890489145187308,-1.5553969480686374,-0.88509268141639,1.546139351144949,-0.3828369290078072,0.07314857185366981,1,5.797288094900484,5.20330327128787,0.5582238640176505
0.6080734278087304,1.0196360834082094,0.0677189961738493,0.10151527455311658,-2.617360288900965,-1.1378002332795758,0.03508182094151688,0.1352902252083473,-2.340928888988227,0.06041799274127656,0,-1.2800529102340283,1.6827654455636962,0.44873544438275187
0.7273333043442373,-0.1705880015222783,-1.1008435612137442,-0.36583025380561873,1.1065020196462085,0.32439601672154267,1.5547510777755502,-0.25979272190436664,0.3169027606483353,0.16442118986855336,0,0.11172993827791829,0.7929779665777199,0.6103920914743478
-1.0205552263644828,-1.6353360105514012,0.5422418728496258,0.8402392200077142,3.676204538143186,-0.4803853963319072,-1.3692639709340082,-0.022353428298745617,-1.231003434679004,-1.746061771110966,0,3.118004862973944,2.637815711325548,0.5762481579767684
0.4479378535109844,0.19919283417716283,1.012813530354105,0.6038163694911567,0.5033177687102118,0.2041163012903583,-0.5806054317892942,0.4644826096222759,-2.2722271470882274,-0.46096831889040374,1,5.498794112154508,3.0294111047022962,0.5310531089266571
-0.8481924860492327,1.4921356895692297,0.5573321766478585,-1.2365058352873302,-0.1769908268429197,-1.4976083040431905,1.048065123485902,-0.6962380651053199,-1.16674854940914,-1.9434300112790877,0,-0.3294504480721026,-2.0710488383352645,0.23682532591098046
-0.16265303136479498,-0.8664391159109103,1.194815161599036,0.5700147831591962,-0.8856157766110184,1.2599824028148832,-0.34212632918911523,0.18094243359036755,-0.6901726901870255,0.9398162065235295,0,1.4684991112383852,-0.16858799634512323,0.5870765613404594
-0.006969940528845694,2.7164939461444964,0.30670624826483345,1.3898374480970186,1.7723952166831223,-2.6792624879838782,1.255083151109525,0.40166786637596524,0.21556598726404316,-1.307390687356791,0,2.48058886908604,2.9367726114298036,0.2039589602975521
0.9430673762858831,0.26015369481089384,-0.10099507239988115,0.3517307251472418,-0.9954654396380668,-0.08710808362954582,-0.6506965865366575,0.5926351824813101,0.49191069262983733,0.6807740452356,1,4.177535843925102,4.391093584117717,0.5845443635064101
-0.8718733251539553,-0.06228650192410539,0.07864106866124912,0.8775403228358362,0.2425245072918635,1.7964934746630368,-0.8971225870535753,-0.7362497325629584,0.05241077873382951,0.37428350387110415,0,2.298008158725873,-0.06791365348670719,0.4001612179812712
0.9588538502815311,0.581769430062454,1.64595551180104,-0.9492240612106821,0.8956671091277433,1.7892870014249285,0.11575610292131852,0.07404603932647205,0.06917532763017796,1.4518549576408717,0,2.0591965018428877,5.026669240455012,0.5469964152474367
-0.24695546240001118,-1.5044914615469445,1.3336253395260897,-2.1339016015271954,-0.17317802313457917,0.7675539049055803,-1.5699194273338937,-2.5766907798570617,-0.05906910281008986,-0.796208471486928,0,-1.1146830899439273,3.2809266113568096,0.6522100573808534
-1.1187783448046,-0.344063546753922,0.9148378519422621,1.6638851946765285,1.577720453970981,1.3994224577443353,-0.11021591753373476,-0.213897552599964,0.8023428312015815,-1.4309436168934544,1,1.5874081522137176,-1.8792843085225979,0.4043536146206539
-1.62409114398088,0.5834302787330027,1.5130808247876129,0.72002908512483,0.6144289070024984,-1.0167040409338381,-1.619941093777082,1.0144080179126385,-1.6028353331644705,-1.280042614518415,0,2.222266344814402,2.6117081079115914,0.24903591375624237
-0.6398720360818869,-1.4517397717301246,-0.17522275116048133,0.2341601997077866,1.0576700399343277,-1.1850778821231107,0.11922700401400184,-2.4266332889137274,-0.8267976395261337,-0.9435985139746778,0,0.3381814945142374,2.998681403405012,0.6001124970563603
-1.3859026917087536,0.6006200050718595,1.273268392858015,0.17144107757163665,-0.8249787107395158,0.25228670400537023,0.98704673190368,0.2702048004834394,-0.16944828735763293,0.1534662631184594,1,3.664795261204162,2.626229957045398,0.2702683817772687
0.9112089203315915,-0.640180107597778,0.634551783842635,0.023299845349689763,-0.6121126062781301,1.6444902125926921,-0.34154781275918167,-0.23487218472440108,-0.04652861123217821,1.028753675248333,1,0.5806241798057821,0.2258627195597671,0.6847514421365838
1.2143116465812958,0.24590094895373676,-1.1145318606045356,-1.9618872603348183,2.1855599754972537,0.8475205613230536,0.421743505649161,0.9800440168328645,0.06791032074113003,-0.02646100741655245,1,4.476325728360441,5.112831412880508,0.6187404137141416
-0.27176433132280436,0.6073716059378821,-1.6886138813934657,-0.8554893241435967,-0.8648624677850377,0.21231504761717693,0.5970360977907135,-1.5893132294120216,0.10267816399973362,1.2523011741673333,1,1.8944025316938438,3.1211481682605364,0.3918439184940522
-1.1594500221776842,-0.19647929808204445,-0.5128676834574156,0.27315646497358087,0.6103867868615344,1.3360840806410832,1.078404632530441,-0.19066202136890878,-0.3979749302432232,-1.7254587557760976,0,1.4092435425924674,-1.1333445078391102,0.38190144001171783
0.5054167051021444,1.2876867640833898,0.26180276990635837,0.2492762613645834,1.998528109459651,-0.7463464484682832,-1.0072339210934256,0.9006909387483819,-1.841551025926797,-1.4096715552562822,0,1.8429872915000058,-0.3065239633540553,0.4034440953467076
0.4729877082717129,0.3870788594522733,0.48579559022109153,-0.657944198120139,0.8733432789961982,-0.22339338708084236,0.7304880092662224,0.918697690972435,1.7790776885040513,-0.1786429330783226,1,4.295875396007128,3.949113117409028,0.5107369552724366
-0.2760791269052197,-0.6242224415696815,-1.0108722124006155,0.35563827249248403,-0.03938403810087797,1.1448024198931006,1.020528763903825,0.1977635592366662,1.4188791558873848,-0.23134554979009903,1,-1.1913420244621018,-1.55327606799045,0.5434083601312023
1.6738007881444148,3.3239518958610748,0.23568995161898312,1.0073368881034506,0.8220688569753287,0.7127742228676842,-1.274580801168757,0.9187719342982352,-1.523255772108113,0.969009117281208,1,5.014358623234955,3.2051088755074897,0.30468732410781607
-1.5108670578831085,-0.30090562065874915,0.21036715295349911,-0.6687149942483155,1.565298061809453,-0.2822957142652702,-1.2701724659290976,-1.6710306926172445,-0.19468125502082645,0.0033285846406392473,0,0.5276616618020331,-1.8059965319211,0.3532050122863409
1.1986953701167993,-0.3032047979952519,-0.5588599590036445,0.025844441139049396,-0.9545281392466333,1.223405512770113,1.308493393435319,-1.053647865650068,1.3659118567502784,0.38821308596432264,0,-0.38988968221598175,1.278553692638241,0.6793856824835169
0.9684107113616511,-1.8154684014901492,-0.9108395452686314,0.8896035569859885,-0.6832262356656477,0.04130533995502201,-0.11649230949223804,1.6625830478344574,-2.5940900515582013,0.4201230156205952,1,5.1379701737252335,4.003236111907089,0.8009017017695471
-0.46408293664258893,-0.6562529409179109,-0.6112511536623016,-0.5693149678856047,1.6639096893372385,-0.8016399186005165,1.3979456656238658,0.5975263111887239,0.33413598179880744,-2.126457212682793,0,-0.793738149889761,-1.576080863403584,0.5240027865761628
0.3904884871854743,-1.0098836686504171,-0.36081771677803676,1.8182167521285242,1.268883771236584,-0.03692331762217237,-0.6618386155156464,0.65037448759718,1.0373877262183238,-1.186004932516921,1,4.236719311246109,1.5553161353472325,0.6682290267467866
2.3879395957457774,-1.2898873035338367,1.0103837945484204,1.7233518728344535,-0.14112413779236704,-0.11980535914076074,-0.5451203445877049,-0.4789264279532041,0.24833931778738536,-1.4712209168543504,1,14.716206525968946,12.86587579645183,0.8628201523457587
0.3041000351542028,0.12239218041839497,-0.274470925688093,-0.4571062095967059,-0.5148840696107078,1.35542163951877,-1.0180386136325994,0.19219354401018868,0.13671809771576976,0.2884177727578554,1,2.0881340438553653,2.293158637429686,0.5226978708124668
-0.2377872349231087,1.3619244135418636,0.6721231493341849,0.9326088073962161,0.21915587617692037,0.227274588941706,0.5654048587560963,-1.6574632029314478,0.2712159896288681,1.2503545549133175,0,1.9467057078290606,-1.4800912006014224,0.31005636031174694
1.7011913760111799,-0.014393344110758488,-0.14226912652067303,-0.21615092570707248,0.5616403358874313,0.9531827120930246,1.1955756282418033,0.0619894025202981,-0.15472902839375172,0.8585004192162048,0,-0.027157424718636275,5.3674662667424755,0.7021992088281938
-0.9741196842352675,-0.6623249275441218,0.49140910479641736,0.6439239275204302,-0.296524089682787,-0.7066941375151478,-0.14931333238565064,-1.4239351765089585,-0.29034799899679997,-0.8209456526207762,1,-0.46993575400201065,-1.8043870015462373,0.46110440005334896
-0.39674759376918284,0.0619751004989281,0.3995946849665074,-0.4186739124494197,-1.7520456323401765,1.9761102375948543,0.5229738069383568,-0.3580410740983046,0.6291687117727098,-1.3176589082978298,1,-0.4351435924529875,1.1561855547140174,0.44290972130598427
-0.4525755734381176,1.3300511058928517,0.46779849180247174,-0.46501527717641744,0.2147262081364623,-0.29889846747841436,-0.6755128527613977,0.8820051907223423,-0.10446823317855214,-0.331444212130846,0,0.3036244667074809,-1.5160713546777047,0.290838874603817
0.5519056583582506,-0.7823461654080782,-1.039293506838854,0.581548665169176,1.7874606201639356,-0.3004004667295045,0.3709338274936268,-1.7279699597165035,-0.10785800477291776,-0.537270092566107,1,1.4397660882707668,0.15724038603173884,0.6608593043736776
-0.6906263858821947,-1.390647695797573,0.6388021179785144,0.7754096868928928,0.49739607746312836,0.5215170447982921,-0.2199604256865418,0.30697851264047665,0.9335788068975218,0.15478893441732383,1,4.104270382545145,2.8551821956674663,0.5866201627144291
-1.0227989814818432,-0.5581908434968564,0.37976471404651824,-0.4954868462648328,0.9102137638872071,-0.303278676819696,0.7233418566200805,1.362485566353149,-1.980421850766736,0.5066213651004607,1,-1.3236035271509496,-2.0987539118799314,0.44218375454138426
-0.6882353076213747,1.4390486803698121,-0.2986124619927648,-0.05074184167023032,-0.9572894172158418,-0.37538803374261437,-1.9698661624826046,0.6948432055721879,0.3077807912057179,0.5446281650404791,0,-1.4740307616058357,-1.9518451365774658,0.25661408030741306
-1.892792462355205,0.7718195332447727,-0.6134917659464112,1.3993355391341717,-0.037880720336263135,0.3169521115681339,0.03367166328839377,0.9823337247804576,1.0104709633612259,-0.36763112100426093,1,2.628737437066722,1.793183723248015,0.20877818195884604
1.4217583000136433,-0.240811777367748,-0.4041043635894019,-0.3701876097647917,-0.35150193660056284,0.02482231290811113,-0.053504781109314635,1.3080724007162654,1.5730414915296196,1.6007541661735836,1,2.15739362706797,2.428391269614518,0.6966265759175254
0.5303027711046845,-1.8207628883950766,-0.05610294558589823,1.0253178742086821,0.3726370477233039,-0.5649344490644831,-0.26631263797754784,-0.9351447107938974,1.1920767508748225,0.4693099551373774,1,5.486207816877334,3.0339509498068598,0.7641436442250398
-0.577931385761717,-1.5554861076024875,-2.1712948127446774,-2.3707737274632033,-1.2136538665055452,-0.031327099304015206,1.2999633249290217,0.7040973754848537,-1.0566219343538386,0.99601223920024,1,-0.042382250998449944,3.023171818179695,0.6198183675550717
0.5262474291182884,-1.079854470758047,-0.6764197525580624,2.966250839365035,-0.2892437362488309,0.2394913859230985,-1.6372393987016212,-1.4625713217305065,0.9409857940866386,-0.17460573673183338,1,4.860587053609789,2.3131864696838362,0.6906267303516739
0.8569687870971454,0.8034575201070231,1.062653369281764,0.779436974681544,0.4068174593364598,-0.7871659820642735,0.5109360399675017,-1.7566129812306401,-0.28604293296953065,-1.443399006646245,1,6.025985624380689,3.803416073307027,0.5066885093733121
0.943187906318216,-0.6710638465680341,-0.9184123281525461,2.795578715573194,0.4854653118062087,0.9833706315021514,0.015766062110869745,0.2512474294428951,0.7087773149515852,-1.199188069896164,1,2.6911394433814597,0.42056562475275117,0.6914967080622979
-1.8046603522676372,1.5067633187892937,0.18477177853317558,-0.6765158432893156,-0.29026488316542143,0.6680379112152782,-0.22323982957845165,1.0435830099588692,-1.6201658134163157,-1.6520781801895912,1,-2.317249240936231,-2.3349053665488686,0.16033847219229874
-0.8917822863937038,0.8215868327434052,0.5740409153508536,-1.8922996083527044,1.2236244137672865,-0.7591859496076359,-1.6843789766630195,1.518117108866429,0.6466441170061294,-1.0280870270893983,0,-1.1532723843031343,1.7389520628896484,0.2980325012819955
0.546255269575544,-0.7410109193835632,0.4815261716254637,2.0773034327451527,0.14634293072854895,-0.07715562313242291,-1.0858439036057146,0.4502683431265634,0.28109712692406236,-0.38278993282053914,1,2.1345740517790164,-0.0902026692278377,0.6555742641913156
-1.1278489568794157,0.2536376175576273,-0.9200318103578123,-0.6296294658865755,-1.8593428773125307,0.4230719016149926,0.1253791771779231,0.24489896567188074,-0.8032663579315239,-0.8669645465728726,0,-1.6438205122224325,2.111581830797718,0.3338677457080237
-1.3740388208634422,0.052522132748798585,-0.4966487016338335,-0.6571295850631969,0.21218544370131295,0.9824379480896703,-0.38620649357070935,-1.1208288689348533,1.4661904754914081,-1.4245952393733747,0,0.19361777678150582,0.6637213234088013,0.32887438035627864
-1.068169707073872,-0.6189942071875194,-0.11267957806975748,-0.15672404124171085,-2.156463244890984,0.5690273821075381,-1.3848279892013537,-0.39651911987379684,-0.8555568774215419,0.25767090885120436,1,-3.075186744946383,-1.9837006994941464,0.44408788086061035
-0.9269309074990939,-0.2684574710854051,-0.951655384890121,-1.0040413991895412,0.2022423233018684,0.8631108468946878,-0.2828132630198456,-0.38222682096913085,0.00856121618059489,0.07065780714568558,0,-0.9571499270296641,-1.4714774048069157,0.41842635295779246
2.1541391182896503,-0.8064465859373056,-1.1223372668444807,0.3455971127649949,0.30769327121458356,0.7292222300271677,-0.5683413484176935,0.3535690685312824,0.35075132000742887,1.4646141715676801,1,7.69961247138991,7.192262839643733,0.8146168102135506
0.6050827184745062,1.6106942503321022,-0.3245568001477158,0.725942192486042,2.38734956780266,0.025371630694270363,0.978054876952334,0.12533353020423782,0.11148045324801198,-1.0669037986605874,1,1.6929213482091767,-0.5189456232868817,0.3768815302965821
0.19084584028051624,-0.20800782015101021,-0.23903967009653881,0.06257045378095949,1.2190780227601705,-0.8113488605787997,1.5216616277092947,0.7861122397697718,-1.6169887312153077,-0.053844247792981956,1,0.6241749667693731,-0.30960164775573173,0.5496921242434167
0.43670706534783077,0.342826256070162,-2.8202133969183163,-0.6843690881278295,0.9195464732610519,-0.5818309144796712,-0.3761811821501773,-0.6436825901056189,0.7612048473454869,1.2644779182710446,1,4.196601693219789,3.748976530401479,0.5117329468726728
-0.09272844356749324,2.2349033355903787,-1.7482304962783777,-0.03172041042760837,1.235304404135769,0.12292220740292842,-0.9670187713717353,-0.0973235375616942,-0.605346784327761,0.13967602327232662,0,0.5615687775846471,2.5934106522571017,0.23797460971967327
-0.4674490864503963,-1.5772589822266436,0.24413056957520224,1.2324828568164294,-1.0158014273665326,0.08912162836835755,-0.3338347319513847,-0.2660546978722248,0.20755506221425585,-1.2893785807555718,1,4.149135091994138,3.053320461210703,0.6352728259116682
0.1230829518674861,0.5938608982970096,1.7540415296817662,-0.9518470907087905,-0.5114579711773711,-0.35846794349551975,-1.235061120214379,0.008597299896444907,-0.3434248949389498,-0.9643969209583809,1,3.8113826852193387,3.5230760919796595,0.4414229767452496
0.2397429924840681,-0.591743483814035,-1.1167435750586845,0.317801806960755,-1.086412369942982,0.06862621696043407,-0.5635525917870896,-1.30262526602014,-0.802576199506057,0.8010273210975449,1,-2.0864155988829234,-1.1259554433848182,0.6024641967832158
1.2050591138994078,0.20964416937788719,-0.06558522050321229,-0.21312929355189467,0.9103074656292957,-0.8134124861509839,0.2920359593871929,2.1741079771542235,0.6722991953146403,0.7425162793971868,0,-0.05335377657323845,4.867014773859762,0.6219204276162792
-1.5425521597221095,-2.9476489353782482,-1.159634344160098,2.0305737202411174,0.8099471153708423,1.2430589317650829,1.1864966516358093,-1.0886782684764735,-1.5488791344864274,0.05944031405171425,1,2.0058130035831025,-0.19547854578191326,0.6687525401862406
-0.13847409475965994,-0.11028419892281593,1.0063001173542958,-0.8170739007302651,1.2550298539358669,-1.156124561623048,0.3100224192468062,-1.0346561875246036,0.8456162297661343,-0.612890355717471,0,1.3536306894496895,0.021741210011212764,0.4964763213569202
-1.1723014978923094,0.9415239152367696,-0.860917848995705,-0.618254614790951,0.05643461312519705,-0.5012580442040535,-2.1689475879924185,1.0777722869954587,1.2073990628247997,0.05052657146961827,0,-1.127471290277894,0.7663446147048485,0.25789988239698447
1.0167309415469232,-0.8388965170330037,0.44225472358340845,-0.2440094129979826,-0.5430214710091222,0.5474398346301704,-0.3495152439635887,1.7480783239241195,0.3835164807928798,-0.16127390700000888,0,0.4246929961521029,1.552172179594372,0.7166315281393404
0.344468154819139,0.7817234139368938,0.9903757330682547,0.43126781444509116,0.9606020168565109,1.3688806810928082,2.1323400176003506,0.8443638390004313,0.05459609900517213,-0.5501862521825805,0,1.747036576469874,2.99434642129808,0.44555976477435427
-0.9196770302805761,-0.577458166992403,-0.7877172724589386,1.5713262027315706,-0.9138668267893405,-0.10283790596939323,0.9096671922061733,0.6891125917227697,0.3459915297628822,0.5175392306425171,0,0.5875270592562893,-2.027697597842778,0.4573267085928134
0.7119404141523703,-0.9923986028102504,-0.3758850199961998,0.17713199027596768,-0.4670657908336446,-0.2608602146438274,-0.40674703706084436,0.4445995901457812,-0.3856380280326007,0.26304753577122225,1,1.6652962968001654,1.9782463160483947,0.7010220482665132
2.0710324214672418,0.4163553500580514,1.253711385206333,-0.08919289573703848,-0.782404029917009,2.4853721933061883,0.42044141944307895,-0.787814124830383,0.2768438645938005,-0.06961667153867193,0,0.3672820148906437,10.347189679254814,0.6957918832827348
-1.2301620101743556,-0.8759357100234987,-0.9545561755895632,-0.4889404458713457,-1.3726462120272023,0.8551144068895449,1.3343530046381944,1.0071629309460393,-0.17801047728589137,-0.3075411913523254,1,-1.9410249828159107,-0.657669593647576,0.45583709792535354
-0.17708426365063704,-2.306526785431247,-0.5604897304197783,-0.3255977261073705,0.6760186512280484,1.6608468554492894,1.146597007230734,-0.8690986251287209,-1.5412989400992307,-0.34662458562781095,1,-1.2497591816428013,-1.2145366315230506,0.743591750113452
0.047432083732831476,0.7135839060079531,0.5290526953890121,2.263276654039311,-0.5544689045019658,-1.2834920168974948,-0.21952222603571217,0.8913500308747258,0.004582015935831966,-1.1075766562139444,1,6.0226320869099,3.0065856051984277,0.41749239535382504
0.8549398799439079,-0.4062718371013902,-2.416687895017302,-1.291761665751052,0.2895548949900795,-0.1367112917441902,-0.1454757968029734,-2.154140353159337,-0.7826695682603472,0.17164942844502568,1,-1.1344046261862146,-0.0411675998367258,0.6526268260784757
-1.9666296403763661,-0.819068678309934,-0.43711720142939214,0.05577188676331668,1.3080441952713746,1.154813130813471,-1.0338011218672394,-0.7907631043090315,0.3482608947710309,0.6913716905535172,1,-0.5698398393038808,-1.2058094830964703,0.360364956995141
0.6622437134438133,-0.5508884057474238,0.35477517273789533,0.2728293599726717,-0.14450087560732758,0.31448789910319647,-0.10410992050680129,1.1320418291982282,0.45823079487162416,0.3188354087641575,1,-0.02606403883599217,-0.5289813829080274,0.6471570764726309
0.7111638705278579,0.5669604718024724,1.0232162403457168,-0.44115632138731753,1.4467741783426182,-1.0530075364950258,-0.2931394001805349,0.6313042991297514,-1.3171305357712404,1.1064724918819764,1,5.490165375771109,4.4812481349318425,0.5180176199010091
-0.2760445245929548,-1.8430396126490944,-0.5828185901003371,-1.1187030832407685,-1.1464146013560803,-0.050566457834528775,-0.5023749606525928,1.9859029606307823,-1.9398190864778349,-1.0896464775008685,0,-2.547466533539392,1.9421886131475896,0.6864334247672412
-1.0088710332064525,3.2171282444418123,-0.3949105959037497,-1.341815880029389,0.11342966024161207,-0.39877288173374986,2.1645376772239393,0.690436160486885,-1.4247981500633835,-2.0195521704284674,0,-0.8860921451801184,-1.211486247298378,0.1078397308709445
-0.6343831649633205,0.6320484718094155,0.2681575008572494,-0.40826380327308676,1.5061635869841277,0.7797808918776833,-0.28978233908290935,-2.3234510485088498,-0.6780341031709514,-0.5001417490316485,1,3.368826155437935,2.8182119918039064,0.3467817187768391
-0.6611878523082181,2.6485812456110844,-0.5724974995756147,-1.0530835852463836,0.557300667945768,-0.6813789254207706,0.5263768232214205,-0.9340786256485258,1.135632170298407,0.24914853017407926,0,-1.8402897130307687,2.7487906811154414,0.16044988112081704
0.14971514868142166,-0.6769941162676695,0.8957149699885906,-1.1924911409165613,0.03539522756556201,-0.3636077817041851,0.6412665986653188,0.5678251615523466,-0.9459837029148723,0.18445910911036706,0,-0.5158167453886593,-0.9618720525761224,0.6018919833492568
-1.0485318693528936,-0.0072345732781919055,0.5246405603594598,0.07561157410852984,-1.101897168800837,1.2768670200115637,-0.6407215724523608,1.2598375255965233,0.5666720291047034,-0.9424814459637882,0,1.0011358703215567,0.29363656687126877,0.37270057059490197
-0.9205977367697804,-0.900698542492743,0.9208233120465361,-1.670823374320646,-0.9593566920646225,-1.239124829751921,0.7352323392856168,0.3694909151109667,-1.7781708329816712,0.13117248234280543,1,-1.495042380624615,-0.36904190774862483,0.49751262123506773
-0.33494657637908015,0.2508418495029967,1.9284534151178883,0.12309676829390052,-1.927619396643513,-2.0790014419798033,-0.37988400758884205,0.3817050244982071,1.0963794295349487,0.0029364874309172114,1,3.2559582016678235,2.487812366841778,0.4272954639274573
-1.0451238926283204,1.5087322675735826,0.7698752131143934,0.5372148981104157,0.684765465191719,-2.251905574304562,0.3856289481167475,1.2878571692228253,0.05668514909812392,-2.1849307947376757,0,2.652818886279552,-2.1474110814684852,0.21807358599692894
-3.299664875608008,-0.47306155675962913,-1.011195326391351,1.216544277253699,0.23466459943522877,0.852876193946861,-1.3478469403339146,-0.8804082171109038,-1.0570460014923861,0.4251651757305047,0,1.9877738928942266,-2.454157097459714,0.19571382023500292
0.3590040239355875,-0.1583152498753826,0.38887889749669163,1.104465422253321,1.236329219412365,-0.17212507442273542,-0.9956752840122982,1.8018524964206026,0.5450559314396991,-0.193523588729194,1,1.361150480705561,0.23913048060659814,0.564306772366702
0.653790506730191,1.012342841973598,0.7837798779642069,0.18595663264272438,0.2915958106566835,-1.1100182516401051,-0.30225138411040736,0.2744940673885099,0.30955835163287526,-1.035503747055454,1,3.5499268208882953,1.8258993151659464,0.4553006136627369
0.545342584076151,-0.03098133481382765,1.580873728169667,1.5641491785618162,0.4084111572963844,1.2931269430679866,-0.3868282255052775,-1.3603420845003753,-0.22283363154675737,1.614545533437133,0,3.8991231828310395,1.4822564739423458,0.5715460907433066
0.07730461127434853,-1.630726263803358,-0.5485464195835645,1.7441905731935359,1.713877385989879,-0.267487147997969,-0.7077085440960725,1.5206932300285745,0.31707701256246335,0.9034598582532312,1,6.875829098880143,3.3724863571841075,0.7014087931687418
0.03405331490347933,2.0575590422873544,-0.06419499905497812,0.09996958723438525,1.0142410611924477,-0.5530842915471901,-0.7071337575553993,1.2458478994452695,0.7730870081297866,1.4451282581179967,0,0.3660514513638051,1.4842478024592154,0.26663695265983844
0.811710609964309,0.7288995115455116,0.7891603024988527,-0.45847084151423745,-0.14149906916104762,-1.1691233298508759,0.21771731869927174,1.2119272013657751,1.4251379147799155,0.27574939594188386,1,4.578204108776602,4.132738887883816,0.5103499086708237
0.9199671455393683,-0.5253025588890481,0.6897242502868538,0.13883138417207103,-0.6790433705794888,2.012881390333378,0.7631943548532746,1.4203591812929688,-0.6236803418810595,0.28700171217235165,0,-0.1891858166184997,0.017102183136726623,0.6731869653963222
0.11736085241471217,-0.09730336455918477,0.622411687395968,0.09070881382438653,-0.4827438147184562,1.9061765503124286,-1.1627375350885198,-1.6998072413463623,1.585619511293658,-0.520088227355181,1,-0.008633052247235762,0.3721528750897015,0.5268072966513857
-0.8021993238678675,2.3555780505084747,-0.4259801044512931,0.6659135136047506,-0.7864557405421583,-1.9078500025172815,0.5705173268634467,-0.9836368314486496,-0.6832038608527694,-1.6196200921400217,1,2.1825612658740607,2.6954043894495183,0.17095292860177447
-0.190855434950436,0.05006970135996741,-0.3175350887143246,0.277433965357252,0.6028057367208006,1.8100554627460366,-0.83734901054105,-0.18822874138076692,1.2025708839008244,0.911635039645753,0,1.2168129025790675,1.2178788732928887,0.46992072310997746
-1.027785965868608,-1.696882137576877,0.5197264490439776,-0.21738356743159448,-0.5350279766875399,-0.6824636988738417,-0.7726633653194014,1.942283908698947,-1.095462933871821,0.3883882327651501,1,2.7350061190077115,2.3946369641578613,0.5828655829421272
-0.41292310166085544,0.5085103696563344,-1.7485598802148847,-1.131405282562859,0.9639553651223093,-0.22344990029801803,-0.8658122712320037,0.34898147225090664,0.6274436439842068,0.35841517218239455,1,2.534863518725618,3.1608196939466544,0.38681580801884824
-0.42535436507293645,0.5992862670347353,-0.9192081241495532,0.6780222461178256,0.878670266486108,-1.651946527767025,1.237507570579198,0.44823954318838233,-0.3290494505141642,0.20448768433293343,1,3.894368079409157,3.032905704980044,0.37464974700030196
-0.10979005561725891,1.3518548552531122,-0.05040990628797401,-0.008557503845221588,0.9737081384826737,-1.5118182891282885,-1.6399597587725003,0.15913194823512594,-0.6950070710959385,0.11534391440762583,0,0.7172103732091148,-1.3380699568944423,0.3250142711879436
0.5081233787373375,0.37549900401179676,0.34965151631563013,0.4669896464640308,-0.4835319287535449,-0.9788047632228833,-0.9666009470160994,-1.6102309209261016,0.43362715041237443,-0.2700327037949259,0,0.6652257065106626,3.9733647979041367,0.5165719746151523
0.01506523981065907,-0.1343347000412141,-0.058114234288119335,-0.429543939511714,0.17132242316082535,0.014259581791427407,-1.3389396447547413,1.6064882702211791,1.7283496041032969,-0.10890355719168525,1,-0.7919061383991886,-0.008842046978191798,0.5186663133199244
-0.8209081402655825,0.3696596040236248,-1.1792957514302156,0.2961027691706931,0.2441668052656335,-0.3786147069748734,-0.12518676278529947,0.41276317570310417,0.05889113495148275,-0.9120393973928153,1,3.156791738628313,2.7333553543587796,0.35542340919523574
-2.7516473266938046,-0.17107185212112222,0.04803025541380231,-0.7472524463897048,2.644362218239972,0.8672803089341601,2.503536730574725,-0.048700796142880656,0.9562409349486618,0.5146948190918352,0,1.4922392723919917,-1.21601966344638,0.2158041122834767
1.1159507477001085,-0.9617063938110603,-0.1760561533708389,1.0319905904610196,-0.028141022114800303,0.3733790642450826,1.5239839238577766,0.16208742451544364,-0.9842278329132095,1.154553230271845,1,3.6336148147258065,2.7524365895239953,0.7386239147877411
0.8939397352367621,0.996481167261307,0.9579406900429874,-0.8225018919944415,1.403862011569453,-0.35980436749418226,-0.030839084520781976,-0.9443539129177987,-0.5870780532428006,1.8424256012532805,1,3.8050754970277554,2.472378625477345,0.4871851280638323
0.374291554740755,-0.4618209481661654,-1.2469589180695655,-0.7573264511914108,-0.28195360311982987,-0.3574587287882137,1.096601233699746,0.6656505557283677,-1.2090755440298555,-0.0765370666608016,0,-0.5316093487110609,-1.0280776380999601,0.6030180344800169
2.08537205545692,0.31129113426525584,0.2485248784913859,0.3493754395883084,-1.40147811729705,-0.6020032733607736,0.6792121467372224,-1.2685565903101077,-1.1672878916411675,0.1062413732574747,1,10.124877591108854,10.120969314625048,0.7082790501641141
-0.4378617823779831,0.09766776298288929,0.44291215307008164,0.6377693157294502,-1.3948880422187548,0.5986214846885347,-0.6434788500084478,-0.8155369097603596,-0.4329280943803431,-0.7267807248428821,0,1.9566995118417352,1.400516057780731,0.4334559221607104
1.0731267080266518,-2.14834859712643,1.4623939300666537,0.3159735106736383,-1.100889097738132,0.31630262893436445,3.2906066211891667,1.1295386564558714,-1.2167570283233673,1.354288177644529,1,3.317720586810442,1.8011047121458914,0.8335137745965747
1.1289235791699195,0.6619994161454292,-0.936768586961818,-1.5456976407032115,1.3554078544778005,-0.031699105532113366,-0.5384331297561248,-0.7914463300508255,0.04387463646458795,1.7529132002982089,1,4.537897682252585,5.275484435129364,0.5581018585247182
-0.5608336316412941,0.9745724227383171,-1.8338588349148486,-0.7549155056197993,0.6723009728176788,0.8254946299592476,0.9707696378880042,-0.5811396977882364,-1.0286759449277658,-1.7436888827023749,0,-0.9438401691389092,0.7702284774726382,0.3169761969356203
-0.022012855404873913,-0.43702202650887345,0.3749450982764855,0.5291572764100001,-1.3934494630446734,-0.4492638875154526,1.2062798011644396,0.7086797994353313,0.5951498043347738,1.171351091153532,1,-0.9975249890016342,-1.4730004093894822,0.551690803478653
0.5266414691111504,-1.3007091079608855,1.4495633644353814,1.1862347798814967,-0.6353981277494329,-1.5900842253117977,-0.4815472096773459,1.301228614381763,2.0471815941069313,0.2721385179918539,1,6.588519613982565,3.7190469922253384,0.7137516513268655
-1.7022891772221722,-0.3325707941393234,1.2443003121381566,0.5721295093864356,1.2881122680618835,2.247153710105604,1.0842761833476562,-0.7064679304498104,0.4814837424419626,1.302501841121453,1,0.6438152402438633,-1.979797008052864,0.33517764572032765
0.19347653159015332,0.8918559184473107,0.5836236653717404,0.5380236108845595,-1.6784333766613304,-0.5904413335176231,-0.436627814278313,0.7110185346866389,0.5529284239889447,-2.042530185569474,1,1.8841790678886188,2.0465767854204127,0.4135789320971348
0.9840606081074593,1.3338749065131483,0.057973244443273175,0.3318961279693018,0.3850011521754756,-1.0136300426852023,-1.0738786887588712,0.7223828645010637,-1.0718555892491801,-0.16828324404881795,0,0.47366562179581906,0.5081104231449478,0.45638434873650763
-1.4455477520892284,-0.41798778940887454,0.34247526381677945,-1.0696389671236903,1.7967575609921846,-1.9237256291555234,-0.9404624474980485,0.279640478672337,-1.0805584037709153,-0.2856459722047695,1,-2.348543858902627,-2.1818623031575997,0.3743078285622438
0.0381525257965925,-1.2911004355781632,1.87379634572938,0.04864004476628995,0.13643110488671303,1.0198301279670328,0.708606333855766,-0.7862345766355636,-1.0850455630598037,0.13619499936602758,1,4.629525045206624,3.019562627654903,0.6602988961218421
0.415497974076329,-0.07449016088493277,0.5307338521808992,1.0638131934735582,0.23811693624122848,2.645922629581043,0.11992964749466996,0.716913273256432,-1.484634906643751,-1.1667812943212228,1,2.5520019248986885,0.935406012003334,0.5609439892297866
0.2767605027394803,-0.24795181030898175,0.06655206647865397,-0.4682433796415427,0.5713433870275766,1.1911316021357952,1.4324959179373489,-1.1570175224901507,0.8110231347001383,1.590604373713152,0,-0.4345364038521323,-0.43750512953684684,0.5652153988030603
0.6681919167316872,-0.8004991929299746,1.197078040500581,-0.47772863202675886,-0.5501736479493375,-0.8825732166855353,-0.4242726833290101,0.33797321268135305,-1.2522590441709276,0.6414346340894993,1,1.3682651497529053,0.48441763845108254,0.6757581493487178
0.5058782363257524,1.0626574458070135,-0.4629730871017461,-0.762027867142324,-0.4599165157316774,0.3526600795919512,-0.38820567915438453,0.217781875666185,0.4634379256395758,-0.03304266410171407,0,-0.8326728898457769,1.1695028232050664,0.4308486300505689
-0.590843560323878,-0.15198602822263793,0.32310374176174783,-0.9249296598087017,-0.024172742622503376,-2.402759136966865,-1.9271044375773339,-0.07265084059978064,-1.7376729476085606,1.1546224927914934,1,-1.6660066171194619,-0.5949923182051242,0.4453618636529088
0.0570968478044687,1.5103737205810468,1.8042318767051075,-1.1184124407449354,0.4346129576237514,-1.3218702528294968,0.0815135165135218,-0.9974299364325068,-1.4558000566452727,-1.1988801400457605,1,-0.23712907934010735,-1.4399141381712892,0.32593283244306315
0.8488122293707823,-0.7113004500591186,-0.4481727881614137,1.506425786119141,-0.6937870176547892,0.14265014872335194,0.4173844007338397,0.8768794538196623,-1.74740098025066,1.2388301848365721,1,1.664857370769675,0.36775853068757836,0.6856922563097131
1.0301473271501005,1.4280200625945119,-0.7787268297269405,0.03507083980136035,1.5969719925140138,1.10819946932703,0.3528340576329787,-0.002623166214194624,-0.9774995836259982,-1.0683683056177802,0,-0.02568612239173851,0.36512602239516356,0.45042928323392445
1.0855184360213683,0.18429577855138282,-0.5919360876873108,-1.951179275217968,1.2530568591741174,-0.5017936707452482,-1.6855353931161647,1.0847707886075877,0.9462310463521135,-0.25949736355243735,1,1.9228998654471436,4.32890538411792,0.6107845729986022
-0.7379948095588512,-0.2024614968469146,-1.3663243172924946,1.5771888031573924,-0.36815810080420636,-0.22576303775702813,0.26891615692237664,-0.7900389701364685,1.2314540915831758,0.09511650278618737,0,2.278985810790078,-1.0069878211259335,0.4334554595830158
-1.0077638252388688,-1.1052605687054478,0.7993727123616985,0.8270551027689954,-0.5482414766042176,-1.478814943058426,-0.8664309965543063,-0.48818399432511533,1.976324081028164,-0.4932801568326105,1,2.754887926348825,1.1767637875449815,0.5121846800522764
-1.2132922791554446,0.11899401582783947,-1.5467586907074564,-1.294914547443033,-0.660391825591544,-1.6479366878448007,0.5120076154321491,0.3441636968880145,1.107802217220959,-1.4019240047304609,0,-2.082267085254924,1.2101777963916702,0.3393609918002919
0.7884608252537685,-1.6099871112198456,0.5647878535524518,-1.0519310093424084,-1.4461179457391722,0.1988112658965163,0.7839652905693164,-1.6634087711794374,-0.7610646426009162,0.21331783543137545,0,-1.9721710483930222,4.552243833071761,0.7683867029957753
-1.4883870672039736,-1.76247502932984,-0.2095558052589051,1.4554449974219559,0.28469668059044884,-0.32622429512111883,0.3328831655648025,0.6880557669002106,-1.2757688587068885,-0.6172017563444461,1,2.578792444315666,1.9228823331463787,0.5342074743181934
-0.7988221423982637,0.8668752577897703,-0.12778720711931715,-0.11358059381580866,1.280792838988499,0.3954300914131281,-0.44406663106068256,1.7667248184563833,1.4634225321782925,-0.5020819286353249,0,0.8046044675514616,1.465203276036331,0.30304306466376996
-0.7540345517374402,-1.8677251839155384,-2.2850039239145667,0.2561444815673058,-1.1363375490701613,-0.45540946886404077,-0.7100224019223166,0.9756595222343819,-0.68219201678807,0.39755041746741276,1,1.3856256697769034,1.4797057754002947,0.6357222935567932
-0.8054011649648332,0.671267665130756,-0.11813593547996319,0.33024030727770587,-0.8042947907947327,-1.1128034095717876,-1.0939048052687572,-0.29631926281735976,-0.42770056686985014,0.574602419721251,0,-0.46235089650112904,2.5936784953748164,0.32336846865111263
-0.7776108989922788,-1.3376898838442586,-0.3127345084573971,-0.8349598484303831,-0.9014642008444721,1.1085533977517101,1.2496992058919507,0.29203482444286183,-2.508054358776732,1.18819094943922,1,1.0146279331882824,2.6414708308576884,0.569555906007014
-1.2776447392516364,-1.2323907333032524,-0.3659424979114281,0.9542774025054954,-1.0350684630517648,-1.404987812991513,0.9767996340320154,0.7937490581752531,-0.43454124759836105,0.38887194062632463,0,0.9011038480341769,1.946010489412359,0.4943434905899624
1.1427774845452188,0.8144907517104233,0.7335371906875819,0.6122366176546263,1.9794661832977298,-0.461093158663853,0.8301328489878234,0.03527487491435591,0.41546803260195764,-0.43171632373007157,0,3.224594781339394,4.511363192247949,0.54094395329514
0.5494639909061166,0.448833758203872,-1.0365179237703186,-0.33405345351139953,1.2434082809458902,-0.6885651918726509,0.13351014826046442,-0.9888817393073974,-0.21109687118050283,0.47229455090580413,0,0.4288172620469837,4.200095625281448,0.5125761260448701
-0.7187084869673454,0.9802891641108818,-0.8342743799603998,1.3521034096805011,1.3156583935773933,-1.8679407546870612,1.0985984323885518,0.07828940699425928,0.18365623974251294,-1.2111491235324796,0,2.5399481160560864,0.6420909351926173,0.29953800087339766
1.3461028070883445,-0.19068977001851406,0.6658545051161632,-0.9584968186908527,-2.499581770189013,0.07159631913255791,0.3195890377373835,-1.1336654415161327,0.22960556502081256,-0.7238162295802317,1,1.0633416446995916,2.432735852645183,0.683173876687596
-1.6209238860491053,0.6501956363593528,0.4514860392341499,-1.2913663621888003,-0.6704797836108829,-1.0978961502285693,2.003438199727004,0.21350142764159288,2.1374066918614254,-0.27968978550059237,1,0.8670690533302899,2.424534270000157,0.24313652666612257
-0.29356442882440104,-1.143139081040668,1.395875755311085,-0.1913033717476646,-0.38551602310703154,0.11000873021213955,-0.5876626388082999,-0.20919356665333882,-0.6818744098092382,0.8543924698100679,0,1.4188784601122242,1.8323051541345086,0.6046282455284234
0.4061435619054766,0.9174256973639197,-1.2082514609806787,-0.7078745382163755,-0.9176225322587789,-1.4512905743706412,0.031057776966371138,0.17329859063356315,2.685535656962629,-0.020349905884493872,0,-1.3733657181730208,2.1423055216791846,0.4364355305822818
1.2242083214498878,-0.18043398026757174,1.4630424169907015,-0.7657901413292625,0.5899066158162763,2.089768101850673,1.2709887668759603,-2.16930468486404,-1.143690768681006,-0.6233815963643097,1,2.5119488954246987,2.0590285335068867,0.668702200136316
0.07254654562915278,-0.44757656539934626,-1.0841168044616458,0.0029807024539066323,-0.4097191270836558,0.1918443078419342,1.5148565690735165,-1.0399138237051455,-1.428522448725381,-0.8041635105434614,1,-1.6149312055879501,-1.3909289514688525,0.5646514234516635
0.7220080623166526,-0.4991647240188424,-1.4864460569001492,0.7026813823759842,-1.3777305863199945,0.2840553756439237,0.1550934170769563,-0.20987522379859203,-0.527818601415148,-0.5650550710462924,1,-1.195902814934648,-0.44142860725902233,0.6480745546826412
-0.11191820808963501,0.47372506335199727,0.7813246905911003,1.0940152195835868,-0.8663473142203341,0.6185019902749491,2.199403018256958,-0.11901295710259346,-0.3191630703269941,-0.22695447598488103,1,5.361256654106172,3.385605094265133,0.4273132246866975
0.7437676997792033,-1.276128638739677,-0.23275485950540017,0.26592201613817085,1.2070568146384717,-0.0931426133359551,-0.4320996072581936,-0.6353654672371954,-0.9848939989259402,0.3538996500446001,1,6.011087413774575,4.010607124973001,0.7330100057569734
0.49818186899316563,-1.3440616091536184,1.751395566423528,0.6530191343315883,-1.1232739888632084,-0.12204447509809944,0.1386810939846128,0.19906159592786737,-0.5639449930865005,1.2159946302690932,1,5.337097840376402,3.851682190445237,0.7152706126244295
0.44258161206443586,2.0556104892129774,0.15255936174582235,-0.7818002588513803,-1.1251732610532852,-2.076327443649922,0.7490009248474399,0.5619993867175148,-0.5642820868537792,-0.5043440031248939,0,-0.7703166109504125,1.991266215807973,0.30863374464385773
-0.8775165717567095,0.7041498928693695,0.34230124824388003,1.6143165607811887,1.079373743797327,0.3579297514412754,-0.43127538198019005,0.4240731232761277,1.6395127682345156,-1.197632216729121,0,2.770932667846319,2.419027628293053,0.31198978628896795
-1.1188428285152459,0.2059186175672335,1.9102553487187501,0.7618152236293829,-0.154751082515333,-1.268347608183124,0.5336606796997081,0.013348672959292516,-0.4305478224358982,-0.6771939514370601,1,3.8186386578145095,1.8334714486325125,0.3402050180874112
-0.2727543461222231,-1.6125240234020413,0.6239607014288973,-1.2967854932413867,-0.21440540802518968,0.305499897535592,-1.909883525417143,0.5299130674868792,0.0353809240435744,-0.06364350404391933,0,-0.6734186902808575,3.1066928039719333,0.6614773721682458
2.5072793287613657,-0.987405100265168,0.42152036604936954,-0.8556584744297316,0.7324162597588539,-0.11841923237110362,0.2690553111304846,-0.22640058454080245,-0.1951177065976271,0.35256203529003627,1,11.966282788067039,12.17260358962656,0.851617263874289
0.7950272763945896,-1.8011952309325925,-0.4044576892339671,-0.9256233422785461,-1.0398759674458098,1.714262814047763,1.1115157143293952,-0.8344639821957871,0.2829522844414007,-0.05321022447095315,1,2.5746400310555275,3.6763596859817866,0.7855169385189439
-0.7430632790436835,-0.6583423011790213,-0.332421209139121,2.2619974372582066,2.531280367476329,1.107165397538115,0.4100657347549358,-1.2584392543022014,1.0142102632843137,-1.5927267829395904,1,1.8672562241426174,-1.7213545541991473,0.4894114610688138
-0.24049438835169587,2.341840458368546,2.360510407189259,0.7919839657973441,-0.8871276359999587,1.100744320213775,1.3414575772052963,0.046960470399605,1.0672670365452916,0.17286019886831264,1,6.082805692001629,2.9839328128003357,0.21565527785501742
-0.8810147628465912,-2.5926846984930343,-0.4688188970858054,-0.5327704695655491,1.0067564119442454,-0.13442283084072906,1.6858218491940677,0.0889171442702192,-0.38627506510766485,1.6494174867120333,1,-1.846537635095388,-1.9804039887469043,0.7017897258752309
-0.13310567229583087,-0.5802928725150819,-0.636016210497529,-0.8368156146028103,-0.11137231525767621,-0.5190838025866058,-1.2647545067052346,-1.129844303540653,0.5815344759724667,0.06668199637230511,0,-1.457959961250607,-1.545512253062093,0.5556666759347312
-0.6467046351596992,-0.7942022756312895,1.3226478651314995,-0.7882876664244979,-0.4183567759449887,0.14540117272055247,-0.7895504423378615,-0.9443459734066116,0.0220874736431907,1.5569293893501732,0,-0.26729086997997575,-0.9822871728613785,0.5184288531095922
-1.1615959655876,-0.04902363397085007,0.014777290947175876,1.0297332777292454,1.6201891847110081,-0.2341677147080428,-0.34765635423276736,-1.0268653272684594,0.16217100985827745,0.2819904706248714,0,1.6151731855938716,-0.0705241173232552,0.3644072039868084
-1.4626312614974817,1.1930230303770049,-1.2867459965493542,1.089962258660177,1.2086795443776044,0.20014019038992276,0.3751360236892827,-0.06085281799390829,-0.17349122576876508,0.5313009825477965,0,1.8399790605747892,-1.193156003965771,0.20951900788831834
1.1479708542932294,-1.9399885543078097,-0.9581268733192864,-0.3293186428861605,-0.47130798372759003,1.2307600915797567,0.19198702194412376,-3.0497679799583435,0.6102329771455203,0.30471048985713356,0,-0.0045265580943371075,3.6203325616764572,0.8240425125648593
-0.7305075212278793,0.4196402320474074,0.6428897596950445,1.0313362357321338,1.030902387468927,-1.2926822281495458,1.4594526092953277,-0.5822371120584713,-0.08654255920330567,0.9669271304259484,0,2.0993567585416817,2.902418128570776,0.3600668805258593
-0.10473026809845191,1.535565016118623,-0.06989591238101957,-1.6045395459590126,1.090518405814012,-0.6861278400619956,2.00714786668246,1.2107726991304157,1.3227913932712387,1.338519178004659,1,-2.727800711781579,-1.5838441127318528,0.30573232046904664
-0.007860690046503737,-0.06913922611980776,-0.8275268057918432,-0.6569390090877611,-0.5658660207095351,-1.1242971840551383,0.3523034153736331,0.8658220603068535,-0.09109933746377412,-2.14738693287106,1,-1.1852248410817545,0.4534116943318329,0.5076592178348973
1.379908309441385,-0.8217229644433975,0.3289462581888007,-1.7627213289043653,-0.5485585961071737,-1.0197082562856532,0.029793081999854695,0.6615395983750949,-2.470085506305661,1.1516134515956633,0,-1.9274160468094346,2.646415320106311,0.7504129001936518
1.5307293043352728,0.37368423513983456,0.8287692574015959,-2.085148826406967,0.3298218072895202,-0.369830496367823,-0.20396694992723544,0.6131441500821818,0.48069188622034636,0.17308714015717638,0,-0.6636161335798558,6.927270569304227,0.6407273707560392
-0.30721684335204263,-1.0018969755105507,-1.5051153975955047,-0.5895289364995653,-0.48377211799288145,-0.9820454737926175,-1.010586511876746,0.9533731330764541,0.9000805718969386,1.4952365886269299,0,-1.2774350641604597,0.7503898198885647,0.5859724036045352
1.0354816378205622,1.1319289211549874,-1.1207046606929612,-1.0205994633941282,-0.19569377158193005,0.9824853498155607,0.2838810935135987,-0.13419349621191246,-2.4850444799481233,-0.05459377058930735,0,-0.8888972522953587,1.809707294813157,0.48794642539468075
-0.2803990335238321,0.22944085119629803,0.3522543700551085,-0.3878006083378279,-0.5832966629929238,-0.5880289835196947,-0.2996308311993326,1.418689656193826,-0.5198424135232232,0.597329278955235,1,1.9792729820084858,2.4054651867119916,0.436612906382363
-0.18876138946703708,1.2649048789929092,0.20111131636201496,-1.375146225393881,-0.41534610820382134,-0.5943870440228165,-1.1102695564240466,-0.47455065400227203,-0.025737608810595777,0.9436092665305362,0,-1.126238084925058,-1.020590812776198,0.32589005865606324
0.6209814924995808,0.13598917767990948,0.7460860706546381,-0.8537231399151431,0.40139132666192595,1.3546210567839527,-0.39696809440912656,-0.10436075335362502,-0.6001043958583547,-0.09273630084422224,0,0.5325244832082916,2.8966150558691695,0.5603286960265367
1.411092308843502,0.3961179412378863,0.013120108256554207,1.0183247720915136,0.2304007065000446,-0.4857917084819091,0.9700476764731115,-0.5886624890344497,0.9179599838790887,0.07937898502744335,1,7.39728970541561,6.468474789476717,0.6242172272056437
1.8133802057408106,1.1221953709579904,0.04500838556492256,-2.92777061936123,2.0439752933203423,-0.09882971909055531,0.2769734297359004,-0.19314916668253906,-0.8620129060192251,0.7748598132406618,1,3.0324762234845966,5.194816002412482,0.5855483451415819
-0.22197513066507626,-0.953981361321869,-0.3380187195321922,-0.5120826912054316,-0.029979855624835985,0.13564739897974135,0.27302817681346886,-0.025337676380817232,-1.7644177801687135,0.08416383149395114,0,-0.13947925835483205,0.4407634651451585,0.590492838297595
0.5399625650092578,0.14742092174118995,1.5046447919046166,-0.34458839150969417,-0.7139279997989155,0.9997455304336657,-0.5585618014599936,-1.0335565230967025,0.2759286120948571,-0.7881062432182897,1,2.971057250578504,2.832833558823876,0.5489107933661049
1.5366067525098461,0.7133394148286986,-0.4522362241984598,-0.853646069820035,-1.4621937272351988,-0.11134200664364916,0.7621825146081121,1.015114890158946,0.8596866678891091,1.5151045465191644,0,-1.2552215211468145,6.607992960239421,0.6014795372227532
2.1052503123505333,1.4486671085549916,0.9943013834660389,0.4295382983423703,0.0977787498462427,-0.9309085159238251,0.7408258328266044,-0.46334415145355795,-1.5296518144307443,-1.826660740014631,1,6.247099624702472,5.741596032712131,0.5813436392987974
0.1607656155144905,-0.6646378570804887,0.20926279069583376,-1.1132386199161461,-1.730032541401139,1.416735375286692,0.6381574735415791,1.6477007640951582,0.8992457928295742,-1.152947335596832,0,-1.8991846306430122,-0.998576922402789,0.6017355272549442
1.3099171079184775,-0.9433817830846531,1.6689104214890313,-0.8679712557105197,-0.8615640778209597,0.6652933817626421,-1.1120058828885704,1.8204109143514504,-1.9486031039231624,1.1636418227057643,1,3.6280689151473204,3.2635291763321446,0.7552200362191014
-0.17144580763121073,0.41381528985100324,-0.8622632315245873,0.6285215234894832,0.7929977575986626,1.1211163539084952,-1.1515490547426566,1.9706742908578658,1.7790609214251834,0.4690807462115474,0,0.5847565728411847,3.2513675136105844,0.42735998749829335
-0.3266254322994139,-0.012771795847324238,0.5980713017403907,-0.9677109591036137,-0.5286462330967786,-0.6296507446051103,-1.118518746857262,0.21488339727516786,1.115209661216772,-0.19381791785688937,1,0.12499764295448751,0.6210713511061767,0.46084860775425796
-0.03753810441478901,0.5099981747935004,0.24139499951224638,0.5803668668793965,0.016901982552106384,0.617984753077394,0.46601292680929407,-1.3011007530344576,-0.7372866148869823,-0.3436922473934668,0,0.6301333004910504,3.461924567611277,0.43198225716287747
1.3539198087183029,-0.7866809697552357,-0.8121164236503349,1.3810162083075757,0.8193321487933117,1.6113361901701782,-1.7342056067856433,0.029421964737455432,-0.16716753560286557,-2.0577667127117025,1,3.9346144594207084,2.3197941621732796,0.7446540373567841
1.8153935635293288,0.2171268298376041,-2.0485638171882092,1.1965285126445024,2.211976248623826,-0.4944507148417799,0.8644165700937293,0.675065384882696,2.479767278925946,2.3728266679615566,1,10.213707324118516,7.719601582752238,0.6897890693783674
-1.0933550650321282,1.7678115108902979,-0.7391996613285737,0.7093207475189944,0.05442313948657336,-1.3417158895961792,-0.06677419510929639,-0.9795391237596605,-0.11422272772472312,-0.7345915451752176,0,0.7085005278508122,-1.331043304722471,0.19300781748179716
0.23327536502370938,1.1843934318850642,-0.2208520125675913,-0.3017409349862416,0.6082257257098591,-0.6047106144316903,-0.33396264335824766,1.1702238609886741,0.10948083362750237,0.37734158401707657,1,0.41871891287649027,-0.10584364720697059,0.38330134174267927
0.7039141988900843,2.1707770625511063,-0.6944987366472257,-0.49843333495084796,0.7812631196128074,-0.5179721711785489,-0.31860801880162,1.6389278359230408,-0.3781047084070624,-0.7923299616501545,0,0.7273107203621685,3.2995032633593597,0.32444217546558307
-1.8581983243761073,-0.45994509470938216,1.206867107144632,0.9164146978888633,-0.055086415501870864,0.06916401093023146,0.9858055411740069,-0.31494570053765114,2.1309331837303507,0.9511178671263737,1,0.3187955069928925,-2.3242793147843415,0.33200589700289823
0.30868971210026186,-0.8016115191909691,-0.3027026004179287,1.7248888827247957,-0.13434794962309457,1.1064021045718662,0.5002463344146472,0.6051955413911432,0.885404418161927,-0.47699462405692955,0,1.5118567791476816,-0.09756493741499805,0.6353297455494024
0.22075477269875146,1.4213320387789823,0.4543998198680537,0.5287548704375543,0.23334930813716098,-2.56016764431617,1.8683071964717932,1.4135550794749794,2.4586824115567487,-0.2713070955940509,0,1.4411169947708125,-1.1770208486544433,0.3542776618598719
1.3241961015368975,-0.8140504694954908,2.0063822731858454,-0.15451596726106454,-0.6292503885109193,2.294768344808075,-0.23884107101212493,1.3158847445405308,-0.3167462341908349,0.03252403233445257,1,3.3143636233681146,2.3803781134966666,0.7444301532247244
-1.3195606822719792,0.4201719893410507,1.0824040450903936,-0.4982035067675757,-0.06648588608214226,0.7347205507830084,0.8378941556800805,0.6488055973343679,2.9279499287235797,-0.014436407248095053,0,-0.1249171115308435,2.6890461649392323,0.29528211550137984
0.09608200011208909,0.8410404154160149,-0.3354969224311411,-0.3974299726449935,0.09465144357476935,0.6626000017243043,0.540307899201238,0.15320463298951165,1.4532172324376427,0.5975895565385781,0,0.1559906156161862,2.298066439023203,0.40794209370453655
-1.7637314520954135,-0.603624202576911,-0.37688360396503484,1.2240254055882611,0.8028659372644532,-1.0906148174781658,-0.32390422472973734,-0.840187424507965,1.6236668538139651,-1.3433372603639973,0,1.5672781192715735,-2.19728729624723,0.3589202547021269
0.7360078057775883,0.2877747648124388,0.9186009716455779,1.1437501585248508,0.5108466863884942,0.26682029425404563,0.5878922999679725,0.42767906008983647,1.4804833085449798,1.9291670637233682,1,7.11324834773992,4.052212411719059,0.5557957818522807
-0.3834366641683523,0.5545643046283911,0.6803676502690672,-0.2418509375378814,-0.8155607171441914,-0.3432196995388319,-0.7748018970893096,0.6120068056816227,1.3324817523823356,-1.5052719304338626,0,-0.08251157117969452,3.144874580811666,0.3848528428137643
-1.0140482701793951,-0.2763644305169679,0.7605183272000761,1.0296302783860416,-0.5475697216605172,0.40493357059048607,1.0096250989165167,-1.0654807885592883,-0.6318004190436867,1.3108889827305394,1,0.34416349913720135,-1.5452095480333494,0.4088208841753027
-0.5909682067026949,0.9743111645842505,-1.5859757705684046,-0.06201271197012071,-1.68681840458901,-1.3033185591782444,-2.1673658590295464,-0.4595498100372106,-0.21370179745134418,1.3808593834855272,0,-0.681890684959723,0.7553315400705376,0.31375125240786655
-0.7286094299682329,0.6382372921764975,-0.6747195519014161,0.9481092268723637,-1.237786280199972,-1.5383618946187114,-1.0711058955431076,0.10418773185150175,0.08867215767727755,-0.15507959857006004,0,-0.10704970399662217,2.7505071065645503,0.3354976726621976
-1.9579249380789527,-0.8564022289660786,-0.15613658136113545,-2.317435877035932,-0.49927516817957424,0.03603351651001587,-0.5875877361368935,-0.3566133144302032,-0.4739909429281089,1.1129076095403678,1,-3.685183281871348,-0.9487962204205855,0.3656877869589136
-0.07173041924063579,-0.40855379581582807,-1.5128823639561824,-0.5389072146359223,0.6518129625717454,0.012097100203013293,0.7869411851225379,0.8083993943895371,-0.8106514209736628,1.0192018402398386,0,0.2044433294046194,-1.4667587542707445,0.5420036915058508
-2.1581047418909565,-1.0097668784508105,-0.23491894335988722,-0.42314115004258346,0.7903771724137272,-0.6936029194422209,0.9552298278850692,1.3356979407245058,1.3232271456232696,0.9334559010904164,0,-0.3232973586615893,0.19224074705186212,0.360275423171205
0.10931934955727149,-1.265482660344612,-0.7213095731596959,1.7110609493086706,-0.12296406470758423,1.5738476199833356,1.41982901555184,-1.135363196425636,2.135091620523415,0.10444149269072783,1,4.3028082725255885,2.967145404079499,0.6653885181928377
-0.023683279429285758,-0.389850531238402,-2.5131430885534565,-0.4609375092831417,1.4195808541920953,0.09455192566077705,-0.20830902367710735,-0.6820874804988714,0.4372297315265471,-0.9603139908017463,0,-0.03356789842225122,-1.375209041695871,0.5456434816554404
-1.248516068633012,-0.7837293652508327,-0.4507270880646969,-0.2161437410349019,0.4719842156294851,1.2667903994190053,-0.6932516867153982,-0.24099069883441668,0.116247743790541,-0.5589728017151512,1,-1.6037444117017614,-1.2839522385260254,0.44216173242733275
-1.0109729478654619,0.49500932313320395,-1.4910968565424862,1.3370177877816918,-0.4348783567607744,1.6397360945143233,-0.032332342375343756,0.08146765154935243,1.312269127761633,1.7290907815814647,1,4.333976453851509,2.8635575161068516,0.3201698969777467
-0.8189466084151068,-0.44626011706023333,0.5307329774573112,0.6213711573776297,-0.021274687680707994,0.5030643418852798,-1.7307420689639366,1.0044524465077322,-0.5438432291476141,1.0800683056239373,0,1.353886897366139,-2.0235597381998667,0.4535485251855441
-0.5790118582456265,1.1825139997966352,0.26354635924446906,0.05337199518536206,0.4883014524977431,-1.7950368056255537,0.1392287941222527,0.20732707321710428,-0.25132644472064947,0.030880510236297343,0,0.04986759171612454,-0.7957443131563339,0.2930197062190196
0.5924092823817872,1.875688963477824,-0.16345378637858202,-0.6884530981582438,-0.7358276983831186,-0.3284354658378594,0.914302095231095,-0.024783538414329495,-1.1825286971823366,0.6230584272913077,1,0.35207925314707056,0.8566328395920721,0.3448759453261466
0.6788817974015364,-1.7586085530159785,-1.738820223325661,-0.772414237256267,1.4797075193581757,-0.9738157974851539,2.5512996504833207,0.16204537343542466,-1.2149228908759413,-1.2471344400886597,1,3.4263243879103333,3.6909896190646165,0.7718426481868539
-0.46354523510470697,0.6326058101656543,0.2657850488364483,0.19573206550691014,-0.2819282395261586,-1.0983560339713465,0.5867213747600926,-0.3294913800369351,0.700544516928583,-1.6892944825139962,0,0.5901448153627262,2.915231310159418,0.3663110175971625
-1.0495733721651272,1.1397693157921476,-0.10325166694615795,-0.8966197893275769,0.024275232931244273,0.7579620498825813,-1.3065533947607813,-1.0870280629264923,1.064114766410226,-0.7885463917541098,0,-1.3684247829185427,-0.7127215191972486,0.2507396549067443
2.6352674721409968,-1.3503896145606822,-0.4118050049438806,0.8229712907103647,0.5033505720752616,-0.2844298137977002,0.8395527963440352,-0.46450166037813073,-1.0415367884000952,-0.20809003416027955,1,16.95864565057149,16.175946273649835,0.880042062418434
-1.3606494574092114,0.02601507725217979,-0.9890027935018741,-0.22048820987818654,-1.3051500519165213,0.07814917158216331,-1.1454102200723115,-0.21441714813220206,0.603294665834528,-0.21198847619703529,0,-0.016431393958092233,0.46058869117193507,0.3332922042086935
-0.3744622828020079,0.2654157678871466,-0.2797624488578506,-0.42747517587478445,-1.3340731380778557,0.3109652208208229,-1.0749100434667676,1.3179396662343732,-0.925463326870763,0.9672781104157757,1,1.7131604119971573,2.5389327824181063,0.4206906079138973
-0.6403169812573188,-0.06852573630114668,-0.17643953639295012,-1.9066945615495696,-1.7506373672436986,0.29121907023127397,1.3194140816308018,-0.6630778185488941,0.448728471272131,0.2816956261345167,1,-2.990766333676855,-0.006927001859695858,0.4290089822412128
0.0914202213717984,1.4445679835106153,-0.2428570089028167,-0.7348333215859361,1.840476971316756,-0.04183340538131265,-0.7511856558326975,0.19998072959986174,-0.3211650783479192,0.12220133172888414,0,0.06970753326014442,-1.3664583259151235,0.33702640530805833
0.15741169586073087,1.2316389372492778,-0.6010175479287209,0.007139674486640621,0.2421115991954385,0.4296391126006295,1.2591930045684094,0.7165119516112018,0.6482776376250934,0.6294499238874249,0,-0.7887297474436035,-0.49243587731325,0.3688592827434572
0.17251349866312848,-0.5662311281879792,-0.36431563008646695,0.7899267449698516,-1.4151474415042309,0.01909117292612856,0.062314609023028426,-2.217192011120047,-1.2409499278057692,0.056124574381022585,0,0.3999462345089842,-1.2577900575477852,0.5913072985245426
-1.04168691655184,-0.050531090399339486,0.19642063755330613,-1.2538818897349888,-1.795649855440037,-0.7906703352402463,-0.1585131048045661,-0.8442003801384519,1.5304746591292733,-0.48238453455389324,0,-2.037666280370067,-0.04234650047039218,0.3785804370078481
-0.13941454983752147,0.3632720997351663,0.43977124133902207,-1.1523014049156064,-0.42902200605471524,-1.4330864079602745,-0.32506631463093016,-1.148465798256838,-0.3185277724838242,0.570483252572754,0,-0.7613152331069947,3.142757379990589,0.4374928887634586
1.792714669682111,-0.42153232619146563,0.3571989633391399,2.1856906253794492,0.5907548110084412,-2.4889735731398472,0.006840185991935635,0.08477914375467967,-0.25688389029813413,-0.2398534714033933,1,6.078319148716999,3.5813111585991924,0.7515924536980173
1.4066847525859034,0.38812629561989526,0.10769782921424383,-0.13312497088341518,0.8304366313378796,0.48974870226685113,-1.5997549011160672,-0.4935131147266748,0.5401614845306234,1.1802580480600726,1,6.011471172881815,6.42957510150991,0.6246374936055173
-2.0706829161901594,0.7365943202842193,0.051559166111853856,0.4848675831313584,0.9191200285441081,-0.8691889634625759,0.5102628325683067,0.7075847320673105,-1.652899850733173,0.006176113066993976,0,0.6647984498203592,1.9667269128465659,0.19723935248058239
-0.5702814938147445,-1.0007495036337568,1.9707133752192494,0.06919099659467406,0.46553129839069507,-0.5711102364919471,0.7544261936942969,-0.08924531552741682,-0.055845375429052574,-0.8514958402716326,1,3.5348635515613953,0.5712528515247464,0.5536017327733792
0.4061838895616636,1.1943064917453199,-0.041224174066805175,0.531167280499095,-0.7433605511652215,0.7581298337035417,-1.2369314286444766,-1.5750373869621133,0.3152789533216892,-0.974563744784104,1,1.023483316523381,0.06802513671007615,0.40274000864284737
0.21628579925365055,0.7123610976306395,-0.0456720421814231,0.0891236714254027,-0.7501841844706786,-0.8611762294068165,1.3692449227273165,0.2215051459352001,0.7495242995762301,0.6249895666188433,1,2.2608793366502278,3.2054246683630403,0.4383065593153792
0.9170396343882881,0.3630604245208293,0.13369036961599373,-1.7669865520479167,-0.6204158202474417,-1.0470738599055414,0.4562900211234032,0.29041756021149495,1.1559610633440747,0.8286457043960189,1,2.630920778844579,4.774070129894785,0.5688080314903632
-0.7386494653447944,0.5531337223752115,-1.0380043184260537,1.7955020179859964,0.5024903590361098,0.15552017306231797,0.4925634321841687,0.04500497592893648,-0.3615176968577932,-0.7202277586834503,1,4.034714275180609,2.9430097678578178,0.34391595355436083
0.1311146145463212,0.26277499266811005,-0.5306310644619129,1.6230825832782116,-0.822996057627022,1.3389882272834617,-2.87689121711811,-0.6458167381811484,0.8992641747088845,2.249966663143691,1,3.951802417015425,2.977370099294142,0.483548393548088
0.4649337774648509,0.83384287049772,0.2523147778767232,-0.020229375990504055,0.20240588344947857,0.5862944324525527,0.18150930465166148,0.9010135104121575,1.1669266183264353,-0.7487792516512297,0,-0.3129300306401174,2.83844142193288,0.454016665587123
-0.7568917945283274,-0.6593990302700069,0.916118934842431,-0.5481642477435008,0.1172111750441714,0.18572596858675952,-0.7343775061230022,0.6463735447739888,-1.8863590733979236,0.42979649531447106,0,0.5941118733148683,-1.7239143823180396,0.4878158170533785
-0.6918278517388812,-0.9377819265832193,-0.7733513106076615,0.3760942332103487,-0.8855415436198347,0.2326324557854186,0.8982495283039122,4.064629897147788,-1.2464367549497097,0.9524181902086031,1,0.6129636328270902,0.015106185822717222,0.5307055715094787
-0.8634368280265471,-0.580302865807767,-2.369602121448697,-0.8846868869971045,1.353589809855253,-0.6526171716658765,-0.026931085562895234,0.7446272284226899,-0.31254931406642367,-0.5647019513929857,1,-1.7132062269741635,-1.9991550042612043,0.464667244286942
-0.0914821054808038,-0.5677745142540968,0.029881493372476475,0.7448993137905016,0.5573333368414249,-0.12951700211024234,2.490385353947685,0.4651245766292621,-1.5969212613977661,0.12676907066160914,0,1.6491593516365757,-1.5309675060469883,0.5592567600344016
1.0478477607539434,0.3705965008097486,-1.1197716513219445,1.030320897896442,0.719295144794665,-0.07138564928742977,-0.3088655185214368,0.11950171374909004,0.8015603066436252,-0.971475432202594,1,6.806382120316476,5.1477505181196985,0.5838566334424312
-0.9909357983496145,-0.18608955382549636,2.0573879454223714,-2.08517371400699,0.18228687440345345,-0.29419177689207,0.4384517249768054,-1.687617548241256,0.5067442764135373,-0.14218527088992383,0,0.25034864188916334,-1.0084721416539169,0.4007302981955808
-0.6839149821472521,-0.150408227075827,-0.40571203370668696,-0.29536989917043394,1.519259794233656,1.389508091565363,-0.6923248633431526,0.46687005419194827,-2.701091980181127e-06,0.7018152804280187,0,0.8910119517638961,-0.6331945940848492,0.4337043090694436
0.26095482786196333,0.13340398860741068,-1.3075162453959759,0.8105659798158708,0.9751236529559866,2.142990287497546,-0.2567098469368303,-0.9089472348117278,0.47839944782481125,0.8294433696875215,1,3.337838783094794,2.315517555092555,0.5159384530616359
0.20041603663437893,0.24870917745062243,0.9563774194213374,0.9592422671543954,-0.4337791818061041,-2.837187028041593,-0.23025335456875026,-1.0601632377746806,-0.5479859912474702,1.381676499264513,1,4.5529584027705186,2.982494732526387,0.49396365068969367
1.1574895071058562,-2.0581843885560165,0.2922427253106429,1.2801428505578285,1.2836773532153778,1.3181267139796122,-1.4031850202082325,-1.4433877867388072,-0.6346823150855181,0.18648238683608576,1,4.705245474794321,2.7274964723634056,0.8331108584611695
-0.6725421325906193,-0.16154652101026387,-0.6573599105947978,0.5924369605024007,0.794939939948683,-0.3920874281091511,0.03453072848381693,-0.13550576659597505,1.6985306043355672,-0.16832446202652615,0,1.2689364722890075,-0.7046044551938384,0.4364707675463404
-1.9790363700331446,-1.1916013120483742,-2.0553786852917697,-1.325009248241869,0.6541682625397262,1.1024872072353373,-0.11571982529724739,-0.21712148199956346,-0.1451839365836855,0.456938482918073,0,-0.4097754920357911,1.553794892554587,0.40282270251757646
-0.11222716136899957,1.6858943861424562,0.7743296730246089,-1.0355553298630926,-2.4157047271377987,0.3120599341371464,0.13734169091868847,0.3460201529076919,0.7380932078012254,0.5394605606816997,0,-2.2787638557237337,-1.1918123653437536,0.2892435468914337
-0.6344275819727313,-0.07842284295867667,-0.15904639712808122,-1.1157537088167853,0.6016285158255197,-0.5102631331546927,-2.0377784921000677,0.48477962276385894,-0.43861992569045705,-2.269278172260203,1,-1.6706484325916997,-0.07948041236610293,0.43094358967580015
0.27283252262897145,0.015252334568673292,-0.8920290660254866,-1.2291116888191407,0.025929435905418057,0.36396396245835183,-0.3802043355337728,0.8560637499726061,-0.33765610626062287,0.02541703681682374,1,0.6251052969451794,1.4334259352423733,0.5321530924761204
0.4872639155076545,0.46699122471361076,-0.4530085697909185,-0.8105059524781747,-0.07232783178414916,1.4187188977054266,-0.9418195998416516,1.680209242449327,0.8292801765334189,-0.4891461774460508,1,3.061379051576264,4.114426065795936,0.5025340646523148
-0.013730489574488674,-1.123319299800079,-2.5148777328085012,0.056144118569682634,0.13259791313599575,-1.246741531467025,-0.035061801962074805,0.27188525690025317,0.5400820343036131,-1.674520611352783,1,1.3006246473036183,1.9308632611419436,0.6352472126280762
-0.9734821143721312,0.46665548185490546,0.337184322308635,-0.00908475016891411,1.2402446690127598,0.5428248800649097,0.037921823382955674,-0.13337494954981288,-0.03720859049910794,-0.23165891004018543,0,0.5749041089865585,2.864060877707642,0.32737783329850917
-0.7798616972268924,-0.7701679654746877,0.2647393032858938,-0.9239629374734092,1.510068539939288,-0.9429656939536546,-0.6115208484548023,-0.8628181905327573,-1.638110984496615,-0.7135495472832791,0,0.45690125206620097,-1.19382047383121,0.4987882859031168
0.503170593019628,1.3779222357198315,-0.7600444177837588,-0.8053431525103195,-1.4669747655871397,-0.41813595679780885,-1.462330256566067,-0.6618685131541878,-0.8268712259158413,-1.3267785356913213,1,-1.6938201530581793,-0.664427424475871,0.39236643582615266
0.2658802506064241,1.3494102460807662,-0.08813013996928758,0.4610167808222592,0.9006101281976217,-0.22158207416941123,-0.8383570902318277,0.8268623602628478,0.09697852779542587,-0.6684509112061131,0,0.531985853934823,-0.9208308155550906,0.36777709441255857
0.6719679436875965,-0.6332991180889548,-1.0425319823740222,-0.25491485666934327,-0.4287420523327687,1.398211492039215,-0.21360705313862352,-1.2640814996392222,0.8348979241835525,-0.6071512942659788,0,0.03975745970817557,-0.3258859952768898,0.6576036772082698
0.07593279908834141,1.6829547708607073,1.3839195987650217,-1.7808972754597527,-0.13203231066927723,-1.6678746690302808,0.9933159901413308,-0.9686227466447191,0.9064810114963922,-0.3121448830399761,0,-0.39121205060777786,-1.0194042005248236,0.30927498632147465
-1.384766870731386,1.0869847050806827,-1.7566828052832768,-0.8681395991938881,-0.849304576151855,-0.03944034784386171,-0.6825190394825954,-0.9823195695379002,-0.20482325174529212,0.3004386898483804,0,-1.493584450212343,-0.4243229039842544,0.22515468030639724
-0.2649170371753392,-0.562291178880734,-1.8939221866184301,-2.9453754552928735,-0.5297530191350243,-0.44786031264918763,-0.4721678458042671,-0.8644458578023132,1.6508081632846692,-0.39713190326219644,1,-5.640330182788841,-1.6850130343585277,0.5371034364681555
1.4232613799955742,-1.391896853254169,1.6619844582179673,0.39799402305048287,1.6725526964676207,1.570357472325303,-0.36903448847560244,-1.24989950978699,-0.22110973218673796,0.27860386497100775,1,9.049367840800405,6.50784178312096,0.8033838259583633
-1.8390071555906937,-0.34734101708013904,1.1851166810717277,0.9779646154092203,0.04596738778576909,-0.5145155490685621,0.41512058096748045,-0.4200280831674113,-0.3451402522526661,0.3467048971410703,1,0.44096763548592316,-2.0589825603910397,0.32172993126491034
-1.661334373741314,-0.6444787706117161,1.8038383717605766,0.3705754491105783,1.5754092218545632,2.180514753169038,-0.5411301063664391,0.8022418008812487,0.9404635565427955,0.1299382566729919,1,0.5991108962404759,-2.0569814862581755,0.37556215780336577
-0.20909748401988487,-0.26731809840960913,1.4944472118135639,0.5999307274109733,-1.3016325538963704,-0.43678954897250993,0.6746026838217176,-0.39299020412568003,-0.3459790588287913,-1.8794716880527131,0,1.6154464815623628,-1.0499655242013741,0.5072770629179918
0.08804196098940699,-0.5744032046306669,-0.2251529784791422,-1.7950129844733278,1.7697819626185527,-1.1394998780040422,-1.6598135372136615,1.0166622339090488,1.1663456570564739,-0.845133451427691,0,-1.181472041219107,-1.3399807936115393,0.5820568203037623
-0.8423372491218245,-0.4313760321525629,0.2754426016603186,-0.9235662374072726,-0.8988418159323898,-1.6571023796201239,-0.5031513223728815,-0.5900066903816268,0.422912944726787,0.28768182360308703,0,-1.0971419188888774,-2.0114239600761623,0.44880983505099475
-1.1363165956748027,1.1373390389111044,-1.3351394129466878,-0.4447108879077453,2.497705515268686,-0.9206218169136793,-0.5482794970594016,-0.31259962862490426,-1.455002855755896,0.6950831055029294,1,0.22956095024287,-0.7245019318830481,0.24290325353106962
-0.5458336468266145,-0.6989365747481135,-1.3795509967856168,0.14283582445607232,0.1964459640753038,-0.14145429823990152,-0.4927404819416161,-1.194507520408352,-0.4004117753515335,0.0011544015867347556,1,-0.9930227002374534,-1.4480818426062803,0.5191285256038823
-1.4190690820411944,-0.9329330237486275,1.2726239003749231,1.0124395642657325,1.5061701733899295,0.9236962164663689,-0.10644146027421837,-0.9716407214923919,-3.0404968219026736,1.4366733336019908,0,2.3269863908404336,-0.2809149972682913,0.43953042226032174
-0.5466722566786899,0.6684357058444053,0.3748106517288746,-0.3250982291411277,0.15093770753206165,0.8423110957164426,-0.21859092297776822,-0.5358428527170792,-1.397759647267689,1.2320903284463505,0,0.35014806733098347,2.7369560579684418,0.3526173695665445
1.2771214216339413,1.1107197905342998,0.09257921755070458,-0.8867510264731511,-1.0527880420091547,0.4754329212991146,-0.29497761624559243,-0.9811225215138495,1.4541799976973044,0.3165243614691311,1,0.5709607049143051,2.7341397647766175,0.5207882132855557
0.6073331220762146,0.956426718089897,0.24123236738505774,0.0726452689700874,-1.1217052049534424,-0.21128295328098587,0.7344250262462512,-1.3685248874159706,-0.5600627465292067,0.33453195275443975,0,0.034570948215002784,2.176685681943895,0.45647375243459304
-1.7875634353654377,-1.3806728155607526,0.352824755400751,1.655419637098994,1.8193256457525975,0.9297275246054189,1.8547020264928622,-0.28964887516197935,-0.4359278640429152,1.0502046461023054,0,2.800182192688103,2.493748769251385,0.44931337862202747
0.33988814054843913,-1.9813676909876983,1.8806873624822662,0.9705912784687295,-0.20575933560383491,1.2584341680188331,-0.16485172832762632,-0.1735374700605031,-1.7940718785808867,1.37144937419699,1,4.507030947664159,1.5510447020900509,0.7614467916875811
0.6543054651240316,-1.054068712731228,0.9098024809773685,0.3405022264728999,-0.8660911290834488,0.5921570954523415,-0.784737748688023,0.6669663944423974,-0.06205070207423254,1.2795144086126744,0,0.43318096544557017,2.34642142628551,0.7014447416482844
-0.11578577423618959,-0.9013201131784062,-2.02310940619724,-0.9492564421739942,-1.3716241546045083,-1.3160416220083977,-2.6091953392047604,-0.2580544144193034,0.1641998650514453,-1.487891538879536,1,-1.9531875423492757,0.12799082755998292,0.596948661154879
0.1629186135821631,-1.3704823839708489,1.8380292427819054,-0.5273369361191677,-0.28865109691002677,0.5824562249738302,-0.3888423617000512,-1.1211405610314487,-0.6332457519751844,0.35198645342365326,0,1.3049953231642764,3.472829476114521,0.6828067135547792
-1.237975268572351,-0.17000602410446727,-0.19958477800522817,0.3458576582748363,-1.9506032653748975,-0.8390521404623282,0.2513170330482405,-1.0665039392101763,1.2175161508390295,-0.8877026744174163,1,-2.3783679422098047,-0.9826735267817057,0.36958801862859897
-0.09376858267472445,0.4483514562485252,-0.7102653384738176,-0.20985331240088492,-0.7794400802391875,-0.002662177306802093,0.732679301995381,0.14408026409006525,0.8360541347307714,0.7650385675976636,0,-0.28562223770697376,3.3776557310477053,0.43264688033289495
-0.06266873473001557,-3.002209191875388,-1.8227309803941298,0.797658593880283,0.1439933304453027,1.231598121909157,0.2912736378691102,1.6014513728745887,-0.6648424680966555,0.16129386863370768,1,2.6924383135899856,0.956605377695947,0.8130224593948974
-1.3149710367173262,1.3733720464246935,1.5190245917905778,-1.945029671025525,-0.5897382539673157,-0.17535030101442847,-0.3214531822593498,-1.2251349562223444,0.1794536162670145,-1.131498651045924,0,-0.21973473832339585,-2.0362935875302486,0.20682488706901156
-1.3708465557278544,-0.06148160878318771,0.8884425572004822,1.0622458719093197,0.42642170934188506,-1.0960760050352725,-1.0261719294225884,0.9716465089028525,0.9237018116629394,-1.4957482391031287,0,1.8282589465087633,-0.22598664897135573,0.34193512975495033
0.8646142938710315,0.5531231019943567,-0.009631187054494091,0.3014224874401352,0.42313616064694193,1.4020039998125495,-0.46103143097680743,-1.7535926644783535,-0.6749494862652796,-0.6986954363625261,0,0.19278920205610978,4.839355123974377,0.5388578837489513
-0.27132282844496075,0.44842131132036345,1.1254315925880949,0.2656523873921082,-0.7206465343079714,-0.12415580307916292,0.5775335604382207,0.03785961563475889,0.5687600534989943,-0.5173924587302312,1,3.887023744833252,3.2296212032265594,0.4109905345679741
0.7604373086024059,-0.8245511995678521,-0.7666814394128865,-1.4206999168441221,-0.9020190187610629,-0.5324498756513838,-1.0492045756641768,0.4874992719276608,-1.1822066853900777,0.8633511438487178,1,-1.746921735914794,0.8299609531215457,0.6883666442301543
1.509464813537894,-2.0219132493100918,0.5240008485653274,-0.28125955140569187,-0.4060707253059222,0.609044078446429,-0.7027565499401143,-1.1284668669815863,-1.5325675927728288,0.03013827439986061,1,4.777365387346725,4.352338451195079,0.8539207404195543
-1.5733188857285214,0.6949978417218999,-0.6854510514407878,1.1301480152696892,-1.0669859904040147,-1.417584665551808,-1.033543337805733,0.015549512259947643,-0.13012800987496492,0.16936235534075447,0,-0.32542495915461767,2.252739889186546,0.24339450627245754
0.048507157077492376,-0.5268064932086293,-1.039326051315198,-0.15185023472135936,0.023250167337099763,-1.426253925898763,-0.15679343238193003,0.22033715994096809,-1.8632214353665115,0.4193128930210116,1,-1.1270497022341157,-1.441437128570944,0.571422388403041
-0.23243030104881554,0.026512635313397544,-1.1366190481087162,-0.8947141467339882,-0.8328940717160167,-0.8116023357516231,0.1926065183592338,0.4876075609407425,1.75795829672579,-1.2982239752508713,1,-0.4637766190689824,1.0005940584201554,0.4676772721282726
0.9018065506932544,1.3290340810196297,0.1349186218136936,1.1168789496416305,1.0094871061057495,0.6080124406893028,-2.151278178669294,-0.7409063858774815,-0.38962238630909946,0.615272721793093,1,1.984765314866865,0.3160671048979351,0.44679870666787475
1.6186321812211122,0.645876239263231,-1.1679921044079142,0.0012058973774865046,0.053099012685741624,-0.5352651014577116,0.8193454586332465,-0.8471408104013974,0.4513275589328931,0.5729415639300981,0,-0.19653148791742922,7.288216119532634,0.6192528044473662
-0.6402740202810624,-0.08074959891903363,-0.21264151000745635,1.065126839101984,-0.31050788954005826,-2.5200356366684997,-2.2052567134390197,2.567316289944264,0.594761860101457,-0.9562306655806808,0,0.46903611308582127,-0.10027740832037702,0.4305120742441472
1.5819340414545087,0.34291732307481715,-0.5183717475195487,-0.9254062991730395,-1.403331372542594,1.1483079786271544,0.4593443402461258,0.9676000557014437,0.24055070005857462,-0.4945097694312517,0,-1.3874740918460207,7.066067349281127,0.6501067242908489
-0.2617232080038447,0.047925297074040245,0.6022027513805963,0.3922090843783793,1.0255512605696118,-1.3364472754572834,-1.7735061577637419,-0.8292349089630491,-0.872928789036713,-0.15660546806085965,0,1.29908456194725,1.1447079529325634,0.46137106911278186
-0.9232396240029038,-0.7562085419720533,0.5089408471085343,-0.06636310758321315,0.1860755704773642,0.6646957114799152,0.6370589397545062,1.0105724519005346,0.0926418075092875,-0.12413331602107647,1,-0.9095263427508258,-1.335723030993655,0.47913324187112816
-0.027294043163847974,0.10919787844532708,0.367546712416523,-0.8926544928755142,0.26191445204452213,-1.9830998552644992,-0.1261763059089796,0.872902287515008,0.9772549149218794,-1.6764644241436149,0,-0.003789295845883389,1.8139897857047553,0.48294512872285916
-1.0203011087507265,-1.0404885867537697,1.9862547388726388,0.9827683770553849,1.3822541933851835,1.723605403408786,-0.6184341429524902,0.2962783794076989,-0.9678743802016597,-1.7730811437819158,1,3.8958054289374924,0.6776261842581085,0.5025234133258876
-0.16489529718399443,1.6155652624668435,-1.4542573087842678,-0.08413467138007108,0.8851787879364874,-0.8262799538649331,-0.3260302726474254,-1.7350398481784042,-1.4260914250598369,0.6656017475689753,0,0.08326805632505968,-1.489054631699048,0.29106230804774563
-0.2794899651303408,-1.306367219204846,0.5212988684883534,0.3869131026681814,-1.1287083188384404,-0.6533490716350278,1.952179852978481,-0.02164804643167252,2.536188150298873,-0.3509635771847626,1,3.4698295202483314,2.807699194997372,0.6256122223259909
-0.5777416181672225,-2.108207403369449,0.5025020964181657,-0.223022620520993,-2.4572296828766937,-1.140746622936479,-0.34839848343499313,-1.4734946574355443,0.5614599920058704,-0.450838242767591,1,-1.1632689736921629,-0.272420501942356,0.6824887716633304
-1.4609869038826322,-0.4689616724039858,0.17246084040989224,1.6712249012321891,1.3617541365405683,1.5086196622333239,1.555262205426207,0.7625059984603306,-0.22592707136747714,0.3162969241561307,0,2.0906653322214535,-2.2561170243304094,0.3784781754366184
-0.7278901660369651,0.17265773542955387,-0.19012545391829389,0.8780328152322483,0.3734122519829877,0.8429588425586795,-0.1907265589197249,-0.6966209152788552,0.36563729093369557,0.4538608742353374,0,0.9802441911808699,1.7734527442302825,0.3892956337839181
-1.439576079947979,0.909955679578853,0.06825951282714963,-0.3950310876474186,-1.1094031274423524,0.39099830457377105,0.26757982030601435,0.2036827060196525,0.17520106654532275,-0.21038175681032062,1,0.21991506410309639,0.9348402470702071,0.23599460974222244
0.27255153391752207,0.2565556829311811,1.9642201712211416,-0.5098238511959496,2.0674658129265127,-3.3783345753797223,-0.7929260844945744,-0.10793341774753336,2.1874834019500717,0.16154770888440242,1,5.049527799276895,3.117108281376196,0.5019994707149901
0.20550325381691867,0.1770524440698768,-1.8959001663341137,0.8216334633503795,0.34595838041360616,0.0024890947801330084,1.852250623757097,0.7849469266734082,-0.018598380549999564,0.1681414041739257,1,3.0054335386976727,2.5481065779199836,0.5035562912470224
-0.4451009259741455,-0.23189351245303683,-0.8267771190604967,0.06999219262119129,-0.6382584028512214,0.1960740617510379,0.016669794738525468,0.11978232501795719,-1.1963993218973066,2.864734244265534,0,-1.0285516041173939,-1.0236461031422674,0.4733742838656399
0.9085966299529467,0.7206650015207935,0.40940289774718325,0.4787264442609864,0.8370636921868695,-0.9472542915385781,-0.2586110309658385,-1.402839816945131,1.0445408624920896,0.3692811177621278,0,1.618840069673427,4.403788252452493,0.5234741838411808
