age,income,health,family_size,region,treatment,satisfaction,CATE_true
73,56.279982965804166,32.02201014937484,2,1,0,85.91086249727955,26.786000851709794
62,99.4188606470973,54.30669644434697,3,0,0,87.07017890599303,22.42905696764513
88,213.42289287601477,66.06588735886227,2,0,1,119.88661078167081,21.928855356199264
62,104.1881484392763,64.25460057651384,4,0,1,104.23032905111388,22.19059257803618
66,73.84701587304335,78.16379960767605,4,1,1,113.44871176029623,24.507649206347836
77,101.40966237997995,23.823452032986978,2,0,0,72.62256615245363,25.329516881001002
79,78.00830974487728,72.55936104723816,2,1,1,110.24189617820771,26.899584512756135
70,89.46530897173005,37.84689897778452,2,0,0,75.84774761567883,24.526734551413497
87,93.57091952514104,68.65436120422315,6,0,1,115.56911865200756,27.721454023742954
85,43.23317309968028,20.79980859591504,3,1,0,81.15402883927001,29.838341345015987
82,83.19775462840336,59.80085697178655,1,1,1,106.89955507414125,27.240112268579836
61,133.58901807057225,56.149266289045876,4,0,0,93.983691407864,20.52054909647139
60,31.452675683403598,35.00672415945342,1,1,0,73.60604165983041,25.42736621582982
77,72.51541653111543,59.162342530005915,2,1,1,113.66652744447383,26.774229173444226
75,91.58409611131607,20.79668634021145,3,1,0,79.08235314206914,25.420795194434195
69,64.807449066804,85.09411261127534,3,0,1,109.63990339741802,25.5596275466598
60,41.75168121424821,62.23694020802123,3,0,1,108.14603466178112,24.91241593928759
74,50.43090437347345,82.30605078459607,4,1,1,106.61695065724678,27.278454781326328
60,29.9155566357087,24.30135061343106,4,0,0,82.21173291825917,25.504222168214564
75,74.89748793544332,62.41123140033512,2,2,1,118.00940757845031,26.25512560322783
85,89.6360683192932,21.20760970197801,1,0,0,85.67021519208816,27.51819658403534
79,43.273580004356624,82.514700281934,3,0,1,116.25555934206939,28.63632099978217
74,77.53762102026228,64.82944701608905,2,0,1,111.81767181857951,25.923118948986886
89,30.08653091414095,17.69174297204879,3,0,1,113.89572946820216,31.29567345429295
64,27.81091785226505,86.5913502950269,2,1,1,112.58020284337117,26.409454107386747
60,97.00199132059446,75.8295526876289,1,2,1,109.55933837734024,22.149900433970277
76,59.5921771540339,42.208685125261255,1,0,0,79.17159903744874,27.220391142298308
64,76.28049358506127,84.57774171317394,4,1,0,86.602785407928,23.985975320746938
77,41.4589004794118,73.5243604449218,4,0,1,115.92626352569238,28.32705497602941
83,121.21907328727242,96.74988732010354,5,2,1,124.9989830034161,25.539046335636378
63,35.58846402474592,76.37633101925691,2,1,0,91.00031174526633,25.820576798762705
62,71.24685197411328,9.861401001398969,4,1,0,69.52657834553065,23.837657401294333
80,125.37625028276469,29.17763111925517,4,2,0,84.2024010298094,24.731187485861767
67,249.99633699632432,14.130323861889039,2,0,0,76.59513079540682,15.900183150183782
62,107.56553984049606,58.97299194293802,2,0,1,112.28671373377972,22.021723007975197
80,88.00456425026714,38.362874469487345,5,2,1,108.67974385478078,26.59977178748664
75,137.73853039036297,26.372673920602672,2,1,0,83.71841841215941,23.11307348048185
84,32.89992188897312,47.92315394812305,4,0,1,115.31321085504294,30.155003905551347
89,96.89201659261755,84.69574004293918,2,0,1,122.34840764868574,27.95539917036912
76,141.01203108036415,61.08342969362079,4,0,1,115.20184012201314,23.149398445981795
67,68.9168938771464,7.5240719932421705,5,2,0,70.8202095731869,24.954155306142678
69,98.07349266004466,14.34388428609981,4,1,0,78.97050272531958,23.896325366997768
63,67.24561461444772,39.71547387830946,3,1,0,82.91093015422587,24.237719269277616
88,185.19765460072125,13.74860986105753,2,1,1,112.38108664688933,23.34011726996394
88,77.12308409008259,48.15374214616689,7,0,1,119.73123795434167,28.743845795495872
80,184.01942500027184,52.64712892381125,3,2,0,92.12027769011766,21.799028749986405
66,60.21894414735583,73.32097908283473,2,1,0,88.55104605763951,25.18905279263221
61,83.00430576733386,59.988819519434685,5,2,0,83.475209869971,23.049784711633308
81,80.98427967336977,40.81326922574564,3,2,0,80.32489074861181,27.15078601633151
82,73.79823583468969,4.503143369431468,2,0,1,120.69611169265971,27.710088208265518
87,76.28446580010775,16.660590549390278,2,1,1,111.62936005254666,28.58577670999462
62,172.26798556021083,66.12150098083298,3,2,0,93.1479591631213,18.78660072198946
61,56.37244460241556,14.652457303175503,2,2,1,97.3483934563393,24.381377769879226
72,41.201008477901865,92.93198155287315,2,0,0,100.31388295797714,27.339949576104907
68,120.17833072842927,71.63793710700136,1,2,1,114.5849279890307,22.59108346357854
63,55.901484904198405,63.50244576469575,2,0,0,95.50647918291183,24.80492575479008
70,167.7411635333417,59.24236660275762,3,2,0,96.1236437691678,20.612941823332914
65,251.58370699492247,85.87657808571211,1,1,0,100.2235433901656,15.420814650253876
60,144.5693212931805,34.19948591602952,5,2,0,79.20472339128865,19.771533935340976
71,56.118278723646256,53.06112105024575,3,1,1,105.59423525684694,26.39408606381769
62,75.13510474625647,85.77689983428716,5,0,0,80.52176534948893,23.643244762687175
86,113.65808560626529,31.711438510274732,3,1,0,77.97245506055549,26.517095719686736
70,44.785019036925924,30.123763887803918,3,0,0,84.3662886635569,26.760749048153706
82,144.33854999741143,47.7473500615654,7,1,1,110.10971652343638,24.18307250012943
73,129.5110328736377,42.3960956573148,4,1,0,85.55529259897168,23.124448356318116
78,113.70962709428277,47.93283973292127,5,0,1,110.05521402839366,24.914518645285863
64,10.347432012236075,36.259066594007116,3,0,1,118.49040463135607,27.282628399388198
75,61.84764847655468,35.73216592499134,2,1,0,86.2802460391073,26.907617576172264
71,125.8167413100579,75.64805105167154,3,2,1,111.41305622581426,22.909162934497107
87,111.63918010232638,40.798821951008804,2,2,0,85.4610772489882,26.818040994883688
89,191.04575200321455,28.734272897017043,5,0,0,94.63761119140099,23.24771239983927
72,34.648611822898715,50.52325510123394,4,0,1,118.30078210344455,27.667569408855062
80,24.26763647478141,14.369486686357941,4,0,1,112.29816747503469,29.78661817626093
66,120.94067164677944,78.77490619681102,1,0,0,86.77182292990688,22.15296641766103
73,41.67004368952038,58.217201800214916,3,1,1,107.72533926503067,27.516497815523984
79,183.70044227727988,49.45276737836325,1,0,1,121.78267167892618,21.614977886136007
86,100.72231903920242,84.99885753593689,5,0,1,129.331093447405,27.163884048039883
76,267.0853099547247,44.42517724490172,2,0,0,92.03991830177863,16.845734502263767
66,29.81736272739181,40.03757379501613,3,0,0,79.19586268626647,26.70913186363041
74,59.55526576974168,92.54774686940107,3,0,1,121.81560778731632,26.822236711512915
80,34.8292214359279,77.07980006166181,7,0,0,89.36231982467089,29.258538928203606
67,100.69311138035977,19.393104084297622,4,1,0,70.79605454765803,23.36534443098201
71,137.18388827888285,57.346927737832054,1,1,0,92.89548450749068,22.34080558605586
82,43.92890713993343,23.460116482420208,3,2,1,103.43837044931531,29.20355464300333
67,33.276968805827416,45.515776763543236,1,1,0,79.4397685613365,26.736151559708627
61,101.67470753525278,10.727713013064243,2,0,0,73.28373453891813,22.116264623237363
71,18.577009219444577,30.772970202964988,4,1,1,105.00016899691357,28.271149539027775
86,58.616524526912414,92.80085600745633,3,0,0,99.93219326489968,29.26917377365438
65,106.34869016175786,29.843159890569115,3,0,0,73.02368917851649,22.682565491912108
83,251.2106434712273,50.968752814246024,1,0,1,115.07727485513112,19.039467826438635
85,110.89425013030896,47.563993544417706,3,1,1,118.77973633262866,26.45528749348455
78,107.25310218348936,30.116127222453105,1,2,0,83.5330050131232,25.237344890825533
80,266.9365434622084,74.98722975680562,2,1,0,96.54567470305636,17.65317282688958
84,7.081922674641598,49.920306324804876,4,1,1,117.24992335521382,31.44590386626792
77,143.5546229251982,29.54748275187431,5,1,0,82.37702938053957,23.22226885374009
72,54.58013602671915,7.719932688855671,6,1,0,73.12869091775622,26.670993198664043
78,72.79812375083712,3.5163588944090782,3,1,1,107.96587000289064,26.960093812458144
77,46.127722822517974,12.945522158349416,6,2,1,101.82658095590673,28.0936138588741
61,38.349717743782655,38.53510441907242,3,0,0,82.52417089078622,25.28251411281087
79,31.763538387364772,33.08698903424705,2,1,0,74.47400942382514,29.211823080631763
72,203.1749029517946,16.760063568647617,1,1,1,99.5909697792386,19.24125485241027
81,141.61455057517466,56.046697623173294,5,0,0,94.98460400810332,24.119272471241267
69,162.4364575151178,27.82444568373351,1,1,0,79.18863694348376,20.678177124244108
76,133.14352449801186,78.08789768041137,2,1,1,121.22274605977216,23.54282377509941
84,28.889246142857534,54.152096849928796,4,2,1,112.93196721580657,30.355537692857123
87,94.00041275430954,68.80843382801223,3,1,0,91.84509175885547,27.69997936228453
77,178.12584894616802,30.718009892875024,4,0,0,80.27982909161544,21.493707552691596
82,52.33802844149753,33.44218960568238,2,1,1,104.08306684333007,28.783098577925124
63,61.40804101251606,68.53709845938037,2,0,1,112.62840748000717,24.5295979493742
63,47.88718154517071,40.823321299544325,3,0,0,75.26844551719556,25.205640922741466
71,73.79253620457897,54.92165755989389,3,0,1,107.75839451777956,25.510373189771055
81,85.87046786792715,44.4202743311721,5,0,0,87.81137201967579,26.90647660660364
85,122.24533354727218,60.8019706628553,5,0,0,83.39158365403097,25.88773332263639
67,73.64747420598961,82.76132554228799,2,1,0,92.72350451027296,24.71762628970052
69,111.46198448941136,34.056351496679724,2,1,0,76.2020270051557,23.226900775529433
62,107.96341541586871,81.0506943412403,3,2,0,94.8548995642316,22.001829229206564
63,51.85877216666571,63.22622429956374,5,1,1,105.47297912878248,25.007061391666717
71,41.35075678886111,82.26006029936389,3,0,0,83.6479274910372,27.132462160556948
63,100.37289499231036,81.35617437613611,2,2,0,84.50407141194412,22.581355250384483
79,156.1839259379079,29.618611146466232,7,2,0,87.91119268675811,22.990803703104604
84,36.173656446985305,23.843989967828726,1,1,1,100.40052475906465,29.991317177650735
66,119.66861964578655,55.96287645655048,3,0,1,98.11379828485896,22.216569017710675
69,17.342416337230144,65.30690435950952,3,1,1,121.19381748452255,27.932879183138493
83,37.93813621270522,43.8180280805671,3,0,1,114.03331064063173,29.70309318936474
74,153.88162101215562,28.142720172507403,3,1,0,83.98583359888218,22.10591894939222
66,135.50842741326446,63.459821667763016,2,0,1,111.52478155620037,21.42457862933678
79,51.073762727601824,27.94805030685238,2,0,0,81.8515175140658,28.24631186361991
85,145.98657226650892,31.925473059140913,2,0,0,92.44011249159193,24.700671386674554
66,48.56933120900197,11.987716936959975,1,2,1,101.88657806912477,25.771533439549906
72,49.030795423403994,82.500094886492,2,1,1,118.63718269421987,26.9484602288298
82,96.86322126576579,50.345365865293566,3,2,1,108.73031158541774,26.556838936711713
87,178.08694210190657,15.493433525978684,1,0,0,90.70126757302044,23.495652894904676
66,104.70335755462128,51.47397891124782,2,0,1,99.18464600062401,22.964832122268938
77,62.207075685333194,65.2117877737391,2,2,0,84.73195956845304,27.289646215733338
89,95.28803459519064,69.42826773058243,4,2,0,91.11979075476627,28.035598270240463
74,41.25011532907771,26.28140810625348,3,2,1,102.73050081351629,27.737494233546116
70,113.88564824396252,90.50444731588566,1,1,1,126.72406829107415,23.305717587801873
63,94.5248748871057,74.2636654786743,3,0,0,95.76031272447386,22.873756255644714
80,35.09804661551311,23.82420563558888,3,1,0,84.60749257488546,29.245097669224343
63,90.49223732051287,53.23738358755141,1,1,0,88.67439331652477,23.075388133974357
61,33.362829155972534,66.9343199696475,3,0,0,85.22912631344175,25.531858542201377
75,13.203072275096892,20.916677768689002,4,2,0,71.23796995384761,29.339846386245156
73,60.07014784464162,88.99014368535266,4,0,1,120.08394071505754,26.59649260776792
76,93.84590568518294,9.045149185917257,4,0,0,80.23197183940543,25.507704715740857
65,76.07137210433619,78.49370855611949,8,0,1,115.42030906370758,24.19643139478319
68,168.2010188522534,39.5382508988431,1,0,0,85.69536729026743,20.18994905738733
73,140.42809513335212,59.629981382471506,1,2,0,97.78092432471911,22.578595243332394
82,129.71142783448593,28.066002550318032,2,2,1,116.26872608433995,24.914428608275706
74,109.54870108132855,7.866052900025321,4,1,0,77.6200225297244,24.32256494593357
75,190.4646007477011,49.617989296422174,2,2,0,94.83849514924817,20.476769962614945
87,28.269890469199083,40.2168513982216,6,2,1,108.73150999187284,30.986505476540053
68,77.17658716991332,39.1302244423074,4,0,0,82.10028949549627,24.741170641504336
85,31.31153435027265,84.60293623058273,3,0,1,133.54830426567239,30.434423282486367
73,94.92186027265628,37.20297801482377,4,1,0,76.08417618965002,24.853906986367186
77,85.80584958276646,86.94912773454593,2,1,0,96.22689474790252,26.109707520861676
60,178.45657837613948,40.71850702400911,7,2,0,88.4039855926216,18.077171081193026
63,24.593419318052327,50.58321028264559,2,0,1,109.00068804626018,26.370329034097384
89,28.13780523510711,47.21749223194551,3,0,0,85.98293056579857,31.393109738244643
61,107.89270446636297,26.749910267301452,3,1,1,108.38114753714312,21.805364776681856
79,173.4915880912432,64.53461934591375,2,2,0,85.74290150006088,22.12542059543784
64,13.210365347707842,12.58546234298025,2,2,0,65.3565161955037,27.13948173261461
67,78.55187914463583,83.78180865133272,6,1,1,118.59903458244102,24.472406042768206
89,221.07962783400401,23.440107006221254,2,0,0,92.35075172685542,21.746018608299796
66,169.5552071507709,90.04771478245057,5,1,0,97.13762330634498,19.722239642461457
88,131.8147678715212,0.6669580237044196,3,0,1,117.99127296349964,26.00926160642394
61,39.27738506227035,46.844556398195365,3,1,1,97.96221515573515,25.236130746886484
80,103.11053148917193,75.15209500206038,2,0,0,93.77068972737834,25.844473425541402
72,118.33209136847391,24.694951180257842,3,0,0,85.0880286161909,23.4833954315763
63,147.09900325757354,90.3462949366874,3,1,1,123.77123445301024,20.245049837121325
72,168.34154864512433,73.87679600764555,1,0,0,91.3901809057559,20.98292256774378
79,85.34252900018579,40.521245052618376,3,0,0,88.69400101861908,26.53287354999071
67,54.00958567335141,16.324059591788583,3,1,0,81.35742409152245,25.69952071633243
66,61.81883437220781,56.27072682930033,3,0,1,102.2409909709674,25.10905828138961
84,166.04028635278246,35.02785474907051,6,0,0,95.20507176720497,23.497985682360877
66,63.03702497886847,22.975338510551243,6,0,0,75.1903948912642,25.04814875105658
73,36.201105043479735,19.584919052069573,2,1,1,102.29056333716319,27.789944747826013
88,349.9734466414197,46.11971334230012,4,2,0,104.32973083170343,15.101327667929016
72,15.116660103570087,36.295785990193565,2,2,0,77.40431210633815,28.644166994821493
80,53.71034905941795,53.38125312775329,4,1,0,88.41666111109312,28.3144825470291
64,104.64500275460813,25.535131170449127,4,1,0,80.95433402526939,22.567749862269594
83,85.76453707794577,66.0492096312161,2,0,1,125.2800697121268,27.311773146102713
76,84.69412559565491,16.66709908207609,3,2,0,85.23317479350622,25.965293720217257
60,230.32269057044954,32.82868329860463,2,0,0,81.65263350669126,15.483865471477522
85,30.649321880897773,12.52373325868624,5,0,0,78.1392210780511,30.46753390595511
68,51.261878676952634,61.67370363290786,4,0,0,82.38843039518203,26.03690606615237
84,91.57091130935893,35.19695897332253,1,2,1,109.0912084176959,27.221454434532053
80,303.10372346353296,67.65853521138455,4,1,0,111.80785055226896,15.844813826823351
86,117.53884393240321,88.38440085696405,7,0,0,95.54622934581825,26.323057803379843
86,61.265159486241295,61.00301679600151,1,1,1,111.08037452640681,29.136742025687937
73,53.63408862255369,34.1952836537316,5,0,0,80.05305786907115,26.918295568872317
73,30.67975281212007,22.562210212458055,4,0,1,103.52073442838811,28.066012359393998
68,175.87374399943332,48.12869628343691,3,1,0,87.14695788343033,19.806312800028337
74,88.62048541979716,52.436878576696365,1,0,1,105.00131987491058,25.368975729010142
66,40.47522269943132,20.346685282733663,2,1,1,108.27790815622296,26.176238865028438
61,230.00044637968475,25.036697500053172,3,0,0,87.3166521562637,15.699977681015765
66,91.7076914002004,62.72123168897657,3,0,1,107.30280659863428,23.614615429989982
68,55.90708273229534,79.63757161470375,1,0,1,116.44627978154112,25.804645863385232
83,48.42683784042696,56.14683095473857,1,0,0,82.75528551279527,29.178658107978652
70,40.05708440877481,51.635929048591734,1,1,1,108.12653472887467,26.997145779561258
72,113.83761306867922,43.07865119882063,5,1,1,102.95039805711352,23.708119346566036
72,26.848451347144003,96.89640554558065,3,1,1,125.8930839104176,28.0575774326428
85,271.26829883197286,74.83489056138482,1,1,0,108.52882759696966,18.436585058401356
70,218.02510392468358,33.54084254171981,5,1,0,88.8752725217368,18.09874480376582
87,59.49698259217971,72.72964466575391,4,0,1,113.46511346307055,29.425150870391022
77,139.5874246406746,25.314342203031405,5,0,1,105.21453945361733,23.420628767966267
67,35.21690726787304,48.73930292661453,2,1,1,100.30597080663021,26.639154636606346
73,65.6549643930818,65.72098012589352,5,0,1,118.35996676510644,26.317251780345913
72,51.42033142869875,87.63947358728797,3,0,0,94.45660644565042,26.82898342856506
87,37.16815528055002,65.32848415391466,4,0,1,112.82572551975878,30.541592235972505
61,214.34067128829244,69.66013801926721,4,1,0,99.71151563687303,16.482966435585382
83,98.65369034122314,69.45871647674144,5,2,1,128.1038853329381,26.667315482938843
69,54.3496303564339,68.49820293493171,3,0,0,95.44047795828193,26.082518482178305
74,26.061397707080452,55.646300679492676,6,0,1,117.12993150428073,28.496930114645977
84,77.22093983009,29.999670059471317,3,0,1,112.27252646419616,27.9389530084955
83,23.364242035971586,30.818805280457635,6,1,1,114.73032049897968,30.43178789820142
61,28.650160860114205,24.310449747451703,3,1,0,82.00530636774869,25.76749195699429
63,121.35771523038477,44.091126141015074,2,2,0,81.29807361104211,21.532114238480762
77,157.81628636408104,17.94987815996843,3,1,1,98.04589243082104,22.509185681795948
84,8.79204633898069,53.39200058414524,2,0,1,103.70050182639613,31.360397683050966
74,34.69153626622454,81.92471906855106,1,1,1,115.05291115813928,28.065423186688776
83,136.9655810688828,73.66722859615308,1,1,0,92.34385135651053,24.75172094655586
65,50.700238010108265,91.5778608492904,4,0,0,86.20829554412305,25.464988099494587
61,109.56820334474769,84.30331762108291,4,1,1,117.01529917997544,21.721589832762618
78,145.05408939745692,71.93745092140853,4,0,0,106.18833200264596,23.347295530127155
65,214.96099102269946,11.036381507348967,6,0,0,78.30705191395808,17.251950448865024
62,60.705299531087,42.403955566266745,1,0,1,100.68835392902609,24.364735023445647
78,296.8069107295677,8.809739692573627,1,0,0,87.04629985225016,15.759654463521617
74,57.260591445492345,72.75205541431316,3,1,1,124.01965501111428,26.936970427725385
73,328.5497830386406,33.13981141422664,4,2,0,93.09075895312367,13.172510848067969
85,161.90818119324558,39.156653290020074,1,0,0,89.44139352457124,23.90459094033772
63,117.35632164652334,48.832514975135915,3,0,0,88.91602843223288,21.732183917673833
78,11.830548838036338,66.0538680850738,3,1,1,117.15372238895083,30.008472558098184
87,19.11637530625595,60.07853100259315,3,0,1,112.96825513240805,31.444181234687207
74,152.21552857842252,82.23780659632382,4,2,1,117.77609637524414,22.189223571078873
82,36.925395679758026,46.13645256210924,3,0,1,124.95377136049757,29.553730216012102
83,65.40935723684828,53.47738954310398,5,1,0,92.01061864370428,28.32953213815759
69,250.6283983515719,27.066041996790467,4,0,0,89.3314181941142,16.268580082421405
77,69.33982307594016,48.021242692270796,3,2,0,83.92983656797432,26.93300884620299
63,138.2192686910623,12.293740651395208,3,1,0,83.40730456649347,20.689036565446887
71,160.5227331980525,61.129710885219836,3,0,1,103.16428892929912,21.173863340097377
86,120.35723349867044,50.3632878385052,6,1,0,89.85592673623226,26.182138325066482
88,16.173321662116336,63.204375433231995,4,0,1,121.32230635788503,31.791333916894185
84,130.4420829752958,78.89053453233522,2,0,1,126.7944741634068,25.27789585123521
71,20.437407810205002,48.022941092170726,2,2,1,102.82607605162254,28.17812960948975
70,9.150548276934794,54.24326852354406,4,1,1,108.92762296763082,28.54247258615326
63,197.34880939830728,86.0299633238667,3,2,1,119.81407822461148,17.732559530084636
73,90.74089714439509,62.64558917588773,1,0,1,112.84020109092098,25.062955142780247
86,118.7038358888842,88.0942620669426,3,0,1,124.19919872208665,26.26480820555579
86,129.93370466971768,75.19509843258645,1,2,1,128.7704825558763,25.70331476651412
87,34.27801442444986,61.7855612810915,3,1,1,123.40575715027734,30.68609927877751
83,132.01546918351193,57.8284276024036,4,1,0,91.236611621239,24.999226540824406
85,247.1291142189394,45.35603005587426,2,0,0,97.10081397526079,19.64354428905303
87,47.53231754685681,9.864257230071487,2,0,1,110.16627053904418,30.023384122657166
85,10.78210696615924,69.63585607453176,3,1,1,124.10573552164624,31.460894651692037
74,117.44931842436235,89.55556872729619,1,0,0,96.12968972432921,23.927534078781882
87,116.64272826185464,48.54251977493874,1,0,1,119.04000396557058,26.567863586907272
63,64.81311561430613,66.34668950822397,3,1,1,112.5403856722493,24.359344219284694
63,226.5511264418907,14.147320538367996,4,0,0,90.1039625060867,16.272443677905464
74,126.07606625430752,53.20105314813522,5,0,0,97.23032213231383,23.496196687284623
81,179.52743699220574,52.513327121730924,3,0,1,118.99059550638745,22.223628150389715
87,3.9047381576721683,63.413233367218304,2,0,1,122.79986465526176,32.204763092116394
82,29.29208161523233,78.1270515050603,5,1,1,122.53559391570454,29.935395919238385
76,53.67815598474041,89.59908415262547,5,0,1,124.70883607458617,27.516092200762984
84,68.54340360300675,26.238626648786457,4,0,1,117.35800701088473,28.372829819849663
83,130.78366510586562,29.11782750079832,2,1,1,111.12794787954218,25.06081674470672
83,149.35214727945464,72.26296434788117,5,1,1,118.0503699047307,24.13239263602727
64,15.30396546929513,28.483121592914916,3,0,1,103.81929071484397,27.034801726535242
64,115.39691030847254,15.264798682072328,3,0,0,74.88637007197349,22.03015448457637
65,30.781178751763726,53.82787941971336,3,2,0,80.96869300212903,26.460941062411813
76,21.690649632495138,76.20540334552595,4,0,1,120.60489419251095,29.115467518375247
84,179.34854612796622,57.24628902842568,3,0,1,116.57451187109761,22.83257269360169
88,33.00711224077503,64.3556052671574,2,0,1,124.64719608259266,30.94964438796125
69,52.93701775470103,51.436519991195325,4,0,0,89.81690296616547,26.15314911226495
62,40.70666581390341,77.8840258267956,3,0,0,89.79714821357035,25.364666709304828
65,19.04767208271614,22.18918716639663,6,0,1,99.95399914887342,27.047616395864193
61,51.48919606096989,62.46010331340093,4,2,1,117.17121178260734,24.62554019695151
65,95.5917290771463,79.00221104953083,7,0,1,119.68405173734558,23.220413546142684
88,16.89697056712208,39.24328315015483,7,1,1,119.10758426600152,31.7551514716439
69,114.27859697543002,37.38094611655053,3,1,1,104.41597096424242,23.086070151228498
75,17.321160784447464,31.121415636561377,5,1,1,110.92066937924281,29.133941960777626
87,189.2065539312067,50.99369666019683,4,0,0,97.84337299185025,22.93967230343967
88,59.50002294686003,40.356556709654775,1,0,0,86.70356558620207,29.624998852657
62,82.34682463661417,20.384926620053108,5,0,1,105.89658338849745,23.28265876816929
70,170.4839733358785,26.21625512143386,4,0,0,84.26479814322035,20.475801333206075
64,127.87050053900792,48.76677804158599,3,1,1,117.04121214076393,21.406474973049605
63,121.07621472939624,34.78723627159982,3,0,0,67.27524219046862,21.546189263530188
76,129.30832234115178,63.250581546532956,2,2,1,116.96661474407172,23.734583882942413
63,17.4003880734212,19.383636117577034,2,1,0,73.76275562262951,26.729980596328943
83,80.73806686962436,31.25571537527464,1,0,0,89.52934541405027,27.563096656518784
87,161.63405062025035,23.437121285304144,4,0,0,94.19944662960245,24.31829746898749
83,180.19608022490928,52.296445972441106,1,0,0,96.86063989746098,22.590195988754537
62,33.645823361357664,39.13888613814899,2,0,0,79.06582939863735,25.717708831932114
65,23.117364180361516,65.67430319806475,4,0,1,115.83326843364122,26.844131790981923
77,60.464023880678916,71.5850541991894,3,0,0,90.67777919859093,27.376798805966054
83,8.492789706009921,28.006110972210855,6,0,1,101.3651733868198,31.175360514699506
81,111.13375833044259,72.57701168236117,2,0,0,94.57343724072469,25.64331208347787
85,41.79359466072342,31.655822614582252,1,2,1,115.20855758815611,29.91032026696383
77,61.3049255285952,95.51212432356095,1,1,1,122.9541428435756,27.334753723570238
86,54.16403361681523,34.03345521632201,4,1,1,114.93183972960314,29.49179831915924
62,112.64759858288372,24.055718358479382,6,1,0,75.83840585658062,21.767620070855813
73,72.28096598774034,87.86712316840118,2,2,1,118.68223594908454,25.985951700612983
70,107.84480477293224,38.46151923150068,2,1,0,79.71558990737245,23.60775976135339
68,30.832643337426408,66.70362565482695,1,0,0,80.3971167556571,27.05836783312868
81,108.61601036569888,81.6566880534508,1,0,1,122.19126895399204,25.769199481715056
60,33.785270623718866,60.37406701489204,2,1,1,102.85432509972097,25.310736468814056
85,116.00153195133413,88.54513018190512,4,1,1,126.28196627064648,26.199923402433292
63,23.682364884718037,58.25469898211233,1,1,0,78.30864635994207,26.4158817557641
63,51.95105717393591,75.87461941567564,2,1,1,118.66673672769694,25.002447141303207
79,78.36840899689555,44.713281438527716,7,0,0,98.14152224917092,26.881579550155223
61,89.38150158584295,30.896713800528847,5,1,0,87.91527631969075,22.730924920707857
67,142.99185759099225,25.29777939596476,1,2,0,81.60976648415644,21.250407120450387
66,39.79026448022041,51.53561121491611,4,0,1,110.99204319451431,26.210486775988983
63,43.7060907848478,77.58489397759173,2,1,0,88.78606430377963,25.41469546075761
61,34.39396613596384,76.14132797408992,4,1,1,107.44097108327483,25.48030169320181
67,46.164689409424945,72.10365315615661,1,0,1,116.7705701658732,26.09176552952875
78,151.49668728340004,14.275347210000843,1,0,0,79.07781136586533,23.02516563583
88,250.99146984819205,52.79444400490965,3,2,0,103.76403730369915,20.050426507590398
66,213.01703945518958,96.19560709269975,2,0,0,110.1702705381722,17.549148027240523
65,159.92633681846823,84.88126232131246,2,0,1,109.8178747169899,20.003683159076587
69,212.88352047259255,55.60072953179175,3,0,0,94.80489520498335,18.15582397637037
68,164.6919404833702,31.215664338181902,2,0,0,89.05297546505466,20.365402975831493
69,8.689450393285675,45.738428868425245,3,1,1,112.30514578089576,28.365527480335718
64,111.63495916973443,49.47533693807125,3,0,0,86.04696152472503,22.218252041513278
86,137.8746659660042,81.78596422083181,2,2,1,113.34030964723465,25.306266701699794
83,50.49165690362407,21.35186747619325,4,0,0,90.65651138468507,29.075417154818798
68,136.4937794947749,49.78172035486781,5,0,0,85.12139676373442,21.775311025261257
81,53.29172595613173,66.05421630663021,3,1,1,108.16087022781477,28.535413702193413
85,259.7614222329034,35.33212615051836,4,2,0,99.01968917053014,19.01192888835483
78,35.45177938125644,75.86930087198932,3,2,1,122.99378804828498,28.827411030937178
64,151.68381973260296,51.16161394356775,1,0,0,85.57175278783747,20.215809013369853
72,59.995371325141086,49.43963930390484,2,1,0,87.72941098645227,26.400231433742945
88,110.17948536914501,53.78743583779705,4,2,1,115.98547872421884,27.09102573154275
63,280.9979553918827,51.88523696249131,2,1,0,92.01728964278648,13.550102230405864
79,204.50895180592568,65.49797575659606,5,0,0,96.89892136310908,20.574552409703717
77,69.87266722468729,15.896671070243759,1,1,1,104.34396355720737,26.906366638765633
67,169.94655562467628,47.105644621558525,2,1,0,88.10487679285349,19.902672218766185
72,110.69212602748448,79.96070774592802,3,0,1,114.86703396170775,23.865393698625773
89,96.26017657597149,79.33521489368556,4,1,1,120.62439668319168,27.986991171201424
68,64.51588559980792,64.95066863560547,3,0,1,108.19495088073083,25.374205720009606
81,85.21260784493145,43.91338442846395,4,0,0,90.46306604917343,26.939369607753427
83,40.38777729982259,17.0858555189606,2,1,1,105.20920945188465,29.580611135008873
83,72.73680446781339,58.7858493397053,3,0,1,118.73576532748442,27.96315977660933
74,133.96192844990657,81.46471081068107,1,1,1,131.01551187365786,23.10190357750467
74,54.51533456255589,7.388780345555021,2,0,1,101.73416855134563,27.074233271872206
83,123.62346392252309,19.201169979094963,2,1,1,103.28830782067739,25.41882680387385
88,42.16824335001563,74.12719444415066,3,1,0,85.42539963191936,30.49158783249922
81,43.52813417142442,56.523690162338916,3,0,1,112.7946886607611,29.023593291428778
76,17.27997964171091,62.02145895173003,3,2,1,116.52802424371153,29.33600101791446
76,83.02454008696365,69.91897800485178,4,0,1,111.48547416662295,26.04877299565182
74,60.147073001317686,84.2346855950579,4,1,0,86.20829065516459,26.792646349934117
84,71.78891713305049,56.78290611178126,2,0,1,114.69553172181378,28.210554143347476
75,79.54357051973517,92.18823634004445,4,0,1,116.19663301490293,26.02282147401324
77,151.40692228352935,27.711691961523172,1,0,0,78.87452578319797,22.829653885823532
76,44.59977087482658,38.85182565476048,5,1,0,80.34865513467591,27.970011456258675
74,165.32202450962203,37.33868416626672,1,1,0,91.51478316419674,21.5338987745189
74,99.21466358243063,29.712947651227246,3,1,1,102.39738730251896,24.839266820878468
80,81.0948670930222,43.860565356836005,5,0,1,118.49653534889518,26.94525664534889
71,68.38780060266632,55.44222961271811,2,2,1,110.70026937743434,25.78060996986669
75,148.38620131084633,46.58407490905311,3,0,0,88.40426932602709,22.580689934457684
86,186.20463439801787,9.2938168386352,4,0,0,88.48659222323549,22.88976828009911
81,167.58564165393562,90.29923428093953,6,1,1,126.26248409370532,22.82071791730322
64,230.20008434631757,68.08848050256465,2,2,0,92.57923686286948,16.289995782684123
81,135.00570804633765,18.94859880084171,3,0,1,113.39802093526413,24.449714597683116
60,95.93647585625894,54.39085597564441,3,2,1,107.92770464250701,22.203176207187052
67,241.5468946561649,78.56828867534648,5,0,0,94.42008226505962,16.322655267191752
61,42.71454921340961,51.32406298851172,2,2,1,108.01690519376145,25.064272539329522
62,238.49301453630147,66.81542006727548,2,2,0,98.32502985375102,15.475349273184925
70,78.53176818731471,42.01709368787333,1,0,0,82.42190319977601,25.073411590634265
78,49.72820430752151,30.478230939516042,9,0,0,81.95782662147342,28.113589784623926
67,60.53517219259873,29.662774011376808,3,1,0,78.51622910375536,25.37324139037006
86,242.66517921605697,12.727239997489473,8,2,0,91.40409870078467,20.066741039197154
67,217.6906599200445,60.518249016656476,3,2,0,92.91764535056902,17.51546700399777
63,132.68915664834248,44.43085382866512,3,1,0,87.44743426654497,20.96554216758288
86,37.03558725682037,55.87305882034709,3,2,1,124.45301651946762,30.348220637158985
66,15.906622604274306,71.85458536266245,2,1,1,110.67313033132243,27.40466886978629
61,147.3406476291616,70.30948816374824,3,2,1,109.62552246283059,19.83296761854192
68,128.41080913122548,46.35932300743097,2,2,0,93.25480643924809,22.17945954343873
80,13.877255741135855,30.09288153279067,2,0,1,114.55690193360287,30.306137212943206
77,35.26275375012868,50.526139082037105,2,0,1,121.55540929379377,28.636862312493566
73,54.234279168539764,60.78091445981367,2,1,1,117.08066949835607,26.888286041573014
82,171.54297981325192,58.72229691615385,6,1,1,109.40142040824304,22.822851009337406
81,17.393299740583547,76.66135760329328,1,1,1,115.33014931142684,30.33033501297082
85,35.11644894829563,73.71195661159534,2,0,1,126.16015672728022,30.244177552585217
70,138.63018072382297,63.87053198051302,6,0,0,90.76375089263101,22.068490963808852
75,59.536049584499686,38.23166774501396,2,0,0,90.95768468362317,27.023197520775014
60,26.5795822264711,49.990984455755,2,0,0,79.8982022256016,25.671020888676445
63,26.11590987823825,25.300783826570832,4,2,0,82.97771313365438,26.29420450608809
77,27.22474492320872,6.886072122223617,4,0,1,112.9003019221791,29.038762753839563
79,170.6716650871061,51.47122603595737,2,0,0,92.16597721278185,22.266416745644698
67,34.264127600301975,77.4425913816753,3,1,1,114.02796355710203,26.6867936199849
67,140.97726518353,68.66051431995002,3,1,0,88.28210085509667,21.3511367408235
83,171.3498715179565,31.81671904270658,3,0,0,84.20394594075736,23.032506424102174
81,160.92593982924484,35.862049757068135,4,0,1,115.91601754207906,23.153703008537757
79,35.27953582237787,82.75299824678383,2,0,1,122.34256531490617,29.036023208881108
82,58.19395982704435,76.2438265886848,3,1,1,124.6714095549251,28.490302008647785
74,76.98952388194617,67.5303456520438,2,2,0,90.3153703239353,25.95052380590269
89,134.88619949382382,66.36509717968629,2,1,1,121.70005367556791,26.055690025308806
79,179.88149485956347,32.5969063229429,7,0,0,98.41661505259599,21.805925257021826
65,178.95239790608798,47.10507406717809,5,0,0,93.05114521437551,19.0523801046956
61,22.33379376033756,28.060951671132813,3,1,1,107.31061494826217,26.083310311983126
65,290.0013646034453,68.36117650179177,7,0,0,98.75872967561699,13.499931769827732
69,109.21498692989545,63.5871014715372,3,0,0,95.39076513754839,23.33925065350523
77,66.23431614270827,79.32602729449113,2,2,1,126.63286011101881,27.088284192864585
63,67.47671110474319,60.83334609778702,1,0,0,76.96106658817477,24.22616444476284
73,38.21753883591727,60.548015201679796,3,0,1,115.2182532742227,27.68912305820414
85,153.56168076458118,25.558719045908017,3,0,0,89.44654201404818,24.32191596177094
61,272.8832536009274,44.50320257332084,1,0,0,90.12148183809067,13.555837319953632
81,260.0179104924969,63.310790923277395,4,2,0,99.008584777534,18.19910447537515
89,58.50831549584443,7.330791279290058,1,0,0,82.05211137402587,29.874584225207776
66,129.06784671993913,70.21689680298243,3,2,1,117.09885495429113,21.746607664003047
86,20.52044236054974,44.59630635858759,2,0,1,114.73544558966482,31.173977881972515
89,213.0647880982579,92.03655898644601,1,1,1,124.7428365198797,22.146760595087102
77,425.0000276851506,25.362341367380115,6,1,0,103.15714709671416,9.149998615742469
81,55.1049539379164,31.307275037093746,3,0,1,111.21213787393317,28.44475230310418
76,103.03181772204124,71.74024862160448,4,1,1,113.96434736157023,25.04840911389794
83,103.97393892002376,68.94021315059553,2,0,0,95.13070078365759,26.401303053998813
76,93.60120220361836,18.2728268100871,4,2,0,79.81066903938888,25.519939889819085
72,127.42765483691088,17.906198710891598,5,1,0,88.6333651527377,23.028617258154455
86,30.000267663453307,51.85659111378123,5,0,0,84.06860426778807,30.69998661682734
79,52.68329552842995,70.71266713802193,3,2,1,109.20304772821677,28.165835223578505
76,99.83495790069662,45.582232726675876,1,2,1,111.7718849409109,25.208252104965172
88,44.874241793556685,49.539615439298615,4,0,1,119.73934435283083,30.356287910322166
66,40.223810207052594,58.62148320367804,2,1,1,107.65518992833675,26.188809489647372
62,27.99302492830978,38.70757213324548,2,2,0,89.77095462799646,26.00034875358451
67,130.52733222578365,61.73169610489314,4,0,1,106.48648901428166,21.873633388710815
70,172.05618483933952,22.889255656452328,3,2,0,77.42059546872551,20.397190758033023
65,53.05300856317717,15.36633830226268,3,1,0,75.7460858393539,25.347349571841143
74,102.82322574757954,7.291089719232151,2,1,1,101.06932093756387,24.658838712621023
77,90.37421948237375,57.458430282905546,3,0,0,92.99613024816611,25.881289025881312
60,111.07681793376459,78.8788811793225,4,0,1,117.41847495660159,21.44615910331177
60,168.5709508105184,60.47592302799869,3,1,1,101.6416681356108,18.57145245947408
62,77.24181939952666,40.14716553792762,2,0,1,96.43419991620623,23.537909030023666
66,49.006293887234776,79.90250425539801,4,0,1,105.22083842293853,25.749685305638263
65,61.769874810727146,91.2745407555245,3,1,1,120.13419966489423,24.911506259463643
75,137.13628560279466,57.900547478247944,2,0,0,96.08483705480968,23.143185719860266
89,199.7318800985364,21.824064422501568,3,2,0,83.46527395291842,22.813405995073175
74,91.11031222400783,62.262134704370894,3,1,0,85.49824255925904,25.24448438879961
89,109.35458989942532,53.18115817306531,2,0,1,107.58714611050753,27.33227050502873
88,162.43153060743666,45.38979546535959,3,0,0,89.43193177549128,24.47842346962817
69,117.85256199798297,24.78842175165201,1,2,1,108.28921292168697,22.907371900100852
77,54.36492740158716,68.35979683152931,3,0,0,97.50094617872065,27.681753629920642
65,33.02133316309965,34.11720447947653,3,0,1,103.83004182231545,26.34893334184502
79,43.87708803917295,44.00360593603468,2,0,1,117.90332696562798,28.60614559804135
86,158.57286486847073,76.8439258420736,2,0,0,110.96217572846827,24.271356756576466
66,89.06506210106673,34.96949692102274,3,0,0,84.77755773544855,23.746746894946668
64,125.48082661372715,20.82847942751205,4,0,0,78.1426144767445,21.525958669313642
86,157.76097445265844,19.40737364814872,1,0,0,85.76949096151306,24.31195127736708
67,83.07767210733589,91.68315891596822,4,0,1,116.65547977015022,24.246116394633205
73,131.921685098936,49.030514795220554,2,2,1,107.8644463191469,23.003915745053202
77,53.80490236120631,27.84001116096329,3,1,0,74.77278812892696,27.709754881939684
74,62.94717637680901,42.056449599764115,2,0,1,118.36768927914083,26.65264118115955
66,62.24934993055412,61.880156098177295,5,0,1,109.21142245542076,25.087532503472296
60,72.22934467369302,32.850677607805096,3,1,1,92.25925731250506,23.38853276631535
79,171.35511253555157,76.9086602798527,6,0,0,91.10042516416708,22.23224437322242
61,159.44960707270718,15.946958082754387,5,2,0,82.6033219333549,19.227519646364645
63,37.08858886092658,45.93443000463434,6,0,1,99.95058376999097,25.745570556953673
60,94.0415254261924,89.17715188383599,1,0,0,96.94638247623338,22.297923728690378
68,161.4552844693937,70.21095312527872,3,0,0,84.65044469353141,20.52723577653032
73,101.44578375968555,31.962152106466295,3,1,0,88.2453011757445,24.527710812015723
65,143.07458681266127,29.593941061335972,4,1,0,82.40283661240704,20.846270659366937
77,15.647390050767465,43.04636467400122,5,2,1,108.18538427772272,29.617630497461626
80,4.420353782311254,61.34942173537659,4,2,1,116.08531972125822,30.778982310884437
79,248.47119131628537,77.1276201087879,3,0,1,122.1310924038317,18.37644043418573
62,56.34850441359174,47.36346062205016,5,0,0,75.25842493260036,24.58257477932041
62,60.62838218839175,92.8170534676089,3,0,1,110.48512554373715,24.36858089058041
73,210.95957257791875,88.67078766413347,3,0,1,120.40682911142129,19.05202137110406
60,81.95952793690857,53.685980612920524,3,0,1,101.9100278414125,22.90202360315457
74,91.01450464229366,7.600576714630841,2,0,1,99.7877551392588,25.249274767885318
62,11.984111842284802,68.74522077920122,3,2,0,80.85735304570835,26.800794407885757
87,43.31764865953891,43.33479333168515,4,2,1,116.5442301506608,30.23411756702306
86,144.88036455281164,52.50823629411906,2,1,1,113.91654221565665,24.955981772359422
74,47.443142311447,46.42765488004403,1,0,1,109.56916627041201,27.42784288442765
74,107.3246264000791,68.92332383483699,2,0,1,110.16814302308245,24.433768679996046
60,24.875990293581115,68.20352358568094,3,0,1,116.87661317557118,25.756200485320946
78,31.389189936174123,31.667185466395736,2,0,1,109.16560536072419,29.030540503191297
83,19.287464129436298,63.994408143983286,5,2,0,85.83521134394952,30.635626793528186
85,84.18099544319846,21.762053311789924,2,2,0,88.02284581841349,27.790950227840078
60,81.28693381793755,28.157734934303974,5,0,0,75.2561566127112,22.935653309103124
63,58.222511543537735,57.74401648500395,2,1,0,89.98120643146066,24.688874422823115
69,155.92756257332354,85.04688791967074,3,2,1,111.76830334524705,21.003621871333824
87,60.69579509892752,32.765711765434105,3,1,1,104.30019712751664,29.36521024505363
83,291.28769520438453,26.33423583179424,3,2,0,90.3161624408271,17.035615239780775
75,73.93359024862399,26.93085800861068,3,1,1,117.23621037445594,26.3033204875688
76,40.16781833203113,44.364651221572565,3,1,1,115.63287360451953,28.191609083398447
70,53.15828587655638,64.59159250158339,2,1,1,116.90568595926638,26.34208570617218
87,71.89832130883022,40.29368620719409,4,1,1,113.6693485893947,28.805083934558496
74,69.89845698652785,62.5988883626614,5,0,0,88.49937504285228,26.305077150673608
75,33.07600241230379,51.92864680422403,3,1,1,115.93899344545098,28.346199879384812
81,202.55428162591457,36.34105893021647,2,0,0,83.53636342621631,21.07228591870427
87,42.4874292196655,43.11336809887474,3,0,1,114.41485026631247,30.27562853901673
80,82.56678606653385,9.146410577020568,3,0,1,109.4952729677635,26.871660696673306
66,12.830428392977792,21.694970487829817,4,1,0,77.79136488037814,27.558478580351114
60,41.44584057987613,29.96511162807557,6,0,1,107.47960899557589,24.927707971006193
67,7.402516606476088,74.6751123607974,5,1,1,110.02490254134129,28.029874169676194
73,40.892146322435316,67.00087674916834,4,0,0,86.98361185284588,27.555392683878235
89,52.86921821050665,71.60710511208237,3,1,1,141.18219958294202,30.156539089474663
84,52.000523197709306,93.25456074180055,3,1,0,95.47323196064933,29.199973840114534
84,74.3390933094275,62.88138900828697,2,0,0,97.79478473156556,28.083045334528627
87,44.26547477452338,12.62933494831582,8,0,0,83.29210725533964,30.186726261273837
61,30.291269470084654,25.297448837919756,1,0,0,69.05018142294256,25.68543652649577
76,90.45284016658053,39.936121103737406,2,0,1,116.64228495813381,25.677357991670977
86,34.53466296680196,58.19745522136374,4,2,0,80.95808150682468,30.473266851659904
61,88.55109449461351,79.58323684087961,1,0,1,105.6079180587054,22.772445275269327
67,8.231786851073904,38.75444176848323,3,0,1,114.23255250252244,27.988410657446302
65,126.0728403355219,41.68186837803295,4,1,0,88.34225811897512,21.696357983223905
79,23.694746634853825,68.9340370840316,2,1,1,117.09731227047442,29.61526266825731
76,255.1069057000203,48.939247446733134,2,2,1,117.1878066920045,17.44465471499899
64,45.97281951916036,39.47376118558037,3,0,1,109.93286843182419,25.50135902404198
84,43.64040413273542,88.57496672694724,2,2,0,90.57501155499675,29.61797979336323
80,133.1208795681032,32.99865884780821,1,1,1,100.28923899007924,24.343956021594842
85,20.773464033665377,14.191571767987949,4,0,1,113.85243477093904,30.96132679831673
79,82.60253855855161,29.499734382377348,3,0,0,83.73074721652449,26.66987307207242
65,118.04088684778218,27.11800679900655,2,0,1,100.01726242738528,22.09795565761089
77,36.8085519014466,29.19923890150323,5,2,0,75.59364211481339,28.559572404927668
74,30.320912104739566,25.537387626847423,2,0,1,104.9546254354412,28.283954394763022
84,72.17062227662898,58.59357758943501,3,0,1,118.76075824822928,28.19146888616855
60,73.62160441663403,17.83364141810628,5,0,1,97.99094785771291,23.318919779168297
85,35.25707411790727,33.774611520448836,4,0,0,75.37074649472541,30.237146294104637
88,196.4188886682982,75.86830266089338,2,0,0,104.08211867636321,22.779055566585093
61,175.78212526995097,84.38928398840936,1,1,0,94.32166402111896,18.41089373650245
81,54.15628086733004,40.20416395856127,1,2,1,108.37748777936724,28.4921859566335
88,124.03196692242713,38.67248051383332,1,0,0,85.65943902465423,26.398401653878643
87,144.795690818772,48.76147387990094,5,1,0,98.06342189151611,25.160215459061405
88,147.7338202823561,60.98077339208554,1,0,1,121.91099338305534,25.213308985882197
68,21.525500221682943,21.575981830887795,4,0,1,98.37591117080174,27.523724988915856
68,97.81565072684243,68.6776450338693,3,1,1,108.75972724437175,23.70921746365788
80,98.81216394056563,37.913510248748,1,2,0,81.17709507793545,26.059391802971717
82,114.03611392748357,59.67821884010419,3,1,0,94.25109849611617,25.698194303625822
84,108.72417401033405,15.482050707489266,2,1,0,82.8513297628501,26.363791299483296
74,4.469153118195409,52.45438135600369,3,1,1,116.65043413805574,29.57654234409023
71,208.53007736644807,70.65844964351548,4,1,0,95.0024587734161,18.773496131677597
67,52.4418711057959,19.89449984112193,4,0,0,66.79957669974421,25.777906444710204
85,20.826379125018562,85.35393172681165,5,0,1,129.4706830781384,30.95868104374907
75,96.68989009982687,57.177999908959656,3,1,0,90.28598212451934,25.165505495008656
89,45.43905109445737,42.17807246696575,3,0,1,120.23442349015073,30.528047445277128
72,126.9678913174709,72.23326244824241,3,1,0,92.77267681746997,23.051605434126454
62,83.17918191431025,66.75551631410507,4,2,0,90.77968553260027,23.241040904284485
60,29.63511495959007,43.28935194437202,2,2,1,101.68031965851013,25.518244252020498
60,74.26065534871618,67.90875717956244,4,1,0,83.97633436102424,23.28696723256419
69,59.01047606622056,67.5569732739075,4,0,1,119.12636683153688,25.849476196688972
69,148.87590154881863,74.27503910357795,3,0,1,106.37529713202463,21.35620492255907
72,57.857057025152095,64.04031718856416,1,0,1,116.67312248634775,26.507147148742394
70,24.80188837076421,75.35497673307464,3,0,1,119.32557588583137,27.75990558146179
65,98.10813718655574,61.979668341628205,1,1,1,114.43428955640185,23.094593140672213
63,161.27003093013758,86.44767832426207,4,0,0,94.55669408142103,19.536498453493124
65,108.38619780399246,37.42014801805219,3,2,0,89.16464019910178,22.580690109800376
65,139.41635195121705,39.29046057035966,4,0,1,104.94268716671147,21.029182402439147
78,55.20542224697515,11.571234916103581,2,1,0,77.42799991993837,27.839728887651244
62,90.35314246419411,21.96381417055469,2,0,1,101.56137056639747,22.882342876790293
86,141.50601177581615,72.53855923777651,5,2,0,94.8154126577097,25.124699411209196
67,156.45501641086042,60.76955069081552,2,1,0,85.15689014016688,20.577249179456977
79,138.9639622847692,80.05099029702616,3,0,1,122.98166132943176,23.85180188576154
77,68.45415409326047,51.17903327415754,2,2,1,112.85702485027231,26.977292295336973
79,57.44228373590822,42.54678000503366,3,2,1,117.99774256924177,27.92788581320459
89,569.898526531837,67.89480699077339,3,1,0,118.128016358317,4.305073673408145
69,55.71184472142134,63.47426601925738,4,0,0,92.74686679277985,26.014407763928933
79,24.64810346377607,83.83859909445577,5,0,1,115.71875932770203,29.567594826811195
82,110.32939796683348,55.02775891941181,3,2,0,86.40071670301941,25.883530101658327
74,207.74755322447584,51.65896897810494,4,1,1,115.91350478018423,19.41262233877621
62,34.60087129875445,52.01195575895934,2,1,1,101.72447943540934,25.669956435062275
79,178.37162958156642,70.1092494799948,3,0,0,90.15583919300016,21.881418520921677
77,221.2413158850918,21.374372655996396,4,2,0,86.37258242004553,19.337934205745405
85,366.44189089068874,42.16935831573759,3,0,0,102.90606914430111,13.677905455465563
89,93.42902886431361,38.61253194859861,1,0,1,108.41526076907076,28.128548556784317
68,64.87501959607988,75.0798789843282,4,2,0,92.60314180424132,25.356249020196007
76,77.81789786078075,67.71699369516597,1,2,1,111.87926553061193,26.309105106960963
78,260.62547971415734,21.50668632121467,4,1,0,88.51884973981633,17.56872601429213
63,68.81864231570944,6.014796823922831,1,0,0,75.82152049064804,24.15906788421453
67,188.99543307229615,44.62588368929115,2,0,0,85.94875685388897,18.950228346385188
86,199.3846451087371,43.70975585964004,2,1,0,87.75076700280009,22.230767744563146
69,73.61248640847575,1.443385080134246,1,2,0,71.33183565278696,25.119375679576212
87,72.44699792939024,50.108880799354196,1,0,1,115.5124508408691,28.777650103530494
70,65.64808646865636,36.38364201461981,4,1,0,88.1193725652246,25.717595676567182
78,74.90534582866579,64.67259628385274,3,1,0,97.16890203626812,26.85473270856671
67,51.70594274601819,50.860453644017724,2,2,1,102.31177055083091,25.81470286269909
69,20.678634794514945,78.08231351614462,7,0,1,110.54817281601618,27.766068260274253
75,33.85193513910498,77.12653829407785,3,0,0,93.80388359293258,28.30740324304475
67,159.3711037669957,49.9724223882871,3,2,0,89.45273542403305,20.431444811650213
77,116.68211575954092,28.811170135208357,1,1,0,87.96522054961791,24.565894212022954
86,151.50852772092946,38.91078835844833,2,0,0,96.65708487102864,24.62457361395353
80,124.44118785841336,73.10698776659854,3,1,0,88.71019931435285,24.77794060707933
73,57.848069310831406,20.62154240760557,2,0,1,106.31475784332376,26.707596534458432
72,128.1275234811594,36.24016811366178,1,0,0,84.49635167479389,22.99362382594203
86,93.63396434967862,53.372116960289716,2,0,1,112.99294261625678,27.518301782516073
74,97.32084148356407,41.959409255885376,3,0,1,119.6792762631234,24.933957925821797
87,38.49313004341378,68.2065720816515,5,1,1,123.38484572879928,30.475343497829318
89,33.38680835933576,45.354281185892056,3,2,1,122.06592718676218,31.13065958203321
67,124.94543588255998,13.638696540321229,2,2,1,94.72677826270237,22.152728205872
80,148.5532861773902,21.608039951139055,5,2,0,91.71419995757475,23.57233569113049
75,33.807046076696345,45.504232312473555,3,1,0,90.6665354688293,28.309647696165182
67,76.17891223158921,89.69284385787083,3,2,1,112.6490060484785,24.591054388420538
68,297.8629281600688,22.447129920525562,2,1,0,88.04454926204242,13.70685359199656
86,51.2341171918642,56.250941590574556,2,2,1,119.34653949637958,29.638294140406792
76,57.287658396567295,32.54077124948205,3,0,0,83.34488800290919,27.335617080171637
62,92.23304591725675,85.04290992237323,2,0,0,93.01514339381777,22.78834770413716
83,223.7866594532799,94.52571102910765,5,1,0,100.40928784463946,20.410667027336004
80,141.0622556966152,73.85224675309786,2,0,0,94.07012620561487,23.94688721516924
63,277.56650248592194,56.85093448845091,3,0,1,103.19567711772817,13.721674875703904
67,7.476382113232745,66.16266904413453,2,0,1,111.67045406056862,28.02618089433836
79,47.434063950207616,79.57349569213201,2,1,1,115.51630061512606,28.42829680248962
83,66.26117741526501,67.19356019510779,4,0,1,116.24881877530284,28.28694112923675
60,106.2705141166953,40.51427143574777,3,0,0,83.16111992544631,21.686474294165237
73,170.87164855213697,92.42347417005695,7,1,0,96.29586187744502,21.05641757239315
67,303.65019895175635,67.16332786354498,5,0,0,102.64990438967602,13.217490052412181
66,133.87093176820878,48.20765953948604,7,0,0,82.52648615287941,21.506453411589565
89,25.18093353001074,51.217159104314305,3,0,1,111.68754141414144,31.54095332349946
84,63.413385266906964,80.91202299375378,3,1,1,127.3168927617101,28.62933073665465
66,50.01500776485176,30.84691219772101,3,0,1,102.0346567439817,25.699249611757416
75,92.27165028999204,16.662065864049392,5,0,1,96.5409612440823,25.3864174855004
70,128.99912510460473,57.457462979086884,3,0,1,109.29479993931758,22.550043744769763
84,116.72815512362895,29.050470351669084,3,0,0,84.25116759421378,25.963592243818553
60,112.13584708957833,50.3699052943284,1,1,0,86.26658153424384,21.393207645521084
88,148.41390075322033,17.866349562751328,1,1,0,89.48181438938659,25.179304962338986
81,157.94311752522788,56.71771682053029,2,0,1,124.16379324331217,23.302844123738605
79,161.17688458369932,64.04915979597135,4,2,1,129.5221721516443,22.741155770815034
78,50.30942676969289,93.34760923533084,5,2,1,126.77309610537543,28.084528661515357
75,15.231191368949831,41.603891651428576,2,0,1,106.10190511196328,29.238440431552508
80,28.160263266926965,81.48031190213527,3,1,1,130.99666102688764,29.591986836653653
79,254.51121103567056,76.17573349887175,5,0,0,102.27351342811096,18.074439448216474
79,97.61090305060253,51.389411499127824,1,1,0,86.85838708530243,25.919454847469872
69,110.34082277698214,68.83438701553433,1,0,0,95.79161779928799,23.282958861150895
83,138.97291542550755,39.14040985067771,2,1,1,112.07382649787448,24.651354228724625
77,32.4447083385792,22.34641905081246,5,0,0,73.83573885066967,28.77776458307104
68,82.05503581934244,91.09548313881227,7,1,0,87.79288437106422,24.49724820903288
60,18.462555216467965,53.859834634930884,5,0,1,104.70874082671646,26.076872239176602
61,13.953110201054633,38.376835991482594,2,2,1,107.4757383235549,26.50234448994727
80,182.2762504974144,42.83098554502293,5,0,0,87.15304052275904,21.88618747512928
83,72.10321837030511,38.999738940967816,5,1,1,114.33554483505118,27.994839081484745
78,75.43696591558493,15.103107658155162,6,1,0,88.43890279594605,26.828151704220755
88,137.58173680530354,40.4746805228142,1,0,0,93.14133248936322,25.720913159734824
75,64.61257007728895,65.88600942891844,2,1,0,88.0352626887186,26.769371496135552
87,115.77205479823647,72.40109313965533,5,1,1,127.33045928295672,26.611397260088182
87,54.152073177287775,52.96475061693052,2,2,0,86.1226460818835,29.692396341135616
80,265.2840683676948,73.32366372755914,5,0,0,109.31790036889014,17.73579658161526
84,197.97425191320715,81.96014486239392,4,1,1,129.33707719634984,21.90128740433964
79,222.42820694667554,79.76548753280237,1,1,1,115.66886699277468,19.678589652666222
80,127.25547258948795,80.00851628710167,1,2,1,119.06980108099799,24.637226370525603
85,73.37007428162798,47.9145596742212,4,2,1,120.60874074007177,28.3314962859186
66,87.9206992594191,79.0458691405697,3,0,1,108.88370500393935,23.803965037029048
62,59.476176316330545,30.417604868884002,3,0,0,71.27461868598706,24.426191184183473
67,47.87770379063305,21.438409436747026,4,0,0,70.90735864302493,26.006114810468347
83,186.60904143724338,68.62315769691078,2,0,0,92.06160572695134,22.269547928137833
75,328.33221850837305,69.66830549406589,3,2,0,106.95465436784056,13.583389074581348
67,128.48923897319483,48.39986966448219,8,1,1,109.1495295378912,21.97553805134026
80,53.695118791866456,24.86928925127458,2,0,0,74.57459835904356,28.315244060406677
89,86.842929012864,27.236288387490283,2,2,0,87.1543159289358,28.4578535493568
70,56.9418111067061,14.74580119974691,4,1,0,76.97850206602847,26.152909444664694
67,58.13146374522095,89.76699900477118,3,0,0,102.77548485919249,25.493426812738953
84,65.38158708682651,44.006218649284946,1,0,1,112.20120322320426,28.530920645658675
64,140.477774331498,54.214046024833564,2,2,0,87.52629314354648,20.7761112834251
76,104.39340135177193,59.73750987035877,4,1,1,110.10144183941192,24.980329932411408
67,83.86539607690345,55.42260360613408,5,1,0,87.26426218673255,24.206730196154826
74,25.69059971951162,45.75849958296887,4,1,0,82.343701112305,28.51547001402442
71,215.80238834744097,30.727365806848113,4,0,0,87.11740614711317,18.409880582627956
89,34.03166984711472,40.74541176179199,3,0,1,111.2142269666757,31.09841650764426
70,141.84597325145313,58.160537864839355,2,2,0,98.78338302700904,21.907701337427344
70,47.90214483093717,63.36883921244378,3,1,1,106.56572501953599,26.60489275845314
75,145.54072386541316,31.60683176463247,4,1,1,114.924319013716,22.722963806729343
82,45.916091488078756,61.10765493925625,2,2,1,106.9131699830558,29.104195425596064
63,90.28199960891507,5.8718413061244705,3,0,0,80.31563261902676,23.08590001955425
80,79.8004481337191,28.91900169312734,3,1,0,90.27470401753673,27.009977593314044
77,122.64736173891875,59.818719754537184,3,1,1,117.38397567437956,24.26763191305406
61,26.122333341547368,35.21449143463094,1,1,0,72.38745492823789,25.893883332922634
89,144.2872395945668,39.40277789221747,6,0,0,97.17612857464367,25.585638020271656
67,126.30019955235161,61.432024600499034,1,0,1,106.3958755329362,22.084990022382417
62,48.115368168214545,46.25591613564118,5,1,0,80.70773363141096,24.99423159158927
72,116.16445542339973,52.16136970474735,4,2,1,106.16262059443267,23.59177722883001
70,27.48554944113627,77.14611673329085,3,1,0,89.3565275980152,27.625722527943186
86,109.06762885413166,38.73782584045838,2,1,1,113.49535203636871,26.74661855729342
67,106.84712734987592,40.5973224558936,4,2,1,96.3672943412905,23.057643632506203
68,60.06655294215245,71.54827615069415,2,2,0,91.09112698142096,25.59667235289238
69,141.6988920169471,57.12973927879288,2,0,0,72.37906002538342,21.715055399152646
88,161.9935083302256,26.83038592039996,4,0,0,79.53891820848234,24.50032458348872
89,86.25518676312288,47.83544216723822,3,0,1,114.30196460836898,28.487240661843853
75,60.265102474026534,60.104534034625615,2,1,1,113.38688051016797,26.986744876298673
70,78.5956819109808,38.32744920857179,2,2,0,87.06995181970281,25.07021590445096
80,236.18147056092994,73.07321582190445,2,0,0,106.23816791618515,19.190926471953503
73,143.9657363594041,15.757303436924609,2,0,0,85.19059894391552,22.401713182029795
64,34.32889337053269,37.24220603850739,4,0,0,82.81149292595032,26.083555331473367
64,339.8674940606177,81.99074296692366,7,0,0,107.01452154371485,10.806625296969116
67,26.384280929735983,56.413278400165325,1,0,0,84.56540282626437,27.0807859535132
67,170.31815885347584,36.27211572300528,1,2,0,86.8686846785933,19.884092057326207
69,58.324625556415825,71.91769659250131,4,0,1,115.85352785714525,25.88376872217921
87,245.75025630998533,54.554282609064956,2,0,0,91.77543821906552,20.112487184500736
69,17.419870748544625,20.085302892797525,1,0,0,71.42615775520589,27.92900646257277
74,40.656889280739804,49.2990400325345,4,2,0,88.5316910317466,27.76715553596301
80,105.80637087515865,44.09814723165499,3,1,1,112.00293040300757,25.709681456242066
61,33.74977131023838,61.94591675718535,1,1,0,86.34661482207406,25.512511434488083
81,116.36740261699279,51.6050241243318,5,0,1,113.35172485836249,25.38162986915036
81,183.2399952693204,92.35961357440712,7,1,1,119.23875353887576,22.038000236533982
68,140.37585480127032,71.72132459765605,2,1,1,116.42783813598264,21.581207259936484
85,182.00253299237056,22.13162190475683,4,1,0,92.71289295197788,22.89987335038147
72,89.47280738790766,77.31615133045301,1,1,1,131.72951846451275,24.926359630604615
81,108.23253856100759,24.47752648060754,5,0,1,106.39327344070395,25.78837307194962
77,71.53008137231905,36.38054605134261,6,0,0,78.17817730222549,26.823495931384045
60,44.75685623667442,72.27196005526275,3,0,1,109.90918070966225,24.762157188166277
82,137.49188360749233,63.38341713307999,4,0,1,122.27249921833852,24.525405819625384
60,107.97444453103853,46.833853220417296,6,0,0,86.7002088189131,21.601277773448075
74,372.724377403583,33.162370698836206,4,1,0,97.41886578132436,11.163781129820851
85,3.340898699363773,28.4039063725205,2,1,0,73.3873801853219,31.83295506503181
80,49.231334526386526,34.1868934812885,4,0,1,112.84196255321864,28.538433273680674
82,88.4635949676949,23.84885304291135,1,1,0,83.16292930307323,26.97682025161526
75,109.28464490982613,77.59791778586685,3,1,0,78.05049506253013,24.535767754508694
88,21.079340658540527,10.262472384946523,4,0,1,108.72778276283171,31.546032967072975
86,60.581275620355335,21.077313261868383,2,1,1,120.12746302979495,29.170936218982234
64,50.43030014933164,77.79749114898347,3,1,1,112.20109832937828,25.278484992533418
65,314.6145227483381,25.454103570133057,4,2,0,86.69119080604236,12.269273862583093
79,118.05853541514008,36.85289398978693,2,1,1,116.72268178281591,24.897073229242995
73,19.056128256413775,56.578184702137314,4,0,1,106.86500511208578,28.647193587179313
64,78.86208144004321,70.07138912941755,3,0,0,83.19269729338593,23.85689592799784
74,83.08969098086878,61.04254261864831,2,0,1,115.20168777923729,25.645515450956562
66,144.7961480807197,87.89623227224219,4,2,1,100.86671344865147,20.960192595964017
71,105.8539222120438,39.91080078713501,1,0,0,87.70135071301142,23.907303889397813
87,103.83227645388888,45.60207605766353,3,0,1,125.40420138220121,27.208386177305563
62,57.63617189277487,62.0634089681826,2,0,1,109.00552501128105,24.518191405361254
81,96.58279724935187,44.29916998841333,2,2,1,110.91462595145518,26.370860137532404
78,127.67263126947523,81.544624680971,2,0,1,111.2479603663003,24.21636843652624
80,18.123992098077156,52.46316232265232,5,0,1,114.00506013581756,30.093800395096142
88,167.74341394764025,48.65635072313463,2,2,1,115.14838444104016,24.21282930261799
79,118.32931777822925,51.39469992610487,2,0,1,112.51448043478094,24.883534111088537
62,123.52876423708811,57.28174747484995,4,1,0,91.56260792077362,21.22356178814559
86,74.09437856325609,71.5185939467632,3,0,0,88.96903286088236,28.495281071837198
80,42.35139381597827,82.88083798745787,3,1,1,117.45372391830283,28.882430309201087
68,99.26751513368092,58.184730859742494,1,0,0,83.83376140215192,23.636624243315957
60,52.26803914727686,64.87499123567933,4,1,0,80.27865092132897,24.38659804263616
89,135.9321245796511,24.410838359840977,3,0,0,89.38169217258964,26.003393771017443
75,78.99654368878817,17.187177885045873,5,0,1,96.94511145392389,26.050172815560593
66,125.3294928526921,45.566310412676124,1,1,0,87.17359900851638,21.933525357365397
68,18.455344782262934,69.48037542238788,2,0,0,81.5464432364716,27.677232760886856
86,110.3576294321766,78.53969840278806,3,0,0,92.93964934922585,26.68211852839117
68,142.95511008078947,73.27641687331965,3,2,1,106.92911730402433,21.452244495960528
75,200.4566148390552,83.49077778661972,1,1,0,110.98603060992258,19.97716925804724
65,63.3649232852492,41.493915094456625,5,2,0,75.87541451528395,24.83175383573754
82,313.8317991336636,50.75375740517725,4,1,0,99.55548693008319,15.708410043316821
81,52.61398855690702,90.05934580327248,1,0,1,123.9720862408882,28.56930057215465
82,171.98396713373685,45.668750538051945,3,1,0,91.12730301664963,22.800801643313157
60,121.88484737515488,41.707276631803644,3,2,0,87.84536205472612,20.905757631242256
80,29.902945084897343,65.34915833430686,1,2,1,107.96762684409498,29.504852745755134
72,104.78188486865491,41.75082432682067,3,0,0,84.73445398705725,24.160905756567253
85,36.66864307565263,40.52959136684298,3,2,1,121.31301620432009,30.16656784621737
60,78.8290963828497,32.79091596930578,2,0,1,106.99794548873673,23.058545180857514
87,174.0592483724751,75.86094282548017,2,0,0,105.16406756594988,23.69703758137625
68,35.95640106085201,81.55052964028845,4,2,1,114.40868520001824,26.802179946957402
76,114.074203665503,58.376682794556444,2,1,1,113.83483824382392,24.496289816724854
65,44.11985186803324,85.64655599512872,1,2,1,125.8514656053807,25.79400740659834
73,4.492259797261266,38.702633554148676,4,1,1,110.77535280263882,29.375387010136937
66,91.5539857474268,48.36467754731928,2,0,1,104.60579981942658,23.622300712628665
66,150.41709658025678,63.703326138410354,4,0,0,89.55527452966261,20.679145170987162
84,65.37307734505107,33.10924999333118,6,0,1,122.22603868430883,28.531346132747448
84,20.249301279887863,10.97642124855676,2,2,0,79.16970217923547,30.787534936005606
64,174.55133755094297,68.05158583491955,5,0,0,86.76086815967489,19.07243312245285
64,70.53134859668202,35.58155324180825,6,1,0,72.7306266027725,24.273432570165898
60,243.64283755165758,71.40442484308292,3,2,0,100.99525639484781,14.817858122417121
77,236.81138827803684,37.68086262535032,3,0,0,94.64304105627807,18.559430586098156
69,96.73391754522112,29.034032190533377,3,0,1,100.42522893865903,23.963304122738943
76,30.085222073228724,48.72878900417309,6,1,1,113.05515592364915,28.69573889633857
67,65.74675106562566,85.63533803807263,4,1,0,84.47176211556257,25.112662446718716
87,157.3614660583755,17.26077502455864,3,2,1,117.25129936494511,24.531926697081232
74,309.78916989632523,76.76501549130609,3,1,0,107.79848426150602,14.310541505183739
73,84.42037987800852,42.4205906238234,1,0,0,79.33471075144232,25.378981006099576
81,153.22861687488808,24.588284208171878,3,2,0,83.64693370739543,23.538569156255594
80,135.87910987098488,65.44427572936146,4,2,0,87.50818852466149,24.206044506450755
89,44.74504612858609,33.461198839761046,3,0,0,86.09986154213509,30.562747693570692
74,76.78514124448121,55.41545009179828,2,0,1,114.30566942577164,25.96074293777594
83,21.76026753361688,34.61571406853054,5,0,1,109.73542548456075,30.511986623319157
78,113.55406304308562,73.95463426437358,3,1,0,88.6725875134054,24.922296847845722
63,58.30610570578286,55.5019289168182,3,0,1,106.02358252452684,24.684694714710858
65,43.90721842221122,78.9565067620281,4,0,1,103.29167923437419,25.804639078889437
81,14.47727709021715,46.37701413479605,1,1,1,114.4805361874683,30.476136145489143
80,167.3514755417364,56.478083672016176,4,2,1,116.37999244789066,22.632426222913182
62,100.00794567137825,27.8777698772209,4,1,0,80.693686901792,22.399602716431087
73,46.95998942776022,31.341332534809197,2,0,1,101.63403415290618,27.25200052861199
82,79.30090370788454,40.86394725865713,4,0,0,82.70710888200466,27.434954814605774
89,27.754167517852057,71.94192162763534,2,1,1,122.50153222777107,31.412291624107393
69,108.06362359357682,49.0279027244268,3,0,0,85.80958149445276,23.39681882032116
89,69.58325439301434,41.832164813609275,3,1,1,120.58027217970664,29.32083728034928
83,239.4659155662715,70.11858846075997,2,1,1,122.43562137083335,19.626704221686424
89,90.46125544873695,63.531539657189285,3,0,1,124.08737753201345,28.27693722756315
69,125.8583064302959,30.96148195161063,3,2,1,107.52283423091146,22.507084678485207
64,172.13162558310367,74.87403745241804,4,0,1,105.69942677337905,19.193418720844818
88,79.76117337679945,55.99053668278424,1,0,1,115.103612728381,28.61194133116003
86,19.829210956184966,98.73941345906375,2,1,1,120.46720572130984,31.208539452190756
69,95.52717339466166,32.06046539342879,4,1,0,88.98521514373691,24.02364133026692
89,79.31085952363117,65.57581192513678,1,2,1,124.75057675065788,28.834457023818437
66,168.060924768305,38.5979924606353,7,2,1,104.55514396570923,19.796953761584753
65,222.37341036444195,61.688851679243726,1,0,0,87.08881786521376,16.881329481777904
67,39.14566885988068,87.8425833100002,5,1,1,107.38793450807964,26.442716557005966
79,223.53254144188114,34.62373206469054,2,1,0,93.94166640941842,19.623372927905944
85,98.97826520233602,61.70135846794037,8,0,1,126.39745917672055,27.0510867398832
86,133.7480888002675,66.27893221500631,4,0,1,120.59870424032141,25.51259555998663
77,21.647295302126942,47.57530434724323,5,0,1,111.89632166397813,29.31763523489365
63,148.10122905803243,84.33040262990426,2,1,0,93.4896058279041,20.19493854709838
85,88.77791173795335,32.27506555427209,1,2,1,119.48731389756145,27.56110441310233
63,210.25466188922434,25.00661782434409,3,0,0,80.38748726196945,17.087266905538783
68,26.215144005755025,22.391493677742726,3,1,1,112.48764313767916,27.289242799712248
63,123.43423413041405,69.74384764138816,6,0,1,111.97032706459538,21.428288293479298
81,99.93380089830042,13.502196330891747,4,2,0,73.72263417189251,26.20330995508498
87,91.68921399842266,50.81753199447685,3,1,1,110.08399797522775,27.81553930007887
72,17.363540225487924,48.64133678242935,4,1,1,112.676128575827,28.5318229887256
82,59.87205899283205,29.013790097404947,2,0,0,77.49107194690797,28.4063970503584
83,102.56556888273276,22.5236527987788,3,1,1,110.71129718346835,26.47172155586336
82,248.63562966260994,37.743469996745,4,0,0,100.75389719608835,18.968218516869506
81,140.6705422268506,72.07805394013519,2,0,1,112.52727237950495,24.166472888657466
67,64.32834440892603,47.14301591101151,5,0,1,110.76012655671813,25.183582779553696
77,105.15627436685344,60.150767301086084,1,1,0,99.93883563422105,25.142186281657327
61,65.90318474662594,40.85908599902993,2,1,0,75.40746321265841,23.904840762668705
82,116.4606221945693,81.74978783152258,4,0,0,97.74330045136631,25.576968890271537
66,17.709592627313743,63.15109286338849,3,2,1,111.15860174443362,27.314520368634316
74,84.27943679436456,78.65511246152774,3,0,1,121.32605511258603,25.58602816028177
64,64.5965359635471,76.04796213677542,2,1,1,107.98321448245268,24.570173201822644
85,82.30116085399827,62.61073676850148,2,2,1,115.69387070068656,27.884941957300086
74,370.5444506743811,34.76990249742223,6,0,0,103.87942082779274,11.272777466280946
60,71.52524209255905,84.94429535887879,1,1,1,110.2464820740875,23.423737895372046
86,57.062126046921115,59.53304607702567,2,1,0,85.93049671237661,29.346893697653947
69,92.8020656174992,37.77128855577519,3,1,0,86.25343581110104,24.15989671912504
79,120.64788943337261,70.14333133190787,3,2,0,92.18849875918923,24.76760552833137
74,255.3075256271788,62.41339325021008,3,1,0,100.11575234167361,17.03462371864106
84,24.524886377769192,20.49738191236628,3,1,0,85.17974483419533,30.573755681111543
65,110.97501371014948,16.95663752751523,1,1,0,83.92467369150813,22.451249314492525
79,42.69920782219446,65.19818499938765,3,1,0,87.3722948292408,28.66503960889028
89,44.35075886276343,51.5034909932242,2,0,0,90.3061195328122,30.582462056861825
79,13.563072411822109,53.42021792943955,1,1,1,108.3244499901948,30.121846379408897
68,85.34456322504089,64.97809834073054,2,0,1,114.49169337187327,24.332771838747956
83,106.0493458166941,17.32535442230785,3,0,0,87.10489713971688,26.297532709165296
75,21.747717031733995,61.71326368879988,2,0,1,119.37914897120416,28.9126141484133
76,40.5348756018231,94.8306965448499,5,0,1,121.93722562130844,28.173256219908847
77,126.37210580375353,20.818573724280338,2,1,1,106.77025857607747,24.081394709812322
67,102.98930392773109,43.63377216641645,2,0,0,85.071031459881,23.250534803613444
62,104.00763719336801,35.30720398341531,4,1,0,85.02074220805471,22.199618140331598
63,92.84293321753849,23.64416242797709,4,0,1,103.17697709401479,22.957853339123076
65,98.10282412187681,79.72125584804043,3,0,1,109.43302373552227,23.09485879390616
71,20.082170256858547,34.50984556070589,1,1,0,78.32803243967138,28.195891487157077
65,144.90101640999646,28.5120987730835,2,0,0,87.35772700462722,20.754949179500176
60,200.21203969051382,79.28475144347193,1,0,0,91.7154499698708,16.989398015474308
78,1.7703167507521014,7.057965173281606,4,2,1,109.88174614449315,30.511484162462395
65,148.05894134942952,50.79470328908782,2,0,1,108.41528179654988,20.597052932528523
87,70.57324229328987,69.75510485987218,7,1,1,118.73505136442041,28.871337885335514
74,83.17690934703437,50.71151481281898,2,1,0,91.0303298510729,25.641154532648283
68,164.50619339742622,20.493683903856308,5,0,0,83.15599196367239,20.37469033012869
74,59.02159948624909,21.499815999779024,4,1,1,100.49302801952251,26.848920025687548
69,115.335162224556,75.07030372115719,1,0,0,92.13410775730128,23.0332418887722
83,27.754378679518442,75.9515153535769,6,2,1,129.70586965148877,30.21228106602408
85,114.30957110966243,41.5847511363,2,0,1,110.95340258269495,26.284521444516876
67,32.658312037336955,13.526697518793709,2,0,0,72.79373604265268,26.76708439813315
64,25.577141495183525,28.115848757532596,1,1,0,68.99306922003527,26.521142925240824
72,75.75633575037298,45.48002527381313,1,1,1,111.62807776823558,25.612183212481348
81,39.06591910013344,79.15708489622537,2,1,1,122.03430160144427,29.246704044993326
61,222.12249747191,27.32257801783492,5,2,0,79.44502838756495,16.0938751264045
84,184.20145455229675,63.61259566656871,6,2,1,117.36678659648433,22.58992727238516
82,25.94680573873883,2.550721509928988,4,0,0,72.355785784037,30.102659713063062
68,43.60688400978878,59.816868744074746,3,1,1,107.1808510539688,26.41965579951056
75,76.95371503991147,18.62069859626761,2,1,0,84.43603353386942,26.152314248004426
80,187.329631658529,53.24538966577399,1,0,0,90.76499538705235,21.63351841707355
62,71.14748200234285,98.95123687874603,1,1,1,113.30073631283817,23.842625899882854
67,120.80913471508478,35.93374990402787,3,0,1,109.51334091992939,22.359543264245758
73,92.41273607491256,65.18463599742898,4,1,0,88.6019862509003,24.979363196254372
77,121.30166770876,33.14813938179424,2,0,0,87.0692173661914,24.334916614561998
89,39.74963629750597,83.5599090165629,2,1,0,91.07772072095867,30.8125181851247
66,114.42659666667583,66.33844910799125,2,0,1,116.25584093928667,22.478670166666213
78,37.23846552502716,36.27333852267142,3,0,0,83.26400025166133,28.738076723748645
66,181.77117353344013,63.763231260597394,3,0,0,95.13479912886501,19.111441323327995
81,140.1783731981616,49.541982588457444,4,0,0,93.78482314190967,24.19108134009192
72,88.84433681227235,50.858759250072815,1,0,0,86.82233248532786,24.95778315938638
70,47.07421774194818,83.82942414364759,2,0,1,118.55935467942157,26.64628911290259
82,130.6164149252957,41.540188441503425,3,1,1,108.36183846209465,24.86917925373522
76,201.0000949499699,50.536655625314,2,1,0,92.26427518694817,20.149995252501505
75,165.58449855890387,80.46473740914921,1,1,1,113.05830712157251,21.720775072054806
79,185.75358341627788,84.40493067826144,4,0,0,95.84066453807942,21.51232082918611
87,179.7950212025367,35.222970563392046,2,1,1,105.76042105821986,23.41024893987317
78,40.53434332218657,29.073795403898018,2,0,0,81.40184188141374,28.573282833890673
87,192.81601247942103,56.115821591890956,2,1,0,98.6835854792099,22.759199376028953
62,73.28559570482057,70.8810663648573,4,1,0,84.69268184850598,23.73572021475897
69,87.18010844582477,64.56618482694077,4,0,0,88.5263785040572,24.44099457770876
88,124.55792446481595,70.61519284048445,3,0,1,131.7074079368732,26.372103776759204
86,148.2635789120696,68.66389575587039,2,2,1,122.88527563139239,24.786821054396523
83,81.89696042749081,52.69895260806893,5,1,1,111.31722053754693,27.50515197862546
65,61.410193814626815,44.58706814485971,1,0,1,102.60029306672864,24.929490309268658
65,63.16557379967443,28.064772370086903,3,0,0,74.86318543068738,24.84172131001628
76,18.431863667207175,20.5305307707701,1,1,0,76.52488754844973,29.278406816639645
73,52.54887105983407,74.57590808988013,2,0,1,109.95468292754857,26.972556447008298
88,33.90196242529724,56.22064064028135,4,1,1,120.11450696148624,30.90490187873514
76,80.38835179488657,38.24321230450264,3,1,0,91.50699475047037,26.180582410255674
89,58.16927006466675,26.674003410330005,2,1,0,87.33919603018981,29.89153649676666
87,145.25325638593242,36.54243529317418,5,0,1,107.84804892744891,25.137337180703383
69,97.26229791970705,76.82224523268862,3,0,0,98.43729347416713,23.93688510401465
73,75.02198638831824,65.88577864474652,2,0,1,117.11397582758482,25.848900680584087
74,56.032233855116054,26.222028504624845,4,2,0,77.86766096933825,26.9983883072442
63,68.76033763153056,36.57600813627561,1,0,1,104.51395248181932,24.16198311842347
83,155.72840129308398,27.754361088590933,2,0,0,81.95512241059701,23.813579935345803
61,53.474484256331046,64.14915434855783,3,0,1,107.30664493409327,24.52627578718345
73,173.90671899726001,31.619306442515725,1,1,0,92.73756964585777,20.904664050137
86,66.40061869932622,61.60925499639237,2,1,0,97.0196929790742,28.87996906503369
88,40.20912516898025,69.99901839342333,4,2,1,129.89521868473057,30.58954374155099
84,73.26063929690146,53.400674726657705,2,0,1,118.57910280359884,28.13696803515493
74,175.31462767052977,12.093986999659943,2,0,1,110.1782343003988,21.03426861647351
78,120.06392474603888,70.98822819142411,2,1,1,124.33470115976861,24.59680376269806
73,42.271304929883954,58.97264457471437,4,0,1,116.28960386861337,27.486434753505804
74,56.12197644788141,55.28828344925487,4,1,0,85.27676362392046,26.99390117760593
65,47.93691341214179,45.73709259398587,1,0,0,74.95743586941363,25.60315432939291
60,31.96314256103177,59.613493421048666,2,2,0,83.73162751231479,25.40184287194841
77,157.80426864014518,49.71436454210513,3,1,0,93.13876027504557,22.50978656799274
76,81.4989566461473,73.19483742116772,3,0,1,111.88003558319099,26.125052167692637
67,53.91557818899986,52.226365404589025,1,0,1,102.2457006214821,25.704221090550007
67,46.637949472004,82.16894639270114,6,2,1,123.82706198162735,26.068102526399798
75,172.54746187944684,38.14926181643187,3,0,0,85.92667428212465,21.372626906027655
65,117.39685759217254,16.29689660104396,2,1,0,81.0701460381849,22.130157120391374
71,46.228309770780655,32.728180293145506,3,1,1,105.2635767292367,26.88858451146097
68,17.59561475621256,31.661287990671976,1,2,0,75.72109320691484,27.720219262189374
61,96.13355232833281,64.66556588046826,2,2,1,110.45907820071412,22.39332238358336
65,35.75713954238625,37.43590267240075,5,0,0,77.29515184122492,26.21214302288069
66,232.12337724835191,91.62859575068806,4,1,0,97.59402455593921,16.593831137582406
67,109.1734692398033,42.73493937311274,1,2,0,83.6692758458216,22.941326538009832
76,23.398006291831578,12.726755332562092,3,1,1,103.53635709713178,29.030099685408423
82,225.9734457397406,3.499597328908504,2,0,0,83.20746552080692,20.10132771301297
80,115.21776467983733,45.358965223707145,5,1,0,84.39233253036639,25.239111766008133
77,133.54723525569966,60.657826464096196,3,2,0,87.81414416667326,23.722638237215016
80,40.13334888405739,25.444186327771547,6,2,1,117.4441036118829,28.99333255579713
62,166.5880264355935,36.37356670003134,4,2,1,105.44730928059965,19.07059867822032
74,89.34884090024713,79.2783490818297,3,0,1,110.18622150646786,25.332557954987642
88,50.97174270370445,29.892240883343433,2,0,0,70.77480686534042,30.05141286481478
62,77.5766714713047,17.246708461153716,5,0,0,74.39444591089972,23.521166426434764
61,63.26649916088976,33.95825394221983,2,2,1,102.45360776260665,24.036675041955515
60,44.83123221740667,55.090023387205754,4,1,0,70.09808102082977,24.758438389129665
85,214.22831768610456,33.10799825323952,2,1,1,123.30382687223361,21.28858411569477
71,266.722827028794,83.09637328336052,3,2,1,115.368988857103,15.863858648560303
77,22.11663605721472,73.2175851617468,3,2,1,109.84883531277747,29.294168197139264
61,173.1322644327218,60.93233646253038,3,0,0,81.00429540813201,18.54338677836391
89,190.63939240133908,62.427896643786966,5,0,1,126.82493388985826,23.268030379933045
71,116.43541250909821,45.607413882722696,2,0,1,105.60485281775443,23.378229374545093
82,61.73386935925866,25.993017280977345,2,2,1,112.02057285925888,28.313306532037068
75,79.68395961416707,34.57485078915695,1,1,0,78.01738675715112,26.015802019291648
82,117.0879329766255,81.06688314614789,3,2,0,95.62411232440677,25.545603351168726
79,38.61453106999261,56.365380842099675,2,1,1,114.13921482756946,28.86927344650037
73,155.63751374944962,69.30199927923707,4,0,0,90.86386775062888,21.81812431252752
85,101.96576894817862,20.66372865896593,2,0,0,87.07864770716382,26.901711552591067
82,81.64723958247312,77.30164243220952,2,2,1,116.86043256053262,27.317638020876345
67,39.494055453040346,53.02600141457864,5,0,1,104.06611558191818,26.425297227347983
67,60.390045311602826,24.570610526608412,3,2,1,104.29177845787379,25.38049773441986
73,118.96177399124966,62.83209202238933,4,2,1,108.4523815716025,23.65191130043752
87,85.09749597769408,13.936417229281462,2,0,1,111.50305386312341,28.145125201115302
82,267.76320978486876,5.20659769332597,3,0,0,85.97757801667541,18.011839510756563
73,63.82223977328588,85.25207406764189,4,0,0,82.80398133544429,26.40888801133571
73,75.85785460874554,69.97186758524632,2,0,0,88.08802052549542,25.807107269562724
61,123.10059783231817,38.008041179355736,4,0,0,87.19814868676688,21.044970108384092
85,240.00437027416947,24.30778684079723,3,0,1,119.12174428587005,19.999781486291525
63,102.18061847743303,58.03363535127831,3,0,0,88.4554702022265,22.49096907612835
83,344.08223213608784,53.59678343332822,4,2,0,97.00044592049262,14.395888393195609
78,35.65808925860221,46.5822932361524,3,1,1,113.570141446131,28.81709553706989
63,31.352550606576422,56.514010855144356,2,0,0,84.12654406751959,26.03237246967118
68,153.25482031027542,17.227201615834826,4,0,0,76.01549026836089,20.93725898448623
75,163.1476033023045,68.38788551034267,6,2,0,92.13992403718673,21.842619834884772
86,3.240454927661318,64.27047785648129,1,1,0,78.95852344797652,32.03797725361694
74,174.8694390433317,37.89393931319008,4,0,0,78.93229412156957,21.056528047833417
76,27.631186382455702,56.47448669651058,2,2,1,116.48398903611636,28.818440680877217
63,107.49284038351949,64.42751166877714,2,0,0,83.0572707545013,22.225357980824025
63,98.65535309158778,20.35375934680981,3,0,1,102.97267855710473,22.66723234542061
85,228.0998416739714,41.41806384055815,4,2,0,98.23461115607108,20.595007916301427
84,146.30366829122667,23.64823963531853,9,0,0,90.98141940214997,24.484816585438665
74,109.51409144151067,51.81647598690834,4,1,1,99.22088788991267,24.32429542792447
87,118.31297773267788,94.02671260006186,2,1,0,106.01063871054595,26.48435111336611
71,258.5006971371743,71.5308999913446,3,0,0,87.8472081466459,16.274965143141287
66,88.36115264399675,64.71955777863205,4,0,1,107.10881015313998,23.781942367800166
63,110.60292127447782,50.13323813362569,2,2,1,116.96805995821641,22.06985393627611
83,83.84078227629514,68.1787435183671,3,0,1,114.9140569207566,27.407960886185244
65,49.61365630680731,60.43829506623035,2,1,1,107.38773822808146,25.519317184659634
75,147.1633402037852,23.674163828314217,2,1,0,91.23457293055311,22.64183298981074
68,128.14528477306936,6.481701997441218,3,0,0,74.17301231867525,22.192735761346533
87,79.15036266808916,87.4361716106152,2,0,1,130.02199683592076,28.442481866595546
72,112.87173344792085,30.993475365078847,1,0,0,82.1663961799061,23.756413327603955
80,83.20441342011446,57.818212877811945,3,0,1,119.02368076300897,26.839779328994275
87,169.47349290404276,84.34530679326299,3,1,0,108.43455931435912,23.926325354797868
70,88.1467910971059,80.73593525839011,3,1,1,117.97086102252577,24.592660445144706
75,364.86176359905096,50.31636404012918,3,0,0,100.57006131464993,11.756911820047453
73,130.9611483069892,30.775185359978575,4,0,0,83.92265719299102,23.05194258465054
84,124.5421198961557,65.36393385224211,3,1,1,118.94434285544578,25.572894005192214
73,68.46631021184196,78.48127012306169,2,0,1,120.59380054533602,26.176684489407904
65,117.18274382856661,7.070825784958622,5,1,0,76.04658175712386,22.14086280857167
77,19.59575810855845,53.39114632467986,3,0,0,82.88467443464425,29.420212094572076
73,186.5337195782953,22.629251415435682,1,0,0,90.97449184827042,20.273314021085234
83,107.66505758783431,47.535398332199605,4,0,1,121.38437667480278,26.216747120608286
78,28.34055423822992,46.923901467309534,1,0,1,118.26865323072127,29.182972288088507
67,47.93048707559067,42.709212981930364,5,0,1,103.66127535986182,26.003475646220465
72,261.897159068542,44.78762219080025,2,1,0,88.8510254135598,16.305142046572897
84,96.02086179658829,50.874052847333694,3,1,1,112.25654155150745,26.998956910170584
61,35.12571280138299,8.674582129393576,2,1,1,102.15263623031778,25.443714359930855
72,97.61382970048042,82.66475148679807,3,2,0,91.54277359218105,24.519308514975975
71,195.6271975524787,34.698426172892525,4,2,0,88.47607728011937,19.41864012237607
87,35.4111130061124,33.71490642626013,2,2,0,78.08386593701022,30.629444349694385
83,201.50326965286771,31.0307197547173,2,0,1,110.14056947842555,21.524836517356615
77,153.25593829439197,38.125154831543455,2,1,0,82.09891803067305,22.7372030852804
84,105.56389032928304,45.56202732923167,4,2,0,84.98474239503531,26.52180548353585
61,149.23061078605662,17.132355788705034,2,0,0,70.22945919128075,19.73846946069717
69,21.314673144997013,18.28425878479917,5,0,1,105.40004332559127,27.73426634275015
62,186.2321394909658,46.77467573133976,3,0,0,90.32466110447244,18.08839302545171
71,98.16829702970398,71.08649816818816,3,1,1,107.37147372182733,24.291585148514805
63,175.7447158297901,12.970472235114979,1,0,1,99.72685958454466,18.812764208510494
64,55.689584944214744,69.01884357950345,2,2,1,108.13969741164286,25.015520752789264
78,119.97456854633926,67.75514683141613,4,1,1,122.2306710535243,24.60127157268304
71,265.3257099672295,23.04292681301157,3,1,0,95.37077147091036,15.933714501638526
86,38.690366819826544,42.91378391147535,4,1,0,84.78370370933952,30.265481659008675
76,86.01677500178143,87.25658685300863,3,0,1,112.58155324841863,25.899161249910932
70,204.57746535157568,22.231274589721583,4,1,0,84.4064036194366,18.771126732421216
87,88.96100833665682,63.36199418568832,2,0,0,95.42373846907141,27.951949583167163
67,122.54757232379532,68.25923806774745,3,0,1,108.17529590074287,22.272621383810232
81,17.704419548199464,52.76175284907766,1,0,1,113.36442452403746,30.314779022590027
69,53.989939225976826,69.26135000789299,4,0,1,103.72924208800767,26.10050303870116
68,76.84474574701346,76.92657011151283,4,0,1,112.89429866969436,24.757762712649328
65,43.47564156804569,8.48454396014552,2,1,1,102.88995940713126,25.826217921597717
76,22.978825970249297,29.9294717321124,1,0,1,106.87429691740186,29.051058701487538
71,2.243129484616655,30.98237423424346,2,2,1,117.76932983511792,29.08784352576917
65,32.113989149767015,69.33315193915377,2,1,1,116.1309346359881,26.39430054251165
70,68.45874211176769,47.641895738532185,3,1,1,108.90466229156088,25.577062894411615
81,16.625904814130145,58.37000864803197,2,0,1,118.5430125298349,30.368704759293493
77,81.19606024486026,33.63540047651565,2,1,0,91.23067509629635,26.340196987756986
75,72.16238166210557,53.533110956224704,3,0,0,86.33070942117826,26.39188091689472
63,56.09079961283919,59.88720722132577,1,2,0,83.75861682049474,24.795460019358043
84,239.03707567563922,67.40597141022958,3,0,1,124.77957875875919,19.84814621621804
60,39.787521104817856,61.09642553614595,3,2,0,74.0956829806133,25.010623944759107
84,64.59153674334574,50.77976814225349,2,1,0,90.81144863435614,28.570423162832714
60,61.80374719838373,28.791730333021704,6,0,1,98.33377063871262,23.909812640080812
74,13.770781841589203,52.99712521104066,4,2,0,95.5236715050949,29.11146090792054
76,130.9113565435706,83.93655483375734,5,0,0,96.86018284227609,23.654432172821473
70,91.22049760112598,67.76677655106103,1,1,0,96.51120666682847,24.4389751199437
85,7.9062152690050125,24.776746801114793,4,0,0,72.89746984023857,31.60468923654975
78,113.18565627765463,79.94320991613766,1,0,0,96.88962256628362,24.94071718611727
81,104.89900190041166,75.1704690513091,3,1,1,120.85876821671978,25.955049904979415
77,19.849852480032297,51.833397822051076,2,0,1,118.81525814285311,29.407507375998385
78,88.05531878303313,78.53823597915645,3,2,0,95.38621329667014,26.197234060848345
79,72.4411374195261,46.935349016147335,3,0,1,102.49775166484174,27.177943129023696
60,215.04141777293378,24.12023551791486,3,1,0,80.9363717226268,16.247929111353308
82,157.40441946898304,19.49018227360787,1,1,1,98.04622892752458,23.529779026550848
75,184.03105687115794,50.71957791032003,6,0,0,89.16236099222706,20.7984471564421
83,12.570415633924572,57.913765653571325,3,1,0,86.38742440597551,30.971479218303774
79,44.26603415577842,67.5179052940064,4,0,1,106.51712942710795,28.58669829221108
74,80.28458203663914,69.48446702127048,2,2,1,118.06850203409095,25.785770898168042
85,108.26597608132731,83.2368235361361,3,2,0,94.08137332403906,26.586701195933635
83,170.89133840113448,53.85055186932656,3,0,1,120.21754839097214,23.055433079943278
85,178.77567987713866,10.670006202783634,2,0,0,75.11290691452301,23.061216006143066
64,114.64412549785466,82.01932902472929,4,1,1,113.44773508922744,22.06779372510727
68,188.54287534993603,53.25480775782447,2,2,0,90.27125923351953,19.1728562325032
60,129.38853792629348,69.01321356816997,4,2,0,85.50521912596363,20.530573103685327
85,183.982183733272,55.636742829102126,2,0,0,101.83991135845463,22.8008908133364
88,75.17592456243136,23.988088284557303,5,0,0,81.9376822054411,28.841203771878433
83,83.74651470767635,89.65364235372786,2,1,1,122.9993625584015,27.412674264616182
74,73.56462738182667,73.93333501946836,2,2,0,94.29036492417767,26.12176863090867
60,261.3121373612974,79.84402737987747,3,0,0,98.24517267818307,13.93439313193513
76,16.029704792134687,11.349785899964717,7,0,0,78.70719692022372,29.39851476039327
71,82.64992933365617,5.205122377454137,2,0,0,82.51230105722261,25.067503533317193
62,28.510381845205195,2.8177573088011916,3,2,0,70.48183943190148,25.97448090773974
64,153.71824035086726,28.763316936610757,4,0,0,77.22665865487258,20.11408798245664
75,151.96671795103,17.70518315541159,1,0,0,84.44272919844947,22.4016641024485
89,38.44093342573718,19.599387457858462,2,0,1,106.93489857341056,30.87795332871314
85,93.84408837711707,77.0710121268758,2,0,1,122.31753237834666,27.307795581144145
70,183.98995383800184,82.10795898472495,3,1,1,112.04061834053404,19.800502308099908
87,162.31996007339063,55.804132818766504,5,1,0,91.23202263695019,24.284001996330474
61,47.50109627088661,71.56123046326735,1,1,0,71.95532884504641,24.824945186455672
69,79.33368711410942,22.186113790735142,3,0,0,92.93941380972129,24.83331564429453
87,53.42618019321247,47.80001714990597,3,0,0,80.59933278989193,29.72869099033938
73,185.09774771430364,14.296831301921284,2,1,0,75.55364541780393,20.34511261428482
81,50.8766402385885,70.68922310451305,4,1,1,115.17098029973411,28.656167988070575
68,27.479499319607797,81.80458826098311,3,0,1,119.60155251529126,27.22602503401961
81,198.14647209391677,32.168256181836504,5,2,1,106.12611480982402,21.29267639530416
82,39.85429886439814,18.827435481393024,3,0,0,83.87766564645761,29.407285056780097
84,30.886076940372064,91.55160982992277,1,0,1,127.33442154443561,30.255696152981397
86,217.5692870111318,53.48547333457216,2,0,1,115.5085615079312,21.321535649443412
89,47.948267833919765,10.719736348916038,4,0,1,109.30816490094912,30.40258660830401
80,156.05412264288762,44.306587181310675,1,2,0,89.7936492664126,23.19729386785562
84,56.87788728385051,46.37026854309747,1,2,1,119.161301082123,28.956105635807475
80,110.6786491805333,60.29137043682158,1,2,0,91.5188141271576,25.466067540973334
77,51.963127647900585,40.09834308224606,2,1,1,110.48477589842724,27.80184361760497
79,151.47070485211532,24.558869818527445,2,1,0,87.24454284873126,23.226464757394233
78,184.99521154739134,77.04709527270472,2,1,1,123.77612747255404,21.350239422630434
67,126.07297396441595,55.638433450599734,4,1,0,86.20624673347778,22.0963513017792
75,94.5074962015422,52.79051528352492,1,0,0,85.25178513702205,25.27462518992289
76,168.8601158564491,32.0250633565963,2,1,1,102.10488506065151,21.75699420717755
66,43.131793059747025,86.81578080658954,4,0,1,113.89788423925253,26.043410347012653
62,94.27489136869494,4.634543778988012,3,1,0,68.95113064284435,22.68625543156525
88,4.667241392418615,39.21107295929486,3,0,0,86.52499543673392,32.36663793037907
73,87.9878370563507,19.76289025253495,1,0,0,75.90859907907067,25.200608147182464
83,63.05340167099999,86.09994021897836,2,0,1,117.09725098978943,28.447329916450002
89,87.3162198655965,16.66197677044787,3,0,0,86.58984712000313,28.43418900672017
79,19.057380069655032,42.231491708006104,3,0,1,116.45524514031095,29.84713099651725
82,118.85074136309244,33.204095679270786,1,1,0,86.96690492771134,25.45746293184538
80,27.444317519034207,65.58915494537551,1,1,1,115.1153309811147,29.62778412404829
75,7.45231066917145,71.97190952522834,1,0,1,117.94461739085348,29.62738446654143
62,28.643026942754695,17.905390932968963,4,2,0,86.52250530496501,25.967848652862266
82,19.759302591092002,36.17131690611693,3,1,0,72.89064988708871,30.412034870445403
85,197.68178082117453,47.49724262324446,3,2,0,97.27240118853817,22.11591095894127
73,125.27573202725726,97.64874247357153,3,1,1,121.09014875381021,23.33621339863714
85,11.326576597252634,53.9610997256557,3,0,1,123.01775504485377,31.43367117013737
64,87.28259957315522,95.2398397899476,4,1,1,118.62467878391499,23.43587002134224
87,61.47548371618201,47.59423205195862,2,1,1,117.54446212518152,29.326225814190906
67,89.35427243585569,26.148801687984857,5,0,0,83.62334275609459,23.932286378207213
72,131.95704365383708,47.58723604749498,1,0,0,89.93996984960015,22.802147817308146
75,206.98119885221013,69.55344321857443,3,1,1,114.95833970879869,19.65094005738949
60,52.3704045806722,46.23564866595047,5,2,0,70.15870178570978,24.38147977096639
63,38.82312105625859,77.09943933112935,3,0,1,114.62237664909789,25.658843947187073
87,93.7871134454624,83.07043160915146,4,2,0,94.43905761381026,27.710644327726886
72,94.92809157192332,70.2950312151641,3,0,1,116.80534880916206,24.653595421403832
79,121.20150946737161,41.456756384866424,3,0,0,85.11781291440992,24.73992452663142
77,147.8015846054351,44.61896597109647,3,0,0,83.8392529192152,23.009920769728243
78,45.33490594373406,46.374561163080394,2,1,1,119.15197940814649,28.3332547028133
77,16.891673919953675,92.82754194824606,4,0,0,97.89188692625517,29.555416304002314
79,51.57617921576847,28.80561254549311,1,0,1,121.9905734367607,28.221191039211575
70,140.13750548758517,41.292327950605845,7,0,0,88.0916073656465,21.993124725620742
60,144.10404808861276,79.58747491342983,2,0,1,107.22276509874456,19.794797595569364
80,82.70786671134942,32.68574998976106,1,1,1,107.57206309320058,26.86460666443253
73,75.18222865923674,74.86788422581631,4,0,1,113.97322736061459,25.840888567038164
83,36.08458915219012,87.67644073846105,1,1,0,96.17041570642652,29.795770542390496
87,103.60877593082498,54.480420515832904,1,1,1,113.71065242993365,27.219561203458756
64,85.5052558663086,51.21301463474559,2,0,1,110.8333229272332,23.52473720668457
89,155.88359958972418,49.13226138555192,4,0,1,123.57670255770581,25.005820020513788
70,271.16682874379336,77.3272023327547,1,1,0,92.05232520700238,15.441658562810332
80,310.6992558342962,64.26634716375305,4,2,0,101.95866774268106,15.465037208285189
83,100.8888872987284,60.814800533366906,1,0,1,123.35820234417612,26.55555563506358
66,142.1195644557308,49.46640236958426,1,0,0,82.05170671155864,21.094021777213463
73,83.97281555026164,62.315913294060124,2,1,1,118.95457120935708,25.401359222486917
63,43.57949680186323,68.22386021088856,3,1,1,105.58725424713765,25.42102515990684
63,70.1572535810096,44.38341689251025,4,1,0,81.37309636520891,24.092137320949522
85,127.30250306604741,95.93234962013777,3,0,1,130.58539805270337,25.634874846697628
82,104.85281441881382,80.9607393495505,1,2,0,93.25129981473039,26.15735927905931
72,16.59392653435516,30.364801611326474,2,1,0,80.42028545943451,28.57030367328224
67,165.6668459505117,35.665223919678816,1,0,0,87.73241015336768,20.116657702474413
80,64.21733133179423,51.00782923910294,2,0,0,90.04188652706276,27.78913343341029
85,136.6060749592453,45.50964981866842,1,1,1,120.50437558669832,25.169696252037735
61,7.844763375308052,28.750273429201474,4,1,0,74.65235993663457,26.8077618312346
67,78.1516301882946,51.947147272939596,4,0,0,80.41839363040549,24.49241849058527
73,137.53424515823195,12.60991005969483,2,0,0,86.59817123466898,22.723287742088402
80,65.13330289234142,62.957736937945675,2,0,1,110.4739445240697,27.74333485538293
70,14.759232126666713,85.17536975530395,3,1,1,118.48148934387537,28.262038393666664
86,92.95655833278579,52.91474306577831,5,0,1,120.17954498510173,27.552172083360713
76,31.185963361997388,56.65706173288818,6,2,0,87.57533164172473,28.640701831900135
74,21.799312111748872,37.75944588289117,3,1,1,114.91288318127636,28.710034394412556
77,78.97511586145022,12.84767943829116,3,0,0,87.02410989401453,26.451244206927488
78,179.36866643242112,24.103377388147802,2,0,0,86.48879399368111,21.631566678378945
71,19.675073437221975,90.76794157959947,5,1,1,122.7227743153202,28.216246328138904
63,156.1611722637609,70.12679923864175,4,0,1,115.2742906988098,19.791941386811956
85,29.66711899762622,34.648822127396464,1,0,1,119.98900498296793,30.51664405011869
89,86.99083031711868,15.413551410559448,4,0,1,100.38297295154089,28.450458484144065
71,126.69997097035865,67.19117749267762,2,2,1,113.42219629859413,22.86500145148207
60,128.06762392354386,31.554493914123537,2,1,0,83.39963746235983,20.596618803822807
71,50.383846054874084,49.49640528291553,2,2,1,102.43132887821474,26.6808076972563
82,140.84013793137314,73.560903635749,2,0,0,88.8732932517563,24.357993103431344
89,102.11065613284882,59.89616879926295,4,0,1,122.01537049792695,27.694467193357557
68,64.34987354903365,14.756488282917546,1,0,0,75.37405161579777,25.38250632254832
72,50.712598977899894,15.134766904556008,7,0,0,82.31590507440423,26.864370051105006
87,105.88659376999516,49.15023842442348,2,1,0,87.63196652247719,27.105670311500248
87,122.06582791822898,72.76522702468908,3,0,1,124.23184790202092,26.296708604088558
78,61.18863493675646,66.53369921546124,3,0,1,114.72722397933347,27.540568253162178
64,55.512222856868895,42.26494406678046,6,0,0,72.62461467762367,25.024388857156556
77,11.429904082611724,22.953198949827648,6,2,0,79.72559130423296,29.828504795869414
69,353.13000716427575,71.81477534667259,1,0,0,105.1597584283233,11.143499641786214
66,51.866787786155,49.76867164579076,5,0,1,108.73453075038813,25.606660610692252
76,120.53007873828763,51.86827660628154,3,1,0,89.22419601036529,24.173496063085622
87,100.0202302097123,44.71203110690853,5,2,1,126.93413128813805,27.39898848951439
63,187.72790395949679,53.13498714784599,9,1,0,93.77645595409459,18.21360480202516
65,46.588243148128285,62.82122830481083,5,0,1,112.54095653590811,25.670587842593587
87,229.57838933814463,5.8186024107394765,1,0,0,83.37107388441419,20.921080533092773
78,35.72681008918409,67.86867122198727,3,0,1,114.14035006987837,28.813659495540797
85,188.4118876133556,56.50377892297554,2,0,0,102.96364939862565,22.57940561933222
82,45.105122686036694,31.7293634082526,3,0,1,119.16823136652525,29.144743865698167
67,52.773054819643896,64.56238362318291,4,0,1,116.7241895472457,25.761347259017803
87,100.44996919913996,28.896889199236796,2,0,1,117.51669861987618,27.377501540043006
72,52.848780825812746,40.09420677926306,4,0,0,79.2316968356911,26.757560958709362
69,74.57304871020594,64.67586194961036,3,2,1,117.61119017613025,25.071347564489702
65,120.68885285579631,31.34837687187282,2,1,0,84.4392000374524,21.965557357210184
83,171.75819911637933,60.676285801375464,4,0,0,95.14404971493042,23.012090044181036
81,41.19764912353465,11.085584658570431,2,0,0,73.79112535113319,29.140117543823266
80,75.12751430365888,47.07494638719369,2,0,1,109.59168608417775,27.243624284817056
80,47.80119168964687,6.292175848029909,2,0,1,97.06429045327991,28.609940415517656
73,31.46601551650754,53.92331905088782,3,0,1,110.31671264665975,28.026699224174624
83,121.18248527430006,38.1964577179502,5,2,1,115.17830247277524,25.540875736285
84,174.15106345254276,23.820695025001793,4,1,0,92.9667362323304,23.09244682737286
76,51.45580863020337,55.534689020425134,2,0,1,117.14710119898224,27.627209568489835
86,89.69728463945508,10.79370407432252,3,0,0,84.65934748960422,27.71513576802725
78,51.69295769282516,43.73363013226062,3,2,1,114.94927673516027,28.015352115358745
73,88.36330103867503,65.030108237146,3,1,1,116.74175416112567,25.18183494806625
62,58.44242441388226,52.40112941535058,2,0,0,79.42856910458346,24.477878779305886
76,207.11391715189058,36.16138966618063,3,1,0,96.09123141260055,19.844304142405473
83,151.4831636865963,44.12444429255992,3,0,1,122.73126716406657,24.025841815670187
87,190.06563436243056,10.52795921497154,3,0,0,92.76862302430676,22.896718281878478
61,14.750370582844715,16.688127120191094,3,1,1,101.05046930296817,26.462481470857767
61,77.80583441085457,27.672825365181726,1,0,0,71.9400660021547,23.309708279457276
60,164.59415079432495,78.39747344657256,2,2,0,92.0511990066075,18.770292460283752
74,267.6300728290498,9.133371148987415,2,0,0,90.96656868172686,16.418496358547507
62,120.25442148866861,58.86456821036218,2,2,1,104.83493498429225,21.38727892556657
86,107.96365633691036,43.28357597086263,2,1,1,116.69784150157604,26.801817183154483
83,114.02884505717957,72.60793949470525,6,1,0,90.00168911798518,25.898557747141023
81,104.80940699747204,87.79917769308653,2,0,1,122.1118224936139,25.9595296501264
69,25.421062364694478,89.80663039297687,3,0,0,80.88503636959253,27.528946881765275
63,44.8071406171763,38.43669199858619,1,0,1,101.1275865292353,25.359642969141188
74,194.30316749295605,71.40228469941496,4,0,0,93.30394393307107,20.084841625352198
63,234.75590657636042,8.671554189238037,4,2,1,96.16786817512892,15.86220467118198
66,36.35643815822606,82.46365464693149,4,1,1,120.65534380060772,26.3821780920887
81,179.38955943796026,40.55046522500315,3,1,0,90.79561895419081,22.230522028101987
71,81.9554065209225,32.56277195026023,1,1,1,97.66584506688552,25.10222967395388
64,109.75180096583661,51.311433449297304,2,1,0,89.19604216900544,22.31240995170817
75,10.780080766768197,31.144102461636376,2,2,0,75.74721038035408,29.46099596166159
68,46.89625759708818,54.94402079280887,4,0,0,86.77961032959458,26.255187120145592
85,143.90399364628277,57.83608231859459,3,0,1,122.0398574796029,24.80480031768586
66,29.28590504809111,22.174380751358868,3,2,0,83.92973411232846,26.73570474759545
64,88.2435439146563,54.600443464108,4,1,0,79.66979339823621,23.387822804267184
86,19.06434209464469,47.33788353914524,3,1,1,118.1440205257179,31.246782895267767
84,61.81130070064798,67.99748220831843,3,1,1,117.50508106456239,28.709434964967603
76,151.57814277658818,87.95387190507486,4,2,0,100.40081284977119,22.621092861170595
87,132.65896574409018,13.584296792687026,3,0,0,88.88333164074331,25.767051712795496
82,80.3223683345552,40.885326897896014,3,1,1,112.97444347319832,27.38388158327224
86,88.32365930111557,13.20891371596582,3,0,0,80.03774496046147,27.783817034944224
80,166.43228482034408,46.69650449513728,2,2,0,89.32522814191299,22.678385758982795
85,68.8565734349844,12.363690189540472,4,1,0,85.53959743073449,28.55717132825078
76,153.02323636677716,51.322094517709836,1,0,0,82.436505291599,22.548838181661147
88,44.65526557111894,53.74074805219868,3,0,1,117.88385278194403,30.367236721444055
87,141.88682143810684,69.40953998306162,2,1,0,85.62661730504364,25.305658928094665
86,11.821964535006318,39.79044624729099,5,1,1,106.13931439427554,31.608901773249688
76,364.1816005536196,96.52297086205598,2,1,0,110.73059867521401,11.990919972319023
88,130.15200848377611,69.4296965626618,2,0,1,125.02913056188022,26.092399575811196
65,74.62644210593312,25.470083936647615,2,2,0,91.37219930956,24.268677894703345
75,236.29914001245785,73.53394061097384,3,0,0,98.6350968316769,18.185042999377107
68,91.63938258080839,43.3035089936184,3,0,0,79.75411774852617,24.01803087095958
60,35.25160834459351,80.40657201353798,5,1,1,105.623464716581,25.237419582770325
68,79.57747494272105,35.15229949931463,3,2,1,105.81664828328933,24.62112625286395
77,185.97538984048484,39.35228066339453,2,0,0,89.81487412270171,21.101230507975757
66,35.02221863963507,61.79371229291518,4,0,1,114.25154549990103,26.44888906801825
71,26.48479046444224,42.21879743790837,3,0,1,103.56344052458948,27.87576047677789
64,56.70324327431195,41.790790032170655,3,2,1,106.18811887013469,24.964837836284403
67,93.00371737917762,60.9464195473138,3,0,0,86.53878115114351,23.749814131041116
78,51.56195740699281,45.679790718615635,2,0,1,114.3255658664324,28.02190212965036
72,47.190962054502315,35.163525035201566,3,0,0,83.1289763702319,27.040451897274885
87,130.24838810359432,29.769896497438452,3,0,0,86.3038769299122,25.88758059482029
65,17.76597181076181,74.01610103030677,3,1,0,85.88494897882131,27.111701409461908
64,143.85015948449873,76.93370761565285,2,1,1,107.8660847252903,20.607492025775063
89,167.9315250817772,48.53726449470015,3,0,0,102.4150608452194,24.403423745911134
66,87.76259616423647,30.88378804377452,1,0,0,77.08792947496957,23.81187019178818
63,48.488320687761444,91.82975404251826,2,1,1,117.9070906795108,25.175583965611928
76,122.2552150064292,19.16715132129683,2,0,1,103.57293474309101,24.087239249678543
64,36.79936627292205,31.177189555733737,1,0,1,94.4104852777798,25.960031686353897
69,123.59651823525424,55.935541334047976,2,0,0,87.1374891487458,22.620174088237288
69,30.823699028465594,34.69195962262938,2,1,1,106.4346840758373,27.25881504857672
76,35.6820291725272,41.91502622728402,6,2,0,85.08824947271495,28.415898541373643
62,29.35683166485547,29.583768855219034,4,0,1,105.15191579876807,25.932158416757225
67,448.5053503584993,41.837642340833554,7,0,0,106.58933509309465,5.974732482075034
82,143.44393066038376,24.339913946894747,2,1,0,85.42052099282633,24.227803466980813
76,65.66120253495943,68.9286013118519,5,0,1,118.33744437394952,26.91693987325203
79,60.815471784325936,47.65697320656365,2,0,0,94.32701507511702,27.759226410783704
66,113.80271069032364,27.627253025844507,4,0,0,81.08274369341424,22.509864465483822
80,163.61056466688964,24.555461995633742,2,2,1,111.51305086438153,22.819471766655518
61,149.98942640690592,33.87974600567457,3,1,1,110.63222452730322,19.700528679654706
65,34.56715321274543,41.01137175524167,2,1,0,78.52456722063141,26.271642339362728
79,17.499007975381183,46.071686921723284,4,0,1,113.52963218236007,29.925049601230942
89,97.7459491850218,60.350752362796186,1,0,1,116.26843642861719,27.912702540748906
75,142.50614337777932,44.13284234217609,5,0,0,86.08031906516972,22.874692831111034
84,195.8184229320245,68.5483727360817,2,0,1,124.57819971181905,22.009078853398776
69,74.17139846237973,57.01746810363231,2,1,1,115.59905618850883,25.091430076881014
87,103.65083589833478,40.98170354424243,1,2,1,120.6327133113802,27.21745820508327
76,55.92713953886699,81.86416880029923,4,1,0,98.07743954627169,27.403643023056652
68,40.79343583954055,67.10496912003056,2,0,1,107.18059520078899,26.560328208022973
70,71.53185416690923,73.55513277957805,4,1,1,110.85301783808565,25.423407291654538
85,23.70316785727351,21.76270392557319,3,0,1,101.49694406458723,30.814841607136323
83,103.75305011133389,46.83395520725793,3,0,1,125.03300687951672,26.412347494433305
75,260.59207193286943,38.69386223961027,4,1,0,95.01384241103601,16.970396403356528
73,126.15925517828721,45.05652918941773,3,0,0,83.04073755951545,23.29203724108564
71,51.07187795019945,38.61037449075924,2,0,1,113.47225181303902,26.64640610249003
62,125.54524689073313,70.62919837096368,2,0,1,118.8530971396337,21.122737655463343
80,109.16488253540746,29.812894266839525,3,1,0,80.73147592470438,25.541755873229626
70,215.96073221409034,40.16930978511747,2,0,1,102.92469925279927,18.201963389295482
74,92.43320290713058,15.583777205113334,3,0,0,73.54625849739891,25.178339854643472
73,19.070059775105157,5.6506317150479255,4,0,1,97.44432205871381,28.646497011244744
76,222.45818456453424,73.13112434701287,3,0,1,116.59157104272228,19.077090771773292
88,30.14598464971112,32.13114313945517,2,1,0,79.8003222207117,31.092700767514444
84,111.5085115784853,76.00880065362328,3,2,1,128.09856317146702,26.224574421075737
63,155.0984245379977,51.3040357694013,3,2,0,95.45068058526631,19.845078773100116
62,170.31866909227665,9.492925670863766,1,1,0,82.50856108022182,18.884066545386165
63,89.17735500654092,48.5408830221733,2,0,0,85.03468862068186,23.141132249672957
66,110.34912988662435,77.73957810368307,4,1,1,116.91071442784302,22.682543505668786
78,58.464057473813455,78.29314977636443,9,0,1,124.3935783409456,27.676797126309328
74,46.87040096942322,83.9611356096618,1,0,1,119.76938403498127,27.45647995152884
87,101.06805125115245,74.88228102185394,3,0,1,124.20390553785515,27.346597437442384
68,50.75463168006236,71.48094019539997,3,0,1,115.64835035496728,26.062268415996883
81,45.139610723018876,35.28087345536071,1,2,1,116.61779828602631,28.943019463849055
80,92.11136275596549,35.87742057755966,1,1,1,112.02341321199685,26.394431862201724
64,115.48012028886339,52.280211726222426,4,0,1,99.47101067994629,22.02599398555683
72,46.828214250594655,19.092477686864914,1,1,1,107.58705566396674,27.058589287470266
76,184.00557964516662,63.05016084600028,1,2,0,95.51710612711902,20.99972101774167
87,220.86714745053402,70.34358754459443,2,0,0,96.78117368712641,21.356642627473306
60,98.50819333944047,84.29903434087277,1,0,1,112.46338341493401,22.074590333027977
79,108.0530322875037,15.647835074765432,4,0,0,82.23201510015086,25.397348385624817
87,44.06557891941819,54.10956319402446,1,1,1,109.34878078356554,30.196721054029098
84,48.21956153785979,52.1622220081258,2,1,1,120.55939573751984,29.38902192310701
71,95.46100237625551,62.27054272300659,2,1,1,117.4960407945998,24.426949881187227
81,20.37435670470998,49.55935796468043,2,1,1,109.98363246496683,30.1812821647645
75,79.7389607127376,32.01715962470278,5,1,0,89.14751546544922,26.01305196436312
64,22.66915915419681,63.99375243824081,2,0,0,82.61541219890735,26.66654204229016
87,102.30270439722375,58.081859901673205,3,0,1,112.38148889257138,27.284864780138818
71,118.85380859734538,38.28725590003268,1,1,0,89.28039610282438,23.257309570132733
77,73.86386084121949,79.69985886120446,4,0,1,107.46277675711009,26.706806957939023
80,52.37524362395367,27.86790710432902,2,0,1,107.5857283497359,28.381237818802315
72,88.25251264119531,84.64489270339062,5,1,1,115.29830964934008,24.987374367940234
78,59.88700559047479,52.77545227899102,6,0,1,122.87147204875819,27.60564972047626
77,136.14015978731564,53.83361630416618,3,0,0,91.18542934150128,23.592992010634216
64,44.622938217299904,37.160757959235355,2,1,1,98.26608496033339,25.568853089135004
61,57.70287407195539,35.670631555361645,3,1,1,108.42930898205422,24.314856296402233
72,288.700628688352,69.35225971619444,3,0,0,88.93080541686625,14.964968565582396
86,111.62492731592273,55.93959772993452,4,1,0,94.66442082859676,26.618753634203866
68,108.02364221551626,12.469043180156175,2,1,1,104.92198145490963,23.198817889224188
61,136.66838131228408,34.4881579309126,2,0,0,86.14437353401516,20.366580934385798
77,163.76444072869887,65.13092556108367,3,0,0,93.32665569498042,22.211777963565055
83,37.35128332242522,28.32035758215491,3,0,1,110.29464829458153,29.73243583387874
62,328.60220208411255,45.87442097789692,2,0,0,94.9344160939128,10.96988989579437
71,167.90019864536646,50.7896089105129,4,0,0,93.42127149490646,20.80499006773168
84,290.45930226853375,29.67811850348418,2,0,1,127.1913280771079,17.27703488657331
75,50.971506850242406,30.24080918497527,4,1,0,84.61892165042016,27.45142465748788
85,74.56180278837007,65.24919297418572,3,0,1,113.68095760827805,28.271909860581495
68,231.453889967249,34.362928574078765,2,1,0,86.78493908638988,17.02730550163755
71,136.66260329017587,51.17439274397352,5,0,1,114.38734422994789,22.366869835491208
73,96.03032561298275,61.92669248072198,2,1,1,114.57160395201093,24.798483719350862
79,64.31466953550648,48.36759706223807,6,0,0,91.37893523117977,27.584266523224677
86,174.0253253401048,47.90523981972434,1,2,0,98.1055007971048,23.49873373299476
63,20.4723304308981,74.36233777176065,4,2,1,106.08244896873262,26.576383478455096
80,89.35513385555679,7.0927529543927825,4,2,0,83.85786985867351,26.53224330722216
79,99.60558344140443,69.42047828456822,3,1,0,87.33433805382872,25.81972082792978
79,83.50657258693421,84.8191701731839,1,0,1,110.69636903582659,26.62467137065329
66,175.0029409995807,25.47827939887436,2,2,0,82.94625189786926,19.44985295002097
74,151.9548121405159,66.7322431132554,2,0,1,115.18375757794716,22.202259392974206
77,104.72258916101522,23.991830160621603,2,0,1,115.28940824466883,25.163870541949237
66,32.15001973258006,20.650701285832508,2,0,1,102.52979708745319,26.592499013371
62,136.8859894835295,37.29878462105615,1,0,0,78.99559650453614,20.555700525823525
67,105.08454073844331,67.42410918055343,3,1,0,85.26597513298755,23.14577296307783
88,220.82537576361023,54.178184939722684,3,1,1,122.9885898928809,21.55873121181949
67,51.323998444898145,66.12377766319118,1,0,1,113.39302802082048,25.833800077755093
60,116.62327674260223,38.01460212038118,2,1,0,79.6468300763496,21.168836162869887
70,40.42732797946464,28.363752932201592,2,2,1,107.74401014032196,26.978633601026768
81,49.751827905340136,69.3998890919754,2,0,1,119.75448824041628,28.712408604732993
80,26.838175779594025,16.293402329404945,5,0,0,75.39680389847886,29.6580912110203
66,62.46236225125712,10.374560534003303,5,0,0,78.25618394971434,25.076881887437146
72,144.9135249980388,74.93150779066605,1,1,1,109.04375060243058,22.154323750098058
61,168.0122042608989,73.28084142425794,1,0,0,90.36790447131126,18.799389786955057
61,143.54497814681315,27.183529390526413,2,2,0,81.58395199873668,20.022751092659345
80,142.50872491090567,16.555913941802345,5,2,0,76.38960105237699,23.874563754454716
75,122.89562275582875,44.745673792822636,3,0,0,85.81694126220667,23.855218862208563
60,163.1312249730201,29.30565068339501,1,1,0,81.84885743372213,18.843438751348994
83,99.81444310167511,51.710447983761966,4,0,0,95.38873841354557,26.609277844916246
66,23.74022234265586,40.11508997203918,5,0,1,107.1894683964379,27.01298888286721
84,28.968620237045666,43.63002666925156,4,2,1,118.73908067871268,30.35156898814772
67,176.93543629356313,44.117287189612014,3,2,0,81.28839560337488,19.553228185321842
66,92.64189385670953,9.270466854949017,5,1,0,79.7920281751155,23.567905307164526
74,106.30673129098034,25.30957604839369,4,1,0,77.3464462037065,24.484663435450983
68,22.75678841293834,31.712230384593255,6,2,1,104.53757597795041,27.462160579353085
89,62.32983761466224,23.344195478149697,4,1,0,84.93222817125739,29.683508119266886
71,30.09979654622748,60.02615623145995,4,1,1,112.41648987958104,27.69501017268863
78,86.36493799736441,82.6340587068095,6,1,1,122.97496578719809,26.28175310013178
82,67.76250757567404,50.740938987991825,4,1,0,88.25258823702828,28.0118746212163
87,71.83415743835319,18.454042006232722,1,0,0,81.8039621405045,28.808292128082346
80,199.40159555671983,83.89524660430331,7,1,1,116.55144766186923,21.02992022216401
76,127.80326508421919,52.10955787625237,3,0,0,82.73338805632277,23.809836745789042
65,89.56294912401293,33.85783005273968,8,0,0,77.26101546900563,23.521852543799355
68,21.853079654092888,67.96589335564659,1,1,1,118.01518497065544,27.507346017295358
66,45.02666872525094,24.346590426011005,2,0,0,78.03980008230805,25.948666563737454
75,45.865992154818045,27.058281460161737,4,0,1,111.10786665548945,27.706700392259098
80,32.06063017114075,57.7161576234397,1,0,1,116.31772726311999,29.396968491442962
62,175.29273045841717,49.27497460274243,1,1,0,87.75824648605936,18.63536347707914
64,30.293390451541995,92.85102380384252,2,1,1,113.63121878093962,26.2853304774229
88,24.030396528291142,59.7318548894636,5,2,1,113.89538909169359,31.398480173585444
76,58.01405043113387,66.38788251607102,1,1,1,118.91033873741262,27.299297478443307
76,268.1869424298586,60.252646481523584,2,0,0,103.39038178002534,16.79065287850707
81,244.95861841401396,47.89842638839304,4,1,0,95.22450778635587,18.9520690792993
70,141.28808952350022,76.41563990661085,5,1,0,90.54826767251595,21.93559552382499
69,89.89685421724252,67.82186525724565,4,0,1,116.92017471175699,24.305157289137874
60,81.21382242380774,71.9265673838708,4,0,0,85.578293069133,22.939308878809612
69,86.91988685628709,30.179304040515415,4,0,0,84.25834888602479,24.454005657185647
84,29.52421962343678,49.17601675724743,3,2,1,109.56899158488913,30.323789018828162
75,139.4027747167603,76.04445776452951,3,0,1,115.65711940000494,23.029861264161987
82,171.76077845076773,1.9644379272627122,4,1,0,78.55523458822516,22.811961077461618
86,16.206069454379953,16.35014359281693,2,0,0,79.82265439583115,31.389696527281004
65,31.88983487761493,54.56897278245499,2,1,0,88.57245945973729,26.405508256119255
81,5.796020851835233,47.90417782783643,1,1,0,83.34835383634788,30.910198957408237
79,83.35357344243161,21.492178105259445,3,0,0,84.72442579983911,26.63232132787842
84,47.504874493129165,78.84298351313221,2,2,0,91.39362664321457,29.424756275343544
72,153.29923078035674,74.42944086627169,3,2,1,118.29391654927618,21.73503846098216
70,30.57960057174239,17.693542351517262,3,2,1,100.9881022246964,27.47101997141288
75,179.2361092086215,41.64427540533197,2,1,1,110.15942273488116,21.038194539568924
77,325.22269420300256,24.712155651249653,4,0,0,93.19794246651273,14.138865289849871
68,19.69670772711491,59.58733720230093,2,0,1,117.13299932919284,27.615164613644257
79,137.68579383793286,59.09603271394283,3,1,0,96.95306307168904,23.915710308103357
87,10.99729000344355,74.80776565344976,5,0,1,120.6081884654482,31.85013549982783
87,77.5193025063332,87.64289731087277,2,2,1,130.34861230969932,28.524034874683345
67,12.531184168180982,38.558679816619716,3,0,0,75.73415134821964,27.77344079159095
84,217.78203164868816,27.204170943230032,3,0,0,86.35932392710062,20.91089841756559
81,132.39108003687602,41.15631430816958,3,0,0,87.89220575957317,24.580445998156197
87,18.68270285757697,34.3776196020784,4,0,1,117.65453679939687,31.465864857121158
88,13.20383077990647,43.92061819523421,1,1,1,120.7709124208389,31.939808461004677
69,81.37125934347995,35.602490351772985,3,0,0,79.57125065376613,24.731437032826
89,439.671342845176,21.730060021304602,1,1,1,119.71087675910793,10.816432857741194
61,65.9647140975485,45.30794833789604,2,1,1,106.93571863678123,23.90176429512258
64,8.657927443823828,17.20814554375464,3,0,0,73.83420695232664,27.36710362780881
69,64.63526063948191,50.145940266325084,1,0,0,101.60659039003215,25.568236968025904
87,33.15246641613252,36.36508585852277,1,0,0,83.91309262896766,30.74237667919338
79,355.32511889064665,25.398029924087,4,0,0,91.71733409747867,13.033744055467668
64,104.94725447818085,64.69607301507965,1,2,1,111.9985609514416,22.55263727609096
86,108.05269963960494,88.89340099350278,3,1,1,117.6160857850458,26.797365018019754
64,104.34125115432411,50.55179467637544,3,0,0,85.96841695766493,22.582937442283793
64,47.510591221896284,55.65618211754598,2,0,1,114.41377209522672,25.424470438905185
60,102.32884892827569,28.28317059792379,2,1,0,76.51994744424798,21.883557553586215
75,248.74504768891262,47.575224292822675,4,1,0,94.79468428906151,17.56274761555437
76,103.33416950260347,49.325513965160745,2,1,0,91.00652422696282,25.033291524869828
70,140.07212701302535,43.50151216351809,3,0,0,81.49070065214418,21.996393649348732
82,102.37710255995951,42.9397520717493,1,0,1,106.52575284690661,26.281144872002027
75,158.07941688378838,48.71962628250863,3,1,1,119.3464871796775,22.09602915581058
72,102.60147974085379,60.47622841060344,4,1,0,95.32411407066988,24.26992601295731
68,21.465621625689973,37.40630862466208,5,0,0,76.56511232214054,27.526718918715503
64,51.69045294493281,21.687675674097633,2,0,0,80.86987756095085,25.21547735275336
86,132.23736982077966,57.95594189518041,5,0,0,101.42011521536476,25.58813150896102
84,93.59046713165306,28.601133874935897,3,0,1,106.84768966249892,27.120476643417348
76,70.99788586402853,6.815703031420581,4,0,0,66.60139197307255,26.650105706798577
75,29.151620819488755,93.01104384747522,1,1,0,88.48505905138416,28.54241895902556
77,108.00724311410823,63.836149876400796,5,2,1,119.18113098174902,24.999637844294586
73,259.7672841218925,53.509768998353294,2,0,0,98.40753563165427,16.61163579390538
87,207.14892062113694,38.63485566050902,4,2,0,84.22450854384077,22.04255396894316
75,146.70081459627335,83.85384056553703,2,0,1,117.82489421145623,22.664959270186333
88,25.38269019854428,34.74420577924142,5,0,1,112.10586045606827,31.33086549007279
83,122.34679983470578,23.472497958023524,2,2,0,88.8395210531224,25.482660008264713
66,62.744970719159845,36.89066959989428,2,1,1,106.03481411750413,25.06275146404201
62,68.85511651553135,76.81872707547251,2,1,0,85.31825058303131,23.95724417422343
72,64.5150430248544,77.44503112202949,2,2,1,116.47280076231178,26.17424784875728
66,115.51399087584147,58.05805441114092,2,1,1,110.61459618590273,22.42430045620793
80,13.513113177349931,46.500967595673806,4,1,1,116.6605701460754,30.3243443411325
88,37.88165204371651,41.54086571608,2,0,1,114.81404390339415,30.705917397814176
78,117.30061872338628,15.98064951196564,3,0,0,84.11554123534937,24.734969063830686
75,37.42598996357299,65.51065411861595,4,2,1,123.68160125206975,28.12870050182135
87,22.484039270061913,68.60584640241939,2,0,1,120.1225408882984,31.27579803649691
64,163.93255653819273,35.79888555746128,6,2,0,82.82228333857363,19.603372173090364
67,29.089364969059417,71.49737437349442,2,1,0,83.86882463479472,26.945531751547026
74,218.97083879098318,61.68595767233016,4,0,1,114.3012939641497,18.85145806045084
81,43.89784625349374,48.8742840639181,4,1,1,112.37995851612408,29.005107687325314
68,30.514057090106554,86.98638021856107,3,0,1,121.28723773787797,27.074297145494675
77,92.2054445911934,24.789060714317625,2,2,1,105.74189951357319,25.78972777044033
79,107.87764048981465,86.89966690809467,5,0,1,132.17662719867047,25.406117975509268
63,26.891894904233858,26.484850934579207,1,2,0,69.09147626828536,26.255405254788307
72,99.3405687610604,74.78778255645962,1,0,1,119.46709862930142,24.432971561946978
86,9.931651302465635,60.63875348250889,1,0,1,120.86535218054108,31.70341743487672
71,167.01718159709864,49.47846764183342,2,0,1,108.23187306119323,20.849140920145068
85,69.1266340252375,41.665962427814094,4,2,0,95.5236979839467,28.543668298738126
61,108.87815685171573,46.85294878629633,3,2,1,100.72077922936512,21.756092157414216
65,62.86852154226964,24.95759471827078,3,0,1,100.95739095354897,24.85657392288652
65,290.63402857849485,70.97631307598603,4,0,0,94.08819070202398,13.468298571075257
62,114.0462983673063,40.85050693642587,3,0,0,86.25067642399353,21.69768508163468
80,17.350600158848426,79.25788987616352,2,1,1,127.15597305203,30.13246999205758
82,83.676259857063,42.432728112536665,2,2,1,114.92040650815221,27.21618700714685
85,48.22573406224226,16.895941224842566,2,1,0,83.05606976561839,29.58871329688789
76,93.70797017793004,58.589210983280346,2,0,0,101.73788750328441,25.5146014911035
85,96.98358147010366,82.28232048695423,6,0,1,121.18938187129697,27.150820926494816
81,130.97809493917808,54.2777529008305,2,0,0,76.50541213989536,24.651095253041095
79,22.633909676621787,44.169632222912995,4,1,1,109.83092194573935,29.668304516168913
72,12.013922532488992,52.65170647576775,2,0,1,105.90962659891379,28.79930387337555
89,51.58571423376229,31.12951094151365,1,1,0,88.23474022560461,30.220714288311882
87,67.45027882452833,84.50733983945753,5,1,1,121.51073403044602,29.02748605877359
75,134.85719568076192,42.319290009966814,3,0,1,120.50283442070796,23.257140215961904
61,263.80798763408995,80.40749342850481,2,0,0,96.85586577209932,14.009600618295504
75,54.637733201127034,21.497129380903456,3,2,1,101.57347100913258,27.268113339943646
67,211.5848022923486,42.473806183786316,5,1,0,93.36121427688342,17.820759885382568
66,13.163427685498716,25.094590552617866,4,0,0,74.60269270015564,27.541828615725066
65,13.755373095790468,50.356157898168284,2,2,1,110.1444781471302,27.312231345210478
89,92.51759925433453,79.68767120437413,2,1,1,116.75250316626845,28.17412003728327
86,60.43623624813614,31.299475962188904,3,2,1,125.03769905854577,29.178188187593197
71,96.36960942586853,37.89047451269833,2,2,1,108.90163075710745,24.381519528706576
73,21.550435085095213,42.389932165002605,3,0,1,101.88684696901682,28.52247824574524
82,38.041523868873476,88.92739704676664,1,2,0,93.39878553991785,29.49792380655633
74,158.61962245242432,47.03567174154057,5,0,1,111.23038236108651,21.869018877378785
87,118.1093960970906,69.91492514894935,4,1,0,102.8538284715725,26.494530195145476
62,122.4159795385936,45.71876904243868,3,2,1,106.32910784594739,21.279201023070318
68,16.113759056836212,56.65158449826485,5,1,1,107.92785842326097,27.79431204715819
77,63.70005565850854,17.69670247557704,2,2,1,110.97881426390447,27.214997217074572
70,68.59526232267991,50.473332316257405,2,0,0,79.42121788622751,25.570236883866002
62,29.982211494408112,52.622214945566824,4,0,0,74.74185226866211,25.900889425279594
74,32.3743569472844,62.6987241734519,1,0,0,94.55651383401042,28.18128215263578
64,38.212291772135856,76.63015551790612,2,2,1,112.03628963862295,25.889385411393206
87,45.151675597656435,79.80611426565092,2,0,1,127.40255482503277,30.142416220117184
67,222.02105116343827,62.70793310122311,4,1,0,90.5242507281437,17.298947441828084
69,65.02411682601749,37.653128711201504,1,2,1,103.65297596450495,25.548794158699124
73,191.89821741210434,40.5994405125876,2,0,0,79.02377454971715,20.005089129394783
81,12.794901543510717,61.12909788275517,3,2,0,90.84197129809658,30.560254922824463
62,109.73492614294653,60.10065135213644,3,0,0,86.3662249550266,21.91325369285267
77,49.20846835335861,80.74454811114592,2,1,1,115.32721875520555,27.939576582332066
66,91.61212178305263,11.112896138176,3,0,1,91.06112190009061,23.61939391084737
65,294.6502770640279,55.69456405384702,3,0,1,110.98679240616008,13.267486146798605
63,109.84304566335787,19.774239694007413,2,0,1,98.92244988680142,22.107847716832108
71,66.03293332634155,12.321813077065839,2,0,1,97.14426334313352,25.898353333682927
61,29.72344997258274,13.169647874086648,1,0,0,74.34639492407152,25.713827501370865
81,51.045971398466016,18.071216038926693,4,0,1,114.03807480988918,28.647701430076697
84,46.61905707822596,52.527309915621565,4,0,1,121.78097900357841,29.469047146088702
84,174.33525990833832,28.338881042033442,2,0,0,86.41157486905674,23.083237004583083
65,53.51194005289345,80.89973880652404,5,0,1,116.30240965293343,25.324402997355328
89,96.83840578977473,44.90714543594634,2,1,0,91.85788086006711,27.95807971051126
89,184.60956558791557,88.64159832310607,4,0,1,125.92602673581526,23.569521720604218
65,38.653556161060656,46.772356511438595,3,0,1,102.67324922353606,26.067322191946968
74,73.44787645415111,69.56932376919258,2,0,0,82.7994164502168,26.127606177292446
80,210.60213629143095,46.366096407253345,3,0,0,86.85394978647084,20.469893185428454
85,55.95310368907263,38.74507185076019,4,0,1,106.54107327463639,29.20234481554637
79,111.69363161164733,68.1902033998695,4,1,0,103.36400152320942,25.215318419417635
72,92.90460920429929,62.057215061092684,4,0,1,108.53049560677094,24.754769539785034
70,60.87484493185173,71.55146282407993,3,0,1,110.41476277625786,25.956257753407414
63,84.67434583425845,39.77870876033456,4,0,0,80.57561631216264,23.36628270828708
80,46.89923878783166,8.316248219160178,4,0,0,78.88392680738525,28.655038060608415
61,74.95185704439116,42.81246018898197,2,1,1,109.30867150878693,23.452407147780445
73,26.612247190608173,56.66162131844293,3,1,1,111.78481215677893,28.269387640469592
86,236.78324635941576,69.79026839925535,2,1,0,94.21535724314477,20.360837682029214
85,181.75775050379735,82.0193938078934,7,0,1,122.9982171418512,22.91211247481013
65,303.7164648724122,46.562228855192224,1,0,0,93.69312319009683,12.81417675637939
85,93.62493867288157,72.32896431436583,1,1,0,96.85909627098131,27.31875306635592
71,110.55515571217333,93.154076731121,2,0,1,121.77524422327541,23.672242214391336
73,196.18627950082345,30.11488775375197,5,0,0,91.65400628340382,19.79068602495883
83,102.9255566381156,40.013670713130345,2,1,1,117.67361119622626,26.45372216809422
73,109.31176488477024,3.9277078944169888,3,1,0,80.34870682841441,24.13441175576149
84,121.19887954692008,39.49813650619924,2,1,0,93.8373409786968,25.740056022653995
78,10.074320433051133,60.31450850042812,2,2,1,108.36321013659959,30.096283978347444
87,215.58436912284162,70.99398847537954,1,1,1,123.69929568764643,21.620781543857923
84,47.29577611274454,62.64798519375717,3,0,1,125.28157699992381,29.435211194362772
77,281.01116807770745,11.740309570448028,4,0,0,95.17389378563973,16.349441596114623
82,28.835720315578456,27.216437234671876,2,0,1,117.51225878560905,29.95821398422108
86,60.6562842554753,37.781617681265345,2,0,0,82.94739505615254,29.167185787226238
76,172.66784550963789,54.803130530051384,7,1,1,108.30727821072186,21.566607724518107
71,60.68978308619506,90.34562449829035,3,0,1,115.85672690279546,26.16551084569025
62,18.999156318860024,23.570056869842496,3,0,0,72.11986312602937,26.450042184056997
64,48.24071272941779,15.86820703866428,2,0,0,72.13402393190005,25.38796436352911
81,72.43967433091547,71.92155583302457,3,0,1,119.17400119521135,27.578016283454225
68,62.527225848759315,36.72222169750745,3,0,0,82.96129702067219,25.473638707562035
88,88.24162743398858,24.966047361302067,5,0,1,115.31782105708984,28.187918628300572
87,5.178150308044497,63.6096834038569,3,1,1,123.35092683004345,32.14109248459778
80,89.80122262833778,39.22890628384057,2,0,0,83.26217582259932,26.50993886858311
81,61.60996927524182,28.205283017077832,2,1,1,106.13000953721051,28.11950153623791
60,124.57446146754158,75.67985578806746,3,0,1,110.13937009704976,20.77127692662292
71,122.9714662715755,44.654320428202176,2,0,0,85.43336009373901,23.051426686421227
63,108.59588281559934,41.480509724079326,3,0,1,106.83095831171354,22.170205859220033
83,67.73660462229081,81.61644455758137,1,1,1,122.2004719262374,28.21316976888546
88,262.5649824382956,47.31705655674519,2,1,0,101.50925790989277,19.47175087808522
62,109.31451595364965,76.75485452377706,2,2,0,93.09704337264743,21.934274202317518
86,41.822438531772036,53.96862569154977,5,0,1,115.64905292140192,30.1088780734114
65,57.40567468114926,80.02415759361308,4,1,1,105.65862840008025,25.129716265942537
60,60.86512313445495,71.79103575992303,2,0,1,114.41826189564644,23.956743843277252
76,80.77963216203659,62.857543263828966,5,2,1,116.13581415312989,26.161018391898175
62,192.88023551105357,59.36801432342844,4,0,0,87.6036508921408,17.75598822444732
78,92.77260642409418,42.77657510423904,4,1,1,113.42257395585767,25.961369678795293
62,146.71148373622958,40.0215823931514,2,0,0,92.292454851073,20.06442581318852
83,181.4319462453385,41.57669610825682,3,1,0,103.63475251893465,22.528402687733077
68,205.01016262447308,80.88883762447733,1,1,1,114.82259957224045,18.349491868776347
77,121.60131113283568,57.2455504677712,6,2,1,117.2199848071211,24.319934443358214
60,41.53808206557152,52.50126773310204,2,0,0,84.65257730454735,24.923095896721424
70,310.84524567408084,65.03254690620787,1,0,0,103.3161366406471,13.457737716295957
85,8.204569091936012,24.89678758641397,3,1,1,105.97289397513873,31.5897715454032
83,131.08144596748215,38.976159964205905,5,0,0,94.86344373227736,25.045927701625892
81,101.77046090959013,9.46766442684978,1,0,0,79.20703341720183,26.11147695452049
87,174.98488268959156,43.9256257245208,2,0,1,116.32511307125627,23.650755865520427
84,99.34360043879987,82.02046941829225,2,1,1,116.86792108202577,26.83281997806001
60,84.25639475186131,71.36402845299553,3,2,1,109.06702519584029,22.787180262406935
78,29.79098762045765,79.19973170705337,5,1,1,122.65253788354661,29.11045061897712
65,186.2866196609788,68.1521190306535,6,0,0,99.50505566627793,18.68566901695106
85,35.627578009164665,44.98089361677666,4,1,1,120.12854226426278,30.218621099541767
80,187.6433504233988,80.93026826026654,4,0,0,98.18075900941433,21.61783247883006
89,104.7706545965027,77.49083512192519,5,0,0,97.18912082061657,27.561467270174862
64,57.392164182665304,74.35770311769045,6,1,0,94.69699186454984,24.930391790866736
77,21.48120298718935,62.782626688578866,3,0,0,85.84644248897949,29.32593985064053
72,24.33462281799234,27.683038156253804,1,0,0,77.41490958476422,28.18326885910038
74,44.902483376922774,71.03380379888866,6,0,1,116.36088673311127,27.55487583115386
79,156.73743143084897,75.86785274857718,4,1,1,126.62334813969356,22.96312842845755
75,209.39250139604533,8.61940845309494,5,0,0,85.94099300418978,19.53037493019773
81,63.14616031575263,43.79002663067158,6,0,0,87.40209832830426,28.042691984212368
87,42.61610777570651,66.33492803567196,2,1,1,123.1391422823988,30.26919461121468
84,100.50662784431181,46.62353021385854,4,2,0,82.95185619465455,26.77466860778441
64,145.5401985375394,12.821086146435071,6,1,0,74.2236934470967,20.52299007312303
78,67.25999732382299,15.039294882415183,5,0,1,100.43471562363233,27.237000133808852
68,123.10536610675452,50.40679135087493,4,1,0,86.04293783189271,22.444731694662273
85,55.86388347823432,37.248952769706705,3,0,1,122.39348625736169,29.206805826088285
79,314.4214104214776,72.74387272159092,3,1,0,104.06476619273677,15.078929478926119
70,210.3958326404251,38.43273097199458,2,1,0,94.78179260599823,18.480208367978744
66,116.59574378737187,37.193664844637695,3,0,0,87.57410338727985,22.370212810631408
78,35.61679871598388,43.80185653132369,2,0,1,109.45584266450614,28.81916006420081
85,78.15954311659128,56.96393339787661,2,2,0,94.59644712034772,28.092022844170437
68,142.99262618711043,72.84605439708965,3,0,0,90.42823128031,21.45036869064448
60,76.62475560666347,25.450200852082272,2,2,1,93.24483253477797,23.168762219666824
81,266.6814329361398,62.05395931215529,2,0,0,95.30618522821636,17.86592835319301
60,72.0856754869892,38.322574027538195,2,1,1,102.76008442870784,23.39571622565054
67,150.18975023225195,16.903133568002655,4,2,1,97.15007789410886,20.8905124883874
77,37.012849036726884,53.59410673413119,4,1,1,125.70236455537363,28.549357548163655
82,81.82959216703823,54.28409735008387,4,0,1,121.50329478995599,27.30852039164809
61,38.502266760572,23.22078616131386,2,1,1,99.74713611223443,25.274886661971404
75,161.88761327612198,65.60719962029435,2,2,0,97.07409975832745,21.9056193361939
66,79.74347322354734,50.41437307095633,2,0,0,88.0059967370796,24.212826338822637
88,287.6098272620151,36.106151120967525,3,1,0,99.98809444615316,18.21950863689925
84,78.01912618221606,39.78642096973522,2,2,0,91.68335286842087,27.899043690889197
60,10.448036644309544,82.38809587573212,5,1,1,110.24736544967884,26.477598167784524
68,41.16618900160584,42.219323130447584,4,2,1,112.9872947291809,26.54169054991971
83,70.33980983942806,46.97257663129142,4,0,0,90.62914284662858,28.0830095080286
71,42.54657584251254,22.10521888240579,3,2,1,108.20556459500068,27.072671207874375
71,97.0993670414223,20.91520595125244,1,2,1,103.09355597556838,24.345031647928888
76,133.9766592203056,67.60464190897365,1,2,0,89.54554984735115,23.501167038984722
76,96.6317308019283,74.35955534496816,3,0,0,89.31906766594572,25.368413459903586
84,88.47788980549959,61.03712508216573,4,0,1,121.39067973664955,27.376105509725022
70,82.50227691476726,44.736006101022014,7,1,0,83.80250755320573,24.874886154261638
78,28.070524403065868,45.94284244510454,4,0,1,108.98789428472634,29.19647377984671
81,51.623156214663915,9.608082570364543,6,0,0,82.62377345077016,28.618842189266804
68,94.57004591458139,45.96326763368859,1,1,1,112.39446296197501,23.871497704270933
69,23.67364305017331,71.77901274017717,3,0,1,115.57041501984165,27.616317847491334
84,182.67173908441063,32.942528875658304,4,2,1,113.00667140378806,22.66641304577947
80,64.97457104751582,4.203647702877858,4,1,1,100.66938913070574,27.75127144762421
70,37.121905865235306,67.49775019355255,2,0,1,116.91161487389472,27.143904706738233
79,49.892939277308976,36.81432560940075,5,0,0,80.63468087898534,28.30535303613455
71,38.909856762707705,76.9712303292238,4,1,0,89.28195093408286,27.254507161864616
66,76.01706989354349,51.634104721896904,3,0,1,116.70367445519985,24.39914650532283
77,140.9001480124582,41.617980277619154,3,0,1,108.0651190091265,23.354992599377088
74,131.0312277046313,10.201092758539351,2,2,0,82.81385752678045,23.248438614768435
65,184.06233097309044,69.0723094825043,2,2,0,96.74436016077394,18.79688345134548
76,84.16932927368399,64.46877982393872,3,1,0,88.9911993948155,25.991533536315803
84,28.20693794543664,50.550039995432826,3,0,1,113.2701710490711,30.389653102728168
64,29.925631834679717,15.728304132402165,3,2,1,99.51928277480013,26.303718408266015
74,116.2040869497439,14.488464652760502,2,1,0,81.75720540690112,23.989795652512804
87,29.093236666367282,29.239431681252785,6,0,1,111.37592096963797,30.94533816668164
75,12.888002583818484,21.262018528039434,3,0,0,74.38849992105735,29.355599870809076
78,17.34965041345819,59.69395444785417,4,2,1,110.11332170969816,29.732517479327093
62,108.5481643903695,74.18138815889287,4,0,0,89.27747895753186,21.972591780481523
62,167.49946032934383,39.46720399488012,3,0,0,87.41591234093312,19.025026983532804
74,95.91165002103263,91.03496803537043,1,2,0,98.58237322743653,25.00441749894837
75,34.35658615102334,76.69040137957619,2,2,1,123.56809416014212,28.282170692448833
67,64.53532210277073,44.410311121380055,3,0,0,82.84804122589941,25.17323389486146
65,263.01740358197895,60.9814597683461,2,2,1,116.59553514455621,14.849129820901052
64,34.04822117402262,44.77990818553811,3,1,0,77.66856978701915,26.09758894129887
74,277.27133583543184,43.277708905249135,7,1,0,95.76196268361402,15.936433208228408
75,65.7901167570148,69.95692405765298,3,2,1,119.56417990249442,26.71049416214926
73,78.58926645742204,55.15939431893537,2,0,0,91.84300513083424,25.6705366771289
80,36.925318470546706,31.396873090762405,3,1,1,118.79969637379523,29.153734076472666
76,57.90294136859796,20.663558318481616,3,2,1,110.53057341494237,27.304852931570103
66,86.0332871737622,7.2906933371562985,3,0,0,68.27562658159026,23.898335641311892
64,105.2809862960303,45.118219259480895,1,1,0,84.066386746016,22.535950685198486
83,49.56221031418996,38.86891761927945,5,0,1,115.73072179027592,29.121889484290502
86,185.78899861033887,85.9132931825608,6,2,0,102.37318610085775,22.910550069483058
84,60.6946683399774,28.558976769733952,1,2,0,83.80969542199622,28.76526658300113
80,64.89662796277682,92.32034672390658,2,0,1,123.49043076228038,27.755168601861158
73,30.89016272305084,44.45926389693252,2,0,1,103.95841637091247,28.055491863847458
67,7.638798095685015,70.47227752701816,1,1,1,112.5324312892393,28.01806009521575
73,114.06025357382985,41.51649901925863,2,0,1,112.25723962579626,23.896987321308508
61,148.4275752963817,86.84692357671103,2,2,0,98.95454719137965,19.778621235180918
74,121.06002839978775,46.91102367528717,4,1,0,95.4548877311355,23.74699858001061
62,85.4405736675696,51.553691246402124,3,1,1,108.56536328257637,23.12797131662152
85,75.02147435903962,67.95685929996756,4,2,0,93.20364415455167,28.248926282048018
63,277.73533657339743,47.92086271894192,3,1,0,91.88800276884697,13.71323317133013
61,87.50569117052498,57.37700732015981,5,0,0,77.15784434919523,22.824715441473753
62,101.82967036858261,55.495747230493194,2,0,1,112.8207380784985,22.30851648157087
82,243.19321775369252,58.479458265311045,3,1,1,109.8234063093252,19.240339112315375
80,116.14359044780329,59.84739948373097,4,0,1,114.651350724117,25.192820477609835
74,113.46342090783614,26.32153706698507,2,0,0,87.51015975431274,24.126828954608193
62,47.19936655739651,88.59166996898291,3,1,1,117.33290195112848,25.040031672130173
68,80.10683000830782,33.5044406733288,1,1,1,108.96600718156164,24.59465849958461
68,61.6295625354482,56.38379666921806,3,0,0,79.14521896050827,25.51852187322759
63,70.86413395978055,60.615070831462944,3,0,1,113.10372481860415,24.056793302010973
79,65.74102697299426,70.44493174856883,1,1,1,115.01524889846858,27.512948651350285
70,56.23296011901549,42.08978429547828,5,2,1,109.98686796116283,26.188351994049224
83,28.84433129446768,29.460375076192495,1,0,0,77.43118107239103,30.157783435276617
85,44.29105907234601,51.413474814601166,2,1,1,114.55784209626309,29.7854470463827
85,141.04991690429358,85.0128920955438,3,0,1,119.22255086366135,24.94750415478532
69,10.169337225214,57.779357981012765,3,2,1,112.42214848221386,28.2915331387393
89,130.62614552481668,42.235514049031316,3,1,0,85.00408622132322,26.268692723759163
69,142.53325714440933,80.65553099872083,2,1,1,114.5768219782048,21.673337142779534
88,234.1351075364999,80.22049195220814,5,1,1,127.83326031406776,20.893244623175008
63,126.68063398286571,45.91663529438391,3,2,0,79.591998217369,21.265968300856716
85,150.57883384183063,89.91516898421096,2,0,1,123.35073196483614,24.471058307908468
76,65.01328155615592,53.39072325090714,4,2,1,107.95753424456844,26.949335922192205
84,60.10415704088439,45.4014106384765,4,0,1,118.92140182604713,28.794792147955782
70,106.00428521150738,53.54186612865399,2,1,1,112.42000154149564,23.69978573942463
86,89.35751018580615,41.47717254462366,3,0,0,91.55498529254501,27.732124490709694
83,198.62208798109896,43.819617736688,5,0,1,112.67126193787142,21.668895600945053
74,84.86858762421691,37.27108085878656,3,2,0,83.15272847441562,25.556570618789156
71,45.884306646876425,36.45247109432812,3,1,0,78.66710440272904,26.90578466765618
84,157.91382932050337,26.328783915780562,3,0,1,117.49712578293283,23.90430853397483
85,90.98080935936406,52.899097861366386,2,2,1,123.58455106154078,27.450959532031796
66,7.415788842543954,60.30696897642829,7,1,1,108.75166819460931,27.829210557872806
83,110.26382522806469,35.985474320815506,2,1,1,110.69495626501151,26.086808738596766
72,103.94707839628235,91.7963935901219,2,1,1,117.49607229366323,24.20264608018588
89,66.72245420669161,43.59507380330331,3,1,1,124.81871443472653,29.463877289665415
62,53.66908236193352,62.302598629963015,2,1,0,91.51238873872433,24.716545881903322
81,113.30132411711548,49.42597522511675,3,0,1,120.83156891042525,25.534933794144223
80,104.63106900901609,52.9665252879519,3,2,1,112.34071687992815,25.768446549549196
73,45.367734437209755,55.001447045170494,4,0,1,115.05778236187294,27.331613278139514
62,36.615113183114026,23.205683441821336,1,0,1,100.97932349892534,25.569244340844296
83,297.7176811172279,28.701828647712784,3,2,0,102.08512090911053,16.714115944138605
88,175.9133402305071,23.84853406093895,1,1,0,88.63450139588639,23.80433298847465
72,64.78006431708366,56.543615098122245,5,0,0,78.66955930449922,26.160996784145816
89,232.92017365936167,40.07048509306513,4,2,1,112.75780139357734,21.153991317031913
65,56.84814164118621,49.69237906044669,2,1,1,108.17113460320088,25.15759291794069
70,307.82928921912986,25.530742451077685,4,1,0,83.48769080120323,13.608535539043507
70,19.89284384156794,74.11707756609361,3,0,1,121.81232755537562,28.0053578079216
63,299.0750104057089,47.20547780168857,2,2,0,99.34372623448286,12.646249479714555
77,138.61702976559405,36.32113449628386,4,1,0,85.89538825647645,23.469148511720295
81,30.957116864307345,39.189792255259064,2,2,1,105.64184124585351,29.652144156784633
61,83.41025646247563,36.37201653615341,2,1,1,100.97731956616056,23.02948717687622
89,32.62731812282948,37.723710309361465,4,0,1,125.89614197828294,31.168634093858522
64,209.9368207778423,26.592617539446668,2,1,0,77.18464202400838,17.303158961107883
87,17.396097206100674,45.625452909886526,3,1,0,79.64832338175147,31.53019513969497
82,177.3433295606443,32.679528967738,1,1,0,95.72998892445052,22.532833521967788
62,81.6751624395812,83.42209726001096,4,0,0,94.51887897050325,23.31624187802094
62,210.15467345594493,69.14738881881158,3,0,0,92.16286909400309,16.89226632720275
80,6.246649572936347,50.83974067686021,2,2,1,123.47156532460595,30.687667521353184
87,85.0160265703293,49.19175899634741,5,1,1,121.51883116996649,28.14919867148354
80,86.83641591666188,59.29568681310603,3,2,0,91.93433713231951,26.658179204166906
69,50.713161916506024,65.02179236324828,1,1,1,111.85902676161959,26.2643419041747
86,69.51890986902814,61.720290773649225,5,0,1,121.89435298743214,28.724054506548597
71,405.20380300974904,58.56335077337603,1,0,0,93.11757751010518,8.93980984951255
86,110.67474022894692,67.30508724778036,3,0,1,118.28446574373454,26.666262988552656
64,197.3259147953279,74.30696795893331,4,0,0,96.25943195086855,17.933704260233604
71,121.01085016337198,84.64094010212958,3,0,1,115.62461820588199,23.149457491831402
82,48.92923742952029,63.38350551664279,4,0,0,92.19130297781258,28.953538128523988
81,285.62629818720325,52.77659690782291,5,2,0,98.67919626717665,16.918685090639837
82,49.832801235162705,67.21731738978005,3,0,0,92.44098056780017,28.908359938241865
82,95.88248838556997,92.49509965370127,5,1,1,137.2761084497206,26.605875580721502
74,115.29618269269248,66.75830891178438,3,2,1,108.16170842767531,24.035190865365376
85,63.665316465469424,69.55147802981728,2,2,1,119.4130065088138,28.816734176726527
81,217.91797316533822,45.608370722321226,5,1,0,94.6113000092414,20.304101341733087
87,8.378771144257271,20.286546071289113,6,0,1,113.5336194779223,31.98106144278714
72,130.1746260907839,44.51695803677791,5,2,0,83.77668944286822,22.891268695460802
62,70.50859997617947,12.110732787372887,6,0,1,99.62338771794614,23.874570001191024
64,168.56315284052437,70.25070098497646,1,0,1,102.33867530475116,19.371842357973783
71,129.63901728270463,73.80898296051929,2,0,0,97.38356364859347,22.71804913586477
65,5.898686696213104,58.3878452300286,4,0,1,107.2479151892364,27.705065665189345
63,14.527337236253057,21.75063552867927,3,1,1,105.86251561585985,26.873633138187348
73,18.207591207681105,51.324396031761054,2,0,1,126.95574471715868,28.689620439615947
74,122.37101441895133,58.340410930103424,1,0,1,108.91125172455104,23.681449279052433
64,216.22090147707777,76.93581951547009,2,1,0,89.38250776130974,16.98895492614611
67,126.76341829779693,84.22950928032326,5,0,0,101.71589179345999,22.06182908511015
61,32.59802424869033,7.367398410384666,1,2,0,70.24675568469202,25.570098787565485
61,98.55560215131382,27.81525997085261,6,0,1,97.60108851182711,22.27221989243431
67,135.41991703768838,62.737421857898,5,0,0,84.87376106743135,21.62900414811558
84,103.38218833742965,97.28931115756683,2,0,1,123.02684589968847,26.63089058312852
84,14.870800419848146,76.67747054904966,2,1,1,121.5686941247284,31.05645997900759
89,102.78007373216387,50.27139710995156,5,1,0,92.9735630829753,27.660996313391802
86,63.51175401395891,61.98396990197346,5,0,1,114.34367772332469,29.024412299302057
70,122.30602913728667,12.737418578507206,2,2,0,73.63898869576506,22.884698543135666
86,46.809471977964904,49.706083748466874,2,0,1,117.4451940459233,29.859526401101757
86,26.19133562876616,46.350735903157,1,0,1,114.51758936306994,30.890433218561697
76,73.59522348138393,76.46792785028792,7,2,0,86.0747173735777,26.520238825930807
85,94.53086143331745,80.91440109168249,4,2,1,128.85705461790474,27.273456928334127
89,76.21647402459544,9.732004868510188,6,1,0,78.22713431711028,28.989176298770225
78,257.4289600125953,26.343892668498174,1,1,0,95.0726770886818,17.728551999370232
65,25.43375940498649,19.764494369877443,3,0,0,73.17076813816473,26.728312029750676
84,71.52419026186725,16.26405002274774,5,0,0,71.86284608942937,28.223790486906637
83,73.70159812422126,7.910033737131164,4,0,0,77.17874789236295,27.914920093788936
83,81.77771552449991,66.68917776877778,2,2,1,123.90556899315786,27.511114223775007
69,276.01348424943814,47.083827259207816,6,0,0,98.36974224029741,14.999325787528093
61,52.77456508339866,18.855742203531246,2,0,0,76.67830390061798,24.56127174583007
85,42.502133026468705,42.54043700542738,2,2,0,93.92697649378294,29.874893348676565
74,26.679641413568977,86.3415027061171,3,2,1,122.05842005948975,28.466017929321552
82,22.478162957600535,37.86293075728512,3,1,0,79.82413795916605,30.276091852119976
81,42.97165525397062,77.25729258243624,3,0,1,109.32245141289575,29.051417237301468
84,55.76978769994992,28.071829304311073,3,1,1,116.23871987313379,29.011510615002503
73,72.55396768276728,75.97000794197756,5,0,0,94.52822228951189,25.97230161586164
84,208.84349876181437,71.45651670739493,3,2,1,119.14448428883594,21.35782506190928
72,31.00887509386338,57.082356159122035,1,0,1,113.07670204841043,27.84955624530683
80,56.327824590373474,93.72813366082303,3,0,0,100.68886479423499,28.183608770481328
76,18.919645492359038,82.28285526237728,3,0,0,91.83576446447755,29.254017725382052
70,65.59417805401702,81.7264706266411,1,0,1,120.96506461734889,25.72029109729915
61,182.66893886278723,54.030698230812476,4,2,0,91.4906827906272,18.06655305686064
88,113.65131383016904,41.181744642681466,4,1,0,94.1363845151464,26.91743430849155
80,27.967698703360767,64.10666429088197,4,0,0,79.76684658584712,29.60161506483196
75,106.45066086685739,40.511524303119586,4,1,0,84.6859589440721,24.67746695665713
61,71.91075531449373,80.66876365017876,4,2,1,120.11526088163052,23.604462234275317
88,183.19453452976697,89.13479109797638,4,2,0,101.63091109149663,23.44027327351165
79,125.41957734399239,45.19981875725201,5,0,0,91.07093341281802,24.52902113280038
67,181.05407840814104,15.256578747419233,2,1,0,81.11259146408722,19.347296079592944
63,69.96456464568486,38.619181411975234,6,0,0,81.28219219936283,24.101771767715757
80,127.51817881206921,48.78122432678353,1,0,1,121.84768795011249,24.62409105939654
86,244.35838285981276,83.26815764117497,1,1,1,122.35832166869618,19.982080857009365
87,125.03321976995672,3.8047383772200427,3,1,1,103.54864106200952,26.14833901150217
86,51.87453953955718,24.293965033861006,3,2,1,122.0934762667473,29.606273023022144
84,57.90491739230183,68.66405504066275,4,1,1,109.00255268020545,28.90475413038491
69,18.245888959309344,42.02579898614546,2,0,1,113.09448049441473,27.887705552034532
82,103.41604776934446,89.72410008141412,2,2,1,120.23019034336738,26.22919761153278
88,146.64299355893272,41.33877741073223,1,0,0,95.54607628434769,25.267850322053366
71,129.3377325011208,81.72125542107882,2,0,1,121.10785298885126,22.73311337494396
65,23.449283466796825,18.3674185158731,1,0,1,102.93475160978942,26.82753582666016
70,28.677132885317274,60.22097115241423,3,0,1,108.04463934627987,27.566143355734138
83,249.91780571907864,23.247789346443373,2,1,1,114.79215738909444,19.104109714046068
64,135.39276241366028,15.089416426431255,4,1,0,81.13745255365292,21.030361879316985
84,104.78581781450006,67.41962338083593,2,0,0,90.8723961649309,26.560709109274995
84,305.88201943734714,21.037773410355374,3,0,0,92.85259407285359,16.505899028132642
79,142.29671313307495,65.14707475051448,2,0,1,116.03701640471797,23.68516434334625
74,50.83323036721386,90.25259713304564,3,2,1,123.45022356549559,27.258338481639306
72,44.75494286777412,28.07558401372704,1,2,1,99.99432843685626,27.162252856611293
64,35.52370090553108,60.30174362499139,4,1,1,99.59707325487462,26.02381495472345
65,206.27328533760965,25.06662809523428,4,0,0,85.57786291637687,17.686335733119517
82,135.16058879765666,29.676077651115396,4,1,0,85.78111537171259,24.64197056011717
80,107.12829391204959,52.43608748584969,3,2,1,116.54052272497577,25.64358530439752
60,15.458926794411362,42.296476936219015,1,1,1,106.76307705565262,26.22705366027943
75,130.12643675876046,52.18297871239923,3,0,0,85.67789611934907,23.493678162061975
76,20.93985878685385,37.15415023359518,2,2,1,106.35121117394107,29.15300706065731
85,20.52821494791573,37.45421795348409,3,1,1,115.42268927075904,30.973589252604214
60,74.15037983736782,88.03155017896151,1,0,0,88.19305338056029,23.29248100813161
76,103.05986840408036,44.995040872493306,2,0,0,81.04293954387009,25.047006579795983
61,68.75307972459926,24.91111900127421,1,0,0,80.81486295178344,23.76234601377004
80,1.5563143005811415,49.8606244323655,2,0,1,114.23416729835267,30.922184284970943
67,44.11742230491973,64.18331462848987,4,0,0,87.70960055290837,26.19412888475401
60,180.91293538864818,37.02425094551248,5,2,1,92.8563266269625,17.95435323056759
61,123.00418771240705,25.00188104925447,2,0,0,79.08452605190392,21.04979061437965
72,114.6959904001539,19.18075514500846,5,1,0,78.02197872209194,23.665200479992304
73,26.461594160767522,22.527809747150755,5,0,0,69.75115828641741,28.276920291961623
62,20.518231792483682,67.90539210093132,4,0,1,117.6402971338471,26.374088410375816
85,142.21273541474025,27.195072481756565,2,1,0,89.56322770681103,24.889363229262987
85,135.13178500831057,26.235936430933915,3,2,0,88.84245379047071,25.24341074958447
83,36.54577846303799,19.959175234584844,4,1,1,111.38989406381977,29.7727110768481
88,53.309062262889164,63.397060324825105,4,0,0,88.10578691704319,29.934546886855543
71,291.39706387494056,61.27511066514623,3,0,0,99.66377232396961,14.630146806252974
78,79.4063252429524,52.691509344861544,2,1,1,119.06932030485608,26.629683737852382
68,111.60935060086948,14.359114744429288,5,1,0,71.00980018341798,23.019532469956527
63,31.447975442161756,27.667657080404425,2,0,1,100.93695763825507,26.027601227891914
64,22.295684338514306,27.882481228296957,4,1,1,109.23348448796965,26.685215783074284
80,59.52774541474961,54.88590219304127,2,0,0,93.46777549014061,28.02361272926252
64,216.09452772828192,58.79211938251032,4,0,0,89.5994000340233,16.995273613585905
71,71.97328377079312,48.3312150040784,4,1,0,92.46824881045,25.601335811460345
72,67.38463681672717,66.56230833337632,4,2,1,114.59429638191678,26.03076815916364
70,182.30063850410076,18.637439220369604,4,0,0,84.50945490524613,19.884968074794962
87,61.85612868148633,38.16219363475767,2,0,1,121.75050436533841,29.30719356592569
89,9.195692376229896,31.03309919951523,4,2,1,117.89131366916772,32.3402153811885
86,67.58373854307287,27.244308698330595,3,0,1,112.78794380159539,28.82081307284636
81,30.297536153514727,37.77808413352135,5,1,1,115.8640237809805,29.685123192324262
81,50.74674015345103,59.971516872320294,2,0,0,88.85254513430066,28.662662992327448
62,119.65689737561749,26.27865205336544,3,0,0,83.43667680815012,21.417155131219126
80,125.94584921798055,52.72538067622333,6,2,0,91.23492158801518,24.70270753910097
70,255.47197398881997,16.51954745001206,2,0,0,96.34668295182797,16.226401300559
87,28.812762410551507,64.75027288440624,2,0,0,90.60991831510086,30.959361879472432
88,73.73300055050022,74.51047849098735,1,1,1,125.68147264234297,28.91334997247499
76,406.3099610981741,45.691132716688365,4,1,0,109.86983088732643,9.884501945091298
69,45.97020880745774,71.46804323066007,1,1,1,115.12763124026053,26.501489559627114
74,64.60749234202866,66.1987115289624,5,0,0,95.04764374787874,26.56962538289857
76,98.62314096574117,21.76299139973484,4,1,1,101.18618392528293,25.268842951712944
71,60.74879444506642,40.06122180879633,7,1,0,91.14184969915952,26.16256027774668
88,68.80950799827833,29.16225938171894,2,2,1,117.8199640828649,29.159524600086083
63,62.275969846466886,52.95624687597541,3,0,1,100.07019062322522,24.486201507676657
66,222.49487592637297,89.27115335628785,3,1,1,119.63812760482413,17.075256203681356
83,96.52807316081956,70.02305967992916,5,2,1,114.86650721797469,26.773596341959024
72,127.72535115932111,40.85518460375312,3,0,1,110.2214177760205,23.01373244203394
83,208.38340430561274,64.74073425983069,2,2,0,93.99426164431125,21.180829784719364
73,33.05106739229501,15.170904016203016,3,0,1,103.13825934510425,27.94744663038525
83,189.71785279302316,56.347223599419685,5,1,1,119.539501395976,22.114107360348843
85,127.3942885522962,3.934086241658463,2,1,0,80.74970916863172,25.63028557238519
70,81.94909727751607,37.78538136220387,3,0,0,82.48691501155949,24.902545136124196
62,16.46520549473468,55.10724089102336,5,1,0,90.5781079281371,26.576739725263266
70,102.82948757932277,32.82919381269683,3,1,0,84.28390867076875,23.858525621033863
74,134.19067043137065,22.37079027495007,3,0,0,92.22271161591706,23.090466478431466
73,144.72915430360655,32.07537657865037,5,0,0,75.23291192938424,22.363542284819673
77,24.876819830454664,69.07727397422589,2,2,1,115.15880528360314,29.156159008477264
65,26.97280489485236,32.889056266438175,3,1,0,89.86789692454232,26.65135975525738
79,223.1069122580163,47.93425871742447,2,1,0,92.67792888913496,19.644654387099184
60,96.92462036049557,10.381360484416255,2,2,1,98.00453587133758,22.153768981975222
76,29.757305929481014,57.515525419989864,3,2,1,112.43092530592052,28.71213470352595
76,165.23522369276657,16.542969153256074,3,0,0,88.73640358040676,21.93823881536167
67,42.679039665462156,47.83160750282766,3,1,0,77.04250787976171,26.26604801672689
77,22.41704049028966,73.53736916286302,2,0,1,124.0039214788638,29.279147975485515
71,68.1099037144567,36.32063414874233,3,1,1,111.26355811614337,25.79450481427717
74,164.90491070739685,22.38847641585191,3,0,0,74.15465781663444,21.554754464630157
63,16.44589724871241,83.909241181429,3,1,1,110.86922247712509,26.777705137564382
63,76.56707135219885,59.948946336102615,2,2,1,109.31635693764129,23.771646432390057
75,34.83837054663723,61.881170664996844,5,0,0,92.41708748095252,28.258081472668138
66,59.21750807624767,71.88129243367229,3,0,0,94.93800171541558,25.23912459618762
76,109.74536489992333,44.216845505661965,3,0,0,84.23708594808133,24.712731755003837
84,99.34809570295948,41.981976100018315,4,0,1,112.57865063369808,26.832595214852027
74,52.815098733997935,47.19728105868112,2,0,0,88.32582244837702,27.159245063300105
76,72.52400169451548,32.3116877394398,2,1,1,114.74580592004523,26.57379991527423
68,186.50243253566353,20.79151184461582,2,0,0,85.93179794742841,19.274878373216822
85,12.663737183607315,69.41161047034335,6,0,1,124.08414817281923,31.366813140819634
60,169.13342686493368,50.539411515957724,5,1,1,115.64465265990552,18.543328656753317
87,101.10915172431542,24.678231178277183,6,0,0,82.86319494736125,27.344542413784232
89,27.87178407682195,50.69324408588701,2,0,1,128.90540944798997,31.406410796158898
79,210.0309236702364,90.42825080503206,4,0,0,89.73697172957941,20.29845381648818
73,24.816501944630247,69.1962158376232,4,0,1,117.15887920902077,28.35917490276849
87,11.622222434885586,64.88689694439329,3,2,1,118.5052851187049,31.818888878255727
72,35.07931070684123,25.970270037471426,3,0,1,106.6842075481323,27.646034464657937
87,182.22770788848374,80.82818158896835,5,0,0,107.61112956704098,23.288614605575816
67,130.87714213355136,44.92547199256543,4,0,0,81.57819524115013,21.85614289332243
61,27.616152453365583,42.85661471329163,4,2,1,101.45292823308033,25.819192377331724
69,74.41451365145994,70.89114133834478,2,0,0,92.84130453400937,25.079274317427004
81,57.28283878725007,69.82743379232883,2,1,1,120.51029964422997,28.335858060637495
66,86.31528040570423,53.42215723354339,2,1,0,87.9982247644989,23.88423597971479
76,146.86859918848646,82.86333405287735,1,1,1,107.19403563264024,22.85657004057568
74,118.64913960495866,15.498156657915324,1,2,1,111.60514212890732,23.867543019752066
71,177.52293489757514,51.51966344854895,3,2,0,91.83724104240169,20.323853255121243
79,100.46727959650579,59.27491625958228,1,2,1,122.49482283875598,25.77663602017471
89,194.19372679007267,98.61918495874635,4,0,1,132.30297842445333,23.090313660496363
89,31.992074468249026,58.02990106094542,2,0,1,108.651016146394,31.200396276587547
87,157.9417367731376,47.85296982816158,2,1,0,88.48314331998927,24.502913161343127
66,105.78343133588103,80.54683437521646,9,1,0,96.75920091466335,22.91082843320595
85,67.61852206981564,13.7233399986052,5,2,0,76.64659652104282,28.619073896509217
85,97.6818996824287,50.258049070341535,2,1,1,111.69338182597573,27.115905015878564
71,110.76951670917185,19.865961365905573,2,2,1,100.39691545023419,23.66152416454141
60,35.965531273988525,10.3577237206443,2,2,1,90.74295384711448,25.201723436300576
81,84.60669914040952,41.081893184475526,2,0,0,80.65684706017126,26.96966504297952
82,387.9331029105435,37.63574794790979,1,0,0,101.681792615357,12.003344854472825
84,23.837530188608312,50.33559458126937,1,0,1,114.72441887889995,30.608123490569586
67,73.43395346921005,90.01439121828267,5,1,1,111.2308038806618,24.728302326539495
61,80.60728910439236,34.9005991078618,2,1,0,81.59703504281447,23.169635544780384
88,48.457291554357155,68.200161376939,3,0,1,122.97953531950152,30.17713542228214
79,128.66272357564887,29.20772823356335,2,1,0,92.02135979202109,24.366863821217557
74,150.96184879499242,10.726345452809273,1,0,0,88.81256475159667,22.25190756025038
61,74.86090414062815,56.53879839082341,3,0,1,104.40021426356111,23.456954792968595
71,13.432104777430768,32.543137930118306,5,2,0,80.85775760614979,28.528394761128464
85,214.6167830673419,53.938116335513385,7,2,0,96.1361988002381,21.269160846632904
77,115.60425893399582,67.57147780034434,4,1,1,118.02743228229187,24.619787053300207
86,58.967935845350524,52.27825273342076,2,1,1,106.22622996557286,29.251603207732476
88,263.58203904747916,65.01154766257186,3,0,0,111.09778255001845,19.420898047626043
66,51.32151263489993,37.31710053019266,2,0,0,76.97667142787621,25.633924368255006
69,172.7111541962228,33.824129655950955,4,0,0,77.24701225994377,20.16444229018886
86,241.71182966089623,51.74595967849096,1,0,0,96.07841060686339,20.11440851695519
61,47.66729381731527,26.393189008653728,5,0,1,93.94666103354238,24.816635309134238
62,47.06270204744889,27.96428785428456,3,0,0,74.01972450958185,25.046864897627554
73,62.14725082763582,12.485624079641674,1,1,0,82.68102629786158,26.492637458618212
86,256.74284290933554,26.582219485269132,1,1,0,96.73545346258668,19.362857854533225
75,239.11310563955897,33.88329173682742,3,1,1,114.8210647902729,18.044344718022053
82,158.8562247307591,71.6362960431797,1,1,1,119.27971461700555,23.457188763462046
72,107.32489395475702,28.658186764937216,4,0,0,73.03643108578368,24.033755302262147
63,51.57094690881795,52.722875955761985,4,1,1,108.24052473226855,25.021452654559106
87,94.56590178138197,13.834333820857506,2,1,0,78.37530071932538,27.671704910930906
82,52.460589660534694,22.06960630337245,2,1,0,82.52214494010126,28.776970516973268
78,7.611348122702159,39.70367145127432,3,2,0,83.67877840214253,30.219432593864894
77,289.9494572036131,32.90392291465266,1,1,0,101.95561392491155,15.902527139819341
80,64.26065405677294,81.3167415075252,2,0,1,119.75688043000439,27.786967297161354
66,56.739626196487016,27.90943868896525,7,1,0,83.21874800445327,25.36301869017565
88,80.76266605323566,24.840777826819114,3,1,1,121.92851312575337,28.561866697338218
73,37.225337203553224,60.129803861832386,1,0,1,113.15457135095262,27.73873313982234
72,58.239319649528376,69.19408916202565,2,0,1,120.5166233625698,26.48803401752358
75,43.539546931839,62.72240934800817,3,0,0,80.16016133147882,27.82302265340805
77,98.14788613995256,41.78849182418756,4,2,0,87.53375180677735,25.49260569300237
79,43.34748085499388,86.38453713844004,3,0,1,122.44585156167442,28.632625957250305
72,201.2787527780255,48.055750054650815,3,0,1,96.63186285922563,19.336062361098723
67,104.67268086064654,51.17854590189961,3,1,1,106.2491387855267,23.16636595696767
63,35.22063426277291,26.174147454459668,6,1,0,65.71762913874791,25.838968286861355
65,136.98495116616454,57.994427303443686,2,2,0,87.88426037962721,21.150752441691772
83,24.65364133457383,45.71989795131885,1,0,1,112.28649381874037,30.36731793327131
87,32.052805602134676,65.13253130237288,1,0,1,120.63886146238005,30.797359719893272
77,97.42607313821593,54.4326539315196,4,0,1,119.4132641047367,25.5286963430892
83,47.22046314061488,59.343070484045924,2,0,1,115.96863627773449,29.238976842969258
76,42.41251019370501,73.4267919021898,1,0,1,120.35712734572991,28.079374490314752
79,72.29394019544215,53.148051480968064,2,1,1,108.45070315335248,27.185302990227893
72,173.07900093158634,86.15878844142894,2,1,1,116.70477319978531,20.74604995342068
81,199.19865046812777,60.44094303409937,4,0,0,93.38687933134646,21.24006747659361
61,56.59018412431386,34.96465143952679,1,2,0,69.74697034916724,24.37049079378431
67,124.68824383877342,61.41539176100588,2,0,0,86.59427235058317,22.16558780806133
85,249.1609117664159,32.02146015243302,5,2,0,101.74543016374618,19.541954411679207
61,10.877081302516082,61.93491192908267,1,0,1,109.15261832735462,26.6561459348742
74,120.77173797500183,15.17613470980309,3,0,1,105.87192810788457,23.761413101249907
64,42.454897584729004,34.33196518790736,2,0,1,106.15005449218961,25.67725512076355
75,253.6095933713045,64.62973230937244,1,2,0,109.98582837284522,17.319520331434774
75,13.357813639845808,61.33536797624455,2,0,0,89.37459588950027,29.33210931800771
73,119.37789054710576,56.93081014222795,3,0,1,113.41495099799556,23.631105472644713
86,116.0575445510371,76.03369283126975,2,2,0,102.54959918328984,26.39712277244815
69,42.52493472421299,67.15574387245816,1,1,1,102.21878935030924,26.67375326378935
87,131.6379024770882,43.52629735664371,2,0,1,114.57096051658972,25.818104876145597
69,54.6624813557935,14.80617419606667,1,0,1,96.4221252715936,26.066875932210326
73,174.9527289208979,5.599382249350344,3,1,0,76.50794298961344,20.852363553955108
82,114.60520972831489,11.541669279124665,3,1,1,117.6227008246789,25.669739513584258
73,108.22972760324336,33.42630443903856,3,2,1,115.85894495941375,24.188513619837835
83,73.47183071494287,85.72916419250583,1,0,1,127.98684623899258,27.92640846425286
62,147.0938430108813,66.91424678545164,3,1,0,85.1893864111815,20.045307849455934
79,129.40023575443237,85.55494390039262,4,1,1,126.16970607212673,24.32998821227838
74,49.02807612825391,37.12460910824158,4,0,1,108.28325832134828,27.348596193587305
87,44.30135404227295,47.447685693317545,3,1,1,130.22573101473495,30.18493229788636
79,29.767853695041236,57.66939836967001,1,0,1,115.75283836096531,29.31160731524794
77,384.8640022681847,12.323646191009846,4,2,0,98.25950651785536,11.156799886590761
85,32.943551555003964,54.7373912870388,7,1,0,89.13413227006053,30.3528224222498
87,64.29919389102781,59.33781541099038,2,1,1,125.89264851599194,29.185040305448616
65,45.46387018112031,19.0174468831498,2,0,0,75.95710734249607,25.726806490943986
86,83.65780373866737,38.97552301369757,3,0,1,112.84842926449608,28.017109813066632
60,232.55800670162844,30.72440226952847,4,1,0,78.23965345534735,15.372099664918577
71,71.93232659857934,11.186671065669913,4,0,0,67.93603618492907,25.603383670071036
86,31.308442986696683,36.647109365611826,2,1,0,84.99865543462364,30.634577850665167
86,95.4846136656871,39.60619843318771,2,1,1,109.83139078086398,27.425769316715648
66,85.45485855699665,69.10862708026535,1,0,1,111.1167018369465,23.92725707215017
86,49.701292331488844,88.18486961247743,1,0,1,132.45270064015213,29.714935383425562
63,118.70567786713349,85.87309663744549,1,1,1,111.64393007460801,21.664716106643326
89,138.87003423695714,7.5384350758925525,5,1,0,81.88493203748547,25.85649828815214
83,14.121590243407125,55.00371007097398,2,0,0,83.75569058127127,30.893920487829647
79,172.43316836367373,87.03472637806054,5,2,0,97.03080410937795,22.178341581816312
82,285.818850610824,46.36376312247888,1,1,1,110.82247121844529,17.109057469458804
76,54.86663086674943,69.74550688531934,3,1,0,85.73743593703402,27.45666845666253
62,139.71498436957367,53.359156016963695,5,0,0,89.53160042421901,20.414250781521314
75,10.02171899894804,35.055751070162195,3,1,0,74.07722382635095,29.498914050052598
74,193.01167578224297,14.174786922382737,2,1,0,77.09759964224574,20.14941621088785
61,40.4636019075283,5.6953512585890405,4,1,1,100.0505185715552,25.17681990462359
64,104.8234142230626,74.2567218125767,2,0,1,105.40000008506019,22.55882928884687
80,57.45973167348312,41.050222716169316,4,0,1,106.66946427164036,28.127013416325845
62,88.26179527039051,24.617609917788823,4,2,0,72.28402863512677,22.986910236480472
88,16.91403531537193,32.80610708803867,2,1,1,116.44477326713805,31.754298234231406
88,6.177743220302609,46.416655106479524,3,1,0,83.67620823048333,32.29111283898487
71,99.33117528034441,66.32683633725165,5,2,0,94.70309828549337,24.23344123598278
87,6.657530587502096,35.889665343016574,1,0,1,121.43941291971029,32.0671234706249
84,174.61756093033142,27.46669101480591,4,0,0,94.9141133491483,23.06912195348343
86,161.56561428504656,33.243078218538244,2,2,0,84.16716151194665,24.121719285747673
88,37.87572820514797,26.213134151293747,3,0,1,118.38429197965755,30.706213589742603
75,125.40961098535972,43.965325670212316,7,0,0,91.83288729193629,23.729519450732013
71,63.128908505486834,72.7851513870064,5,1,0,95.8727466301716,26.04355457472566
80,40.9219612036857,39.095743584753066,2,0,1,112.10126495048124,28.953901939815715
72,115.0207081812811,22.745304569990935,4,1,1,107.58113312617226,23.648964590935943
85,39.717608050700896,83.76344390586277,2,1,1,125.89874578601248,30.014119597464955
81,191.8104849548122,57.991969869592175,5,1,0,91.94366083045924,21.60947575225939
78,107.57178927335976,26.863767482756646,3,2,1,115.7791299801533,25.221410536332012
71,176.78382984875117,32.66366185285515,1,2,0,87.33402582426798,20.360808507562446
71,145.87871208179743,73.6940003431818,3,2,1,121.45787257108776,21.906064395910132
